timestamp,cursor_x,cursor_y,target_id,target_center_x,target_center_y,target_radius,click_event,movement_state
1786100439.664955,728,472,mac_trackPad-block-1-trial-1-target-1,861.0,309.0,30.0,False,Pointer Move (Standard mouse)
1786100439.669353,735,464,mac_trackPad-block-1-trial-1-target-1,861.0,309.0,30.0,False,Pointer Move (Standard mouse)
1786100439.670469,742,458,mac_trackPad-block-1-trial-1-target-1,861.0,309.0,30.0,False,Pointer Move (Standard mouse)
1786100439.679192,750,450,mac_trackPad-block-1-trial-1-target-1,861.0,309.0,30.0,False,Pointer Move (Standard mouse)
1786100439.687385,760,439,mac_trackPad-block-1-trial-1-target-1,861.0,309.0,30.0,False,Pointer Move (Standard mouse)
1786100439.6950772,764,435,mac_trackPad-block-1-trial-1-target-1,861.0,309.0,30.0,False,Pointer Move (Standard mouse)
1786100439.703119,776,418,mac_trackPad-block-1-trial-1-target-1,861.0,309.0,30.0,False,Pointer Move (Standard mouse)
1786100439.711265,779,415,mac_trackPad-block-1-trial-1-target-1,861.0,309.0,30.0,False,Pointer Move (Standard mouse)
1786100439.719674,786,407,mac_trackPad-block-1-trial-1-target-1,861.0,309.0,30.0,False,Pointer Move (Standard mouse)
1786100439.7272298,790,402,mac_trackPad-block-1-trial-1-target-1,861.0,309.0,30.0,False,Pointer Move (Standard mouse)
1786100439.735552,794,396,mac_trackPad-block-1-trial-1-target-1,861.0,309.0,30.0,False,Pointer Move (Standard mouse)
1786100439.743559,804,385,mac_trackPad-block-1-trial-1-target-1,861.0,309.0,30.0,False,Pointer Move (Standard mouse)
1786100439.75193,808,380,mac_trackPad-block-1-trial-1-target-1,861.0,309.0,30.0,False,Pointer Move (Standard mouse)
1786100439.760274,810,377,mac_trackPad-block-1-trial-1-target-1,861.0,309.0,30.0,False,Pointer Move (Standard mouse)
1786100439.767777,815,372,mac_trackPad-block-1-trial-1-target-1,861.0,309.0,30.0,False,Pointer Move (Standard mouse)
1786100439.775784,819,366,mac_trackPad-block-1-trial-1-target-1,861.0,309.0,30.0,False,Pointer Move (Standard mouse)
1786100439.784074,823,362,mac_trackPad-block-1-trial-1-target-1,861.0,309.0,30.0,False,Pointer Move (Standard mouse)
1786100439.792046,829,358,mac_trackPad-block-1-trial-1-target-1,861.0,309.0,30.0,False,Pointer Move (Standard mouse)
1786100439.8002062,832,354,mac_trackPad-block-1-trial-1-target-1,861.0,309.0,30.0,False,Pointer Move (Standard mouse)
1786100439.808148,838,350,mac_trackPad-block-1-trial-1-target-1,861.0,309.0,30.0,False,Pointer Move (Standard mouse)
1786100439.816158,842,346,mac_trackPad-block-1-trial-1-target-1,861.0,309.0,30.0,False,Pointer Move (Standard mouse)
1786100439.8245802,846,342,mac_trackPad-block-1-trial-1-target-1,861.0,309.0,30.0,False,Pointer Move (Standard mouse)
1786100439.8326678,849,339,mac_trackPad-block-1-trial-1-target-1,861.0,309.0,30.0,False,Pointer Move (Standard mouse)
1786100439.8406389,852,337,mac_trackPad-block-1-trial-1-target-1,861.0,309.0,30.0,False,Pointer Move (Standard mouse)
1786100439.8488371,854,334,mac_trackPad-block-1-trial-1-target-1,861.0,309.0,30.0,False,Pointer Move (Standard mouse)
1786100439.856768,855,333,mac_trackPad-block-1-trial-1-target-1,861.0,309.0,30.0,False,Pointer Move (Standard mouse)
1786100439.864841,856,332,mac_trackPad-block-1-trial-1-target-1,861.0,309.0,30.0,False,Pointer Move (Standard mouse)
1786100439.8730502,857,332,mac_trackPad-block-1-trial-1-target-1,861.0,309.0,30.0,False,Pointer Move (Standard mouse)
1786100439.8810859,858,331,mac_trackPad-block-1-trial-1-target-1,861.0,309.0,30.0,False,Pointer Move (Standard mouse)
1786100439.88899,858,331,mac_trackPad-block-1-trial-1-target-1,861.0,309.0,30.0,False,Pointer Move (Standard mouse)
1786100439.8971572,859,330,mac_trackPad-block-1-trial-1-target-1,861.0,309.0,30.0,False,Pointer Move (Standard mouse)
1786100439.905334,859,330,mac_trackPad-block-1-trial-1-target-1,861.0,309.0,30.0,False,Pointer Move (Standard mouse)
1786100439.913633,859,330,mac_trackPad-block-1-trial-1-target-1,861.0,309.0,30.0,False,Pointer Move (Standard mouse)
1786100439.9214349,859,329,mac_trackPad-block-1-trial-1-target-1,861.0,309.0,30.0,False,Pointer Move (Standard mouse)
1786100439.9294899,859,329,mac_trackPad-block-1-trial-1-target-1,861.0,309.0,30.0,False,Pointer Move (Standard mouse)
1786100439.9374468,859,328,mac_trackPad-block-1-trial-1-target-1,861.0,309.0,30.0,False,Pointer Move (Standard mouse)
1786100439.945822,859,326,mac_trackPad-block-1-trial-1-target-1,861.0,309.0,30.0,False,Pointer Move (Standard mouse)
1786100439.95387,859,324,mac_trackPad-block-1-trial-1-target-1,861.0,309.0,30.0,False,Pointer Move (Standard mouse)
1786100439.961822,859,322,mac_trackPad-block-1-trial-1-target-1,861.0,309.0,30.0,False,Pointer Move (Standard mouse)
1786100439.970159,859,320,mac_trackPad-block-1-trial-1-target-1,861.0,309.0,30.0,False,Pointer Move (Standard mouse)
1786100439.978053,859,318,mac_trackPad-block-1-trial-1-target-1,861.0,309.0,30.0,False,Pointer Move (Standard mouse)
1786100439.9860291,859,317,mac_trackPad-block-1-trial-1-target-1,861.0,309.0,30.0,False,Pointer Move (Standard mouse)
1786100439.994446,860,316,mac_trackPad-block-1-trial-1-target-1,861.0,309.0,30.0,False,Pointer Move (Standard mouse)
1786100440.002262,860,315,mac_trackPad-block-1-trial-1-target-1,861.0,309.0,30.0,False,Pointer Move (Standard mouse)
1786100440.010334,860,314,mac_trackPad-block-1-trial-1-target-1,861.0,309.0,30.0,False,Pointer Move (Standard mouse)
1786100440.018311,860,314,mac_trackPad-block-1-trial-1-target-1,861.0,309.0,30.0,False,Pointer Move (Standard mouse)
1786100440.0266519,860,314,mac_trackPad-block-1-trial-1-target-1,861.0,309.0,30.0,False,Pointer Move (Standard mouse)
1786100440.114913,860,314,mac_trackPad-block-1-trial-1-target-1,861.0,309.0,30.0,target_selected,target_selected
1786100440.366567,860,314,mac_trackPad-block-1-trial-2-target-5,579.0,591.0,30.0,False,Pointer Move (Standard mouse)
1786100440.3744352,860,317,mac_trackPad-block-1-trial-2-target-5,579.0,591.0,30.0,False,Pointer Move (Standard mouse)
1786100440.3825011,857,321,mac_trackPad-block-1-trial-2-target-5,579.0,591.0,30.0,False,Pointer Move (Standard mouse)
1786100440.39055,850,331,mac_trackPad-block-1-trial-2-target-5,579.0,591.0,30.0,False,Pointer Move (Standard mouse)
1786100440.398632,841,342,mac_trackPad-block-1-trial-2-target-5,579.0,591.0,30.0,False,Pointer Move (Standard mouse)
1786100440.40671,816,371,mac_trackPad-block-1-trial-2-target-5,579.0,591.0,30.0,False,Pointer Move (Standard mouse)
1786100440.4147468,799,395,mac_trackPad-block-1-trial-2-target-5,579.0,591.0,30.0,False,Pointer Move (Standard mouse)
1786100440.4233541,776,420,mac_trackPad-block-1-trial-2-target-5,579.0,591.0,30.0,False,Pointer Move (Standard mouse)
1786100440.4310982,752,449,mac_trackPad-block-1-trial-2-target-5,579.0,591.0,30.0,False,Pointer Move (Standard mouse)
1786100440.438887,728,478,mac_trackPad-block-1-trial-2-target-5,579.0,591.0,30.0,False,Pointer Move (Standard mouse)
1786100440.4474418,718,489,mac_trackPad-block-1-trial-2-target-5,579.0,591.0,30.0,False,Pointer Move (Standard mouse)
1786100440.455394,694,519,mac_trackPad-block-1-trial-2-target-5,579.0,591.0,30.0,False,Pointer Move (Standard mouse)
1786100440.463354,675,540,mac_trackPad-block-1-trial-2-target-5,579.0,591.0,30.0,False,Pointer Move (Standard mouse)
1786100440.4713862,655,561,mac_trackPad-block-1-trial-2-target-5,579.0,591.0,30.0,False,Pointer Move (Standard mouse)
1786100440.479458,653,566,mac_trackPad-block-1-trial-2-target-5,579.0,591.0,30.0,False,Pointer Move (Standard mouse)
1786100440.487435,638,581,mac_trackPad-block-1-trial-2-target-5,579.0,591.0,30.0,False,Pointer Move (Standard mouse)
1786100440.495532,629,589,mac_trackPad-block-1-trial-2-target-5,579.0,591.0,30.0,False,Pointer Move (Standard mouse)
1786100440.503707,623,596,mac_trackPad-block-1-trial-2-target-5,579.0,591.0,30.0,False,Pointer Move (Standard mouse)
1786100440.51177,618,600,mac_trackPad-block-1-trial-2-target-5,579.0,591.0,30.0,False,Pointer Move (Standard mouse)
1786100440.5200179,615,602,mac_trackPad-block-1-trial-2-target-5,579.0,591.0,30.0,False,Pointer Move (Standard mouse)
1786100440.528099,613,604,mac_trackPad-block-1-trial-2-target-5,579.0,591.0,30.0,False,Pointer Move (Standard mouse)
1786100440.536252,612,605,mac_trackPad-block-1-trial-2-target-5,579.0,591.0,30.0,False,Pointer Move (Standard mouse)
1786100440.544202,611,605,mac_trackPad-block-1-trial-2-target-5,579.0,591.0,30.0,False,Pointer Move (Standard mouse)
1786100440.552154,610,606,mac_trackPad-block-1-trial-2-target-5,579.0,591.0,30.0,False,Pointer Move (Standard mouse)
1786100440.5603561,610,606,mac_trackPad-block-1-trial-2-target-5,579.0,591.0,30.0,False,Pointer Move (Standard mouse)
1786100440.568576,610,607,mac_trackPad-block-1-trial-2-target-5,579.0,591.0,30.0,False,Pointer Move (Standard mouse)
1786100440.576687,609,607,mac_trackPad-block-1-trial-2-target-5,579.0,591.0,30.0,False,Pointer Move (Standard mouse)
1786100440.592675,609,607,mac_trackPad-block-1-trial-2-target-5,579.0,591.0,30.0,False,Pointer Move (Standard mouse)
1786100440.616957,609,607,mac_trackPad-block-1-trial-2-target-5,579.0,591.0,30.0,False,Pointer Move (Standard mouse)
1786100440.6413708,608,607,mac_trackPad-block-1-trial-2-target-5,579.0,591.0,30.0,False,Pointer Move (Standard mouse)
1786100440.657461,608,607,mac_trackPad-block-1-trial-2-target-5,579.0,591.0,30.0,False,Pointer Move (Standard mouse)
1786100440.698115,608,607,mac_trackPad-block-1-trial-2-target-5,579.0,591.0,30.0,False,Pointer Move (Standard mouse)
1786100440.706157,608,606,mac_trackPad-block-1-trial-2-target-5,579.0,591.0,30.0,False,Pointer Move (Standard mouse)
1786100440.7140281,608,605,mac_trackPad-block-1-trial-2-target-5,579.0,591.0,30.0,False,Pointer Move (Standard mouse)
1786100440.722235,608,604,mac_trackPad-block-1-trial-2-target-5,579.0,591.0,30.0,False,Pointer Move (Standard mouse)
1786100440.730232,608,603,mac_trackPad-block-1-trial-2-target-5,579.0,591.0,30.0,False,Pointer Move (Standard mouse)
1786100440.738285,608,602,mac_trackPad-block-1-trial-2-target-5,579.0,591.0,30.0,False,Pointer Move (Standard mouse)
1786100440.7462342,608,602,mac_trackPad-block-1-trial-2-target-5,579.0,591.0,30.0,False,Pointer Move (Standard mouse)
1786100440.754602,607,601,mac_trackPad-block-1-trial-2-target-5,579.0,591.0,30.0,False,Pointer Move (Standard mouse)
1786100440.7625759,607,600,mac_trackPad-block-1-trial-2-target-5,579.0,591.0,30.0,False,Pointer Move (Standard mouse)
1786100440.77028,606,600,mac_trackPad-block-1-trial-2-target-5,579.0,591.0,30.0,False,Pointer Move (Standard mouse)
1786100440.778642,606,599,mac_trackPad-block-1-trial-2-target-5,579.0,591.0,30.0,False,Pointer Move (Standard mouse)
1786100440.7867332,605,599,mac_trackPad-block-1-trial-2-target-5,579.0,591.0,30.0,False,Pointer Move (Standard mouse)
1786100440.79483,605,599,mac_trackPad-block-1-trial-2-target-5,579.0,591.0,30.0,False,Pointer Move (Standard mouse)
1786100440.802965,604,598,mac_trackPad-block-1-trial-2-target-5,579.0,591.0,30.0,False,Pointer Move (Standard mouse)
1786100440.8110578,604,598,mac_trackPad-block-1-trial-2-target-5,579.0,591.0,30.0,False,Pointer Move (Standard mouse)
1786100440.819155,603,598,mac_trackPad-block-1-trial-2-target-5,579.0,591.0,30.0,False,Pointer Move (Standard mouse)
1786100440.827369,602,598,mac_trackPad-block-1-trial-2-target-5,579.0,591.0,30.0,False,Pointer Move (Standard mouse)
1786100440.835357,602,597,mac_trackPad-block-1-trial-2-target-5,579.0,591.0,30.0,False,Pointer Move (Standard mouse)
1786100440.843605,601,597,mac_trackPad-block-1-trial-2-target-5,579.0,591.0,30.0,False,Pointer Move (Standard mouse)
1786100440.851559,600,597,mac_trackPad-block-1-trial-2-target-5,579.0,591.0,30.0,False,Pointer Move (Standard mouse)
1786100440.880497,600,597,mac_trackPad-block-1-trial-2-target-5,579.0,591.0,30.0,target_selected,target_selected
1786100440.9052448,600,597,mac_trackPad-block-1-trial-3-target-1,861.0,309.0,30.0,False,Pointer Move (Standard mouse)
1786100441.110618,600,597,mac_trackPad-block-1-trial-3-target-1,861.0,309.0,30.0,False,Pointer Move (Standard mouse)
1786100441.118508,606,592,mac_trackPad-block-1-trial-3-target-1,861.0,309.0,30.0,False,Pointer Move (Standard mouse)
1786100441.126664,610,589,mac_trackPad-block-1-trial-3-target-1,861.0,309.0,30.0,False,Pointer Move (Standard mouse)
1786100441.134517,618,580,mac_trackPad-block-1-trial-3-target-1,861.0,309.0,30.0,False,Pointer Move (Standard mouse)
1786100441.143185,629,569,mac_trackPad-block-1-trial-3-target-1,861.0,309.0,30.0,False,Pointer Move (Standard mouse)
1786100441.150864,640,559,mac_trackPad-block-1-trial-3-target-1,861.0,309.0,30.0,False,Pointer Move (Standard mouse)
1786100441.158744,656,541,mac_trackPad-block-1-trial-3-target-1,861.0,309.0,30.0,False,Pointer Move (Standard mouse)
1786100441.16685,674,525,mac_trackPad-block-1-trial-3-target-1,861.0,309.0,30.0,False,Pointer Move (Standard mouse)
1786100441.175009,690,507,mac_trackPad-block-1-trial-3-target-1,861.0,309.0,30.0,False,Pointer Move (Standard mouse)
1786100441.183265,723,471,mac_trackPad-block-1-trial-3-target-1,861.0,309.0,30.0,False,Pointer Move (Standard mouse)
1786100441.191007,742,450,mac_trackPad-block-1-trial-3-target-1,861.0,309.0,30.0,False,Pointer Move (Standard mouse)
1786100441.199187,751,439,mac_trackPad-block-1-trial-3-target-1,861.0,309.0,30.0,False,Pointer Move (Standard mouse)
1786100441.20753,768,416,mac_trackPad-block-1-trial-3-target-1,861.0,309.0,30.0,False,Pointer Move (Standard mouse)
1786100441.215648,787,394,mac_trackPad-block-1-trial-3-target-1,861.0,309.0,30.0,False,Pointer Move (Standard mouse)
1786100441.223657,803,376,mac_trackPad-block-1-trial-3-target-1,861.0,309.0,30.0,False,Pointer Move (Standard mouse)
1786100441.231544,824,351,mac_trackPad-block-1-trial-3-target-1,861.0,309.0,30.0,False,Pointer Move (Standard mouse)
1786100441.2398221,840,333,mac_trackPad-block-1-trial-3-target-1,861.0,309.0,30.0,False,Pointer Move (Standard mouse)
1786100441.2481291,852,320,mac_trackPad-block-1-trial-3-target-1,861.0,309.0,30.0,False,Pointer Move (Standard mouse)
1786100441.255904,855,316,mac_trackPad-block-1-trial-3-target-1,861.0,309.0,30.0,False,Pointer Move (Standard mouse)
1786100441.2640178,865,305,mac_trackPad-block-1-trial-3-target-1,861.0,309.0,30.0,False,Pointer Move (Standard mouse)
1786100441.272227,871,297,mac_trackPad-block-1-trial-3-target-1,861.0,309.0,30.0,False,Pointer Move (Standard mouse)
1786100441.280019,875,294,mac_trackPad-block-1-trial-3-target-1,861.0,309.0,30.0,False,Pointer Move (Standard mouse)
1786100441.288176,878,290,mac_trackPad-block-1-trial-3-target-1,861.0,309.0,30.0,False,Pointer Move (Standard mouse)
1786100441.2961159,880,287,mac_trackPad-block-1-trial-3-target-1,861.0,309.0,30.0,False,Pointer Move (Standard mouse)
1786100441.304299,881,286,mac_trackPad-block-1-trial-3-target-1,861.0,309.0,30.0,False,Pointer Move (Standard mouse)
1786100441.312196,882,285,mac_trackPad-block-1-trial-3-target-1,861.0,309.0,30.0,False,Pointer Move (Standard mouse)
1786100441.320462,882,285,mac_trackPad-block-1-trial-3-target-1,861.0,309.0,30.0,False,Pointer Move (Standard mouse)
1786100441.328865,882,284,mac_trackPad-block-1-trial-3-target-1,861.0,309.0,30.0,False,Pointer Move (Standard mouse)
1786100441.35286,882,284,mac_trackPad-block-1-trial-3-target-1,861.0,309.0,30.0,False,Pointer Move (Standard mouse)
1786100441.457899,882,284,mac_trackPad-block-1-trial-3-target-1,861.0,309.0,30.0,False,Pointer Move (Standard mouse)
1786100441.465945,882,285,mac_trackPad-block-1-trial-3-target-1,861.0,309.0,30.0,False,Pointer Move (Standard mouse)
1786100441.482214,882,285,mac_trackPad-block-1-trial-3-target-1,861.0,309.0,30.0,False,Pointer Move (Standard mouse)
1786100441.490474,882,285,mac_trackPad-block-1-trial-3-target-1,861.0,309.0,30.0,False,Pointer Move (Standard mouse)
1786100441.4982588,882,286,mac_trackPad-block-1-trial-3-target-1,861.0,309.0,30.0,False,Pointer Move (Standard mouse)
1786100441.506361,882,286,mac_trackPad-block-1-trial-3-target-1,861.0,309.0,30.0,False,Pointer Move (Standard mouse)
1786100441.514603,881,286,mac_trackPad-block-1-trial-3-target-1,861.0,309.0,30.0,False,Pointer Move (Standard mouse)
1786100441.5477152,881,287,mac_trackPad-block-1-trial-3-target-1,861.0,309.0,30.0,False,Pointer Move (Standard mouse)
1786100441.78977,881,287,mac_trackPad-block-1-trial-3-target-1,861.0,309.0,30.0,False,Pointer Move (Standard mouse)
1786100441.7980108,880,289,mac_trackPad-block-1-trial-3-target-1,861.0,309.0,30.0,False,Pointer Move (Standard mouse)
1786100441.805679,878,294,mac_trackPad-block-1-trial-3-target-1,861.0,309.0,30.0,False,Pointer Move (Standard mouse)
1786100441.813765,874,298,mac_trackPad-block-1-trial-3-target-1,861.0,309.0,30.0,False,Pointer Move (Standard mouse)
1786100441.8218172,870,304,mac_trackPad-block-1-trial-3-target-1,861.0,309.0,30.0,False,Pointer Move (Standard mouse)
1786100441.830131,870,306,mac_trackPad-block-1-trial-3-target-1,861.0,309.0,30.0,False,Pointer Move (Standard mouse)
1786100441.838227,867,310,mac_trackPad-block-1-trial-3-target-1,861.0,309.0,30.0,False,Pointer Move (Standard mouse)
1786100441.846066,864,314,mac_trackPad-block-1-trial-3-target-1,861.0,309.0,30.0,False,Pointer Move (Standard mouse)
1786100441.854191,862,319,mac_trackPad-block-1-trial-3-target-1,861.0,309.0,30.0,False,Pointer Move (Standard mouse)
1786100441.8623161,861,321,mac_trackPad-block-1-trial-3-target-1,861.0,309.0,30.0,False,Pointer Move (Standard mouse)
1786100441.8703759,860,321,mac_trackPad-block-1-trial-3-target-1,861.0,309.0,30.0,False,Pointer Move (Standard mouse)
1786100441.8783,860,322,mac_trackPad-block-1-trial-3-target-1,861.0,309.0,30.0,False,Pointer Move (Standard mouse)
1786100441.894746,860,322,mac_trackPad-block-1-trial-3-target-1,861.0,309.0,30.0,False,Pointer Move (Standard mouse)
1786100441.9838002,860,322,mac_trackPad-block-1-trial-3-target-1,861.0,309.0,30.0,False,Pointer Move (Standard mouse)
1786100441.991947,860,322,mac_trackPad-block-1-trial-3-target-1,861.0,309.0,30.0,False,Pointer Move (Standard mouse)
1786100441.9998322,860,321,mac_trackPad-block-1-trial-3-target-1,861.0,309.0,30.0,False,Pointer Move (Standard mouse)
1786100442.0086458,860,320,mac_trackPad-block-1-trial-3-target-1,861.0,309.0,30.0,False,Pointer Move (Standard mouse)
1786100442.0160582,860,319,mac_trackPad-block-1-trial-3-target-1,861.0,309.0,30.0,False,Pointer Move (Standard mouse)
1786100442.024195,860,319,mac_trackPad-block-1-trial-3-target-1,861.0,309.0,30.0,False,Pointer Move (Standard mouse)
1786100442.032116,860,318,mac_trackPad-block-1-trial-3-target-1,861.0,309.0,30.0,False,Pointer Move (Standard mouse)
1786100442.040328,860,317,mac_trackPad-block-1-trial-3-target-1,861.0,309.0,30.0,False,Pointer Move (Standard mouse)
1786100442.0482728,860,316,mac_trackPad-block-1-trial-3-target-1,861.0,309.0,30.0,False,Pointer Move (Standard mouse)
1786100442.056531,860,315,mac_trackPad-block-1-trial-3-target-1,861.0,309.0,30.0,False,Pointer Move (Standard mouse)
1786100442.064586,861,314,mac_trackPad-block-1-trial-3-target-1,861.0,309.0,30.0,False,Pointer Move (Standard mouse)
1786100442.0724769,861,313,mac_trackPad-block-1-trial-3-target-1,861.0,309.0,30.0,False,Pointer Move (Standard mouse)
1786100442.0981371,861,313,mac_trackPad-block-1-trial-3-target-1,861.0,309.0,30.0,target_selected,target_selected
1786100442.131646,861,312,mac_trackPad-block-1-trial-4-target-5,579.0,591.0,30.0,False,Pointer Move (Standard mouse)
1786100442.371843,861,313,mac_trackPad-block-1-trial-4-target-5,579.0,591.0,30.0,False,Pointer Move (Standard mouse)
1786100442.3799748,860,316,mac_trackPad-block-1-trial-4-target-5,579.0,591.0,30.0,False,Pointer Move (Standard mouse)
1786100442.388166,854,323,mac_trackPad-block-1-trial-4-target-5,579.0,591.0,30.0,False,Pointer Move (Standard mouse)
1786100442.396116,847,332,mac_trackPad-block-1-trial-4-target-5,579.0,591.0,30.0,False,Pointer Move (Standard mouse)
1786100442.404198,838,343,mac_trackPad-block-1-trial-4-target-5,579.0,591.0,30.0,False,Pointer Move (Standard mouse)
1786100442.4127018,815,368,mac_trackPad-block-1-trial-4-target-5,579.0,591.0,30.0,False,Pointer Move (Standard mouse)
1786100442.420516,792,391,mac_trackPad-block-1-trial-4-target-5,579.0,591.0,30.0,False,Pointer Move (Standard mouse)
1786100442.42875,769,414,mac_trackPad-block-1-trial-4-target-5,579.0,591.0,30.0,False,Pointer Move (Standard mouse)
1786100442.4367518,760,425,mac_trackPad-block-1-trial-4-target-5,579.0,591.0,30.0,False,Pointer Move (Standard mouse)
1786100442.444622,737,450,mac_trackPad-block-1-trial-4-target-5,579.0,591.0,30.0,False,Pointer Move (Standard mouse)
1786100442.452673,719,468,mac_trackPad-block-1-trial-4-target-5,579.0,591.0,30.0,False,Pointer Move (Standard mouse)
1786100442.4609668,696,491,mac_trackPad-block-1-trial-4-target-5,579.0,591.0,30.0,False,Pointer Move (Standard mouse)
1786100442.468946,680,509,mac_trackPad-block-1-trial-4-target-5,579.0,591.0,30.0,False,Pointer Move (Standard mouse)
1786100442.476835,662,525,mac_trackPad-block-1-trial-4-target-5,579.0,591.0,30.0,False,Pointer Move (Standard mouse)
1786100442.485216,649,537,mac_trackPad-block-1-trial-4-target-5,579.0,591.0,30.0,False,Pointer Move (Standard mouse)
1786100442.493043,645,541,mac_trackPad-block-1-trial-4-target-5,579.0,591.0,30.0,False,Pointer Move (Standard mouse)
1786100442.501315,634,550,mac_trackPad-block-1-trial-4-target-5,579.0,591.0,30.0,False,Pointer Move (Standard mouse)
1786100442.5093079,628,557,mac_trackPad-block-1-trial-4-target-5,579.0,591.0,30.0,False,Pointer Move (Standard mouse)
1786100442.51774,622,562,mac_trackPad-block-1-trial-4-target-5,579.0,591.0,30.0,False,Pointer Move (Standard mouse)
1786100442.525415,617,566,mac_trackPad-block-1-trial-4-target-5,579.0,591.0,30.0,False,Pointer Move (Standard mouse)
1786100442.534067,614,569,mac_trackPad-block-1-trial-4-target-5,579.0,591.0,30.0,False,Pointer Move (Standard mouse)
1786100442.541837,612,570,mac_trackPad-block-1-trial-4-target-5,579.0,591.0,30.0,False,Pointer Move (Standard mouse)
1786100442.5498931,611,571,mac_trackPad-block-1-trial-4-target-5,579.0,591.0,30.0,False,Pointer Move (Standard mouse)
1786100442.558126,610,572,mac_trackPad-block-1-trial-4-target-5,579.0,591.0,30.0,False,Pointer Move (Standard mouse)
1786100442.565849,610,572,mac_trackPad-block-1-trial-4-target-5,579.0,591.0,30.0,False,Pointer Move (Standard mouse)
1786100442.5739148,609,573,mac_trackPad-block-1-trial-4-target-5,579.0,591.0,30.0,False,Pointer Move (Standard mouse)
1786100442.582072,609,573,mac_trackPad-block-1-trial-4-target-5,579.0,591.0,30.0,False,Pointer Move (Standard mouse)
1786100442.590338,609,574,mac_trackPad-block-1-trial-4-target-5,579.0,591.0,30.0,False,Pointer Move (Standard mouse)
1786100442.5980842,609,574,mac_trackPad-block-1-trial-4-target-5,579.0,591.0,30.0,False,Pointer Move (Standard mouse)
1786100442.606247,609,574,mac_trackPad-block-1-trial-4-target-5,579.0,591.0,30.0,False,Pointer Move (Standard mouse)
1786100442.614228,608,574,mac_trackPad-block-1-trial-4-target-5,579.0,591.0,30.0,False,Pointer Move (Standard mouse)
1786100442.638706,608,574,mac_trackPad-block-1-trial-4-target-5,579.0,591.0,30.0,False,Pointer Move (Standard mouse)
1786100442.646624,608,574,mac_trackPad-block-1-trial-4-target-5,579.0,591.0,30.0,False,Pointer Move (Standard mouse)
1786100442.671117,608,574,mac_trackPad-block-1-trial-4-target-5,579.0,591.0,30.0,False,Pointer Move (Standard mouse)
1786100442.6959832,607,575,mac_trackPad-block-1-trial-4-target-5,579.0,591.0,30.0,False,Pointer Move (Standard mouse)
1786100442.711545,607,575,mac_trackPad-block-1-trial-4-target-5,579.0,591.0,30.0,False,Pointer Move (Standard mouse)
1786100442.719511,607,575,mac_trackPad-block-1-trial-4-target-5,579.0,591.0,30.0,False,Pointer Move (Standard mouse)
1786100442.727584,607,575,mac_trackPad-block-1-trial-4-target-5,579.0,591.0,30.0,False,Pointer Move (Standard mouse)
1786100442.7356951,606,576,mac_trackPad-block-1-trial-4-target-5,579.0,591.0,30.0,False,Pointer Move (Standard mouse)
1786100442.7437,605,576,mac_trackPad-block-1-trial-4-target-5,579.0,591.0,30.0,False,Pointer Move (Standard mouse)
1786100442.751789,604,577,mac_trackPad-block-1-trial-4-target-5,579.0,591.0,30.0,False,Pointer Move (Standard mouse)
1786100442.7597382,602,578,mac_trackPad-block-1-trial-4-target-5,579.0,591.0,30.0,False,Pointer Move (Standard mouse)
1786100442.7677739,600,579,mac_trackPad-block-1-trial-4-target-5,579.0,591.0,30.0,False,Pointer Move (Standard mouse)
1786100442.776085,598,581,mac_trackPad-block-1-trial-4-target-5,579.0,591.0,30.0,False,Pointer Move (Standard mouse)
1786100442.784235,596,582,mac_trackPad-block-1-trial-4-target-5,579.0,591.0,30.0,False,Pointer Move (Standard mouse)
1786100442.792201,594,583,mac_trackPad-block-1-trial-4-target-5,579.0,591.0,30.0,False,Pointer Move (Standard mouse)
1786100442.800344,592,585,mac_trackPad-block-1-trial-4-target-5,579.0,591.0,30.0,False,Pointer Move (Standard mouse)
1786100442.808358,591,586,mac_trackPad-block-1-trial-4-target-5,579.0,591.0,30.0,False,Pointer Move (Standard mouse)
1786100442.816451,590,586,mac_trackPad-block-1-trial-4-target-5,579.0,591.0,30.0,False,Pointer Move (Standard mouse)
1786100442.8245382,589,587,mac_trackPad-block-1-trial-4-target-5,579.0,591.0,30.0,False,Pointer Move (Standard mouse)
1786100442.83263,588,587,mac_trackPad-block-1-trial-4-target-5,579.0,591.0,30.0,False,Pointer Move (Standard mouse)
1786100442.8406668,587,588,mac_trackPad-block-1-trial-4-target-5,579.0,591.0,30.0,False,Pointer Move (Standard mouse)
1786100442.848892,587,588,mac_trackPad-block-1-trial-4-target-5,579.0,591.0,30.0,False,Pointer Move (Standard mouse)
1786100442.856952,585,588,mac_trackPad-block-1-trial-4-target-5,579.0,591.0,30.0,False,Pointer Move (Standard mouse)
1786100442.864952,585,589,mac_trackPad-block-1-trial-4-target-5,579.0,591.0,30.0,False,Pointer Move (Standard mouse)
1786100442.873028,585,589,mac_trackPad-block-1-trial-4-target-5,579.0,591.0,30.0,False,Pointer Move (Standard mouse)
1786100442.8967738,585,589,mac_trackPad-block-1-trial-4-target-5,579.0,591.0,30.0,target_selected,target_selected
1786100442.91589,585,589,mac_trackPad-block-1-trial-5-target-1,861.0,309.0,30.0,False,Pointer Move (Standard mouse)
1786100443.115833,586,588,mac_trackPad-block-1-trial-5-target-1,861.0,309.0,30.0,False,Pointer Move (Standard mouse)
1786100443.1238909,588,586,mac_trackPad-block-1-trial-5-target-1,861.0,309.0,30.0,False,Pointer Move (Standard mouse)
1786100443.1317592,594,582,mac_trackPad-block-1-trial-5-target-1,861.0,309.0,30.0,False,Pointer Move (Standard mouse)
1786100443.139835,600,575,mac_trackPad-block-1-trial-5-target-1,861.0,309.0,30.0,False,Pointer Move (Standard mouse)
1786100443.148065,607,569,mac_trackPad-block-1-trial-5-target-1,861.0,309.0,30.0,False,Pointer Move (Standard mouse)
1786100443.1561532,618,560,mac_trackPad-block-1-trial-5-target-1,861.0,309.0,30.0,False,Pointer Move (Standard mouse)
1786100443.163978,632,548,mac_trackPad-block-1-trial-5-target-1,861.0,309.0,30.0,False,Pointer Move (Standard mouse)
1786100443.172218,645,536,mac_trackPad-block-1-trial-5-target-1,861.0,309.0,30.0,False,Pointer Move (Standard mouse)
1786100443.180227,657,523,mac_trackPad-block-1-trial-5-target-1,861.0,309.0,30.0,False,Pointer Move (Standard mouse)
1786100443.188482,673,505,mac_trackPad-block-1-trial-5-target-1,861.0,309.0,30.0,False,Pointer Move (Standard mouse)
1786100443.196488,684,494,mac_trackPad-block-1-trial-5-target-1,861.0,309.0,30.0,False,Pointer Move (Standard mouse)
1786100443.204679,696,480,mac_trackPad-block-1-trial-5-target-1,861.0,309.0,30.0,False,Pointer Move (Standard mouse)
1786100443.2126012,706,467,mac_trackPad-block-1-trial-5-target-1,861.0,309.0,30.0,False,Pointer Move (Standard mouse)
1786100443.220976,715,456,mac_trackPad-block-1-trial-5-target-1,861.0,309.0,30.0,False,Pointer Move (Standard mouse)
1786100443.2289898,717,454,mac_trackPad-block-1-trial-5-target-1,861.0,309.0,30.0,False,Pointer Move (Standard mouse)
1786100443.236941,722,446,mac_trackPad-block-1-trial-5-target-1,861.0,309.0,30.0,False,Pointer Move (Standard mouse)
1786100443.24493,727,441,mac_trackPad-block-1-trial-5-target-1,861.0,309.0,30.0,False,Pointer Move (Standard mouse)
1786100443.253099,731,437,mac_trackPad-block-1-trial-5-target-1,861.0,309.0,30.0,False,Pointer Move (Standard mouse)
1786100443.261065,734,433,mac_trackPad-block-1-trial-5-target-1,861.0,309.0,30.0,False,Pointer Move (Standard mouse)
1786100443.269234,735,431,mac_trackPad-block-1-trial-5-target-1,861.0,309.0,30.0,False,Pointer Move (Standard mouse)
1786100443.2772422,737,428,mac_trackPad-block-1-trial-5-target-1,861.0,309.0,30.0,False,Pointer Move (Standard mouse)
1786100443.2853382,739,427,mac_trackPad-block-1-trial-5-target-1,861.0,309.0,30.0,False,Pointer Move (Standard mouse)
1786100443.29329,741,425,mac_trackPad-block-1-trial-5-target-1,861.0,309.0,30.0,False,Pointer Move (Standard mouse)
1786100443.3017862,742,424,mac_trackPad-block-1-trial-5-target-1,861.0,309.0,30.0,False,Pointer Move (Standard mouse)
1786100443.309933,744,422,mac_trackPad-block-1-trial-5-target-1,861.0,309.0,30.0,False,Pointer Move (Standard mouse)
1786100443.317996,747,419,mac_trackPad-block-1-trial-5-target-1,861.0,309.0,30.0,False,Pointer Move (Standard mouse)
1786100443.32581,748,418,mac_trackPad-block-1-trial-5-target-1,861.0,309.0,30.0,False,Pointer Move (Standard mouse)
1786100443.33457,750,417,mac_trackPad-block-1-trial-5-target-1,861.0,309.0,30.0,False,Pointer Move (Standard mouse)
1786100443.3420422,751,416,mac_trackPad-block-1-trial-5-target-1,861.0,309.0,30.0,False,Pointer Move (Standard mouse)
1786100443.349935,752,415,mac_trackPad-block-1-trial-5-target-1,861.0,309.0,30.0,False,Pointer Move (Standard mouse)
1786100443.3580108,752,414,mac_trackPad-block-1-trial-5-target-1,861.0,309.0,30.0,False,Pointer Move (Standard mouse)
1786100443.3661299,753,414,mac_trackPad-block-1-trial-5-target-1,861.0,309.0,30.0,False,Pointer Move (Standard mouse)
1786100443.3741708,754,413,mac_trackPad-block-1-trial-5-target-1,861.0,309.0,30.0,False,Pointer Move (Standard mouse)
1786100443.382425,755,412,mac_trackPad-block-1-trial-5-target-1,861.0,309.0,30.0,False,Pointer Move (Standard mouse)
1786100443.391216,756,412,mac_trackPad-block-1-trial-5-target-1,861.0,309.0,30.0,False,Pointer Move (Standard mouse)
1786100443.398755,757,411,mac_trackPad-block-1-trial-5-target-1,861.0,309.0,30.0,False,Pointer Move (Standard mouse)
1786100443.4070091,758,409,mac_trackPad-block-1-trial-5-target-1,861.0,309.0,30.0,False,Pointer Move (Standard mouse)
1786100443.414957,762,405,mac_trackPad-block-1-trial-5-target-1,861.0,309.0,30.0,False,Pointer Move (Standard mouse)
1786100443.423012,766,401,mac_trackPad-block-1-trial-5-target-1,861.0,309.0,30.0,False,Pointer Move (Standard mouse)
1786100443.4311109,768,399,mac_trackPad-block-1-trial-5-target-1,861.0,309.0,30.0,False,Pointer Move (Standard mouse)
1786100443.439302,771,394,mac_trackPad-block-1-trial-5-target-1,861.0,309.0,30.0,False,Pointer Move (Standard mouse)
1786100443.447217,777,388,mac_trackPad-block-1-trial-5-target-1,861.0,309.0,30.0,False,Pointer Move (Standard mouse)
1786100443.455353,781,384,mac_trackPad-block-1-trial-5-target-1,861.0,309.0,30.0,False,Pointer Move (Standard mouse)
1786100443.463383,786,378,mac_trackPad-block-1-trial-5-target-1,861.0,309.0,30.0,False,Pointer Move (Standard mouse)
1786100443.471772,792,372,mac_trackPad-block-1-trial-5-target-1,861.0,309.0,30.0,False,Pointer Move (Standard mouse)
1786100443.47968,797,368,mac_trackPad-block-1-trial-5-target-1,861.0,309.0,30.0,False,Pointer Move (Standard mouse)
1786100443.487827,801,364,mac_trackPad-block-1-trial-5-target-1,861.0,309.0,30.0,False,Pointer Move (Standard mouse)
1786100443.496196,807,359,mac_trackPad-block-1-trial-5-target-1,861.0,309.0,30.0,False,Pointer Move (Standard mouse)
1786100443.503981,810,356,mac_trackPad-block-1-trial-5-target-1,861.0,309.0,30.0,False,Pointer Move (Standard mouse)
1786100443.512054,814,353,mac_trackPad-block-1-trial-5-target-1,861.0,309.0,30.0,False,Pointer Move (Standard mouse)
1786100443.5199559,818,350,mac_trackPad-block-1-trial-5-target-1,861.0,309.0,30.0,False,Pointer Move (Standard mouse)
1786100443.528148,822,347,mac_trackPad-block-1-trial-5-target-1,861.0,309.0,30.0,False,Pointer Move (Standard mouse)
1786100443.53617,828,341,mac_trackPad-block-1-trial-5-target-1,861.0,309.0,30.0,False,Pointer Move (Standard mouse)
1786100443.54426,834,334,mac_trackPad-block-1-trial-5-target-1,861.0,309.0,30.0,False,Pointer Move (Standard mouse)
1786100443.552334,837,332,mac_trackPad-block-1-trial-5-target-1,861.0,309.0,30.0,False,Pointer Move (Standard mouse)
1786100443.560411,841,328,mac_trackPad-block-1-trial-5-target-1,861.0,309.0,30.0,False,Pointer Move (Standard mouse)
1786100443.568444,844,324,mac_trackPad-block-1-trial-5-target-1,861.0,309.0,30.0,False,Pointer Move (Standard mouse)
1786100443.5765278,847,322,mac_trackPad-block-1-trial-5-target-1,861.0,309.0,30.0,False,Pointer Move (Standard mouse)
1786100443.584757,849,319,mac_trackPad-block-1-trial-5-target-1,861.0,309.0,30.0,False,Pointer Move (Standard mouse)
1786100443.59285,851,317,mac_trackPad-block-1-trial-5-target-1,861.0,309.0,30.0,False,Pointer Move (Standard mouse)
1786100443.601043,852,316,mac_trackPad-block-1-trial-5-target-1,861.0,309.0,30.0,False,Pointer Move (Standard mouse)
1786100443.6103969,853,316,mac_trackPad-block-1-trial-5-target-1,861.0,309.0,30.0,False,Pointer Move (Standard mouse)
1786100443.617072,853,315,mac_trackPad-block-1-trial-5-target-1,861.0,309.0,30.0,False,Pointer Move (Standard mouse)
1786100443.6251562,854,315,mac_trackPad-block-1-trial-5-target-1,861.0,309.0,30.0,False,Pointer Move (Standard mouse)
1786100443.633704,854,315,mac_trackPad-block-1-trial-5-target-1,861.0,309.0,30.0,False,Pointer Move (Standard mouse)
1786100443.69805,854,315,mac_trackPad-block-1-trial-5-target-1,861.0,309.0,30.0,False,Pointer Move (Standard mouse)
1786100443.762913,854,315,mac_trackPad-block-1-trial-5-target-1,861.0,309.0,30.0,False,Pointer Move (Standard mouse)
1786100443.7801018,854,315,mac_trackPad-block-1-trial-5-target-1,861.0,309.0,30.0,target_selected,target_selected
1786100444.0133781,854,316,mac_trackPad-block-1-trial-6-target-5,579.0,591.0,30.0,False,Pointer Move (Standard mouse)
1786100444.02146,851,320,mac_trackPad-block-1-trial-6-target-5,579.0,591.0,30.0,False,Pointer Move (Standard mouse)
1786100444.029275,839,333,mac_trackPad-block-1-trial-6-target-5,579.0,591.0,30.0,False,Pointer Move (Standard mouse)
1786100444.03776,829,344,mac_trackPad-block-1-trial-6-target-5,579.0,591.0,30.0,False,Pointer Move (Standard mouse)
1786100444.045651,809,366,mac_trackPad-block-1-trial-6-target-5,579.0,591.0,30.0,False,Pointer Move (Standard mouse)
1786100444.053853,789,391,mac_trackPad-block-1-trial-6-target-5,579.0,591.0,30.0,False,Pointer Move (Standard mouse)
1786100444.062127,766,416,mac_trackPad-block-1-trial-6-target-5,579.0,591.0,30.0,False,Pointer Move (Standard mouse)
1786100444.069909,756,429,mac_trackPad-block-1-trial-6-target-5,579.0,591.0,30.0,False,Pointer Move (Standard mouse)
1786100444.0782459,735,455,mac_trackPad-block-1-trial-6-target-5,579.0,591.0,30.0,False,Pointer Move (Standard mouse)
1786100444.086001,716,476,mac_trackPad-block-1-trial-6-target-5,579.0,591.0,30.0,False,Pointer Move (Standard mouse)
1786100444.094296,697,497,mac_trackPad-block-1-trial-6-target-5,579.0,591.0,30.0,False,Pointer Move (Standard mouse)
1786100444.1021729,684,514,mac_trackPad-block-1-trial-6-target-5,579.0,591.0,30.0,False,Pointer Move (Standard mouse)
1786100444.109998,669,529,mac_trackPad-block-1-trial-6-target-5,579.0,591.0,30.0,False,Pointer Move (Standard mouse)
1786100444.118491,666,533,mac_trackPad-block-1-trial-6-target-5,579.0,591.0,30.0,False,Pointer Move (Standard mouse)
1786100444.126465,659,542,mac_trackPad-block-1-trial-6-target-5,579.0,591.0,30.0,False,Pointer Move (Standard mouse)
1786100444.134576,652,549,mac_trackPad-block-1-trial-6-target-5,579.0,591.0,30.0,False,Pointer Move (Standard mouse)
1786100444.142772,636,567,mac_trackPad-block-1-trial-6-target-5,579.0,591.0,30.0,False,Pointer Move (Standard mouse)
1786100444.15093,634,569,mac_trackPad-block-1-trial-6-target-5,579.0,591.0,30.0,False,Pointer Move (Standard mouse)
1786100444.1589792,629,573,mac_trackPad-block-1-trial-6-target-5,579.0,591.0,30.0,False,Pointer Move (Standard mouse)
1786100444.166987,624,578,mac_trackPad-block-1-trial-6-target-5,579.0,591.0,30.0,False,Pointer Move (Standard mouse)
1786100444.174918,620,584,mac_trackPad-block-1-trial-6-target-5,579.0,591.0,30.0,False,Pointer Move (Standard mouse)
1786100444.1830158,616,588,mac_trackPad-block-1-trial-6-target-5,579.0,591.0,30.0,False,Pointer Move (Standard mouse)
1786100444.191159,613,592,mac_trackPad-block-1-trial-6-target-5,579.0,591.0,30.0,False,Pointer Move (Standard mouse)
1786100444.199342,611,594,mac_trackPad-block-1-trial-6-target-5,579.0,591.0,30.0,False,Pointer Move (Standard mouse)
1786100444.2073789,608,596,mac_trackPad-block-1-trial-6-target-5,579.0,591.0,30.0,False,Pointer Move (Standard mouse)
1786100444.2153332,607,598,mac_trackPad-block-1-trial-6-target-5,579.0,591.0,30.0,False,Pointer Move (Standard mouse)
1786100444.223468,606,599,mac_trackPad-block-1-trial-6-target-5,579.0,591.0,30.0,False,Pointer Move (Standard mouse)
1786100444.231501,606,600,mac_trackPad-block-1-trial-6-target-5,579.0,591.0,30.0,False,Pointer Move (Standard mouse)
1786100444.239927,605,600,mac_trackPad-block-1-trial-6-target-5,579.0,591.0,30.0,False,Pointer Move (Standard mouse)
1786100444.247882,605,600,mac_trackPad-block-1-trial-6-target-5,579.0,591.0,30.0,False,Pointer Move (Standard mouse)
1786100444.255958,605,601,mac_trackPad-block-1-trial-6-target-5,579.0,591.0,30.0,False,Pointer Move (Standard mouse)
1786100444.264035,605,601,mac_trackPad-block-1-trial-6-target-5,579.0,591.0,30.0,False,Pointer Move (Standard mouse)
1786100444.272293,604,602,mac_trackPad-block-1-trial-6-target-5,579.0,591.0,30.0,False,Pointer Move (Standard mouse)
1786100444.280257,604,602,mac_trackPad-block-1-trial-6-target-5,579.0,591.0,30.0,False,Pointer Move (Standard mouse)
1786100444.288266,604,602,mac_trackPad-block-1-trial-6-target-5,579.0,591.0,30.0,False,Pointer Move (Standard mouse)
1786100444.296404,604,602,mac_trackPad-block-1-trial-6-target-5,579.0,591.0,30.0,False,Pointer Move (Standard mouse)
1786100444.304429,604,603,mac_trackPad-block-1-trial-6-target-5,579.0,591.0,30.0,False,Pointer Move (Standard mouse)
1786100444.3123689,603,603,mac_trackPad-block-1-trial-6-target-5,579.0,591.0,30.0,False,Pointer Move (Standard mouse)
1786100444.320537,603,603,mac_trackPad-block-1-trial-6-target-5,579.0,591.0,30.0,False,Pointer Move (Standard mouse)
1786100444.3287401,602,603,mac_trackPad-block-1-trial-6-target-5,579.0,591.0,30.0,False,Pointer Move (Standard mouse)
1786100444.336855,602,603,mac_trackPad-block-1-trial-6-target-5,579.0,591.0,30.0,False,Pointer Move (Standard mouse)
1786100444.344645,602,603,mac_trackPad-block-1-trial-6-target-5,579.0,591.0,30.0,False,Pointer Move (Standard mouse)
1786100444.3528168,601,603,mac_trackPad-block-1-trial-6-target-5,579.0,591.0,30.0,False,Pointer Move (Standard mouse)
1786100444.3612149,600,603,mac_trackPad-block-1-trial-6-target-5,579.0,591.0,30.0,False,Pointer Move (Standard mouse)
1786100444.369226,599,603,mac_trackPad-block-1-trial-6-target-5,579.0,591.0,30.0,False,Pointer Move (Standard mouse)
1786100444.377277,598,603,mac_trackPad-block-1-trial-6-target-5,579.0,591.0,30.0,False,Pointer Move (Standard mouse)
1786100444.3851578,596,603,mac_trackPad-block-1-trial-6-target-5,579.0,591.0,30.0,False,Pointer Move (Standard mouse)
1786100444.393239,595,603,mac_trackPad-block-1-trial-6-target-5,579.0,591.0,30.0,False,Pointer Move (Standard mouse)
1786100444.401366,594,603,mac_trackPad-block-1-trial-6-target-5,579.0,591.0,30.0,False,Pointer Move (Standard mouse)
1786100444.409467,593,603,mac_trackPad-block-1-trial-6-target-5,579.0,591.0,30.0,False,Pointer Move (Standard mouse)
1786100444.417563,592,602,mac_trackPad-block-1-trial-6-target-5,579.0,591.0,30.0,False,Pointer Move (Standard mouse)
1786100444.425632,591,601,mac_trackPad-block-1-trial-6-target-5,579.0,591.0,30.0,False,Pointer Move (Standard mouse)
1786100444.43398,590,600,mac_trackPad-block-1-trial-6-target-5,579.0,591.0,30.0,False,Pointer Move (Standard mouse)
1786100444.441983,589,599,mac_trackPad-block-1-trial-6-target-5,579.0,591.0,30.0,False,Pointer Move (Standard mouse)
1786100444.450176,588,598,mac_trackPad-block-1-trial-6-target-5,579.0,591.0,30.0,False,Pointer Move (Standard mouse)
1786100444.458254,587,597,mac_trackPad-block-1-trial-6-target-5,579.0,591.0,30.0,False,Pointer Move (Standard mouse)
1786100444.466292,586,596,mac_trackPad-block-1-trial-6-target-5,579.0,591.0,30.0,False,Pointer Move (Standard mouse)
1786100444.474407,585,595,mac_trackPad-block-1-trial-6-target-5,579.0,591.0,30.0,False,Pointer Move (Standard mouse)
1786100444.482563,585,594,mac_trackPad-block-1-trial-6-target-5,579.0,591.0,30.0,False,Pointer Move (Standard mouse)
1786100444.49054,584,593,mac_trackPad-block-1-trial-6-target-5,579.0,591.0,30.0,False,Pointer Move (Standard mouse)
1786100444.498473,584,593,mac_trackPad-block-1-trial-6-target-5,579.0,591.0,30.0,False,Pointer Move (Standard mouse)
1786100444.506517,584,592,mac_trackPad-block-1-trial-6-target-5,579.0,591.0,30.0,False,Pointer Move (Standard mouse)
1786100444.530213,584,592,mac_trackPad-block-1-trial-6-target-5,579.0,591.0,30.0,target_selected,target_selected
1786100444.548127,584,592,mac_trackPad-block-1-trial-7-target-1,861.0,309.0,30.0,False,Pointer Move (Standard mouse)
1786100444.7492712,584,592,mac_trackPad-block-1-trial-7-target-1,861.0,309.0,30.0,False,Pointer Move (Standard mouse)
1786100444.757215,588,592,mac_trackPad-block-1-trial-7-target-1,861.0,309.0,30.0,False,Pointer Move (Standard mouse)
1786100444.765559,592,592,mac_trackPad-block-1-trial-7-target-1,861.0,309.0,30.0,False,Pointer Move (Standard mouse)
1786100444.773323,594,592,mac_trackPad-block-1-trial-7-target-1,861.0,309.0,30.0,False,Pointer Move (Standard mouse)
1786100444.781683,600,591,mac_trackPad-block-1-trial-7-target-1,861.0,309.0,30.0,False,Pointer Move (Standard mouse)
1786100444.789591,607,590,mac_trackPad-block-1-trial-7-target-1,861.0,309.0,30.0,False,Pointer Move (Standard mouse)
1786100444.7976131,612,587,mac_trackPad-block-1-trial-7-target-1,861.0,309.0,30.0,False,Pointer Move (Standard mouse)
1786100444.805769,618,585,mac_trackPad-block-1-trial-7-target-1,861.0,309.0,30.0,False,Pointer Move (Standard mouse)
1786100444.813786,620,584,mac_trackPad-block-1-trial-7-target-1,861.0,309.0,30.0,False,Pointer Move (Standard mouse)
1786100444.822324,624,581,mac_trackPad-block-1-trial-7-target-1,861.0,309.0,30.0,False,Pointer Move (Standard mouse)
1786100444.829951,628,579,mac_trackPad-block-1-trial-7-target-1,861.0,309.0,30.0,False,Pointer Move (Standard mouse)
1786100444.837991,632,576,mac_trackPad-block-1-trial-7-target-1,861.0,309.0,30.0,False,Pointer Move (Standard mouse)
1786100444.846103,636,573,mac_trackPad-block-1-trial-7-target-1,861.0,309.0,30.0,False,Pointer Move (Standard mouse)
1786100444.854392,638,570,mac_trackPad-block-1-trial-7-target-1,861.0,309.0,30.0,False,Pointer Move (Standard mouse)
1786100444.862226,645,564,mac_trackPad-block-1-trial-7-target-1,861.0,309.0,30.0,False,Pointer Move (Standard mouse)
1786100444.8702662,646,563,mac_trackPad-block-1-trial-7-target-1,861.0,309.0,30.0,False,Pointer Move (Standard mouse)
1786100444.8785439,650,559,mac_trackPad-block-1-trial-7-target-1,861.0,309.0,30.0,False,Pointer Move (Standard mouse)
1786100444.886709,654,555,mac_trackPad-block-1-trial-7-target-1,861.0,309.0,30.0,False,Pointer Move (Standard mouse)
1786100444.894795,657,552,mac_trackPad-block-1-trial-7-target-1,861.0,309.0,30.0,False,Pointer Move (Standard mouse)
1786100444.902747,660,548,mac_trackPad-block-1-trial-7-target-1,861.0,309.0,30.0,False,Pointer Move (Standard mouse)
1786100444.9107819,663,544,mac_trackPad-block-1-trial-7-target-1,861.0,309.0,30.0,False,Pointer Move (Standard mouse)
1786100444.9188778,666,539,mac_trackPad-block-1-trial-7-target-1,861.0,309.0,30.0,False,Pointer Move (Standard mouse)
1786100444.927007,670,534,mac_trackPad-block-1-trial-7-target-1,861.0,309.0,30.0,False,Pointer Move (Standard mouse)
1786100444.935082,674,531,mac_trackPad-block-1-trial-7-target-1,861.0,309.0,30.0,False,Pointer Move (Standard mouse)
1786100444.9430668,677,526,mac_trackPad-block-1-trial-7-target-1,861.0,309.0,30.0,False,Pointer Move (Standard mouse)
1786100444.9511838,680,522,mac_trackPad-block-1-trial-7-target-1,861.0,309.0,30.0,False,Pointer Move (Standard mouse)
1786100444.9596748,683,517,mac_trackPad-block-1-trial-7-target-1,861.0,309.0,30.0,False,Pointer Move (Standard mouse)
1786100444.9675589,686,513,mac_trackPad-block-1-trial-7-target-1,861.0,309.0,30.0,False,Pointer Move (Standard mouse)
1786100444.975483,688,511,mac_trackPad-block-1-trial-7-target-1,861.0,309.0,30.0,False,Pointer Move (Standard mouse)
1786100444.9837,691,507,mac_trackPad-block-1-trial-7-target-1,861.0,309.0,30.0,False,Pointer Move (Standard mouse)
1786100444.9916759,694,505,mac_trackPad-block-1-trial-7-target-1,861.0,309.0,30.0,False,Pointer Move (Standard mouse)
1786100444.999709,695,501,mac_trackPad-block-1-trial-7-target-1,861.0,309.0,30.0,False,Pointer Move (Standard mouse)
1786100445.007974,698,499,mac_trackPad-block-1-trial-7-target-1,861.0,309.0,30.0,False,Pointer Move (Standard mouse)
1786100445.015899,701,496,mac_trackPad-block-1-trial-7-target-1,861.0,309.0,30.0,False,Pointer Move (Standard mouse)
1786100445.024077,704,492,mac_trackPad-block-1-trial-7-target-1,861.0,309.0,30.0,False,Pointer Move (Standard mouse)
1786100445.0319738,708,489,mac_trackPad-block-1-trial-7-target-1,861.0,309.0,30.0,False,Pointer Move (Standard mouse)
1786100445.040565,714,483,mac_trackPad-block-1-trial-7-target-1,861.0,309.0,30.0,False,Pointer Move (Standard mouse)
1786100445.048523,717,481,mac_trackPad-block-1-trial-7-target-1,861.0,309.0,30.0,False,Pointer Move (Standard mouse)
1786100445.05659,721,475,mac_trackPad-block-1-trial-7-target-1,861.0,309.0,30.0,False,Pointer Move (Standard mouse)
1786100445.0645409,725,471,mac_trackPad-block-1-trial-7-target-1,861.0,309.0,30.0,False,Pointer Move (Standard mouse)
1786100445.072792,731,465,mac_trackPad-block-1-trial-7-target-1,861.0,309.0,30.0,False,Pointer Move (Standard mouse)
1786100445.080794,738,458,mac_trackPad-block-1-trial-7-target-1,861.0,309.0,30.0,False,Pointer Move (Standard mouse)
1786100445.088788,744,450,mac_trackPad-block-1-trial-7-target-1,861.0,309.0,30.0,False,Pointer Move (Standard mouse)
1786100445.097027,750,443,mac_trackPad-block-1-trial-7-target-1,861.0,309.0,30.0,False,Pointer Move (Standard mouse)
1786100445.104929,756,433,mac_trackPad-block-1-trial-7-target-1,861.0,309.0,30.0,False,Pointer Move (Standard mouse)
1786100445.112992,765,422,mac_trackPad-block-1-trial-7-target-1,861.0,309.0,30.0,False,Pointer Move (Standard mouse)
1786100445.121092,773,410,mac_trackPad-block-1-trial-7-target-1,861.0,309.0,30.0,False,Pointer Move (Standard mouse)
1786100445.12956,780,397,mac_trackPad-block-1-trial-7-target-1,861.0,309.0,30.0,False,Pointer Move (Standard mouse)
1786100445.137301,790,384,mac_trackPad-block-1-trial-7-target-1,861.0,309.0,30.0,False,Pointer Move (Standard mouse)
1786100445.145369,793,380,mac_trackPad-block-1-trial-7-target-1,861.0,309.0,30.0,False,Pointer Move (Standard mouse)
1786100445.153337,800,370,mac_trackPad-block-1-trial-7-target-1,861.0,309.0,30.0,False,Pointer Move (Standard mouse)
1786100445.161358,806,360,mac_trackPad-block-1-trial-7-target-1,861.0,309.0,30.0,False,Pointer Move (Standard mouse)
1786100445.169596,811,353,mac_trackPad-block-1-trial-7-target-1,861.0,309.0,30.0,False,Pointer Move (Standard mouse)
1786100445.1777558,815,349,mac_trackPad-block-1-trial-7-target-1,861.0,309.0,30.0,False,Pointer Move (Standard mouse)
1786100445.185823,818,345,mac_trackPad-block-1-trial-7-target-1,861.0,309.0,30.0,False,Pointer Move (Standard mouse)
1786100445.193886,819,342,mac_trackPad-block-1-trial-7-target-1,861.0,309.0,30.0,False,Pointer Move (Standard mouse)
1786100445.201975,820,341,mac_trackPad-block-1-trial-7-target-1,861.0,309.0,30.0,False,Pointer Move (Standard mouse)
1786100445.209892,821,340,mac_trackPad-block-1-trial-7-target-1,861.0,309.0,30.0,False,Pointer Move (Standard mouse)
1786100445.218105,822,339,mac_trackPad-block-1-trial-7-target-1,861.0,309.0,30.0,False,Pointer Move (Standard mouse)
1786100445.22619,822,338,mac_trackPad-block-1-trial-7-target-1,861.0,309.0,30.0,False,Pointer Move (Standard mouse)
1786100445.234277,823,338,mac_trackPad-block-1-trial-7-target-1,861.0,309.0,30.0,False,Pointer Move (Standard mouse)
1786100445.24252,823,338,mac_trackPad-block-1-trial-7-target-1,861.0,309.0,30.0,False,Pointer Move (Standard mouse)
1786100445.2506912,823,337,mac_trackPad-block-1-trial-7-target-1,861.0,309.0,30.0,False,Pointer Move (Standard mouse)
1786100445.258563,824,337,mac_trackPad-block-1-trial-7-target-1,861.0,309.0,30.0,False,Pointer Move (Standard mouse)
1786100445.266691,824,337,mac_trackPad-block-1-trial-7-target-1,861.0,309.0,30.0,False,Pointer Move (Standard mouse)
1786100445.27519,824,336,mac_trackPad-block-1-trial-7-target-1,861.0,309.0,30.0,False,Pointer Move (Standard mouse)
1786100445.2829719,825,336,mac_trackPad-block-1-trial-7-target-1,861.0,309.0,30.0,False,Pointer Move (Standard mouse)
1786100445.291166,825,335,mac_trackPad-block-1-trial-7-target-1,861.0,309.0,30.0,False,Pointer Move (Standard mouse)
1786100445.2991621,825,335,mac_trackPad-block-1-trial-7-target-1,861.0,309.0,30.0,False,Pointer Move (Standard mouse)
1786100445.3072839,825,335,mac_trackPad-block-1-trial-7-target-1,861.0,309.0,30.0,False,Pointer Move (Standard mouse)
1786100445.315265,826,334,mac_trackPad-block-1-trial-7-target-1,861.0,309.0,30.0,False,Pointer Move (Standard mouse)
1786100445.323305,826,334,mac_trackPad-block-1-trial-7-target-1,861.0,309.0,30.0,False,Pointer Move (Standard mouse)
1786100445.331648,826,333,mac_trackPad-block-1-trial-7-target-1,861.0,309.0,30.0,False,Pointer Move (Standard mouse)
1786100445.339547,827,333,mac_trackPad-block-1-trial-7-target-1,861.0,309.0,30.0,False,Pointer Move (Standard mouse)
1786100445.347591,827,333,mac_trackPad-block-1-trial-7-target-1,861.0,309.0,30.0,False,Pointer Move (Standard mouse)
1786100445.3556201,828,333,mac_trackPad-block-1-trial-7-target-1,861.0,309.0,30.0,False,Pointer Move (Standard mouse)
1786100445.363965,828,332,mac_trackPad-block-1-trial-7-target-1,861.0,309.0,30.0,False,Pointer Move (Standard mouse)
1786100445.371886,828,331,mac_trackPad-block-1-trial-7-target-1,861.0,309.0,30.0,False,Pointer Move (Standard mouse)
1786100445.379877,829,331,mac_trackPad-block-1-trial-7-target-1,861.0,309.0,30.0,False,Pointer Move (Standard mouse)
1786100445.387943,830,330,mac_trackPad-block-1-trial-7-target-1,861.0,309.0,30.0,False,Pointer Move (Standard mouse)
1786100445.396037,830,329,mac_trackPad-block-1-trial-7-target-1,861.0,309.0,30.0,False,Pointer Move (Standard mouse)
1786100445.404066,831,328,mac_trackPad-block-1-trial-7-target-1,861.0,309.0,30.0,False,Pointer Move (Standard mouse)
1786100445.412342,832,327,mac_trackPad-block-1-trial-7-target-1,861.0,309.0,30.0,False,Pointer Move (Standard mouse)
1786100445.420259,833,326,mac_trackPad-block-1-trial-7-target-1,861.0,309.0,30.0,False,Pointer Move (Standard mouse)
1786100445.428447,834,326,mac_trackPad-block-1-trial-7-target-1,861.0,309.0,30.0,False,Pointer Move (Standard mouse)
1786100445.436652,836,324,mac_trackPad-block-1-trial-7-target-1,861.0,309.0,30.0,False,Pointer Move (Standard mouse)
1786100445.444675,836,323,mac_trackPad-block-1-trial-7-target-1,861.0,309.0,30.0,False,Pointer Move (Standard mouse)
1786100445.452866,837,322,mac_trackPad-block-1-trial-7-target-1,861.0,309.0,30.0,False,Pointer Move (Standard mouse)
1786100445.4618309,838,321,mac_trackPad-block-1-trial-7-target-1,861.0,309.0,30.0,False,Pointer Move (Standard mouse)
1786100445.468853,839,320,mac_trackPad-block-1-trial-7-target-1,861.0,309.0,30.0,False,Pointer Move (Standard mouse)
1786100445.476914,840,320,mac_trackPad-block-1-trial-7-target-1,861.0,309.0,30.0,False,Pointer Move (Standard mouse)
1786100445.484904,840,319,mac_trackPad-block-1-trial-7-target-1,861.0,309.0,30.0,False,Pointer Move (Standard mouse)
1786100445.4931881,841,318,mac_trackPad-block-1-trial-7-target-1,861.0,309.0,30.0,False,Pointer Move (Standard mouse)
1786100445.501271,841,318,mac_trackPad-block-1-trial-7-target-1,861.0,309.0,30.0,False,Pointer Move (Standard mouse)
1786100445.5095859,841,317,mac_trackPad-block-1-trial-7-target-1,861.0,309.0,30.0,False,Pointer Move (Standard mouse)
1786100445.5173361,842,317,mac_trackPad-block-1-trial-7-target-1,861.0,309.0,30.0,False,Pointer Move (Standard mouse)
1786100445.525582,842,317,mac_trackPad-block-1-trial-7-target-1,861.0,309.0,30.0,False,Pointer Move (Standard mouse)
1786100445.5337229,843,316,mac_trackPad-block-1-trial-7-target-1,861.0,309.0,30.0,False,Pointer Move (Standard mouse)
1786100445.58044,843,316,mac_trackPad-block-1-trial-7-target-1,861.0,309.0,30.0,target_selected,target_selected
1786100445.776748,843,317,mac_trackPad-block-1-trial-8-target-5,579.0,591.0,30.0,False,Pointer Move (Standard mouse)
1786100445.784418,836,324,mac_trackPad-block-1-trial-8-target-5,579.0,591.0,30.0,False,Pointer Move (Standard mouse)
1786100445.7924302,829,334,mac_trackPad-block-1-trial-8-target-5,579.0,591.0,30.0,False,Pointer Move (Standard mouse)
1786100445.8005052,823,341,mac_trackPad-block-1-trial-8-target-5,579.0,591.0,30.0,False,Pointer Move (Standard mouse)
1786100445.808309,811,355,mac_trackPad-block-1-trial-8-target-5,579.0,591.0,30.0,False,Pointer Move (Standard mouse)
1786100445.816808,801,369,mac_trackPad-block-1-trial-8-target-5,579.0,591.0,30.0,False,Pointer Move (Standard mouse)
1786100445.824905,788,385,mac_trackPad-block-1-trial-8-target-5,579.0,591.0,30.0,False,Pointer Move (Standard mouse)
1786100445.832969,776,399,mac_trackPad-block-1-trial-8-target-5,579.0,591.0,30.0,False,Pointer Move (Standard mouse)
1786100445.841262,765,412,mac_trackPad-block-1-trial-8-target-5,579.0,591.0,30.0,False,Pointer Move (Standard mouse)
1786100445.8492632,757,425,mac_trackPad-block-1-trial-8-target-5,579.0,591.0,30.0,False,Pointer Move (Standard mouse)
1786100445.857646,750,434,mac_trackPad-block-1-trial-8-target-5,579.0,591.0,30.0,False,Pointer Move (Standard mouse)
1786100445.865359,743,444,mac_trackPad-block-1-trial-8-target-5,579.0,591.0,30.0,False,Pointer Move (Standard mouse)
1786100445.873332,737,450,mac_trackPad-block-1-trial-8-target-5,579.0,591.0,30.0,False,Pointer Move (Standard mouse)
1786100445.881574,732,458,mac_trackPad-block-1-trial-8-target-5,579.0,591.0,30.0,False,Pointer Move (Standard mouse)
1786100445.8895948,725,464,mac_trackPad-block-1-trial-8-target-5,579.0,591.0,30.0,False,Pointer Move (Standard mouse)
1786100445.8979049,719,471,mac_trackPad-block-1-trial-8-target-5,579.0,591.0,30.0,False,Pointer Move (Standard mouse)
1786100445.9066129,713,478,mac_trackPad-block-1-trial-8-target-5,579.0,591.0,30.0,False,Pointer Move (Standard mouse)
1786100445.9138482,709,483,mac_trackPad-block-1-trial-8-target-5,579.0,591.0,30.0,False,Pointer Move (Standard mouse)
1786100445.9219468,707,485,mac_trackPad-block-1-trial-8-target-5,579.0,591.0,30.0,False,Pointer Move (Standard mouse)
1786100445.930146,703,491,mac_trackPad-block-1-trial-8-target-5,579.0,591.0,30.0,False,Pointer Move (Standard mouse)
1786100445.938007,699,495,mac_trackPad-block-1-trial-8-target-5,579.0,591.0,30.0,False,Pointer Move (Standard mouse)
1786100445.945994,695,500,mac_trackPad-block-1-trial-8-target-5,579.0,591.0,30.0,False,Pointer Move (Standard mouse)
1786100445.9542289,692,503,mac_trackPad-block-1-trial-8-target-5,579.0,591.0,30.0,False,Pointer Move (Standard mouse)
1786100445.962466,689,506,mac_trackPad-block-1-trial-8-target-5,579.0,591.0,30.0,False,Pointer Move (Standard mouse)
1786100445.970858,689,507,mac_trackPad-block-1-trial-8-target-5,579.0,591.0,30.0,False,Pointer Move (Standard mouse)
1786100445.978633,686,510,mac_trackPad-block-1-trial-8-target-5,579.0,591.0,30.0,False,Pointer Move (Standard mouse)
1786100445.986495,685,512,mac_trackPad-block-1-trial-8-target-5,579.0,591.0,30.0,False,Pointer Move (Standard mouse)
1786100445.994698,684,512,mac_trackPad-block-1-trial-8-target-5,579.0,591.0,30.0,False,Pointer Move (Standard mouse)
1786100446.0026948,682,514,mac_trackPad-block-1-trial-8-target-5,579.0,591.0,30.0,False,Pointer Move (Standard mouse)
1786100446.010755,681,515,mac_trackPad-block-1-trial-8-target-5,579.0,591.0,30.0,False,Pointer Move (Standard mouse)
1786100446.018858,680,517,mac_trackPad-block-1-trial-8-target-5,579.0,591.0,30.0,False,Pointer Move (Standard mouse)
1786100446.026963,679,518,mac_trackPad-block-1-trial-8-target-5,579.0,591.0,30.0,False,Pointer Move (Standard mouse)
1786100446.0351412,679,520,mac_trackPad-block-1-trial-8-target-5,579.0,591.0,30.0,False,Pointer Move (Standard mouse)
1786100446.0430799,677,520,mac_trackPad-block-1-trial-8-target-5,579.0,591.0,30.0,False,Pointer Move (Standard mouse)
1786100446.0512,676,521,mac_trackPad-block-1-trial-8-target-5,579.0,591.0,30.0,False,Pointer Move (Standard mouse)
1786100446.059493,676,521,mac_trackPad-block-1-trial-8-target-5,579.0,591.0,30.0,False,Pointer Move (Standard mouse)
1786100446.0676632,676,522,mac_trackPad-block-1-trial-8-target-5,579.0,591.0,30.0,False,Pointer Move (Standard mouse)
1786100446.0756412,675,522,mac_trackPad-block-1-trial-8-target-5,579.0,591.0,30.0,False,Pointer Move (Standard mouse)
1786100446.083563,674,523,mac_trackPad-block-1-trial-8-target-5,579.0,591.0,30.0,False,Pointer Move (Standard mouse)
1786100446.091634,674,523,mac_trackPad-block-1-trial-8-target-5,579.0,591.0,30.0,False,Pointer Move (Standard mouse)
1786100446.099914,673,524,mac_trackPad-block-1-trial-8-target-5,579.0,591.0,30.0,False,Pointer Move (Standard mouse)
1786100446.107881,673,524,mac_trackPad-block-1-trial-8-target-5,579.0,591.0,30.0,False,Pointer Move (Standard mouse)
1786100446.115799,672,524,mac_trackPad-block-1-trial-8-target-5,579.0,591.0,30.0,False,Pointer Move (Standard mouse)
1786100446.1239161,669,526,mac_trackPad-block-1-trial-8-target-5,579.0,591.0,30.0,False,Pointer Move (Standard mouse)
1786100446.131964,665,529,mac_trackPad-block-1-trial-8-target-5,579.0,591.0,30.0,False,Pointer Move (Standard mouse)
1786100446.140361,658,532,mac_trackPad-block-1-trial-8-target-5,579.0,591.0,30.0,False,Pointer Move (Standard mouse)
1786100446.148266,653,535,mac_trackPad-block-1-trial-8-target-5,579.0,591.0,30.0,False,Pointer Move (Standard mouse)
1786100446.156348,649,538,mac_trackPad-block-1-trial-8-target-5,579.0,591.0,30.0,False,Pointer Move (Standard mouse)
1786100446.164521,643,542,mac_trackPad-block-1-trial-8-target-5,579.0,591.0,30.0,False,Pointer Move (Standard mouse)
1786100446.1724632,636,547,mac_trackPad-block-1-trial-8-target-5,579.0,591.0,30.0,False,Pointer Move (Standard mouse)
1786100446.180846,630,552,mac_trackPad-block-1-trial-8-target-5,579.0,591.0,30.0,False,Pointer Move (Standard mouse)
1786100446.188876,626,555,mac_trackPad-block-1-trial-8-target-5,579.0,591.0,30.0,False,Pointer Move (Standard mouse)
1786100446.196815,621,559,mac_trackPad-block-1-trial-8-target-5,579.0,591.0,30.0,False,Pointer Move (Standard mouse)
1786100446.204906,617,563,mac_trackPad-block-1-trial-8-target-5,579.0,591.0,30.0,False,Pointer Move (Standard mouse)
1786100446.212948,610,569,mac_trackPad-block-1-trial-8-target-5,579.0,591.0,30.0,False,Pointer Move (Standard mouse)
1786100446.221173,608,570,mac_trackPad-block-1-trial-8-target-5,579.0,591.0,30.0,False,Pointer Move (Standard mouse)
1786100446.229161,604,574,mac_trackPad-block-1-trial-8-target-5,579.0,591.0,30.0,False,Pointer Move (Standard mouse)
1786100446.237196,600,578,mac_trackPad-block-1-trial-8-target-5,579.0,591.0,30.0,False,Pointer Move (Standard mouse)
1786100446.245342,596,581,mac_trackPad-block-1-trial-8-target-5,579.0,591.0,30.0,False,Pointer Move (Standard mouse)
1786100446.25362,592,584,mac_trackPad-block-1-trial-8-target-5,579.0,591.0,30.0,False,Pointer Move (Standard mouse)
1786100446.261593,588,587,mac_trackPad-block-1-trial-8-target-5,579.0,591.0,30.0,False,Pointer Move (Standard mouse)
1786100446.2696111,586,589,mac_trackPad-block-1-trial-8-target-5,579.0,591.0,30.0,False,Pointer Move (Standard mouse)
1786100446.277693,584,590,mac_trackPad-block-1-trial-8-target-5,579.0,591.0,30.0,False,Pointer Move (Standard mouse)
1786100446.2857091,583,591,mac_trackPad-block-1-trial-8-target-5,579.0,591.0,30.0,False,Pointer Move (Standard mouse)
1786100446.293833,582,591,mac_trackPad-block-1-trial-8-target-5,579.0,591.0,30.0,False,Pointer Move (Standard mouse)
1786100446.302175,581,592,mac_trackPad-block-1-trial-8-target-5,579.0,591.0,30.0,False,Pointer Move (Standard mouse)
1786100446.310148,581,592,mac_trackPad-block-1-trial-8-target-5,579.0,591.0,30.0,False,Pointer Move (Standard mouse)
1786100446.31844,581,592,mac_trackPad-block-1-trial-8-target-5,579.0,591.0,30.0,False,Pointer Move (Standard mouse)
1786100446.3263218,580,593,mac_trackPad-block-1-trial-8-target-5,579.0,591.0,30.0,False,Pointer Move (Standard mouse)
1786100446.342745,580,593,mac_trackPad-block-1-trial-8-target-5,579.0,591.0,30.0,False,Pointer Move (Standard mouse)
1786100446.350517,580,593,mac_trackPad-block-1-trial-8-target-5,579.0,591.0,30.0,False,Pointer Move (Standard mouse)
1786100446.358527,580,593,mac_trackPad-block-1-trial-8-target-5,579.0,591.0,30.0,False,Pointer Move (Standard mouse)
1786100446.3829608,579,593,mac_trackPad-block-1-trial-8-target-5,579.0,591.0,30.0,False,Pointer Move (Standard mouse)
1786100446.4070919,579,593,mac_trackPad-block-1-trial-8-target-5,579.0,591.0,30.0,False,Pointer Move (Standard mouse)
1786100446.463984,579,593,mac_trackPad-block-1-trial-8-target-5,579.0,591.0,30.0,target_selected,target_selected
1786100446.46874,579,593,mac_trackPad-block-1-trial-9-target-1,861.0,309.0,30.0,False,Pointer Move (Standard mouse)
1786100446.657707,580,592,mac_trackPad-block-1-trial-9-target-1,861.0,309.0,30.0,False,Pointer Move (Standard mouse)
1786100446.6659908,583,588,mac_trackPad-block-1-trial-9-target-1,861.0,309.0,30.0,False,Pointer Move (Standard mouse)
1786100446.6738691,591,582,mac_trackPad-block-1-trial-9-target-1,861.0,309.0,30.0,False,Pointer Move (Standard mouse)
1786100446.68193,601,575,mac_trackPad-block-1-trial-9-target-1,861.0,309.0,30.0,False,Pointer Move (Standard mouse)
1786100446.689961,612,566,mac_trackPad-block-1-trial-9-target-1,861.0,309.0,30.0,False,Pointer Move (Standard mouse)
1786100446.698454,627,556,mac_trackPad-block-1-trial-9-target-1,861.0,309.0,30.0,False,Pointer Move (Standard mouse)
1786100446.70644,642,546,mac_trackPad-block-1-trial-9-target-1,861.0,309.0,30.0,False,Pointer Move (Standard mouse)
1786100446.714509,654,532,mac_trackPad-block-1-trial-9-target-1,861.0,309.0,30.0,False,Pointer Move (Standard mouse)
1786100446.7224178,667,522,mac_trackPad-block-1-trial-9-target-1,861.0,309.0,30.0,False,Pointer Move (Standard mouse)
1786100446.7305012,678,513,mac_trackPad-block-1-trial-9-target-1,861.0,309.0,30.0,False,Pointer Move (Standard mouse)
1786100446.738456,686,504,mac_trackPad-block-1-trial-9-target-1,861.0,309.0,30.0,False,Pointer Move (Standard mouse)
1786100446.746784,695,496,mac_trackPad-block-1-trial-9-target-1,861.0,309.0,30.0,False,Pointer Move (Standard mouse)
1786100446.754633,697,494,mac_trackPad-block-1-trial-9-target-1,861.0,309.0,30.0,False,Pointer Move (Standard mouse)
1786100446.7627258,710,483,mac_trackPad-block-1-trial-9-target-1,861.0,309.0,30.0,False,Pointer Move (Standard mouse)
1786100446.7708921,711,482,mac_trackPad-block-1-trial-9-target-1,861.0,309.0,30.0,False,Pointer Move (Standard mouse)
1786100446.779045,715,478,mac_trackPad-block-1-trial-9-target-1,861.0,309.0,30.0,False,Pointer Move (Standard mouse)
1786100446.787189,719,474,mac_trackPad-block-1-trial-9-target-1,861.0,309.0,30.0,False,Pointer Move (Standard mouse)
1786100446.79518,723,471,mac_trackPad-block-1-trial-9-target-1,861.0,309.0,30.0,False,Pointer Move (Standard mouse)
1786100446.803458,726,469,mac_trackPad-block-1-trial-9-target-1,861.0,309.0,30.0,False,Pointer Move (Standard mouse)
1786100446.8114402,729,467,mac_trackPad-block-1-trial-9-target-1,861.0,309.0,30.0,False,Pointer Move (Standard mouse)
1786100446.819484,730,466,mac_trackPad-block-1-trial-9-target-1,861.0,309.0,30.0,False,Pointer Move (Standard mouse)
1786100446.827682,732,465,mac_trackPad-block-1-trial-9-target-1,861.0,309.0,30.0,False,Pointer Move (Standard mouse)
1786100446.835828,733,463,mac_trackPad-block-1-trial-9-target-1,861.0,309.0,30.0,False,Pointer Move (Standard mouse)
1786100446.843843,735,461,mac_trackPad-block-1-trial-9-target-1,861.0,309.0,30.0,False,Pointer Move (Standard mouse)
1786100446.85174,737,459,mac_trackPad-block-1-trial-9-target-1,861.0,309.0,30.0,False,Pointer Move (Standard mouse)
1786100446.860014,739,456,mac_trackPad-block-1-trial-9-target-1,861.0,309.0,30.0,False,Pointer Move (Standard mouse)
1786100446.868105,740,454,mac_trackPad-block-1-trial-9-target-1,861.0,309.0,30.0,False,Pointer Move (Standard mouse)
1786100446.875991,743,450,mac_trackPad-block-1-trial-9-target-1,861.0,309.0,30.0,False,Pointer Move (Standard mouse)
1786100446.8841758,746,446,mac_trackPad-block-1-trial-9-target-1,861.0,309.0,30.0,False,Pointer Move (Standard mouse)
1786100446.89227,748,443,mac_trackPad-block-1-trial-9-target-1,861.0,309.0,30.0,False,Pointer Move (Standard mouse)
1786100446.900488,751,439,mac_trackPad-block-1-trial-9-target-1,861.0,309.0,30.0,False,Pointer Move (Standard mouse)
1786100446.908694,754,434,mac_trackPad-block-1-trial-9-target-1,861.0,309.0,30.0,False,Pointer Move (Standard mouse)
1786100446.9164212,755,431,mac_trackPad-block-1-trial-9-target-1,861.0,309.0,30.0,False,Pointer Move (Standard mouse)
1786100446.924542,758,427,mac_trackPad-block-1-trial-9-target-1,861.0,309.0,30.0,False,Pointer Move (Standard mouse)
1786100446.93269,759,425,mac_trackPad-block-1-trial-9-target-1,861.0,309.0,30.0,False,Pointer Move (Standard mouse)
1786100446.9407191,762,421,mac_trackPad-block-1-trial-9-target-1,861.0,309.0,30.0,False,Pointer Move (Standard mouse)
1786100446.9487941,765,419,mac_trackPad-block-1-trial-9-target-1,861.0,309.0,30.0,False,Pointer Move (Standard mouse)
1786100446.956971,768,415,mac_trackPad-block-1-trial-9-target-1,861.0,309.0,30.0,False,Pointer Move (Standard mouse)
1786100446.964948,771,412,mac_trackPad-block-1-trial-9-target-1,861.0,309.0,30.0,False,Pointer Move (Standard mouse)
1786100446.973247,775,408,mac_trackPad-block-1-trial-9-target-1,861.0,309.0,30.0,False,Pointer Move (Standard mouse)
1786100446.9812548,779,405,mac_trackPad-block-1-trial-9-target-1,861.0,309.0,30.0,False,Pointer Move (Standard mouse)
1786100446.989536,783,401,mac_trackPad-block-1-trial-9-target-1,861.0,309.0,30.0,False,Pointer Move (Standard mouse)
1786100446.997526,788,397,mac_trackPad-block-1-trial-9-target-1,861.0,309.0,30.0,False,Pointer Move (Standard mouse)
1786100447.005523,792,394,mac_trackPad-block-1-trial-9-target-1,861.0,309.0,30.0,False,Pointer Move (Standard mouse)
1786100447.013582,798,390,mac_trackPad-block-1-trial-9-target-1,861.0,309.0,30.0,False,Pointer Move (Standard mouse)
1786100447.021527,802,386,mac_trackPad-block-1-trial-9-target-1,861.0,309.0,30.0,False,Pointer Move (Standard mouse)
1786100447.029794,807,381,mac_trackPad-block-1-trial-9-target-1,861.0,309.0,30.0,False,Pointer Move (Standard mouse)
1786100447.037793,811,376,mac_trackPad-block-1-trial-9-target-1,861.0,309.0,30.0,False,Pointer Move (Standard mouse)
1786100447.0460649,815,372,mac_trackPad-block-1-trial-9-target-1,861.0,309.0,30.0,False,Pointer Move (Standard mouse)
1786100447.054125,819,368,mac_trackPad-block-1-trial-9-target-1,861.0,309.0,30.0,False,Pointer Move (Standard mouse)
1786100447.062567,823,364,mac_trackPad-block-1-trial-9-target-1,861.0,309.0,30.0,False,Pointer Move (Standard mouse)
1786100447.070258,827,361,mac_trackPad-block-1-trial-9-target-1,861.0,309.0,30.0,False,Pointer Move (Standard mouse)
1786100447.078449,830,358,mac_trackPad-block-1-trial-9-target-1,861.0,309.0,30.0,False,Pointer Move (Standard mouse)
1786100447.086705,834,355,mac_trackPad-block-1-trial-9-target-1,861.0,309.0,30.0,False,Pointer Move (Standard mouse)
1786100447.094214,836,352,mac_trackPad-block-1-trial-9-target-1,861.0,309.0,30.0,False,Pointer Move (Standard mouse)
1786100447.102458,838,350,mac_trackPad-block-1-trial-9-target-1,861.0,309.0,30.0,False,Pointer Move (Standard mouse)
1786100447.110484,839,349,mac_trackPad-block-1-trial-9-target-1,861.0,309.0,30.0,False,Pointer Move (Standard mouse)
1786100447.118728,842,346,mac_trackPad-block-1-trial-9-target-1,861.0,309.0,30.0,False,Pointer Move (Standard mouse)
1786100447.126653,843,345,mac_trackPad-block-1-trial-9-target-1,861.0,309.0,30.0,False,Pointer Move (Standard mouse)
1786100447.134791,845,344,mac_trackPad-block-1-trial-9-target-1,861.0,309.0,30.0,False,Pointer Move (Standard mouse)
1786100447.1428852,846,343,mac_trackPad-block-1-trial-9-target-1,861.0,309.0,30.0,False,Pointer Move (Standard mouse)
1786100447.151188,847,342,mac_trackPad-block-1-trial-9-target-1,861.0,309.0,30.0,False,Pointer Move (Standard mouse)
1786100447.158998,847,342,mac_trackPad-block-1-trial-9-target-1,861.0,309.0,30.0,False,Pointer Move (Standard mouse)
1786100447.166993,848,341,mac_trackPad-block-1-trial-9-target-1,861.0,309.0,30.0,False,Pointer Move (Standard mouse)
1786100447.1751628,849,340,mac_trackPad-block-1-trial-9-target-1,861.0,309.0,30.0,False,Pointer Move (Standard mouse)
1786100447.183316,849,340,mac_trackPad-block-1-trial-9-target-1,861.0,309.0,30.0,False,Pointer Move (Standard mouse)
1786100447.1913931,850,340,mac_trackPad-block-1-trial-9-target-1,861.0,309.0,30.0,False,Pointer Move (Standard mouse)
1786100447.199317,850,339,mac_trackPad-block-1-trial-9-target-1,861.0,309.0,30.0,False,Pointer Move (Standard mouse)
1786100447.2074938,851,338,mac_trackPad-block-1-trial-9-target-1,861.0,309.0,30.0,False,Pointer Move (Standard mouse)
1786100447.215549,852,338,mac_trackPad-block-1-trial-9-target-1,861.0,309.0,30.0,False,Pointer Move (Standard mouse)
1786100447.223625,852,337,mac_trackPad-block-1-trial-9-target-1,861.0,309.0,30.0,False,Pointer Move (Standard mouse)
1786100447.231951,852,337,mac_trackPad-block-1-trial-9-target-1,861.0,309.0,30.0,False,Pointer Move (Standard mouse)
1786100447.2399948,853,337,mac_trackPad-block-1-trial-9-target-1,861.0,309.0,30.0,False,Pointer Move (Standard mouse)
1786100447.247821,853,336,mac_trackPad-block-1-trial-9-target-1,861.0,309.0,30.0,False,Pointer Move (Standard mouse)
1786100447.255857,854,336,mac_trackPad-block-1-trial-9-target-1,861.0,309.0,30.0,False,Pointer Move (Standard mouse)
1786100447.264243,854,335,mac_trackPad-block-1-trial-9-target-1,861.0,309.0,30.0,False,Pointer Move (Standard mouse)
1786100447.280384,854,335,mac_trackPad-block-1-trial-9-target-1,861.0,309.0,30.0,False,Pointer Move (Standard mouse)
1786100447.2963939,854,335,mac_trackPad-block-1-trial-9-target-1,861.0,309.0,30.0,False,Pointer Move (Standard mouse)
1786100447.312659,854,334,mac_trackPad-block-1-trial-9-target-1,861.0,309.0,30.0,False,Pointer Move (Standard mouse)
1786100447.320816,854,334,mac_trackPad-block-1-trial-9-target-1,861.0,309.0,30.0,False,Pointer Move (Standard mouse)
1786100447.328873,854,334,mac_trackPad-block-1-trial-9-target-1,861.0,309.0,30.0,False,Pointer Move (Standard mouse)
1786100447.336998,854,333,mac_trackPad-block-1-trial-9-target-1,861.0,309.0,30.0,False,Pointer Move (Standard mouse)
1786100447.344821,854,332,mac_trackPad-block-1-trial-9-target-1,861.0,309.0,30.0,False,Pointer Move (Standard mouse)
1786100447.353272,854,330,mac_trackPad-block-1-trial-9-target-1,861.0,309.0,30.0,False,Pointer Move (Standard mouse)
1786100447.361373,854,328,mac_trackPad-block-1-trial-9-target-1,861.0,309.0,30.0,False,Pointer Move (Standard mouse)
1786100447.369483,854,323,mac_trackPad-block-1-trial-9-target-1,861.0,309.0,30.0,False,Pointer Move (Standard mouse)
1786100447.377397,854,320,mac_trackPad-block-1-trial-9-target-1,861.0,309.0,30.0,False,Pointer Move (Standard mouse)
1786100447.385391,854,316,mac_trackPad-block-1-trial-9-target-1,861.0,309.0,30.0,False,Pointer Move (Standard mouse)
1786100447.3935869,854,314,mac_trackPad-block-1-trial-9-target-1,861.0,309.0,30.0,False,Pointer Move (Standard mouse)
1786100447.4017222,854,312,mac_trackPad-block-1-trial-9-target-1,861.0,309.0,30.0,False,Pointer Move (Standard mouse)
1786100447.4099588,854,310,mac_trackPad-block-1-trial-9-target-1,861.0,309.0,30.0,False,Pointer Move (Standard mouse)
1786100447.4179971,854,309,mac_trackPad-block-1-trial-9-target-1,861.0,309.0,30.0,False,Pointer Move (Standard mouse)
1786100447.425814,854,308,mac_trackPad-block-1-trial-9-target-1,861.0,309.0,30.0,False,Pointer Move (Standard mouse)
1786100447.4639869,854,308,mac_trackPad-block-1-trial-9-target-1,861.0,309.0,30.0,target_selected,target_selected
1786100447.4772081,854,308,mac_trackPad-block-1-trial-10-target-5,579.0,591.0,30.0,False,Pointer Move (Standard mouse)
1786100447.652759,854,309,mac_trackPad-block-1-trial-10-target-5,579.0,591.0,30.0,False,Pointer Move (Standard mouse)
1786100447.660394,851,313,mac_trackPad-block-1-trial-10-target-5,579.0,591.0,30.0,False,Pointer Move (Standard mouse)
1786100447.668579,845,321,mac_trackPad-block-1-trial-10-target-5,579.0,591.0,30.0,False,Pointer Move (Standard mouse)
1786100447.6766562,839,328,mac_trackPad-block-1-trial-10-target-5,579.0,591.0,30.0,False,Pointer Move (Standard mouse)
1786100447.6848059,829,339,mac_trackPad-block-1-trial-10-target-5,579.0,591.0,30.0,False,Pointer Move (Standard mouse)
1786100447.692856,820,350,mac_trackPad-block-1-trial-10-target-5,579.0,591.0,30.0,False,Pointer Move (Standard mouse)
1786100447.70097,809,361,mac_trackPad-block-1-trial-10-target-5,579.0,591.0,30.0,False,Pointer Move (Standard mouse)
1786100447.709261,798,371,mac_trackPad-block-1-trial-10-target-5,579.0,591.0,30.0,False,Pointer Move (Standard mouse)
1786100447.717267,789,382,mac_trackPad-block-1-trial-10-target-5,579.0,591.0,30.0,False,Pointer Move (Standard mouse)
1786100447.725255,777,396,mac_trackPad-block-1-trial-10-target-5,579.0,591.0,30.0,False,Pointer Move (Standard mouse)
1786100447.733419,769,404,mac_trackPad-block-1-trial-10-target-5,579.0,591.0,30.0,False,Pointer Move (Standard mouse)
1786100447.741771,763,412,mac_trackPad-block-1-trial-10-target-5,579.0,591.0,30.0,False,Pointer Move (Standard mouse)
1786100447.74954,753,425,mac_trackPad-block-1-trial-10-target-5,579.0,591.0,30.0,False,Pointer Move (Standard mouse)
1786100447.757666,742,436,mac_trackPad-block-1-trial-10-target-5,579.0,591.0,30.0,False,Pointer Move (Standard mouse)
1786100447.765821,732,449,mac_trackPad-block-1-trial-10-target-5,579.0,591.0,30.0,False,Pointer Move (Standard mouse)
1786100447.773663,720,463,mac_trackPad-block-1-trial-10-target-5,579.0,591.0,30.0,False,Pointer Move (Standard mouse)
1786100447.782169,708,477,mac_trackPad-block-1-trial-10-target-5,579.0,591.0,30.0,False,Pointer Move (Standard mouse)
1786100447.789793,695,493,mac_trackPad-block-1-trial-10-target-5,579.0,591.0,30.0,False,Pointer Move (Standard mouse)
1786100447.798162,684,504,mac_trackPad-block-1-trial-10-target-5,579.0,591.0,30.0,False,Pointer Move (Standard mouse)
1786100447.806067,680,508,mac_trackPad-block-1-trial-10-target-5,579.0,591.0,30.0,False,Pointer Move (Standard mouse)
1786100447.814351,672,516,mac_trackPad-block-1-trial-10-target-5,579.0,591.0,30.0,False,Pointer Move (Standard mouse)
1786100447.822314,666,524,mac_trackPad-block-1-trial-10-target-5,579.0,591.0,30.0,False,Pointer Move (Standard mouse)
1786100447.8302138,660,530,mac_trackPad-block-1-trial-10-target-5,579.0,591.0,30.0,False,Pointer Move (Standard mouse)
1786100447.838672,656,534,mac_trackPad-block-1-trial-10-target-5,579.0,591.0,30.0,False,Pointer Move (Standard mouse)
1786100447.846389,652,537,mac_trackPad-block-1-trial-10-target-5,579.0,591.0,30.0,False,Pointer Move (Standard mouse)
1786100447.854496,651,538,mac_trackPad-block-1-trial-10-target-5,579.0,591.0,30.0,False,Pointer Move (Standard mouse)
1786100447.862632,648,540,mac_trackPad-block-1-trial-10-target-5,579.0,591.0,30.0,False,Pointer Move (Standard mouse)
1786100447.8710341,645,543,mac_trackPad-block-1-trial-10-target-5,579.0,591.0,30.0,False,Pointer Move (Standard mouse)
1786100447.8789551,644,545,mac_trackPad-block-1-trial-10-target-5,579.0,591.0,30.0,False,Pointer Move (Standard mouse)
1786100447.886742,642,546,mac_trackPad-block-1-trial-10-target-5,579.0,591.0,30.0,False,Pointer Move (Standard mouse)
1786100447.894798,640,547,mac_trackPad-block-1-trial-10-target-5,579.0,591.0,30.0,False,Pointer Move (Standard mouse)
1786100447.903021,639,548,mac_trackPad-block-1-trial-10-target-5,579.0,591.0,30.0,False,Pointer Move (Standard mouse)
1786100447.911121,637,550,mac_trackPad-block-1-trial-10-target-5,579.0,591.0,30.0,False,Pointer Move (Standard mouse)
1786100447.9195032,636,551,mac_trackPad-block-1-trial-10-target-5,579.0,591.0,30.0,False,Pointer Move (Standard mouse)
1786100447.927336,635,552,mac_trackPad-block-1-trial-10-target-5,579.0,591.0,30.0,False,Pointer Move (Standard mouse)
1786100447.935454,634,553,mac_trackPad-block-1-trial-10-target-5,579.0,591.0,30.0,False,Pointer Move (Standard mouse)
1786100447.943378,633,553,mac_trackPad-block-1-trial-10-target-5,579.0,591.0,30.0,False,Pointer Move (Standard mouse)
1786100447.951618,631,555,mac_trackPad-block-1-trial-10-target-5,579.0,591.0,30.0,False,Pointer Move (Standard mouse)
1786100447.959918,629,555,mac_trackPad-block-1-trial-10-target-5,579.0,591.0,30.0,False,Pointer Move (Standard mouse)
1786100447.967808,627,557,mac_trackPad-block-1-trial-10-target-5,579.0,591.0,30.0,False,Pointer Move (Standard mouse)
1786100447.975842,623,558,mac_trackPad-block-1-trial-10-target-5,579.0,591.0,30.0,False,Pointer Move (Standard mouse)
1786100447.984117,620,560,mac_trackPad-block-1-trial-10-target-5,579.0,591.0,30.0,False,Pointer Move (Standard mouse)
1786100447.992265,617,561,mac_trackPad-block-1-trial-10-target-5,579.0,591.0,30.0,False,Pointer Move (Standard mouse)
1786100448.000203,615,562,mac_trackPad-block-1-trial-10-target-5,579.0,591.0,30.0,False,Pointer Move (Standard mouse)
1786100448.00818,611,564,mac_trackPad-block-1-trial-10-target-5,579.0,591.0,30.0,False,Pointer Move (Standard mouse)
1786100448.0164218,608,565,mac_trackPad-block-1-trial-10-target-5,579.0,591.0,30.0,False,Pointer Move (Standard mouse)
1786100448.024398,606,567,mac_trackPad-block-1-trial-10-target-5,579.0,591.0,30.0,False,Pointer Move (Standard mouse)
1786100448.032542,603,568,mac_trackPad-block-1-trial-10-target-5,579.0,591.0,30.0,False,Pointer Move (Standard mouse)
1786100448.040666,601,569,mac_trackPad-block-1-trial-10-target-5,579.0,591.0,30.0,False,Pointer Move (Standard mouse)
1786100448.048873,598,571,mac_trackPad-block-1-trial-10-target-5,579.0,591.0,30.0,False,Pointer Move (Standard mouse)
1786100448.056776,596,572,mac_trackPad-block-1-trial-10-target-5,579.0,591.0,30.0,False,Pointer Move (Standard mouse)
1786100448.064894,592,573,mac_trackPad-block-1-trial-10-target-5,579.0,591.0,30.0,False,Pointer Move (Standard mouse)
1786100448.073046,589,575,mac_trackPad-block-1-trial-10-target-5,579.0,591.0,30.0,False,Pointer Move (Standard mouse)
1786100448.081117,586,577,mac_trackPad-block-1-trial-10-target-5,579.0,591.0,30.0,False,Pointer Move (Standard mouse)
1786100448.089183,583,579,mac_trackPad-block-1-trial-10-target-5,579.0,591.0,30.0,False,Pointer Move (Standard mouse)
1786100448.0970418,580,581,mac_trackPad-block-1-trial-10-target-5,579.0,591.0,30.0,False,Pointer Move (Standard mouse)
1786100448.105376,578,582,mac_trackPad-block-1-trial-10-target-5,579.0,591.0,30.0,False,Pointer Move (Standard mouse)
1786100448.1137972,576,583,mac_trackPad-block-1-trial-10-target-5,579.0,591.0,30.0,False,Pointer Move (Standard mouse)
1786100448.1214259,575,585,mac_trackPad-block-1-trial-10-target-5,579.0,591.0,30.0,False,Pointer Move (Standard mouse)
1786100448.129389,573,586,mac_trackPad-block-1-trial-10-target-5,579.0,591.0,30.0,False,Pointer Move (Standard mouse)
1786100448.137481,572,586,mac_trackPad-block-1-trial-10-target-5,579.0,591.0,30.0,False,Pointer Move (Standard mouse)
1786100448.145658,571,587,mac_trackPad-block-1-trial-10-target-5,579.0,591.0,30.0,False,Pointer Move (Standard mouse)
1786100448.1540768,571,588,mac_trackPad-block-1-trial-10-target-5,579.0,591.0,30.0,False,Pointer Move (Standard mouse)
1786100448.162039,570,588,mac_trackPad-block-1-trial-10-target-5,579.0,591.0,30.0,False,Pointer Move (Standard mouse)
1786100448.169874,570,589,mac_trackPad-block-1-trial-10-target-5,579.0,591.0,30.0,False,Pointer Move (Standard mouse)
1786100448.186219,570,589,mac_trackPad-block-1-trial-10-target-5,579.0,591.0,30.0,False,Pointer Move (Standard mouse)
1786100448.194487,569,589,mac_trackPad-block-1-trial-10-target-5,579.0,591.0,30.0,False,Pointer Move (Standard mouse)
1786100448.210998,569,589,mac_trackPad-block-1-trial-10-target-5,579.0,591.0,30.0,False,Pointer Move (Standard mouse)
1786100448.2470322,569,589,mac_trackPad-block-1-trial-10-target-5,579.0,591.0,30.0,target_selected,target_selected
1786100448.461171,570,589,mac_trackPad-block-1-trial-11-target-1,861.0,309.0,30.0,False,Pointer Move (Standard mouse)
1786100448.469074,572,589,mac_trackPad-block-1-trial-11-target-1,861.0,309.0,30.0,False,Pointer Move (Standard mouse)
1786100448.4771378,574,589,mac_trackPad-block-1-trial-11-target-1,861.0,309.0,30.0,False,Pointer Move (Standard mouse)
1786100448.485256,576,589,mac_trackPad-block-1-trial-11-target-1,861.0,309.0,30.0,False,Pointer Move (Standard mouse)
1786100448.4934442,581,589,mac_trackPad-block-1-trial-11-target-1,861.0,309.0,30.0,False,Pointer Move (Standard mouse)
1786100448.501413,585,587,mac_trackPad-block-1-trial-11-target-1,861.0,309.0,30.0,False,Pointer Move (Standard mouse)
1786100448.5095859,591,583,mac_trackPad-block-1-trial-11-target-1,861.0,309.0,30.0,False,Pointer Move (Standard mouse)
1786100448.517665,597,580,mac_trackPad-block-1-trial-11-target-1,861.0,309.0,30.0,False,Pointer Move (Standard mouse)
1786100448.525919,615,562,mac_trackPad-block-1-trial-11-target-1,861.0,309.0,30.0,False,Pointer Move (Standard mouse)
1786100448.533789,630,552,mac_trackPad-block-1-trial-11-target-1,861.0,309.0,30.0,False,Pointer Move (Standard mouse)
1786100448.541916,652,532,mac_trackPad-block-1-trial-11-target-1,861.0,309.0,30.0,False,Pointer Move (Standard mouse)
1786100448.550024,677,509,mac_trackPad-block-1-trial-11-target-1,861.0,309.0,30.0,False,Pointer Move (Standard mouse)
1786100448.55801,708,481,mac_trackPad-block-1-trial-11-target-1,861.0,309.0,30.0,False,Pointer Move (Standard mouse)
1786100448.5665028,719,472,mac_trackPad-block-1-trial-11-target-1,861.0,309.0,30.0,False,Pointer Move (Standard mouse)
1786100448.574202,740,452,mac_trackPad-block-1-trial-11-target-1,861.0,309.0,30.0,False,Pointer Move (Standard mouse)
1786100448.582408,747,446,mac_trackPad-block-1-trial-11-target-1,861.0,309.0,30.0,False,Pointer Move (Standard mouse)
1786100448.590414,757,437,mac_trackPad-block-1-trial-11-target-1,861.0,309.0,30.0,False,Pointer Move (Standard mouse)
1786100448.5985322,765,431,mac_trackPad-block-1-trial-11-target-1,861.0,309.0,30.0,False,Pointer Move (Standard mouse)
1786100448.606666,771,424,mac_trackPad-block-1-trial-11-target-1,861.0,309.0,30.0,False,Pointer Move (Standard mouse)
1786100448.614665,775,421,mac_trackPad-block-1-trial-11-target-1,861.0,309.0,30.0,False,Pointer Move (Standard mouse)
1786100448.622726,776,420,mac_trackPad-block-1-trial-11-target-1,861.0,309.0,30.0,False,Pointer Move (Standard mouse)
1786100448.6307368,777,420,mac_trackPad-block-1-trial-11-target-1,861.0,309.0,30.0,False,Pointer Move (Standard mouse)
1786100448.638983,777,419,mac_trackPad-block-1-trial-11-target-1,861.0,309.0,30.0,False,Pointer Move (Standard mouse)
1786100448.6473238,778,419,mac_trackPad-block-1-trial-11-target-1,861.0,309.0,30.0,False,Pointer Move (Standard mouse)
1786100448.655169,778,419,mac_trackPad-block-1-trial-11-target-1,861.0,309.0,30.0,False,Pointer Move (Standard mouse)
1786100448.663433,778,419,mac_trackPad-block-1-trial-11-target-1,861.0,309.0,30.0,False,Pointer Move (Standard mouse)
1786100448.671406,779,418,mac_trackPad-block-1-trial-11-target-1,861.0,309.0,30.0,False,Pointer Move (Standard mouse)
1786100448.6793332,779,418,mac_trackPad-block-1-trial-11-target-1,861.0,309.0,30.0,False,Pointer Move (Standard mouse)
1786100448.6877701,779,418,mac_trackPad-block-1-trial-11-target-1,861.0,309.0,30.0,False,Pointer Move (Standard mouse)
1786100448.695518,780,417,mac_trackPad-block-1-trial-11-target-1,861.0,309.0,30.0,False,Pointer Move (Standard mouse)
1786100448.70369,781,416,mac_trackPad-block-1-trial-11-target-1,861.0,309.0,30.0,False,Pointer Move (Standard mouse)
1786100448.712002,781,416,mac_trackPad-block-1-trial-11-target-1,861.0,309.0,30.0,False,Pointer Move (Standard mouse)
1786100448.71984,782,415,mac_trackPad-block-1-trial-11-target-1,861.0,309.0,30.0,False,Pointer Move (Standard mouse)
1786100448.727904,783,413,mac_trackPad-block-1-trial-11-target-1,861.0,309.0,30.0,False,Pointer Move (Standard mouse)
1786100448.736008,785,412,mac_trackPad-block-1-trial-11-target-1,861.0,309.0,30.0,False,Pointer Move (Standard mouse)
1786100448.744003,786,410,mac_trackPad-block-1-trial-11-target-1,861.0,309.0,30.0,False,Pointer Move (Standard mouse)
1786100448.752613,788,408,mac_trackPad-block-1-trial-11-target-1,861.0,309.0,30.0,False,Pointer Move (Standard mouse)
1786100448.759958,791,406,mac_trackPad-block-1-trial-11-target-1,861.0,309.0,30.0,False,Pointer Move (Standard mouse)
1786100448.768537,797,399,mac_trackPad-block-1-trial-11-target-1,861.0,309.0,30.0,False,Pointer Move (Standard mouse)
1786100448.776633,802,395,mac_trackPad-block-1-trial-11-target-1,861.0,309.0,30.0,False,Pointer Move (Standard mouse)
1786100448.7846138,809,389,mac_trackPad-block-1-trial-11-target-1,861.0,309.0,30.0,False,Pointer Move (Standard mouse)
1786100448.7931678,816,382,mac_trackPad-block-1-trial-11-target-1,861.0,309.0,30.0,False,Pointer Move (Standard mouse)
1786100448.8005362,824,376,mac_trackPad-block-1-trial-11-target-1,861.0,309.0,30.0,False,Pointer Move (Standard mouse)
1786100448.808842,827,372,mac_trackPad-block-1-trial-11-target-1,861.0,309.0,30.0,False,Pointer Move (Standard mouse)
1786100448.816704,833,366,mac_trackPad-block-1-trial-11-target-1,861.0,309.0,30.0,False,Pointer Move (Standard mouse)
1786100448.825046,839,360,mac_trackPad-block-1-trial-11-target-1,861.0,309.0,30.0,False,Pointer Move (Standard mouse)
1786100448.833128,843,356,mac_trackPad-block-1-trial-11-target-1,861.0,309.0,30.0,False,Pointer Move (Standard mouse)
1786100448.840988,847,352,mac_trackPad-block-1-trial-11-target-1,861.0,309.0,30.0,False,Pointer Move (Standard mouse)
1786100448.849368,849,350,mac_trackPad-block-1-trial-11-target-1,861.0,309.0,30.0,False,Pointer Move (Standard mouse)
1786100448.857464,852,347,mac_trackPad-block-1-trial-11-target-1,861.0,309.0,30.0,False,Pointer Move (Standard mouse)
1786100448.865431,853,345,mac_trackPad-block-1-trial-11-target-1,861.0,309.0,30.0,False,Pointer Move (Standard mouse)
1786100448.8735301,854,344,mac_trackPad-block-1-trial-11-target-1,861.0,309.0,30.0,False,Pointer Move (Standard mouse)
1786100448.8813682,854,344,mac_trackPad-block-1-trial-11-target-1,861.0,309.0,30.0,False,Pointer Move (Standard mouse)
1786100448.8895931,855,343,mac_trackPad-block-1-trial-11-target-1,861.0,309.0,30.0,False,Pointer Move (Standard mouse)
1786100448.897734,855,343,mac_trackPad-block-1-trial-11-target-1,861.0,309.0,30.0,False,Pointer Move (Standard mouse)
1786100448.905632,856,342,mac_trackPad-block-1-trial-11-target-1,861.0,309.0,30.0,False,Pointer Move (Standard mouse)
1786100448.913784,856,342,mac_trackPad-block-1-trial-11-target-1,861.0,309.0,30.0,False,Pointer Move (Standard mouse)
1786100448.93017,856,342,mac_trackPad-block-1-trial-11-target-1,861.0,309.0,30.0,False,Pointer Move (Standard mouse)
1786100448.938213,856,342,mac_trackPad-block-1-trial-11-target-1,861.0,309.0,30.0,False,Pointer Move (Standard mouse)
1786100448.946156,856,341,mac_trackPad-block-1-trial-11-target-1,861.0,309.0,30.0,False,Pointer Move (Standard mouse)
1786100448.9541829,856,341,mac_trackPad-block-1-trial-11-target-1,861.0,309.0,30.0,False,Pointer Move (Standard mouse)
1786100448.962513,857,341,mac_trackPad-block-1-trial-11-target-1,861.0,309.0,30.0,False,Pointer Move (Standard mouse)
1786100448.970582,857,339,mac_trackPad-block-1-trial-11-target-1,861.0,309.0,30.0,False,Pointer Move (Standard mouse)
1786100448.9788082,857,339,mac_trackPad-block-1-trial-11-target-1,861.0,309.0,30.0,False,Pointer Move (Standard mouse)
1786100448.986629,857,339,mac_trackPad-block-1-trial-11-target-1,861.0,309.0,30.0,False,Pointer Move (Standard mouse)
1786100448.994688,857,338,mac_trackPad-block-1-trial-11-target-1,861.0,309.0,30.0,False,Pointer Move (Standard mouse)
1786100449.003456,858,337,mac_trackPad-block-1-trial-11-target-1,861.0,309.0,30.0,False,Pointer Move (Standard mouse)
1786100449.010794,858,337,mac_trackPad-block-1-trial-11-target-1,861.0,309.0,30.0,False,Pointer Move (Standard mouse)
1786100449.027235,858,337,mac_trackPad-block-1-trial-11-target-1,861.0,309.0,30.0,False,Pointer Move (Standard mouse)
1786100449.0447721,858,336,mac_trackPad-block-1-trial-11-target-1,861.0,309.0,30.0,False,Pointer Move (Standard mouse)
1786100449.205056,858,336,mac_trackPad-block-1-trial-11-target-1,861.0,309.0,30.0,False,Pointer Move (Standard mouse)
1786100449.221375,858,336,mac_trackPad-block-1-trial-11-target-1,861.0,309.0,30.0,False,Pointer Move (Standard mouse)
1786100449.2481549,858,336,mac_trackPad-block-1-trial-11-target-1,861.0,309.0,30.0,target_selected,target_selected
1786100449.5043,858,335,mac_trackPad-block-1-trial-12-target-5,579.0,591.0,30.0,False,Pointer Move (Standard mouse)
1786100449.512413,858,337,mac_trackPad-block-1-trial-12-target-5,579.0,591.0,30.0,False,Pointer Move (Standard mouse)
1786100449.520195,857,342,mac_trackPad-block-1-trial-12-target-5,579.0,591.0,30.0,False,Pointer Move (Standard mouse)
1786100449.528607,853,349,mac_trackPad-block-1-trial-12-target-5,579.0,591.0,30.0,False,Pointer Move (Standard mouse)
1786100449.5366771,848,360,mac_trackPad-block-1-trial-12-target-5,579.0,591.0,30.0,False,Pointer Move (Standard mouse)
1786100449.544671,840,372,mac_trackPad-block-1-trial-12-target-5,579.0,591.0,30.0,False,Pointer Move (Standard mouse)
1786100449.553042,816,402,mac_trackPad-block-1-trial-12-target-5,579.0,591.0,30.0,False,Pointer Move (Standard mouse)
1786100449.560819,810,411,mac_trackPad-block-1-trial-12-target-5,579.0,591.0,30.0,False,Pointer Move (Standard mouse)
1786100449.569143,796,431,mac_trackPad-block-1-trial-12-target-5,579.0,591.0,30.0,False,Pointer Move (Standard mouse)
1786100449.576877,785,450,mac_trackPad-block-1-trial-12-target-5,579.0,591.0,30.0,False,Pointer Move (Standard mouse)
1786100449.584973,768,473,mac_trackPad-block-1-trial-12-target-5,579.0,591.0,30.0,False,Pointer Move (Standard mouse)
1786100449.593249,757,492,mac_trackPad-block-1-trial-12-target-5,579.0,591.0,30.0,False,Pointer Move (Standard mouse)
1786100449.601352,745,505,mac_trackPad-block-1-trial-12-target-5,579.0,591.0,30.0,False,Pointer Move (Standard mouse)
1786100449.609248,733,519,mac_trackPad-block-1-trial-12-target-5,579.0,591.0,30.0,False,Pointer Move (Standard mouse)
1786100449.617564,723,534,mac_trackPad-block-1-trial-12-target-5,579.0,591.0,30.0,False,Pointer Move (Standard mouse)
1786100449.625526,714,545,mac_trackPad-block-1-trial-12-target-5,579.0,591.0,30.0,False,Pointer Move (Standard mouse)
1786100449.633535,705,556,mac_trackPad-block-1-trial-12-target-5,579.0,591.0,30.0,False,Pointer Move (Standard mouse)
1786100449.641684,703,557,mac_trackPad-block-1-trial-12-target-5,579.0,591.0,30.0,False,Pointer Move (Standard mouse)
1786100449.6500769,695,563,mac_trackPad-block-1-trial-12-target-5,579.0,591.0,30.0,False,Pointer Move (Standard mouse)
1786100449.658437,691,569,mac_trackPad-block-1-trial-12-target-5,579.0,591.0,30.0,False,Pointer Move (Standard mouse)
1786100449.66672,686,571,mac_trackPad-block-1-trial-12-target-5,579.0,591.0,30.0,False,Pointer Move (Standard mouse)
1786100449.674148,683,574,mac_trackPad-block-1-trial-12-target-5,579.0,591.0,30.0,False,Pointer Move (Standard mouse)
1786100449.6821382,680,577,mac_trackPad-block-1-trial-12-target-5,579.0,591.0,30.0,False,Pointer Move (Standard mouse)
1786100449.690231,678,577,mac_trackPad-block-1-trial-12-target-5,579.0,591.0,30.0,False,Pointer Move (Standard mouse)
1786100449.698708,676,579,mac_trackPad-block-1-trial-12-target-5,579.0,591.0,30.0,False,Pointer Move (Standard mouse)
1786100449.70642,675,580,mac_trackPad-block-1-trial-12-target-5,579.0,591.0,30.0,False,Pointer Move (Standard mouse)
1786100449.7145338,673,581,mac_trackPad-block-1-trial-12-target-5,579.0,591.0,30.0,False,Pointer Move (Standard mouse)
1786100449.7232552,671,582,mac_trackPad-block-1-trial-12-target-5,579.0,591.0,30.0,False,Pointer Move (Standard mouse)
1786100449.730665,669,583,mac_trackPad-block-1-trial-12-target-5,579.0,591.0,30.0,False,Pointer Move (Standard mouse)
1786100449.738749,667,583,mac_trackPad-block-1-trial-12-target-5,579.0,591.0,30.0,False,Pointer Move (Standard mouse)
1786100449.746892,665,584,mac_trackPad-block-1-trial-12-target-5,579.0,591.0,30.0,False,Pointer Move (Standard mouse)
1786100449.75507,663,585,mac_trackPad-block-1-trial-12-target-5,579.0,591.0,30.0,False,Pointer Move (Standard mouse)
1786100449.763019,661,586,mac_trackPad-block-1-trial-12-target-5,579.0,591.0,30.0,False,Pointer Move (Standard mouse)
1786100449.771208,658,587,mac_trackPad-block-1-trial-12-target-5,579.0,591.0,30.0,False,Pointer Move (Standard mouse)
1786100449.779626,656,588,mac_trackPad-block-1-trial-12-target-5,579.0,591.0,30.0,False,Pointer Move (Standard mouse)
1786100449.787528,653,590,mac_trackPad-block-1-trial-12-target-5,579.0,591.0,30.0,False,Pointer Move (Standard mouse)
1786100449.7954078,651,591,mac_trackPad-block-1-trial-12-target-5,579.0,591.0,30.0,False,Pointer Move (Standard mouse)
1786100449.803411,648,592,mac_trackPad-block-1-trial-12-target-5,579.0,591.0,30.0,False,Pointer Move (Standard mouse)
1786100449.811806,646,593,mac_trackPad-block-1-trial-12-target-5,579.0,591.0,30.0,False,Pointer Move (Standard mouse)
1786100449.819712,644,594,mac_trackPad-block-1-trial-12-target-5,579.0,591.0,30.0,False,Pointer Move (Standard mouse)
1786100449.827687,642,594,mac_trackPad-block-1-trial-12-target-5,579.0,591.0,30.0,False,Pointer Move (Standard mouse)
1786100449.836129,640,594,mac_trackPad-block-1-trial-12-target-5,579.0,591.0,30.0,False,Pointer Move (Standard mouse)
1786100449.843863,639,594,mac_trackPad-block-1-trial-12-target-5,579.0,591.0,30.0,False,Pointer Move (Standard mouse)
1786100449.852051,637,594,mac_trackPad-block-1-trial-12-target-5,579.0,591.0,30.0,False,Pointer Move (Standard mouse)
1786100449.859945,635,594,mac_trackPad-block-1-trial-12-target-5,579.0,591.0,30.0,False,Pointer Move (Standard mouse)
1786100449.868161,634,594,mac_trackPad-block-1-trial-12-target-5,579.0,591.0,30.0,False,Pointer Move (Standard mouse)
1786100449.876245,632,594,mac_trackPad-block-1-trial-12-target-5,579.0,591.0,30.0,False,Pointer Move (Standard mouse)
1786100449.884202,630,594,mac_trackPad-block-1-trial-12-target-5,579.0,591.0,30.0,False,Pointer Move (Standard mouse)
1786100449.892315,628,594,mac_trackPad-block-1-trial-12-target-5,579.0,591.0,30.0,False,Pointer Move (Standard mouse)
1786100449.900793,626,593,mac_trackPad-block-1-trial-12-target-5,579.0,591.0,30.0,False,Pointer Move (Standard mouse)
1786100449.9087842,624,592,mac_trackPad-block-1-trial-12-target-5,579.0,591.0,30.0,False,Pointer Move (Standard mouse)
1786100449.9176981,622,592,mac_trackPad-block-1-trial-12-target-5,579.0,591.0,30.0,False,Pointer Move (Standard mouse)
1786100449.925039,621,591,mac_trackPad-block-1-trial-12-target-5,579.0,591.0,30.0,False,Pointer Move (Standard mouse)
1786100449.932988,619,591,mac_trackPad-block-1-trial-12-target-5,579.0,591.0,30.0,False,Pointer Move (Standard mouse)
1786100449.941022,618,590,mac_trackPad-block-1-trial-12-target-5,579.0,591.0,30.0,False,Pointer Move (Standard mouse)
1786100449.949323,616,590,mac_trackPad-block-1-trial-12-target-5,579.0,591.0,30.0,False,Pointer Move (Standard mouse)
1786100449.957385,615,590,mac_trackPad-block-1-trial-12-target-5,579.0,591.0,30.0,False,Pointer Move (Standard mouse)
1786100449.965157,614,590,mac_trackPad-block-1-trial-12-target-5,579.0,591.0,30.0,False,Pointer Move (Standard mouse)
1786100449.973214,612,589,mac_trackPad-block-1-trial-12-target-5,579.0,591.0,30.0,False,Pointer Move (Standard mouse)
1786100449.9813602,611,588,mac_trackPad-block-1-trial-12-target-5,579.0,591.0,30.0,False,Pointer Move (Standard mouse)
1786100449.9894001,610,588,mac_trackPad-block-1-trial-12-target-5,579.0,591.0,30.0,False,Pointer Move (Standard mouse)
1786100449.997569,609,588,mac_trackPad-block-1-trial-12-target-5,579.0,591.0,30.0,False,Pointer Move (Standard mouse)
1786100450.005633,607,588,mac_trackPad-block-1-trial-12-target-5,579.0,591.0,30.0,False,Pointer Move (Standard mouse)
1786100450.013684,606,588,mac_trackPad-block-1-trial-12-target-5,579.0,591.0,30.0,False,Pointer Move (Standard mouse)
1786100450.02191,604,587,mac_trackPad-block-1-trial-12-target-5,579.0,591.0,30.0,False,Pointer Move (Standard mouse)
1786100450.029988,602,587,mac_trackPad-block-1-trial-12-target-5,579.0,591.0,30.0,False,Pointer Move (Standard mouse)
1786100450.037924,601,587,mac_trackPad-block-1-trial-12-target-5,579.0,591.0,30.0,False,Pointer Move (Standard mouse)
1786100450.04597,600,587,mac_trackPad-block-1-trial-12-target-5,579.0,591.0,30.0,False,Pointer Move (Standard mouse)
1786100450.054048,599,587,mac_trackPad-block-1-trial-12-target-5,579.0,591.0,30.0,False,Pointer Move (Standard mouse)
1786100450.062262,598,587,mac_trackPad-block-1-trial-12-target-5,579.0,591.0,30.0,False,Pointer Move (Standard mouse)
1786100450.070268,597,587,mac_trackPad-block-1-trial-12-target-5,579.0,591.0,30.0,False,Pointer Move (Standard mouse)
1786100450.0783648,597,587,mac_trackPad-block-1-trial-12-target-5,579.0,591.0,30.0,False,Pointer Move (Standard mouse)
1786100450.08623,597,587,mac_trackPad-block-1-trial-12-target-5,579.0,591.0,30.0,False,Pointer Move (Standard mouse)
1786100450.119015,596,587,mac_trackPad-block-1-trial-12-target-5,579.0,591.0,30.0,False,Pointer Move (Standard mouse)
1786100450.1470048,596,587,mac_trackPad-block-1-trial-12-target-5,579.0,591.0,30.0,target_selected,target_selected
1786100450.523714,596,587,mac_trackPad-block-1-trial-13-target-1,861.0,309.0,30.0,False,Pointer Move (Standard mouse)
1786100450.531441,597,580,mac_trackPad-block-1-trial-13-target-1,861.0,309.0,30.0,False,Pointer Move (Standard mouse)
1786100450.539485,602,573,mac_trackPad-block-1-trial-13-target-1,861.0,309.0,30.0,False,Pointer Move (Standard mouse)
1786100450.5474508,609,566,mac_trackPad-block-1-trial-13-target-1,861.0,309.0,30.0,False,Pointer Move (Standard mouse)
1786100450.55552,617,551,mac_trackPad-block-1-trial-13-target-1,861.0,309.0,30.0,False,Pointer Move (Standard mouse)
1786100450.563622,630,535,mac_trackPad-block-1-trial-13-target-1,861.0,309.0,30.0,False,Pointer Move (Standard mouse)
1786100450.571788,643,518,mac_trackPad-block-1-trial-13-target-1,861.0,309.0,30.0,False,Pointer Move (Standard mouse)
1786100450.579791,659,500,mac_trackPad-block-1-trial-13-target-1,861.0,309.0,30.0,False,Pointer Move (Standard mouse)
1786100450.5877461,672,484,mac_trackPad-block-1-trial-13-target-1,861.0,309.0,30.0,False,Pointer Move (Standard mouse)
1786100450.595731,686,469,mac_trackPad-block-1-trial-13-target-1,861.0,309.0,30.0,False,Pointer Move (Standard mouse)
1786100450.603989,691,463,mac_trackPad-block-1-trial-13-target-1,861.0,309.0,30.0,False,Pointer Move (Standard mouse)
1786100450.612105,699,455,mac_trackPad-block-1-trial-13-target-1,861.0,309.0,30.0,False,Pointer Move (Standard mouse)
1786100450.6199949,705,447,mac_trackPad-block-1-trial-13-target-1,861.0,309.0,30.0,False,Pointer Move (Standard mouse)
1786100450.628033,712,441,mac_trackPad-block-1-trial-13-target-1,861.0,309.0,30.0,False,Pointer Move (Standard mouse)
1786100450.636545,716,437,mac_trackPad-block-1-trial-13-target-1,861.0,309.0,30.0,False,Pointer Move (Standard mouse)
1786100450.644424,719,435,mac_trackPad-block-1-trial-13-target-1,861.0,309.0,30.0,False,Pointer Move (Standard mouse)
1786100450.6527739,722,432,mac_trackPad-block-1-trial-13-target-1,861.0,309.0,30.0,False,Pointer Move (Standard mouse)
1786100450.660429,723,431,mac_trackPad-block-1-trial-13-target-1,861.0,309.0,30.0,False,Pointer Move (Standard mouse)
1786100450.668719,724,430,mac_trackPad-block-1-trial-13-target-1,861.0,309.0,30.0,False,Pointer Move (Standard mouse)
1786100450.6765702,725,429,mac_trackPad-block-1-trial-13-target-1,861.0,309.0,30.0,False,Pointer Move (Standard mouse)
1786100450.684706,726,428,mac_trackPad-block-1-trial-13-target-1,861.0,309.0,30.0,False,Pointer Move (Standard mouse)
1786100450.693253,728,427,mac_trackPad-block-1-trial-13-target-1,861.0,309.0,30.0,False,Pointer Move (Standard mouse)
1786100450.701044,732,423,mac_trackPad-block-1-trial-13-target-1,861.0,309.0,30.0,False,Pointer Move (Standard mouse)
1786100450.708907,734,420,mac_trackPad-block-1-trial-13-target-1,861.0,309.0,30.0,False,Pointer Move (Standard mouse)
1786100450.7170181,739,415,mac_trackPad-block-1-trial-13-target-1,861.0,309.0,30.0,False,Pointer Move (Standard mouse)
1786100450.725365,743,412,mac_trackPad-block-1-trial-13-target-1,861.0,309.0,30.0,False,Pointer Move (Standard mouse)
1786100450.733759,747,406,mac_trackPad-block-1-trial-13-target-1,861.0,309.0,30.0,False,Pointer Move (Standard mouse)
1786100450.74145,752,402,mac_trackPad-block-1-trial-13-target-1,861.0,309.0,30.0,False,Pointer Move (Standard mouse)
1786100450.749568,757,396,mac_trackPad-block-1-trial-13-target-1,861.0,309.0,30.0,False,Pointer Move (Standard mouse)
1786100450.757906,763,390,mac_trackPad-block-1-trial-13-target-1,861.0,309.0,30.0,False,Pointer Move (Standard mouse)
1786100450.765852,768,385,mac_trackPad-block-1-trial-13-target-1,861.0,309.0,30.0,False,Pointer Move (Standard mouse)
1786100450.773859,773,380,mac_trackPad-block-1-trial-13-target-1,861.0,309.0,30.0,False,Pointer Move (Standard mouse)
1786100450.7818072,777,375,mac_trackPad-block-1-trial-13-target-1,861.0,309.0,30.0,False,Pointer Move (Standard mouse)
1786100450.789967,783,370,mac_trackPad-block-1-trial-13-target-1,861.0,309.0,30.0,False,Pointer Move (Standard mouse)
1786100450.797994,786,366,mac_trackPad-block-1-trial-13-target-1,861.0,309.0,30.0,False,Pointer Move (Standard mouse)
1786100450.806117,790,363,mac_trackPad-block-1-trial-13-target-1,861.0,309.0,30.0,False,Pointer Move (Standard mouse)
1786100450.814367,794,359,mac_trackPad-block-1-trial-13-target-1,861.0,309.0,30.0,False,Pointer Move (Standard mouse)
1786100450.8223512,796,356,mac_trackPad-block-1-trial-13-target-1,861.0,309.0,30.0,False,Pointer Move (Standard mouse)
1786100450.830805,798,354,mac_trackPad-block-1-trial-13-target-1,861.0,309.0,30.0,False,Pointer Move (Standard mouse)
1786100450.838442,800,352,mac_trackPad-block-1-trial-13-target-1,861.0,309.0,30.0,False,Pointer Move (Standard mouse)
1786100450.84659,802,351,mac_trackPad-block-1-trial-13-target-1,861.0,309.0,30.0,False,Pointer Move (Standard mouse)
1786100450.854748,803,349,mac_trackPad-block-1-trial-13-target-1,861.0,309.0,30.0,False,Pointer Move (Standard mouse)
1786100450.862755,805,348,mac_trackPad-block-1-trial-13-target-1,861.0,309.0,30.0,False,Pointer Move (Standard mouse)
1786100450.871028,806,346,mac_trackPad-block-1-trial-13-target-1,861.0,309.0,30.0,False,Pointer Move (Standard mouse)
1786100450.878983,807,345,mac_trackPad-block-1-trial-13-target-1,861.0,309.0,30.0,False,Pointer Move (Standard mouse)
1786100450.88711,809,344,mac_trackPad-block-1-trial-13-target-1,861.0,309.0,30.0,False,Pointer Move (Standard mouse)
1786100450.895344,812,341,mac_trackPad-block-1-trial-13-target-1,861.0,309.0,30.0,False,Pointer Move (Standard mouse)
1786100450.90329,814,339,mac_trackPad-block-1-trial-13-target-1,861.0,309.0,30.0,False,Pointer Move (Standard mouse)
1786100450.9113758,816,338,mac_trackPad-block-1-trial-13-target-1,861.0,309.0,30.0,False,Pointer Move (Standard mouse)
1786100450.919439,818,335,mac_trackPad-block-1-trial-13-target-1,861.0,309.0,30.0,False,Pointer Move (Standard mouse)
1786100450.927437,822,333,mac_trackPad-block-1-trial-13-target-1,861.0,309.0,30.0,False,Pointer Move (Standard mouse)
1786100450.935582,824,332,mac_trackPad-block-1-trial-13-target-1,861.0,309.0,30.0,False,Pointer Move (Standard mouse)
1786100450.94366,826,330,mac_trackPad-block-1-trial-13-target-1,861.0,309.0,30.0,False,Pointer Move (Standard mouse)
1786100450.951675,828,329,mac_trackPad-block-1-trial-13-target-1,861.0,309.0,30.0,False,Pointer Move (Standard mouse)
1786100450.959709,829,328,mac_trackPad-block-1-trial-13-target-1,861.0,309.0,30.0,False,Pointer Move (Standard mouse)
1786100450.967954,830,327,mac_trackPad-block-1-trial-13-target-1,861.0,309.0,30.0,False,Pointer Move (Standard mouse)
1786100450.976013,831,326,mac_trackPad-block-1-trial-13-target-1,861.0,309.0,30.0,False,Pointer Move (Standard mouse)
1786100450.984097,832,326,mac_trackPad-block-1-trial-13-target-1,861.0,309.0,30.0,False,Pointer Move (Standard mouse)
1786100450.992248,833,325,mac_trackPad-block-1-trial-13-target-1,861.0,309.0,30.0,False,Pointer Move (Standard mouse)
1786100451.000184,833,325,mac_trackPad-block-1-trial-13-target-1,861.0,309.0,30.0,False,Pointer Move (Standard mouse)
1786100451.008445,834,325,mac_trackPad-block-1-trial-13-target-1,861.0,309.0,30.0,False,Pointer Move (Standard mouse)
1786100451.0165582,834,325,mac_trackPad-block-1-trial-13-target-1,861.0,309.0,30.0,False,Pointer Move (Standard mouse)
1786100451.024457,834,325,mac_trackPad-block-1-trial-13-target-1,861.0,309.0,30.0,False,Pointer Move (Standard mouse)
1786100451.032599,835,324,mac_trackPad-block-1-trial-13-target-1,861.0,309.0,30.0,False,Pointer Move (Standard mouse)
1786100451.040734,835,324,mac_trackPad-block-1-trial-13-target-1,861.0,309.0,30.0,False,Pointer Move (Standard mouse)
1786100451.0486772,835,324,mac_trackPad-block-1-trial-13-target-1,861.0,309.0,30.0,False,Pointer Move (Standard mouse)
1786100451.056759,835,324,mac_trackPad-block-1-trial-13-target-1,861.0,309.0,30.0,False,Pointer Move (Standard mouse)
1786100451.065057,836,324,mac_trackPad-block-1-trial-13-target-1,861.0,309.0,30.0,False,Pointer Move (Standard mouse)
1786100451.089227,836,324,mac_trackPad-block-1-trial-13-target-1,861.0,309.0,30.0,False,Pointer Move (Standard mouse)
1786100451.09761,836,324,mac_trackPad-block-1-trial-13-target-1,861.0,309.0,30.0,False,Pointer Move (Standard mouse)
1786100451.10546,836,324,mac_trackPad-block-1-trial-13-target-1,861.0,309.0,30.0,False,Pointer Move (Standard mouse)
1786100451.113573,837,323,mac_trackPad-block-1-trial-13-target-1,861.0,309.0,30.0,False,Pointer Move (Standard mouse)
1786100451.121669,837,323,mac_trackPad-block-1-trial-13-target-1,861.0,309.0,30.0,False,Pointer Move (Standard mouse)
1786100451.129694,838,322,mac_trackPad-block-1-trial-13-target-1,861.0,309.0,30.0,False,Pointer Move (Standard mouse)
1786100451.137735,839,322,mac_trackPad-block-1-trial-13-target-1,861.0,309.0,30.0,False,Pointer Move (Standard mouse)
1786100451.145995,839,321,mac_trackPad-block-1-trial-13-target-1,861.0,309.0,30.0,False,Pointer Move (Standard mouse)
1786100451.153899,840,320,mac_trackPad-block-1-trial-13-target-1,861.0,309.0,30.0,False,Pointer Move (Standard mouse)
1786100451.1619468,841,319,mac_trackPad-block-1-trial-13-target-1,861.0,309.0,30.0,False,Pointer Move (Standard mouse)
1786100451.170134,842,318,mac_trackPad-block-1-trial-13-target-1,861.0,309.0,30.0,False,Pointer Move (Standard mouse)
1786100451.178328,844,316,mac_trackPad-block-1-trial-13-target-1,861.0,309.0,30.0,False,Pointer Move (Standard mouse)
1786100451.18656,845,315,mac_trackPad-block-1-trial-13-target-1,861.0,309.0,30.0,False,Pointer Move (Standard mouse)
1786100451.194419,846,314,mac_trackPad-block-1-trial-13-target-1,861.0,309.0,30.0,False,Pointer Move (Standard mouse)
1786100451.202477,847,313,mac_trackPad-block-1-trial-13-target-1,861.0,309.0,30.0,False,Pointer Move (Standard mouse)
1786100451.210412,848,312,mac_trackPad-block-1-trial-13-target-1,861.0,309.0,30.0,False,Pointer Move (Standard mouse)
1786100451.218653,848,310,mac_trackPad-block-1-trial-13-target-1,861.0,309.0,30.0,False,Pointer Move (Standard mouse)
1786100451.226628,849,309,mac_trackPad-block-1-trial-13-target-1,861.0,309.0,30.0,False,Pointer Move (Standard mouse)
1786100451.234661,850,309,mac_trackPad-block-1-trial-13-target-1,861.0,309.0,30.0,False,Pointer Move (Standard mouse)
1786100451.2429252,850,309,mac_trackPad-block-1-trial-13-target-1,861.0,309.0,30.0,False,Pointer Move (Standard mouse)
1786100451.2510002,851,308,mac_trackPad-block-1-trial-13-target-1,861.0,309.0,30.0,False,Pointer Move (Standard mouse)
1786100451.259203,851,308,mac_trackPad-block-1-trial-13-target-1,861.0,309.0,30.0,False,Pointer Move (Standard mouse)
1786100451.267245,851,308,mac_trackPad-block-1-trial-13-target-1,861.0,309.0,30.0,False,Pointer Move (Standard mouse)
1786100451.297279,851,308,mac_trackPad-block-1-trial-13-target-1,861.0,309.0,30.0,target_selected,target_selected
1786100451.469426,850,308,mac_trackPad-block-1-trial-14-target-5,579.0,591.0,30.0,False,Pointer Move (Standard mouse)
1786100451.47718,844,311,mac_trackPad-block-1-trial-14-target-5,579.0,591.0,30.0,False,Pointer Move (Standard mouse)
1786100451.48552,830,321,mac_trackPad-block-1-trial-14-target-5,579.0,591.0,30.0,False,Pointer Move (Standard mouse)
1786100451.493782,814,334,mac_trackPad-block-1-trial-14-target-5,579.0,591.0,30.0,False,Pointer Move (Standard mouse)
1786100451.5017312,796,350,mac_trackPad-block-1-trial-14-target-5,579.0,591.0,30.0,False,Pointer Move (Standard mouse)
1786100451.509588,776,366,mac_trackPad-block-1-trial-14-target-5,579.0,591.0,30.0,False,Pointer Move (Standard mouse)
1786100451.517699,768,371,mac_trackPad-block-1-trial-14-target-5,579.0,591.0,30.0,False,Pointer Move (Standard mouse)
1786100451.5259259,749,392,mac_trackPad-block-1-trial-14-target-5,579.0,591.0,30.0,False,Pointer Move (Standard mouse)
1786100451.534632,731,408,mac_trackPad-block-1-trial-14-target-5,579.0,591.0,30.0,False,Pointer Move (Standard mouse)
1786100451.542264,713,419,mac_trackPad-block-1-trial-14-target-5,579.0,591.0,30.0,False,Pointer Move (Standard mouse)
1786100451.550287,710,422,mac_trackPad-block-1-trial-14-target-5,579.0,591.0,30.0,False,Pointer Move (Standard mouse)
1786100451.558315,702,430,mac_trackPad-block-1-trial-14-target-5,579.0,591.0,30.0,False,Pointer Move (Standard mouse)
1786100451.566388,695,435,mac_trackPad-block-1-trial-14-target-5,579.0,591.0,30.0,False,Pointer Move (Standard mouse)
1786100451.5747359,691,439,mac_trackPad-block-1-trial-14-target-5,579.0,591.0,30.0,False,Pointer Move (Standard mouse)
1786100451.582549,687,442,mac_trackPad-block-1-trial-14-target-5,579.0,591.0,30.0,False,Pointer Move (Standard mouse)
1786100451.590566,683,445,mac_trackPad-block-1-trial-14-target-5,579.0,591.0,30.0,False,Pointer Move (Standard mouse)
1786100451.598635,681,446,mac_trackPad-block-1-trial-14-target-5,579.0,591.0,30.0,False,Pointer Move (Standard mouse)
1786100451.606821,679,448,mac_trackPad-block-1-trial-14-target-5,579.0,591.0,30.0,False,Pointer Move (Standard mouse)
1786100451.615034,675,450,mac_trackPad-block-1-trial-14-target-5,579.0,591.0,30.0,False,Pointer Move (Standard mouse)
1786100451.6232681,672,452,mac_trackPad-block-1-trial-14-target-5,579.0,591.0,30.0,False,Pointer Move (Standard mouse)
1786100451.631646,670,453,mac_trackPad-block-1-trial-14-target-5,579.0,591.0,30.0,False,Pointer Move (Standard mouse)
1786100451.639662,667,455,mac_trackPad-block-1-trial-14-target-5,579.0,591.0,30.0,False,Pointer Move (Standard mouse)
1786100451.6472142,664,456,mac_trackPad-block-1-trial-14-target-5,579.0,591.0,30.0,False,Pointer Move (Standard mouse)
1786100451.655346,661,459,mac_trackPad-block-1-trial-14-target-5,579.0,591.0,30.0,False,Pointer Move (Standard mouse)
1786100451.663358,658,460,mac_trackPad-block-1-trial-14-target-5,579.0,591.0,30.0,False,Pointer Move (Standard mouse)
1786100451.6714501,655,462,mac_trackPad-block-1-trial-14-target-5,579.0,591.0,30.0,False,Pointer Move (Standard mouse)
1786100451.6796129,653,463,mac_trackPad-block-1-trial-14-target-5,579.0,591.0,30.0,False,Pointer Move (Standard mouse)
1786100451.687567,650,466,mac_trackPad-block-1-trial-14-target-5,579.0,591.0,30.0,False,Pointer Move (Standard mouse)
1786100451.6955268,648,467,mac_trackPad-block-1-trial-14-target-5,579.0,591.0,30.0,False,Pointer Move (Standard mouse)
1786100451.7036722,646,468,mac_trackPad-block-1-trial-14-target-5,579.0,591.0,30.0,False,Pointer Move (Standard mouse)
1786100451.711722,644,469,mac_trackPad-block-1-trial-14-target-5,579.0,591.0,30.0,False,Pointer Move (Standard mouse)
1786100451.719902,642,470,mac_trackPad-block-1-trial-14-target-5,579.0,591.0,30.0,False,Pointer Move (Standard mouse)
1786100451.728086,641,471,mac_trackPad-block-1-trial-14-target-5,579.0,591.0,30.0,False,Pointer Move (Standard mouse)
1786100451.73613,639,472,mac_trackPad-block-1-trial-14-target-5,579.0,591.0,30.0,False,Pointer Move (Standard mouse)
1786100451.744147,637,473,mac_trackPad-block-1-trial-14-target-5,579.0,591.0,30.0,False,Pointer Move (Standard mouse)
1786100451.7522812,635,476,mac_trackPad-block-1-trial-14-target-5,579.0,591.0,30.0,False,Pointer Move (Standard mouse)
1786100451.760414,633,477,mac_trackPad-block-1-trial-14-target-5,579.0,591.0,30.0,False,Pointer Move (Standard mouse)
1786100451.768532,631,478,mac_trackPad-block-1-trial-14-target-5,579.0,591.0,30.0,False,Pointer Move (Standard mouse)
1786100451.7765539,628,481,mac_trackPad-block-1-trial-14-target-5,579.0,591.0,30.0,False,Pointer Move (Standard mouse)
1786100451.784666,625,485,mac_trackPad-block-1-trial-14-target-5,579.0,591.0,30.0,False,Pointer Move (Standard mouse)
1786100451.79285,622,489,mac_trackPad-block-1-trial-14-target-5,579.0,591.0,30.0,False,Pointer Move (Standard mouse)
1786100451.800781,618,494,mac_trackPad-block-1-trial-14-target-5,579.0,591.0,30.0,False,Pointer Move (Standard mouse)
1786100451.808815,615,499,mac_trackPad-block-1-trial-14-target-5,579.0,591.0,30.0,False,Pointer Move (Standard mouse)
1786100451.8171,613,502,mac_trackPad-block-1-trial-14-target-5,579.0,591.0,30.0,False,Pointer Move (Standard mouse)
1786100451.8253272,610,509,mac_trackPad-block-1-trial-14-target-5,579.0,591.0,30.0,False,Pointer Move (Standard mouse)
1786100451.83322,607,514,mac_trackPad-block-1-trial-14-target-5,579.0,591.0,30.0,False,Pointer Move (Standard mouse)
1786100451.841385,605,520,mac_trackPad-block-1-trial-14-target-5,579.0,591.0,30.0,False,Pointer Move (Standard mouse)
1786100451.849341,603,525,mac_trackPad-block-1-trial-14-target-5,579.0,591.0,30.0,False,Pointer Move (Standard mouse)
1786100451.857451,600,530,mac_trackPad-block-1-trial-14-target-5,579.0,591.0,30.0,False,Pointer Move (Standard mouse)
1786100451.865609,599,536,mac_trackPad-block-1-trial-14-target-5,579.0,591.0,30.0,False,Pointer Move (Standard mouse)
1786100451.873686,597,541,mac_trackPad-block-1-trial-14-target-5,579.0,591.0,30.0,False,Pointer Move (Standard mouse)
1786100451.8816059,595,546,mac_trackPad-block-1-trial-14-target-5,579.0,591.0,30.0,False,Pointer Move (Standard mouse)
1786100451.8897731,594,551,mac_trackPad-block-1-trial-14-target-5,579.0,591.0,30.0,False,Pointer Move (Standard mouse)
1786100451.897822,593,556,mac_trackPad-block-1-trial-14-target-5,579.0,591.0,30.0,False,Pointer Move (Standard mouse)
1786100451.908295,592,559,mac_trackPad-block-1-trial-14-target-5,579.0,591.0,30.0,False,Pointer Move (Standard mouse)
1786100451.914216,591,564,mac_trackPad-block-1-trial-14-target-5,579.0,591.0,30.0,False,Pointer Move (Standard mouse)
1786100451.9222841,590,568,mac_trackPad-block-1-trial-14-target-5,579.0,591.0,30.0,False,Pointer Move (Standard mouse)
1786100451.930562,588,573,mac_trackPad-block-1-trial-14-target-5,579.0,591.0,30.0,False,Pointer Move (Standard mouse)
1786100451.937985,587,578,mac_trackPad-block-1-trial-14-target-5,579.0,591.0,30.0,False,Pointer Move (Standard mouse)
1786100451.946319,585,581,mac_trackPad-block-1-trial-14-target-5,579.0,591.0,30.0,False,Pointer Move (Standard mouse)
1786100451.954456,584,586,mac_trackPad-block-1-trial-14-target-5,579.0,591.0,30.0,False,Pointer Move (Standard mouse)
1786100451.96243,584,589,mac_trackPad-block-1-trial-14-target-5,579.0,591.0,30.0,False,Pointer Move (Standard mouse)
1786100451.970748,582,591,mac_trackPad-block-1-trial-14-target-5,579.0,591.0,30.0,False,Pointer Move (Standard mouse)
1786100451.978676,582,593,mac_trackPad-block-1-trial-14-target-5,579.0,591.0,30.0,False,Pointer Move (Standard mouse)
1786100451.986878,581,595,mac_trackPad-block-1-trial-14-target-5,579.0,591.0,30.0,False,Pointer Move (Standard mouse)
1786100451.994925,581,596,mac_trackPad-block-1-trial-14-target-5,579.0,591.0,30.0,False,Pointer Move (Standard mouse)
1786100452.003058,580,597,mac_trackPad-block-1-trial-14-target-5,579.0,591.0,30.0,False,Pointer Move (Standard mouse)
1786100452.011035,580,598,mac_trackPad-block-1-trial-14-target-5,579.0,591.0,30.0,False,Pointer Move (Standard mouse)
1786100452.019508,580,598,mac_trackPad-block-1-trial-14-target-5,579.0,591.0,30.0,False,Pointer Move (Standard mouse)
1786100452.027543,580,598,mac_trackPad-block-1-trial-14-target-5,579.0,591.0,30.0,False,Pointer Move (Standard mouse)
1786100452.03556,579,599,mac_trackPad-block-1-trial-14-target-5,579.0,591.0,30.0,False,Pointer Move (Standard mouse)
1786100452.0435252,579,599,mac_trackPad-block-1-trial-14-target-5,579.0,591.0,30.0,False,Pointer Move (Standard mouse)
1786100452.05151,578,599,mac_trackPad-block-1-trial-14-target-5,579.0,591.0,30.0,False,Pointer Move (Standard mouse)
1786100452.067863,578,599,mac_trackPad-block-1-trial-14-target-5,579.0,591.0,30.0,False,Pointer Move (Standard mouse)
1786100452.075766,578,599,mac_trackPad-block-1-trial-14-target-5,579.0,591.0,30.0,False,Pointer Move (Standard mouse)
1786100452.10019,577,599,mac_trackPad-block-1-trial-14-target-5,579.0,591.0,30.0,False,Pointer Move (Standard mouse)
1786100452.124516,577,599,mac_trackPad-block-1-trial-14-target-5,579.0,591.0,30.0,False,Pointer Move (Standard mouse)
1786100452.146958,577,599,mac_trackPad-block-1-trial-14-target-5,579.0,591.0,30.0,target_selected,target_selected
1786100452.16896,577,598,mac_trackPad-block-1-trial-15-target-1,861.0,309.0,30.0,False,Pointer Move (Standard mouse)
1786100452.334805,577,598,mac_trackPad-block-1-trial-15-target-1,861.0,309.0,30.0,False,Pointer Move (Standard mouse)
1786100452.3426461,580,595,mac_trackPad-block-1-trial-15-target-1,861.0,309.0,30.0,False,Pointer Move (Standard mouse)
1786100452.350889,585,593,mac_trackPad-block-1-trial-15-target-1,861.0,309.0,30.0,False,Pointer Move (Standard mouse)
1786100452.3589709,590,588,mac_trackPad-block-1-trial-15-target-1,861.0,309.0,30.0,False,Pointer Move (Standard mouse)
1786100452.367017,596,584,mac_trackPad-block-1-trial-15-target-1,861.0,309.0,30.0,False,Pointer Move (Standard mouse)
1786100452.3750741,604,575,mac_trackPad-block-1-trial-15-target-1,861.0,309.0,30.0,False,Pointer Move (Standard mouse)
1786100452.383121,612,569,mac_trackPad-block-1-trial-15-target-1,861.0,309.0,30.0,False,Pointer Move (Standard mouse)
1786100452.39135,619,563,mac_trackPad-block-1-trial-15-target-1,861.0,309.0,30.0,False,Pointer Move (Standard mouse)
1786100452.3993049,628,552,mac_trackPad-block-1-trial-15-target-1,861.0,309.0,30.0,False,Pointer Move (Standard mouse)
1786100452.407447,636,546,mac_trackPad-block-1-trial-15-target-1,861.0,309.0,30.0,False,Pointer Move (Standard mouse)
1786100452.4152918,642,538,mac_trackPad-block-1-trial-15-target-1,861.0,309.0,30.0,False,Pointer Move (Standard mouse)
1786100452.423661,648,532,mac_trackPad-block-1-trial-15-target-1,861.0,309.0,30.0,False,Pointer Move (Standard mouse)
1786100452.431773,655,525,mac_trackPad-block-1-trial-15-target-1,861.0,309.0,30.0,False,Pointer Move (Standard mouse)
1786100452.4396958,661,517,mac_trackPad-block-1-trial-15-target-1,861.0,309.0,30.0,False,Pointer Move (Standard mouse)
1786100452.447755,667,510,mac_trackPad-block-1-trial-15-target-1,861.0,309.0,30.0,False,Pointer Move (Standard mouse)
1786100452.455913,673,502,mac_trackPad-block-1-trial-15-target-1,861.0,309.0,30.0,False,Pointer Move (Standard mouse)
1786100452.463829,680,495,mac_trackPad-block-1-trial-15-target-1,861.0,309.0,30.0,False,Pointer Move (Standard mouse)
1786100452.4722939,685,487,mac_trackPad-block-1-trial-15-target-1,861.0,309.0,30.0,False,Pointer Move (Standard mouse)
1786100452.480094,687,485,mac_trackPad-block-1-trial-15-target-1,861.0,309.0,30.0,False,Pointer Move (Standard mouse)
1786100452.48822,691,479,mac_trackPad-block-1-trial-15-target-1,861.0,309.0,30.0,False,Pointer Move (Standard mouse)
1786100452.49633,698,473,mac_trackPad-block-1-trial-15-target-1,861.0,309.0,30.0,False,Pointer Move (Standard mouse)
1786100452.5043259,701,469,mac_trackPad-block-1-trial-15-target-1,861.0,309.0,30.0,False,Pointer Move (Standard mouse)
1786100452.5124888,705,465,mac_trackPad-block-1-trial-15-target-1,861.0,309.0,30.0,False,Pointer Move (Standard mouse)
1786100452.520464,710,460,mac_trackPad-block-1-trial-15-target-1,861.0,309.0,30.0,False,Pointer Move (Standard mouse)
1786100452.528496,714,456,mac_trackPad-block-1-trial-15-target-1,861.0,309.0,30.0,False,Pointer Move (Standard mouse)
1786100452.536983,717,452,mac_trackPad-block-1-trial-15-target-1,861.0,309.0,30.0,False,Pointer Move (Standard mouse)
1786100452.544666,721,449,mac_trackPad-block-1-trial-15-target-1,861.0,309.0,30.0,False,Pointer Move (Standard mouse)
1786100452.553055,724,445,mac_trackPad-block-1-trial-15-target-1,861.0,309.0,30.0,False,Pointer Move (Standard mouse)
1786100452.560983,732,439,mac_trackPad-block-1-trial-15-target-1,861.0,309.0,30.0,False,Pointer Move (Standard mouse)
1786100452.5689979,734,437,mac_trackPad-block-1-trial-15-target-1,861.0,309.0,30.0,False,Pointer Move (Standard mouse)
1786100452.577016,738,433,mac_trackPad-block-1-trial-15-target-1,861.0,309.0,30.0,False,Pointer Move (Standard mouse)
1786100452.5854158,742,429,mac_trackPad-block-1-trial-15-target-1,861.0,309.0,30.0,False,Pointer Move (Standard mouse)
1786100452.593576,747,424,mac_trackPad-block-1-trial-15-target-1,861.0,309.0,30.0,False,Pointer Move (Standard mouse)
1786100452.60164,751,421,mac_trackPad-block-1-trial-15-target-1,861.0,309.0,30.0,False,Pointer Move (Standard mouse)
1786100452.609513,755,415,mac_trackPad-block-1-trial-15-target-1,861.0,309.0,30.0,False,Pointer Move (Standard mouse)
1786100452.6176362,759,412,mac_trackPad-block-1-trial-15-target-1,861.0,309.0,30.0,False,Pointer Move (Standard mouse)
1786100452.6258209,763,408,mac_trackPad-block-1-trial-15-target-1,861.0,309.0,30.0,False,Pointer Move (Standard mouse)
1786100452.634602,767,405,mac_trackPad-block-1-trial-15-target-1,861.0,309.0,30.0,False,Pointer Move (Standard mouse)
1786100452.642402,771,401,mac_trackPad-block-1-trial-15-target-1,861.0,309.0,30.0,False,Pointer Move (Standard mouse)
1786100452.650055,775,398,mac_trackPad-block-1-trial-15-target-1,861.0,309.0,30.0,False,Pointer Move (Standard mouse)
1786100452.657962,783,389,mac_trackPad-block-1-trial-15-target-1,861.0,309.0,30.0,False,Pointer Move (Standard mouse)
1786100452.6660821,787,386,mac_trackPad-block-1-trial-15-target-1,861.0,309.0,30.0,False,Pointer Move (Standard mouse)
1786100452.674398,794,379,mac_trackPad-block-1-trial-15-target-1,861.0,309.0,30.0,False,Pointer Move (Standard mouse)
1786100452.682354,804,372,mac_trackPad-block-1-trial-15-target-1,861.0,309.0,30.0,False,Pointer Move (Standard mouse)
1786100452.690442,815,363,mac_trackPad-block-1-trial-15-target-1,861.0,309.0,30.0,False,Pointer Move (Standard mouse)
1786100452.698451,828,351,mac_trackPad-block-1-trial-15-target-1,861.0,309.0,30.0,False,Pointer Move (Standard mouse)
1786100452.706646,832,347,mac_trackPad-block-1-trial-15-target-1,861.0,309.0,30.0,False,Pointer Move (Standard mouse)
1786100452.714646,843,338,mac_trackPad-block-1-trial-15-target-1,861.0,309.0,30.0,False,Pointer Move (Standard mouse)
1786100452.722872,849,332,mac_trackPad-block-1-trial-15-target-1,861.0,309.0,30.0,False,Pointer Move (Standard mouse)
1786100452.730777,857,326,mac_trackPad-block-1-trial-15-target-1,861.0,309.0,30.0,False,Pointer Move (Standard mouse)
1786100452.7390301,861,322,mac_trackPad-block-1-trial-15-target-1,861.0,309.0,30.0,False,Pointer Move (Standard mouse)
1786100452.747225,864,318,mac_trackPad-block-1-trial-15-target-1,861.0,309.0,30.0,False,Pointer Move (Standard mouse)
1786100452.755156,867,316,mac_trackPad-block-1-trial-15-target-1,861.0,309.0,30.0,False,Pointer Move (Standard mouse)
1786100452.763204,869,313,mac_trackPad-block-1-trial-15-target-1,861.0,309.0,30.0,False,Pointer Move (Standard mouse)
1786100452.771563,870,312,mac_trackPad-block-1-trial-15-target-1,861.0,309.0,30.0,False,Pointer Move (Standard mouse)
1786100452.7795992,871,312,mac_trackPad-block-1-trial-15-target-1,861.0,309.0,30.0,False,Pointer Move (Standard mouse)
1786100452.787542,872,311,mac_trackPad-block-1-trial-15-target-1,861.0,309.0,30.0,False,Pointer Move (Standard mouse)
1786100452.796015,872,311,mac_trackPad-block-1-trial-15-target-1,861.0,309.0,30.0,False,Pointer Move (Standard mouse)
1786100452.803649,873,310,mac_trackPad-block-1-trial-15-target-1,861.0,309.0,30.0,False,Pointer Move (Standard mouse)
1786100452.811539,873,310,mac_trackPad-block-1-trial-15-target-1,861.0,309.0,30.0,False,Pointer Move (Standard mouse)
1786100452.8197162,873,310,mac_trackPad-block-1-trial-15-target-1,861.0,309.0,30.0,False,Pointer Move (Standard mouse)
1786100452.828063,874,309,mac_trackPad-block-1-trial-15-target-1,861.0,309.0,30.0,False,Pointer Move (Standard mouse)
1786100452.836542,875,308,mac_trackPad-block-1-trial-15-target-1,861.0,309.0,30.0,False,Pointer Move (Standard mouse)
1786100452.843984,875,308,mac_trackPad-block-1-trial-15-target-1,861.0,309.0,30.0,False,Pointer Move (Standard mouse)
1786100452.852076,876,307,mac_trackPad-block-1-trial-15-target-1,861.0,309.0,30.0,False,Pointer Move (Standard mouse)
1786100452.860311,876,307,mac_trackPad-block-1-trial-15-target-1,861.0,309.0,30.0,False,Pointer Move (Standard mouse)
1786100452.8767009,876,307,mac_trackPad-block-1-trial-15-target-1,861.0,309.0,30.0,False,Pointer Move (Standard mouse)
1786100452.892478,876,306,mac_trackPad-block-1-trial-15-target-1,861.0,309.0,30.0,False,Pointer Move (Standard mouse)
1786100452.925086,876,306,mac_trackPad-block-1-trial-15-target-1,861.0,309.0,30.0,False,Pointer Move (Standard mouse)
1786100452.965611,876,306,mac_trackPad-block-1-trial-15-target-1,861.0,309.0,30.0,False,Pointer Move (Standard mouse)
1786100452.981639,876,306,mac_trackPad-block-1-trial-15-target-1,861.0,309.0,30.0,False,Pointer Move (Standard mouse)
1786100453.013914,876,306,mac_trackPad-block-1-trial-15-target-1,861.0,309.0,30.0,target_selected,target_selected
1786100453.2003672,875,306,mac_trackPad-block-1-trial-16-target-5,579.0,591.0,30.0,False,Pointer Move (Standard mouse)
1786100453.208323,872,309,mac_trackPad-block-1-trial-16-target-5,579.0,591.0,30.0,False,Pointer Move (Standard mouse)
1786100453.216102,866,313,mac_trackPad-block-1-trial-16-target-5,579.0,591.0,30.0,False,Pointer Move (Standard mouse)
1786100453.2241778,859,319,mac_trackPad-block-1-trial-16-target-5,579.0,591.0,30.0,False,Pointer Move (Standard mouse)
1786100453.2324119,849,325,mac_trackPad-block-1-trial-16-target-5,579.0,591.0,30.0,False,Pointer Move (Standard mouse)
1786100453.240361,841,331,mac_trackPad-block-1-trial-16-target-5,579.0,591.0,30.0,False,Pointer Move (Standard mouse)
1786100453.248451,830,342,mac_trackPad-block-1-trial-16-target-5,579.0,591.0,30.0,False,Pointer Move (Standard mouse)
1786100453.2565582,822,350,mac_trackPad-block-1-trial-16-target-5,579.0,591.0,30.0,False,Pointer Move (Standard mouse)
1786100453.264555,808,362,mac_trackPad-block-1-trial-16-target-5,579.0,591.0,30.0,False,Pointer Move (Standard mouse)
1786100453.272585,798,372,mac_trackPad-block-1-trial-16-target-5,579.0,591.0,30.0,False,Pointer Move (Standard mouse)
1786100453.280658,784,383,mac_trackPad-block-1-trial-16-target-5,579.0,591.0,30.0,False,Pointer Move (Standard mouse)
1786100453.288841,773,394,mac_trackPad-block-1-trial-16-target-5,579.0,591.0,30.0,False,Pointer Move (Standard mouse)
1786100453.296996,760,406,mac_trackPad-block-1-trial-16-target-5,579.0,591.0,30.0,False,Pointer Move (Standard mouse)
1786100453.305297,749,417,mac_trackPad-block-1-trial-16-target-5,579.0,591.0,30.0,False,Pointer Move (Standard mouse)
1786100453.3135118,734,432,mac_trackPad-block-1-trial-16-target-5,579.0,591.0,30.0,False,Pointer Move (Standard mouse)
1786100453.321253,721,443,mac_trackPad-block-1-trial-16-target-5,579.0,591.0,30.0,False,Pointer Move (Standard mouse)
1786100453.32953,704,456,mac_trackPad-block-1-trial-16-target-5,579.0,591.0,30.0,False,Pointer Move (Standard mouse)
1786100453.3372679,693,466,mac_trackPad-block-1-trial-16-target-5,579.0,591.0,30.0,False,Pointer Move (Standard mouse)
1786100453.345304,683,476,mac_trackPad-block-1-trial-16-target-5,579.0,591.0,30.0,False,Pointer Move (Standard mouse)
1786100453.353394,674,485,mac_trackPad-block-1-trial-16-target-5,579.0,591.0,30.0,False,Pointer Move (Standard mouse)
1786100453.361701,671,486,mac_trackPad-block-1-trial-16-target-5,579.0,591.0,30.0,False,Pointer Move (Standard mouse)
1786100453.369657,655,504,mac_trackPad-block-1-trial-16-target-5,579.0,591.0,30.0,False,Pointer Move (Standard mouse)
1786100453.3775492,645,511,mac_trackPad-block-1-trial-16-target-5,579.0,591.0,30.0,False,Pointer Move (Standard mouse)
1786100453.385772,638,518,mac_trackPad-block-1-trial-16-target-5,579.0,591.0,30.0,False,Pointer Move (Standard mouse)
1786100453.395662,631,525,mac_trackPad-block-1-trial-16-target-5,579.0,591.0,30.0,False,Pointer Move (Standard mouse)
1786100453.4020212,622,536,mac_trackPad-block-1-trial-16-target-5,579.0,591.0,30.0,False,Pointer Move (Standard mouse)
1786100453.410074,611,547,mac_trackPad-block-1-trial-16-target-5,579.0,591.0,30.0,False,Pointer Move (Standard mouse)
1786100453.418219,603,555,mac_trackPad-block-1-trial-16-target-5,579.0,591.0,30.0,False,Pointer Move (Standard mouse)
1786100453.426325,599,559,mac_trackPad-block-1-trial-16-target-5,579.0,591.0,30.0,False,Pointer Move (Standard mouse)
1786100453.434436,592,565,mac_trackPad-block-1-trial-16-target-5,579.0,591.0,30.0,False,Pointer Move (Standard mouse)
1786100453.442487,587,573,mac_trackPad-block-1-trial-16-target-5,579.0,591.0,30.0,False,Pointer Move (Standard mouse)
1786100453.4505558,581,577,mac_trackPad-block-1-trial-16-target-5,579.0,591.0,30.0,False,Pointer Move (Standard mouse)
1786100453.458557,577,581,mac_trackPad-block-1-trial-16-target-5,579.0,591.0,30.0,False,Pointer Move (Standard mouse)
1786100453.4667299,576,582,mac_trackPad-block-1-trial-16-target-5,579.0,591.0,30.0,False,Pointer Move (Standard mouse)
1786100453.4753401,574,583,mac_trackPad-block-1-trial-16-target-5,579.0,591.0,30.0,False,Pointer Move (Standard mouse)
1786100453.483135,574,584,mac_trackPad-block-1-trial-16-target-5,579.0,591.0,30.0,False,Pointer Move (Standard mouse)
1786100453.491123,573,585,mac_trackPad-block-1-trial-16-target-5,579.0,591.0,30.0,False,Pointer Move (Standard mouse)
1786100453.499128,572,585,mac_trackPad-block-1-trial-16-target-5,579.0,591.0,30.0,False,Pointer Move (Standard mouse)
1786100453.507224,572,586,mac_trackPad-block-1-trial-16-target-5,579.0,591.0,30.0,False,Pointer Move (Standard mouse)
1786100453.515434,572,586,mac_trackPad-block-1-trial-16-target-5,579.0,591.0,30.0,False,Pointer Move (Standard mouse)
1786100453.531539,572,586,mac_trackPad-block-1-trial-16-target-5,579.0,591.0,30.0,False,Pointer Move (Standard mouse)
1786100453.5396092,572,586,mac_trackPad-block-1-trial-16-target-5,579.0,591.0,30.0,False,Pointer Move (Standard mouse)
1786100453.5475461,571,586,mac_trackPad-block-1-trial-16-target-5,579.0,591.0,30.0,False,Pointer Move (Standard mouse)
1786100453.555638,571,586,mac_trackPad-block-1-trial-16-target-5,579.0,591.0,30.0,False,Pointer Move (Standard mouse)
1786100453.563773,571,586,mac_trackPad-block-1-trial-16-target-5,579.0,591.0,30.0,False,Pointer Move (Standard mouse)
1786100453.579804,570,587,mac_trackPad-block-1-trial-16-target-5,579.0,591.0,30.0,False,Pointer Move (Standard mouse)
1786100453.604508,570,587,mac_trackPad-block-1-trial-16-target-5,579.0,591.0,30.0,False,Pointer Move (Standard mouse)
1786100453.6205351,570,587,mac_trackPad-block-1-trial-16-target-5,579.0,591.0,30.0,False,Pointer Move (Standard mouse)
1786100453.6609101,570,587,mac_trackPad-block-1-trial-16-target-5,579.0,591.0,30.0,False,Pointer Move (Standard mouse)
1786100453.730169,570,587,mac_trackPad-block-1-trial-16-target-5,579.0,591.0,30.0,target_selected,target_selected
1786100453.9281468,570,586,mac_trackPad-block-2-trial-1-target-6,570.0,450.0,37.5,False,Pointer Move (Standard mouse)
1786100453.935732,574,583,mac_trackPad-block-2-trial-1-target-6,570.0,450.0,37.5,False,Pointer Move (Standard mouse)
1786100453.943699,578,580,mac_trackPad-block-2-trial-1-target-6,570.0,450.0,37.5,False,Pointer Move (Standard mouse)
1786100453.951788,584,576,mac_trackPad-block-2-trial-1-target-6,570.0,450.0,37.5,False,Pointer Move (Standard mouse)
1786100453.959763,589,573,mac_trackPad-block-2-trial-1-target-6,570.0,450.0,37.5,False,Pointer Move (Standard mouse)
1786100453.967977,594,569,mac_trackPad-block-2-trial-1-target-6,570.0,450.0,37.5,False,Pointer Move (Standard mouse)
1786100453.976139,595,568,mac_trackPad-block-2-trial-1-target-6,570.0,450.0,37.5,False,Pointer Move (Standard mouse)
1786100453.984299,609,557,mac_trackPad-block-2-trial-1-target-6,570.0,450.0,37.5,False,Pointer Move (Standard mouse)
1786100453.992222,613,555,mac_trackPad-block-2-trial-1-target-6,570.0,450.0,37.5,False,Pointer Move (Standard mouse)
1786100454.000282,620,548,mac_trackPad-block-2-trial-1-target-6,570.0,450.0,37.5,False,Pointer Move (Standard mouse)
1786100454.008878,624,545,mac_trackPad-block-2-trial-1-target-6,570.0,450.0,37.5,False,Pointer Move (Standard mouse)
1786100454.016484,626,543,mac_trackPad-block-2-trial-1-target-6,570.0,450.0,37.5,False,Pointer Move (Standard mouse)
1786100454.0245702,630,540,mac_trackPad-block-2-trial-1-target-6,570.0,450.0,37.5,False,Pointer Move (Standard mouse)
1786100454.03268,634,536,mac_trackPad-block-2-trial-1-target-6,570.0,450.0,37.5,False,Pointer Move (Standard mouse)
1786100454.040643,637,534,mac_trackPad-block-2-trial-1-target-6,570.0,450.0,37.5,False,Pointer Move (Standard mouse)
1786100454.048794,641,531,mac_trackPad-block-2-trial-1-target-6,570.0,450.0,37.5,False,Pointer Move (Standard mouse)
1786100454.056994,642,530,mac_trackPad-block-2-trial-1-target-6,570.0,450.0,37.5,False,Pointer Move (Standard mouse)
1786100454.064873,643,529,mac_trackPad-block-2-trial-1-target-6,570.0,450.0,37.5,False,Pointer Move (Standard mouse)
1786100454.073251,644,528,mac_trackPad-block-2-trial-1-target-6,570.0,450.0,37.5,False,Pointer Move (Standard mouse)
1786100454.081124,646,527,mac_trackPad-block-2-trial-1-target-6,570.0,450.0,37.5,False,Pointer Move (Standard mouse)
1786100454.08949,646,527,mac_trackPad-block-2-trial-1-target-6,570.0,450.0,37.5,False,Pointer Move (Standard mouse)
1786100454.097384,646,526,mac_trackPad-block-2-trial-1-target-6,570.0,450.0,37.5,False,Pointer Move (Standard mouse)
1786100454.113714,647,525,mac_trackPad-block-2-trial-1-target-6,570.0,450.0,37.5,False,Pointer Move (Standard mouse)
1786100454.1216419,647,525,mac_trackPad-block-2-trial-1-target-6,570.0,450.0,37.5,False,Pointer Move (Standard mouse)
1786100454.129718,647,524,mac_trackPad-block-2-trial-1-target-6,570.0,450.0,37.5,False,Pointer Move (Standard mouse)
1786100454.137844,647,524,mac_trackPad-block-2-trial-1-target-6,570.0,450.0,37.5,False,Pointer Move (Standard mouse)
1786100454.145824,647,524,mac_trackPad-block-2-trial-1-target-6,570.0,450.0,37.5,False,Pointer Move (Standard mouse)
1786100454.1620631,647,523,mac_trackPad-block-2-trial-1-target-6,570.0,450.0,37.5,False,Pointer Move (Standard mouse)
1786100454.170624,647,523,mac_trackPad-block-2-trial-1-target-6,570.0,450.0,37.5,False,Pointer Move (Standard mouse)
1786100454.178454,647,523,mac_trackPad-block-2-trial-1-target-6,570.0,450.0,37.5,False,Pointer Move (Standard mouse)
1786100454.186444,647,522,mac_trackPad-block-2-trial-1-target-6,570.0,450.0,37.5,False,Pointer Move (Standard mouse)
1786100454.202622,647,522,mac_trackPad-block-2-trial-1-target-6,570.0,450.0,37.5,False,Pointer Move (Standard mouse)
1786100454.21047,647,522,mac_trackPad-block-2-trial-1-target-6,570.0,450.0,37.5,False,Pointer Move (Standard mouse)
1786100454.218815,646,521,mac_trackPad-block-2-trial-1-target-6,570.0,450.0,37.5,False,Pointer Move (Standard mouse)
1786100454.226683,645,520,mac_trackPad-block-2-trial-1-target-6,570.0,450.0,37.5,False,Pointer Move (Standard mouse)
1786100454.234754,641,517,mac_trackPad-block-2-trial-1-target-6,570.0,450.0,37.5,False,Pointer Move (Standard mouse)
1786100454.242818,637,514,mac_trackPad-block-2-trial-1-target-6,570.0,450.0,37.5,False,Pointer Move (Standard mouse)
1786100454.250997,633,510,mac_trackPad-block-2-trial-1-target-6,570.0,450.0,37.5,False,Pointer Move (Standard mouse)
1786100454.25909,628,506,mac_trackPad-block-2-trial-1-target-6,570.0,450.0,37.5,False,Pointer Move (Standard mouse)
1786100454.267206,621,500,mac_trackPad-block-2-trial-1-target-6,570.0,450.0,37.5,False,Pointer Move (Standard mouse)
1786100454.275348,619,497,mac_trackPad-block-2-trial-1-target-6,570.0,450.0,37.5,False,Pointer Move (Standard mouse)
1786100454.283516,611,491,mac_trackPad-block-2-trial-1-target-6,570.0,450.0,37.5,False,Pointer Move (Standard mouse)
1786100454.291782,606,487,mac_trackPad-block-2-trial-1-target-6,570.0,450.0,37.5,False,Pointer Move (Standard mouse)
1786100454.299616,600,482,mac_trackPad-block-2-trial-1-target-6,570.0,450.0,37.5,False,Pointer Move (Standard mouse)
1786100454.3076322,593,477,mac_trackPad-block-2-trial-1-target-6,570.0,450.0,37.5,False,Pointer Move (Standard mouse)
1786100454.315737,589,473,mac_trackPad-block-2-trial-1-target-6,570.0,450.0,37.5,False,Pointer Move (Standard mouse)
1786100454.3237839,584,470,mac_trackPad-block-2-trial-1-target-6,570.0,450.0,37.5,False,Pointer Move (Standard mouse)
1786100454.332114,580,468,mac_trackPad-block-2-trial-1-target-6,570.0,450.0,37.5,False,Pointer Move (Standard mouse)
1786100454.340105,577,466,mac_trackPad-block-2-trial-1-target-6,570.0,450.0,37.5,False,Pointer Move (Standard mouse)
1786100454.348254,573,463,mac_trackPad-block-2-trial-1-target-6,570.0,450.0,37.5,False,Pointer Move (Standard mouse)
1786100454.356406,571,462,mac_trackPad-block-2-trial-1-target-6,570.0,450.0,37.5,False,Pointer Move (Standard mouse)
1786100454.3662038,569,460,mac_trackPad-block-2-trial-1-target-6,570.0,450.0,37.5,False,Pointer Move (Standard mouse)
1786100454.3725948,568,460,mac_trackPad-block-2-trial-1-target-6,570.0,450.0,37.5,False,Pointer Move (Standard mouse)
1786100454.380558,567,459,mac_trackPad-block-2-trial-1-target-6,570.0,450.0,37.5,False,Pointer Move (Standard mouse)
1786100454.3884969,566,458,mac_trackPad-block-2-trial-1-target-6,570.0,450.0,37.5,False,Pointer Move (Standard mouse)
1786100454.396611,566,458,mac_trackPad-block-2-trial-1-target-6,570.0,450.0,37.5,False,Pointer Move (Standard mouse)
1786100454.404643,565,458,mac_trackPad-block-2-trial-1-target-6,570.0,450.0,37.5,False,Pointer Move (Standard mouse)
1786100454.412742,565,457,mac_trackPad-block-2-trial-1-target-6,570.0,450.0,37.5,False,Pointer Move (Standard mouse)
1786100454.420747,565,457,mac_trackPad-block-2-trial-1-target-6,570.0,450.0,37.5,False,Pointer Move (Standard mouse)
1786100454.428959,565,457,mac_trackPad-block-2-trial-1-target-6,570.0,450.0,37.5,False,Pointer Move (Standard mouse)
1786100454.437321,565,456,mac_trackPad-block-2-trial-1-target-6,570.0,450.0,37.5,False,Pointer Move (Standard mouse)
1786100454.4532669,565,456,mac_trackPad-block-2-trial-1-target-6,570.0,450.0,37.5,False,Pointer Move (Standard mouse)
1786100454.477488,565,456,mac_trackPad-block-2-trial-1-target-6,570.0,450.0,37.5,False,Pointer Move (Standard mouse)
1786100454.5134022,565,456,mac_trackPad-block-2-trial-1-target-6,570.0,450.0,37.5,target_selected,target_selected
1786100454.6880279,566,456,mac_trackPad-block-2-trial-2-target-2,870.0,450.0,37.5,False,Pointer Move (Standard mouse)
1786100454.696052,569,456,mac_trackPad-block-2-trial-2-target-2,870.0,450.0,37.5,False,Pointer Move (Standard mouse)
1786100454.703839,578,456,mac_trackPad-block-2-trial-2-target-2,870.0,450.0,37.5,False,Pointer Move (Standard mouse)
1786100454.712013,586,456,mac_trackPad-block-2-trial-2-target-2,870.0,450.0,37.5,False,Pointer Move (Standard mouse)
1786100454.719986,600,456,mac_trackPad-block-2-trial-2-target-2,870.0,450.0,37.5,False,Pointer Move (Standard mouse)
1786100454.728068,611,456,mac_trackPad-block-2-trial-2-target-2,870.0,450.0,37.5,False,Pointer Move (Standard mouse)
1786100454.7362618,632,456,mac_trackPad-block-2-trial-2-target-2,870.0,450.0,37.5,False,Pointer Move (Standard mouse)
1786100454.7445388,649,456,mac_trackPad-block-2-trial-2-target-2,870.0,450.0,37.5,False,Pointer Move (Standard mouse)
1786100454.752486,669,456,mac_trackPad-block-2-trial-2-target-2,870.0,450.0,37.5,False,Pointer Move (Standard mouse)
1786100454.7604978,683,456,mac_trackPad-block-2-trial-2-target-2,870.0,450.0,37.5,False,Pointer Move (Standard mouse)
1786100454.768598,697,456,mac_trackPad-block-2-trial-2-target-2,870.0,450.0,37.5,False,Pointer Move (Standard mouse)
1786100454.7766201,714,456,mac_trackPad-block-2-trial-2-target-2,870.0,450.0,37.5,False,Pointer Move (Standard mouse)
1786100454.785105,727,456,mac_trackPad-block-2-trial-2-target-2,870.0,450.0,37.5,False,Pointer Move (Standard mouse)
1786100454.793068,741,456,mac_trackPad-block-2-trial-2-target-2,870.0,450.0,37.5,False,Pointer Move (Standard mouse)
1786100454.801009,753,456,mac_trackPad-block-2-trial-2-target-2,870.0,450.0,37.5,False,Pointer Move (Standard mouse)
1786100454.80917,766,456,mac_trackPad-block-2-trial-2-target-2,870.0,450.0,37.5,False,Pointer Move (Standard mouse)
1786100454.817489,778,456,mac_trackPad-block-2-trial-2-target-2,870.0,450.0,37.5,False,Pointer Move (Standard mouse)
1786100454.826354,789,456,mac_trackPad-block-2-trial-2-target-2,870.0,450.0,37.5,False,Pointer Move (Standard mouse)
1786100454.833374,795,456,mac_trackPad-block-2-trial-2-target-2,870.0,450.0,37.5,False,Pointer Move (Standard mouse)
1786100454.841536,799,456,mac_trackPad-block-2-trial-2-target-2,870.0,450.0,37.5,False,Pointer Move (Standard mouse)
1786100454.849515,819,456,mac_trackPad-block-2-trial-2-target-2,870.0,450.0,37.5,False,Pointer Move (Standard mouse)
1786100454.8575108,826,456,mac_trackPad-block-2-trial-2-target-2,870.0,450.0,37.5,False,Pointer Move (Standard mouse)
1786100454.86556,828,456,mac_trackPad-block-2-trial-2-target-2,870.0,450.0,37.5,False,Pointer Move (Standard mouse)
1786100454.873805,834,456,mac_trackPad-block-2-trial-2-target-2,870.0,450.0,37.5,False,Pointer Move (Standard mouse)
1786100454.882284,841,456,mac_trackPad-block-2-trial-2-target-2,870.0,450.0,37.5,False,Pointer Move (Standard mouse)
1786100454.8901289,846,457,mac_trackPad-block-2-trial-2-target-2,870.0,450.0,37.5,False,Pointer Move (Standard mouse)
1786100454.8982341,852,457,mac_trackPad-block-2-trial-2-target-2,870.0,450.0,37.5,False,Pointer Move (Standard mouse)
1786100454.906194,857,458,mac_trackPad-block-2-trial-2-target-2,870.0,450.0,37.5,False,Pointer Move (Standard mouse)
1786100454.914335,860,459,mac_trackPad-block-2-trial-2-target-2,870.0,450.0,37.5,False,Pointer Move (Standard mouse)
1786100454.9223309,863,459,mac_trackPad-block-2-trial-2-target-2,870.0,450.0,37.5,False,Pointer Move (Standard mouse)
1786100454.9302459,867,459,mac_trackPad-block-2-trial-2-target-2,870.0,450.0,37.5,False,Pointer Move (Standard mouse)
1786100454.9384372,870,460,mac_trackPad-block-2-trial-2-target-2,870.0,450.0,37.5,False,Pointer Move (Standard mouse)
1786100454.9465091,871,461,mac_trackPad-block-2-trial-2-target-2,870.0,450.0,37.5,False,Pointer Move (Standard mouse)
1786100454.954667,873,461,mac_trackPad-block-2-trial-2-target-2,870.0,450.0,37.5,False,Pointer Move (Standard mouse)
1786100454.962902,874,461,mac_trackPad-block-2-trial-2-target-2,870.0,450.0,37.5,False,Pointer Move (Standard mouse)
1786100454.97087,875,461,mac_trackPad-block-2-trial-2-target-2,870.0,450.0,37.5,False,Pointer Move (Standard mouse)
1786100454.979111,876,461,mac_trackPad-block-2-trial-2-target-2,870.0,450.0,37.5,False,Pointer Move (Standard mouse)
1786100454.987061,877,461,mac_trackPad-block-2-trial-2-target-2,870.0,450.0,37.5,False,Pointer Move (Standard mouse)
1786100454.995039,878,461,mac_trackPad-block-2-trial-2-target-2,870.0,450.0,37.5,False,Pointer Move (Standard mouse)
1786100455.003586,879,461,mac_trackPad-block-2-trial-2-target-2,870.0,450.0,37.5,False,Pointer Move (Standard mouse)
1786100455.011266,880,461,mac_trackPad-block-2-trial-2-target-2,870.0,450.0,37.5,False,Pointer Move (Standard mouse)
1786100455.019535,881,461,mac_trackPad-block-2-trial-2-target-2,870.0,450.0,37.5,False,Pointer Move (Standard mouse)
1786100455.027528,882,461,mac_trackPad-block-2-trial-2-target-2,870.0,450.0,37.5,False,Pointer Move (Standard mouse)
1786100455.035583,882,461,mac_trackPad-block-2-trial-2-target-2,870.0,450.0,37.5,False,Pointer Move (Standard mouse)
1786100455.043596,883,461,mac_trackPad-block-2-trial-2-target-2,870.0,450.0,37.5,False,Pointer Move (Standard mouse)
1786100455.051753,884,461,mac_trackPad-block-2-trial-2-target-2,870.0,450.0,37.5,False,Pointer Move (Standard mouse)
1786100455.060061,885,460,mac_trackPad-block-2-trial-2-target-2,870.0,450.0,37.5,False,Pointer Move (Standard mouse)
1786100455.0681322,886,460,mac_trackPad-block-2-trial-2-target-2,870.0,450.0,37.5,False,Pointer Move (Standard mouse)
1786100455.0763369,886,460,mac_trackPad-block-2-trial-2-target-2,870.0,450.0,37.5,False,Pointer Move (Standard mouse)
1786100455.08422,886,460,mac_trackPad-block-2-trial-2-target-2,870.0,450.0,37.5,False,Pointer Move (Standard mouse)
1786100455.092503,887,460,mac_trackPad-block-2-trial-2-target-2,870.0,450.0,37.5,False,Pointer Move (Standard mouse)
1786100455.100493,887,459,mac_trackPad-block-2-trial-2-target-2,870.0,450.0,37.5,False,Pointer Move (Standard mouse)
1786100455.116554,888,459,mac_trackPad-block-2-trial-2-target-2,870.0,450.0,37.5,False,Pointer Move (Standard mouse)
1786100455.163549,888,459,mac_trackPad-block-2-trial-2-target-2,870.0,450.0,37.5,target_selected,target_selected
1786100455.3268192,887,459,mac_trackPad-block-2-trial-3-target-6,570.0,450.0,37.5,False,Pointer Move (Standard mouse)
1786100455.334908,884,459,mac_trackPad-block-2-trial-3-target-6,570.0,450.0,37.5,False,Pointer Move (Standard mouse)
1786100455.342814,877,459,mac_trackPad-block-2-trial-3-target-6,570.0,450.0,37.5,False,Pointer Move (Standard mouse)
1786100455.350893,871,459,mac_trackPad-block-2-trial-3-target-6,570.0,450.0,37.5,False,Pointer Move (Standard mouse)
1786100455.35906,862,459,mac_trackPad-block-2-trial-3-target-6,570.0,450.0,37.5,False,Pointer Move (Standard mouse)
1786100455.3674161,851,459,mac_trackPad-block-2-trial-3-target-6,570.0,450.0,37.5,False,Pointer Move (Standard mouse)
1786100455.375223,837,459,mac_trackPad-block-2-trial-3-target-6,570.0,450.0,37.5,False,Pointer Move (Standard mouse)
1786100455.383562,823,459,mac_trackPad-block-2-trial-3-target-6,570.0,450.0,37.5,False,Pointer Move (Standard mouse)
1786100455.3914702,806,459,mac_trackPad-block-2-trial-3-target-6,570.0,450.0,37.5,False,Pointer Move (Standard mouse)
1786100455.399616,789,459,mac_trackPad-block-2-trial-3-target-6,570.0,450.0,37.5,False,Pointer Move (Standard mouse)
1786100455.407646,772,459,mac_trackPad-block-2-trial-3-target-6,570.0,450.0,37.5,False,Pointer Move (Standard mouse)
1786100455.415871,752,459,mac_trackPad-block-2-trial-3-target-6,570.0,450.0,37.5,False,Pointer Move (Standard mouse)
1786100455.4238951,738,459,mac_trackPad-block-2-trial-3-target-6,570.0,450.0,37.5,False,Pointer Move (Standard mouse)
1786100455.431828,721,459,mac_trackPad-block-2-trial-3-target-6,570.0,450.0,37.5,False,Pointer Move (Standard mouse)
1786100455.4400918,704,459,mac_trackPad-block-2-trial-3-target-6,570.0,450.0,37.5,False,Pointer Move (Standard mouse)
1786100455.447944,690,459,mac_trackPad-block-2-trial-3-target-6,570.0,450.0,37.5,False,Pointer Move (Standard mouse)
1786100455.455998,673,459,mac_trackPad-block-2-trial-3-target-6,570.0,450.0,37.5,False,Pointer Move (Standard mouse)
1786100455.464184,660,459,mac_trackPad-block-2-trial-3-target-6,570.0,450.0,37.5,False,Pointer Move (Standard mouse)
1786100455.472183,646,459,mac_trackPad-block-2-trial-3-target-6,570.0,450.0,37.5,False,Pointer Move (Standard mouse)
1786100455.480232,632,459,mac_trackPad-block-2-trial-3-target-6,570.0,450.0,37.5,False,Pointer Move (Standard mouse)
1786100455.488254,629,459,mac_trackPad-block-2-trial-3-target-6,570.0,450.0,37.5,False,Pointer Move (Standard mouse)
1786100455.4965491,617,459,mac_trackPad-block-2-trial-3-target-6,570.0,450.0,37.5,False,Pointer Move (Standard mouse)
1786100455.5049658,609,459,mac_trackPad-block-2-trial-3-target-6,570.0,450.0,37.5,False,Pointer Move (Standard mouse)
1786100455.512755,600,457,mac_trackPad-block-2-trial-3-target-6,570.0,450.0,37.5,False,Pointer Move (Standard mouse)
1786100455.520819,595,457,mac_trackPad-block-2-trial-3-target-6,570.0,450.0,37.5,False,Pointer Move (Standard mouse)
1786100455.529203,589,456,mac_trackPad-block-2-trial-3-target-6,570.0,450.0,37.5,False,Pointer Move (Standard mouse)
1786100455.537421,584,456,mac_trackPad-block-2-trial-3-target-6,570.0,450.0,37.5,False,Pointer Move (Standard mouse)
1786100455.545033,580,454,mac_trackPad-block-2-trial-3-target-6,570.0,450.0,37.5,False,Pointer Move (Standard mouse)
1786100455.552942,578,454,mac_trackPad-block-2-trial-3-target-6,570.0,450.0,37.5,False,Pointer Move (Standard mouse)
1786100455.561174,576,454,mac_trackPad-block-2-trial-3-target-6,570.0,450.0,37.5,False,Pointer Move (Standard mouse)
1786100455.569128,573,454,mac_trackPad-block-2-trial-3-target-6,570.0,450.0,37.5,False,Pointer Move (Standard mouse)
1786100455.577157,572,453,mac_trackPad-block-2-trial-3-target-6,570.0,450.0,37.5,False,Pointer Move (Standard mouse)
1786100455.585545,570,453,mac_trackPad-block-2-trial-3-target-6,570.0,450.0,37.5,False,Pointer Move (Standard mouse)
1786100455.59358,569,453,mac_trackPad-block-2-trial-3-target-6,570.0,450.0,37.5,False,Pointer Move (Standard mouse)
1786100455.6015859,568,453,mac_trackPad-block-2-trial-3-target-6,570.0,450.0,37.5,False,Pointer Move (Standard mouse)
1786100455.609605,568,453,mac_trackPad-block-2-trial-3-target-6,570.0,450.0,37.5,False,Pointer Move (Standard mouse)
1786100455.6180558,567,452,mac_trackPad-block-2-trial-3-target-6,570.0,450.0,37.5,False,Pointer Move (Standard mouse)
1786100455.626107,567,452,mac_trackPad-block-2-trial-3-target-6,570.0,450.0,37.5,False,Pointer Move (Standard mouse)
1786100455.634091,566,452,mac_trackPad-block-2-trial-3-target-6,570.0,450.0,37.5,False,Pointer Move (Standard mouse)
1786100455.642067,566,452,mac_trackPad-block-2-trial-3-target-6,570.0,450.0,37.5,False,Pointer Move (Standard mouse)
1786100455.650325,566,452,mac_trackPad-block-2-trial-3-target-6,570.0,450.0,37.5,False,Pointer Move (Standard mouse)
1786100455.666423,566,451,mac_trackPad-block-2-trial-3-target-6,570.0,450.0,37.5,False,Pointer Move (Standard mouse)
1786100455.690631,565,451,mac_trackPad-block-2-trial-3-target-6,570.0,450.0,37.5,False,Pointer Move (Standard mouse)
1786100455.698445,565,451,mac_trackPad-block-2-trial-3-target-6,570.0,450.0,37.5,False,Pointer Move (Standard mouse)
1786100455.7303412,565,451,mac_trackPad-block-2-trial-3-target-6,570.0,450.0,37.5,target_selected,target_selected
1786100455.9094532,567,451,mac_trackPad-block-2-trial-4-target-2,870.0,450.0,37.5,False,Pointer Move (Standard mouse)
1786100455.917154,571,451,mac_trackPad-block-2-trial-4-target-2,870.0,450.0,37.5,False,Pointer Move (Standard mouse)
1786100455.925361,580,451,mac_trackPad-block-2-trial-4-target-2,870.0,450.0,37.5,False,Pointer Move (Standard mouse)
1786100455.933444,587,451,mac_trackPad-block-2-trial-4-target-2,870.0,450.0,37.5,False,Pointer Move (Standard mouse)
1786100455.9411998,598,451,mac_trackPad-block-2-trial-4-target-2,870.0,450.0,37.5,False,Pointer Move (Standard mouse)
1786100455.949595,609,451,mac_trackPad-block-2-trial-4-target-2,870.0,450.0,37.5,False,Pointer Move (Standard mouse)
1786100455.957834,618,451,mac_trackPad-block-2-trial-4-target-2,870.0,450.0,37.5,False,Pointer Move (Standard mouse)
1786100455.965593,629,451,mac_trackPad-block-2-trial-4-target-2,870.0,450.0,37.5,False,Pointer Move (Standard mouse)
1786100455.973699,640,451,mac_trackPad-block-2-trial-4-target-2,870.0,450.0,37.5,False,Pointer Move (Standard mouse)
1786100455.981691,651,451,mac_trackPad-block-2-trial-4-target-2,870.0,450.0,37.5,False,Pointer Move (Standard mouse)
1786100455.99019,665,451,mac_trackPad-block-2-trial-4-target-2,870.0,450.0,37.5,False,Pointer Move (Standard mouse)
1786100455.997898,679,451,mac_trackPad-block-2-trial-4-target-2,870.0,450.0,37.5,False,Pointer Move (Standard mouse)
1786100456.005881,693,451,mac_trackPad-block-2-trial-4-target-2,870.0,450.0,37.5,False,Pointer Move (Standard mouse)
1786100456.01396,710,451,mac_trackPad-block-2-trial-4-target-2,870.0,450.0,37.5,False,Pointer Move (Standard mouse)
1786100456.02249,724,451,mac_trackPad-block-2-trial-4-target-2,870.0,450.0,37.5,False,Pointer Move (Standard mouse)
1786100456.030333,735,451,mac_trackPad-block-2-trial-4-target-2,870.0,450.0,37.5,False,Pointer Move (Standard mouse)
1786100456.038454,740,451,mac_trackPad-block-2-trial-4-target-2,870.0,450.0,37.5,False,Pointer Move (Standard mouse)
1786100456.0463219,751,451,mac_trackPad-block-2-trial-4-target-2,870.0,450.0,37.5,False,Pointer Move (Standard mouse)
1786100456.054469,757,451,mac_trackPad-block-2-trial-4-target-2,870.0,450.0,37.5,False,Pointer Move (Standard mouse)
1786100456.062762,766,451,mac_trackPad-block-2-trial-4-target-2,870.0,450.0,37.5,False,Pointer Move (Standard mouse)
1786100456.0711029,771,451,mac_trackPad-block-2-trial-4-target-2,870.0,450.0,37.5,False,Pointer Move (Standard mouse)
1786100456.079124,778,451,mac_trackPad-block-2-trial-4-target-2,870.0,450.0,37.5,False,Pointer Move (Standard mouse)
1786100456.086926,782,451,mac_trackPad-block-2-trial-4-target-2,870.0,450.0,37.5,False,Pointer Move (Standard mouse)
1786100456.094976,786,452,mac_trackPad-block-2-trial-4-target-2,870.0,450.0,37.5,False,Pointer Move (Standard mouse)
1786100456.103174,790,453,mac_trackPad-block-2-trial-4-target-2,870.0,450.0,37.5,False,Pointer Move (Standard mouse)
1786100456.111506,795,455,mac_trackPad-block-2-trial-4-target-2,870.0,450.0,37.5,False,Pointer Move (Standard mouse)
1786100456.119355,800,456,mac_trackPad-block-2-trial-4-target-2,870.0,450.0,37.5,False,Pointer Move (Standard mouse)
1786100456.1273541,802,456,mac_trackPad-block-2-trial-4-target-2,870.0,450.0,37.5,False,Pointer Move (Standard mouse)
1786100456.135297,807,457,mac_trackPad-block-2-trial-4-target-2,870.0,450.0,37.5,False,Pointer Move (Standard mouse)
1786100456.143326,810,458,mac_trackPad-block-2-trial-4-target-2,870.0,450.0,37.5,False,Pointer Move (Standard mouse)
1786100456.151529,812,458,mac_trackPad-block-2-trial-4-target-2,870.0,450.0,37.5,False,Pointer Move (Standard mouse)
1786100456.15962,814,459,mac_trackPad-block-2-trial-4-target-2,870.0,450.0,37.5,False,Pointer Move (Standard mouse)
1786100456.16782,816,460,mac_trackPad-block-2-trial-4-target-2,870.0,450.0,37.5,False,Pointer Move (Standard mouse)
1786100456.1758249,817,460,mac_trackPad-block-2-trial-4-target-2,870.0,450.0,37.5,False,Pointer Move (Standard mouse)
1786100456.184196,818,461,mac_trackPad-block-2-trial-4-target-2,870.0,450.0,37.5,False,Pointer Move (Standard mouse)
1786100456.192234,819,461,mac_trackPad-block-2-trial-4-target-2,870.0,450.0,37.5,False,Pointer Move (Standard mouse)
1786100456.20023,820,461,mac_trackPad-block-2-trial-4-target-2,870.0,450.0,37.5,False,Pointer Move (Standard mouse)
1786100456.208235,821,461,mac_trackPad-block-2-trial-4-target-2,870.0,450.0,37.5,False,Pointer Move (Standard mouse)
1786100456.216644,822,461,mac_trackPad-block-2-trial-4-target-2,870.0,450.0,37.5,False,Pointer Move (Standard mouse)
1786100456.2242932,823,461,mac_trackPad-block-2-trial-4-target-2,870.0,450.0,37.5,False,Pointer Move (Standard mouse)
1786100456.232338,825,461,mac_trackPad-block-2-trial-4-target-2,870.0,450.0,37.5,False,Pointer Move (Standard mouse)
1786100456.240567,826,461,mac_trackPad-block-2-trial-4-target-2,870.0,450.0,37.5,False,Pointer Move (Standard mouse)
1786100456.248577,829,461,mac_trackPad-block-2-trial-4-target-2,870.0,450.0,37.5,False,Pointer Move (Standard mouse)
1786100456.256526,830,461,mac_trackPad-block-2-trial-4-target-2,870.0,450.0,37.5,False,Pointer Move (Standard mouse)
1786100456.2648058,832,461,mac_trackPad-block-2-trial-4-target-2,870.0,450.0,37.5,False,Pointer Move (Standard mouse)
1786100456.273251,833,461,mac_trackPad-block-2-trial-4-target-2,870.0,450.0,37.5,False,Pointer Move (Standard mouse)
1786100456.281034,834,461,mac_trackPad-block-2-trial-4-target-2,870.0,450.0,37.5,False,Pointer Move (Standard mouse)
1786100456.289245,835,461,mac_trackPad-block-2-trial-4-target-2,870.0,450.0,37.5,False,Pointer Move (Standard mouse)
1786100456.2971368,837,461,mac_trackPad-block-2-trial-4-target-2,870.0,450.0,37.5,False,Pointer Move (Standard mouse)
1786100456.30509,838,461,mac_trackPad-block-2-trial-4-target-2,870.0,450.0,37.5,False,Pointer Move (Standard mouse)
1786100456.3132439,840,461,mac_trackPad-block-2-trial-4-target-2,870.0,450.0,37.5,False,Pointer Move (Standard mouse)
1786100456.3213692,841,461,mac_trackPad-block-2-trial-4-target-2,870.0,450.0,37.5,False,Pointer Move (Standard mouse)
1786100456.329359,843,461,mac_trackPad-block-2-trial-4-target-2,870.0,450.0,37.5,False,Pointer Move (Standard mouse)
1786100456.337454,844,460,mac_trackPad-block-2-trial-4-target-2,870.0,450.0,37.5,False,Pointer Move (Standard mouse)
1786100456.3456361,846,459,mac_trackPad-block-2-trial-4-target-2,870.0,450.0,37.5,False,Pointer Move (Standard mouse)
1786100456.3540301,847,459,mac_trackPad-block-2-trial-4-target-2,870.0,450.0,37.5,False,Pointer Move (Standard mouse)
1786100456.362015,849,459,mac_trackPad-block-2-trial-4-target-2,870.0,450.0,37.5,False,Pointer Move (Standard mouse)
1786100456.370324,850,458,mac_trackPad-block-2-trial-4-target-2,870.0,450.0,37.5,False,Pointer Move (Standard mouse)
1786100456.378298,851,458,mac_trackPad-block-2-trial-4-target-2,870.0,450.0,37.5,False,Pointer Move (Standard mouse)
1786100456.3864682,852,458,mac_trackPad-block-2-trial-4-target-2,870.0,450.0,37.5,False,Pointer Move (Standard mouse)
1786100456.3948832,852,458,mac_trackPad-block-2-trial-4-target-2,870.0,450.0,37.5,False,Pointer Move (Standard mouse)
1786100456.4023428,854,458,mac_trackPad-block-2-trial-4-target-2,870.0,450.0,37.5,False,Pointer Move (Standard mouse)
1786100456.410506,854,458,mac_trackPad-block-2-trial-4-target-2,870.0,450.0,37.5,False,Pointer Move (Standard mouse)
1786100456.4186409,854,458,mac_trackPad-block-2-trial-4-target-2,870.0,450.0,37.5,False,Pointer Move (Standard mouse)
1786100456.427257,855,458,mac_trackPad-block-2-trial-4-target-2,870.0,450.0,37.5,False,Pointer Move (Standard mouse)
1786100456.434797,855,458,mac_trackPad-block-2-trial-4-target-2,870.0,450.0,37.5,False,Pointer Move (Standard mouse)
1786100456.4430342,855,458,mac_trackPad-block-2-trial-4-target-2,870.0,450.0,37.5,False,Pointer Move (Standard mouse)
1786100456.4514802,856,458,mac_trackPad-block-2-trial-4-target-2,870.0,450.0,37.5,False,Pointer Move (Standard mouse)
1786100456.4596322,856,458,mac_trackPad-block-2-trial-4-target-2,870.0,450.0,37.5,False,Pointer Move (Standard mouse)
1786100456.483419,856,458,mac_trackPad-block-2-trial-4-target-2,870.0,450.0,37.5,False,Pointer Move (Standard mouse)
1786100456.514148,856,458,mac_trackPad-block-2-trial-4-target-2,870.0,450.0,37.5,target_selected,target_selected
1786100456.718174,856,458,mac_trackPad-block-2-trial-5-target-6,570.0,450.0,37.5,False,Pointer Move (Standard mouse)
1786100456.725757,851,458,mac_trackPad-block-2-trial-5-target-6,570.0,450.0,37.5,False,Pointer Move (Standard mouse)
1786100456.7338939,847,458,mac_trackPad-block-2-trial-5-target-6,570.0,450.0,37.5,False,Pointer Move (Standard mouse)
1786100456.741869,835,458,mac_trackPad-block-2-trial-5-target-6,570.0,450.0,37.5,False,Pointer Move (Standard mouse)
1786100456.749957,812,458,mac_trackPad-block-2-trial-5-target-6,570.0,450.0,37.5,False,Pointer Move (Standard mouse)
1786100456.7583628,791,458,mac_trackPad-block-2-trial-5-target-6,570.0,450.0,37.5,False,Pointer Move (Standard mouse)
1786100456.766315,777,458,mac_trackPad-block-2-trial-5-target-6,570.0,450.0,37.5,False,Pointer Move (Standard mouse)
1786100456.77437,754,458,mac_trackPad-block-2-trial-5-target-6,570.0,450.0,37.5,False,Pointer Move (Standard mouse)
1786100456.7821891,726,458,mac_trackPad-block-2-trial-5-target-6,570.0,450.0,37.5,False,Pointer Move (Standard mouse)
1786100456.790414,702,458,mac_trackPad-block-2-trial-5-target-6,570.0,450.0,37.5,False,Pointer Move (Standard mouse)
1786100456.798522,674,458,mac_trackPad-block-2-trial-5-target-6,570.0,450.0,37.5,False,Pointer Move (Standard mouse)
1786100456.806568,650,458,mac_trackPad-block-2-trial-5-target-6,570.0,450.0,37.5,False,Pointer Move (Standard mouse)
1786100456.814483,630,458,mac_trackPad-block-2-trial-5-target-6,570.0,450.0,37.5,False,Pointer Move (Standard mouse)
1786100456.822592,613,458,mac_trackPad-block-2-trial-5-target-6,570.0,450.0,37.5,False,Pointer Move (Standard mouse)
1786100456.830708,606,458,mac_trackPad-block-2-trial-5-target-6,570.0,450.0,37.5,False,Pointer Move (Standard mouse)
1786100456.8387809,592,458,mac_trackPad-block-2-trial-5-target-6,570.0,450.0,37.5,False,Pointer Move (Standard mouse)
1786100456.846957,584,458,mac_trackPad-block-2-trial-5-target-6,570.0,450.0,37.5,False,Pointer Move (Standard mouse)
1786100456.855,575,458,mac_trackPad-block-2-trial-5-target-6,570.0,450.0,37.5,False,Pointer Move (Standard mouse)
1786100456.863063,564,458,mac_trackPad-block-2-trial-5-target-6,570.0,450.0,37.5,False,Pointer Move (Standard mouse)
1786100456.8710709,559,458,mac_trackPad-block-2-trial-5-target-6,570.0,450.0,37.5,False,Pointer Move (Standard mouse)
1786100456.879353,554,458,mac_trackPad-block-2-trial-5-target-6,570.0,450.0,37.5,False,Pointer Move (Standard mouse)
1786100456.887329,551,458,mac_trackPad-block-2-trial-5-target-6,570.0,450.0,37.5,False,Pointer Move (Standard mouse)
1786100456.895417,548,458,mac_trackPad-block-2-trial-5-target-6,570.0,450.0,37.5,False,Pointer Move (Standard mouse)
1786100456.9035141,544,458,mac_trackPad-block-2-trial-5-target-6,570.0,450.0,37.5,False,Pointer Move (Standard mouse)
1786100456.911764,543,458,mac_trackPad-block-2-trial-5-target-6,570.0,450.0,37.5,False,Pointer Move (Standard mouse)
1786100456.919855,542,458,mac_trackPad-block-2-trial-5-target-6,570.0,450.0,37.5,False,Pointer Move (Standard mouse)
1786100456.927846,541,458,mac_trackPad-block-2-trial-5-target-6,570.0,450.0,37.5,False,Pointer Move (Standard mouse)
1786100456.935906,541,458,mac_trackPad-block-2-trial-5-target-6,570.0,450.0,37.5,False,Pointer Move (Standard mouse)
1786100456.944056,540,458,mac_trackPad-block-2-trial-5-target-6,570.0,450.0,37.5,False,Pointer Move (Standard mouse)
1786100456.95205,540,458,mac_trackPad-block-2-trial-5-target-6,570.0,450.0,37.5,False,Pointer Move (Standard mouse)
1786100456.960233,540,457,mac_trackPad-block-2-trial-5-target-6,570.0,450.0,37.5,False,Pointer Move (Standard mouse)
1786100456.992728,539,457,mac_trackPad-block-2-trial-5-target-6,570.0,450.0,37.5,False,Pointer Move (Standard mouse)
1786100457.008951,539,457,mac_trackPad-block-2-trial-5-target-6,570.0,450.0,37.5,False,Pointer Move (Standard mouse)
1786100457.064051,539,457,mac_trackPad-block-2-trial-5-target-6,570.0,450.0,37.5,target_selected,target_selected
1786100457.260093,540,457,mac_trackPad-block-2-trial-6-target-2,870.0,450.0,37.5,False,Pointer Move (Standard mouse)
1786100457.267683,544,457,mac_trackPad-block-2-trial-6-target-2,870.0,450.0,37.5,False,Pointer Move (Standard mouse)
1786100457.275594,555,457,mac_trackPad-block-2-trial-6-target-2,870.0,450.0,37.5,False,Pointer Move (Standard mouse)
1786100457.283801,566,457,mac_trackPad-block-2-trial-6-target-2,870.0,450.0,37.5,False,Pointer Move (Standard mouse)
1786100457.291869,580,457,mac_trackPad-block-2-trial-6-target-2,870.0,450.0,37.5,False,Pointer Move (Standard mouse)
1786100457.299901,597,457,mac_trackPad-block-2-trial-6-target-2,870.0,450.0,37.5,False,Pointer Move (Standard mouse)
1786100457.3081028,611,457,mac_trackPad-block-2-trial-6-target-2,870.0,450.0,37.5,False,Pointer Move (Standard mouse)
1786100457.316083,625,457,mac_trackPad-block-2-trial-6-target-2,870.0,450.0,37.5,False,Pointer Move (Standard mouse)
1786100457.324131,645,457,mac_trackPad-block-2-trial-6-target-2,870.0,450.0,37.5,False,Pointer Move (Standard mouse)
1786100457.3322828,659,457,mac_trackPad-block-2-trial-6-target-2,870.0,450.0,37.5,False,Pointer Move (Standard mouse)
1786100457.340467,676,457,mac_trackPad-block-2-trial-6-target-2,870.0,450.0,37.5,False,Pointer Move (Standard mouse)
1786100457.348354,693,457,mac_trackPad-block-2-trial-6-target-2,870.0,450.0,37.5,False,Pointer Move (Standard mouse)
1786100457.3566642,709,457,mac_trackPad-block-2-trial-6-target-2,870.0,450.0,37.5,False,Pointer Move (Standard mouse)
1786100457.365371,721,457,mac_trackPad-block-2-trial-6-target-2,870.0,450.0,37.5,False,Pointer Move (Standard mouse)
1786100457.372767,735,457,mac_trackPad-block-2-trial-6-target-2,870.0,450.0,37.5,False,Pointer Move (Standard mouse)
1786100457.380836,751,457,mac_trackPad-block-2-trial-6-target-2,870.0,450.0,37.5,False,Pointer Move (Standard mouse)
1786100457.388885,765,458,mac_trackPad-block-2-trial-6-target-2,870.0,450.0,37.5,False,Pointer Move (Standard mouse)
1786100457.397425,777,460,mac_trackPad-block-2-trial-6-target-2,870.0,450.0,37.5,False,Pointer Move (Standard mouse)
1786100457.4052029,790,463,mac_trackPad-block-2-trial-6-target-2,870.0,450.0,37.5,False,Pointer Move (Standard mouse)
1786100457.413105,794,463,mac_trackPad-block-2-trial-6-target-2,870.0,450.0,37.5,False,Pointer Move (Standard mouse)
1786100457.421128,805,464,mac_trackPad-block-2-trial-6-target-2,870.0,450.0,37.5,False,Pointer Move (Standard mouse)
1786100457.429343,814,464,mac_trackPad-block-2-trial-6-target-2,870.0,450.0,37.5,False,Pointer Move (Standard mouse)
1786100457.437705,820,465,mac_trackPad-block-2-trial-6-target-2,870.0,450.0,37.5,False,Pointer Move (Standard mouse)
1786100457.445516,827,465,mac_trackPad-block-2-trial-6-target-2,870.0,450.0,37.5,False,Pointer Move (Standard mouse)
1786100457.453922,833,465,mac_trackPad-block-2-trial-6-target-2,870.0,450.0,37.5,False,Pointer Move (Standard mouse)
1786100457.4615319,837,465,mac_trackPad-block-2-trial-6-target-2,870.0,450.0,37.5,False,Pointer Move (Standard mouse)
1786100457.469904,841,465,mac_trackPad-block-2-trial-6-target-2,870.0,450.0,37.5,False,Pointer Move (Standard mouse)
1786100457.477813,846,465,mac_trackPad-block-2-trial-6-target-2,870.0,450.0,37.5,False,Pointer Move (Standard mouse)
1786100457.4860091,851,465,mac_trackPad-block-2-trial-6-target-2,870.0,450.0,37.5,False,Pointer Move (Standard mouse)
1786100457.4942698,854,465,mac_trackPad-block-2-trial-6-target-2,870.0,450.0,37.5,False,Pointer Move (Standard mouse)
1786100457.5020878,858,465,mac_trackPad-block-2-trial-6-target-2,870.0,450.0,37.5,False,Pointer Move (Standard mouse)
1786100457.510099,861,465,mac_trackPad-block-2-trial-6-target-2,870.0,450.0,37.5,False,Pointer Move (Standard mouse)
1786100457.5182772,863,465,mac_trackPad-block-2-trial-6-target-2,870.0,450.0,37.5,False,Pointer Move (Standard mouse)
1786100457.526554,865,465,mac_trackPad-block-2-trial-6-target-2,870.0,450.0,37.5,False,Pointer Move (Standard mouse)
1786100457.534538,866,465,mac_trackPad-block-2-trial-6-target-2,870.0,450.0,37.5,False,Pointer Move (Standard mouse)
1786100457.542635,867,465,mac_trackPad-block-2-trial-6-target-2,870.0,450.0,37.5,False,Pointer Move (Standard mouse)
1786100457.5506518,867,465,mac_trackPad-block-2-trial-6-target-2,870.0,450.0,37.5,False,Pointer Move (Standard mouse)
1786100457.558686,868,465,mac_trackPad-block-2-trial-6-target-2,870.0,450.0,37.5,False,Pointer Move (Standard mouse)
1786100457.5669389,868,465,mac_trackPad-block-2-trial-6-target-2,870.0,450.0,37.5,False,Pointer Move (Standard mouse)
1786100457.575017,868,465,mac_trackPad-block-2-trial-6-target-2,870.0,450.0,37.5,False,Pointer Move (Standard mouse)
1786100457.582965,869,465,mac_trackPad-block-2-trial-6-target-2,870.0,450.0,37.5,False,Pointer Move (Standard mouse)
1786100457.6076732,869,465,mac_trackPad-block-2-trial-6-target-2,870.0,450.0,37.5,False,Pointer Move (Standard mouse)
1786100457.631644,869,465,mac_trackPad-block-2-trial-6-target-2,870.0,450.0,37.5,False,Pointer Move (Standard mouse)
1786100457.713282,869,465,mac_trackPad-block-2-trial-6-target-2,870.0,450.0,37.5,target_selected,target_selected
1786100457.890582,869,465,mac_trackPad-block-2-trial-7-target-6,570.0,450.0,37.5,False,Pointer Move (Standard mouse)
1786100457.898443,865,465,mac_trackPad-block-2-trial-7-target-6,570.0,450.0,37.5,False,Pointer Move (Standard mouse)
1786100457.906625,859,465,mac_trackPad-block-2-trial-7-target-6,570.0,450.0,37.5,False,Pointer Move (Standard mouse)
1786100457.914572,852,465,mac_trackPad-block-2-trial-7-target-6,570.0,450.0,37.5,False,Pointer Move (Standard mouse)
1786100457.9225652,841,465,mac_trackPad-block-2-trial-7-target-6,570.0,450.0,37.5,False,Pointer Move (Standard mouse)
1786100457.930847,827,465,mac_trackPad-block-2-trial-7-target-6,570.0,450.0,37.5,False,Pointer Move (Standard mouse)
1786100457.938882,810,465,mac_trackPad-block-2-trial-7-target-6,570.0,450.0,37.5,False,Pointer Move (Standard mouse)
1786100457.946806,793,465,mac_trackPad-block-2-trial-7-target-6,570.0,450.0,37.5,False,Pointer Move (Standard mouse)
1786100457.955182,773,465,mac_trackPad-block-2-trial-7-target-6,570.0,450.0,37.5,False,Pointer Move (Standard mouse)
1786100457.963302,756,465,mac_trackPad-block-2-trial-7-target-6,570.0,450.0,37.5,False,Pointer Move (Standard mouse)
1786100457.971272,736,465,mac_trackPad-block-2-trial-7-target-6,570.0,450.0,37.5,False,Pointer Move (Standard mouse)
1786100457.979244,719,465,mac_trackPad-block-2-trial-7-target-6,570.0,450.0,37.5,False,Pointer Move (Standard mouse)
1786100457.987817,699,465,mac_trackPad-block-2-trial-7-target-6,570.0,450.0,37.5,False,Pointer Move (Standard mouse)
1786100457.995546,685,465,mac_trackPad-block-2-trial-7-target-6,570.0,450.0,37.5,False,Pointer Move (Standard mouse)
1786100458.0037272,671,465,mac_trackPad-block-2-trial-7-target-6,570.0,450.0,37.5,False,Pointer Move (Standard mouse)
1786100458.012058,662,465,mac_trackPad-block-2-trial-7-target-6,570.0,450.0,37.5,False,Pointer Move (Standard mouse)
1786100458.020065,651,465,mac_trackPad-block-2-trial-7-target-6,570.0,450.0,37.5,False,Pointer Move (Standard mouse)
1786100458.0277581,648,465,mac_trackPad-block-2-trial-7-target-6,570.0,450.0,37.5,False,Pointer Move (Standard mouse)
1786100458.035744,639,465,mac_trackPad-block-2-trial-7-target-6,570.0,450.0,37.5,False,Pointer Move (Standard mouse)
1786100458.043794,630,463,mac_trackPad-block-2-trial-7-target-6,570.0,450.0,37.5,False,Pointer Move (Standard mouse)
1786100458.0519528,625,463,mac_trackPad-block-2-trial-7-target-6,570.0,450.0,37.5,False,Pointer Move (Standard mouse)
1786100458.059967,621,463,mac_trackPad-block-2-trial-7-target-6,570.0,450.0,37.5,False,Pointer Move (Standard mouse)
1786100458.068322,616,462,mac_trackPad-block-2-trial-7-target-6,570.0,450.0,37.5,False,Pointer Move (Standard mouse)
1786100458.076162,613,461,mac_trackPad-block-2-trial-7-target-6,570.0,450.0,37.5,False,Pointer Move (Standard mouse)
1786100458.084386,609,461,mac_trackPad-block-2-trial-7-target-6,570.0,450.0,37.5,False,Pointer Move (Standard mouse)
1786100458.092483,606,460,mac_trackPad-block-2-trial-7-target-6,570.0,450.0,37.5,False,Pointer Move (Standard mouse)
1786100458.100619,601,460,mac_trackPad-block-2-trial-7-target-6,570.0,450.0,37.5,False,Pointer Move (Standard mouse)
1786100458.108733,599,459,mac_trackPad-block-2-trial-7-target-6,570.0,450.0,37.5,False,Pointer Move (Standard mouse)
1786100458.1167,596,459,mac_trackPad-block-2-trial-7-target-6,570.0,450.0,37.5,False,Pointer Move (Standard mouse)
1786100458.124728,593,459,mac_trackPad-block-2-trial-7-target-6,570.0,450.0,37.5,False,Pointer Move (Standard mouse)
1786100458.1329548,591,458,mac_trackPad-block-2-trial-7-target-6,570.0,450.0,37.5,False,Pointer Move (Standard mouse)
1786100458.140919,589,458,mac_trackPad-block-2-trial-7-target-6,570.0,450.0,37.5,False,Pointer Move (Standard mouse)
1786100458.149027,587,458,mac_trackPad-block-2-trial-7-target-6,570.0,450.0,37.5,False,Pointer Move (Standard mouse)
1786100458.157084,585,457,mac_trackPad-block-2-trial-7-target-6,570.0,450.0,37.5,False,Pointer Move (Standard mouse)
1786100458.1653252,584,457,mac_trackPad-block-2-trial-7-target-6,570.0,450.0,37.5,False,Pointer Move (Standard mouse)
1786100458.173544,583,457,mac_trackPad-block-2-trial-7-target-6,570.0,450.0,37.5,False,Pointer Move (Standard mouse)
1786100458.181438,582,457,mac_trackPad-block-2-trial-7-target-6,570.0,450.0,37.5,False,Pointer Move (Standard mouse)
1786100458.189746,581,457,mac_trackPad-block-2-trial-7-target-6,570.0,450.0,37.5,False,Pointer Move (Standard mouse)
1786100458.197654,581,457,mac_trackPad-block-2-trial-7-target-6,570.0,450.0,37.5,False,Pointer Move (Standard mouse)
1786100458.205655,580,457,mac_trackPad-block-2-trial-7-target-6,570.0,450.0,37.5,False,Pointer Move (Standard mouse)
1786100458.213792,579,456,mac_trackPad-block-2-trial-7-target-6,570.0,450.0,37.5,False,Pointer Move (Standard mouse)
1786100458.221826,579,456,mac_trackPad-block-2-trial-7-target-6,570.0,450.0,37.5,False,Pointer Move (Standard mouse)
1786100458.229951,579,456,mac_trackPad-block-2-trial-7-target-6,570.0,450.0,37.5,False,Pointer Move (Standard mouse)
1786100458.246229,578,456,mac_trackPad-block-2-trial-7-target-6,570.0,450.0,37.5,False,Pointer Move (Standard mouse)
1786100458.2541592,578,456,mac_trackPad-block-2-trial-7-target-6,570.0,450.0,37.5,False,Pointer Move (Standard mouse)
1786100458.278335,578,456,mac_trackPad-block-2-trial-7-target-6,570.0,450.0,37.5,False,Pointer Move (Standard mouse)
1786100458.296791,578,456,mac_trackPad-block-2-trial-7-target-6,570.0,450.0,37.5,target_selected,target_selected
1786100458.4969091,578,456,mac_trackPad-block-2-trial-8-target-2,870.0,450.0,37.5,False,Pointer Move (Standard mouse)
1786100458.504691,580,456,mac_trackPad-block-2-trial-8-target-2,870.0,450.0,37.5,False,Pointer Move (Standard mouse)
1786100458.512915,584,456,mac_trackPad-block-2-trial-8-target-2,870.0,450.0,37.5,False,Pointer Move (Standard mouse)
1786100458.521024,590,456,mac_trackPad-block-2-trial-8-target-2,870.0,450.0,37.5,False,Pointer Move (Standard mouse)
1786100458.529108,597,456,mac_trackPad-block-2-trial-8-target-2,870.0,450.0,37.5,False,Pointer Move (Standard mouse)
1786100458.5374432,603,456,mac_trackPad-block-2-trial-8-target-2,870.0,450.0,37.5,False,Pointer Move (Standard mouse)
1786100458.545354,612,456,mac_trackPad-block-2-trial-8-target-2,870.0,450.0,37.5,False,Pointer Move (Standard mouse)
1786100458.553399,623,456,mac_trackPad-block-2-trial-8-target-2,870.0,450.0,37.5,False,Pointer Move (Standard mouse)
1786100458.561301,632,456,mac_trackPad-block-2-trial-8-target-2,870.0,450.0,37.5,False,Pointer Move (Standard mouse)
1786100458.569348,641,456,mac_trackPad-block-2-trial-8-target-2,870.0,450.0,37.5,False,Pointer Move (Standard mouse)
1786100458.577546,655,456,mac_trackPad-block-2-trial-8-target-2,870.0,450.0,37.5,False,Pointer Move (Standard mouse)
1786100458.585608,669,456,mac_trackPad-block-2-trial-8-target-2,870.0,450.0,37.5,False,Pointer Move (Standard mouse)
1786100458.594115,686,456,mac_trackPad-block-2-trial-8-target-2,870.0,450.0,37.5,False,Pointer Move (Standard mouse)
1786100458.602023,703,456,mac_trackPad-block-2-trial-8-target-2,870.0,450.0,37.5,False,Pointer Move (Standard mouse)
1786100458.610122,714,456,mac_trackPad-block-2-trial-8-target-2,870.0,450.0,37.5,False,Pointer Move (Standard mouse)
1786100458.618619,731,456,mac_trackPad-block-2-trial-8-target-2,870.0,450.0,37.5,False,Pointer Move (Standard mouse)
1786100458.626477,748,456,mac_trackPad-block-2-trial-8-target-2,870.0,450.0,37.5,False,Pointer Move (Standard mouse)
1786100458.634322,764,456,mac_trackPad-block-2-trial-8-target-2,870.0,450.0,37.5,False,Pointer Move (Standard mouse)
1786100458.642405,778,456,mac_trackPad-block-2-trial-8-target-2,870.0,450.0,37.5,False,Pointer Move (Standard mouse)
1786100458.6505542,795,456,mac_trackPad-block-2-trial-8-target-2,870.0,450.0,37.5,False,Pointer Move (Standard mouse)
1786100458.658858,800,456,mac_trackPad-block-2-trial-8-target-2,870.0,450.0,37.5,False,Pointer Move (Standard mouse)
1786100458.666817,809,456,mac_trackPad-block-2-trial-8-target-2,870.0,450.0,37.5,False,Pointer Move (Standard mouse)
1786100458.674786,820,456,mac_trackPad-block-2-trial-8-target-2,870.0,450.0,37.5,False,Pointer Move (Standard mouse)
1786100458.6832,825,456,mac_trackPad-block-2-trial-8-target-2,870.0,450.0,37.5,False,Pointer Move (Standard mouse)
1786100458.690906,831,456,mac_trackPad-block-2-trial-8-target-2,870.0,450.0,37.5,False,Pointer Move (Standard mouse)
1786100458.699148,833,456,mac_trackPad-block-2-trial-8-target-2,870.0,450.0,37.5,False,Pointer Move (Standard mouse)
1786100458.707257,837,456,mac_trackPad-block-2-trial-8-target-2,870.0,450.0,37.5,False,Pointer Move (Standard mouse)
1786100458.715112,839,456,mac_trackPad-block-2-trial-8-target-2,870.0,450.0,37.5,False,Pointer Move (Standard mouse)
1786100458.7231429,840,456,mac_trackPad-block-2-trial-8-target-2,870.0,450.0,37.5,False,Pointer Move (Standard mouse)
1786100458.731182,841,456,mac_trackPad-block-2-trial-8-target-2,870.0,450.0,37.5,False,Pointer Move (Standard mouse)
1786100458.7393532,841,456,mac_trackPad-block-2-trial-8-target-2,870.0,450.0,37.5,False,Pointer Move (Standard mouse)
1786100458.747464,841,456,mac_trackPad-block-2-trial-8-target-2,870.0,450.0,37.5,False,Pointer Move (Standard mouse)
1786100458.755528,842,456,mac_trackPad-block-2-trial-8-target-2,870.0,450.0,37.5,False,Pointer Move (Standard mouse)
1786100458.763535,842,456,mac_trackPad-block-2-trial-8-target-2,870.0,450.0,37.5,False,Pointer Move (Standard mouse)
1786100458.780046,843,456,mac_trackPad-block-2-trial-8-target-2,870.0,450.0,37.5,False,Pointer Move (Standard mouse)
1786100458.8123488,843,456,mac_trackPad-block-2-trial-8-target-2,870.0,450.0,37.5,False,Pointer Move (Standard mouse)
1786100458.828498,843,456,mac_trackPad-block-2-trial-8-target-2,870.0,450.0,37.5,False,Pointer Move (Standard mouse)
1786100458.844597,843,456,mac_trackPad-block-2-trial-8-target-2,870.0,450.0,37.5,False,Pointer Move (Standard mouse)
1786100458.861046,844,456,mac_trackPad-block-2-trial-8-target-2,870.0,450.0,37.5,False,Pointer Move (Standard mouse)
1786100458.8689768,844,456,mac_trackPad-block-2-trial-8-target-2,870.0,450.0,37.5,False,Pointer Move (Standard mouse)
1786100458.876874,845,456,mac_trackPad-block-2-trial-8-target-2,870.0,450.0,37.5,False,Pointer Move (Standard mouse)
1786100458.884869,846,456,mac_trackPad-block-2-trial-8-target-2,870.0,450.0,37.5,False,Pointer Move (Standard mouse)
1786100458.8928618,846,456,mac_trackPad-block-2-trial-8-target-2,870.0,450.0,37.5,False,Pointer Move (Standard mouse)
1786100458.9010508,847,455,mac_trackPad-block-2-trial-8-target-2,870.0,450.0,37.5,False,Pointer Move (Standard mouse)
1786100458.9092,848,455,mac_trackPad-block-2-trial-8-target-2,870.0,450.0,37.5,False,Pointer Move (Standard mouse)
1786100458.917483,849,455,mac_trackPad-block-2-trial-8-target-2,870.0,450.0,37.5,False,Pointer Move (Standard mouse)
1786100458.925496,850,455,mac_trackPad-block-2-trial-8-target-2,870.0,450.0,37.5,False,Pointer Move (Standard mouse)
1786100458.93353,851,455,mac_trackPad-block-2-trial-8-target-2,870.0,450.0,37.5,False,Pointer Move (Standard mouse)
1786100458.9416761,851,455,mac_trackPad-block-2-trial-8-target-2,870.0,450.0,37.5,False,Pointer Move (Standard mouse)
1786100458.949713,851,455,mac_trackPad-block-2-trial-8-target-2,870.0,450.0,37.5,False,Pointer Move (Standard mouse)
1786100458.957786,852,455,mac_trackPad-block-2-trial-8-target-2,870.0,450.0,37.5,False,Pointer Move (Standard mouse)
1786100458.965656,852,455,mac_trackPad-block-2-trial-8-target-2,870.0,450.0,37.5,False,Pointer Move (Standard mouse)
1786100458.9740531,852,455,mac_trackPad-block-2-trial-8-target-2,870.0,450.0,37.5,False,Pointer Move (Standard mouse)
1786100458.9983392,853,455,mac_trackPad-block-2-trial-8-target-2,870.0,450.0,37.5,False,Pointer Move (Standard mouse)
1786100459.03055,853,455,mac_trackPad-block-2-trial-8-target-2,870.0,450.0,37.5,target_selected,target_selected
1786100459.2815309,852,455,mac_trackPad-block-2-trial-9-target-6,570.0,450.0,37.5,False,Pointer Move (Standard mouse)
1786100459.289529,846,455,mac_trackPad-block-2-trial-9-target-6,570.0,450.0,37.5,False,Pointer Move (Standard mouse)
1786100459.297705,839,455,mac_trackPad-block-2-trial-9-target-6,570.0,450.0,37.5,False,Pointer Move (Standard mouse)
1786100459.305731,828,455,mac_trackPad-block-2-trial-9-target-6,570.0,450.0,37.5,False,Pointer Move (Standard mouse)
1786100459.313743,814,455,mac_trackPad-block-2-trial-9-target-6,570.0,450.0,37.5,False,Pointer Move (Standard mouse)
1786100459.321905,800,455,mac_trackPad-block-2-trial-9-target-6,570.0,450.0,37.5,False,Pointer Move (Standard mouse)
1786100459.329958,780,455,mac_trackPad-block-2-trial-9-target-6,570.0,450.0,37.5,False,Pointer Move (Standard mouse)
1786100459.3381062,763,455,mac_trackPad-block-2-trial-9-target-6,570.0,450.0,37.5,False,Pointer Move (Standard mouse)
1786100459.346071,746,455,mac_trackPad-block-2-trial-9-target-6,570.0,450.0,37.5,False,Pointer Move (Standard mouse)
1786100459.354208,732,455,mac_trackPad-block-2-trial-9-target-6,570.0,450.0,37.5,False,Pointer Move (Standard mouse)
1786100459.362283,715,455,mac_trackPad-block-2-trial-9-target-6,570.0,450.0,37.5,False,Pointer Move (Standard mouse)
1786100459.370441,704,455,mac_trackPad-block-2-trial-9-target-6,570.0,450.0,37.5,False,Pointer Move (Standard mouse)
1786100459.378195,693,455,mac_trackPad-block-2-trial-9-target-6,570.0,450.0,37.5,False,Pointer Move (Standard mouse)
1786100459.3865159,686,455,mac_trackPad-block-2-trial-9-target-6,570.0,450.0,37.5,False,Pointer Move (Standard mouse)
1786100459.3944519,677,455,mac_trackPad-block-2-trial-9-target-6,570.0,450.0,37.5,False,Pointer Move (Standard mouse)
1786100459.402931,660,452,mac_trackPad-block-2-trial-9-target-6,570.0,450.0,37.5,False,Pointer Move (Standard mouse)
1786100459.410671,652,452,mac_trackPad-block-2-trial-9-target-6,570.0,450.0,37.5,False,Pointer Move (Standard mouse)
1786100459.418944,640,451,mac_trackPad-block-2-trial-9-target-6,570.0,450.0,37.5,False,Pointer Move (Standard mouse)
1786100459.426893,637,451,mac_trackPad-block-2-trial-9-target-6,570.0,450.0,37.5,False,Pointer Move (Standard mouse)
1786100459.435083,631,449,mac_trackPad-block-2-trial-9-target-6,570.0,450.0,37.5,False,Pointer Move (Standard mouse)
1786100459.443518,622,449,mac_trackPad-block-2-trial-9-target-6,570.0,450.0,37.5,False,Pointer Move (Standard mouse)
1786100459.4512808,617,448,mac_trackPad-block-2-trial-9-target-6,570.0,450.0,37.5,False,Pointer Move (Standard mouse)
1786100459.459278,612,448,mac_trackPad-block-2-trial-9-target-6,570.0,450.0,37.5,False,Pointer Move (Standard mouse)
1786100459.4674492,607,448,mac_trackPad-block-2-trial-9-target-6,570.0,450.0,37.5,False,Pointer Move (Standard mouse)
1786100459.475523,605,448,mac_trackPad-block-2-trial-9-target-6,570.0,450.0,37.5,False,Pointer Move (Standard mouse)
1786100459.483586,602,448,mac_trackPad-block-2-trial-9-target-6,570.0,450.0,37.5,False,Pointer Move (Standard mouse)
1786100459.491692,601,448,mac_trackPad-block-2-trial-9-target-6,570.0,450.0,37.5,False,Pointer Move (Standard mouse)
1786100459.50076,600,448,mac_trackPad-block-2-trial-9-target-6,570.0,450.0,37.5,False,Pointer Move (Standard mouse)
1786100459.507902,599,448,mac_trackPad-block-2-trial-9-target-6,570.0,450.0,37.5,False,Pointer Move (Standard mouse)
1786100459.516143,599,447,mac_trackPad-block-2-trial-9-target-6,570.0,450.0,37.5,False,Pointer Move (Standard mouse)
1786100459.524073,598,447,mac_trackPad-block-2-trial-9-target-6,570.0,450.0,37.5,False,Pointer Move (Standard mouse)
1786100459.5321338,598,447,mac_trackPad-block-2-trial-9-target-6,570.0,450.0,37.5,False,Pointer Move (Standard mouse)
1786100459.5486631,598,447,mac_trackPad-block-2-trial-9-target-6,570.0,450.0,37.5,False,Pointer Move (Standard mouse)
1786100459.57297,597,447,mac_trackPad-block-2-trial-9-target-6,570.0,450.0,37.5,False,Pointer Move (Standard mouse)
1786100459.5892842,597,447,mac_trackPad-block-2-trial-9-target-6,570.0,450.0,37.5,False,Pointer Move (Standard mouse)
1786100459.6048598,597,447,mac_trackPad-block-2-trial-9-target-6,570.0,450.0,37.5,False,Pointer Move (Standard mouse)
1786100459.612763,596,447,mac_trackPad-block-2-trial-9-target-6,570.0,450.0,37.5,False,Pointer Move (Standard mouse)
1786100459.620992,596,447,mac_trackPad-block-2-trial-9-target-6,570.0,450.0,37.5,False,Pointer Move (Standard mouse)
1786100459.6290162,596,447,mac_trackPad-block-2-trial-9-target-6,570.0,450.0,37.5,False,Pointer Move (Standard mouse)
1786100459.637242,595,447,mac_trackPad-block-2-trial-9-target-6,570.0,450.0,37.5,False,Pointer Move (Standard mouse)
1786100459.645289,595,447,mac_trackPad-block-2-trial-9-target-6,570.0,450.0,37.5,False,Pointer Move (Standard mouse)
1786100459.6535091,594,447,mac_trackPad-block-2-trial-9-target-6,570.0,450.0,37.5,False,Pointer Move (Standard mouse)
1786100459.661674,594,447,mac_trackPad-block-2-trial-9-target-6,570.0,450.0,37.5,False,Pointer Move (Standard mouse)
1786100459.6698198,593,447,mac_trackPad-block-2-trial-9-target-6,570.0,450.0,37.5,False,Pointer Move (Standard mouse)
1786100459.696749,593,447,mac_trackPad-block-2-trial-9-target-6,570.0,450.0,37.5,target_selected,target_selected
1786100459.712843,593,447,mac_trackPad-block-2-trial-10-target-2,870.0,450.0,37.5,False,Pointer Move (Standard mouse)
1786100459.880139,593,447,mac_trackPad-block-2-trial-10-target-2,870.0,450.0,37.5,False,Pointer Move (Standard mouse)
1786100459.8878798,596,447,mac_trackPad-block-2-trial-10-target-2,870.0,450.0,37.5,False,Pointer Move (Standard mouse)
1786100459.895896,601,447,mac_trackPad-block-2-trial-10-target-2,870.0,450.0,37.5,False,Pointer Move (Standard mouse)
1786100459.904064,612,447,mac_trackPad-block-2-trial-10-target-2,870.0,450.0,37.5,False,Pointer Move (Standard mouse)
1786100459.9123058,623,447,mac_trackPad-block-2-trial-10-target-2,870.0,450.0,37.5,False,Pointer Move (Standard mouse)
1786100459.920307,637,447,mac_trackPad-block-2-trial-10-target-2,870.0,450.0,37.5,False,Pointer Move (Standard mouse)
1786100459.92834,651,447,mac_trackPad-block-2-trial-10-target-2,870.0,450.0,37.5,False,Pointer Move (Standard mouse)
1786100459.936481,668,445,mac_trackPad-block-2-trial-10-target-2,870.0,450.0,37.5,False,Pointer Move (Standard mouse)
1786100459.944371,688,445,mac_trackPad-block-2-trial-10-target-2,870.0,450.0,37.5,False,Pointer Move (Standard mouse)
1786100459.952662,708,447,mac_trackPad-block-2-trial-10-target-2,870.0,450.0,37.5,False,Pointer Move (Standard mouse)
1786100459.960705,713,448,mac_trackPad-block-2-trial-10-target-2,870.0,450.0,37.5,False,Pointer Move (Standard mouse)
1786100459.96884,722,448,mac_trackPad-block-2-trial-10-target-2,870.0,450.0,37.5,False,Pointer Move (Standard mouse)
1786100459.9768279,736,448,mac_trackPad-block-2-trial-10-target-2,870.0,450.0,37.5,False,Pointer Move (Standard mouse)
1786100459.984996,742,449,mac_trackPad-block-2-trial-10-target-2,870.0,450.0,37.5,False,Pointer Move (Standard mouse)
1786100459.9930508,749,449,mac_trackPad-block-2-trial-10-target-2,870.0,450.0,37.5,False,Pointer Move (Standard mouse)
1786100460.001075,754,449,mac_trackPad-block-2-trial-10-target-2,870.0,450.0,37.5,False,Pointer Move (Standard mouse)
1786100460.0092359,757,449,mac_trackPad-block-2-trial-10-target-2,870.0,450.0,37.5,False,Pointer Move (Standard mouse)
1786100460.017249,762,449,mac_trackPad-block-2-trial-10-target-2,870.0,450.0,37.5,False,Pointer Move (Standard mouse)
1786100460.025386,764,449,mac_trackPad-block-2-trial-10-target-2,870.0,450.0,37.5,False,Pointer Move (Standard mouse)
1786100460.033865,766,449,mac_trackPad-block-2-trial-10-target-2,870.0,450.0,37.5,False,Pointer Move (Standard mouse)
1786100460.041623,769,449,mac_trackPad-block-2-trial-10-target-2,870.0,450.0,37.5,False,Pointer Move (Standard mouse)
1786100460.0499241,771,449,mac_trackPad-block-2-trial-10-target-2,870.0,450.0,37.5,False,Pointer Move (Standard mouse)
1786100460.057877,773,449,mac_trackPad-block-2-trial-10-target-2,870.0,450.0,37.5,False,Pointer Move (Standard mouse)
1786100460.065856,775,449,mac_trackPad-block-2-trial-10-target-2,870.0,450.0,37.5,False,Pointer Move (Standard mouse)
1786100460.074048,778,449,mac_trackPad-block-2-trial-10-target-2,870.0,450.0,37.5,False,Pointer Move (Standard mouse)
1786100460.082059,780,449,mac_trackPad-block-2-trial-10-target-2,870.0,450.0,37.5,False,Pointer Move (Standard mouse)
1786100460.090112,782,449,mac_trackPad-block-2-trial-10-target-2,870.0,450.0,37.5,False,Pointer Move (Standard mouse)
1786100460.098495,785,449,mac_trackPad-block-2-trial-10-target-2,870.0,450.0,37.5,False,Pointer Move (Standard mouse)
1786100460.106509,789,449,mac_trackPad-block-2-trial-10-target-2,870.0,450.0,37.5,False,Pointer Move (Standard mouse)
1786100460.114385,790,449,mac_trackPad-block-2-trial-10-target-2,870.0,450.0,37.5,False,Pointer Move (Standard mouse)
1786100460.122478,792,449,mac_trackPad-block-2-trial-10-target-2,870.0,450.0,37.5,False,Pointer Move (Standard mouse)
1786100460.130516,794,449,mac_trackPad-block-2-trial-10-target-2,870.0,450.0,37.5,False,Pointer Move (Standard mouse)
1786100460.1386151,795,449,mac_trackPad-block-2-trial-10-target-2,870.0,450.0,37.5,False,Pointer Move (Standard mouse)
1786100460.1466088,797,449,mac_trackPad-block-2-trial-10-target-2,870.0,450.0,37.5,False,Pointer Move (Standard mouse)
1786100460.1549609,799,449,mac_trackPad-block-2-trial-10-target-2,870.0,450.0,37.5,False,Pointer Move (Standard mouse)
1786100460.162862,802,449,mac_trackPad-block-2-trial-10-target-2,870.0,450.0,37.5,False,Pointer Move (Standard mouse)
1786100460.170937,804,449,mac_trackPad-block-2-trial-10-target-2,870.0,450.0,37.5,False,Pointer Move (Standard mouse)
1786100460.178943,807,448,mac_trackPad-block-2-trial-10-target-2,870.0,450.0,37.5,False,Pointer Move (Standard mouse)
1786100460.187246,809,448,mac_trackPad-block-2-trial-10-target-2,870.0,450.0,37.5,False,Pointer Move (Standard mouse)
1786100460.195366,811,447,mac_trackPad-block-2-trial-10-target-2,870.0,450.0,37.5,False,Pointer Move (Standard mouse)
1786100460.203498,813,447,mac_trackPad-block-2-trial-10-target-2,870.0,450.0,37.5,False,Pointer Move (Standard mouse)
1786100460.2113678,814,447,mac_trackPad-block-2-trial-10-target-2,870.0,450.0,37.5,False,Pointer Move (Standard mouse)
1786100460.2193,816,447,mac_trackPad-block-2-trial-10-target-2,870.0,450.0,37.5,False,Pointer Move (Standard mouse)
1786100460.2274392,817,447,mac_trackPad-block-2-trial-10-target-2,870.0,450.0,37.5,False,Pointer Move (Standard mouse)
1786100460.2355788,819,447,mac_trackPad-block-2-trial-10-target-2,870.0,450.0,37.5,False,Pointer Move (Standard mouse)
1786100460.24349,821,447,mac_trackPad-block-2-trial-10-target-2,870.0,450.0,37.5,False,Pointer Move (Standard mouse)
1786100460.2518651,823,447,mac_trackPad-block-2-trial-10-target-2,870.0,450.0,37.5,False,Pointer Move (Standard mouse)
1786100460.2602959,827,447,mac_trackPad-block-2-trial-10-target-2,870.0,450.0,37.5,False,Pointer Move (Standard mouse)
1786100460.268111,829,447,mac_trackPad-block-2-trial-10-target-2,870.0,450.0,37.5,False,Pointer Move (Standard mouse)
1786100460.275927,832,447,mac_trackPad-block-2-trial-10-target-2,870.0,450.0,37.5,False,Pointer Move (Standard mouse)
1786100460.284321,835,447,mac_trackPad-block-2-trial-10-target-2,870.0,450.0,37.5,False,Pointer Move (Standard mouse)
1786100460.292355,838,447,mac_trackPad-block-2-trial-10-target-2,870.0,450.0,37.5,False,Pointer Move (Standard mouse)
1786100460.30047,842,447,mac_trackPad-block-2-trial-10-target-2,870.0,450.0,37.5,False,Pointer Move (Standard mouse)
1786100460.308436,845,447,mac_trackPad-block-2-trial-10-target-2,870.0,450.0,37.5,False,Pointer Move (Standard mouse)
1786100460.31667,847,447,mac_trackPad-block-2-trial-10-target-2,870.0,450.0,37.5,False,Pointer Move (Standard mouse)
1786100460.324783,849,447,mac_trackPad-block-2-trial-10-target-2,870.0,450.0,37.5,False,Pointer Move (Standard mouse)
1786100460.332885,851,447,mac_trackPad-block-2-trial-10-target-2,870.0,450.0,37.5,False,Pointer Move (Standard mouse)
1786100460.3407638,852,447,mac_trackPad-block-2-trial-10-target-2,870.0,450.0,37.5,False,Pointer Move (Standard mouse)
1786100460.3487182,853,447,mac_trackPad-block-2-trial-10-target-2,870.0,450.0,37.5,False,Pointer Move (Standard mouse)
1786100460.357068,853,447,mac_trackPad-block-2-trial-10-target-2,870.0,450.0,37.5,False,Pointer Move (Standard mouse)
1786100460.365133,854,447,mac_trackPad-block-2-trial-10-target-2,870.0,450.0,37.5,False,Pointer Move (Standard mouse)
1786100460.3732128,854,447,mac_trackPad-block-2-trial-10-target-2,870.0,450.0,37.5,False,Pointer Move (Standard mouse)
1786100460.3814368,855,447,mac_trackPad-block-2-trial-10-target-2,870.0,450.0,37.5,False,Pointer Move (Standard mouse)
1786100460.389351,855,447,mac_trackPad-block-2-trial-10-target-2,870.0,450.0,37.5,False,Pointer Move (Standard mouse)
1786100460.405492,855,447,mac_trackPad-block-2-trial-10-target-2,870.0,450.0,37.5,False,Pointer Move (Standard mouse)
1786100460.429955,855,447,mac_trackPad-block-2-trial-10-target-2,870.0,450.0,37.5,target_selected,target_selected
1786100460.632204,855,447,mac_trackPad-block-2-trial-11-target-6,570.0,450.0,37.5,False,Pointer Move (Standard mouse)
1786100460.640179,851,447,mac_trackPad-block-2-trial-11-target-6,570.0,450.0,37.5,False,Pointer Move (Standard mouse)
1786100460.648179,847,447,mac_trackPad-block-2-trial-11-target-6,570.0,450.0,37.5,False,Pointer Move (Standard mouse)
1786100460.656349,840,447,mac_trackPad-block-2-trial-11-target-6,570.0,450.0,37.5,False,Pointer Move (Standard mouse)
1786100460.664237,831,447,mac_trackPad-block-2-trial-11-target-6,570.0,450.0,37.5,False,Pointer Move (Standard mouse)
1786100460.672346,823,447,mac_trackPad-block-2-trial-11-target-6,570.0,450.0,37.5,False,Pointer Move (Standard mouse)
1786100460.680508,809,447,mac_trackPad-block-2-trial-11-target-6,570.0,450.0,37.5,False,Pointer Move (Standard mouse)
1786100460.6885152,777,447,mac_trackPad-block-2-trial-11-target-6,570.0,450.0,37.5,False,Pointer Move (Standard mouse)
1786100460.696515,768,447,mac_trackPad-block-2-trial-11-target-6,570.0,450.0,37.5,False,Pointer Move (Standard mouse)
1786100460.7046342,748,447,mac_trackPad-block-2-trial-11-target-6,570.0,450.0,37.5,False,Pointer Move (Standard mouse)
1786100460.712595,720,447,mac_trackPad-block-2-trial-11-target-6,570.0,450.0,37.5,False,Pointer Move (Standard mouse)
1786100460.721801,700,447,mac_trackPad-block-2-trial-11-target-6,570.0,450.0,37.5,False,Pointer Move (Standard mouse)
1786100460.72891,679,447,mac_trackPad-block-2-trial-11-target-6,570.0,450.0,37.5,False,Pointer Move (Standard mouse)
1786100460.737059,659,447,mac_trackPad-block-2-trial-11-target-6,570.0,450.0,37.5,False,Pointer Move (Standard mouse)
1786100460.745044,645,447,mac_trackPad-block-2-trial-11-target-6,570.0,450.0,37.5,False,Pointer Move (Standard mouse)
1786100460.753243,640,447,mac_trackPad-block-2-trial-11-target-6,570.0,450.0,37.5,False,Pointer Move (Standard mouse)
1786100460.761347,629,447,mac_trackPad-block-2-trial-11-target-6,570.0,450.0,37.5,False,Pointer Move (Standard mouse)
1786100460.769763,623,447,mac_trackPad-block-2-trial-11-target-6,570.0,450.0,37.5,False,Pointer Move (Standard mouse)
1786100460.777473,616,447,mac_trackPad-block-2-trial-11-target-6,570.0,450.0,37.5,False,Pointer Move (Standard mouse)
1786100460.785563,613,447,mac_trackPad-block-2-trial-11-target-6,570.0,450.0,37.5,False,Pointer Move (Standard mouse)
1786100460.793849,610,447,mac_trackPad-block-2-trial-11-target-6,570.0,450.0,37.5,False,Pointer Move (Standard mouse)
1786100460.8024168,608,447,mac_trackPad-block-2-trial-11-target-6,570.0,450.0,37.5,False,Pointer Move (Standard mouse)
1786100460.8099892,606,447,mac_trackPad-block-2-trial-11-target-6,570.0,450.0,37.5,False,Pointer Move (Standard mouse)
1786100460.81795,604,447,mac_trackPad-block-2-trial-11-target-6,570.0,450.0,37.5,False,Pointer Move (Standard mouse)
1786100460.833461,603,447,mac_trackPad-block-2-trial-11-target-6,570.0,450.0,37.5,False,Pointer Move (Standard mouse)
1786100460.834086,603,447,mac_trackPad-block-2-trial-11-target-6,570.0,450.0,37.5,False,Pointer Move (Standard mouse)
1786100460.842276,603,447,mac_trackPad-block-2-trial-11-target-6,570.0,450.0,37.5,False,Pointer Move (Standard mouse)
1786100460.850247,602,447,mac_trackPad-block-2-trial-11-target-6,570.0,450.0,37.5,False,Pointer Move (Standard mouse)
1786100460.858388,602,447,mac_trackPad-block-2-trial-11-target-6,570.0,450.0,37.5,False,Pointer Move (Standard mouse)
1786100460.866217,602,447,mac_trackPad-block-2-trial-11-target-6,570.0,450.0,37.5,False,Pointer Move (Standard mouse)
1786100460.874547,601,447,mac_trackPad-block-2-trial-11-target-6,570.0,450.0,37.5,False,Pointer Move (Standard mouse)
1786100460.89117,601,447,mac_trackPad-block-2-trial-11-target-6,570.0,450.0,37.5,False,Pointer Move (Standard mouse)
1786100460.906941,600,447,mac_trackPad-block-2-trial-11-target-6,570.0,450.0,37.5,False,Pointer Move (Standard mouse)
1786100460.914709,600,447,mac_trackPad-block-2-trial-11-target-6,570.0,450.0,37.5,False,Pointer Move (Standard mouse)
1786100460.931993,600,447,mac_trackPad-block-2-trial-11-target-6,570.0,450.0,37.5,False,Pointer Move (Standard mouse)
1786100460.947156,599,447,mac_trackPad-block-2-trial-11-target-6,570.0,450.0,37.5,False,Pointer Move (Standard mouse)
1786100460.963445,599,447,mac_trackPad-block-2-trial-11-target-6,570.0,450.0,37.5,False,Pointer Move (Standard mouse)
1786100460.971583,599,447,mac_trackPad-block-2-trial-11-target-6,570.0,450.0,37.5,False,Pointer Move (Standard mouse)
1786100460.99685,599,447,mac_trackPad-block-2-trial-11-target-6,570.0,450.0,37.5,target_selected,target_selected
1786100461.018058,599,447,mac_trackPad-block-2-trial-12-target-2,870.0,450.0,37.5,False,Pointer Move (Standard mouse)
1786100461.222419,600,447,mac_trackPad-block-2-trial-12-target-2,870.0,450.0,37.5,False,Pointer Move (Standard mouse)
1786100461.2302358,617,447,mac_trackPad-block-2-trial-12-target-2,870.0,450.0,37.5,False,Pointer Move (Standard mouse)
1786100461.2385669,633,447,mac_trackPad-block-2-trial-12-target-2,870.0,450.0,37.5,False,Pointer Move (Standard mouse)
1786100461.246582,640,447,mac_trackPad-block-2-trial-12-target-2,870.0,450.0,37.5,False,Pointer Move (Standard mouse)
1786100461.254656,660,447,mac_trackPad-block-2-trial-12-target-2,870.0,450.0,37.5,False,Pointer Move (Standard mouse)
1786100461.262773,681,447,mac_trackPad-block-2-trial-12-target-2,870.0,450.0,37.5,False,Pointer Move (Standard mouse)
1786100461.270858,708,447,mac_trackPad-block-2-trial-12-target-2,870.0,450.0,37.5,False,Pointer Move (Standard mouse)
1786100461.279158,729,447,mac_trackPad-block-2-trial-12-target-2,870.0,450.0,37.5,False,Pointer Move (Standard mouse)
1786100461.286958,749,449,mac_trackPad-block-2-trial-12-target-2,870.0,450.0,37.5,False,Pointer Move (Standard mouse)
1786100461.295151,769,449,mac_trackPad-block-2-trial-12-target-2,870.0,450.0,37.5,False,Pointer Move (Standard mouse)
1786100461.303272,772,449,mac_trackPad-block-2-trial-12-target-2,870.0,450.0,37.5,False,Pointer Move (Standard mouse)
1786100461.311072,784,449,mac_trackPad-block-2-trial-12-target-2,870.0,450.0,37.5,False,Pointer Move (Standard mouse)
1786100461.3191931,804,449,mac_trackPad-block-2-trial-12-target-2,870.0,450.0,37.5,False,Pointer Move (Standard mouse)
1786100461.3272882,813,450,mac_trackPad-block-2-trial-12-target-2,870.0,450.0,37.5,False,Pointer Move (Standard mouse)
1786100461.3355598,821,450,mac_trackPad-block-2-trial-12-target-2,870.0,450.0,37.5,False,Pointer Move (Standard mouse)
1786100461.343531,823,450,mac_trackPad-block-2-trial-12-target-2,870.0,450.0,37.5,False,Pointer Move (Standard mouse)
1786100461.351635,830,450,mac_trackPad-block-2-trial-12-target-2,870.0,450.0,37.5,False,Pointer Move (Standard mouse)
1786100461.360611,835,450,mac_trackPad-block-2-trial-12-target-2,870.0,450.0,37.5,False,Pointer Move (Standard mouse)
1786100461.368211,841,450,mac_trackPad-block-2-trial-12-target-2,870.0,450.0,37.5,False,Pointer Move (Standard mouse)
1786100461.376364,845,450,mac_trackPad-block-2-trial-12-target-2,870.0,450.0,37.5,False,Pointer Move (Standard mouse)
1786100461.3842509,848,450,mac_trackPad-block-2-trial-12-target-2,870.0,450.0,37.5,False,Pointer Move (Standard mouse)
1786100461.392527,851,450,mac_trackPad-block-2-trial-12-target-2,870.0,450.0,37.5,False,Pointer Move (Standard mouse)
1786100461.400863,852,450,mac_trackPad-block-2-trial-12-target-2,870.0,450.0,37.5,False,Pointer Move (Standard mouse)
1786100461.408949,853,450,mac_trackPad-block-2-trial-12-target-2,870.0,450.0,37.5,False,Pointer Move (Standard mouse)
1786100461.4164732,854,450,mac_trackPad-block-2-trial-12-target-2,870.0,450.0,37.5,False,Pointer Move (Standard mouse)
1786100461.4245691,855,450,mac_trackPad-block-2-trial-12-target-2,870.0,450.0,37.5,False,Pointer Move (Standard mouse)
1786100461.4327512,856,450,mac_trackPad-block-2-trial-12-target-2,870.0,450.0,37.5,False,Pointer Move (Standard mouse)
1786100461.449353,856,450,mac_trackPad-block-2-trial-12-target-2,870.0,450.0,37.5,False,Pointer Move (Standard mouse)
1786100461.457155,856,450,mac_trackPad-block-2-trial-12-target-2,870.0,450.0,37.5,False,Pointer Move (Standard mouse)
1786100461.4648268,857,450,mac_trackPad-block-2-trial-12-target-2,870.0,450.0,37.5,False,Pointer Move (Standard mouse)
1786100461.472675,857,450,mac_trackPad-block-2-trial-12-target-2,870.0,450.0,37.5,False,Pointer Move (Standard mouse)
1786100461.480936,857,450,mac_trackPad-block-2-trial-12-target-2,870.0,450.0,37.5,False,Pointer Move (Standard mouse)
1786100461.489228,858,450,mac_trackPad-block-2-trial-12-target-2,870.0,450.0,37.5,False,Pointer Move (Standard mouse)
1786100461.497292,858,450,mac_trackPad-block-2-trial-12-target-2,870.0,450.0,37.5,False,Pointer Move (Standard mouse)
1786100461.5216131,859,450,mac_trackPad-block-2-trial-12-target-2,870.0,450.0,37.5,False,Pointer Move (Standard mouse)
1786100461.5702279,859,450,mac_trackPad-block-2-trial-12-target-2,870.0,450.0,37.5,False,Pointer Move (Standard mouse)
1786100461.602422,859,450,mac_trackPad-block-2-trial-12-target-2,870.0,450.0,37.5,False,Pointer Move (Standard mouse)
1786100461.6187022,859,450,mac_trackPad-block-2-trial-12-target-2,870.0,450.0,37.5,False,Pointer Move (Standard mouse)
1786100461.646739,859,450,mac_trackPad-block-2-trial-12-target-2,870.0,450.0,37.5,target_selected,target_selected
1786100461.877593,858,450,mac_trackPad-block-2-trial-13-target-6,570.0,450.0,37.5,False,Pointer Move (Standard mouse)
1786100461.8856719,854,450,mac_trackPad-block-2-trial-13-target-6,570.0,450.0,37.5,False,Pointer Move (Standard mouse)
1786100461.8937302,847,450,mac_trackPad-block-2-trial-13-target-6,570.0,450.0,37.5,False,Pointer Move (Standard mouse)
1786100461.901818,838,450,mac_trackPad-block-2-trial-13-target-6,570.0,450.0,37.5,False,Pointer Move (Standard mouse)
1786100461.909895,824,450,mac_trackPad-block-2-trial-13-target-6,570.0,450.0,37.5,False,Pointer Move (Standard mouse)
1786100461.918018,813,450,mac_trackPad-block-2-trial-13-target-6,570.0,450.0,37.5,False,Pointer Move (Standard mouse)
1786100461.926059,796,450,mac_trackPad-block-2-trial-13-target-6,570.0,450.0,37.5,False,Pointer Move (Standard mouse)
1786100461.933983,782,450,mac_trackPad-block-2-trial-13-target-6,570.0,450.0,37.5,False,Pointer Move (Standard mouse)
1786100461.942005,765,450,mac_trackPad-block-2-trial-13-target-6,570.0,450.0,37.5,False,Pointer Move (Standard mouse)
1786100461.950164,748,450,mac_trackPad-block-2-trial-13-target-6,570.0,450.0,37.5,False,Pointer Move (Standard mouse)
1786100461.958436,737,450,mac_trackPad-block-2-trial-13-target-6,570.0,450.0,37.5,False,Pointer Move (Standard mouse)
1786100461.966316,726,450,mac_trackPad-block-2-trial-13-target-6,570.0,450.0,37.5,False,Pointer Move (Standard mouse)
1786100461.974717,715,450,mac_trackPad-block-2-trial-13-target-6,570.0,450.0,37.5,False,Pointer Move (Standard mouse)
1786100461.98297,704,450,mac_trackPad-block-2-trial-13-target-6,570.0,450.0,37.5,False,Pointer Move (Standard mouse)
1786100461.99056,693,450,mac_trackPad-block-2-trial-13-target-6,570.0,450.0,37.5,False,Pointer Move (Standard mouse)
1786100461.99889,686,450,mac_trackPad-block-2-trial-13-target-6,570.0,450.0,37.5,False,Pointer Move (Standard mouse)
1786100462.006751,679,450,mac_trackPad-block-2-trial-13-target-6,570.0,450.0,37.5,False,Pointer Move (Standard mouse)
1786100462.01508,673,450,mac_trackPad-block-2-trial-13-target-6,570.0,450.0,37.5,False,Pointer Move (Standard mouse)
1786100462.0228832,664,450,mac_trackPad-block-2-trial-13-target-6,570.0,450.0,37.5,False,Pointer Move (Standard mouse)
1786100462.031252,659,450,mac_trackPad-block-2-trial-13-target-6,570.0,450.0,37.5,False,Pointer Move (Standard mouse)
1786100462.039309,650,449,mac_trackPad-block-2-trial-13-target-6,570.0,450.0,37.5,False,Pointer Move (Standard mouse)
1786100462.048019,647,449,mac_trackPad-block-2-trial-13-target-6,570.0,450.0,37.5,False,Pointer Move (Standard mouse)
1786100462.0553422,642,449,mac_trackPad-block-2-trial-13-target-6,570.0,450.0,37.5,False,Pointer Move (Standard mouse)
1786100462.063623,639,449,mac_trackPad-block-2-trial-13-target-6,570.0,450.0,37.5,False,Pointer Move (Standard mouse)
1786100462.071525,636,449,mac_trackPad-block-2-trial-13-target-6,570.0,450.0,37.5,False,Pointer Move (Standard mouse)
1786100462.0795121,634,449,mac_trackPad-block-2-trial-13-target-6,570.0,450.0,37.5,False,Pointer Move (Standard mouse)
1786100462.087712,632,449,mac_trackPad-block-2-trial-13-target-6,570.0,450.0,37.5,False,Pointer Move (Standard mouse)
1786100462.096034,630,449,mac_trackPad-block-2-trial-13-target-6,570.0,450.0,37.5,False,Pointer Move (Standard mouse)
1786100462.104046,629,449,mac_trackPad-block-2-trial-13-target-6,570.0,450.0,37.5,False,Pointer Move (Standard mouse)
1786100462.112129,628,449,mac_trackPad-block-2-trial-13-target-6,570.0,450.0,37.5,False,Pointer Move (Standard mouse)
1786100462.119921,627,449,mac_trackPad-block-2-trial-13-target-6,570.0,450.0,37.5,False,Pointer Move (Standard mouse)
1786100462.128814,626,449,mac_trackPad-block-2-trial-13-target-6,570.0,450.0,37.5,False,Pointer Move (Standard mouse)
1786100462.13613,625,449,mac_trackPad-block-2-trial-13-target-6,570.0,450.0,37.5,False,Pointer Move (Standard mouse)
1786100462.144245,624,449,mac_trackPad-block-2-trial-13-target-6,570.0,450.0,37.5,False,Pointer Move (Standard mouse)
1786100462.152242,622,449,mac_trackPad-block-2-trial-13-target-6,570.0,450.0,37.5,False,Pointer Move (Standard mouse)
1786100462.160383,621,449,mac_trackPad-block-2-trial-13-target-6,570.0,450.0,37.5,False,Pointer Move (Standard mouse)
1786100462.168344,619,449,mac_trackPad-block-2-trial-13-target-6,570.0,450.0,37.5,False,Pointer Move (Standard mouse)
1786100462.17655,617,449,mac_trackPad-block-2-trial-13-target-6,570.0,450.0,37.5,False,Pointer Move (Standard mouse)
1786100462.184978,614,449,mac_trackPad-block-2-trial-13-target-6,570.0,450.0,37.5,False,Pointer Move (Standard mouse)
1786100462.192731,612,449,mac_trackPad-block-2-trial-13-target-6,570.0,450.0,37.5,False,Pointer Move (Standard mouse)
1786100462.2008882,609,449,mac_trackPad-block-2-trial-13-target-6,570.0,450.0,37.5,False,Pointer Move (Standard mouse)
1786100462.208956,605,449,mac_trackPad-block-2-trial-13-target-6,570.0,450.0,37.5,False,Pointer Move (Standard mouse)
1786100462.2172039,602,449,mac_trackPad-block-2-trial-13-target-6,570.0,450.0,37.5,False,Pointer Move (Standard mouse)
1786100462.224948,600,449,mac_trackPad-block-2-trial-13-target-6,570.0,450.0,37.5,False,Pointer Move (Standard mouse)
1786100462.233119,597,449,mac_trackPad-block-2-trial-13-target-6,570.0,450.0,37.5,False,Pointer Move (Standard mouse)
1786100462.241083,595,449,mac_trackPad-block-2-trial-13-target-6,570.0,450.0,37.5,False,Pointer Move (Standard mouse)
1786100462.249105,593,448,mac_trackPad-block-2-trial-13-target-6,570.0,450.0,37.5,False,Pointer Move (Standard mouse)
1786100462.257231,591,448,mac_trackPad-block-2-trial-13-target-6,570.0,450.0,37.5,False,Pointer Move (Standard mouse)
1786100462.265395,590,448,mac_trackPad-block-2-trial-13-target-6,570.0,450.0,37.5,False,Pointer Move (Standard mouse)
1786100462.274035,589,448,mac_trackPad-block-2-trial-13-target-6,570.0,450.0,37.5,False,Pointer Move (Standard mouse)
1786100462.281783,588,447,mac_trackPad-block-2-trial-13-target-6,570.0,450.0,37.5,False,Pointer Move (Standard mouse)
1786100462.2895648,587,447,mac_trackPad-block-2-trial-13-target-6,570.0,450.0,37.5,False,Pointer Move (Standard mouse)
1786100462.298016,586,447,mac_trackPad-block-2-trial-13-target-6,570.0,450.0,37.5,False,Pointer Move (Standard mouse)
1786100462.305792,585,447,mac_trackPad-block-2-trial-13-target-6,570.0,450.0,37.5,False,Pointer Move (Standard mouse)
1786100462.314121,584,446,mac_trackPad-block-2-trial-13-target-6,570.0,450.0,37.5,False,Pointer Move (Standard mouse)
1786100462.321923,584,446,mac_trackPad-block-2-trial-13-target-6,570.0,450.0,37.5,False,Pointer Move (Standard mouse)
1786100462.330431,583,446,mac_trackPad-block-2-trial-13-target-6,570.0,450.0,37.5,False,Pointer Move (Standard mouse)
1786100462.338511,582,445,mac_trackPad-block-2-trial-13-target-6,570.0,450.0,37.5,False,Pointer Move (Standard mouse)
1786100462.3464582,582,445,mac_trackPad-block-2-trial-13-target-6,570.0,450.0,37.5,False,Pointer Move (Standard mouse)
1786100462.3542972,581,445,mac_trackPad-block-2-trial-13-target-6,570.0,450.0,37.5,False,Pointer Move (Standard mouse)
1786100462.3627121,580,444,mac_trackPad-block-2-trial-13-target-6,570.0,450.0,37.5,False,Pointer Move (Standard mouse)
1786100462.370461,580,444,mac_trackPad-block-2-trial-13-target-6,570.0,450.0,37.5,False,Pointer Move (Standard mouse)
1786100462.378487,580,444,mac_trackPad-block-2-trial-13-target-6,570.0,450.0,37.5,False,Pointer Move (Standard mouse)
1786100462.396854,580,444,mac_trackPad-block-2-trial-13-target-6,570.0,450.0,37.5,target_selected,target_selected
1786100462.424691,580,444,mac_trackPad-block-2-trial-14-target-2,870.0,450.0,37.5,False,Pointer Move (Standard mouse)
1786100462.56536,580,444,mac_trackPad-block-2-trial-14-target-2,870.0,450.0,37.5,False,Pointer Move (Standard mouse)
1786100462.572942,587,444,mac_trackPad-block-2-trial-14-target-2,870.0,450.0,37.5,False,Pointer Move (Standard mouse)
1786100462.581457,594,444,mac_trackPad-block-2-trial-14-target-2,870.0,450.0,37.5,False,Pointer Move (Standard mouse)
1786100462.589213,605,444,mac_trackPad-block-2-trial-14-target-2,870.0,450.0,37.5,False,Pointer Move (Standard mouse)
1786100462.597258,622,444,mac_trackPad-block-2-trial-14-target-2,870.0,450.0,37.5,False,Pointer Move (Standard mouse)
1786100462.6054301,636,444,mac_trackPad-block-2-trial-14-target-2,870.0,450.0,37.5,False,Pointer Move (Standard mouse)
1786100462.61313,656,444,mac_trackPad-block-2-trial-14-target-2,870.0,450.0,37.5,False,Pointer Move (Standard mouse)
1786100462.621293,673,444,mac_trackPad-block-2-trial-14-target-2,870.0,450.0,37.5,False,Pointer Move (Standard mouse)
1786100462.629405,690,444,mac_trackPad-block-2-trial-14-target-2,870.0,450.0,37.5,False,Pointer Move (Standard mouse)
1786100462.637714,704,444,mac_trackPad-block-2-trial-14-target-2,870.0,450.0,37.5,False,Pointer Move (Standard mouse)
1786100462.645783,720,444,mac_trackPad-block-2-trial-14-target-2,870.0,450.0,37.5,False,Pointer Move (Standard mouse)
1786100462.653774,729,444,mac_trackPad-block-2-trial-14-target-2,870.0,450.0,37.5,False,Pointer Move (Standard mouse)
1786100462.661786,743,444,mac_trackPad-block-2-trial-14-target-2,870.0,450.0,37.5,False,Pointer Move (Standard mouse)
1786100462.669962,752,444,mac_trackPad-block-2-trial-14-target-2,870.0,450.0,37.5,False,Pointer Move (Standard mouse)
1786100462.677896,763,444,mac_trackPad-block-2-trial-14-target-2,870.0,450.0,37.5,False,Pointer Move (Standard mouse)
1786100462.686111,770,444,mac_trackPad-block-2-trial-14-target-2,870.0,450.0,37.5,False,Pointer Move (Standard mouse)
1786100462.694077,781,444,mac_trackPad-block-2-trial-14-target-2,870.0,450.0,37.5,False,Pointer Move (Standard mouse)
1786100462.7020538,784,444,mac_trackPad-block-2-trial-14-target-2,870.0,450.0,37.5,False,Pointer Move (Standard mouse)
1786100462.7101882,793,444,mac_trackPad-block-2-trial-14-target-2,870.0,450.0,37.5,False,Pointer Move (Standard mouse)
1786100462.718344,799,444,mac_trackPad-block-2-trial-14-target-2,870.0,450.0,37.5,False,Pointer Move (Standard mouse)
1786100462.7265978,806,444,mac_trackPad-block-2-trial-14-target-2,870.0,450.0,37.5,False,Pointer Move (Standard mouse)
1786100462.734486,811,444,mac_trackPad-block-2-trial-14-target-2,870.0,450.0,37.5,False,Pointer Move (Standard mouse)
1786100462.742846,816,444,mac_trackPad-block-2-trial-14-target-2,870.0,450.0,37.5,False,Pointer Move (Standard mouse)
1786100462.751103,818,444,mac_trackPad-block-2-trial-14-target-2,870.0,450.0,37.5,False,Pointer Move (Standard mouse)
1786100462.758849,820,444,mac_trackPad-block-2-trial-14-target-2,870.0,450.0,37.5,False,Pointer Move (Standard mouse)
1786100462.7669492,821,444,mac_trackPad-block-2-trial-14-target-2,870.0,450.0,37.5,False,Pointer Move (Standard mouse)
1786100462.774951,822,444,mac_trackPad-block-2-trial-14-target-2,870.0,450.0,37.5,False,Pointer Move (Standard mouse)
1786100462.783363,823,444,mac_trackPad-block-2-trial-14-target-2,870.0,450.0,37.5,False,Pointer Move (Standard mouse)
1786100462.791536,823,444,mac_trackPad-block-2-trial-14-target-2,870.0,450.0,37.5,False,Pointer Move (Standard mouse)
1786100462.799245,824,444,mac_trackPad-block-2-trial-14-target-2,870.0,450.0,37.5,False,Pointer Move (Standard mouse)
1786100462.8073149,825,444,mac_trackPad-block-2-trial-14-target-2,870.0,450.0,37.5,False,Pointer Move (Standard mouse)
1786100462.8151941,826,444,mac_trackPad-block-2-trial-14-target-2,870.0,450.0,37.5,False,Pointer Move (Standard mouse)
1786100462.823631,827,444,mac_trackPad-block-2-trial-14-target-2,870.0,450.0,37.5,False,Pointer Move (Standard mouse)
1786100462.8319318,828,444,mac_trackPad-block-2-trial-14-target-2,870.0,450.0,37.5,False,Pointer Move (Standard mouse)
1786100462.8396218,829,444,mac_trackPad-block-2-trial-14-target-2,870.0,450.0,37.5,False,Pointer Move (Standard mouse)
1786100462.847622,830,444,mac_trackPad-block-2-trial-14-target-2,870.0,450.0,37.5,False,Pointer Move (Standard mouse)
1786100462.855938,830,444,mac_trackPad-block-2-trial-14-target-2,870.0,450.0,37.5,False,Pointer Move (Standard mouse)
1786100462.864058,831,444,mac_trackPad-block-2-trial-14-target-2,870.0,450.0,37.5,False,Pointer Move (Standard mouse)
1786100462.8722188,832,444,mac_trackPad-block-2-trial-14-target-2,870.0,450.0,37.5,False,Pointer Move (Standard mouse)
1786100462.880042,832,444,mac_trackPad-block-2-trial-14-target-2,870.0,450.0,37.5,False,Pointer Move (Standard mouse)
1786100462.888104,833,444,mac_trackPad-block-2-trial-14-target-2,870.0,450.0,37.5,False,Pointer Move (Standard mouse)
1786100462.8962119,833,444,mac_trackPad-block-2-trial-14-target-2,870.0,450.0,37.5,False,Pointer Move (Standard mouse)
1786100462.9044511,835,444,mac_trackPad-block-2-trial-14-target-2,870.0,450.0,37.5,False,Pointer Move (Standard mouse)
1786100462.912527,836,444,mac_trackPad-block-2-trial-14-target-2,870.0,450.0,37.5,False,Pointer Move (Standard mouse)
1786100462.920649,838,444,mac_trackPad-block-2-trial-14-target-2,870.0,450.0,37.5,False,Pointer Move (Standard mouse)
1786100462.92862,840,444,mac_trackPad-block-2-trial-14-target-2,870.0,450.0,37.5,False,Pointer Move (Standard mouse)
1786100462.936661,842,444,mac_trackPad-block-2-trial-14-target-2,870.0,450.0,37.5,False,Pointer Move (Standard mouse)
1786100462.944823,843,444,mac_trackPad-block-2-trial-14-target-2,870.0,450.0,37.5,False,Pointer Move (Standard mouse)
1786100462.953072,844,444,mac_trackPad-block-2-trial-14-target-2,870.0,450.0,37.5,False,Pointer Move (Standard mouse)
1786100462.9608629,845,444,mac_trackPad-block-2-trial-14-target-2,870.0,450.0,37.5,False,Pointer Move (Standard mouse)
1786100462.969982,846,444,mac_trackPad-block-2-trial-14-target-2,870.0,450.0,37.5,False,Pointer Move (Standard mouse)
1786100462.9770648,847,444,mac_trackPad-block-2-trial-14-target-2,870.0,450.0,37.5,False,Pointer Move (Standard mouse)
1786100462.9851751,847,444,mac_trackPad-block-2-trial-14-target-2,870.0,450.0,37.5,False,Pointer Move (Standard mouse)
1786100462.9932642,848,444,mac_trackPad-block-2-trial-14-target-2,870.0,450.0,37.5,False,Pointer Move (Standard mouse)
1786100463.001452,849,444,mac_trackPad-block-2-trial-14-target-2,870.0,450.0,37.5,False,Pointer Move (Standard mouse)
1786100463.009723,850,444,mac_trackPad-block-2-trial-14-target-2,870.0,450.0,37.5,False,Pointer Move (Standard mouse)
1786100463.017586,851,444,mac_trackPad-block-2-trial-14-target-2,870.0,450.0,37.5,False,Pointer Move (Standard mouse)
1786100463.025834,852,444,mac_trackPad-block-2-trial-14-target-2,870.0,450.0,37.5,False,Pointer Move (Standard mouse)
1786100463.034122,852,444,mac_trackPad-block-2-trial-14-target-2,870.0,450.0,37.5,False,Pointer Move (Standard mouse)
1786100463.042006,853,444,mac_trackPad-block-2-trial-14-target-2,870.0,450.0,37.5,False,Pointer Move (Standard mouse)
1786100463.0500631,854,444,mac_trackPad-block-2-trial-14-target-2,870.0,450.0,37.5,False,Pointer Move (Standard mouse)
1786100463.0581272,854,444,mac_trackPad-block-2-trial-14-target-2,870.0,450.0,37.5,False,Pointer Move (Standard mouse)
1786100463.066804,854,444,mac_trackPad-block-2-trial-14-target-2,870.0,450.0,37.5,False,Pointer Move (Standard mouse)
1786100463.074504,855,444,mac_trackPad-block-2-trial-14-target-2,870.0,450.0,37.5,False,Pointer Move (Standard mouse)
1786100463.082344,855,444,mac_trackPad-block-2-trial-14-target-2,870.0,450.0,37.5,False,Pointer Move (Standard mouse)
1786100463.113729,855,444,mac_trackPad-block-2-trial-14-target-2,870.0,450.0,37.5,target_selected,target_selected
1786100463.292751,854,444,mac_trackPad-block-2-trial-15-target-6,570.0,450.0,37.5,False,Pointer Move (Standard mouse)
1786100463.300708,847,444,mac_trackPad-block-2-trial-15-target-6,570.0,450.0,37.5,False,Pointer Move (Standard mouse)
1786100463.309035,841,444,mac_trackPad-block-2-trial-15-target-6,570.0,450.0,37.5,False,Pointer Move (Standard mouse)
1786100463.316837,832,444,mac_trackPad-block-2-trial-15-target-6,570.0,450.0,37.5,False,Pointer Move (Standard mouse)
1786100463.3255801,818,444,mac_trackPad-block-2-trial-15-target-6,570.0,450.0,37.5,False,Pointer Move (Standard mouse)
1786100463.3329868,804,444,mac_trackPad-block-2-trial-15-target-6,570.0,450.0,37.5,False,Pointer Move (Standard mouse)
1786100463.3414788,790,444,mac_trackPad-block-2-trial-15-target-6,570.0,450.0,37.5,False,Pointer Move (Standard mouse)
1786100463.349279,770,444,mac_trackPad-block-2-trial-15-target-6,570.0,450.0,37.5,False,Pointer Move (Standard mouse)
1786100463.3573241,759,444,mac_trackPad-block-2-trial-15-target-6,570.0,450.0,37.5,False,Pointer Move (Standard mouse)
1786100463.365498,748,444,mac_trackPad-block-2-trial-15-target-6,570.0,450.0,37.5,False,Pointer Move (Standard mouse)
1786100463.373641,734,442,mac_trackPad-block-2-trial-15-target-6,570.0,450.0,37.5,False,Pointer Move (Standard mouse)
1786100463.381703,725,442,mac_trackPad-block-2-trial-15-target-6,570.0,450.0,37.5,False,Pointer Move (Standard mouse)
1786100463.389822,714,442,mac_trackPad-block-2-trial-15-target-6,570.0,450.0,37.5,False,Pointer Move (Standard mouse)
1786100463.397887,705,442,mac_trackPad-block-2-trial-15-target-6,570.0,450.0,37.5,False,Pointer Move (Standard mouse)
1786100463.405845,694,442,mac_trackPad-block-2-trial-15-target-6,570.0,450.0,37.5,False,Pointer Move (Standard mouse)
1786100463.413773,687,442,mac_trackPad-block-2-trial-15-target-6,570.0,450.0,37.5,False,Pointer Move (Standard mouse)
1786100463.422135,684,442,mac_trackPad-block-2-trial-15-target-6,570.0,450.0,37.5,False,Pointer Move (Standard mouse)
1786100463.4304152,675,442,mac_trackPad-block-2-trial-15-target-6,570.0,450.0,37.5,False,Pointer Move (Standard mouse)
1786100463.438293,669,442,mac_trackPad-block-2-trial-15-target-6,570.0,450.0,37.5,False,Pointer Move (Standard mouse)
1786100463.446453,662,442,mac_trackPad-block-2-trial-15-target-6,570.0,450.0,37.5,False,Pointer Move (Standard mouse)
1786100463.457624,659,442,mac_trackPad-block-2-trial-15-target-6,570.0,450.0,37.5,False,Pointer Move (Standard mouse)
1786100463.462181,656,442,mac_trackPad-block-2-trial-15-target-6,570.0,450.0,37.5,False,Pointer Move (Standard mouse)
1786100463.470878,652,442,mac_trackPad-block-2-trial-15-target-6,570.0,450.0,37.5,False,Pointer Move (Standard mouse)
1786100463.478615,650,442,mac_trackPad-block-2-trial-15-target-6,570.0,450.0,37.5,False,Pointer Move (Standard mouse)
1786100463.4868329,648,442,mac_trackPad-block-2-trial-15-target-6,570.0,450.0,37.5,False,Pointer Move (Standard mouse)
1786100463.4947321,646,442,mac_trackPad-block-2-trial-15-target-6,570.0,450.0,37.5,False,Pointer Move (Standard mouse)
1786100463.502697,645,442,mac_trackPad-block-2-trial-15-target-6,570.0,450.0,37.5,False,Pointer Move (Standard mouse)
1786100463.5108979,643,442,mac_trackPad-block-2-trial-15-target-6,570.0,450.0,37.5,False,Pointer Move (Standard mouse)
1786100463.519275,641,442,mac_trackPad-block-2-trial-15-target-6,570.0,450.0,37.5,False,Pointer Move (Standard mouse)
1786100463.526975,640,442,mac_trackPad-block-2-trial-15-target-6,570.0,450.0,37.5,False,Pointer Move (Standard mouse)
1786100463.535106,638,442,mac_trackPad-block-2-trial-15-target-6,570.0,450.0,37.5,False,Pointer Move (Standard mouse)
1786100463.543326,637,442,mac_trackPad-block-2-trial-15-target-6,570.0,450.0,37.5,False,Pointer Move (Standard mouse)
1786100463.5512881,635,442,mac_trackPad-block-2-trial-15-target-6,570.0,450.0,37.5,False,Pointer Move (Standard mouse)
1786100463.559086,633,442,mac_trackPad-block-2-trial-15-target-6,570.0,450.0,37.5,False,Pointer Move (Standard mouse)
1786100463.5674372,632,442,mac_trackPad-block-2-trial-15-target-6,570.0,450.0,37.5,False,Pointer Move (Standard mouse)
1786100463.575959,631,442,mac_trackPad-block-2-trial-15-target-6,570.0,450.0,37.5,False,Pointer Move (Standard mouse)
1786100463.5835571,629,442,mac_trackPad-block-2-trial-15-target-6,570.0,450.0,37.5,False,Pointer Move (Standard mouse)
1786100463.591698,628,442,mac_trackPad-block-2-trial-15-target-6,570.0,450.0,37.5,False,Pointer Move (Standard mouse)
1786100463.599652,627,443,mac_trackPad-block-2-trial-15-target-6,570.0,450.0,37.5,False,Pointer Move (Standard mouse)
1786100463.6077912,626,443,mac_trackPad-block-2-trial-15-target-6,570.0,450.0,37.5,False,Pointer Move (Standard mouse)
1786100463.6159282,624,443,mac_trackPad-block-2-trial-15-target-6,570.0,450.0,37.5,False,Pointer Move (Standard mouse)
1786100463.623948,623,443,mac_trackPad-block-2-trial-15-target-6,570.0,450.0,37.5,False,Pointer Move (Standard mouse)
1786100463.6322792,621,443,mac_trackPad-block-2-trial-15-target-6,570.0,450.0,37.5,False,Pointer Move (Standard mouse)
1786100463.6402729,620,443,mac_trackPad-block-2-trial-15-target-6,570.0,450.0,37.5,False,Pointer Move (Standard mouse)
1786100463.648095,618,443,mac_trackPad-block-2-trial-15-target-6,570.0,450.0,37.5,False,Pointer Move (Standard mouse)
1786100463.6561868,616,443,mac_trackPad-block-2-trial-15-target-6,570.0,450.0,37.5,False,Pointer Move (Standard mouse)
1786100463.66407,614,443,mac_trackPad-block-2-trial-15-target-6,570.0,450.0,37.5,False,Pointer Move (Standard mouse)
1786100463.6722791,612,444,mac_trackPad-block-2-trial-15-target-6,570.0,450.0,37.5,False,Pointer Move (Standard mouse)
1786100463.6801941,608,444,mac_trackPad-block-2-trial-15-target-6,570.0,450.0,37.5,False,Pointer Move (Standard mouse)
1786100463.688738,606,444,mac_trackPad-block-2-trial-15-target-6,570.0,450.0,37.5,False,Pointer Move (Standard mouse)
1786100463.6965709,604,444,mac_trackPad-block-2-trial-15-target-6,570.0,450.0,37.5,False,Pointer Move (Standard mouse)
1786100463.704397,602,444,mac_trackPad-block-2-trial-15-target-6,570.0,450.0,37.5,False,Pointer Move (Standard mouse)
1786100463.7128909,599,444,mac_trackPad-block-2-trial-15-target-6,570.0,450.0,37.5,False,Pointer Move (Standard mouse)
1786100463.7209249,597,444,mac_trackPad-block-2-trial-15-target-6,570.0,450.0,37.5,False,Pointer Move (Standard mouse)
1786100463.7288709,595,444,mac_trackPad-block-2-trial-15-target-6,570.0,450.0,37.5,False,Pointer Move (Standard mouse)
1786100463.73682,593,444,mac_trackPad-block-2-trial-15-target-6,570.0,450.0,37.5,False,Pointer Move (Standard mouse)
1786100463.745176,591,444,mac_trackPad-block-2-trial-15-target-6,570.0,450.0,37.5,False,Pointer Move (Standard mouse)
1786100463.753258,590,444,mac_trackPad-block-2-trial-15-target-6,570.0,450.0,37.5,False,Pointer Move (Standard mouse)
1786100463.761271,588,444,mac_trackPad-block-2-trial-15-target-6,570.0,450.0,37.5,False,Pointer Move (Standard mouse)
1786100463.7693079,587,444,mac_trackPad-block-2-trial-15-target-6,570.0,450.0,37.5,False,Pointer Move (Standard mouse)
1786100463.777348,586,444,mac_trackPad-block-2-trial-15-target-6,570.0,450.0,37.5,False,Pointer Move (Standard mouse)
1786100463.785412,585,444,mac_trackPad-block-2-trial-15-target-6,570.0,450.0,37.5,False,Pointer Move (Standard mouse)
1786100463.793408,584,444,mac_trackPad-block-2-trial-15-target-6,570.0,450.0,37.5,False,Pointer Move (Standard mouse)
1786100463.801955,583,444,mac_trackPad-block-2-trial-15-target-6,570.0,450.0,37.5,False,Pointer Move (Standard mouse)
1786100463.809858,582,444,mac_trackPad-block-2-trial-15-target-6,570.0,450.0,37.5,False,Pointer Move (Standard mouse)
1786100463.818039,581,444,mac_trackPad-block-2-trial-15-target-6,570.0,450.0,37.5,False,Pointer Move (Standard mouse)
1786100463.8260689,581,444,mac_trackPad-block-2-trial-15-target-6,570.0,450.0,37.5,False,Pointer Move (Standard mouse)
1786100463.834071,581,444,mac_trackPad-block-2-trial-15-target-6,570.0,450.0,37.5,False,Pointer Move (Standard mouse)
1786100463.862942,581,444,mac_trackPad-block-2-trial-15-target-6,570.0,450.0,37.5,target_selected,target_selected
1786100463.8810492,580,444,mac_trackPad-block-2-trial-16-target-2,870.0,450.0,37.5,False,Pointer Move (Standard mouse)
1786100464.0279171,582,444,mac_trackPad-block-2-trial-16-target-2,870.0,450.0,37.5,False,Pointer Move (Standard mouse)
1786100464.0363572,587,444,mac_trackPad-block-2-trial-16-target-2,870.0,450.0,37.5,False,Pointer Move (Standard mouse)
1786100464.044362,595,444,mac_trackPad-block-2-trial-16-target-2,870.0,450.0,37.5,False,Pointer Move (Standard mouse)
1786100464.052673,604,444,mac_trackPad-block-2-trial-16-target-2,870.0,450.0,37.5,False,Pointer Move (Standard mouse)
1786100464.060529,615,444,mac_trackPad-block-2-trial-16-target-2,870.0,450.0,37.5,False,Pointer Move (Standard mouse)
1786100464.068869,626,444,mac_trackPad-block-2-trial-16-target-2,870.0,450.0,37.5,False,Pointer Move (Standard mouse)
1786100464.076982,638,444,mac_trackPad-block-2-trial-16-target-2,870.0,450.0,37.5,False,Pointer Move (Standard mouse)
1786100464.084928,649,444,mac_trackPad-block-2-trial-16-target-2,870.0,450.0,37.5,False,Pointer Move (Standard mouse)
1786100464.0935822,663,444,mac_trackPad-block-2-trial-16-target-2,870.0,450.0,37.5,False,Pointer Move (Standard mouse)
1786100464.101099,674,444,mac_trackPad-block-2-trial-16-target-2,870.0,450.0,37.5,False,Pointer Move (Standard mouse)
1786100464.109226,685,444,mac_trackPad-block-2-trial-16-target-2,870.0,450.0,37.5,False,Pointer Move (Standard mouse)
1786100464.1175082,696,444,mac_trackPad-block-2-trial-16-target-2,870.0,450.0,37.5,False,Pointer Move (Standard mouse)
1786100464.125754,707,444,mac_trackPad-block-2-trial-16-target-2,870.0,450.0,37.5,False,Pointer Move (Standard mouse)
1786100464.1344378,719,444,mac_trackPad-block-2-trial-16-target-2,870.0,450.0,37.5,False,Pointer Move (Standard mouse)
1786100464.141927,727,444,mac_trackPad-block-2-trial-16-target-2,870.0,450.0,37.5,False,Pointer Move (Standard mouse)
1786100464.1506119,741,444,mac_trackPad-block-2-trial-16-target-2,870.0,450.0,37.5,False,Pointer Move (Standard mouse)
1786100464.1580968,752,444,mac_trackPad-block-2-trial-16-target-2,870.0,450.0,37.5,False,Pointer Move (Standard mouse)
1786100464.166008,764,444,mac_trackPad-block-2-trial-16-target-2,870.0,450.0,37.5,False,Pointer Move (Standard mouse)
1786100464.174057,775,444,mac_trackPad-block-2-trial-16-target-2,870.0,450.0,37.5,False,Pointer Move (Standard mouse)
1786100464.182058,779,444,mac_trackPad-block-2-trial-16-target-2,870.0,450.0,37.5,False,Pointer Move (Standard mouse)
1786100464.1900349,788,444,mac_trackPad-block-2-trial-16-target-2,870.0,450.0,37.5,False,Pointer Move (Standard mouse)
1786100464.198955,797,444,mac_trackPad-block-2-trial-16-target-2,870.0,450.0,37.5,False,Pointer Move (Standard mouse)
1786100464.206368,804,444,mac_trackPad-block-2-trial-16-target-2,870.0,450.0,37.5,False,Pointer Move (Standard mouse)
1786100464.214539,810,444,mac_trackPad-block-2-trial-16-target-2,870.0,450.0,37.5,False,Pointer Move (Standard mouse)
1786100464.222483,817,444,mac_trackPad-block-2-trial-16-target-2,870.0,450.0,37.5,False,Pointer Move (Standard mouse)
1786100464.230746,822,444,mac_trackPad-block-2-trial-16-target-2,870.0,450.0,37.5,False,Pointer Move (Standard mouse)
1786100464.238652,828,444,mac_trackPad-block-2-trial-16-target-2,870.0,450.0,37.5,False,Pointer Move (Standard mouse)
1786100464.246798,833,444,mac_trackPad-block-2-trial-16-target-2,870.0,450.0,37.5,False,Pointer Move (Standard mouse)
1786100464.254861,835,444,mac_trackPad-block-2-trial-16-target-2,870.0,450.0,37.5,False,Pointer Move (Standard mouse)
1786100464.263128,840,445,mac_trackPad-block-2-trial-16-target-2,870.0,450.0,37.5,False,Pointer Move (Standard mouse)
1786100464.271306,843,446,mac_trackPad-block-2-trial-16-target-2,870.0,450.0,37.5,False,Pointer Move (Standard mouse)
1786100464.278992,845,446,mac_trackPad-block-2-trial-16-target-2,870.0,450.0,37.5,False,Pointer Move (Standard mouse)
1786100464.2871318,847,447,mac_trackPad-block-2-trial-16-target-2,870.0,450.0,37.5,False,Pointer Move (Standard mouse)
1786100464.295106,848,447,mac_trackPad-block-2-trial-16-target-2,870.0,450.0,37.5,False,Pointer Move (Standard mouse)
1786100464.303197,849,447,mac_trackPad-block-2-trial-16-target-2,870.0,450.0,37.5,False,Pointer Move (Standard mouse)
1786100464.311657,850,447,mac_trackPad-block-2-trial-16-target-2,870.0,450.0,37.5,False,Pointer Move (Standard mouse)
1786100464.319627,851,447,mac_trackPad-block-2-trial-16-target-2,870.0,450.0,37.5,False,Pointer Move (Standard mouse)
1786100464.327563,851,447,mac_trackPad-block-2-trial-16-target-2,870.0,450.0,37.5,False,Pointer Move (Standard mouse)
1786100464.335637,851,447,mac_trackPad-block-2-trial-16-target-2,870.0,450.0,37.5,False,Pointer Move (Standard mouse)
1786100464.3434722,852,447,mac_trackPad-block-2-trial-16-target-2,870.0,450.0,37.5,False,Pointer Move (Standard mouse)
1786100464.351711,852,447,mac_trackPad-block-2-trial-16-target-2,870.0,450.0,37.5,False,Pointer Move (Standard mouse)
1786100464.3841112,852,447,mac_trackPad-block-2-trial-16-target-2,870.0,450.0,37.5,False,Pointer Move (Standard mouse)
1786100464.449024,853,447,mac_trackPad-block-2-trial-16-target-2,870.0,450.0,37.5,False,Pointer Move (Standard mouse)
1786100464.4569988,853,448,mac_trackPad-block-2-trial-16-target-2,870.0,450.0,37.5,False,Pointer Move (Standard mouse)
1786100464.473155,853,448,mac_trackPad-block-2-trial-16-target-2,870.0,450.0,37.5,False,Pointer Move (Standard mouse)
1786100464.513931,853,448,mac_trackPad-block-2-trial-16-target-2,870.0,450.0,37.5,target_selected,target_selected
1786100464.5300632,853,448,mac_trackPad-block-3-trial-1-target-7,543.0,273.0,22.5,False,Pointer Move (Standard mouse)
1786100464.716301,852,448,mac_trackPad-block-3-trial-1-target-7,543.0,273.0,22.5,False,Pointer Move (Standard mouse)
1786100464.724187,847,448,mac_trackPad-block-3-trial-1-target-7,543.0,273.0,22.5,False,Pointer Move (Standard mouse)
1786100464.7322838,840,448,mac_trackPad-block-3-trial-1-target-7,543.0,273.0,22.5,False,Pointer Move (Standard mouse)
1786100464.7401679,832,448,mac_trackPad-block-3-trial-1-target-7,543.0,273.0,22.5,False,Pointer Move (Standard mouse)
1786100464.748338,823,448,mac_trackPad-block-3-trial-1-target-7,543.0,273.0,22.5,False,Pointer Move (Standard mouse)
1786100464.7564821,812,448,mac_trackPad-block-3-trial-1-target-7,543.0,273.0,22.5,False,Pointer Move (Standard mouse)
1786100464.764695,798,448,mac_trackPad-block-3-trial-1-target-7,543.0,273.0,22.5,False,Pointer Move (Standard mouse)
1786100464.772755,787,448,mac_trackPad-block-3-trial-1-target-7,543.0,273.0,22.5,False,Pointer Move (Standard mouse)
1786100464.780673,775,448,mac_trackPad-block-3-trial-1-target-7,543.0,273.0,22.5,False,Pointer Move (Standard mouse)
1786100464.7886689,767,448,mac_trackPad-block-3-trial-1-target-7,543.0,273.0,22.5,False,Pointer Move (Standard mouse)
1786100464.796911,758,448,mac_trackPad-block-3-trial-1-target-7,543.0,273.0,22.5,False,Pointer Move (Standard mouse)
1786100464.805117,747,448,mac_trackPad-block-3-trial-1-target-7,543.0,273.0,22.5,False,Pointer Move (Standard mouse)
1786100464.813335,738,448,mac_trackPad-block-3-trial-1-target-7,543.0,273.0,22.5,False,Pointer Move (Standard mouse)
1786100464.8212118,727,448,mac_trackPad-block-3-trial-1-target-7,543.0,273.0,22.5,False,Pointer Move (Standard mouse)
1786100464.829204,716,448,mac_trackPad-block-3-trial-1-target-7,543.0,273.0,22.5,False,Pointer Move (Standard mouse)
1786100464.8374379,713,448,mac_trackPad-block-3-trial-1-target-7,543.0,273.0,22.5,False,Pointer Move (Standard mouse)
1786100464.8453171,704,448,mac_trackPad-block-3-trial-1-target-7,543.0,273.0,22.5,False,Pointer Move (Standard mouse)
1786100464.853337,697,448,mac_trackPad-block-3-trial-1-target-7,543.0,273.0,22.5,False,Pointer Move (Standard mouse)
1786100464.861541,688,448,mac_trackPad-block-3-trial-1-target-7,543.0,273.0,22.5,False,Pointer Move (Standard mouse)
1786100464.869498,684,448,mac_trackPad-block-3-trial-1-target-7,543.0,273.0,22.5,False,Pointer Move (Standard mouse)
1786100464.8776808,679,448,mac_trackPad-block-3-trial-1-target-7,543.0,273.0,22.5,False,Pointer Move (Standard mouse)
1786100464.88592,676,448,mac_trackPad-block-3-trial-1-target-7,543.0,273.0,22.5,False,Pointer Move (Standard mouse)
1786100464.893804,672,448,mac_trackPad-block-3-trial-1-target-7,543.0,273.0,22.5,False,Pointer Move (Standard mouse)
1786100464.9018,669,448,mac_trackPad-block-3-trial-1-target-7,543.0,273.0,22.5,False,Pointer Move (Standard mouse)
1786100464.910177,666,447,mac_trackPad-block-3-trial-1-target-7,543.0,273.0,22.5,False,Pointer Move (Standard mouse)
1786100464.918415,663,447,mac_trackPad-block-3-trial-1-target-7,543.0,273.0,22.5,False,Pointer Move (Standard mouse)
1786100464.926304,659,446,mac_trackPad-block-3-trial-1-target-7,543.0,273.0,22.5,False,Pointer Move (Standard mouse)
1786100464.934502,655,443,mac_trackPad-block-3-trial-1-target-7,543.0,273.0,22.5,False,Pointer Move (Standard mouse)
1786100464.942442,649,440,mac_trackPad-block-3-trial-1-target-7,543.0,273.0,22.5,False,Pointer Move (Standard mouse)
1786100464.950448,647,438,mac_trackPad-block-3-trial-1-target-7,543.0,273.0,22.5,False,Pointer Move (Standard mouse)
1786100464.958407,642,435,mac_trackPad-block-3-trial-1-target-7,543.0,273.0,22.5,False,Pointer Move (Standard mouse)
1786100464.96687,638,432,mac_trackPad-block-3-trial-1-target-7,543.0,273.0,22.5,False,Pointer Move (Standard mouse)
1786100464.974956,630,423,mac_trackPad-block-3-trial-1-target-7,543.0,273.0,22.5,False,Pointer Move (Standard mouse)
1786100464.983289,624,417,mac_trackPad-block-3-trial-1-target-7,543.0,273.0,22.5,False,Pointer Move (Standard mouse)
1786100464.990794,619,409,mac_trackPad-block-3-trial-1-target-7,543.0,273.0,22.5,False,Pointer Move (Standard mouse)
1786100464.99888,614,402,mac_trackPad-block-3-trial-1-target-7,543.0,273.0,22.5,False,Pointer Move (Standard mouse)
1786100465.007352,608,392,mac_trackPad-block-3-trial-1-target-7,543.0,273.0,22.5,False,Pointer Move (Standard mouse)
1786100465.015337,603,385,mac_trackPad-block-3-trial-1-target-7,543.0,273.0,22.5,False,Pointer Move (Standard mouse)
1786100465.023283,600,380,mac_trackPad-block-3-trial-1-target-7,543.0,273.0,22.5,False,Pointer Move (Standard mouse)
1786100465.0314019,597,373,mac_trackPad-block-3-trial-1-target-7,543.0,273.0,22.5,False,Pointer Move (Standard mouse)
1786100465.039534,594,369,mac_trackPad-block-3-trial-1-target-7,543.0,273.0,22.5,False,Pointer Move (Standard mouse)
1786100465.047434,591,362,mac_trackPad-block-3-trial-1-target-7,543.0,273.0,22.5,False,Pointer Move (Standard mouse)
1786100465.055518,588,358,mac_trackPad-block-3-trial-1-target-7,543.0,273.0,22.5,False,Pointer Move (Standard mouse)
1786100465.0635772,586,355,mac_trackPad-block-3-trial-1-target-7,543.0,273.0,22.5,False,Pointer Move (Standard mouse)
1786100465.071722,585,353,mac_trackPad-block-3-trial-1-target-7,543.0,273.0,22.5,False,Pointer Move (Standard mouse)
1786100465.080001,583,351,mac_trackPad-block-3-trial-1-target-7,543.0,273.0,22.5,False,Pointer Move (Standard mouse)
1786100465.08785,582,349,mac_trackPad-block-3-trial-1-target-7,543.0,273.0,22.5,False,Pointer Move (Standard mouse)
1786100465.095906,581,347,mac_trackPad-block-3-trial-1-target-7,543.0,273.0,22.5,False,Pointer Move (Standard mouse)
1786100465.103847,579,345,mac_trackPad-block-3-trial-1-target-7,543.0,273.0,22.5,False,Pointer Move (Standard mouse)
1786100465.112247,578,344,mac_trackPad-block-3-trial-1-target-7,543.0,273.0,22.5,False,Pointer Move (Standard mouse)
1786100465.120517,577,342,mac_trackPad-block-3-trial-1-target-7,543.0,273.0,22.5,False,Pointer Move (Standard mouse)
1786100465.12865,575,340,mac_trackPad-block-3-trial-1-target-7,543.0,273.0,22.5,False,Pointer Move (Standard mouse)
1786100465.136396,574,338,mac_trackPad-block-3-trial-1-target-7,543.0,273.0,22.5,False,Pointer Move (Standard mouse)
1786100465.144501,573,337,mac_trackPad-block-3-trial-1-target-7,543.0,273.0,22.5,False,Pointer Move (Standard mouse)
1786100465.1525471,572,336,mac_trackPad-block-3-trial-1-target-7,543.0,273.0,22.5,False,Pointer Move (Standard mouse)
1786100465.1610081,571,335,mac_trackPad-block-3-trial-1-target-7,543.0,273.0,22.5,False,Pointer Move (Standard mouse)
1786100465.168916,570,334,mac_trackPad-block-3-trial-1-target-7,543.0,273.0,22.5,False,Pointer Move (Standard mouse)
1786100465.176697,569,332,mac_trackPad-block-3-trial-1-target-7,543.0,273.0,22.5,False,Pointer Move (Standard mouse)
1786100465.184887,568,331,mac_trackPad-block-3-trial-1-target-7,543.0,273.0,22.5,False,Pointer Move (Standard mouse)
1786100465.193114,567,330,mac_trackPad-block-3-trial-1-target-7,543.0,273.0,22.5,False,Pointer Move (Standard mouse)
1786100465.20136,566,329,mac_trackPad-block-3-trial-1-target-7,543.0,273.0,22.5,False,Pointer Move (Standard mouse)
1786100465.2096682,566,328,mac_trackPad-block-3-trial-1-target-7,543.0,273.0,22.5,False,Pointer Move (Standard mouse)
1786100465.217408,565,327,mac_trackPad-block-3-trial-1-target-7,543.0,273.0,22.5,False,Pointer Move (Standard mouse)
1786100465.2255402,565,326,mac_trackPad-block-3-trial-1-target-7,543.0,273.0,22.5,False,Pointer Move (Standard mouse)
1786100465.233523,564,325,mac_trackPad-block-3-trial-1-target-7,543.0,273.0,22.5,False,Pointer Move (Standard mouse)
1786100465.241606,564,324,mac_trackPad-block-3-trial-1-target-7,543.0,273.0,22.5,False,Pointer Move (Standard mouse)
1786100465.2496681,563,322,mac_trackPad-block-3-trial-1-target-7,543.0,273.0,22.5,False,Pointer Move (Standard mouse)
1786100465.2579122,563,321,mac_trackPad-block-3-trial-1-target-7,543.0,273.0,22.5,False,Pointer Move (Standard mouse)
1786100465.266307,562,319,mac_trackPad-block-3-trial-1-target-7,543.0,273.0,22.5,False,Pointer Move (Standard mouse)
1786100465.273835,561,319,mac_trackPad-block-3-trial-1-target-7,543.0,273.0,22.5,False,Pointer Move (Standard mouse)
1786100465.2819479,561,318,mac_trackPad-block-3-trial-1-target-7,543.0,273.0,22.5,False,Pointer Move (Standard mouse)
1786100465.290387,560,317,mac_trackPad-block-3-trial-1-target-7,543.0,273.0,22.5,False,Pointer Move (Standard mouse)
1786100465.298302,560,316,mac_trackPad-block-3-trial-1-target-7,543.0,273.0,22.5,False,Pointer Move (Standard mouse)
1786100465.306376,560,315,mac_trackPad-block-3-trial-1-target-7,543.0,273.0,22.5,False,Pointer Move (Standard mouse)
1786100465.314432,560,314,mac_trackPad-block-3-trial-1-target-7,543.0,273.0,22.5,False,Pointer Move (Standard mouse)
1786100465.3223639,559,313,mac_trackPad-block-3-trial-1-target-7,543.0,273.0,22.5,False,Pointer Move (Standard mouse)
1786100465.330626,559,312,mac_trackPad-block-3-trial-1-target-7,543.0,273.0,22.5,False,Pointer Move (Standard mouse)
1786100465.338732,559,311,mac_trackPad-block-3-trial-1-target-7,543.0,273.0,22.5,False,Pointer Move (Standard mouse)
1786100465.346933,558,309,mac_trackPad-block-3-trial-1-target-7,543.0,273.0,22.5,False,Pointer Move (Standard mouse)
1786100465.354892,558,308,mac_trackPad-block-3-trial-1-target-7,543.0,273.0,22.5,False,Pointer Move (Standard mouse)
1786100465.362864,558,306,mac_trackPad-block-3-trial-1-target-7,543.0,273.0,22.5,False,Pointer Move (Standard mouse)
1786100465.371118,558,304,mac_trackPad-block-3-trial-1-target-7,543.0,273.0,22.5,False,Pointer Move (Standard mouse)
1786100465.3791108,558,302,mac_trackPad-block-3-trial-1-target-7,543.0,273.0,22.5,False,Pointer Move (Standard mouse)
1786100465.38863,557,300,mac_trackPad-block-3-trial-1-target-7,543.0,273.0,22.5,False,Pointer Move (Standard mouse)
1786100465.3951948,556,298,mac_trackPad-block-3-trial-1-target-7,543.0,273.0,22.5,False,Pointer Move (Standard mouse)
1786100465.403201,556,296,mac_trackPad-block-3-trial-1-target-7,543.0,273.0,22.5,False,Pointer Move (Standard mouse)
1786100465.4116092,556,295,mac_trackPad-block-3-trial-1-target-7,543.0,273.0,22.5,False,Pointer Move (Standard mouse)
1786100465.419803,555,293,mac_trackPad-block-3-trial-1-target-7,543.0,273.0,22.5,False,Pointer Move (Standard mouse)
1786100465.427665,555,292,mac_trackPad-block-3-trial-1-target-7,543.0,273.0,22.5,False,Pointer Move (Standard mouse)
1786100465.43555,555,291,mac_trackPad-block-3-trial-1-target-7,543.0,273.0,22.5,False,Pointer Move (Standard mouse)
1786100465.443657,554,290,mac_trackPad-block-3-trial-1-target-7,543.0,273.0,22.5,False,Pointer Move (Standard mouse)
1786100465.451914,554,289,mac_trackPad-block-3-trial-1-target-7,543.0,273.0,22.5,False,Pointer Move (Standard mouse)
1786100465.4598038,553,288,mac_trackPad-block-3-trial-1-target-7,543.0,273.0,22.5,False,Pointer Move (Standard mouse)
1786100465.468073,553,287,mac_trackPad-block-3-trial-1-target-7,543.0,273.0,22.5,False,Pointer Move (Standard mouse)
1786100465.4761322,553,286,mac_trackPad-block-3-trial-1-target-7,543.0,273.0,22.5,False,Pointer Move (Standard mouse)
1786100465.484158,553,286,mac_trackPad-block-3-trial-1-target-7,543.0,273.0,22.5,False,Pointer Move (Standard mouse)
1786100465.492224,553,285,mac_trackPad-block-3-trial-1-target-7,543.0,273.0,22.5,False,Pointer Move (Standard mouse)
1786100465.500279,552,285,mac_trackPad-block-3-trial-1-target-7,543.0,273.0,22.5,False,Pointer Move (Standard mouse)
1786100465.508411,552,284,mac_trackPad-block-3-trial-1-target-7,543.0,273.0,22.5,False,Pointer Move (Standard mouse)
1786100465.5164,552,284,mac_trackPad-block-3-trial-1-target-7,543.0,273.0,22.5,False,Pointer Move (Standard mouse)
1786100465.52447,552,283,mac_trackPad-block-3-trial-1-target-7,543.0,273.0,22.5,False,Pointer Move (Standard mouse)
1786100465.533026,552,282,mac_trackPad-block-3-trial-1-target-7,543.0,273.0,22.5,False,Pointer Move (Standard mouse)
1786100465.5408142,551,282,mac_trackPad-block-3-trial-1-target-7,543.0,273.0,22.5,False,Pointer Move (Standard mouse)
1786100465.5488331,551,282,mac_trackPad-block-3-trial-1-target-7,543.0,273.0,22.5,False,Pointer Move (Standard mouse)
1786100465.5805728,551,282,mac_trackPad-block-3-trial-1-target-7,543.0,273.0,22.5,target_selected,target_selected
1786100465.7593899,551,282,mac_trackPad-block-3-trial-2-target-3,897.0,627.0,22.5,False,Pointer Move (Standard mouse)
1786100465.7671092,552,285,mac_trackPad-block-3-trial-2-target-3,897.0,627.0,22.5,False,Pointer Move (Standard mouse)
1786100465.776028,555,289,mac_trackPad-block-3-trial-2-target-3,897.0,627.0,22.5,False,Pointer Move (Standard mouse)
1786100465.783482,562,295,mac_trackPad-block-3-trial-2-target-3,897.0,627.0,22.5,False,Pointer Move (Standard mouse)
1786100465.7913759,567,303,mac_trackPad-block-3-trial-2-target-3,897.0,627.0,22.5,False,Pointer Move (Standard mouse)
1786100465.799554,576,314,mac_trackPad-block-3-trial-2-target-3,897.0,627.0,22.5,False,Pointer Move (Standard mouse)
1786100465.8075771,582,321,mac_trackPad-block-3-trial-2-target-3,897.0,627.0,22.5,False,Pointer Move (Standard mouse)
1786100465.816,591,330,mac_trackPad-block-3-trial-2-target-3,897.0,627.0,22.5,False,Pointer Move (Standard mouse)
1786100465.824018,600,340,mac_trackPad-block-3-trial-2-target-3,897.0,627.0,22.5,False,Pointer Move (Standard mouse)
1786100465.8318222,608,349,mac_trackPad-block-3-trial-2-target-3,897.0,627.0,22.5,False,Pointer Move (Standard mouse)
1786100465.840323,618,362,mac_trackPad-block-3-trial-2-target-3,897.0,627.0,22.5,False,Pointer Move (Standard mouse)
1786100465.8482828,627,371,mac_trackPad-block-3-trial-2-target-3,897.0,627.0,22.5,False,Pointer Move (Standard mouse)
1786100465.856197,640,382,mac_trackPad-block-3-trial-2-target-3,897.0,627.0,22.5,False,Pointer Move (Standard mouse)
1786100465.864348,658,400,mac_trackPad-block-3-trial-2-target-3,897.0,627.0,22.5,False,Pointer Move (Standard mouse)
1786100465.87234,670,414,mac_trackPad-block-3-trial-2-target-3,897.0,627.0,22.5,False,Pointer Move (Standard mouse)
1786100465.880262,688,430,mac_trackPad-block-3-trial-2-target-3,897.0,627.0,22.5,False,Pointer Move (Standard mouse)
1786100465.8884249,709,449,mac_trackPad-block-3-trial-2-target-3,897.0,627.0,22.5,False,Pointer Move (Standard mouse)
1786100465.897063,725,467,mac_trackPad-block-3-trial-2-target-3,897.0,627.0,22.5,False,Pointer Move (Standard mouse)
1786100465.90473,747,486,mac_trackPad-block-3-trial-2-target-3,897.0,627.0,22.5,False,Pointer Move (Standard mouse)
1786100465.9130628,765,504,mac_trackPad-block-3-trial-2-target-3,897.0,627.0,22.5,False,Pointer Move (Standard mouse)
1786100465.920758,790,525,mac_trackPad-block-3-trial-2-target-3,897.0,627.0,22.5,False,Pointer Move (Standard mouse)
1786100465.928986,804,540,mac_trackPad-block-3-trial-2-target-3,897.0,627.0,22.5,False,Pointer Move (Standard mouse)
1786100465.937288,819,554,mac_trackPad-block-3-trial-2-target-3,897.0,627.0,22.5,False,Pointer Move (Standard mouse)
1786100465.945452,833,566,mac_trackPad-block-3-trial-2-target-3,897.0,627.0,22.5,False,Pointer Move (Standard mouse)
1786100465.953227,846,578,mac_trackPad-block-3-trial-2-target-3,897.0,627.0,22.5,False,Pointer Move (Standard mouse)
1786100465.96117,849,582,mac_trackPad-block-3-trial-2-target-3,897.0,627.0,22.5,False,Pointer Move (Standard mouse)
1786100465.969248,858,590,mac_trackPad-block-3-trial-2-target-3,897.0,627.0,22.5,False,Pointer Move (Standard mouse)
1786100465.977949,875,606,mac_trackPad-block-3-trial-2-target-3,897.0,627.0,22.5,False,Pointer Move (Standard mouse)
1786100465.985528,878,609,mac_trackPad-block-3-trial-2-target-3,897.0,627.0,22.5,False,Pointer Move (Standard mouse)
1786100465.9934661,884,615,mac_trackPad-block-3-trial-2-target-3,897.0,627.0,22.5,False,Pointer Move (Standard mouse)
1786100466.0017421,890,621,mac_trackPad-block-3-trial-2-target-3,897.0,627.0,22.5,False,Pointer Move (Standard mouse)
1786100466.009779,896,625,mac_trackPad-block-3-trial-2-target-3,897.0,627.0,22.5,False,Pointer Move (Standard mouse)
1786100466.0181172,907,635,mac_trackPad-block-3-trial-2-target-3,897.0,627.0,22.5,False,Pointer Move (Standard mouse)
1786100466.026708,909,637,mac_trackPad-block-3-trial-2-target-3,897.0,627.0,22.5,False,Pointer Move (Standard mouse)
1786100466.034246,915,642,mac_trackPad-block-3-trial-2-target-3,897.0,627.0,22.5,False,Pointer Move (Standard mouse)
1786100466.042196,920,646,mac_trackPad-block-3-trial-2-target-3,897.0,627.0,22.5,False,Pointer Move (Standard mouse)
1786100466.0503309,924,650,mac_trackPad-block-3-trial-2-target-3,897.0,627.0,22.5,False,Pointer Move (Standard mouse)
1786100466.058625,928,654,mac_trackPad-block-3-trial-2-target-3,897.0,627.0,22.5,False,Pointer Move (Standard mouse)
1786100466.066607,930,656,mac_trackPad-block-3-trial-2-target-3,897.0,627.0,22.5,False,Pointer Move (Standard mouse)
1786100466.0745,933,658,mac_trackPad-block-3-trial-2-target-3,897.0,627.0,22.5,False,Pointer Move (Standard mouse)
1786100466.082677,934,660,mac_trackPad-block-3-trial-2-target-3,897.0,627.0,22.5,False,Pointer Move (Standard mouse)
1786100466.0907059,935,661,mac_trackPad-block-3-trial-2-target-3,897.0,627.0,22.5,False,Pointer Move (Standard mouse)
1786100466.098779,936,662,mac_trackPad-block-3-trial-2-target-3,897.0,627.0,22.5,False,Pointer Move (Standard mouse)
1786100466.106961,937,662,mac_trackPad-block-3-trial-2-target-3,897.0,627.0,22.5,False,Pointer Move (Standard mouse)
1786100466.1148338,937,663,mac_trackPad-block-3-trial-2-target-3,897.0,627.0,22.5,False,Pointer Move (Standard mouse)
1786100466.1228402,937,663,mac_trackPad-block-3-trial-2-target-3,897.0,627.0,22.5,False,Pointer Move (Standard mouse)
1786100466.131223,938,664,mac_trackPad-block-3-trial-2-target-3,897.0,627.0,22.5,False,Pointer Move (Standard mouse)
1786100466.139298,938,664,mac_trackPad-block-3-trial-2-target-3,897.0,627.0,22.5,False,Pointer Move (Standard mouse)
1786100466.147846,938,664,mac_trackPad-block-3-trial-2-target-3,897.0,627.0,22.5,False,Pointer Move (Standard mouse)
1786100466.163535,938,664,mac_trackPad-block-3-trial-2-target-3,897.0,627.0,22.5,False,Pointer Move (Standard mouse)
1786100466.1878002,939,664,mac_trackPad-block-3-trial-2-target-3,897.0,627.0,22.5,False,Pointer Move (Standard mouse)
1786100466.244422,939,664,mac_trackPad-block-3-trial-2-target-3,897.0,627.0,22.5,False,Pointer Move (Standard mouse)
1786100466.25263,939,663,mac_trackPad-block-3-trial-2-target-3,897.0,627.0,22.5,False,Pointer Move (Standard mouse)
1786100466.260556,939,662,mac_trackPad-block-3-trial-2-target-3,897.0,627.0,22.5,False,Pointer Move (Standard mouse)
1786100466.268585,939,660,mac_trackPad-block-3-trial-2-target-3,897.0,627.0,22.5,False,Pointer Move (Standard mouse)
1786100466.276551,938,659,mac_trackPad-block-3-trial-2-target-3,897.0,627.0,22.5,False,Pointer Move (Standard mouse)
1786100466.284811,937,658,mac_trackPad-block-3-trial-2-target-3,897.0,627.0,22.5,False,Pointer Move (Standard mouse)
1786100466.293002,936,656,mac_trackPad-block-3-trial-2-target-3,897.0,627.0,22.5,False,Pointer Move (Standard mouse)
1786100466.3011541,935,655,mac_trackPad-block-3-trial-2-target-3,897.0,627.0,22.5,False,Pointer Move (Standard mouse)
1786100466.308979,935,653,mac_trackPad-block-3-trial-2-target-3,897.0,627.0,22.5,False,Pointer Move (Standard mouse)
1786100466.3172522,934,652,mac_trackPad-block-3-trial-2-target-3,897.0,627.0,22.5,False,Pointer Move (Standard mouse)
1786100466.32512,931,650,mac_trackPad-block-3-trial-2-target-3,897.0,627.0,22.5,False,Pointer Move (Standard mouse)
1786100466.333406,927,644,mac_trackPad-block-3-trial-2-target-3,897.0,627.0,22.5,False,Pointer Move (Standard mouse)
1786100466.3414972,923,640,mac_trackPad-block-3-trial-2-target-3,897.0,627.0,22.5,False,Pointer Move (Standard mouse)
1786100466.34961,920,639,mac_trackPad-block-3-trial-2-target-3,897.0,627.0,22.5,False,Pointer Move (Standard mouse)
1786100466.357562,915,633,mac_trackPad-block-3-trial-2-target-3,897.0,627.0,22.5,False,Pointer Move (Standard mouse)
1786100466.365806,911,630,mac_trackPad-block-3-trial-2-target-3,897.0,627.0,22.5,False,Pointer Move (Standard mouse)
1786100466.373909,907,627,mac_trackPad-block-3-trial-2-target-3,897.0,627.0,22.5,False,Pointer Move (Standard mouse)
1786100466.38175,904,623,mac_trackPad-block-3-trial-2-target-3,897.0,627.0,22.5,False,Pointer Move (Standard mouse)
1786100466.390086,900,622,mac_trackPad-block-3-trial-2-target-3,897.0,627.0,22.5,False,Pointer Move (Standard mouse)
1786100466.398436,899,621,mac_trackPad-block-3-trial-2-target-3,897.0,627.0,22.5,False,Pointer Move (Standard mouse)
1786100466.406518,897,619,mac_trackPad-block-3-trial-2-target-3,897.0,627.0,22.5,False,Pointer Move (Standard mouse)
1786100466.414067,896,618,mac_trackPad-block-3-trial-2-target-3,897.0,627.0,22.5,False,Pointer Move (Standard mouse)
1786100466.422536,896,618,mac_trackPad-block-3-trial-2-target-3,897.0,627.0,22.5,False,Pointer Move (Standard mouse)
1786100466.4305751,896,618,mac_trackPad-block-3-trial-2-target-3,897.0,627.0,22.5,False,Pointer Move (Standard mouse)
1786100466.438559,895,618,mac_trackPad-block-3-trial-2-target-3,897.0,627.0,22.5,False,Pointer Move (Standard mouse)
1786100466.446696,895,617,mac_trackPad-block-3-trial-2-target-3,897.0,627.0,22.5,False,Pointer Move (Standard mouse)
1786100466.4546309,894,617,mac_trackPad-block-3-trial-2-target-3,897.0,627.0,22.5,False,Pointer Move (Standard mouse)
1786100466.462778,894,617,mac_trackPad-block-3-trial-2-target-3,897.0,627.0,22.5,False,Pointer Move (Standard mouse)
1786100466.470764,894,616,mac_trackPad-block-3-trial-2-target-3,897.0,627.0,22.5,False,Pointer Move (Standard mouse)
1786100466.4791732,894,616,mac_trackPad-block-3-trial-2-target-3,897.0,627.0,22.5,False,Pointer Move (Standard mouse)
1786100466.4867961,893,616,mac_trackPad-block-3-trial-2-target-3,897.0,627.0,22.5,False,Pointer Move (Standard mouse)
1786100466.5032399,893,616,mac_trackPad-block-3-trial-2-target-3,897.0,627.0,22.5,False,Pointer Move (Standard mouse)
1786100466.546719,893,616,mac_trackPad-block-3-trial-2-target-3,897.0,627.0,22.5,target_selected,target_selected
1786100466.729801,892,616,mac_trackPad-block-3-trial-3-target-7,543.0,273.0,22.5,False,Pointer Move (Standard mouse)
1786100466.7375941,886,609,mac_trackPad-block-3-trial-3-target-7,543.0,273.0,22.5,False,Pointer Move (Standard mouse)
1786100466.745685,876,604,mac_trackPad-block-3-trial-3-target-7,543.0,273.0,22.5,False,Pointer Move (Standard mouse)
1786100466.753824,868,595,mac_trackPad-block-3-trial-3-target-7,543.0,273.0,22.5,False,Pointer Move (Standard mouse)
1786100466.761889,854,585,mac_trackPad-block-3-trial-3-target-7,543.0,273.0,22.5,False,Pointer Move (Standard mouse)
1786100466.770252,840,575,mac_trackPad-block-3-trial-3-target-7,543.0,273.0,22.5,False,Pointer Move (Standard mouse)
1786100466.7780192,823,559,mac_trackPad-block-3-trial-3-target-7,543.0,273.0,22.5,False,Pointer Move (Standard mouse)
1786100466.786484,812,548,mac_trackPad-block-3-trial-3-target-7,543.0,273.0,22.5,False,Pointer Move (Standard mouse)
1786100466.794433,800,535,mac_trackPad-block-3-trial-3-target-7,543.0,273.0,22.5,False,Pointer Move (Standard mouse)
1786100466.802389,786,523,mac_trackPad-block-3-trial-3-target-7,543.0,273.0,22.5,False,Pointer Move (Standard mouse)
1786100466.810407,773,511,mac_trackPad-block-3-trial-3-target-7,543.0,273.0,22.5,False,Pointer Move (Standard mouse)
1786100466.818704,762,500,mac_trackPad-block-3-trial-3-target-7,543.0,273.0,22.5,False,Pointer Move (Standard mouse)
1786100466.8267431,751,489,mac_trackPad-block-3-trial-3-target-7,543.0,273.0,22.5,False,Pointer Move (Standard mouse)
1786100466.83514,740,479,mac_trackPad-block-3-trial-3-target-7,543.0,273.0,22.5,False,Pointer Move (Standard mouse)
1786100466.842803,727,467,mac_trackPad-block-3-trial-3-target-7,543.0,273.0,22.5,False,Pointer Move (Standard mouse)
1786100466.850883,716,458,mac_trackPad-block-3-trial-3-target-7,543.0,273.0,22.5,False,Pointer Move (Standard mouse)
1786100466.859432,705,447,mac_trackPad-block-3-trial-3-target-7,543.0,273.0,22.5,False,Pointer Move (Standard mouse)
1786100466.867528,694,436,mac_trackPad-block-3-trial-3-target-7,543.0,273.0,22.5,False,Pointer Move (Standard mouse)
1786100466.875287,685,425,mac_trackPad-block-3-trial-3-target-7,543.0,273.0,22.5,False,Pointer Move (Standard mouse)
1786100466.883446,676,414,mac_trackPad-block-3-trial-3-target-7,543.0,273.0,22.5,False,Pointer Move (Standard mouse)
1786100466.8914418,675,412,mac_trackPad-block-3-trial-3-target-7,543.0,273.0,22.5,False,Pointer Move (Standard mouse)
1786100466.899286,668,406,mac_trackPad-block-3-trial-3-target-7,543.0,273.0,22.5,False,Pointer Move (Standard mouse)
1786100466.9075189,662,400,mac_trackPad-block-3-trial-3-target-7,543.0,273.0,22.5,False,Pointer Move (Standard mouse)
1786100466.915631,659,396,mac_trackPad-block-3-trial-3-target-7,543.0,273.0,22.5,False,Pointer Move (Standard mouse)
1786100466.9235961,656,391,mac_trackPad-block-3-trial-3-target-7,543.0,273.0,22.5,False,Pointer Move (Standard mouse)
1786100466.931647,654,389,mac_trackPad-block-3-trial-3-target-7,543.0,273.0,22.5,False,Pointer Move (Standard mouse)
1786100466.939877,653,388,mac_trackPad-block-3-trial-3-target-7,543.0,273.0,22.5,False,Pointer Move (Standard mouse)
1786100466.948287,652,387,mac_trackPad-block-3-trial-3-target-7,543.0,273.0,22.5,False,Pointer Move (Standard mouse)
1786100466.956052,651,386,mac_trackPad-block-3-trial-3-target-7,543.0,273.0,22.5,False,Pointer Move (Standard mouse)
1786100466.963943,651,386,mac_trackPad-block-3-trial-3-target-7,543.0,273.0,22.5,False,Pointer Move (Standard mouse)
1786100466.9719198,651,384,mac_trackPad-block-3-trial-3-target-7,543.0,273.0,22.5,False,Pointer Move (Standard mouse)
1786100466.980103,650,384,mac_trackPad-block-3-trial-3-target-7,543.0,273.0,22.5,False,Pointer Move (Standard mouse)
1786100466.996298,650,384,mac_trackPad-block-3-trial-3-target-7,543.0,273.0,22.5,False,Pointer Move (Standard mouse)
1786100467.0047622,650,383,mac_trackPad-block-3-trial-3-target-7,543.0,273.0,22.5,False,Pointer Move (Standard mouse)
1786100467.045107,650,383,mac_trackPad-block-3-trial-3-target-7,543.0,273.0,22.5,False,Pointer Move (Standard mouse)
1786100467.061302,650,382,mac_trackPad-block-3-trial-3-target-7,543.0,273.0,22.5,False,Pointer Move (Standard mouse)
1786100467.069184,650,382,mac_trackPad-block-3-trial-3-target-7,543.0,273.0,22.5,False,Pointer Move (Standard mouse)
1786100467.077257,650,382,mac_trackPad-block-3-trial-3-target-7,543.0,273.0,22.5,False,Pointer Move (Standard mouse)
1786100467.086221,649,381,mac_trackPad-block-3-trial-3-target-7,543.0,273.0,22.5,False,Pointer Move (Standard mouse)
1786100467.0933938,648,380,mac_trackPad-block-3-trial-3-target-7,543.0,273.0,22.5,False,Pointer Move (Standard mouse)
1786100467.101724,647,378,mac_trackPad-block-3-trial-3-target-7,543.0,273.0,22.5,False,Pointer Move (Standard mouse)
1786100467.109952,643,374,mac_trackPad-block-3-trial-3-target-7,543.0,273.0,22.5,False,Pointer Move (Standard mouse)
1786100467.1178172,639,368,mac_trackPad-block-3-trial-3-target-7,543.0,273.0,22.5,False,Pointer Move (Standard mouse)
1786100467.125851,636,364,mac_trackPad-block-3-trial-3-target-7,543.0,273.0,22.5,False,Pointer Move (Standard mouse)
1786100467.134429,629,357,mac_trackPad-block-3-trial-3-target-7,543.0,273.0,22.5,False,Pointer Move (Standard mouse)
1786100467.142465,625,351,mac_trackPad-block-3-trial-3-target-7,543.0,273.0,22.5,False,Pointer Move (Standard mouse)
1786100467.1507058,619,344,mac_trackPad-block-3-trial-3-target-7,543.0,273.0,22.5,False,Pointer Move (Standard mouse)
1786100467.158499,612,336,mac_trackPad-block-3-trial-3-target-7,543.0,273.0,22.5,False,Pointer Move (Standard mouse)
1786100467.1664078,604,328,mac_trackPad-block-3-trial-3-target-7,543.0,273.0,22.5,False,Pointer Move (Standard mouse)
1786100467.174448,602,326,mac_trackPad-block-3-trial-3-target-7,543.0,273.0,22.5,False,Pointer Move (Standard mouse)
1786100467.1825511,595,318,mac_trackPad-block-3-trial-3-target-7,543.0,273.0,22.5,False,Pointer Move (Standard mouse)
1786100467.1906419,589,312,mac_trackPad-block-3-trial-3-target-7,543.0,273.0,22.5,False,Pointer Move (Standard mouse)
1786100467.198716,584,307,mac_trackPad-block-3-trial-3-target-7,543.0,273.0,22.5,False,Pointer Move (Standard mouse)
1786100467.20677,577,301,mac_trackPad-block-3-trial-3-target-7,543.0,273.0,22.5,False,Pointer Move (Standard mouse)
1786100467.214688,572,297,mac_trackPad-block-3-trial-3-target-7,543.0,273.0,22.5,False,Pointer Move (Standard mouse)
1786100467.22276,568,293,mac_trackPad-block-3-trial-3-target-7,543.0,273.0,22.5,False,Pointer Move (Standard mouse)
1786100467.231231,564,289,mac_trackPad-block-3-trial-3-target-7,543.0,273.0,22.5,False,Pointer Move (Standard mouse)
1786100467.23936,560,285,mac_trackPad-block-3-trial-3-target-7,543.0,273.0,22.5,False,Pointer Move (Standard mouse)
1786100467.247093,557,282,mac_trackPad-block-3-trial-3-target-7,543.0,273.0,22.5,False,Pointer Move (Standard mouse)
1786100467.255405,554,279,mac_trackPad-block-3-trial-3-target-7,543.0,273.0,22.5,False,Pointer Move (Standard mouse)
1786100467.2632818,550,275,mac_trackPad-block-3-trial-3-target-7,543.0,273.0,22.5,False,Pointer Move (Standard mouse)
1786100467.271256,547,272,mac_trackPad-block-3-trial-3-target-7,543.0,273.0,22.5,False,Pointer Move (Standard mouse)
1786100467.279357,546,269,mac_trackPad-block-3-trial-3-target-7,543.0,273.0,22.5,False,Pointer Move (Standard mouse)
1786100467.2876081,543,267,mac_trackPad-block-3-trial-3-target-7,543.0,273.0,22.5,False,Pointer Move (Standard mouse)
1786100467.295649,543,265,mac_trackPad-block-3-trial-3-target-7,543.0,273.0,22.5,False,Pointer Move (Standard mouse)
1786100467.303683,541,263,mac_trackPad-block-3-trial-3-target-7,543.0,273.0,22.5,False,Pointer Move (Standard mouse)
1786100467.3118541,541,261,mac_trackPad-block-3-trial-3-target-7,543.0,273.0,22.5,False,Pointer Move (Standard mouse)
1786100467.319826,540,261,mac_trackPad-block-3-trial-3-target-7,543.0,273.0,22.5,False,Pointer Move (Standard mouse)
1786100467.328095,540,260,mac_trackPad-block-3-trial-3-target-7,543.0,273.0,22.5,False,Pointer Move (Standard mouse)
1786100467.336071,539,260,mac_trackPad-block-3-trial-3-target-7,543.0,273.0,22.5,False,Pointer Move (Standard mouse)
1786100467.344317,539,260,mac_trackPad-block-3-trial-3-target-7,543.0,273.0,22.5,False,Pointer Move (Standard mouse)
1786100467.352376,539,260,mac_trackPad-block-3-trial-3-target-7,543.0,273.0,22.5,False,Pointer Move (Standard mouse)
1786100467.4984992,539,260,mac_trackPad-block-3-trial-3-target-7,543.0,273.0,22.5,target_selected,target_selected
1786100467.667933,540,260,mac_trackPad-block-3-trial-4-target-3,897.0,627.0,22.5,False,Pointer Move (Standard mouse)
1786100467.675862,544,264,mac_trackPad-block-3-trial-4-target-3,897.0,627.0,22.5,False,Pointer Move (Standard mouse)
1786100467.6839669,550,270,mac_trackPad-block-3-trial-4-target-3,897.0,627.0,22.5,False,Pointer Move (Standard mouse)
1786100467.6919968,558,276,mac_trackPad-block-3-trial-4-target-3,897.0,627.0,22.5,False,Pointer Move (Standard mouse)
1786100467.700001,565,282,mac_trackPad-block-3-trial-4-target-3,897.0,627.0,22.5,False,Pointer Move (Standard mouse)
1786100467.708204,574,291,mac_trackPad-block-3-trial-4-target-3,897.0,627.0,22.5,False,Pointer Move (Standard mouse)
1786100467.716442,583,302,mac_trackPad-block-3-trial-4-target-3,897.0,627.0,22.5,False,Pointer Move (Standard mouse)
1786100467.7246442,591,310,mac_trackPad-block-3-trial-4-target-3,897.0,627.0,22.5,False,Pointer Move (Standard mouse)
1786100467.7327921,602,319,mac_trackPad-block-3-trial-4-target-3,897.0,627.0,22.5,False,Pointer Move (Standard mouse)
1786100467.7404218,611,330,mac_trackPad-block-3-trial-4-target-3,897.0,627.0,22.5,False,Pointer Move (Standard mouse)
1786100467.7486348,622,341,mac_trackPad-block-3-trial-4-target-3,897.0,627.0,22.5,False,Pointer Move (Standard mouse)
1786100467.7567842,633,350,mac_trackPad-block-3-trial-4-target-3,897.0,627.0,22.5,False,Pointer Move (Standard mouse)
1786100467.7647512,646,362,mac_trackPad-block-3-trial-4-target-3,897.0,627.0,22.5,False,Pointer Move (Standard mouse)
1786100467.772842,663,375,mac_trackPad-block-3-trial-4-target-3,897.0,627.0,22.5,False,Pointer Move (Standard mouse)
1786100467.7808251,674,386,mac_trackPad-block-3-trial-4-target-3,897.0,627.0,22.5,False,Pointer Move (Standard mouse)
1786100467.788955,690,399,mac_trackPad-block-3-trial-4-target-3,897.0,627.0,22.5,False,Pointer Move (Standard mouse)
1786100467.797299,705,413,mac_trackPad-block-3-trial-4-target-3,897.0,627.0,22.5,False,Pointer Move (Standard mouse)
1786100467.805446,720,428,mac_trackPad-block-3-trial-4-target-3,897.0,627.0,22.5,False,Pointer Move (Standard mouse)
1786100467.813462,734,443,mac_trackPad-block-3-trial-4-target-3,897.0,627.0,22.5,False,Pointer Move (Standard mouse)
1786100467.8213341,748,455,mac_trackPad-block-3-trial-4-target-3,897.0,627.0,22.5,False,Pointer Move (Standard mouse)
1786100467.829504,762,466,mac_trackPad-block-3-trial-4-target-3,897.0,627.0,22.5,False,Pointer Move (Standard mouse)
1786100467.837534,773,480,mac_trackPad-block-3-trial-4-target-3,897.0,627.0,22.5,False,Pointer Move (Standard mouse)
1786100467.845767,784,491,mac_trackPad-block-3-trial-4-target-3,897.0,627.0,22.5,False,Pointer Move (Standard mouse)
1786100467.853486,793,502,mac_trackPad-block-3-trial-4-target-3,897.0,627.0,22.5,False,Pointer Move (Standard mouse)
1786100467.8614259,804,512,mac_trackPad-block-3-trial-4-target-3,897.0,627.0,22.5,False,Pointer Move (Standard mouse)
1786100467.869807,811,522,mac_trackPad-block-3-trial-4-target-3,897.0,627.0,22.5,False,Pointer Move (Standard mouse)
1786100467.8779678,814,526,mac_trackPad-block-3-trial-4-target-3,897.0,627.0,22.5,False,Pointer Move (Standard mouse)
1786100467.885582,826,539,mac_trackPad-block-3-trial-4-target-3,897.0,627.0,22.5,False,Pointer Move (Standard mouse)
1786100467.893875,832,549,mac_trackPad-block-3-trial-4-target-3,897.0,627.0,22.5,False,Pointer Move (Standard mouse)
1786100467.9019022,833,552,mac_trackPad-block-3-trial-4-target-3,897.0,627.0,22.5,False,Pointer Move (Standard mouse)
1786100467.910368,839,560,mac_trackPad-block-3-trial-4-target-3,897.0,627.0,22.5,False,Pointer Move (Standard mouse)
1786100467.9183471,844,565,mac_trackPad-block-3-trial-4-target-3,897.0,627.0,22.5,False,Pointer Move (Standard mouse)
1786100467.9264672,849,573,mac_trackPad-block-3-trial-4-target-3,897.0,627.0,22.5,False,Pointer Move (Standard mouse)
1786100467.934517,853,579,mac_trackPad-block-3-trial-4-target-3,897.0,627.0,22.5,False,Pointer Move (Standard mouse)
1786100467.9425678,858,584,mac_trackPad-block-3-trial-4-target-3,897.0,627.0,22.5,False,Pointer Move (Standard mouse)
1786100467.950711,861,588,mac_trackPad-block-3-trial-4-target-3,897.0,627.0,22.5,False,Pointer Move (Standard mouse)
1786100467.958784,863,592,mac_trackPad-block-3-trial-4-target-3,897.0,627.0,22.5,False,Pointer Move (Standard mouse)
1786100467.966901,866,596,mac_trackPad-block-3-trial-4-target-3,897.0,627.0,22.5,False,Pointer Move (Standard mouse)
1786100467.9749608,869,598,mac_trackPad-block-3-trial-4-target-3,897.0,627.0,22.5,False,Pointer Move (Standard mouse)
1786100467.982962,871,600,mac_trackPad-block-3-trial-4-target-3,897.0,627.0,22.5,False,Pointer Move (Standard mouse)
1786100467.9915452,872,602,mac_trackPad-block-3-trial-4-target-3,897.0,627.0,22.5,False,Pointer Move (Standard mouse)
1786100467.999359,875,605,mac_trackPad-block-3-trial-4-target-3,897.0,627.0,22.5,False,Pointer Move (Standard mouse)
1786100468.007259,876,606,mac_trackPad-block-3-trial-4-target-3,897.0,627.0,22.5,False,Pointer Move (Standard mouse)
1786100468.0153868,878,608,mac_trackPad-block-3-trial-4-target-3,897.0,627.0,22.5,False,Pointer Move (Standard mouse)
1786100468.023416,881,611,mac_trackPad-block-3-trial-4-target-3,897.0,627.0,22.5,False,Pointer Move (Standard mouse)
1786100468.0316591,882,613,mac_trackPad-block-3-trial-4-target-3,897.0,627.0,22.5,False,Pointer Move (Standard mouse)
1786100468.0396612,885,617,mac_trackPad-block-3-trial-4-target-3,897.0,627.0,22.5,False,Pointer Move (Standard mouse)
1786100468.0477152,887,619,mac_trackPad-block-3-trial-4-target-3,897.0,627.0,22.5,False,Pointer Move (Standard mouse)
1786100468.055757,889,621,mac_trackPad-block-3-trial-4-target-3,897.0,627.0,22.5,False,Pointer Move (Standard mouse)
1786100468.063942,890,622,mac_trackPad-block-3-trial-4-target-3,897.0,627.0,22.5,False,Pointer Move (Standard mouse)
1786100468.072067,891,623,mac_trackPad-block-3-trial-4-target-3,897.0,627.0,22.5,False,Pointer Move (Standard mouse)
1786100468.080202,891,624,mac_trackPad-block-3-trial-4-target-3,897.0,627.0,22.5,False,Pointer Move (Standard mouse)
1786100468.0882308,892,625,mac_trackPad-block-3-trial-4-target-3,897.0,627.0,22.5,False,Pointer Move (Standard mouse)
1786100468.096336,893,626,mac_trackPad-block-3-trial-4-target-3,897.0,627.0,22.5,False,Pointer Move (Standard mouse)
1786100468.1042712,893,626,mac_trackPad-block-3-trial-4-target-3,897.0,627.0,22.5,False,Pointer Move (Standard mouse)
1786100468.112436,894,626,mac_trackPad-block-3-trial-4-target-3,897.0,627.0,22.5,False,Pointer Move (Standard mouse)
1786100468.1208162,894,627,mac_trackPad-block-3-trial-4-target-3,897.0,627.0,22.5,False,Pointer Move (Standard mouse)
1786100468.1286159,894,627,mac_trackPad-block-3-trial-4-target-3,897.0,627.0,22.5,False,Pointer Move (Standard mouse)
1786100468.136737,895,628,mac_trackPad-block-3-trial-4-target-3,897.0,627.0,22.5,False,Pointer Move (Standard mouse)
1786100468.144701,896,629,mac_trackPad-block-3-trial-4-target-3,897.0,627.0,22.5,False,Pointer Move (Standard mouse)
1786100468.1528661,897,630,mac_trackPad-block-3-trial-4-target-3,897.0,627.0,22.5,False,Pointer Move (Standard mouse)
1786100468.161083,898,630,mac_trackPad-block-3-trial-4-target-3,897.0,627.0,22.5,False,Pointer Move (Standard mouse)
1786100468.169031,899,631,mac_trackPad-block-3-trial-4-target-3,897.0,627.0,22.5,False,Pointer Move (Standard mouse)
1786100468.177143,899,632,mac_trackPad-block-3-trial-4-target-3,897.0,627.0,22.5,False,Pointer Move (Standard mouse)
1786100468.185052,901,632,mac_trackPad-block-3-trial-4-target-3,897.0,627.0,22.5,False,Pointer Move (Standard mouse)
1786100468.1931589,901,633,mac_trackPad-block-3-trial-4-target-3,897.0,627.0,22.5,False,Pointer Move (Standard mouse)
1786100468.201561,901,633,mac_trackPad-block-3-trial-4-target-3,897.0,627.0,22.5,False,Pointer Move (Standard mouse)
1786100468.209633,902,633,mac_trackPad-block-3-trial-4-target-3,897.0,627.0,22.5,False,Pointer Move (Standard mouse)
1786100468.217644,902,633,mac_trackPad-block-3-trial-4-target-3,897.0,627.0,22.5,False,Pointer Move (Standard mouse)
1786100468.225736,902,634,mac_trackPad-block-3-trial-4-target-3,897.0,627.0,22.5,False,Pointer Move (Standard mouse)
1786100468.233769,903,634,mac_trackPad-block-3-trial-4-target-3,897.0,627.0,22.5,False,Pointer Move (Standard mouse)
1786100468.2501602,903,634,mac_trackPad-block-3-trial-4-target-3,897.0,627.0,22.5,False,Pointer Move (Standard mouse)
1786100468.314053,903,634,mac_trackPad-block-3-trial-4-target-3,897.0,627.0,22.5,target_selected,target_selected
1786100468.533282,903,633,mac_trackPad-block-3-trial-5-target-7,543.0,273.0,22.5,False,Pointer Move (Standard mouse)
1786100468.540988,895,628,mac_trackPad-block-3-trial-5-target-7,543.0,273.0,22.5,False,Pointer Move (Standard mouse)
1786100468.549119,885,621,mac_trackPad-block-3-trial-5-target-7,543.0,273.0,22.5,False,Pointer Move (Standard mouse)
1786100468.5572128,862,604,mac_trackPad-block-3-trial-5-target-7,543.0,273.0,22.5,False,Pointer Move (Standard mouse)
1786100468.565572,842,590,mac_trackPad-block-3-trial-5-target-7,543.0,273.0,22.5,False,Pointer Move (Standard mouse)
1786100468.573716,817,570,mac_trackPad-block-3-trial-5-target-7,543.0,273.0,22.5,False,Pointer Move (Standard mouse)
1786100468.5821152,786,541,mac_trackPad-block-3-trial-5-target-7,543.0,273.0,22.5,False,Pointer Move (Standard mouse)
1786100468.589609,775,532,mac_trackPad-block-3-trial-5-target-7,543.0,273.0,22.5,False,Pointer Move (Standard mouse)
1786100468.597682,750,509,mac_trackPad-block-3-trial-5-target-7,543.0,273.0,22.5,False,Pointer Move (Standard mouse)
1786100468.6060941,730,488,mac_trackPad-block-3-trial-5-target-7,543.0,273.0,22.5,False,Pointer Move (Standard mouse)
1786100468.614691,712,472,mac_trackPad-block-3-trial-5-target-7,543.0,273.0,22.5,False,Pointer Move (Standard mouse)
1786100468.622019,696,454,mac_trackPad-block-3-trial-5-target-7,543.0,273.0,22.5,False,Pointer Move (Standard mouse)
1786100468.6301959,686,443,mac_trackPad-block-3-trial-5-target-7,543.0,273.0,22.5,False,Pointer Move (Standard mouse)
1786100468.6381419,676,432,mac_trackPad-block-3-trial-5-target-7,543.0,273.0,22.5,False,Pointer Move (Standard mouse)
1786100468.646208,674,428,mac_trackPad-block-3-trial-5-target-7,543.0,273.0,22.5,False,Pointer Move (Standard mouse)
1786100468.654442,665,420,mac_trackPad-block-3-trial-5-target-7,543.0,273.0,22.5,False,Pointer Move (Standard mouse)
1786100468.662368,654,409,mac_trackPad-block-3-trial-5-target-7,543.0,273.0,22.5,False,Pointer Move (Standard mouse)
1786100468.670507,648,403,mac_trackPad-block-3-trial-5-target-7,543.0,273.0,22.5,False,Pointer Move (Standard mouse)
1786100468.678556,642,395,mac_trackPad-block-3-trial-5-target-7,543.0,273.0,22.5,False,Pointer Move (Standard mouse)
1786100468.6869981,638,391,mac_trackPad-block-3-trial-5-target-7,543.0,273.0,22.5,False,Pointer Move (Standard mouse)
1786100468.69475,632,384,mac_trackPad-block-3-trial-5-target-7,543.0,273.0,22.5,False,Pointer Move (Standard mouse)
1786100468.702764,629,380,mac_trackPad-block-3-trial-5-target-7,543.0,273.0,22.5,False,Pointer Move (Standard mouse)
1786100468.710903,623,373,mac_trackPad-block-3-trial-5-target-7,543.0,273.0,22.5,False,Pointer Move (Standard mouse)
1786100468.7189372,616,365,mac_trackPad-block-3-trial-5-target-7,543.0,273.0,22.5,False,Pointer Move (Standard mouse)
1786100468.727235,613,361,mac_trackPad-block-3-trial-5-target-7,543.0,273.0,22.5,False,Pointer Move (Standard mouse)
1786100468.735244,608,354,mac_trackPad-block-3-trial-5-target-7,543.0,273.0,22.5,False,Pointer Move (Standard mouse)
1786100468.74325,601,348,mac_trackPad-block-3-trial-5-target-7,543.0,273.0,22.5,False,Pointer Move (Standard mouse)
1786100468.751549,598,341,mac_trackPad-block-3-trial-5-target-7,543.0,273.0,22.5,False,Pointer Move (Standard mouse)
1786100468.759404,594,335,mac_trackPad-block-3-trial-5-target-7,543.0,273.0,22.5,False,Pointer Move (Standard mouse)
1786100468.7675352,591,332,mac_trackPad-block-3-trial-5-target-7,543.0,273.0,22.5,False,Pointer Move (Standard mouse)
1786100468.775575,588,328,mac_trackPad-block-3-trial-5-target-7,543.0,273.0,22.5,False,Pointer Move (Standard mouse)
1786100468.783843,586,324,mac_trackPad-block-3-trial-5-target-7,543.0,273.0,22.5,False,Pointer Move (Standard mouse)
1786100468.7917702,585,322,mac_trackPad-block-3-trial-5-target-7,543.0,273.0,22.5,False,Pointer Move (Standard mouse)
1786100468.799805,584,321,mac_trackPad-block-3-trial-5-target-7,543.0,273.0,22.5,False,Pointer Move (Standard mouse)
1786100468.8082728,584,320,mac_trackPad-block-3-trial-5-target-7,543.0,273.0,22.5,False,Pointer Move (Standard mouse)
1786100468.8160498,583,319,mac_trackPad-block-3-trial-5-target-7,543.0,273.0,22.5,False,Pointer Move (Standard mouse)
1786100468.824091,583,318,mac_trackPad-block-3-trial-5-target-7,543.0,273.0,22.5,False,Pointer Move (Standard mouse)
1786100468.832265,583,318,mac_trackPad-block-3-trial-5-target-7,543.0,273.0,22.5,False,Pointer Move (Standard mouse)
1786100468.840512,583,317,mac_trackPad-block-3-trial-5-target-7,543.0,273.0,22.5,False,Pointer Move (Standard mouse)
1786100468.848635,582,317,mac_trackPad-block-3-trial-5-target-7,543.0,273.0,22.5,False,Pointer Move (Standard mouse)
1786100468.8566558,582,317,mac_trackPad-block-3-trial-5-target-7,543.0,273.0,22.5,False,Pointer Move (Standard mouse)
1786100468.864863,582,316,mac_trackPad-block-3-trial-5-target-7,543.0,273.0,22.5,False,Pointer Move (Standard mouse)
1786100468.88072,582,316,mac_trackPad-block-3-trial-5-target-7,543.0,273.0,22.5,False,Pointer Move (Standard mouse)
1786100468.888892,581,315,mac_trackPad-block-3-trial-5-target-7,543.0,273.0,22.5,False,Pointer Move (Standard mouse)
1786100468.8970199,581,315,mac_trackPad-block-3-trial-5-target-7,543.0,273.0,22.5,False,Pointer Move (Standard mouse)
1786100468.905012,580,314,mac_trackPad-block-3-trial-5-target-7,543.0,273.0,22.5,False,Pointer Move (Standard mouse)
1786100468.912995,580,313,mac_trackPad-block-3-trial-5-target-7,543.0,273.0,22.5,False,Pointer Move (Standard mouse)
1786100468.921364,579,312,mac_trackPad-block-3-trial-5-target-7,543.0,273.0,22.5,False,Pointer Move (Standard mouse)
1786100468.929467,578,312,mac_trackPad-block-3-trial-5-target-7,543.0,273.0,22.5,False,Pointer Move (Standard mouse)
1786100468.937452,578,311,mac_trackPad-block-3-trial-5-target-7,543.0,273.0,22.5,False,Pointer Move (Standard mouse)
1786100468.945492,577,310,mac_trackPad-block-3-trial-5-target-7,543.0,273.0,22.5,False,Pointer Move (Standard mouse)
1786100468.953446,575,308,mac_trackPad-block-3-trial-5-target-7,543.0,273.0,22.5,False,Pointer Move (Standard mouse)
1786100468.96156,574,307,mac_trackPad-block-3-trial-5-target-7,543.0,273.0,22.5,False,Pointer Move (Standard mouse)
1786100468.9696991,573,305,mac_trackPad-block-3-trial-5-target-7,543.0,273.0,22.5,False,Pointer Move (Standard mouse)
1786100468.977639,572,304,mac_trackPad-block-3-trial-5-target-7,543.0,273.0,22.5,False,Pointer Move (Standard mouse)
1786100468.985802,571,302,mac_trackPad-block-3-trial-5-target-7,543.0,273.0,22.5,False,Pointer Move (Standard mouse)
1786100468.9938712,570,300,mac_trackPad-block-3-trial-5-target-7,543.0,273.0,22.5,False,Pointer Move (Standard mouse)
1786100469.002105,568,298,mac_trackPad-block-3-trial-5-target-7,543.0,273.0,22.5,False,Pointer Move (Standard mouse)
1786100469.0104508,567,297,mac_trackPad-block-3-trial-5-target-7,543.0,273.0,22.5,False,Pointer Move (Standard mouse)
1786100469.0185962,566,295,mac_trackPad-block-3-trial-5-target-7,543.0,273.0,22.5,False,Pointer Move (Standard mouse)
1786100469.0264452,565,294,mac_trackPad-block-3-trial-5-target-7,543.0,273.0,22.5,False,Pointer Move (Standard mouse)
1786100469.0345001,563,292,mac_trackPad-block-3-trial-5-target-7,543.0,273.0,22.5,False,Pointer Move (Standard mouse)
1786100469.042654,562,291,mac_trackPad-block-3-trial-5-target-7,543.0,273.0,22.5,False,Pointer Move (Standard mouse)
1786100469.050854,561,289,mac_trackPad-block-3-trial-5-target-7,543.0,273.0,22.5,False,Pointer Move (Standard mouse)
1786100469.0587652,560,288,mac_trackPad-block-3-trial-5-target-7,543.0,273.0,22.5,False,Pointer Move (Standard mouse)
1786100469.0667121,559,287,mac_trackPad-block-3-trial-5-target-7,543.0,273.0,22.5,False,Pointer Move (Standard mouse)
1786100469.074933,558,286,mac_trackPad-block-3-trial-5-target-7,543.0,273.0,22.5,False,Pointer Move (Standard mouse)
1786100469.0830789,557,285,mac_trackPad-block-3-trial-5-target-7,543.0,273.0,22.5,False,Pointer Move (Standard mouse)
1786100469.09215,556,285,mac_trackPad-block-3-trial-5-target-7,543.0,273.0,22.5,False,Pointer Move (Standard mouse)
1786100469.0991209,556,284,mac_trackPad-block-3-trial-5-target-7,543.0,273.0,22.5,False,Pointer Move (Standard mouse)
1786100469.107211,556,283,mac_trackPad-block-3-trial-5-target-7,543.0,273.0,22.5,False,Pointer Move (Standard mouse)
1786100469.115169,555,283,mac_trackPad-block-3-trial-5-target-7,543.0,273.0,22.5,False,Pointer Move (Standard mouse)
1786100469.1238148,555,283,mac_trackPad-block-3-trial-5-target-7,543.0,273.0,22.5,False,Pointer Move (Standard mouse)
1786100469.131951,555,282,mac_trackPad-block-3-trial-5-target-7,543.0,273.0,22.5,False,Pointer Move (Standard mouse)
1786100469.139971,554,282,mac_trackPad-block-3-trial-5-target-7,543.0,273.0,22.5,False,Pointer Move (Standard mouse)
1786100469.147677,554,282,mac_trackPad-block-3-trial-5-target-7,543.0,273.0,22.5,False,Pointer Move (Standard mouse)
1786100469.156063,554,282,mac_trackPad-block-3-trial-5-target-7,543.0,273.0,22.5,False,Pointer Move (Standard mouse)
1786100469.180008,554,282,mac_trackPad-block-3-trial-5-target-7,543.0,273.0,22.5,False,Pointer Move (Standard mouse)
1786100469.213256,554,282,mac_trackPad-block-3-trial-5-target-7,543.0,273.0,22.5,target_selected,target_selected
1786100469.24089,554,282,mac_trackPad-block-3-trial-6-target-3,897.0,627.0,22.5,False,Pointer Move (Standard mouse)
1786100469.3822389,554,282,mac_trackPad-block-3-trial-6-target-3,897.0,627.0,22.5,False,Pointer Move (Standard mouse)
1786100469.390502,557,286,mac_trackPad-block-3-trial-6-target-3,897.0,627.0,22.5,False,Pointer Move (Standard mouse)
1786100469.39848,564,292,mac_trackPad-block-3-trial-6-target-3,897.0,627.0,22.5,False,Pointer Move (Standard mouse)
1786100469.406473,571,299,mac_trackPad-block-3-trial-6-target-3,897.0,627.0,22.5,False,Pointer Move (Standard mouse)
1786100469.414738,578,306,mac_trackPad-block-3-trial-6-target-3,897.0,627.0,22.5,False,Pointer Move (Standard mouse)
1786100469.4228039,588,319,mac_trackPad-block-3-trial-6-target-3,897.0,627.0,22.5,False,Pointer Move (Standard mouse)
1786100469.4306712,599,330,mac_trackPad-block-3-trial-6-target-3,897.0,627.0,22.5,False,Pointer Move (Standard mouse)
1786100469.438737,610,341,mac_trackPad-block-3-trial-6-target-3,897.0,627.0,22.5,False,Pointer Move (Standard mouse)
1786100469.446926,621,352,mac_trackPad-block-3-trial-6-target-3,897.0,627.0,22.5,False,Pointer Move (Standard mouse)
1786100469.455056,630,362,mac_trackPad-block-3-trial-6-target-3,897.0,627.0,22.5,False,Pointer Move (Standard mouse)
1786100469.462927,638,371,mac_trackPad-block-3-trial-6-target-3,897.0,627.0,22.5,False,Pointer Move (Standard mouse)
1786100469.471055,648,382,mac_trackPad-block-3-trial-6-target-3,897.0,627.0,22.5,False,Pointer Move (Standard mouse)
1786100469.47914,654,389,mac_trackPad-block-3-trial-6-target-3,897.0,627.0,22.5,False,Pointer Move (Standard mouse)
1786100469.487236,663,400,mac_trackPad-block-3-trial-6-target-3,897.0,627.0,22.5,False,Pointer Move (Standard mouse)
1786100469.495531,672,408,mac_trackPad-block-3-trial-6-target-3,897.0,627.0,22.5,False,Pointer Move (Standard mouse)
1786100469.503496,679,418,mac_trackPad-block-3-trial-6-target-3,897.0,627.0,22.5,False,Pointer Move (Standard mouse)
1786100469.511478,688,425,mac_trackPad-block-3-trial-6-target-3,897.0,627.0,22.5,False,Pointer Move (Standard mouse)
1786100469.519519,699,436,mac_trackPad-block-3-trial-6-target-3,897.0,627.0,22.5,False,Pointer Move (Standard mouse)
1786100469.527615,708,444,mac_trackPad-block-3-trial-6-target-3,897.0,627.0,22.5,False,Pointer Move (Standard mouse)
1786100469.5360699,718,453,mac_trackPad-block-3-trial-6-target-3,897.0,627.0,22.5,False,Pointer Move (Standard mouse)
1786100469.543787,729,463,mac_trackPad-block-3-trial-6-target-3,897.0,627.0,22.5,False,Pointer Move (Standard mouse)
1786100469.551888,738,471,mac_trackPad-block-3-trial-6-target-3,897.0,627.0,22.5,False,Pointer Move (Standard mouse)
1786100469.560055,744,477,mac_trackPad-block-3-trial-6-target-3,897.0,627.0,22.5,False,Pointer Move (Standard mouse)
1786100469.567991,755,487,mac_trackPad-block-3-trial-6-target-3,897.0,627.0,22.5,False,Pointer Move (Standard mouse)
1786100469.576428,761,493,mac_trackPad-block-3-trial-6-target-3,897.0,627.0,22.5,False,Pointer Move (Standard mouse)
1786100469.584516,762,495,mac_trackPad-block-3-trial-6-target-3,897.0,627.0,22.5,False,Pointer Move (Standard mouse)
1786100469.5922859,776,507,mac_trackPad-block-3-trial-6-target-3,897.0,627.0,22.5,False,Pointer Move (Standard mouse)
1786100469.6003132,777,509,mac_trackPad-block-3-trial-6-target-3,897.0,627.0,22.5,False,Pointer Move (Standard mouse)
1786100469.609178,783,513,mac_trackPad-block-3-trial-6-target-3,897.0,627.0,22.5,False,Pointer Move (Standard mouse)
1786100469.6168609,787,519,mac_trackPad-block-3-trial-6-target-3,897.0,627.0,22.5,False,Pointer Move (Standard mouse)
1786100469.6248472,792,522,mac_trackPad-block-3-trial-6-target-3,897.0,627.0,22.5,False,Pointer Move (Standard mouse)
1786100469.633157,796,525,mac_trackPad-block-3-trial-6-target-3,897.0,627.0,22.5,False,Pointer Move (Standard mouse)
1786100469.640913,800,528,mac_trackPad-block-3-trial-6-target-3,897.0,627.0,22.5,False,Pointer Move (Standard mouse)
1786100469.6489909,804,531,mac_trackPad-block-3-trial-6-target-3,897.0,627.0,22.5,False,Pointer Move (Standard mouse)
1786100469.657283,808,534,mac_trackPad-block-3-trial-6-target-3,897.0,627.0,22.5,False,Pointer Move (Standard mouse)
1786100469.665202,810,536,mac_trackPad-block-3-trial-6-target-3,897.0,627.0,22.5,False,Pointer Move (Standard mouse)
1786100469.673268,814,538,mac_trackPad-block-3-trial-6-target-3,897.0,627.0,22.5,False,Pointer Move (Standard mouse)
1786100469.681441,816,540,mac_trackPad-block-3-trial-6-target-3,897.0,627.0,22.5,False,Pointer Move (Standard mouse)
1786100469.689627,820,543,mac_trackPad-block-3-trial-6-target-3,897.0,627.0,22.5,False,Pointer Move (Standard mouse)
1786100469.697746,822,545,mac_trackPad-block-3-trial-6-target-3,897.0,627.0,22.5,False,Pointer Move (Standard mouse)
1786100469.705765,824,546,mac_trackPad-block-3-trial-6-target-3,897.0,627.0,22.5,False,Pointer Move (Standard mouse)
1786100469.713831,826,547,mac_trackPad-block-3-trial-6-target-3,897.0,627.0,22.5,False,Pointer Move (Standard mouse)
1786100469.721856,828,549,mac_trackPad-block-3-trial-6-target-3,897.0,627.0,22.5,False,Pointer Move (Standard mouse)
1786100469.729941,829,551,mac_trackPad-block-3-trial-6-target-3,897.0,627.0,22.5,False,Pointer Move (Standard mouse)
1786100469.73809,831,552,mac_trackPad-block-3-trial-6-target-3,897.0,627.0,22.5,False,Pointer Move (Standard mouse)
1786100469.7459,834,554,mac_trackPad-block-3-trial-6-target-3,897.0,627.0,22.5,False,Pointer Move (Standard mouse)
1786100469.754165,835,556,mac_trackPad-block-3-trial-6-target-3,897.0,627.0,22.5,False,Pointer Move (Standard mouse)
1786100469.7621472,837,558,mac_trackPad-block-3-trial-6-target-3,897.0,627.0,22.5,False,Pointer Move (Standard mouse)
1786100469.770476,839,560,mac_trackPad-block-3-trial-6-target-3,897.0,627.0,22.5,False,Pointer Move (Standard mouse)
1786100469.778513,841,562,mac_trackPad-block-3-trial-6-target-3,897.0,627.0,22.5,False,Pointer Move (Standard mouse)
1786100469.786536,843,565,mac_trackPad-block-3-trial-6-target-3,897.0,627.0,22.5,False,Pointer Move (Standard mouse)
1786100469.7945101,845,568,mac_trackPad-block-3-trial-6-target-3,897.0,627.0,22.5,False,Pointer Move (Standard mouse)
1786100469.8028212,848,572,mac_trackPad-block-3-trial-6-target-3,897.0,627.0,22.5,False,Pointer Move (Standard mouse)
1786100469.8106828,852,576,mac_trackPad-block-3-trial-6-target-3,897.0,627.0,22.5,False,Pointer Move (Standard mouse)
1786100469.81906,855,580,mac_trackPad-block-3-trial-6-target-3,897.0,627.0,22.5,False,Pointer Move (Standard mouse)
1786100469.827116,858,583,mac_trackPad-block-3-trial-6-target-3,897.0,627.0,22.5,False,Pointer Move (Standard mouse)
1786100469.83521,861,587,mac_trackPad-block-3-trial-6-target-3,897.0,627.0,22.5,False,Pointer Move (Standard mouse)
1786100469.843146,864,592,mac_trackPad-block-3-trial-6-target-3,897.0,627.0,22.5,False,Pointer Move (Standard mouse)
1786100469.851325,868,596,mac_trackPad-block-3-trial-6-target-3,897.0,627.0,22.5,False,Pointer Move (Standard mouse)
1786100469.8594491,872,600,mac_trackPad-block-3-trial-6-target-3,897.0,627.0,22.5,False,Pointer Move (Standard mouse)
1786100469.867659,874,602,mac_trackPad-block-3-trial-6-target-3,897.0,627.0,22.5,False,Pointer Move (Standard mouse)
1786100469.875533,877,606,mac_trackPad-block-3-trial-6-target-3,897.0,627.0,22.5,False,Pointer Move (Standard mouse)
1786100469.883762,880,608,mac_trackPad-block-3-trial-6-target-3,897.0,627.0,22.5,False,Pointer Move (Standard mouse)
1786100469.891753,883,611,mac_trackPad-block-3-trial-6-target-3,897.0,627.0,22.5,False,Pointer Move (Standard mouse)
1786100469.899819,885,613,mac_trackPad-block-3-trial-6-target-3,897.0,627.0,22.5,False,Pointer Move (Standard mouse)
1786100469.9080791,887,615,mac_trackPad-block-3-trial-6-target-3,897.0,627.0,22.5,False,Pointer Move (Standard mouse)
1786100469.915978,888,616,mac_trackPad-block-3-trial-6-target-3,897.0,627.0,22.5,False,Pointer Move (Standard mouse)
1786100469.924105,889,618,mac_trackPad-block-3-trial-6-target-3,897.0,627.0,22.5,False,Pointer Move (Standard mouse)
1786100469.932068,891,619,mac_trackPad-block-3-trial-6-target-3,897.0,627.0,22.5,False,Pointer Move (Standard mouse)
1786100469.940243,892,620,mac_trackPad-block-3-trial-6-target-3,897.0,627.0,22.5,False,Pointer Move (Standard mouse)
1786100469.948342,893,621,mac_trackPad-block-3-trial-6-target-3,897.0,627.0,22.5,False,Pointer Move (Standard mouse)
1786100469.95638,893,621,mac_trackPad-block-3-trial-6-target-3,897.0,627.0,22.5,False,Pointer Move (Standard mouse)
1786100469.964545,894,622,mac_trackPad-block-3-trial-6-target-3,897.0,627.0,22.5,False,Pointer Move (Standard mouse)
1786100469.9726331,894,622,mac_trackPad-block-3-trial-6-target-3,897.0,627.0,22.5,False,Pointer Move (Standard mouse)
1786100469.980761,894,623,mac_trackPad-block-3-trial-6-target-3,897.0,627.0,22.5,False,Pointer Move (Standard mouse)
1786100469.988857,895,623,mac_trackPad-block-3-trial-6-target-3,897.0,627.0,22.5,False,Pointer Move (Standard mouse)
1786100469.996871,895,623,mac_trackPad-block-3-trial-6-target-3,897.0,627.0,22.5,False,Pointer Move (Standard mouse)
1786100470.004828,895,624,mac_trackPad-block-3-trial-6-target-3,897.0,627.0,22.5,False,Pointer Move (Standard mouse)
1786100470.012768,895,624,mac_trackPad-block-3-trial-6-target-3,897.0,627.0,22.5,False,Pointer Move (Standard mouse)
1786100470.021013,895,624,mac_trackPad-block-3-trial-6-target-3,897.0,627.0,22.5,False,Pointer Move (Standard mouse)
1786100470.0291882,895,625,mac_trackPad-block-3-trial-6-target-3,897.0,627.0,22.5,False,Pointer Move (Standard mouse)
1786100470.0453918,895,625,mac_trackPad-block-3-trial-6-target-3,897.0,627.0,22.5,False,Pointer Move (Standard mouse)
1786100470.0533152,896,625,mac_trackPad-block-3-trial-6-target-3,897.0,627.0,22.5,False,Pointer Move (Standard mouse)
1786100470.069817,896,625,mac_trackPad-block-3-trial-6-target-3,897.0,627.0,22.5,False,Pointer Move (Standard mouse)
1786100470.077652,896,625,mac_trackPad-block-3-trial-6-target-3,897.0,627.0,22.5,False,Pointer Move (Standard mouse)
1786100470.085828,896,626,mac_trackPad-block-3-trial-6-target-3,897.0,627.0,22.5,False,Pointer Move (Standard mouse)
1786100470.093745,897,626,mac_trackPad-block-3-trial-6-target-3,897.0,627.0,22.5,False,Pointer Move (Standard mouse)
1786100470.1102378,897,626,mac_trackPad-block-3-trial-6-target-3,897.0,627.0,22.5,False,Pointer Move (Standard mouse)
1786100470.146951,897,626,mac_trackPad-block-3-trial-6-target-3,897.0,627.0,22.5,target_selected,target_selected
1786100470.320658,896,626,mac_trackPad-block-3-trial-7-target-7,543.0,273.0,22.5,False,Pointer Move (Standard mouse)
1786100470.3287628,894,625,mac_trackPad-block-3-trial-7-target-7,543.0,273.0,22.5,False,Pointer Move (Standard mouse)
1786100470.3366468,882,617,mac_trackPad-block-3-trial-7-target-7,543.0,273.0,22.5,False,Pointer Move (Standard mouse)
1786100470.34559,868,607,mac_trackPad-block-3-trial-7-target-7,543.0,273.0,22.5,False,Pointer Move (Standard mouse)
1786100470.35285,855,595,mac_trackPad-block-3-trial-7-target-7,543.0,273.0,22.5,False,Pointer Move (Standard mouse)
1786100470.360752,835,579,mac_trackPad-block-3-trial-7-target-7,543.0,273.0,22.5,False,Pointer Move (Standard mouse)
1786100470.369308,814,560,mac_trackPad-block-3-trial-7-target-7,543.0,273.0,22.5,False,Pointer Move (Standard mouse)
1786100470.3768861,791,537,mac_trackPad-block-3-trial-7-target-7,543.0,273.0,22.5,False,Pointer Move (Standard mouse)
1786100470.385282,781,526,mac_trackPad-block-3-trial-7-target-7,543.0,273.0,22.5,False,Pointer Move (Standard mouse)
1786100470.393417,759,503,mac_trackPad-block-3-trial-7-target-7,543.0,273.0,22.5,False,Pointer Move (Standard mouse)
1786100470.4045591,739,482,mac_trackPad-block-3-trial-7-target-7,543.0,273.0,22.5,False,Pointer Move (Standard mouse)
1786100470.409143,723,462,mac_trackPad-block-3-trial-7-target-7,543.0,273.0,22.5,False,Pointer Move (Standard mouse)
1786100470.417689,709,442,mac_trackPad-block-3-trial-7-target-7,543.0,273.0,22.5,False,Pointer Move (Standard mouse)
1786100470.4257832,699,427,mac_trackPad-block-3-trial-7-target-7,543.0,273.0,22.5,False,Pointer Move (Standard mouse)
1786100470.433501,692,415,mac_trackPad-block-3-trial-7-target-7,543.0,273.0,22.5,False,Pointer Move (Standard mouse)
1786100470.4417741,683,399,mac_trackPad-block-3-trial-7-target-7,543.0,273.0,22.5,False,Pointer Move (Standard mouse)
1786100470.45035,681,396,mac_trackPad-block-3-trial-7-target-7,543.0,273.0,22.5,False,Pointer Move (Standard mouse)
1786100470.458039,676,389,mac_trackPad-block-3-trial-7-target-7,543.0,273.0,22.5,False,Pointer Move (Standard mouse)
1786100470.466242,673,382,mac_trackPad-block-3-trial-7-target-7,543.0,273.0,22.5,False,Pointer Move (Standard mouse)
1786100470.4740539,671,377,mac_trackPad-block-3-trial-7-target-7,543.0,273.0,22.5,False,Pointer Move (Standard mouse)
1786100470.482162,668,372,mac_trackPad-block-3-trial-7-target-7,543.0,273.0,22.5,False,Pointer Move (Standard mouse)
1786100470.490263,665,369,mac_trackPad-block-3-trial-7-target-7,543.0,273.0,22.5,False,Pointer Move (Standard mouse)
1786100470.4984791,664,367,mac_trackPad-block-3-trial-7-target-7,543.0,273.0,22.5,False,Pointer Move (Standard mouse)
1786100470.506366,662,363,mac_trackPad-block-3-trial-7-target-7,543.0,273.0,22.5,False,Pointer Move (Standard mouse)
1786100470.514406,660,361,mac_trackPad-block-3-trial-7-target-7,543.0,273.0,22.5,False,Pointer Move (Standard mouse)
1786100470.52247,659,359,mac_trackPad-block-3-trial-7-target-7,543.0,273.0,22.5,False,Pointer Move (Standard mouse)
1786100470.530525,657,356,mac_trackPad-block-3-trial-7-target-7,543.0,273.0,22.5,False,Pointer Move (Standard mouse)
1786100470.538618,655,353,mac_trackPad-block-3-trial-7-target-7,543.0,273.0,22.5,False,Pointer Move (Standard mouse)
1786100470.5467808,653,351,mac_trackPad-block-3-trial-7-target-7,543.0,273.0,22.5,False,Pointer Move (Standard mouse)
1786100470.554788,651,347,mac_trackPad-block-3-trial-7-target-7,543.0,273.0,22.5,False,Pointer Move (Standard mouse)
1786100470.562816,649,345,mac_trackPad-block-3-trial-7-target-7,543.0,273.0,22.5,False,Pointer Move (Standard mouse)
1786100470.57098,647,342,mac_trackPad-block-3-trial-7-target-7,543.0,273.0,22.5,False,Pointer Move (Standard mouse)
1786100470.579131,644,338,mac_trackPad-block-3-trial-7-target-7,543.0,273.0,22.5,False,Pointer Move (Standard mouse)
1786100470.587275,643,336,mac_trackPad-block-3-trial-7-target-7,543.0,273.0,22.5,False,Pointer Move (Standard mouse)
1786100470.595238,640,332,mac_trackPad-block-3-trial-7-target-7,543.0,273.0,22.5,False,Pointer Move (Standard mouse)
1786100470.604152,638,330,mac_trackPad-block-3-trial-7-target-7,543.0,273.0,22.5,False,Pointer Move (Standard mouse)
1786100470.611527,636,328,mac_trackPad-block-3-trial-7-target-7,543.0,273.0,22.5,False,Pointer Move (Standard mouse)
1786100470.6194391,634,325,mac_trackPad-block-3-trial-7-target-7,543.0,273.0,22.5,False,Pointer Move (Standard mouse)
1786100470.6276171,631,323,mac_trackPad-block-3-trial-7-target-7,543.0,273.0,22.5,False,Pointer Move (Standard mouse)
1786100470.636076,629,320,mac_trackPad-block-3-trial-7-target-7,543.0,273.0,22.5,False,Pointer Move (Standard mouse)
1786100470.643838,628,319,mac_trackPad-block-3-trial-7-target-7,543.0,273.0,22.5,False,Pointer Move (Standard mouse)
1786100470.651822,624,316,mac_trackPad-block-3-trial-7-target-7,543.0,273.0,22.5,False,Pointer Move (Standard mouse)
1786100470.6598709,622,315,mac_trackPad-block-3-trial-7-target-7,543.0,273.0,22.5,False,Pointer Move (Standard mouse)
1786100470.668285,618,312,mac_trackPad-block-3-trial-7-target-7,543.0,273.0,22.5,False,Pointer Move (Standard mouse)
1786100470.676258,613,310,mac_trackPad-block-3-trial-7-target-7,543.0,273.0,22.5,False,Pointer Move (Standard mouse)
1786100470.684408,607,307,mac_trackPad-block-3-trial-7-target-7,543.0,273.0,22.5,False,Pointer Move (Standard mouse)
1786100470.692379,600,304,mac_trackPad-block-3-trial-7-target-7,543.0,273.0,22.5,False,Pointer Move (Standard mouse)
1786100470.700421,591,301,mac_trackPad-block-3-trial-7-target-7,543.0,273.0,22.5,False,Pointer Move (Standard mouse)
1786100470.709431,583,299,mac_trackPad-block-3-trial-7-target-7,543.0,273.0,22.5,False,Pointer Move (Standard mouse)
1786100470.716707,579,298,mac_trackPad-block-3-trial-7-target-7,543.0,273.0,22.5,False,Pointer Move (Standard mouse)
1786100470.724685,571,295,mac_trackPad-block-3-trial-7-target-7,543.0,273.0,22.5,False,Pointer Move (Standard mouse)
1786100470.7328699,564,293,mac_trackPad-block-3-trial-7-target-7,543.0,273.0,22.5,False,Pointer Move (Standard mouse)
1786100470.74096,557,291,mac_trackPad-block-3-trial-7-target-7,543.0,273.0,22.5,False,Pointer Move (Standard mouse)
1786100470.749148,551,290,mac_trackPad-block-3-trial-7-target-7,543.0,273.0,22.5,False,Pointer Move (Standard mouse)
1786100470.757099,546,288,mac_trackPad-block-3-trial-7-target-7,543.0,273.0,22.5,False,Pointer Move (Standard mouse)
1786100470.7651021,543,286,mac_trackPad-block-3-trial-7-target-7,543.0,273.0,22.5,False,Pointer Move (Standard mouse)
1786100470.7731142,540,285,mac_trackPad-block-3-trial-7-target-7,543.0,273.0,22.5,False,Pointer Move (Standard mouse)
1786100470.7811441,536,284,mac_trackPad-block-3-trial-7-target-7,543.0,273.0,22.5,False,Pointer Move (Standard mouse)
1786100470.7895072,534,283,mac_trackPad-block-3-trial-7-target-7,543.0,273.0,22.5,False,Pointer Move (Standard mouse)
1786100470.7976341,532,282,mac_trackPad-block-3-trial-7-target-7,543.0,273.0,22.5,False,Pointer Move (Standard mouse)
1786100470.805645,531,281,mac_trackPad-block-3-trial-7-target-7,543.0,273.0,22.5,False,Pointer Move (Standard mouse)
1786100470.813633,530,280,mac_trackPad-block-3-trial-7-target-7,543.0,273.0,22.5,False,Pointer Move (Standard mouse)
1786100470.821731,529,279,mac_trackPad-block-3-trial-7-target-7,543.0,273.0,22.5,False,Pointer Move (Standard mouse)
1786100470.829941,528,279,mac_trackPad-block-3-trial-7-target-7,543.0,273.0,22.5,False,Pointer Move (Standard mouse)
1786100470.837981,528,278,mac_trackPad-block-3-trial-7-target-7,543.0,273.0,22.5,False,Pointer Move (Standard mouse)
1786100470.845981,527,277,mac_trackPad-block-3-trial-7-target-7,543.0,273.0,22.5,False,Pointer Move (Standard mouse)
1786100470.854089,527,277,mac_trackPad-block-3-trial-7-target-7,543.0,273.0,22.5,False,Pointer Move (Standard mouse)
1786100470.8621068,526,276,mac_trackPad-block-3-trial-7-target-7,543.0,273.0,22.5,False,Pointer Move (Standard mouse)
1786100470.870427,526,276,mac_trackPad-block-3-trial-7-target-7,543.0,273.0,22.5,False,Pointer Move (Standard mouse)
1786100470.878463,526,276,mac_trackPad-block-3-trial-7-target-7,543.0,273.0,22.5,False,Pointer Move (Standard mouse)
1786100470.894599,526,275,mac_trackPad-block-3-trial-7-target-7,543.0,273.0,22.5,False,Pointer Move (Standard mouse)
1786100470.902512,526,275,mac_trackPad-block-3-trial-7-target-7,543.0,273.0,22.5,False,Pointer Move (Standard mouse)
1786100471.0078201,526,275,mac_trackPad-block-3-trial-7-target-7,543.0,273.0,22.5,False,Pointer Move (Standard mouse)
1786100471.024171,526,275,mac_trackPad-block-3-trial-7-target-7,543.0,273.0,22.5,False,Pointer Move (Standard mouse)
1786100471.032172,527,275,mac_trackPad-block-3-trial-7-target-7,543.0,273.0,22.5,False,Pointer Move (Standard mouse)
1786100471.048365,527,275,mac_trackPad-block-3-trial-7-target-7,543.0,273.0,22.5,False,Pointer Move (Standard mouse)
1786100471.056384,527,275,mac_trackPad-block-3-trial-7-target-7,543.0,273.0,22.5,False,Pointer Move (Standard mouse)
1786100471.097097,527,275,mac_trackPad-block-3-trial-7-target-7,543.0,273.0,22.5,target_selected,target_selected
1786100471.2828958,528,275,mac_trackPad-block-3-trial-8-target-3,897.0,627.0,22.5,False,Pointer Move (Standard mouse)
1786100471.290866,530,278,mac_trackPad-block-3-trial-8-target-3,897.0,627.0,22.5,False,Pointer Move (Standard mouse)
1786100471.2989178,535,283,mac_trackPad-block-3-trial-8-target-3,897.0,627.0,22.5,False,Pointer Move (Standard mouse)
1786100471.3069792,542,289,mac_trackPad-block-3-trial-8-target-3,897.0,627.0,22.5,False,Pointer Move (Standard mouse)
1786100471.3151329,551,298,mac_trackPad-block-3-trial-8-target-3,897.0,627.0,22.5,False,Pointer Move (Standard mouse)
1786100471.323432,559,306,mac_trackPad-block-3-trial-8-target-3,897.0,627.0,22.5,False,Pointer Move (Standard mouse)
1786100471.331241,567,315,mac_trackPad-block-3-trial-8-target-3,897.0,627.0,22.5,False,Pointer Move (Standard mouse)
1786100471.3392909,574,324,mac_trackPad-block-3-trial-8-target-3,897.0,627.0,22.5,False,Pointer Move (Standard mouse)
1786100471.347469,585,334,mac_trackPad-block-3-trial-8-target-3,897.0,627.0,22.5,False,Pointer Move (Standard mouse)
1786100471.3558452,594,349,mac_trackPad-block-3-trial-8-target-3,897.0,627.0,22.5,False,Pointer Move (Standard mouse)
1786100471.3638,604,360,mac_trackPad-block-3-trial-8-target-3,897.0,627.0,22.5,False,Pointer Move (Standard mouse)
1786100471.3720782,612,372,mac_trackPad-block-3-trial-8-target-3,897.0,627.0,22.5,False,Pointer Move (Standard mouse)
1786100471.379901,623,381,mac_trackPad-block-3-trial-8-target-3,897.0,627.0,22.5,False,Pointer Move (Standard mouse)
1786100471.388006,633,395,mac_trackPad-block-3-trial-8-target-3,897.0,627.0,22.5,False,Pointer Move (Standard mouse)
1786100471.396319,640,404,mac_trackPad-block-3-trial-8-target-3,897.0,627.0,22.5,False,Pointer Move (Standard mouse)
1786100471.404329,650,418,mac_trackPad-block-3-trial-8-target-3,897.0,627.0,22.5,False,Pointer Move (Standard mouse)
1786100471.412267,660,429,mac_trackPad-block-3-trial-8-target-3,897.0,627.0,22.5,False,Pointer Move (Standard mouse)
1786100471.420351,666,436,mac_trackPad-block-3-trial-8-target-3,897.0,627.0,22.5,False,Pointer Move (Standard mouse)
1786100471.428281,673,446,mac_trackPad-block-3-trial-8-target-3,897.0,627.0,22.5,False,Pointer Move (Standard mouse)
1786100471.436547,679,454,mac_trackPad-block-3-trial-8-target-3,897.0,627.0,22.5,False,Pointer Move (Standard mouse)
1786100471.444428,687,462,mac_trackPad-block-3-trial-8-target-3,897.0,627.0,22.5,False,Pointer Move (Standard mouse)
1786100471.452846,694,472,mac_trackPad-block-3-trial-8-target-3,897.0,627.0,22.5,False,Pointer Move (Standard mouse)
1786100471.460552,701,479,mac_trackPad-block-3-trial-8-target-3,897.0,627.0,22.5,False,Pointer Move (Standard mouse)
1786100471.468647,707,487,mac_trackPad-block-3-trial-8-target-3,897.0,627.0,22.5,False,Pointer Move (Standard mouse)
1786100471.477057,714,493,mac_trackPad-block-3-trial-8-target-3,897.0,627.0,22.5,False,Pointer Move (Standard mouse)
1786100471.485497,723,501,mac_trackPad-block-3-trial-8-target-3,897.0,627.0,22.5,False,Pointer Move (Standard mouse)
1786100471.493063,733,511,mac_trackPad-block-3-trial-8-target-3,897.0,627.0,22.5,False,Pointer Move (Standard mouse)
1786100471.501097,743,518,mac_trackPad-block-3-trial-8-target-3,897.0,627.0,22.5,False,Pointer Move (Standard mouse)
1786100471.509145,752,526,mac_trackPad-block-3-trial-8-target-3,897.0,627.0,22.5,False,Pointer Move (Standard mouse)
1786100471.517442,762,535,mac_trackPad-block-3-trial-8-target-3,897.0,627.0,22.5,False,Pointer Move (Standard mouse)
1786100471.525397,771,544,mac_trackPad-block-3-trial-8-target-3,897.0,627.0,22.5,False,Pointer Move (Standard mouse)
1786100471.53335,775,547,mac_trackPad-block-3-trial-8-target-3,897.0,627.0,22.5,False,Pointer Move (Standard mouse)
1786100471.541472,782,554,mac_trackPad-block-3-trial-8-target-3,897.0,627.0,22.5,False,Pointer Move (Standard mouse)
1786100471.549273,788,561,mac_trackPad-block-3-trial-8-target-3,897.0,627.0,22.5,False,Pointer Move (Standard mouse)
1786100471.5595489,796,567,mac_trackPad-block-3-trial-8-target-3,897.0,627.0,22.5,False,Pointer Move (Standard mouse)
1786100471.56562,801,572,mac_trackPad-block-3-trial-8-target-3,897.0,627.0,22.5,False,Pointer Move (Standard mouse)
1786100471.573689,808,578,mac_trackPad-block-3-trial-8-target-3,897.0,627.0,22.5,False,Pointer Move (Standard mouse)
1786100471.5816882,818,587,mac_trackPad-block-3-trial-8-target-3,897.0,627.0,22.5,False,Pointer Move (Standard mouse)
1786100471.589948,822,589,mac_trackPad-block-3-trial-8-target-3,897.0,627.0,22.5,False,Pointer Move (Standard mouse)
1786100471.59839,828,595,mac_trackPad-block-3-trial-8-target-3,897.0,627.0,22.5,False,Pointer Move (Standard mouse)
1786100471.606055,833,600,mac_trackPad-block-3-trial-8-target-3,897.0,627.0,22.5,False,Pointer Move (Standard mouse)
1786100471.613984,839,604,mac_trackPad-block-3-trial-8-target-3,897.0,627.0,22.5,False,Pointer Move (Standard mouse)
1786100471.622032,844,607,mac_trackPad-block-3-trial-8-target-3,897.0,627.0,22.5,False,Pointer Move (Standard mouse)
1786100471.630053,849,611,mac_trackPad-block-3-trial-8-target-3,897.0,627.0,22.5,False,Pointer Move (Standard mouse)
1786100471.638324,853,614,mac_trackPad-block-3-trial-8-target-3,897.0,627.0,22.5,False,Pointer Move (Standard mouse)
1786100471.646328,857,617,mac_trackPad-block-3-trial-8-target-3,897.0,627.0,22.5,False,Pointer Move (Standard mouse)
1786100471.6549928,859,619,mac_trackPad-block-3-trial-8-target-3,897.0,627.0,22.5,False,Pointer Move (Standard mouse)
1786100471.663022,861,621,mac_trackPad-block-3-trial-8-target-3,897.0,627.0,22.5,False,Pointer Move (Standard mouse)
1786100471.670957,862,622,mac_trackPad-block-3-trial-8-target-3,897.0,627.0,22.5,False,Pointer Move (Standard mouse)
1786100471.6791801,864,623,mac_trackPad-block-3-trial-8-target-3,897.0,627.0,22.5,False,Pointer Move (Standard mouse)
1786100471.6871848,865,624,mac_trackPad-block-3-trial-8-target-3,897.0,627.0,22.5,False,Pointer Move (Standard mouse)
1786100471.695144,866,625,mac_trackPad-block-3-trial-8-target-3,897.0,627.0,22.5,False,Pointer Move (Standard mouse)
1786100471.703277,867,626,mac_trackPad-block-3-trial-8-target-3,897.0,627.0,22.5,False,Pointer Move (Standard mouse)
1786100471.7111402,868,626,mac_trackPad-block-3-trial-8-target-3,897.0,627.0,22.5,False,Pointer Move (Standard mouse)
1786100471.7197251,869,627,mac_trackPad-block-3-trial-8-target-3,897.0,627.0,22.5,False,Pointer Move (Standard mouse)
1786100471.727484,870,627,mac_trackPad-block-3-trial-8-target-3,897.0,627.0,22.5,False,Pointer Move (Standard mouse)
1786100471.735456,871,628,mac_trackPad-block-3-trial-8-target-3,897.0,627.0,22.5,False,Pointer Move (Standard mouse)
1786100471.743585,872,628,mac_trackPad-block-3-trial-8-target-3,897.0,627.0,22.5,False,Pointer Move (Standard mouse)
1786100471.751859,873,629,mac_trackPad-block-3-trial-8-target-3,897.0,627.0,22.5,False,Pointer Move (Standard mouse)
1786100471.760194,873,629,mac_trackPad-block-3-trial-8-target-3,897.0,627.0,22.5,False,Pointer Move (Standard mouse)
1786100471.7679732,874,629,mac_trackPad-block-3-trial-8-target-3,897.0,627.0,22.5,False,Pointer Move (Standard mouse)
1786100471.776072,874,630,mac_trackPad-block-3-trial-8-target-3,897.0,627.0,22.5,False,Pointer Move (Standard mouse)
1786100471.7840939,874,630,mac_trackPad-block-3-trial-8-target-3,897.0,627.0,22.5,False,Pointer Move (Standard mouse)
1786100471.792189,875,630,mac_trackPad-block-3-trial-8-target-3,897.0,627.0,22.5,False,Pointer Move (Standard mouse)
1786100471.800341,875,630,mac_trackPad-block-3-trial-8-target-3,897.0,627.0,22.5,False,Pointer Move (Standard mouse)
1786100471.816548,876,630,mac_trackPad-block-3-trial-8-target-3,897.0,627.0,22.5,False,Pointer Move (Standard mouse)
1786100471.848999,876,630,mac_trackPad-block-3-trial-8-target-3,897.0,627.0,22.5,False,Pointer Move (Standard mouse)
1786100471.881516,876,630,mac_trackPad-block-3-trial-8-target-3,897.0,627.0,22.5,False,Pointer Move (Standard mouse)
1786100471.913593,876,630,mac_trackPad-block-3-trial-8-target-3,897.0,627.0,22.5,False,Pointer Move (Standard mouse)
1786100471.946134,877,630,mac_trackPad-block-3-trial-8-target-3,897.0,627.0,22.5,False,Pointer Move (Standard mouse)
1786100471.970433,877,630,mac_trackPad-block-3-trial-8-target-3,897.0,627.0,22.5,False,Pointer Move (Standard mouse)
1786100471.978337,877,630,mac_trackPad-block-3-trial-8-target-3,897.0,627.0,22.5,False,Pointer Move (Standard mouse)
1786100471.994331,878,630,mac_trackPad-block-3-trial-8-target-3,897.0,627.0,22.5,False,Pointer Move (Standard mouse)
1786100472.002524,878,630,mac_trackPad-block-3-trial-8-target-3,897.0,627.0,22.5,False,Pointer Move (Standard mouse)
1786100472.010568,878,630,mac_trackPad-block-3-trial-8-target-3,897.0,627.0,22.5,False,Pointer Move (Standard mouse)
1786100472.018615,879,630,mac_trackPad-block-3-trial-8-target-3,897.0,627.0,22.5,False,Pointer Move (Standard mouse)
1786100472.02656,880,630,mac_trackPad-block-3-trial-8-target-3,897.0,627.0,22.5,False,Pointer Move (Standard mouse)
1786100472.034666,882,630,mac_trackPad-block-3-trial-8-target-3,897.0,627.0,22.5,False,Pointer Move (Standard mouse)
1786100472.043034,884,630,mac_trackPad-block-3-trial-8-target-3,897.0,627.0,22.5,False,Pointer Move (Standard mouse)
1786100472.051114,885,630,mac_trackPad-block-3-trial-8-target-3,897.0,627.0,22.5,False,Pointer Move (Standard mouse)
1786100472.059103,886,630,mac_trackPad-block-3-trial-8-target-3,897.0,627.0,22.5,False,Pointer Move (Standard mouse)
1786100472.06719,887,630,mac_trackPad-block-3-trial-8-target-3,897.0,627.0,22.5,False,Pointer Move (Standard mouse)
1786100472.075225,887,630,mac_trackPad-block-3-trial-8-target-3,897.0,627.0,22.5,False,Pointer Move (Standard mouse)
1786100472.0834072,887,630,mac_trackPad-block-3-trial-8-target-3,897.0,627.0,22.5,False,Pointer Move (Standard mouse)
1786100472.0913222,888,630,mac_trackPad-block-3-trial-8-target-3,897.0,627.0,22.5,False,Pointer Move (Standard mouse)
1786100472.099544,888,630,mac_trackPad-block-3-trial-8-target-3,897.0,627.0,22.5,False,Pointer Move (Standard mouse)
1786100472.1075132,889,630,mac_trackPad-block-3-trial-8-target-3,897.0,627.0,22.5,False,Pointer Move (Standard mouse)
1786100472.163682,889,630,mac_trackPad-block-3-trial-8-target-3,897.0,627.0,22.5,target_selected,target_selected
1786100472.334229,888,630,mac_trackPad-block-3-trial-9-target-7,543.0,273.0,22.5,False,Pointer Move (Standard mouse)
1786100472.34254,881,628,mac_trackPad-block-3-trial-9-target-7,543.0,273.0,22.5,False,Pointer Move (Standard mouse)
1786100472.350525,867,624,mac_trackPad-block-3-trial-9-target-7,543.0,273.0,22.5,False,Pointer Move (Standard mouse)
1786100472.358426,839,614,mac_trackPad-block-3-trial-9-target-7,543.0,273.0,22.5,False,Pointer Move (Standard mouse)
1786100472.366755,805,597,mac_trackPad-block-3-trial-9-target-7,543.0,273.0,22.5,False,Pointer Move (Standard mouse)
1786100472.3747861,728,556,mac_trackPad-block-3-trial-9-target-7,543.0,273.0,22.5,False,Pointer Move (Standard mouse)
1786100472.382774,667,519,mac_trackPad-block-3-trial-9-target-7,543.0,273.0,22.5,False,Pointer Move (Standard mouse)
1786100472.39091,644,504,mac_trackPad-block-3-trial-9-target-7,543.0,273.0,22.5,False,Pointer Move (Standard mouse)
1786100472.39888,583,464,mac_trackPad-block-3-trial-9-target-7,543.0,273.0,22.5,False,Pointer Move (Standard mouse)
1786100472.4070668,532,422,mac_trackPad-block-3-trial-9-target-7,543.0,273.0,22.5,False,Pointer Move (Standard mouse)
1786100472.415002,494,385,mac_trackPad-block-3-trial-9-target-7,543.0,273.0,22.5,False,Pointer Move (Standard mouse)
1786100472.423062,481,373,mac_trackPad-block-3-trial-9-target-7,543.0,273.0,22.5,False,Pointer Move (Standard mouse)
1786100472.430976,454,346,mac_trackPad-block-3-trial-9-target-7,543.0,273.0,22.5,False,Pointer Move (Standard mouse)
1786100472.439029,431,321,mac_trackPad-block-3-trial-9-target-7,543.0,273.0,22.5,False,Pointer Move (Standard mouse)
1786100472.4472551,428,316,mac_trackPad-block-3-trial-9-target-7,543.0,273.0,22.5,False,Pointer Move (Standard mouse)
1786100472.455192,417,305,mac_trackPad-block-3-trial-9-target-7,543.0,273.0,22.5,False,Pointer Move (Standard mouse)
1786100472.463274,410,295,mac_trackPad-block-3-trial-9-target-7,543.0,273.0,22.5,False,Pointer Move (Standard mouse)
1786100472.471821,406,290,mac_trackPad-block-3-trial-9-target-7,543.0,273.0,22.5,False,Pointer Move (Standard mouse)
1786100472.479462,405,288,mac_trackPad-block-3-trial-9-target-7,543.0,273.0,22.5,False,Pointer Move (Standard mouse)
1786100472.487825,403,285,mac_trackPad-block-3-trial-9-target-7,543.0,273.0,22.5,False,Pointer Move (Standard mouse)
1786100472.495714,402,284,mac_trackPad-block-3-trial-9-target-7,543.0,273.0,22.5,False,Pointer Move (Standard mouse)
1786100472.50377,402,284,mac_trackPad-block-3-trial-9-target-7,543.0,273.0,22.5,False,Pointer Move (Standard mouse)
1786100472.519972,402,284,mac_trackPad-block-3-trial-9-target-7,543.0,273.0,22.5,False,Pointer Move (Standard mouse)
1786100472.536227,402,283,mac_trackPad-block-3-trial-9-target-7,543.0,273.0,22.5,False,Pointer Move (Standard mouse)
1786100472.5522938,402,281,mac_trackPad-block-3-trial-9-target-7,543.0,273.0,22.5,False,Pointer Move (Standard mouse)
1786100472.56043,402,280,mac_trackPad-block-3-trial-9-target-7,543.0,273.0,22.5,False,Pointer Move (Standard mouse)
1786100472.5687099,402,278,mac_trackPad-block-3-trial-9-target-7,543.0,273.0,22.5,False,Pointer Move (Standard mouse)
1786100472.5765069,402,277,mac_trackPad-block-3-trial-9-target-7,543.0,273.0,22.5,False,Pointer Move (Standard mouse)
1786100472.584651,402,275,mac_trackPad-block-3-trial-9-target-7,543.0,273.0,22.5,False,Pointer Move (Standard mouse)
1786100472.59336,402,272,mac_trackPad-block-3-trial-9-target-7,543.0,273.0,22.5,False,Pointer Move (Standard mouse)
1786100472.6006742,402,270,mac_trackPad-block-3-trial-9-target-7,543.0,273.0,22.5,False,Pointer Move (Standard mouse)
1786100472.609043,404,268,mac_trackPad-block-3-trial-9-target-7,543.0,273.0,22.5,False,Pointer Move (Standard mouse)
1786100472.6172218,405,265,mac_trackPad-block-3-trial-9-target-7,543.0,273.0,22.5,False,Pointer Move (Standard mouse)
1786100472.625341,407,262,mac_trackPad-block-3-trial-9-target-7,543.0,273.0,22.5,False,Pointer Move (Standard mouse)
1786100472.633323,409,259,mac_trackPad-block-3-trial-9-target-7,543.0,273.0,22.5,False,Pointer Move (Standard mouse)
1786100472.6413388,413,256,mac_trackPad-block-3-trial-9-target-7,543.0,273.0,22.5,False,Pointer Move (Standard mouse)
1786100472.649496,417,253,mac_trackPad-block-3-trial-9-target-7,543.0,273.0,22.5,False,Pointer Move (Standard mouse)
1786100472.658717,420,252,mac_trackPad-block-3-trial-9-target-7,543.0,273.0,22.5,False,Pointer Move (Standard mouse)
1786100472.6656268,429,248,mac_trackPad-block-3-trial-9-target-7,543.0,273.0,22.5,False,Pointer Move (Standard mouse)
1786100472.6736488,435,247,mac_trackPad-block-3-trial-9-target-7,543.0,273.0,22.5,False,Pointer Move (Standard mouse)
1786100472.6817741,439,246,mac_trackPad-block-3-trial-9-target-7,543.0,273.0,22.5,False,Pointer Move (Standard mouse)
1786100472.6899111,447,245,mac_trackPad-block-3-trial-9-target-7,543.0,273.0,22.5,False,Pointer Move (Standard mouse)
1786100472.697887,459,245,mac_trackPad-block-3-trial-9-target-7,543.0,273.0,22.5,False,Pointer Move (Standard mouse)
1786100472.706029,467,245,mac_trackPad-block-3-trial-9-target-7,543.0,273.0,22.5,False,Pointer Move (Standard mouse)
1786100472.713911,479,245,mac_trackPad-block-3-trial-9-target-7,543.0,273.0,22.5,False,Pointer Move (Standard mouse)
1786100472.722346,490,245,mac_trackPad-block-3-trial-9-target-7,543.0,273.0,22.5,False,Pointer Move (Standard mouse)
1786100472.7303529,498,245,mac_trackPad-block-3-trial-9-target-7,543.0,273.0,22.5,False,Pointer Move (Standard mouse)
1786100472.738762,510,245,mac_trackPad-block-3-trial-9-target-7,543.0,273.0,22.5,False,Pointer Move (Standard mouse)
1786100472.746399,514,245,mac_trackPad-block-3-trial-9-target-7,543.0,273.0,22.5,False,Pointer Move (Standard mouse)
1786100472.75439,523,245,mac_trackPad-block-3-trial-9-target-7,543.0,273.0,22.5,False,Pointer Move (Standard mouse)
1786100472.762832,530,246,mac_trackPad-block-3-trial-9-target-7,543.0,273.0,22.5,False,Pointer Move (Standard mouse)
1786100472.771039,535,247,mac_trackPad-block-3-trial-9-target-7,543.0,273.0,22.5,False,Pointer Move (Standard mouse)
1786100472.778831,539,249,mac_trackPad-block-3-trial-9-target-7,543.0,273.0,22.5,False,Pointer Move (Standard mouse)
1786100472.787103,543,250,mac_trackPad-block-3-trial-9-target-7,543.0,273.0,22.5,False,Pointer Move (Standard mouse)
1786100472.794875,545,251,mac_trackPad-block-3-trial-9-target-7,543.0,273.0,22.5,False,Pointer Move (Standard mouse)
1786100472.8028522,546,251,mac_trackPad-block-3-trial-9-target-7,543.0,273.0,22.5,False,Pointer Move (Standard mouse)
1786100472.811192,547,252,mac_trackPad-block-3-trial-9-target-7,543.0,273.0,22.5,False,Pointer Move (Standard mouse)
1786100472.819308,547,252,mac_trackPad-block-3-trial-9-target-7,543.0,273.0,22.5,False,Pointer Move (Standard mouse)
1786100472.82707,548,253,mac_trackPad-block-3-trial-9-target-7,543.0,273.0,22.5,False,Pointer Move (Standard mouse)
1786100472.835319,548,253,mac_trackPad-block-3-trial-9-target-7,543.0,273.0,22.5,False,Pointer Move (Standard mouse)
1786100472.843482,548,253,mac_trackPad-block-3-trial-9-target-7,543.0,273.0,22.5,False,Pointer Move (Standard mouse)
1786100472.851746,548,254,mac_trackPad-block-3-trial-9-target-7,543.0,273.0,22.5,False,Pointer Move (Standard mouse)
1786100472.875977,548,254,mac_trackPad-block-3-trial-9-target-7,543.0,273.0,22.5,False,Pointer Move (Standard mouse)
1786100472.8920882,548,254,mac_trackPad-block-3-trial-9-target-7,543.0,273.0,22.5,False,Pointer Move (Standard mouse)
1786100472.908343,548,255,mac_trackPad-block-3-trial-9-target-7,543.0,273.0,22.5,False,Pointer Move (Standard mouse)
1786100472.924382,548,255,mac_trackPad-block-3-trial-9-target-7,543.0,273.0,22.5,False,Pointer Move (Standard mouse)
1786100472.9327319,548,255,mac_trackPad-block-3-trial-9-target-7,543.0,273.0,22.5,False,Pointer Move (Standard mouse)
1786100472.949077,548,256,mac_trackPad-block-3-trial-9-target-7,543.0,273.0,22.5,False,Pointer Move (Standard mouse)
1786100472.9570298,548,256,mac_trackPad-block-3-trial-9-target-7,543.0,273.0,22.5,False,Pointer Move (Standard mouse)
1786100472.964728,548,257,mac_trackPad-block-3-trial-9-target-7,543.0,273.0,22.5,False,Pointer Move (Standard mouse)
1786100472.9729211,548,257,mac_trackPad-block-3-trial-9-target-7,543.0,273.0,22.5,False,Pointer Move (Standard mouse)
1786100472.981056,548,257,mac_trackPad-block-3-trial-9-target-7,543.0,273.0,22.5,False,Pointer Move (Standard mouse)
1786100472.988999,548,258,mac_trackPad-block-3-trial-9-target-7,543.0,273.0,22.5,False,Pointer Move (Standard mouse)
1786100472.9974852,548,258,mac_trackPad-block-3-trial-9-target-7,543.0,273.0,22.5,False,Pointer Move (Standard mouse)
1786100473.00524,548,258,mac_trackPad-block-3-trial-9-target-7,543.0,273.0,22.5,False,Pointer Move (Standard mouse)
1786100473.01343,548,259,mac_trackPad-block-3-trial-9-target-7,543.0,273.0,22.5,False,Pointer Move (Standard mouse)
1786100473.0216231,547,261,mac_trackPad-block-3-trial-9-target-7,543.0,273.0,22.5,False,Pointer Move (Standard mouse)
1786100473.046422,547,261,mac_trackPad-block-3-trial-9-target-7,543.0,273.0,22.5,target_selected,target_selected
1786100473.066827,547,261,mac_trackPad-block-3-trial-10-target-3,897.0,627.0,22.5,False,Pointer Move (Standard mouse)
1786100473.231796,547,261,mac_trackPad-block-3-trial-10-target-3,897.0,627.0,22.5,False,Pointer Move (Standard mouse)
1786100473.2399092,549,265,mac_trackPad-block-3-trial-10-target-3,897.0,627.0,22.5,False,Pointer Move (Standard mouse)
1786100473.247864,553,270,mac_trackPad-block-3-trial-10-target-3,897.0,627.0,22.5,False,Pointer Move (Standard mouse)
1786100473.256253,559,278,mac_trackPad-block-3-trial-10-target-3,897.0,627.0,22.5,False,Pointer Move (Standard mouse)
1786100473.264151,565,285,mac_trackPad-block-3-trial-10-target-3,897.0,627.0,22.5,False,Pointer Move (Standard mouse)
1786100473.272474,573,298,mac_trackPad-block-3-trial-10-target-3,897.0,627.0,22.5,False,Pointer Move (Standard mouse)
1786100473.280407,583,311,mac_trackPad-block-3-trial-10-target-3,897.0,627.0,22.5,False,Pointer Move (Standard mouse)
1786100473.288403,594,325,mac_trackPad-block-3-trial-10-target-3,897.0,627.0,22.5,False,Pointer Move (Standard mouse)
1786100473.296434,603,335,mac_trackPad-block-3-trial-10-target-3,897.0,627.0,22.5,False,Pointer Move (Standard mouse)
1786100473.304754,613,349,mac_trackPad-block-3-trial-10-target-3,897.0,627.0,22.5,False,Pointer Move (Standard mouse)
1786100473.3125792,628,364,mac_trackPad-block-3-trial-10-target-3,897.0,627.0,22.5,False,Pointer Move (Standard mouse)
1786100473.320684,637,375,mac_trackPad-block-3-trial-10-target-3,897.0,627.0,22.5,False,Pointer Move (Standard mouse)
1786100473.328809,652,389,mac_trackPad-block-3-trial-10-target-3,897.0,627.0,22.5,False,Pointer Move (Standard mouse)
1786100473.33743,665,399,mac_trackPad-block-3-trial-10-target-3,897.0,627.0,22.5,False,Pointer Move (Standard mouse)
1786100473.3449879,676,410,mac_trackPad-block-3-trial-10-target-3,897.0,627.0,22.5,False,Pointer Move (Standard mouse)
1786100473.353227,687,419,mac_trackPad-block-3-trial-10-target-3,897.0,627.0,22.5,False,Pointer Move (Standard mouse)
1786100473.3616068,698,429,mac_trackPad-block-3-trial-10-target-3,897.0,627.0,22.5,False,Pointer Move (Standard mouse)
1786100473.36942,708,438,mac_trackPad-block-3-trial-10-target-3,897.0,627.0,22.5,False,Pointer Move (Standard mouse)
1786100473.377373,712,441,mac_trackPad-block-3-trial-10-target-3,897.0,627.0,22.5,False,Pointer Move (Standard mouse)
1786100473.385566,726,453,mac_trackPad-block-3-trial-10-target-3,897.0,627.0,22.5,False,Pointer Move (Standard mouse)
1786100473.393551,733,459,mac_trackPad-block-3-trial-10-target-3,897.0,627.0,22.5,False,Pointer Move (Standard mouse)
1786100473.40139,736,461,mac_trackPad-block-3-trial-10-target-3,897.0,627.0,22.5,False,Pointer Move (Standard mouse)
1786100473.409546,749,472,mac_trackPad-block-3-trial-10-target-3,897.0,627.0,22.5,False,Pointer Move (Standard mouse)
1786100473.417682,752,475,mac_trackPad-block-3-trial-10-target-3,897.0,627.0,22.5,False,Pointer Move (Standard mouse)
1786100473.425857,760,480,mac_trackPad-block-3-trial-10-target-3,897.0,627.0,22.5,False,Pointer Move (Standard mouse)
1786100473.433988,763,484,mac_trackPad-block-3-trial-10-target-3,897.0,627.0,22.5,False,Pointer Move (Standard mouse)
1786100473.443362,770,490,mac_trackPad-block-3-trial-10-target-3,897.0,627.0,22.5,False,Pointer Move (Standard mouse)
1786100473.450302,774,493,mac_trackPad-block-3-trial-10-target-3,897.0,627.0,22.5,False,Pointer Move (Standard mouse)
1786100473.458436,777,496,mac_trackPad-block-3-trial-10-target-3,897.0,627.0,22.5,False,Pointer Move (Standard mouse)
1786100473.46648,780,499,mac_trackPad-block-3-trial-10-target-3,897.0,627.0,22.5,False,Pointer Move (Standard mouse)
1786100473.4745338,782,501,mac_trackPad-block-3-trial-10-target-3,897.0,627.0,22.5,False,Pointer Move (Standard mouse)
1786100473.4824471,784,503,mac_trackPad-block-3-trial-10-target-3,897.0,627.0,22.5,False,Pointer Move (Standard mouse)
1786100473.490541,785,504,mac_trackPad-block-3-trial-10-target-3,897.0,627.0,22.5,False,Pointer Move (Standard mouse)
1786100473.498674,786,506,mac_trackPad-block-3-trial-10-target-3,897.0,627.0,22.5,False,Pointer Move (Standard mouse)
1786100473.506825,786,506,mac_trackPad-block-3-trial-10-target-3,897.0,627.0,22.5,False,Pointer Move (Standard mouse)
1786100473.52228,787,507,mac_trackPad-block-3-trial-10-target-3,897.0,627.0,22.5,False,Pointer Move (Standard mouse)
1786100473.5227141,788,508,mac_trackPad-block-3-trial-10-target-3,897.0,627.0,22.5,False,Pointer Move (Standard mouse)
1786100473.530858,788,508,mac_trackPad-block-3-trial-10-target-3,897.0,627.0,22.5,False,Pointer Move (Standard mouse)
1786100473.539083,789,509,mac_trackPad-block-3-trial-10-target-3,897.0,627.0,22.5,False,Pointer Move (Standard mouse)
1786100473.547074,789,511,mac_trackPad-block-3-trial-10-target-3,897.0,627.0,22.5,False,Pointer Move (Standard mouse)
1786100473.555137,790,512,mac_trackPad-block-3-trial-10-target-3,897.0,627.0,22.5,False,Pointer Move (Standard mouse)
1786100473.5632079,791,513,mac_trackPad-block-3-trial-10-target-3,897.0,627.0,22.5,False,Pointer Move (Standard mouse)
1786100473.571508,792,514,mac_trackPad-block-3-trial-10-target-3,897.0,627.0,22.5,False,Pointer Move (Standard mouse)
1786100473.579467,792,515,mac_trackPad-block-3-trial-10-target-3,897.0,627.0,22.5,False,Pointer Move (Standard mouse)
1786100473.587598,793,515,mac_trackPad-block-3-trial-10-target-3,897.0,627.0,22.5,False,Pointer Move (Standard mouse)
1786100473.595715,794,517,mac_trackPad-block-3-trial-10-target-3,897.0,627.0,22.5,False,Pointer Move (Standard mouse)
1786100473.6037061,795,518,mac_trackPad-block-3-trial-10-target-3,897.0,627.0,22.5,False,Pointer Move (Standard mouse)
1786100473.611944,796,519,mac_trackPad-block-3-trial-10-target-3,897.0,627.0,22.5,False,Pointer Move (Standard mouse)
1786100473.620049,798,521,mac_trackPad-block-3-trial-10-target-3,897.0,627.0,22.5,False,Pointer Move (Standard mouse)
1786100473.627977,799,523,mac_trackPad-block-3-trial-10-target-3,897.0,627.0,22.5,False,Pointer Move (Standard mouse)
1786100473.6360729,802,528,mac_trackPad-block-3-trial-10-target-3,897.0,627.0,22.5,False,Pointer Move (Standard mouse)
1786100473.644075,803,531,mac_trackPad-block-3-trial-10-target-3,897.0,627.0,22.5,False,Pointer Move (Standard mouse)
1786100473.652141,808,539,mac_trackPad-block-3-trial-10-target-3,897.0,627.0,22.5,False,Pointer Move (Standard mouse)
1786100473.660495,811,543,mac_trackPad-block-3-trial-10-target-3,897.0,627.0,22.5,False,Pointer Move (Standard mouse)
1786100473.668473,818,553,mac_trackPad-block-3-trial-10-target-3,897.0,627.0,22.5,False,Pointer Move (Standard mouse)
1786100473.6764438,820,556,mac_trackPad-block-3-trial-10-target-3,897.0,627.0,22.5,False,Pointer Move (Standard mouse)
1786100473.6846132,824,561,mac_trackPad-block-3-trial-10-target-3,897.0,627.0,22.5,False,Pointer Move (Standard mouse)
1786100473.692698,828,568,mac_trackPad-block-3-trial-10-target-3,897.0,627.0,22.5,False,Pointer Move (Standard mouse)
1786100473.7007732,832,573,mac_trackPad-block-3-trial-10-target-3,897.0,627.0,22.5,False,Pointer Move (Standard mouse)
1786100473.708781,837,581,mac_trackPad-block-3-trial-10-target-3,897.0,627.0,22.5,False,Pointer Move (Standard mouse)
1786100473.7169018,840,586,mac_trackPad-block-3-trial-10-target-3,897.0,627.0,22.5,False,Pointer Move (Standard mouse)
1786100473.72491,844,590,mac_trackPad-block-3-trial-10-target-3,897.0,627.0,22.5,False,Pointer Move (Standard mouse)
1786100473.733063,848,595,mac_trackPad-block-3-trial-10-target-3,897.0,627.0,22.5,False,Pointer Move (Standard mouse)
1786100473.741077,852,599,mac_trackPad-block-3-trial-10-target-3,897.0,627.0,22.5,False,Pointer Move (Standard mouse)
1786100473.749202,856,604,mac_trackPad-block-3-trial-10-target-3,897.0,627.0,22.5,False,Pointer Move (Standard mouse)
1786100473.7571561,859,608,mac_trackPad-block-3-trial-10-target-3,897.0,627.0,22.5,False,Pointer Move (Standard mouse)
1786100473.7651598,863,611,mac_trackPad-block-3-trial-10-target-3,897.0,627.0,22.5,False,Pointer Move (Standard mouse)
1786100473.77355,866,615,mac_trackPad-block-3-trial-10-target-3,897.0,627.0,22.5,False,Pointer Move (Standard mouse)
1786100473.781676,868,617,mac_trackPad-block-3-trial-10-target-3,897.0,627.0,22.5,False,Pointer Move (Standard mouse)
1786100473.7897952,870,619,mac_trackPad-block-3-trial-10-target-3,897.0,627.0,22.5,False,Pointer Move (Standard mouse)
1786100473.79767,871,620,mac_trackPad-block-3-trial-10-target-3,897.0,627.0,22.5,False,Pointer Move (Standard mouse)
1786100473.805812,873,621,mac_trackPad-block-3-trial-10-target-3,897.0,627.0,22.5,False,Pointer Move (Standard mouse)
1786100473.813815,874,622,mac_trackPad-block-3-trial-10-target-3,897.0,627.0,22.5,False,Pointer Move (Standard mouse)
1786100473.822071,875,623,mac_trackPad-block-3-trial-10-target-3,897.0,627.0,22.5,False,Pointer Move (Standard mouse)
1786100473.830135,875,623,mac_trackPad-block-3-trial-10-target-3,897.0,627.0,22.5,False,Pointer Move (Standard mouse)
1786100473.8381162,876,624,mac_trackPad-block-3-trial-10-target-3,897.0,627.0,22.5,False,Pointer Move (Standard mouse)
1786100473.846273,876,624,mac_trackPad-block-3-trial-10-target-3,897.0,627.0,22.5,False,Pointer Move (Standard mouse)
1786100473.85425,877,625,mac_trackPad-block-3-trial-10-target-3,897.0,627.0,22.5,False,Pointer Move (Standard mouse)
1786100473.862703,877,625,mac_trackPad-block-3-trial-10-target-3,897.0,627.0,22.5,False,Pointer Move (Standard mouse)
1786100473.870945,878,625,mac_trackPad-block-3-trial-10-target-3,897.0,627.0,22.5,False,Pointer Move (Standard mouse)
1786100473.878536,878,625,mac_trackPad-block-3-trial-10-target-3,897.0,627.0,22.5,False,Pointer Move (Standard mouse)
1786100473.886733,878,626,mac_trackPad-block-3-trial-10-target-3,897.0,627.0,22.5,False,Pointer Move (Standard mouse)
1786100473.894641,878,626,mac_trackPad-block-3-trial-10-target-3,897.0,627.0,22.5,False,Pointer Move (Standard mouse)
1786100473.911076,879,626,mac_trackPad-block-3-trial-10-target-3,897.0,627.0,22.5,False,Pointer Move (Standard mouse)
1786100473.935286,879,626,mac_trackPad-block-3-trial-10-target-3,897.0,627.0,22.5,False,Pointer Move (Standard mouse)
1786100473.951589,879,626,mac_trackPad-block-3-trial-10-target-3,897.0,627.0,22.5,False,Pointer Move (Standard mouse)
1786100473.975735,880,626,mac_trackPad-block-3-trial-10-target-3,897.0,627.0,22.5,False,Pointer Move (Standard mouse)
1786100474.0000389,880,626,mac_trackPad-block-3-trial-10-target-3,897.0,627.0,22.5,False,Pointer Move (Standard mouse)
1786100474.032501,880,626,mac_trackPad-block-3-trial-10-target-3,897.0,627.0,22.5,False,Pointer Move (Standard mouse)
1786100474.064765,880,626,mac_trackPad-block-3-trial-10-target-3,897.0,627.0,22.5,False,Pointer Move (Standard mouse)
1786100474.089016,881,626,mac_trackPad-block-3-trial-10-target-3,897.0,627.0,22.5,False,Pointer Move (Standard mouse)
1786100474.121474,881,626,mac_trackPad-block-3-trial-10-target-3,897.0,627.0,22.5,False,Pointer Move (Standard mouse)
1786100474.1374578,881,626,mac_trackPad-block-3-trial-10-target-3,897.0,627.0,22.5,False,Pointer Move (Standard mouse)
1786100474.161828,882,626,mac_trackPad-block-3-trial-10-target-3,897.0,627.0,22.5,False,Pointer Move (Standard mouse)
1786100474.177823,882,626,mac_trackPad-block-3-trial-10-target-3,897.0,627.0,22.5,False,Pointer Move (Standard mouse)
1786100474.19412,882,626,mac_trackPad-block-3-trial-10-target-3,897.0,627.0,22.5,False,Pointer Move (Standard mouse)
1786100474.229886,882,626,mac_trackPad-block-3-trial-10-target-3,897.0,627.0,22.5,target_selected,target_selected
1786100474.257164,882,626,mac_trackPad-block-3-trial-11-target-7,543.0,273.0,22.5,False,Pointer Move (Standard mouse)
1786100474.744294,882,625,mac_trackPad-block-3-trial-11-target-7,543.0,273.0,22.5,False,Pointer Move (Standard mouse)
1786100474.7523499,880,616,mac_trackPad-block-3-trial-11-target-7,543.0,273.0,22.5,False,Pointer Move (Standard mouse)
1786100474.76041,874,603,mac_trackPad-block-3-trial-11-target-7,543.0,273.0,22.5,False,Pointer Move (Standard mouse)
1786100474.76819,865,587,mac_trackPad-block-3-trial-11-target-7,543.0,273.0,22.5,False,Pointer Move (Standard mouse)
1786100474.776428,851,558,mac_trackPad-block-3-trial-11-target-7,543.0,273.0,22.5,False,Pointer Move (Standard mouse)
1786100474.784526,843,542,mac_trackPad-block-3-trial-11-target-7,543.0,273.0,22.5,False,Pointer Move (Standard mouse)
1786100474.792449,827,513,mac_trackPad-block-3-trial-11-target-7,543.0,273.0,22.5,False,Pointer Move (Standard mouse)
1786100474.80075,811,483,mac_trackPad-block-3-trial-11-target-7,543.0,273.0,22.5,False,Pointer Move (Standard mouse)
1786100474.808727,795,453,mac_trackPad-block-3-trial-11-target-7,543.0,273.0,22.5,False,Pointer Move (Standard mouse)
1786100474.816841,780,427,mac_trackPad-block-3-trial-11-target-7,543.0,273.0,22.5,False,Pointer Move (Standard mouse)
1786100474.825187,765,404,mac_trackPad-block-3-trial-11-target-7,543.0,273.0,22.5,False,Pointer Move (Standard mouse)
1786100474.8331468,751,384,mac_trackPad-block-3-trial-11-target-7,543.0,273.0,22.5,False,Pointer Move (Standard mouse)
1786100474.841274,737,364,mac_trackPad-block-3-trial-11-target-7,543.0,273.0,22.5,False,Pointer Move (Standard mouse)
1786100474.849057,726,346,mac_trackPad-block-3-trial-11-target-7,543.0,273.0,22.5,False,Pointer Move (Standard mouse)
1786100474.857302,713,329,mac_trackPad-block-3-trial-11-target-7,543.0,273.0,22.5,False,Pointer Move (Standard mouse)
1786100474.865383,703,314,mac_trackPad-block-3-trial-11-target-7,543.0,273.0,22.5,False,Pointer Move (Standard mouse)
1786100474.873931,694,299,mac_trackPad-block-3-trial-11-target-7,543.0,273.0,22.5,False,Pointer Move (Standard mouse)
1786100474.881919,684,285,mac_trackPad-block-3-trial-11-target-7,543.0,273.0,22.5,False,Pointer Move (Standard mouse)
1786100474.8899589,674,271,mac_trackPad-block-3-trial-11-target-7,543.0,273.0,22.5,False,Pointer Move (Standard mouse)
1786100474.897779,665,261,mac_trackPad-block-3-trial-11-target-7,543.0,273.0,22.5,False,Pointer Move (Standard mouse)
1786100474.906191,656,250,mac_trackPad-block-3-trial-11-target-7,543.0,273.0,22.5,False,Pointer Move (Standard mouse)
1786100474.9139671,653,246,mac_trackPad-block-3-trial-11-target-7,543.0,273.0,22.5,False,Pointer Move (Standard mouse)
1786100474.922365,645,240,mac_trackPad-block-3-trial-11-target-7,543.0,273.0,22.5,False,Pointer Move (Standard mouse)
1786100474.930175,639,234,mac_trackPad-block-3-trial-11-target-7,543.0,273.0,22.5,False,Pointer Move (Standard mouse)
1786100474.938336,633,229,mac_trackPad-block-3-trial-11-target-7,543.0,273.0,22.5,False,Pointer Move (Standard mouse)
1786100474.946275,630,225,mac_trackPad-block-3-trial-11-target-7,543.0,273.0,22.5,False,Pointer Move (Standard mouse)
1786100474.9546251,626,222,mac_trackPad-block-3-trial-11-target-7,543.0,273.0,22.5,False,Pointer Move (Standard mouse)
1786100474.962674,623,220,mac_trackPad-block-3-trial-11-target-7,543.0,273.0,22.5,False,Pointer Move (Standard mouse)
1786100474.970556,621,219,mac_trackPad-block-3-trial-11-target-7,543.0,273.0,22.5,False,Pointer Move (Standard mouse)
1786100474.979011,619,217,mac_trackPad-block-3-trial-11-target-7,543.0,273.0,22.5,False,Pointer Move (Standard mouse)
1786100474.987075,617,217,mac_trackPad-block-3-trial-11-target-7,543.0,273.0,22.5,False,Pointer Move (Standard mouse)
1786100474.994526,615,216,mac_trackPad-block-3-trial-11-target-7,543.0,273.0,22.5,False,Pointer Move (Standard mouse)
1786100475.0028641,613,215,mac_trackPad-block-3-trial-11-target-7,543.0,273.0,22.5,False,Pointer Move (Standard mouse)
1786100475.010745,611,215,mac_trackPad-block-3-trial-11-target-7,543.0,273.0,22.5,False,Pointer Move (Standard mouse)
1786100475.018754,608,215,mac_trackPad-block-3-trial-11-target-7,543.0,273.0,22.5,False,Pointer Move (Standard mouse)
1786100475.026866,605,215,mac_trackPad-block-3-trial-11-target-7,543.0,273.0,22.5,False,Pointer Move (Standard mouse)
1786100475.034919,602,214,mac_trackPad-block-3-trial-11-target-7,543.0,273.0,22.5,False,Pointer Move (Standard mouse)
1786100475.043463,598,214,mac_trackPad-block-3-trial-11-target-7,543.0,273.0,22.5,False,Pointer Move (Standard mouse)
1786100475.051359,593,214,mac_trackPad-block-3-trial-11-target-7,543.0,273.0,22.5,False,Pointer Move (Standard mouse)
1786100475.0595672,590,214,mac_trackPad-block-3-trial-11-target-7,543.0,273.0,22.5,False,Pointer Move (Standard mouse)
1786100475.0678248,585,214,mac_trackPad-block-3-trial-11-target-7,543.0,273.0,22.5,False,Pointer Move (Standard mouse)
1786100475.0758111,581,214,mac_trackPad-block-3-trial-11-target-7,543.0,273.0,22.5,False,Pointer Move (Standard mouse)
1786100475.083947,577,214,mac_trackPad-block-3-trial-11-target-7,543.0,273.0,22.5,False,Pointer Move (Standard mouse)
1786100475.09202,573,215,mac_trackPad-block-3-trial-11-target-7,543.0,273.0,22.5,False,Pointer Move (Standard mouse)
1786100475.1000488,569,216,mac_trackPad-block-3-trial-11-target-7,543.0,273.0,22.5,False,Pointer Move (Standard mouse)
1786100475.1082602,567,218,mac_trackPad-block-3-trial-11-target-7,543.0,273.0,22.5,False,Pointer Move (Standard mouse)
1786100475.116052,564,221,mac_trackPad-block-3-trial-11-target-7,543.0,273.0,22.5,False,Pointer Move (Standard mouse)
1786100475.124397,562,222,mac_trackPad-block-3-trial-11-target-7,543.0,273.0,22.5,False,Pointer Move (Standard mouse)
1786100475.132521,559,224,mac_trackPad-block-3-trial-11-target-7,543.0,273.0,22.5,False,Pointer Move (Standard mouse)
1786100475.1404932,557,227,mac_trackPad-block-3-trial-11-target-7,543.0,273.0,22.5,False,Pointer Move (Standard mouse)
1786100475.148458,555,229,mac_trackPad-block-3-trial-11-target-7,543.0,273.0,22.5,False,Pointer Move (Standard mouse)
1786100475.156536,554,231,mac_trackPad-block-3-trial-11-target-7,543.0,273.0,22.5,False,Pointer Move (Standard mouse)
1786100475.164844,553,233,mac_trackPad-block-3-trial-11-target-7,543.0,273.0,22.5,False,Pointer Move (Standard mouse)
1786100475.172695,552,236,mac_trackPad-block-3-trial-11-target-7,543.0,273.0,22.5,False,Pointer Move (Standard mouse)
1786100475.1807392,552,239,mac_trackPad-block-3-trial-11-target-7,543.0,273.0,22.5,False,Pointer Move (Standard mouse)
1786100475.18884,551,241,mac_trackPad-block-3-trial-11-target-7,543.0,273.0,22.5,False,Pointer Move (Standard mouse)
1786100475.197133,550,245,mac_trackPad-block-3-trial-11-target-7,543.0,273.0,22.5,False,Pointer Move (Standard mouse)
1786100475.205337,549,247,mac_trackPad-block-3-trial-11-target-7,543.0,273.0,22.5,False,Pointer Move (Standard mouse)
1786100475.213253,549,249,mac_trackPad-block-3-trial-11-target-7,543.0,273.0,22.5,False,Pointer Move (Standard mouse)
1786100475.221438,549,250,mac_trackPad-block-3-trial-11-target-7,543.0,273.0,22.5,False,Pointer Move (Standard mouse)
1786100475.2295198,549,251,mac_trackPad-block-3-trial-11-target-7,543.0,273.0,22.5,False,Pointer Move (Standard mouse)
1786100475.237567,549,251,mac_trackPad-block-3-trial-11-target-7,543.0,273.0,22.5,False,Pointer Move (Standard mouse)
1786100475.2456598,549,251,mac_trackPad-block-3-trial-11-target-7,543.0,273.0,22.5,False,Pointer Move (Standard mouse)
1786100475.253699,549,252,mac_trackPad-block-3-trial-11-target-7,543.0,273.0,22.5,False,Pointer Move (Standard mouse)
1786100475.2617521,549,252,mac_trackPad-block-3-trial-11-target-7,543.0,273.0,22.5,False,Pointer Move (Standard mouse)
1786100475.2696698,549,253,mac_trackPad-block-3-trial-11-target-7,543.0,273.0,22.5,False,Pointer Move (Standard mouse)
1786100475.277754,549,253,mac_trackPad-block-3-trial-11-target-7,543.0,273.0,22.5,False,Pointer Move (Standard mouse)
1786100475.3345978,549,253,mac_trackPad-block-3-trial-11-target-7,543.0,273.0,22.5,False,Pointer Move (Standard mouse)
1786100475.358905,549,253,mac_trackPad-block-3-trial-11-target-7,543.0,273.0,22.5,False,Pointer Move (Standard mouse)
1786100475.375175,549,254,mac_trackPad-block-3-trial-11-target-7,543.0,273.0,22.5,False,Pointer Move (Standard mouse)
1786100475.391407,549,254,mac_trackPad-block-3-trial-11-target-7,543.0,273.0,22.5,False,Pointer Move (Standard mouse)
1786100475.39919,549,254,mac_trackPad-block-3-trial-11-target-7,543.0,273.0,22.5,False,Pointer Move (Standard mouse)
1786100475.407329,549,255,mac_trackPad-block-3-trial-11-target-7,543.0,273.0,22.5,False,Pointer Move (Standard mouse)
1786100475.415562,549,255,mac_trackPad-block-3-trial-11-target-7,543.0,273.0,22.5,False,Pointer Move (Standard mouse)
1786100475.423557,549,256,mac_trackPad-block-3-trial-11-target-7,543.0,273.0,22.5,False,Pointer Move (Standard mouse)
1786100475.431427,549,256,mac_trackPad-block-3-trial-11-target-7,543.0,273.0,22.5,False,Pointer Move (Standard mouse)
1786100475.439565,549,256,mac_trackPad-block-3-trial-11-target-7,543.0,273.0,22.5,False,Pointer Move (Standard mouse)
1786100475.4560242,548,256,mac_trackPad-block-3-trial-11-target-7,543.0,273.0,22.5,False,Pointer Move (Standard mouse)
1786100475.480413,548,256,mac_trackPad-block-3-trial-11-target-7,543.0,273.0,22.5,target_selected,target_selected
1786100475.503551,548,256,mac_trackPad-block-3-trial-12-target-3,897.0,627.0,22.5,False,Pointer Move (Standard mouse)
1786100475.682806,548,256,mac_trackPad-block-3-trial-12-target-3,897.0,627.0,22.5,False,Pointer Move (Standard mouse)
1786100475.6905339,551,258,mac_trackPad-block-3-trial-12-target-3,897.0,627.0,22.5,False,Pointer Move (Standard mouse)
1786100475.698605,559,263,mac_trackPad-block-3-trial-12-target-3,897.0,627.0,22.5,False,Pointer Move (Standard mouse)
1786100475.706692,570,268,mac_trackPad-block-3-trial-12-target-3,897.0,627.0,22.5,False,Pointer Move (Standard mouse)
1786100475.7146418,593,283,mac_trackPad-block-3-trial-12-target-3,897.0,627.0,22.5,False,Pointer Move (Standard mouse)
1786100475.7228212,603,289,mac_trackPad-block-3-trial-12-target-3,897.0,627.0,22.5,False,Pointer Move (Standard mouse)
1786100475.730925,644,314,mac_trackPad-block-3-trial-12-target-3,897.0,627.0,22.5,False,Pointer Move (Standard mouse)
1786100475.739032,656,319,mac_trackPad-block-3-trial-12-target-3,897.0,627.0,22.5,False,Pointer Move (Standard mouse)
1786100475.747013,679,334,mac_trackPad-block-3-trial-12-target-3,897.0,627.0,22.5,False,Pointer Move (Standard mouse)
1786100475.755033,703,349,mac_trackPad-block-3-trial-12-target-3,897.0,627.0,22.5,False,Pointer Move (Standard mouse)
1786100475.763098,726,364,mac_trackPad-block-3-trial-12-target-3,897.0,627.0,22.5,False,Pointer Move (Standard mouse)
1786100475.771441,750,381,mac_trackPad-block-3-trial-12-target-3,897.0,627.0,22.5,False,Pointer Move (Standard mouse)
1786100475.779449,773,398,mac_trackPad-block-3-trial-12-target-3,897.0,627.0,22.5,False,Pointer Move (Standard mouse)
1786100475.7876182,799,413,mac_trackPad-block-3-trial-12-target-3,897.0,627.0,22.5,False,Pointer Move (Standard mouse)
1786100475.795727,820,433,mac_trackPad-block-3-trial-12-target-3,897.0,627.0,22.5,False,Pointer Move (Standard mouse)
1786100475.803664,846,447,mac_trackPad-block-3-trial-12-target-3,897.0,627.0,22.5,False,Pointer Move (Standard mouse)
1786100475.8116689,864,465,mac_trackPad-block-3-trial-12-target-3,897.0,627.0,22.5,False,Pointer Move (Standard mouse)
1786100475.820009,887,488,mac_trackPad-block-3-trial-12-target-3,897.0,627.0,22.5,False,Pointer Move (Standard mouse)
1786100475.82771,905,504,mac_trackPad-block-3-trial-12-target-3,897.0,627.0,22.5,False,Pointer Move (Standard mouse)
1786100475.835629,923,522,mac_trackPad-block-3-trial-12-target-3,897.0,627.0,22.5,False,Pointer Move (Standard mouse)
1786100475.843721,935,539,mac_trackPad-block-3-trial-12-target-3,897.0,627.0,22.5,False,Pointer Move (Standard mouse)
1786100475.85226,947,552,mac_trackPad-block-3-trial-12-target-3,897.0,627.0,22.5,False,Pointer Move (Standard mouse)
1786100475.860075,959,566,mac_trackPad-block-3-trial-12-target-3,897.0,627.0,22.5,False,Pointer Move (Standard mouse)
1786100475.8682082,963,570,mac_trackPad-block-3-trial-12-target-3,897.0,627.0,22.5,False,Pointer Move (Standard mouse)
1786100475.8763351,970,579,mac_trackPad-block-3-trial-12-target-3,897.0,627.0,22.5,False,Pointer Move (Standard mouse)
1786100475.884449,976,587,mac_trackPad-block-3-trial-12-target-3,897.0,627.0,22.5,False,Pointer Move (Standard mouse)
1786100475.8925629,981,592,mac_trackPad-block-3-trial-12-target-3,897.0,627.0,22.5,False,Pointer Move (Standard mouse)
1786100475.9005618,983,597,mac_trackPad-block-3-trial-12-target-3,897.0,627.0,22.5,False,Pointer Move (Standard mouse)
1786100475.9086452,985,599,mac_trackPad-block-3-trial-12-target-3,897.0,627.0,22.5,False,Pointer Move (Standard mouse)
1786100475.916702,986,601,mac_trackPad-block-3-trial-12-target-3,897.0,627.0,22.5,False,Pointer Move (Standard mouse)
1786100475.92475,987,602,mac_trackPad-block-3-trial-12-target-3,897.0,627.0,22.5,False,Pointer Move (Standard mouse)
1786100475.933077,987,603,mac_trackPad-block-3-trial-12-target-3,897.0,627.0,22.5,False,Pointer Move (Standard mouse)
1786100475.94135,988,604,mac_trackPad-block-3-trial-12-target-3,897.0,627.0,22.5,False,Pointer Move (Standard mouse)
1786100475.9494421,989,605,mac_trackPad-block-3-trial-12-target-3,897.0,627.0,22.5,False,Pointer Move (Standard mouse)
1786100475.9571981,989,606,mac_trackPad-block-3-trial-12-target-3,897.0,627.0,22.5,False,Pointer Move (Standard mouse)
1786100475.965104,990,608,mac_trackPad-block-3-trial-12-target-3,897.0,627.0,22.5,False,Pointer Move (Standard mouse)
1786100475.973381,990,610,mac_trackPad-block-3-trial-12-target-3,897.0,627.0,22.5,False,Pointer Move (Standard mouse)
1786100475.981508,992,613,mac_trackPad-block-3-trial-12-target-3,897.0,627.0,22.5,False,Pointer Move (Standard mouse)
1786100475.989368,993,615,mac_trackPad-block-3-trial-12-target-3,897.0,627.0,22.5,False,Pointer Move (Standard mouse)
1786100475.9977999,994,618,mac_trackPad-block-3-trial-12-target-3,897.0,627.0,22.5,False,Pointer Move (Standard mouse)
1786100476.006032,994,621,mac_trackPad-block-3-trial-12-target-3,897.0,627.0,22.5,False,Pointer Move (Standard mouse)
1786100476.01423,995,623,mac_trackPad-block-3-trial-12-target-3,897.0,627.0,22.5,False,Pointer Move (Standard mouse)
1786100476.0217888,996,625,mac_trackPad-block-3-trial-12-target-3,897.0,627.0,22.5,False,Pointer Move (Standard mouse)
1786100476.0298822,996,626,mac_trackPad-block-3-trial-12-target-3,897.0,627.0,22.5,False,Pointer Move (Standard mouse)
1786100476.038015,997,627,mac_trackPad-block-3-trial-12-target-3,897.0,627.0,22.5,False,Pointer Move (Standard mouse)
1786100476.046226,997,627,mac_trackPad-block-3-trial-12-target-3,897.0,627.0,22.5,False,Pointer Move (Standard mouse)
1786100476.054406,997,627,mac_trackPad-block-3-trial-12-target-3,897.0,627.0,22.5,False,Pointer Move (Standard mouse)
1786100476.062388,997,628,mac_trackPad-block-3-trial-12-target-3,897.0,627.0,22.5,False,Pointer Move (Standard mouse)
1786100476.070412,997,628,mac_trackPad-block-3-trial-12-target-3,897.0,627.0,22.5,False,Pointer Move (Standard mouse)
1786100476.078505,997,629,mac_trackPad-block-3-trial-12-target-3,897.0,627.0,22.5,False,Pointer Move (Standard mouse)
1786100476.0865102,997,629,mac_trackPad-block-3-trial-12-target-3,897.0,627.0,22.5,False,Pointer Move (Standard mouse)
1786100476.094818,993,630,mac_trackPad-block-3-trial-12-target-3,897.0,627.0,22.5,False,Pointer Move (Standard mouse)
1786100476.1028101,987,631,mac_trackPad-block-3-trial-12-target-3,897.0,627.0,22.5,False,Pointer Move (Standard mouse)
1786100476.110728,982,632,mac_trackPad-block-3-trial-12-target-3,897.0,627.0,22.5,False,Pointer Move (Standard mouse)
1786100476.119512,973,633,mac_trackPad-block-3-trial-12-target-3,897.0,627.0,22.5,False,Pointer Move (Standard mouse)
1786100476.1272268,964,634,mac_trackPad-block-3-trial-12-target-3,897.0,627.0,22.5,False,Pointer Move (Standard mouse)
1786100476.135417,960,634,mac_trackPad-block-3-trial-12-target-3,897.0,627.0,22.5,False,Pointer Move (Standard mouse)
1786100476.1432278,951,634,mac_trackPad-block-3-trial-12-target-3,897.0,627.0,22.5,False,Pointer Move (Standard mouse)
1786100476.151229,942,634,mac_trackPad-block-3-trial-12-target-3,897.0,627.0,22.5,False,Pointer Move (Standard mouse)
1786100476.159156,935,634,mac_trackPad-block-3-trial-12-target-3,897.0,627.0,22.5,False,Pointer Move (Standard mouse)
1786100476.1673741,931,634,mac_trackPad-block-3-trial-12-target-3,897.0,627.0,22.5,False,Pointer Move (Standard mouse)
1786100476.175622,926,634,mac_trackPad-block-3-trial-12-target-3,897.0,627.0,22.5,False,Pointer Move (Standard mouse)
1786100476.183518,924,634,mac_trackPad-block-3-trial-12-target-3,897.0,627.0,22.5,False,Pointer Move (Standard mouse)
1786100476.191917,922,634,mac_trackPad-block-3-trial-12-target-3,897.0,627.0,22.5,False,Pointer Move (Standard mouse)
1786100476.199789,920,634,mac_trackPad-block-3-trial-12-target-3,897.0,627.0,22.5,False,Pointer Move (Standard mouse)
1786100476.207935,918,633,mac_trackPad-block-3-trial-12-target-3,897.0,627.0,22.5,False,Pointer Move (Standard mouse)
1786100476.216176,916,632,mac_trackPad-block-3-trial-12-target-3,897.0,627.0,22.5,False,Pointer Move (Standard mouse)
1786100476.224118,915,631,mac_trackPad-block-3-trial-12-target-3,897.0,627.0,22.5,False,Pointer Move (Standard mouse)
1786100476.232117,913,630,mac_trackPad-block-3-trial-12-target-3,897.0,627.0,22.5,False,Pointer Move (Standard mouse)
1786100476.2403781,912,629,mac_trackPad-block-3-trial-12-target-3,897.0,627.0,22.5,False,Pointer Move (Standard mouse)
1786100476.248257,911,628,mac_trackPad-block-3-trial-12-target-3,897.0,627.0,22.5,False,Pointer Move (Standard mouse)
1786100476.256372,910,627,mac_trackPad-block-3-trial-12-target-3,897.0,627.0,22.5,False,Pointer Move (Standard mouse)
1786100476.2647018,909,627,mac_trackPad-block-3-trial-12-target-3,897.0,627.0,22.5,False,Pointer Move (Standard mouse)
1786100476.2724638,908,626,mac_trackPad-block-3-trial-12-target-3,897.0,627.0,22.5,False,Pointer Move (Standard mouse)
1786100476.280481,907,625,mac_trackPad-block-3-trial-12-target-3,897.0,627.0,22.5,False,Pointer Move (Standard mouse)
1786100476.288884,907,625,mac_trackPad-block-3-trial-12-target-3,897.0,627.0,22.5,False,Pointer Move (Standard mouse)
1786100476.296949,906,625,mac_trackPad-block-3-trial-12-target-3,897.0,627.0,22.5,False,Pointer Move (Standard mouse)
1786100476.31296,906,625,mac_trackPad-block-3-trial-12-target-3,897.0,627.0,22.5,False,Pointer Move (Standard mouse)
1786100476.385945,906,624,mac_trackPad-block-3-trial-12-target-3,897.0,627.0,22.5,False,Pointer Move (Standard mouse)
1786100476.4304378,906,624,mac_trackPad-block-3-trial-12-target-3,897.0,627.0,22.5,target_selected,target_selected
1786100476.596663,905,624,mac_trackPad-block-3-trial-13-target-7,543.0,273.0,22.5,False,Pointer Move (Standard mouse)
1786100476.604179,903,621,mac_trackPad-block-3-trial-13-target-7,543.0,273.0,22.5,False,Pointer Move (Standard mouse)
1786100476.612076,900,617,mac_trackPad-block-3-trial-13-target-7,543.0,273.0,22.5,False,Pointer Move (Standard mouse)
1786100476.620424,894,612,mac_trackPad-block-3-trial-13-target-7,543.0,273.0,22.5,False,Pointer Move (Standard mouse)
1786100476.628394,879,594,mac_trackPad-block-3-trial-13-target-7,543.0,273.0,22.5,False,Pointer Move (Standard mouse)
1786100476.6375659,867,581,mac_trackPad-block-3-trial-13-target-7,543.0,273.0,22.5,False,Pointer Move (Standard mouse)
1786100476.644489,862,573,mac_trackPad-block-3-trial-13-target-7,543.0,273.0,22.5,False,Pointer Move (Standard mouse)
1786100476.652707,850,560,mac_trackPad-block-3-trial-13-target-7,543.0,273.0,22.5,False,Pointer Move (Standard mouse)
1786100476.661141,832,544,mac_trackPad-block-3-trial-13-target-7,543.0,273.0,22.5,False,Pointer Move (Standard mouse)
1786100476.669122,819,527,mac_trackPad-block-3-trial-13-target-7,543.0,273.0,22.5,False,Pointer Move (Standard mouse)
1786100476.677071,807,514,mac_trackPad-block-3-trial-13-target-7,543.0,273.0,22.5,False,Pointer Move (Standard mouse)
1786100476.685369,795,500,mac_trackPad-block-3-trial-13-target-7,543.0,273.0,22.5,False,Pointer Move (Standard mouse)
1786100476.693047,785,489,mac_trackPad-block-3-trial-13-target-7,543.0,273.0,22.5,False,Pointer Move (Standard mouse)
1786100476.701526,775,479,mac_trackPad-block-3-trial-13-target-7,543.0,273.0,22.5,False,Pointer Move (Standard mouse)
1786100476.709554,765,468,mac_trackPad-block-3-trial-13-target-7,543.0,273.0,22.5,False,Pointer Move (Standard mouse)
1786100476.717609,754,457,mac_trackPad-block-3-trial-13-target-7,543.0,273.0,22.5,False,Pointer Move (Standard mouse)
1786100476.7254632,745,449,mac_trackPad-block-3-trial-13-target-7,543.0,273.0,22.5,False,Pointer Move (Standard mouse)
1786100476.7337852,737,440,mac_trackPad-block-3-trial-13-target-7,543.0,273.0,22.5,False,Pointer Move (Standard mouse)
1786100476.741911,729,432,mac_trackPad-block-3-trial-13-target-7,543.0,273.0,22.5,False,Pointer Move (Standard mouse)
1786100476.750153,722,426,mac_trackPad-block-3-trial-13-target-7,543.0,273.0,22.5,False,Pointer Move (Standard mouse)
1786100476.7578938,715,419,mac_trackPad-block-3-trial-13-target-7,543.0,273.0,22.5,False,Pointer Move (Standard mouse)
1786100476.766131,713,416,mac_trackPad-block-3-trial-13-target-7,543.0,273.0,22.5,False,Pointer Move (Standard mouse)
1786100476.774373,709,411,mac_trackPad-block-3-trial-13-target-7,543.0,273.0,22.5,False,Pointer Move (Standard mouse)
1786100476.7822459,703,406,mac_trackPad-block-3-trial-13-target-7,543.0,273.0,22.5,False,Pointer Move (Standard mouse)
1786100476.790267,697,400,mac_trackPad-block-3-trial-13-target-7,543.0,273.0,22.5,False,Pointer Move (Standard mouse)
1786100476.7984262,694,395,mac_trackPad-block-3-trial-13-target-7,543.0,273.0,22.5,False,Pointer Move (Standard mouse)
1786100476.806528,690,392,mac_trackPad-block-3-trial-13-target-7,543.0,273.0,22.5,False,Pointer Move (Standard mouse)
1786100476.8145301,687,388,mac_trackPad-block-3-trial-13-target-7,543.0,273.0,22.5,False,Pointer Move (Standard mouse)
1786100476.823135,683,385,mac_trackPad-block-3-trial-13-target-7,543.0,273.0,22.5,False,Pointer Move (Standard mouse)
1786100476.8310552,680,382,mac_trackPad-block-3-trial-13-target-7,543.0,273.0,22.5,False,Pointer Move (Standard mouse)
1786100476.839047,676,379,mac_trackPad-block-3-trial-13-target-7,543.0,273.0,22.5,False,Pointer Move (Standard mouse)
1786100476.8469498,674,377,mac_trackPad-block-3-trial-13-target-7,543.0,273.0,22.5,False,Pointer Move (Standard mouse)
1786100476.8551512,670,374,mac_trackPad-block-3-trial-13-target-7,543.0,273.0,22.5,False,Pointer Move (Standard mouse)
1786100476.8632371,668,371,mac_trackPad-block-3-trial-13-target-7,543.0,273.0,22.5,False,Pointer Move (Standard mouse)
1786100476.871265,665,369,mac_trackPad-block-3-trial-13-target-7,543.0,273.0,22.5,False,Pointer Move (Standard mouse)
1786100476.879304,661,366,mac_trackPad-block-3-trial-13-target-7,543.0,273.0,22.5,False,Pointer Move (Standard mouse)
1786100476.887371,659,365,mac_trackPad-block-3-trial-13-target-7,543.0,273.0,22.5,False,Pointer Move (Standard mouse)
1786100476.8955698,656,362,mac_trackPad-block-3-trial-13-target-7,543.0,273.0,22.5,False,Pointer Move (Standard mouse)
1786100476.90389,653,359,mac_trackPad-block-3-trial-13-target-7,543.0,273.0,22.5,False,Pointer Move (Standard mouse)
1786100476.9116569,650,358,mac_trackPad-block-3-trial-13-target-7,543.0,273.0,22.5,False,Pointer Move (Standard mouse)
1786100476.919779,647,355,mac_trackPad-block-3-trial-13-target-7,543.0,273.0,22.5,False,Pointer Move (Standard mouse)
1786100476.927781,644,353,mac_trackPad-block-3-trial-13-target-7,543.0,273.0,22.5,False,Pointer Move (Standard mouse)
1786100476.935916,640,350,mac_trackPad-block-3-trial-13-target-7,543.0,273.0,22.5,False,Pointer Move (Standard mouse)
1786100476.944018,637,347,mac_trackPad-block-3-trial-13-target-7,543.0,273.0,22.5,False,Pointer Move (Standard mouse)
1786100476.951815,633,344,mac_trackPad-block-3-trial-13-target-7,543.0,273.0,22.5,False,Pointer Move (Standard mouse)
1786100476.960045,631,342,mac_trackPad-block-3-trial-13-target-7,543.0,273.0,22.5,False,Pointer Move (Standard mouse)
1786100476.9680629,627,339,mac_trackPad-block-3-trial-13-target-7,543.0,273.0,22.5,False,Pointer Move (Standard mouse)
1786100476.9767108,625,337,mac_trackPad-block-3-trial-13-target-7,543.0,273.0,22.5,False,Pointer Move (Standard mouse)
1786100476.9845738,622,333,mac_trackPad-block-3-trial-13-target-7,543.0,273.0,22.5,False,Pointer Move (Standard mouse)
1786100476.992569,618,330,mac_trackPad-block-3-trial-13-target-7,543.0,273.0,22.5,False,Pointer Move (Standard mouse)
1786100477.000702,615,326,mac_trackPad-block-3-trial-13-target-7,543.0,273.0,22.5,False,Pointer Move (Standard mouse)
1786100477.0086489,611,323,mac_trackPad-block-3-trial-13-target-7,543.0,273.0,22.5,False,Pointer Move (Standard mouse)
1786100477.016994,609,321,mac_trackPad-block-3-trial-13-target-7,543.0,273.0,22.5,False,Pointer Move (Standard mouse)
1786100477.024978,606,318,mac_trackPad-block-3-trial-13-target-7,543.0,273.0,22.5,False,Pointer Move (Standard mouse)
1786100477.033012,603,315,mac_trackPad-block-3-trial-13-target-7,543.0,273.0,22.5,False,Pointer Move (Standard mouse)
1786100477.041274,600,313,mac_trackPad-block-3-trial-13-target-7,543.0,273.0,22.5,False,Pointer Move (Standard mouse)
1786100477.0491142,598,312,mac_trackPad-block-3-trial-13-target-7,543.0,273.0,22.5,False,Pointer Move (Standard mouse)
1786100477.057535,596,309,mac_trackPad-block-3-trial-13-target-7,543.0,273.0,22.5,False,Pointer Move (Standard mouse)
1786100477.065451,592,308,mac_trackPad-block-3-trial-13-target-7,543.0,273.0,22.5,False,Pointer Move (Standard mouse)
1786100477.0734642,591,307,mac_trackPad-block-3-trial-13-target-7,543.0,273.0,22.5,False,Pointer Move (Standard mouse)
1786100477.081701,589,305,mac_trackPad-block-3-trial-13-target-7,543.0,273.0,22.5,False,Pointer Move (Standard mouse)
1786100477.089464,587,303,mac_trackPad-block-3-trial-13-target-7,543.0,273.0,22.5,False,Pointer Move (Standard mouse)
1786100477.098026,586,302,mac_trackPad-block-3-trial-13-target-7,543.0,273.0,22.5,False,Pointer Move (Standard mouse)
1786100477.1060128,584,300,mac_trackPad-block-3-trial-13-target-7,543.0,273.0,22.5,False,Pointer Move (Standard mouse)
1786100477.113908,583,300,mac_trackPad-block-3-trial-13-target-7,543.0,273.0,22.5,False,Pointer Move (Standard mouse)
1786100477.122258,582,299,mac_trackPad-block-3-trial-13-target-7,543.0,273.0,22.5,False,Pointer Move (Standard mouse)
1786100477.129963,581,298,mac_trackPad-block-3-trial-13-target-7,543.0,273.0,22.5,False,Pointer Move (Standard mouse)
1786100477.137963,580,297,mac_trackPad-block-3-trial-13-target-7,543.0,273.0,22.5,False,Pointer Move (Standard mouse)
1786100477.146092,579,297,mac_trackPad-block-3-trial-13-target-7,543.0,273.0,22.5,False,Pointer Move (Standard mouse)
1786100477.154177,578,296,mac_trackPad-block-3-trial-13-target-7,543.0,273.0,22.5,False,Pointer Move (Standard mouse)
1786100477.162265,577,296,mac_trackPad-block-3-trial-13-target-7,543.0,273.0,22.5,False,Pointer Move (Standard mouse)
1786100477.170374,575,295,mac_trackPad-block-3-trial-13-target-7,543.0,273.0,22.5,False,Pointer Move (Standard mouse)
1786100477.178636,574,294,mac_trackPad-block-3-trial-13-target-7,543.0,273.0,22.5,False,Pointer Move (Standard mouse)
1786100477.186744,573,293,mac_trackPad-block-3-trial-13-target-7,543.0,273.0,22.5,False,Pointer Move (Standard mouse)
1786100477.19486,571,292,mac_trackPad-block-3-trial-13-target-7,543.0,273.0,22.5,False,Pointer Move (Standard mouse)
1786100477.2030232,570,291,mac_trackPad-block-3-trial-13-target-7,543.0,273.0,22.5,False,Pointer Move (Standard mouse)
1786100477.210966,568,289,mac_trackPad-block-3-trial-13-target-7,543.0,273.0,22.5,False,Pointer Move (Standard mouse)
1786100477.2190049,567,288,mac_trackPad-block-3-trial-13-target-7,543.0,273.0,22.5,False,Pointer Move (Standard mouse)
1786100477.22709,566,287,mac_trackPad-block-3-trial-13-target-7,543.0,273.0,22.5,False,Pointer Move (Standard mouse)
1786100477.235273,565,286,mac_trackPad-block-3-trial-13-target-7,543.0,273.0,22.5,False,Pointer Move (Standard mouse)
1786100477.243157,563,285,mac_trackPad-block-3-trial-13-target-7,543.0,273.0,22.5,False,Pointer Move (Standard mouse)
1786100477.25122,562,284,mac_trackPad-block-3-trial-13-target-7,543.0,273.0,22.5,False,Pointer Move (Standard mouse)
1786100477.259271,561,283,mac_trackPad-block-3-trial-13-target-7,543.0,273.0,22.5,False,Pointer Move (Standard mouse)
1786100477.267576,560,282,mac_trackPad-block-3-trial-13-target-7,543.0,273.0,22.5,False,Pointer Move (Standard mouse)
1786100477.275543,559,281,mac_trackPad-block-3-trial-13-target-7,543.0,273.0,22.5,False,Pointer Move (Standard mouse)
1786100477.284037,559,280,mac_trackPad-block-3-trial-13-target-7,543.0,273.0,22.5,False,Pointer Move (Standard mouse)
1786100477.292104,559,279,mac_trackPad-block-3-trial-13-target-7,543.0,273.0,22.5,False,Pointer Move (Standard mouse)
1786100477.3002849,558,279,mac_trackPad-block-3-trial-13-target-7,543.0,273.0,22.5,False,Pointer Move (Standard mouse)
1786100477.308374,558,278,mac_trackPad-block-3-trial-13-target-7,543.0,273.0,22.5,False,Pointer Move (Standard mouse)
1786100477.316417,557,277,mac_trackPad-block-3-trial-13-target-7,543.0,273.0,22.5,False,Pointer Move (Standard mouse)
1786100477.324518,557,277,mac_trackPad-block-3-trial-13-target-7,543.0,273.0,22.5,False,Pointer Move (Standard mouse)
1786100477.333827,557,276,mac_trackPad-block-3-trial-13-target-7,543.0,273.0,22.5,False,Pointer Move (Standard mouse)
1786100477.340688,556,275,mac_trackPad-block-3-trial-13-target-7,543.0,273.0,22.5,False,Pointer Move (Standard mouse)
1786100477.348706,556,275,mac_trackPad-block-3-trial-13-target-7,543.0,273.0,22.5,False,Pointer Move (Standard mouse)
1786100477.356812,556,275,mac_trackPad-block-3-trial-13-target-7,543.0,273.0,22.5,False,Pointer Move (Standard mouse)
1786100477.3646898,555,274,mac_trackPad-block-3-trial-13-target-7,543.0,273.0,22.5,False,Pointer Move (Standard mouse)
1786100477.372878,555,273,mac_trackPad-block-3-trial-13-target-7,543.0,273.0,22.5,False,Pointer Move (Standard mouse)
1786100477.3811321,555,273,mac_trackPad-block-3-trial-13-target-7,543.0,273.0,22.5,False,Pointer Move (Standard mouse)
1786100477.389003,554,272,mac_trackPad-block-3-trial-13-target-7,543.0,273.0,22.5,False,Pointer Move (Standard mouse)
1786100477.397217,554,271,mac_trackPad-block-3-trial-13-target-7,543.0,273.0,22.5,False,Pointer Move (Standard mouse)
1786100477.4054122,553,270,mac_trackPad-block-3-trial-13-target-7,543.0,273.0,22.5,False,Pointer Move (Standard mouse)
1786100477.4302561,553,270,mac_trackPad-block-3-trial-13-target-7,543.0,273.0,22.5,target_selected,target_selected
1786100477.450237,553,270,mac_trackPad-block-3-trial-14-target-3,897.0,627.0,22.5,False,Pointer Move (Standard mouse)
1786100477.6073291,553,270,mac_trackPad-block-3-trial-14-target-3,897.0,627.0,22.5,False,Pointer Move (Standard mouse)
1786100477.6153018,555,273,mac_trackPad-block-3-trial-14-target-3,897.0,627.0,22.5,False,Pointer Move (Standard mouse)
1786100477.623408,558,277,mac_trackPad-block-3-trial-14-target-3,897.0,627.0,22.5,False,Pointer Move (Standard mouse)
1786100477.631198,570,291,mac_trackPad-block-3-trial-14-target-3,897.0,627.0,22.5,False,Pointer Move (Standard mouse)
1786100477.6394901,580,304,mac_trackPad-block-3-trial-14-target-3,897.0,627.0,22.5,False,Pointer Move (Standard mouse)
1786100477.6474729,596,322,mac_trackPad-block-3-trial-14-target-3,897.0,627.0,22.5,False,Pointer Move (Standard mouse)
1786100477.655369,614,340,mac_trackPad-block-3-trial-14-target-3,897.0,627.0,22.5,False,Pointer Move (Standard mouse)
1786100477.663522,624,347,mac_trackPad-block-3-trial-14-target-3,897.0,627.0,22.5,False,Pointer Move (Standard mouse)
1786100477.671763,640,365,mac_trackPad-block-3-trial-14-target-3,897.0,627.0,22.5,False,Pointer Move (Standard mouse)
1786100477.679866,657,378,mac_trackPad-block-3-trial-14-target-3,897.0,627.0,22.5,False,Pointer Move (Standard mouse)
1786100477.687835,670,390,mac_trackPad-block-3-trial-14-target-3,897.0,627.0,22.5,False,Pointer Move (Standard mouse)
1786100477.6959639,682,403,mac_trackPad-block-3-trial-14-target-3,897.0,627.0,22.5,False,Pointer Move (Standard mouse)
1786100477.704402,693,413,mac_trackPad-block-3-trial-14-target-3,897.0,627.0,22.5,False,Pointer Move (Standard mouse)
1786100477.712257,699,420,mac_trackPad-block-3-trial-14-target-3,897.0,627.0,22.5,False,Pointer Move (Standard mouse)
1786100477.720876,710,429,mac_trackPad-block-3-trial-14-target-3,897.0,627.0,22.5,False,Pointer Move (Standard mouse)
1786100477.7285252,717,434,mac_trackPad-block-3-trial-14-target-3,897.0,627.0,22.5,False,Pointer Move (Standard mouse)
1786100477.736372,726,443,mac_trackPad-block-3-trial-14-target-3,897.0,627.0,22.5,False,Pointer Move (Standard mouse)
1786100477.744389,734,451,mac_trackPad-block-3-trial-14-target-3,897.0,627.0,22.5,False,Pointer Move (Standard mouse)
1786100477.7525601,744,458,mac_trackPad-block-3-trial-14-target-3,897.0,627.0,22.5,False,Pointer Move (Standard mouse)
1786100477.7605078,754,465,mac_trackPad-block-3-trial-14-target-3,897.0,627.0,22.5,False,Pointer Move (Standard mouse)
1786100477.768592,763,472,mac_trackPad-block-3-trial-14-target-3,897.0,627.0,22.5,False,Pointer Move (Standard mouse)
1786100477.776671,766,476,mac_trackPad-block-3-trial-14-target-3,897.0,627.0,22.5,False,Pointer Move (Standard mouse)
1786100477.785294,774,481,mac_trackPad-block-3-trial-14-target-3,897.0,627.0,22.5,False,Pointer Move (Standard mouse)
1786100477.7930722,781,487,mac_trackPad-block-3-trial-14-target-3,897.0,627.0,22.5,False,Pointer Move (Standard mouse)
1786100477.801813,787,491,mac_trackPad-block-3-trial-14-target-3,897.0,627.0,22.5,False,Pointer Move (Standard mouse)
1786100477.809185,792,496,mac_trackPad-block-3-trial-14-target-3,897.0,627.0,22.5,False,Pointer Move (Standard mouse)
1786100477.8172338,797,498,mac_trackPad-block-3-trial-14-target-3,897.0,627.0,22.5,False,Pointer Move (Standard mouse)
1786100477.825214,800,502,mac_trackPad-block-3-trial-14-target-3,897.0,627.0,22.5,False,Pointer Move (Standard mouse)
1786100477.8335419,804,504,mac_trackPad-block-3-trial-14-target-3,897.0,627.0,22.5,False,Pointer Move (Standard mouse)
1786100477.841674,807,507,mac_trackPad-block-3-trial-14-target-3,897.0,627.0,22.5,False,Pointer Move (Standard mouse)
1786100477.849599,812,510,mac_trackPad-block-3-trial-14-target-3,897.0,627.0,22.5,False,Pointer Move (Standard mouse)
1786100477.8576598,819,516,mac_trackPad-block-3-trial-14-target-3,897.0,627.0,22.5,False,Pointer Move (Standard mouse)
1786100477.865668,824,521,mac_trackPad-block-3-trial-14-target-3,897.0,627.0,22.5,False,Pointer Move (Standard mouse)
1786100477.8741179,828,524,mac_trackPad-block-3-trial-14-target-3,897.0,627.0,22.5,False,Pointer Move (Standard mouse)
1786100477.882123,832,529,mac_trackPad-block-3-trial-14-target-3,897.0,627.0,22.5,False,Pointer Move (Standard mouse)
1786100477.890214,838,534,mac_trackPad-block-3-trial-14-target-3,897.0,627.0,22.5,False,Pointer Move (Standard mouse)
1786100477.8981829,843,538,mac_trackPad-block-3-trial-14-target-3,897.0,627.0,22.5,False,Pointer Move (Standard mouse)
1786100477.906143,847,542,mac_trackPad-block-3-trial-14-target-3,897.0,627.0,22.5,False,Pointer Move (Standard mouse)
1786100477.9143958,851,546,mac_trackPad-block-3-trial-14-target-3,897.0,627.0,22.5,False,Pointer Move (Standard mouse)
1786100477.922446,855,550,mac_trackPad-block-3-trial-14-target-3,897.0,627.0,22.5,False,Pointer Move (Standard mouse)
1786100477.930454,859,555,mac_trackPad-block-3-trial-14-target-3,897.0,627.0,22.5,False,Pointer Move (Standard mouse)
1786100477.9384398,863,559,mac_trackPad-block-3-trial-14-target-3,897.0,627.0,22.5,False,Pointer Move (Standard mouse)
1786100477.946579,866,563,mac_trackPad-block-3-trial-14-target-3,897.0,627.0,22.5,False,Pointer Move (Standard mouse)
1786100477.954786,869,567,mac_trackPad-block-3-trial-14-target-3,897.0,627.0,22.5,False,Pointer Move (Standard mouse)
1786100477.962708,873,572,mac_trackPad-block-3-trial-14-target-3,897.0,627.0,22.5,False,Pointer Move (Standard mouse)
1786100477.970804,876,576,mac_trackPad-block-3-trial-14-target-3,897.0,627.0,22.5,False,Pointer Move (Standard mouse)
1786100477.978834,879,581,mac_trackPad-block-3-trial-14-target-3,897.0,627.0,22.5,False,Pointer Move (Standard mouse)
1786100477.9871318,882,585,mac_trackPad-block-3-trial-14-target-3,897.0,627.0,22.5,False,Pointer Move (Standard mouse)
1786100477.995262,885,588,mac_trackPad-block-3-trial-14-target-3,897.0,627.0,22.5,False,Pointer Move (Standard mouse)
1786100478.003493,886,592,mac_trackPad-block-3-trial-14-target-3,897.0,627.0,22.5,False,Pointer Move (Standard mouse)
1786100478.011629,888,595,mac_trackPad-block-3-trial-14-target-3,897.0,627.0,22.5,False,Pointer Move (Standard mouse)
1786100478.019427,890,598,mac_trackPad-block-3-trial-14-target-3,897.0,627.0,22.5,False,Pointer Move (Standard mouse)
1786100478.0274382,891,600,mac_trackPad-block-3-trial-14-target-3,897.0,627.0,22.5,False,Pointer Move (Standard mouse)
1786100478.035972,892,603,mac_trackPad-block-3-trial-14-target-3,897.0,627.0,22.5,False,Pointer Move (Standard mouse)
1786100478.0440478,894,607,mac_trackPad-block-3-trial-14-target-3,897.0,627.0,22.5,False,Pointer Move (Standard mouse)
1786100478.051779,896,610,mac_trackPad-block-3-trial-14-target-3,897.0,627.0,22.5,False,Pointer Move (Standard mouse)
1786100478.059752,897,613,mac_trackPad-block-3-trial-14-target-3,897.0,627.0,22.5,False,Pointer Move (Standard mouse)
1786100478.067924,898,615,mac_trackPad-block-3-trial-14-target-3,897.0,627.0,22.5,False,Pointer Move (Standard mouse)
1786100478.075901,899,617,mac_trackPad-block-3-trial-14-target-3,897.0,627.0,22.5,False,Pointer Move (Standard mouse)
1786100478.084012,900,619,mac_trackPad-block-3-trial-14-target-3,897.0,627.0,22.5,False,Pointer Move (Standard mouse)
1786100478.0928671,901,620,mac_trackPad-block-3-trial-14-target-3,897.0,627.0,22.5,False,Pointer Move (Standard mouse)
1786100478.100241,901,621,mac_trackPad-block-3-trial-14-target-3,897.0,627.0,22.5,False,Pointer Move (Standard mouse)
1786100478.108503,902,622,mac_trackPad-block-3-trial-14-target-3,897.0,627.0,22.5,False,Pointer Move (Standard mouse)
1786100478.116608,902,623,mac_trackPad-block-3-trial-14-target-3,897.0,627.0,22.5,False,Pointer Move (Standard mouse)
1786100478.1244931,902,623,mac_trackPad-block-3-trial-14-target-3,897.0,627.0,22.5,False,Pointer Move (Standard mouse)
1786100478.132656,903,623,mac_trackPad-block-3-trial-14-target-3,897.0,627.0,22.5,False,Pointer Move (Standard mouse)
1786100478.1408,903,624,mac_trackPad-block-3-trial-14-target-3,897.0,627.0,22.5,False,Pointer Move (Standard mouse)
1786100478.149083,903,624,mac_trackPad-block-3-trial-14-target-3,897.0,627.0,22.5,False,Pointer Move (Standard mouse)
1786100478.156791,903,625,mac_trackPad-block-3-trial-14-target-3,897.0,627.0,22.5,False,Pointer Move (Standard mouse)
1786100478.164955,903,625,mac_trackPad-block-3-trial-14-target-3,897.0,627.0,22.5,False,Pointer Move (Standard mouse)
1786100478.173171,904,625,mac_trackPad-block-3-trial-14-target-3,897.0,627.0,22.5,False,Pointer Move (Standard mouse)
1786100478.180981,904,626,mac_trackPad-block-3-trial-14-target-3,897.0,627.0,22.5,False,Pointer Move (Standard mouse)
1786100478.1893408,904,626,mac_trackPad-block-3-trial-14-target-3,897.0,627.0,22.5,False,Pointer Move (Standard mouse)
1786100478.197533,904,626,mac_trackPad-block-3-trial-14-target-3,897.0,627.0,22.5,False,Pointer Move (Standard mouse)
1786100478.2053602,905,627,mac_trackPad-block-3-trial-14-target-3,897.0,627.0,22.5,False,Pointer Move (Standard mouse)
1786100478.213422,905,627,mac_trackPad-block-3-trial-14-target-3,897.0,627.0,22.5,False,Pointer Move (Standard mouse)
1786100478.2219,905,628,mac_trackPad-block-3-trial-14-target-3,897.0,627.0,22.5,False,Pointer Move (Standard mouse)
1786100478.2293818,905,628,mac_trackPad-block-3-trial-14-target-3,897.0,627.0,22.5,False,Pointer Move (Standard mouse)
1786100478.245845,905,628,mac_trackPad-block-3-trial-14-target-3,897.0,627.0,22.5,False,Pointer Move (Standard mouse)
1786100478.346474,905,628,mac_trackPad-block-3-trial-14-target-3,897.0,627.0,22.5,target_selected,target_selected
1786100478.6019762,905,628,mac_trackPad-block-3-trial-15-target-7,543.0,273.0,22.5,False,Pointer Move (Standard mouse)
1786100478.6101189,902,625,mac_trackPad-block-3-trial-15-target-7,543.0,273.0,22.5,False,Pointer Move (Standard mouse)
1786100478.6178932,897,621,mac_trackPad-block-3-trial-15-target-7,543.0,273.0,22.5,False,Pointer Move (Standard mouse)
1786100478.6265721,890,615,mac_trackPad-block-3-trial-15-target-7,543.0,273.0,22.5,False,Pointer Move (Standard mouse)
1786100478.634146,882,606,mac_trackPad-block-3-trial-15-target-7,543.0,273.0,22.5,False,Pointer Move (Standard mouse)
1786100478.64208,871,597,mac_trackPad-block-3-trial-15-target-7,543.0,273.0,22.5,False,Pointer Move (Standard mouse)
1786100478.650114,858,585,mac_trackPad-block-3-trial-15-target-7,543.0,273.0,22.5,False,Pointer Move (Standard mouse)
1786100478.65829,845,569,mac_trackPad-block-3-trial-15-target-7,543.0,273.0,22.5,False,Pointer Move (Standard mouse)
1786100478.666383,828,556,mac_trackPad-block-3-trial-15-target-7,543.0,273.0,22.5,False,Pointer Move (Standard mouse)
1786100478.674365,813,541,mac_trackPad-block-3-trial-15-target-7,543.0,273.0,22.5,False,Pointer Move (Standard mouse)
1786100478.682902,801,525,mac_trackPad-block-3-trial-15-target-7,543.0,273.0,22.5,False,Pointer Move (Standard mouse)
1786100478.690839,785,507,mac_trackPad-block-3-trial-15-target-7,543.0,273.0,22.5,False,Pointer Move (Standard mouse)
1786100478.698854,772,490,mac_trackPad-block-3-trial-15-target-7,543.0,273.0,22.5,False,Pointer Move (Standard mouse)
1786100478.707066,756,472,mac_trackPad-block-3-trial-15-target-7,543.0,273.0,22.5,False,Pointer Move (Standard mouse)
1786100478.714916,740,454,mac_trackPad-block-3-trial-15-target-7,543.0,273.0,22.5,False,Pointer Move (Standard mouse)
1786100478.723128,726,434,mac_trackPad-block-3-trial-15-target-7,543.0,273.0,22.5,False,Pointer Move (Standard mouse)
1786100478.7314408,712,414,mac_trackPad-block-3-trial-15-target-7,543.0,273.0,22.5,False,Pointer Move (Standard mouse)
1786100478.739358,696,397,mac_trackPad-block-3-trial-15-target-7,543.0,273.0,22.5,False,Pointer Move (Standard mouse)
1786100478.747319,682,377,mac_trackPad-block-3-trial-15-target-7,543.0,273.0,22.5,False,Pointer Move (Standard mouse)
1786100478.755188,672,363,mac_trackPad-block-3-trial-15-target-7,543.0,273.0,22.5,False,Pointer Move (Standard mouse)
1786100478.763778,667,356,mac_trackPad-block-3-trial-15-target-7,543.0,273.0,22.5,False,Pointer Move (Standard mouse)
1786100478.7719522,658,345,mac_trackPad-block-3-trial-15-target-7,543.0,273.0,22.5,False,Pointer Move (Standard mouse)
1786100478.780084,651,335,mac_trackPad-block-3-trial-15-target-7,543.0,273.0,22.5,False,Pointer Move (Standard mouse)
1786100478.787731,644,325,mac_trackPad-block-3-trial-15-target-7,543.0,273.0,22.5,False,Pointer Move (Standard mouse)
1786100478.795914,638,318,mac_trackPad-block-3-trial-15-target-7,543.0,273.0,22.5,False,Pointer Move (Standard mouse)
1786100478.803804,631,312,mac_trackPad-block-3-trial-15-target-7,543.0,273.0,22.5,False,Pointer Move (Standard mouse)
1786100478.811787,627,306,mac_trackPad-block-3-trial-15-target-7,543.0,273.0,22.5,False,Pointer Move (Standard mouse)
1786100478.820128,623,302,mac_trackPad-block-3-trial-15-target-7,543.0,273.0,22.5,False,Pointer Move (Standard mouse)
1786100478.827958,620,298,mac_trackPad-block-3-trial-15-target-7,543.0,273.0,22.5,False,Pointer Move (Standard mouse)
1786100478.8361778,618,296,mac_trackPad-block-3-trial-15-target-7,543.0,273.0,22.5,False,Pointer Move (Standard mouse)
1786100478.8444202,614,293,mac_trackPad-block-3-trial-15-target-7,543.0,273.0,22.5,False,Pointer Move (Standard mouse)
1786100478.8525188,613,291,mac_trackPad-block-3-trial-15-target-7,543.0,273.0,22.5,False,Pointer Move (Standard mouse)
1786100478.8604732,611,290,mac_trackPad-block-3-trial-15-target-7,543.0,273.0,22.5,False,Pointer Move (Standard mouse)
1786100478.87099,609,288,mac_trackPad-block-3-trial-15-target-7,543.0,273.0,22.5,False,Pointer Move (Standard mouse)
1786100478.876621,608,287,mac_trackPad-block-3-trial-15-target-7,543.0,273.0,22.5,False,Pointer Move (Standard mouse)
1786100478.885091,607,287,mac_trackPad-block-3-trial-15-target-7,543.0,273.0,22.5,False,Pointer Move (Standard mouse)
1786100478.8929348,605,285,mac_trackPad-block-3-trial-15-target-7,543.0,273.0,22.5,False,Pointer Move (Standard mouse)
1786100478.901193,603,284,mac_trackPad-block-3-trial-15-target-7,543.0,273.0,22.5,False,Pointer Move (Standard mouse)
1786100478.909297,601,284,mac_trackPad-block-3-trial-15-target-7,543.0,273.0,22.5,False,Pointer Move (Standard mouse)
1786100478.918874,600,283,mac_trackPad-block-3-trial-15-target-7,543.0,273.0,22.5,False,Pointer Move (Standard mouse)
1786100478.9252741,598,281,mac_trackPad-block-3-trial-15-target-7,543.0,273.0,22.5,False,Pointer Move (Standard mouse)
1786100478.933609,596,281,mac_trackPad-block-3-trial-15-target-7,543.0,273.0,22.5,False,Pointer Move (Standard mouse)
1786100478.941508,594,279,mac_trackPad-block-3-trial-15-target-7,543.0,273.0,22.5,False,Pointer Move (Standard mouse)
1786100478.9496021,592,278,mac_trackPad-block-3-trial-15-target-7,543.0,273.0,22.5,False,Pointer Move (Standard mouse)
1786100478.957814,589,276,mac_trackPad-block-3-trial-15-target-7,543.0,273.0,22.5,False,Pointer Move (Standard mouse)
1786100478.967741,587,275,mac_trackPad-block-3-trial-15-target-7,543.0,273.0,22.5,False,Pointer Move (Standard mouse)
1786100478.973844,584,273,mac_trackPad-block-3-trial-15-target-7,543.0,273.0,22.5,False,Pointer Move (Standard mouse)
1786100478.981856,582,272,mac_trackPad-block-3-trial-15-target-7,543.0,273.0,22.5,False,Pointer Move (Standard mouse)
1786100478.989904,579,270,mac_trackPad-block-3-trial-15-target-7,543.0,273.0,22.5,False,Pointer Move (Standard mouse)
1786100478.997993,577,269,mac_trackPad-block-3-trial-15-target-7,543.0,273.0,22.5,False,Pointer Move (Standard mouse)
1786100479.006536,573,266,mac_trackPad-block-3-trial-15-target-7,543.0,273.0,22.5,False,Pointer Move (Standard mouse)
1786100479.014369,570,265,mac_trackPad-block-3-trial-15-target-7,543.0,273.0,22.5,False,Pointer Move (Standard mouse)
1786100479.022521,567,263,mac_trackPad-block-3-trial-15-target-7,543.0,273.0,22.5,False,Pointer Move (Standard mouse)
1786100479.0305018,565,262,mac_trackPad-block-3-trial-15-target-7,543.0,273.0,22.5,False,Pointer Move (Standard mouse)
1786100479.038559,563,260,mac_trackPad-block-3-trial-15-target-7,543.0,273.0,22.5,False,Pointer Move (Standard mouse)
1786100479.0468512,561,259,mac_trackPad-block-3-trial-15-target-7,543.0,273.0,22.5,False,Pointer Move (Standard mouse)
1786100479.054624,560,258,mac_trackPad-block-3-trial-15-target-7,543.0,273.0,22.5,False,Pointer Move (Standard mouse)
1786100479.062878,559,258,mac_trackPad-block-3-trial-15-target-7,543.0,273.0,22.5,False,Pointer Move (Standard mouse)
1786100479.071083,558,257,mac_trackPad-block-3-trial-15-target-7,543.0,273.0,22.5,False,Pointer Move (Standard mouse)
1786100479.079041,558,257,mac_trackPad-block-3-trial-15-target-7,543.0,273.0,22.5,False,Pointer Move (Standard mouse)
1786100479.086957,556,256,mac_trackPad-block-3-trial-15-target-7,543.0,273.0,22.5,False,Pointer Move (Standard mouse)
1786100479.095181,556,256,mac_trackPad-block-3-trial-15-target-7,543.0,273.0,22.5,False,Pointer Move (Standard mouse)
1786100479.103495,556,256,mac_trackPad-block-3-trial-15-target-7,543.0,273.0,22.5,False,Pointer Move (Standard mouse)
1786100479.111433,555,256,mac_trackPad-block-3-trial-15-target-7,543.0,273.0,22.5,False,Pointer Move (Standard mouse)
1786100479.1196558,555,255,mac_trackPad-block-3-trial-15-target-7,543.0,273.0,22.5,False,Pointer Move (Standard mouse)
1786100479.135921,555,255,mac_trackPad-block-3-trial-15-target-7,543.0,273.0,22.5,False,Pointer Move (Standard mouse)
1786100479.143426,554,255,mac_trackPad-block-3-trial-15-target-7,543.0,273.0,22.5,False,Pointer Move (Standard mouse)
1786100479.159583,554,255,mac_trackPad-block-3-trial-15-target-7,543.0,273.0,22.5,False,Pointer Move (Standard mouse)
1786100479.184284,554,255,mac_trackPad-block-3-trial-15-target-7,543.0,273.0,22.5,False,Pointer Move (Standard mouse)
1786100479.2003598,553,255,mac_trackPad-block-3-trial-15-target-7,543.0,273.0,22.5,False,Pointer Move (Standard mouse)
1786100479.225437,553,255,mac_trackPad-block-3-trial-15-target-7,543.0,273.0,22.5,False,Pointer Move (Standard mouse)
1786100479.2577221,553,255,mac_trackPad-block-3-trial-15-target-7,543.0,273.0,22.5,False,Pointer Move (Standard mouse)
1786100479.313666,553,255,mac_trackPad-block-3-trial-15-target-7,543.0,273.0,22.5,target_selected,target_selected
1786100479.499778,553,256,mac_trackPad-block-3-trial-16-target-3,897.0,627.0,22.5,False,Pointer Move (Standard mouse)
1786100479.507605,557,259,mac_trackPad-block-3-trial-16-target-3,897.0,627.0,22.5,False,Pointer Move (Standard mouse)
1786100479.515907,563,266,mac_trackPad-block-3-trial-16-target-3,897.0,627.0,22.5,False,Pointer Move (Standard mouse)
1786100479.5237381,571,271,mac_trackPad-block-3-trial-16-target-3,897.0,627.0,22.5,False,Pointer Move (Standard mouse)
1786100479.532149,578,277,mac_trackPad-block-3-trial-16-target-3,897.0,627.0,22.5,False,Pointer Move (Standard mouse)
1786100479.540169,589,286,mac_trackPad-block-3-trial-16-target-3,897.0,627.0,22.5,False,Pointer Move (Standard mouse)
1786100479.548324,599,293,mac_trackPad-block-3-trial-16-target-3,897.0,627.0,22.5,False,Pointer Move (Standard mouse)
1786100479.556212,611,301,mac_trackPad-block-3-trial-16-target-3,897.0,627.0,22.5,False,Pointer Move (Standard mouse)
1786100479.564148,618,307,mac_trackPad-block-3-trial-16-target-3,897.0,627.0,22.5,False,Pointer Move (Standard mouse)
1786100479.5722592,628,313,mac_trackPad-block-3-trial-16-target-3,897.0,627.0,22.5,False,Pointer Move (Standard mouse)
1786100479.5803368,638,320,mac_trackPad-block-3-trial-16-target-3,897.0,627.0,22.5,False,Pointer Move (Standard mouse)
1786100479.588466,652,330,mac_trackPad-block-3-trial-16-target-3,897.0,627.0,22.5,False,Pointer Move (Standard mouse)
1786100479.596404,661,335,mac_trackPad-block-3-trial-16-target-3,897.0,627.0,22.5,False,Pointer Move (Standard mouse)
1786100479.6044118,672,345,mac_trackPad-block-3-trial-16-target-3,897.0,627.0,22.5,False,Pointer Move (Standard mouse)
1786100479.612732,687,355,mac_trackPad-block-3-trial-16-target-3,897.0,627.0,22.5,False,Pointer Move (Standard mouse)
1786100479.620775,701,367,mac_trackPad-block-3-trial-16-target-3,897.0,627.0,22.5,False,Pointer Move (Standard mouse)
1786100479.628735,714,379,mac_trackPad-block-3-trial-16-target-3,897.0,627.0,22.5,False,Pointer Move (Standard mouse)
1786100479.636671,729,393,mac_trackPad-block-3-trial-16-target-3,897.0,627.0,22.5,False,Pointer Move (Standard mouse)
1786100479.645227,744,408,mac_trackPad-block-3-trial-16-target-3,897.0,627.0,22.5,False,Pointer Move (Standard mouse)
1786100479.653686,759,423,mac_trackPad-block-3-trial-16-target-3,897.0,627.0,22.5,False,Pointer Move (Standard mouse)
1786100479.661227,771,439,mac_trackPad-block-3-trial-16-target-3,897.0,627.0,22.5,False,Pointer Move (Standard mouse)
1786100479.669425,784,456,mac_trackPad-block-3-trial-16-target-3,897.0,627.0,22.5,False,Pointer Move (Standard mouse)
1786100479.677171,797,472,mac_trackPad-block-3-trial-16-target-3,897.0,627.0,22.5,False,Pointer Move (Standard mouse)
1786100479.685418,807,486,mac_trackPad-block-3-trial-16-target-3,897.0,627.0,22.5,False,Pointer Move (Standard mouse)
1786100479.6936378,818,499,mac_trackPad-block-3-trial-16-target-3,897.0,627.0,22.5,False,Pointer Move (Standard mouse)
1786100479.701576,820,504,mac_trackPad-block-3-trial-16-target-3,897.0,627.0,22.5,False,Pointer Move (Standard mouse)
1786100479.709769,826,514,mac_trackPad-block-3-trial-16-target-3,897.0,627.0,22.5,False,Pointer Move (Standard mouse)
1786100479.71784,831,522,mac_trackPad-block-3-trial-16-target-3,897.0,627.0,22.5,False,Pointer Move (Standard mouse)
1786100479.726034,836,529,mac_trackPad-block-3-trial-16-target-3,897.0,627.0,22.5,False,Pointer Move (Standard mouse)
1786100479.7343822,838,534,mac_trackPad-block-3-trial-16-target-3,897.0,627.0,22.5,False,Pointer Move (Standard mouse)
1786100479.742472,840,539,mac_trackPad-block-3-trial-16-target-3,897.0,627.0,22.5,False,Pointer Move (Standard mouse)
1786100479.751235,841,542,mac_trackPad-block-3-trial-16-target-3,897.0,627.0,22.5,False,Pointer Move (Standard mouse)
1786100479.7582238,842,547,mac_trackPad-block-3-trial-16-target-3,897.0,627.0,22.5,False,Pointer Move (Standard mouse)
1786100479.766238,843,549,mac_trackPad-block-3-trial-16-target-3,897.0,627.0,22.5,False,Pointer Move (Standard mouse)
1786100479.774251,844,552,mac_trackPad-block-3-trial-16-target-3,897.0,627.0,22.5,False,Pointer Move (Standard mouse)
1786100479.7823281,845,554,mac_trackPad-block-3-trial-16-target-3,897.0,627.0,22.5,False,Pointer Move (Standard mouse)
1786100479.790696,845,556,mac_trackPad-block-3-trial-16-target-3,897.0,627.0,22.5,False,Pointer Move (Standard mouse)
1786100479.798593,846,559,mac_trackPad-block-3-trial-16-target-3,897.0,627.0,22.5,False,Pointer Move (Standard mouse)
1786100479.806884,847,561,mac_trackPad-block-3-trial-16-target-3,897.0,627.0,22.5,False,Pointer Move (Standard mouse)
1786100479.814921,847,564,mac_trackPad-block-3-trial-16-target-3,897.0,627.0,22.5,False,Pointer Move (Standard mouse)
1786100479.8230278,847,568,mac_trackPad-block-3-trial-16-target-3,897.0,627.0,22.5,False,Pointer Move (Standard mouse)
1786100479.831133,848,572,mac_trackPad-block-3-trial-16-target-3,897.0,627.0,22.5,False,Pointer Move (Standard mouse)
1786100479.839075,849,577,mac_trackPad-block-3-trial-16-target-3,897.0,627.0,22.5,False,Pointer Move (Standard mouse)
1786100479.847353,850,582,mac_trackPad-block-3-trial-16-target-3,897.0,627.0,22.5,False,Pointer Move (Standard mouse)
1786100479.855393,851,589,mac_trackPad-block-3-trial-16-target-3,897.0,627.0,22.5,False,Pointer Move (Standard mouse)
1786100479.8635452,852,593,mac_trackPad-block-3-trial-16-target-3,897.0,627.0,22.5,False,Pointer Move (Standard mouse)
1786100479.871337,855,600,mac_trackPad-block-3-trial-16-target-3,897.0,627.0,22.5,False,Pointer Move (Standard mouse)
1786100479.879713,857,605,mac_trackPad-block-3-trial-16-target-3,897.0,627.0,22.5,False,Pointer Move (Standard mouse)
1786100479.887574,859,611,mac_trackPad-block-3-trial-16-target-3,897.0,627.0,22.5,False,Pointer Move (Standard mouse)
1786100479.895649,861,616,mac_trackPad-block-3-trial-16-target-3,897.0,627.0,22.5,False,Pointer Move (Standard mouse)
1786100479.904254,864,621,mac_trackPad-block-3-trial-16-target-3,897.0,627.0,22.5,False,Pointer Move (Standard mouse)
1786100479.911786,865,626,mac_trackPad-block-3-trial-16-target-3,897.0,627.0,22.5,False,Pointer Move (Standard mouse)
1786100479.919845,868,630,mac_trackPad-block-3-trial-16-target-3,897.0,627.0,22.5,False,Pointer Move (Standard mouse)
1786100479.928116,871,633,mac_trackPad-block-3-trial-16-target-3,897.0,627.0,22.5,False,Pointer Move (Standard mouse)
1786100479.93627,875,637,mac_trackPad-block-3-trial-16-target-3,897.0,627.0,22.5,False,Pointer Move (Standard mouse)
1786100479.9442089,879,641,mac_trackPad-block-3-trial-16-target-3,897.0,627.0,22.5,False,Pointer Move (Standard mouse)
1786100479.95235,883,645,mac_trackPad-block-3-trial-16-target-3,897.0,627.0,22.5,False,Pointer Move (Standard mouse)
1786100479.96041,887,648,mac_trackPad-block-3-trial-16-target-3,897.0,627.0,22.5,False,Pointer Move (Standard mouse)
1786100479.968816,893,652,mac_trackPad-block-3-trial-16-target-3,897.0,627.0,22.5,False,Pointer Move (Standard mouse)
1786100479.976933,897,655,mac_trackPad-block-3-trial-16-target-3,897.0,627.0,22.5,False,Pointer Move (Standard mouse)
1786100479.9847271,902,658,mac_trackPad-block-3-trial-16-target-3,897.0,627.0,22.5,False,Pointer Move (Standard mouse)
1786100479.992789,905,661,mac_trackPad-block-3-trial-16-target-3,897.0,627.0,22.5,False,Pointer Move (Standard mouse)
1786100480.000751,909,662,mac_trackPad-block-3-trial-16-target-3,897.0,627.0,22.5,False,Pointer Move (Standard mouse)
1786100480.0088892,911,663,mac_trackPad-block-3-trial-16-target-3,897.0,627.0,22.5,False,Pointer Move (Standard mouse)
1786100480.0171368,913,664,mac_trackPad-block-3-trial-16-target-3,897.0,627.0,22.5,False,Pointer Move (Standard mouse)
1786100480.0254028,914,665,mac_trackPad-block-3-trial-16-target-3,897.0,627.0,22.5,False,Pointer Move (Standard mouse)
1786100480.0334709,915,666,mac_trackPad-block-3-trial-16-target-3,897.0,627.0,22.5,False,Pointer Move (Standard mouse)
1786100480.041149,915,666,mac_trackPad-block-3-trial-16-target-3,897.0,627.0,22.5,False,Pointer Move (Standard mouse)
1786100480.049251,916,666,mac_trackPad-block-3-trial-16-target-3,897.0,627.0,22.5,False,Pointer Move (Standard mouse)
1786100480.057565,916,666,mac_trackPad-block-3-trial-16-target-3,897.0,627.0,22.5,False,Pointer Move (Standard mouse)
1786100480.0655181,916,666,mac_trackPad-block-3-trial-16-target-3,897.0,627.0,22.5,False,Pointer Move (Standard mouse)
1786100480.073487,917,666,mac_trackPad-block-3-trial-16-target-3,897.0,627.0,22.5,False,Pointer Move (Standard mouse)
1786100480.114091,917,666,mac_trackPad-block-3-trial-16-target-3,897.0,627.0,22.5,False,Pointer Move (Standard mouse)
1786100480.154507,917,666,mac_trackPad-block-3-trial-16-target-3,897.0,627.0,22.5,False,Pointer Move (Standard mouse)
1786100480.162563,917,665,mac_trackPad-block-3-trial-16-target-3,897.0,627.0,22.5,False,Pointer Move (Standard mouse)
1786100480.1717749,917,664,mac_trackPad-block-3-trial-16-target-3,897.0,627.0,22.5,False,Pointer Move (Standard mouse)
1786100480.179233,917,663,mac_trackPad-block-3-trial-16-target-3,897.0,627.0,22.5,False,Pointer Move (Standard mouse)
1786100480.1868002,917,662,mac_trackPad-block-3-trial-16-target-3,897.0,627.0,22.5,False,Pointer Move (Standard mouse)
1786100480.194907,917,661,mac_trackPad-block-3-trial-16-target-3,897.0,627.0,22.5,False,Pointer Move (Standard mouse)
1786100480.203077,917,659,mac_trackPad-block-3-trial-16-target-3,897.0,627.0,22.5,False,Pointer Move (Standard mouse)
1786100480.211221,917,658,mac_trackPad-block-3-trial-16-target-3,897.0,627.0,22.5,False,Pointer Move (Standard mouse)
1786100480.2192261,917,656,mac_trackPad-block-3-trial-16-target-3,897.0,627.0,22.5,False,Pointer Move (Standard mouse)
1786100480.227208,916,655,mac_trackPad-block-3-trial-16-target-3,897.0,627.0,22.5,False,Pointer Move (Standard mouse)
1786100480.235243,916,654,mac_trackPad-block-3-trial-16-target-3,897.0,627.0,22.5,False,Pointer Move (Standard mouse)
1786100480.243253,915,652,mac_trackPad-block-3-trial-16-target-3,897.0,627.0,22.5,False,Pointer Move (Standard mouse)
1786100480.251301,914,651,mac_trackPad-block-3-trial-16-target-3,897.0,627.0,22.5,False,Pointer Move (Standard mouse)
1786100480.259685,913,649,mac_trackPad-block-3-trial-16-target-3,897.0,627.0,22.5,False,Pointer Move (Standard mouse)
1786100480.267709,913,648,mac_trackPad-block-3-trial-16-target-3,897.0,627.0,22.5,False,Pointer Move (Standard mouse)
1786100480.275863,912,646,mac_trackPad-block-3-trial-16-target-3,897.0,627.0,22.5,False,Pointer Move (Standard mouse)
1786100480.283726,911,645,mac_trackPad-block-3-trial-16-target-3,897.0,627.0,22.5,False,Pointer Move (Standard mouse)
1786100480.2919412,910,643,mac_trackPad-block-3-trial-16-target-3,897.0,627.0,22.5,False,Pointer Move (Standard mouse)
1786100480.3003361,909,642,mac_trackPad-block-3-trial-16-target-3,897.0,627.0,22.5,False,Pointer Move (Standard mouse)
1786100480.308128,909,640,mac_trackPad-block-3-trial-16-target-3,897.0,627.0,22.5,False,Pointer Move (Standard mouse)
1786100480.316247,908,639,mac_trackPad-block-3-trial-16-target-3,897.0,627.0,22.5,False,Pointer Move (Standard mouse)
1786100480.324217,907,637,mac_trackPad-block-3-trial-16-target-3,897.0,627.0,22.5,False,Pointer Move (Standard mouse)
1786100480.3324401,906,635,mac_trackPad-block-3-trial-16-target-3,897.0,627.0,22.5,False,Pointer Move (Standard mouse)
1786100480.34063,905,633,mac_trackPad-block-3-trial-16-target-3,897.0,627.0,22.5,False,Pointer Move (Standard mouse)
1786100480.3489559,904,632,mac_trackPad-block-3-trial-16-target-3,897.0,627.0,22.5,False,Pointer Move (Standard mouse)
1786100480.3568819,903,631,mac_trackPad-block-3-trial-16-target-3,897.0,627.0,22.5,False,Pointer Move (Standard mouse)
1786100480.364619,903,631,mac_trackPad-block-3-trial-16-target-3,897.0,627.0,22.5,False,Pointer Move (Standard mouse)
1786100480.3727329,902,630,mac_trackPad-block-3-trial-16-target-3,897.0,627.0,22.5,False,Pointer Move (Standard mouse)
1786100480.380961,902,630,mac_trackPad-block-3-trial-16-target-3,897.0,627.0,22.5,False,Pointer Move (Standard mouse)
1786100480.389195,902,630,mac_trackPad-block-3-trial-16-target-3,897.0,627.0,22.5,False,Pointer Move (Standard mouse)
1786100480.3976169,902,629,mac_trackPad-block-3-trial-16-target-3,897.0,627.0,22.5,False,Pointer Move (Standard mouse)
1786100480.405198,902,629,mac_trackPad-block-3-trial-16-target-3,897.0,627.0,22.5,False,Pointer Move (Standard mouse)
1786100480.479913,902,629,mac_trackPad-block-3-trial-16-target-3,897.0,627.0,22.5,target_selected,target_selected
