timestamp,cursor_x,cursor_y,target_id,target_center_x,target_center_y,target_radius,click_event,movement_state
1786100584.318879,557,363,Mac_TrackPad_iso-block-1-trial-1-target-4,720.0,600.0,37.5,False,Pointer Move (unknown)
1786100584.3193111,560,367,Mac_TrackPad_iso-block-1-trial-1-target-4,720.0,600.0,37.5,False,Pointer Move (unknown)
1786100584.327883,563,374,Mac_TrackPad_iso-block-1-trial-1-target-4,720.0,600.0,37.5,False,Pointer Move (unknown)
1786100584.3348129,569,384,Mac_TrackPad_iso-block-1-trial-1-target-4,720.0,600.0,37.5,False,Pointer Move (unknown)
1786100584.342624,574,394,Mac_TrackPad_iso-block-1-trial-1-target-4,720.0,600.0,37.5,False,Pointer Move (unknown)
1786100584.350838,580,405,Mac_TrackPad_iso-block-1-trial-1-target-4,720.0,600.0,37.5,False,Pointer Move (unknown)
1786100584.358935,586,419,Mac_TrackPad_iso-block-1-trial-1-target-4,720.0,600.0,37.5,False,Pointer Move (unknown)
1786100584.367033,591,430,Mac_TrackPad_iso-block-1-trial-1-target-4,720.0,600.0,37.5,False,Pointer Move (unknown)
1786100584.374996,598,444,Mac_TrackPad_iso-block-1-trial-1-target-4,720.0,600.0,37.5,False,Pointer Move (unknown)
1786100584.383053,605,456,Mac_TrackPad_iso-block-1-trial-1-target-4,720.0,600.0,37.5,False,Pointer Move (unknown)
1786100584.391103,611,467,Mac_TrackPad_iso-block-1-trial-1-target-4,720.0,600.0,37.5,False,Pointer Move (unknown)
1786100584.3995788,617,478,Mac_TrackPad_iso-block-1-trial-1-target-4,720.0,600.0,37.5,False,Pointer Move (unknown)
1786100584.407522,622,489,Mac_TrackPad_iso-block-1-trial-1-target-4,720.0,600.0,37.5,False,Pointer Move (unknown)
1786100584.4156532,628,501,Mac_TrackPad_iso-block-1-trial-1-target-4,720.0,600.0,37.5,False,Pointer Move (unknown)
1786100584.423847,633,512,Mac_TrackPad_iso-block-1-trial-1-target-4,720.0,600.0,37.5,False,Pointer Move (unknown)
1786100584.431912,635,515,Mac_TrackPad_iso-block-1-trial-1-target-4,720.0,600.0,37.5,False,Pointer Move (unknown)
1786100584.440393,639,526,Mac_TrackPad_iso-block-1-trial-1-target-4,720.0,600.0,37.5,False,Pointer Move (unknown)
1786100584.448288,645,536,Mac_TrackPad_iso-block-1-trial-1-target-4,720.0,600.0,37.5,False,Pointer Move (unknown)
1786100584.457531,648,545,Mac_TrackPad_iso-block-1-trial-1-target-4,720.0,600.0,37.5,False,Pointer Move (unknown)
1786100584.4647,651,553,Mac_TrackPad_iso-block-1-trial-1-target-4,720.0,600.0,37.5,False,Pointer Move (unknown)
1786100584.4724858,654,560,Mac_TrackPad_iso-block-1-trial-1-target-4,720.0,600.0,37.5,False,Pointer Move (unknown)
1786100584.481549,656,567,Mac_TrackPad_iso-block-1-trial-1-target-4,720.0,600.0,37.5,False,Pointer Move (unknown)
1786100584.489229,658,571,Mac_TrackPad_iso-block-1-trial-1-target-4,720.0,600.0,37.5,False,Pointer Move (unknown)
1786100584.4973,660,576,Mac_TrackPad_iso-block-1-trial-1-target-4,720.0,600.0,37.5,False,Pointer Move (unknown)
1786100584.505749,662,579,Mac_TrackPad_iso-block-1-trial-1-target-4,720.0,600.0,37.5,False,Pointer Move (unknown)
1786100584.513684,662,581,Mac_TrackPad_iso-block-1-trial-1-target-4,720.0,600.0,37.5,False,Pointer Move (unknown)
1786100584.5219991,663,583,Mac_TrackPad_iso-block-1-trial-1-target-4,720.0,600.0,37.5,False,Pointer Move (unknown)
1786100584.5298,664,584,Mac_TrackPad_iso-block-1-trial-1-target-4,720.0,600.0,37.5,False,Pointer Move (unknown)
1786100584.537662,665,586,Mac_TrackPad_iso-block-1-trial-1-target-4,720.0,600.0,37.5,False,Pointer Move (unknown)
1786100584.546929,665,588,Mac_TrackPad_iso-block-1-trial-1-target-4,720.0,600.0,37.5,False,Pointer Move (unknown)
1786100584.554286,666,589,Mac_TrackPad_iso-block-1-trial-1-target-4,720.0,600.0,37.5,False,Pointer Move (unknown)
1786100584.5622568,667,590,Mac_TrackPad_iso-block-1-trial-1-target-4,720.0,600.0,37.5,False,Pointer Move (unknown)
1786100584.570003,668,591,Mac_TrackPad_iso-block-1-trial-1-target-4,720.0,600.0,37.5,False,Pointer Move (unknown)
1786100584.5786939,669,593,Mac_TrackPad_iso-block-1-trial-1-target-4,720.0,600.0,37.5,False,Pointer Move (unknown)
1786100584.5861819,670,594,Mac_TrackPad_iso-block-1-trial-1-target-4,720.0,600.0,37.5,False,Pointer Move (unknown)
1786100584.594592,671,595,Mac_TrackPad_iso-block-1-trial-1-target-4,720.0,600.0,37.5,False,Pointer Move (unknown)
1786100584.602741,671,597,Mac_TrackPad_iso-block-1-trial-1-target-4,720.0,600.0,37.5,False,Pointer Move (unknown)
1786100584.610848,673,599,Mac_TrackPad_iso-block-1-trial-1-target-4,720.0,600.0,37.5,False,Pointer Move (unknown)
1786100584.618716,674,600,Mac_TrackPad_iso-block-1-trial-1-target-4,720.0,600.0,37.5,False,Pointer Move (unknown)
1786100584.626915,674,601,Mac_TrackPad_iso-block-1-trial-1-target-4,720.0,600.0,37.5,False,Pointer Move (unknown)
1786100584.634876,676,603,Mac_TrackPad_iso-block-1-trial-1-target-4,720.0,600.0,37.5,False,Pointer Move (unknown)
1786100584.6428878,676,604,Mac_TrackPad_iso-block-1-trial-1-target-4,720.0,600.0,37.5,False,Pointer Move (unknown)
1786100584.650812,677,605,Mac_TrackPad_iso-block-1-trial-1-target-4,720.0,600.0,37.5,False,Pointer Move (unknown)
1786100584.6592152,678,606,Mac_TrackPad_iso-block-1-trial-1-target-4,720.0,600.0,37.5,False,Pointer Move (unknown)
1786100584.6669,679,607,Mac_TrackPad_iso-block-1-trial-1-target-4,720.0,600.0,37.5,False,Pointer Move (unknown)
1786100584.6752489,680,608,Mac_TrackPad_iso-block-1-trial-1-target-4,720.0,600.0,37.5,False,Pointer Move (unknown)
1786100584.683527,681,609,Mac_TrackPad_iso-block-1-trial-1-target-4,720.0,600.0,37.5,False,Pointer Move (unknown)
1786100584.6915488,683,611,Mac_TrackPad_iso-block-1-trial-1-target-4,720.0,600.0,37.5,False,Pointer Move (unknown)
1786100584.699616,684,611,Mac_TrackPad_iso-block-1-trial-1-target-4,720.0,600.0,37.5,False,Pointer Move (unknown)
1786100584.707793,685,612,Mac_TrackPad_iso-block-1-trial-1-target-4,720.0,600.0,37.5,False,Pointer Move (unknown)
1786100584.715737,686,613,Mac_TrackPad_iso-block-1-trial-1-target-4,720.0,600.0,37.5,False,Pointer Move (unknown)
1786100584.72528,687,613,Mac_TrackPad_iso-block-1-trial-1-target-4,720.0,600.0,37.5,False,Pointer Move (unknown)
1786100584.7321112,688,614,Mac_TrackPad_iso-block-1-trial-1-target-4,720.0,600.0,37.5,False,Pointer Move (unknown)
1786100584.740764,689,614,Mac_TrackPad_iso-block-1-trial-1-target-4,720.0,600.0,37.5,False,Pointer Move (unknown)
1786100584.748374,689,615,Mac_TrackPad_iso-block-1-trial-1-target-4,720.0,600.0,37.5,False,Pointer Move (unknown)
1786100584.7560809,691,615,Mac_TrackPad_iso-block-1-trial-1-target-4,720.0,600.0,37.5,False,Pointer Move (unknown)
1786100584.764432,692,615,Mac_TrackPad_iso-block-1-trial-1-target-4,720.0,600.0,37.5,False,Pointer Move (unknown)
1786100584.772442,694,615,Mac_TrackPad_iso-block-1-trial-1-target-4,720.0,600.0,37.5,False,Pointer Move (unknown)
1786100584.780523,696,615,Mac_TrackPad_iso-block-1-trial-1-target-4,720.0,600.0,37.5,False,Pointer Move (unknown)
1786100584.788705,698,615,Mac_TrackPad_iso-block-1-trial-1-target-4,720.0,600.0,37.5,False,Pointer Move (unknown)
1786100584.796803,701,615,Mac_TrackPad_iso-block-1-trial-1-target-4,720.0,600.0,37.5,False,Pointer Move (unknown)
1786100584.804685,705,615,Mac_TrackPad_iso-block-1-trial-1-target-4,720.0,600.0,37.5,False,Pointer Move (unknown)
1786100584.8130481,707,615,Mac_TrackPad_iso-block-1-trial-1-target-4,720.0,600.0,37.5,False,Pointer Move (unknown)
1786100584.821045,709,614,Mac_TrackPad_iso-block-1-trial-1-target-4,720.0,600.0,37.5,False,Pointer Move (unknown)
1786100584.829016,711,613,Mac_TrackPad_iso-block-1-trial-1-target-4,720.0,600.0,37.5,False,Pointer Move (unknown)
1786100584.836851,712,613,Mac_TrackPad_iso-block-1-trial-1-target-4,720.0,600.0,37.5,False,Pointer Move (unknown)
1786100584.84517,713,612,Mac_TrackPad_iso-block-1-trial-1-target-4,720.0,600.0,37.5,False,Pointer Move (unknown)
1786100584.853248,713,612,Mac_TrackPad_iso-block-1-trial-1-target-4,720.0,600.0,37.5,False,Pointer Move (unknown)
1786100584.860676,714,612,Mac_TrackPad_iso-block-1-trial-1-target-4,720.0,600.0,37.5,False,Pointer Move (unknown)
1786100584.868416,715,612,Mac_TrackPad_iso-block-1-trial-1-target-4,720.0,600.0,37.5,False,Pointer Move (unknown)
1786100584.8771799,715,612,Mac_TrackPad_iso-block-1-trial-1-target-4,720.0,600.0,37.5,False,Pointer Move (unknown)
1786100584.885206,715,612,Mac_TrackPad_iso-block-1-trial-1-target-4,720.0,600.0,37.5,False,Pointer Move (unknown)
1786100584.927689,715,612,Mac_TrackPad_iso-block-1-trial-1-target-4,720.0,600.0,37.5,target_selected,target_selected
1786100584.947449,715,612,Mac_TrackPad_iso-block-1-trial-2-target-0,720.0,300.0,37.5,False,Pointer Move (unknown)
1786100585.0808792,715,611,Mac_TrackPad_iso-block-1-trial-2-target-0,720.0,300.0,37.5,False,Pointer Move (unknown)
1786100585.088757,715,606,Mac_TrackPad_iso-block-1-trial-2-target-0,720.0,300.0,37.5,False,Pointer Move (unknown)
1786100585.096704,715,601,Mac_TrackPad_iso-block-1-trial-2-target-0,720.0,300.0,37.5,False,Pointer Move (unknown)
1786100585.103922,715,595,Mac_TrackPad_iso-block-1-trial-2-target-0,720.0,300.0,37.5,False,Pointer Move (unknown)
1786100585.112819,715,586,Mac_TrackPad_iso-block-1-trial-2-target-0,720.0,300.0,37.5,False,Pointer Move (unknown)
1786100585.119875,715,577,Mac_TrackPad_iso-block-1-trial-2-target-0,720.0,300.0,37.5,False,Pointer Move (unknown)
1786100585.1282072,715,574,Mac_TrackPad_iso-block-1-trial-2-target-0,720.0,300.0,37.5,False,Pointer Move (unknown)
1786100585.13623,715,567,Mac_TrackPad_iso-block-1-trial-2-target-0,720.0,300.0,37.5,False,Pointer Move (unknown)
1786100585.144347,715,561,Mac_TrackPad_iso-block-1-trial-2-target-0,720.0,300.0,37.5,False,Pointer Move (unknown)
1786100585.1526499,715,554,Mac_TrackPad_iso-block-1-trial-2-target-0,720.0,300.0,37.5,False,Pointer Move (unknown)
1786100585.160419,715,545,Mac_TrackPad_iso-block-1-trial-2-target-0,720.0,300.0,37.5,False,Pointer Move (unknown)
1786100585.169256,715,540,Mac_TrackPad_iso-block-1-trial-2-target-0,720.0,300.0,37.5,False,Pointer Move (unknown)
1786100585.1779032,715,532,Mac_TrackPad_iso-block-1-trial-2-target-0,720.0,300.0,37.5,False,Pointer Move (unknown)
1786100585.184866,715,523,Mac_TrackPad_iso-block-1-trial-2-target-0,720.0,300.0,37.5,False,Pointer Move (unknown)
1786100585.192767,715,512,Mac_TrackPad_iso-block-1-trial-2-target-0,720.0,300.0,37.5,False,Pointer Move (unknown)
1786100585.2012758,715,503,Mac_TrackPad_iso-block-1-trial-2-target-0,720.0,300.0,37.5,False,Pointer Move (unknown)
1786100585.209138,715,489,Mac_TrackPad_iso-block-1-trial-2-target-0,720.0,300.0,37.5,False,Pointer Move (unknown)
1786100585.217943,715,475,Mac_TrackPad_iso-block-1-trial-2-target-0,720.0,300.0,37.5,False,Pointer Move (unknown)
1786100585.225892,715,458,Mac_TrackPad_iso-block-1-trial-2-target-0,720.0,300.0,37.5,False,Pointer Move (unknown)
1786100585.233984,715,441,Mac_TrackPad_iso-block-1-trial-2-target-0,720.0,300.0,37.5,False,Pointer Move (unknown)
1786100585.241812,715,424,Mac_TrackPad_iso-block-1-trial-2-target-0,720.0,300.0,37.5,False,Pointer Move (unknown)
1786100585.250268,715,408,Mac_TrackPad_iso-block-1-trial-2-target-0,720.0,300.0,37.5,False,Pointer Move (unknown)
1786100585.258005,715,387,Mac_TrackPad_iso-block-1-trial-2-target-0,720.0,300.0,37.5,False,Pointer Move (unknown)
1786100585.266444,715,383,Mac_TrackPad_iso-block-1-trial-2-target-0,720.0,300.0,37.5,False,Pointer Move (unknown)
1786100585.27394,715,374,Mac_TrackPad_iso-block-1-trial-2-target-0,720.0,300.0,37.5,False,Pointer Move (unknown)
1786100585.2817202,715,363,Mac_TrackPad_iso-block-1-trial-2-target-0,720.0,300.0,37.5,False,Pointer Move (unknown)
1786100585.2898319,715,356,Mac_TrackPad_iso-block-1-trial-2-target-0,720.0,300.0,37.5,False,Pointer Move (unknown)
1786100585.298078,715,351,Mac_TrackPad_iso-block-1-trial-2-target-0,720.0,300.0,37.5,False,Pointer Move (unknown)
1786100585.3061,715,345,Mac_TrackPad_iso-block-1-trial-2-target-0,720.0,300.0,37.5,False,Pointer Move (unknown)
1786100585.3139598,716,341,Mac_TrackPad_iso-block-1-trial-2-target-0,720.0,300.0,37.5,False,Pointer Move (unknown)
1786100585.322273,717,339,Mac_TrackPad_iso-block-1-trial-2-target-0,720.0,300.0,37.5,False,Pointer Move (unknown)
1786100585.331019,718,337,Mac_TrackPad_iso-block-1-trial-2-target-0,720.0,300.0,37.5,False,Pointer Move (unknown)
1786100585.338696,718,336,Mac_TrackPad_iso-block-1-trial-2-target-0,720.0,300.0,37.5,False,Pointer Move (unknown)
1786100585.347046,719,335,Mac_TrackPad_iso-block-1-trial-2-target-0,720.0,300.0,37.5,False,Pointer Move (unknown)
1786100585.354859,719,333,Mac_TrackPad_iso-block-1-trial-2-target-0,720.0,300.0,37.5,False,Pointer Move (unknown)
1786100585.362589,720,333,Mac_TrackPad_iso-block-1-trial-2-target-0,720.0,300.0,37.5,False,Pointer Move (unknown)
1786100585.3708642,720,332,Mac_TrackPad_iso-block-1-trial-2-target-0,720.0,300.0,37.5,False,Pointer Move (unknown)
1786100585.378886,721,331,Mac_TrackPad_iso-block-1-trial-2-target-0,720.0,300.0,37.5,False,Pointer Move (unknown)
1786100585.3868,721,330,Mac_TrackPad_iso-block-1-trial-2-target-0,720.0,300.0,37.5,False,Pointer Move (unknown)
1786100585.395005,721,329,Mac_TrackPad_iso-block-1-trial-2-target-0,720.0,300.0,37.5,False,Pointer Move (unknown)
1786100585.40348,721,328,Mac_TrackPad_iso-block-1-trial-2-target-0,720.0,300.0,37.5,False,Pointer Move (unknown)
1786100585.411247,722,326,Mac_TrackPad_iso-block-1-trial-2-target-0,720.0,300.0,37.5,False,Pointer Move (unknown)
1786100585.419512,722,325,Mac_TrackPad_iso-block-1-trial-2-target-0,720.0,300.0,37.5,False,Pointer Move (unknown)
1786100585.427402,722,324,Mac_TrackPad_iso-block-1-trial-2-target-0,720.0,300.0,37.5,False,Pointer Move (unknown)
1786100585.4354649,722,323,Mac_TrackPad_iso-block-1-trial-2-target-0,720.0,300.0,37.5,False,Pointer Move (unknown)
1786100585.444389,722,322,Mac_TrackPad_iso-block-1-trial-2-target-0,720.0,300.0,37.5,False,Pointer Move (unknown)
1786100585.451904,722,321,Mac_TrackPad_iso-block-1-trial-2-target-0,720.0,300.0,37.5,False,Pointer Move (unknown)
1786100585.4600372,722,321,Mac_TrackPad_iso-block-1-trial-2-target-0,720.0,300.0,37.5,False,Pointer Move (unknown)
1786100585.4677372,722,319,Mac_TrackPad_iso-block-1-trial-2-target-0,720.0,300.0,37.5,False,Pointer Move (unknown)
1786100585.4758432,722,319,Mac_TrackPad_iso-block-1-trial-2-target-0,720.0,300.0,37.5,False,Pointer Move (unknown)
1786100585.484554,722,319,Mac_TrackPad_iso-block-1-trial-2-target-0,720.0,300.0,37.5,False,Pointer Move (unknown)
1786100585.500264,722,318,Mac_TrackPad_iso-block-1-trial-2-target-0,720.0,300.0,37.5,False,Pointer Move (unknown)
1786100585.562218,722,318,Mac_TrackPad_iso-block-1-trial-2-target-0,720.0,300.0,37.5,target_selected,target_selected
1786100585.858469,722,319,Mac_TrackPad_iso-block-1-trial-3-target-4,720.0,600.0,37.5,False,Pointer Move (unknown)
1786100585.8660932,722,322,Mac_TrackPad_iso-block-1-trial-3-target-4,720.0,600.0,37.5,False,Pointer Move (unknown)
1786100585.873709,722,329,Mac_TrackPad_iso-block-1-trial-3-target-4,720.0,600.0,37.5,False,Pointer Move (unknown)
1786100585.880529,722,335,Mac_TrackPad_iso-block-1-trial-3-target-4,720.0,600.0,37.5,False,Pointer Move (unknown)
1786100585.888821,722,344,Mac_TrackPad_iso-block-1-trial-3-target-4,720.0,600.0,37.5,False,Pointer Move (unknown)
1786100585.8966,722,358,Mac_TrackPad_iso-block-1-trial-3-target-4,720.0,600.0,37.5,False,Pointer Move (unknown)
1786100585.905452,722,372,Mac_TrackPad_iso-block-1-trial-3-target-4,720.0,600.0,37.5,False,Pointer Move (unknown)
1786100585.9127219,722,396,Mac_TrackPad_iso-block-1-trial-3-target-4,720.0,600.0,37.5,False,Pointer Move (unknown)
1786100585.921186,722,416,Mac_TrackPad_iso-block-1-trial-3-target-4,720.0,600.0,37.5,False,Pointer Move (unknown)
1786100585.9296372,722,440,Mac_TrackPad_iso-block-1-trial-3-target-4,720.0,600.0,37.5,False,Pointer Move (unknown)
1786100585.93743,722,464,Mac_TrackPad_iso-block-1-trial-3-target-4,720.0,600.0,37.5,False,Pointer Move (unknown)
1786100585.945267,722,480,Mac_TrackPad_iso-block-1-trial-3-target-4,720.0,600.0,37.5,False,Pointer Move (unknown)
1786100585.953433,722,489,Mac_TrackPad_iso-block-1-trial-3-target-4,720.0,600.0,37.5,False,Pointer Move (unknown)
1786100585.961468,722,517,Mac_TrackPad_iso-block-1-trial-3-target-4,720.0,600.0,37.5,False,Pointer Move (unknown)
1786100585.969645,722,522,Mac_TrackPad_iso-block-1-trial-3-target-4,720.0,600.0,37.5,False,Pointer Move (unknown)
1786100585.9774091,722,536,Mac_TrackPad_iso-block-1-trial-3-target-4,720.0,600.0,37.5,False,Pointer Move (unknown)
1786100585.9854789,722,547,Mac_TrackPad_iso-block-1-trial-3-target-4,720.0,600.0,37.5,False,Pointer Move (unknown)
1786100585.994857,722,556,Mac_TrackPad_iso-block-1-trial-3-target-4,720.0,600.0,37.5,False,Pointer Move (unknown)
1786100586.002987,723,562,Mac_TrackPad_iso-block-1-trial-3-target-4,720.0,600.0,37.5,False,Pointer Move (unknown)
1786100586.0106711,723,571,Mac_TrackPad_iso-block-1-trial-3-target-4,720.0,600.0,37.5,False,Pointer Move (unknown)
1786100586.019318,724,576,Mac_TrackPad_iso-block-1-trial-3-target-4,720.0,600.0,37.5,False,Pointer Move (unknown)
1786100586.025849,724,582,Mac_TrackPad_iso-block-1-trial-3-target-4,720.0,600.0,37.5,False,Pointer Move (unknown)
1786100586.0337532,724,586,Mac_TrackPad_iso-block-1-trial-3-target-4,720.0,600.0,37.5,False,Pointer Move (unknown)
1786100586.042161,725,590,Mac_TrackPad_iso-block-1-trial-3-target-4,720.0,600.0,37.5,False,Pointer Move (unknown)
1786100586.050188,725,592,Mac_TrackPad_iso-block-1-trial-3-target-4,720.0,600.0,37.5,False,Pointer Move (unknown)
1786100586.058408,725,596,Mac_TrackPad_iso-block-1-trial-3-target-4,720.0,600.0,37.5,False,Pointer Move (unknown)
1786100586.066688,725,597,Mac_TrackPad_iso-block-1-trial-3-target-4,720.0,600.0,37.5,False,Pointer Move (unknown)
1786100586.074611,725,599,Mac_TrackPad_iso-block-1-trial-3-target-4,720.0,600.0,37.5,False,Pointer Move (unknown)
1786100586.082618,725,599,Mac_TrackPad_iso-block-1-trial-3-target-4,720.0,600.0,37.5,False,Pointer Move (unknown)
1786100586.090661,725,600,Mac_TrackPad_iso-block-1-trial-3-target-4,720.0,600.0,37.5,False,Pointer Move (unknown)
1786100586.098912,725,600,Mac_TrackPad_iso-block-1-trial-3-target-4,720.0,600.0,37.5,False,Pointer Move (unknown)
1786100586.106893,725,600,Mac_TrackPad_iso-block-1-trial-3-target-4,720.0,600.0,37.5,False,Pointer Move (unknown)
1786100586.115138,725,601,Mac_TrackPad_iso-block-1-trial-3-target-4,720.0,600.0,37.5,False,Pointer Move (unknown)
1786100586.245266,725,601,Mac_TrackPad_iso-block-1-trial-3-target-4,720.0,600.0,37.5,target_selected,target_selected
1786100586.4071941,725,600,Mac_TrackPad_iso-block-1-trial-4-target-0,720.0,300.0,37.5,False,Pointer Move (unknown)
1786100586.415411,725,586,Mac_TrackPad_iso-block-1-trial-4-target-0,720.0,300.0,37.5,False,Pointer Move (unknown)
1786100586.423557,725,575,Mac_TrackPad_iso-block-1-trial-4-target-0,720.0,300.0,37.5,False,Pointer Move (unknown)
1786100586.430888,725,555,Mac_TrackPad_iso-block-1-trial-4-target-0,720.0,300.0,37.5,False,Pointer Move (unknown)
1786100586.438818,725,531,Mac_TrackPad_iso-block-1-trial-4-target-0,720.0,300.0,37.5,False,Pointer Move (unknown)
1786100586.44653,723,494,Mac_TrackPad_iso-block-1-trial-4-target-0,720.0,300.0,37.5,False,Pointer Move (unknown)
1786100586.454747,720,453,Mac_TrackPad_iso-block-1-trial-4-target-0,720.0,300.0,37.5,False,Pointer Move (unknown)
1786100586.463087,718,406,Mac_TrackPad_iso-block-1-trial-4-target-0,720.0,300.0,37.5,False,Pointer Move (unknown)
1786100586.470907,715,359,Mac_TrackPad_iso-block-1-trial-4-target-0,720.0,300.0,37.5,False,Pointer Move (unknown)
1786100586.479071,715,342,Mac_TrackPad_iso-block-1-trial-4-target-0,720.0,300.0,37.5,False,Pointer Move (unknown)
1786100586.486515,715,306,Mac_TrackPad_iso-block-1-trial-4-target-0,720.0,300.0,37.5,False,Pointer Move (unknown)
1786100586.494739,715,278,Mac_TrackPad_iso-block-1-trial-4-target-0,720.0,300.0,37.5,False,Pointer Move (unknown)
1786100586.503424,715,250,Mac_TrackPad_iso-block-1-trial-4-target-0,720.0,300.0,37.5,False,Pointer Move (unknown)
1786100586.5111911,715,246,Mac_TrackPad_iso-block-1-trial-4-target-0,720.0,300.0,37.5,False,Pointer Move (unknown)
1786100586.519379,715,232,Mac_TrackPad_iso-block-1-trial-4-target-0,720.0,300.0,37.5,False,Pointer Move (unknown)
1786100586.527317,715,220,Mac_TrackPad_iso-block-1-trial-4-target-0,720.0,300.0,37.5,False,Pointer Move (unknown)
1786100586.535338,715,214,Mac_TrackPad_iso-block-1-trial-4-target-0,720.0,300.0,37.5,False,Pointer Move (unknown)
1786100586.54362,715,209,Mac_TrackPad_iso-block-1-trial-4-target-0,720.0,300.0,37.5,False,Pointer Move (unknown)
1786100586.552062,715,207,Mac_TrackPad_iso-block-1-trial-4-target-0,720.0,300.0,37.5,False,Pointer Move (unknown)
1786100586.559881,715,205,Mac_TrackPad_iso-block-1-trial-4-target-0,720.0,300.0,37.5,False,Pointer Move (unknown)
1786100586.568077,715,204,Mac_TrackPad_iso-block-1-trial-4-target-0,720.0,300.0,37.5,False,Pointer Move (unknown)
1786100586.575626,715,203,Mac_TrackPad_iso-block-1-trial-4-target-0,720.0,300.0,37.5,False,Pointer Move (unknown)
1786100586.5919502,715,203,Mac_TrackPad_iso-block-1-trial-4-target-0,720.0,300.0,37.5,False,Pointer Move (unknown)
1786100586.600205,715,202,Mac_TrackPad_iso-block-1-trial-4-target-0,720.0,300.0,37.5,False,Pointer Move (unknown)
1786100586.608224,715,201,Mac_TrackPad_iso-block-1-trial-4-target-0,720.0,300.0,37.5,False,Pointer Move (unknown)
1786100586.624345,715,201,Mac_TrackPad_iso-block-1-trial-4-target-0,720.0,300.0,37.5,False,Pointer Move (unknown)
1786100586.6410592,715,201,Mac_TrackPad_iso-block-1-trial-4-target-0,720.0,300.0,37.5,False,Pointer Move (unknown)
1786100586.648449,715,200,Mac_TrackPad_iso-block-1-trial-4-target-0,720.0,300.0,37.5,False,Pointer Move (unknown)
1786100586.7468228,715,201,Mac_TrackPad_iso-block-1-trial-4-target-0,720.0,300.0,37.5,False,Pointer Move (unknown)
1786100586.754357,715,202,Mac_TrackPad_iso-block-1-trial-4-target-0,720.0,300.0,37.5,False,Pointer Move (unknown)
1786100586.762501,715,204,Mac_TrackPad_iso-block-1-trial-4-target-0,720.0,300.0,37.5,False,Pointer Move (unknown)
1786100586.7702389,715,205,Mac_TrackPad_iso-block-1-trial-4-target-0,720.0,300.0,37.5,False,Pointer Move (unknown)
1786100586.777981,715,207,Mac_TrackPad_iso-block-1-trial-4-target-0,720.0,300.0,37.5,False,Pointer Move (unknown)
1786100586.786783,715,209,Mac_TrackPad_iso-block-1-trial-4-target-0,720.0,300.0,37.5,False,Pointer Move (unknown)
1786100586.794516,715,212,Mac_TrackPad_iso-block-1-trial-4-target-0,720.0,300.0,37.5,False,Pointer Move (unknown)
1786100586.80244,715,214,Mac_TrackPad_iso-block-1-trial-4-target-0,720.0,300.0,37.5,False,Pointer Move (unknown)
1786100586.810478,715,219,Mac_TrackPad_iso-block-1-trial-4-target-0,720.0,300.0,37.5,False,Pointer Move (unknown)
1786100586.819146,715,221,Mac_TrackPad_iso-block-1-trial-4-target-0,720.0,300.0,37.5,False,Pointer Move (unknown)
1786100586.826679,715,230,Mac_TrackPad_iso-block-1-trial-4-target-0,720.0,300.0,37.5,False,Pointer Move (unknown)
1786100586.8348968,715,233,Mac_TrackPad_iso-block-1-trial-4-target-0,720.0,300.0,37.5,False,Pointer Move (unknown)
1786100586.8434079,715,239,Mac_TrackPad_iso-block-1-trial-4-target-0,720.0,300.0,37.5,False,Pointer Move (unknown)
1786100586.852374,716,251,Mac_TrackPad_iso-block-1-trial-4-target-0,720.0,300.0,37.5,False,Pointer Move (unknown)
1786100586.859702,717,259,Mac_TrackPad_iso-block-1-trial-4-target-0,720.0,300.0,37.5,False,Pointer Move (unknown)
1786100586.868293,719,268,Mac_TrackPad_iso-block-1-trial-4-target-0,720.0,300.0,37.5,False,Pointer Move (unknown)
1786100586.876102,720,273,Mac_TrackPad_iso-block-1-trial-4-target-0,720.0,300.0,37.5,False,Pointer Move (unknown)
1786100586.883374,721,282,Mac_TrackPad_iso-block-1-trial-4-target-0,720.0,300.0,37.5,False,Pointer Move (unknown)
1786100586.891812,722,288,Mac_TrackPad_iso-block-1-trial-4-target-0,720.0,300.0,37.5,False,Pointer Move (unknown)
1786100586.899699,723,295,Mac_TrackPad_iso-block-1-trial-4-target-0,720.0,300.0,37.5,False,Pointer Move (unknown)
1786100586.9081962,723,301,Mac_TrackPad_iso-block-1-trial-4-target-0,720.0,300.0,37.5,False,Pointer Move (unknown)
1786100586.9161239,724,306,Mac_TrackPad_iso-block-1-trial-4-target-0,720.0,300.0,37.5,False,Pointer Move (unknown)
1786100586.923581,724,311,Mac_TrackPad_iso-block-1-trial-4-target-0,720.0,300.0,37.5,False,Pointer Move (unknown)
1786100586.932108,725,314,Mac_TrackPad_iso-block-1-trial-4-target-0,720.0,300.0,37.5,False,Pointer Move (unknown)
1786100586.939898,725,318,Mac_TrackPad_iso-block-1-trial-4-target-0,720.0,300.0,37.5,False,Pointer Move (unknown)
1786100586.948246,725,320,Mac_TrackPad_iso-block-1-trial-4-target-0,720.0,300.0,37.5,False,Pointer Move (unknown)
1786100586.956564,726,322,Mac_TrackPad_iso-block-1-trial-4-target-0,720.0,300.0,37.5,False,Pointer Move (unknown)
1786100586.964202,726,323,Mac_TrackPad_iso-block-1-trial-4-target-0,720.0,300.0,37.5,False,Pointer Move (unknown)
1786100586.9719522,726,324,Mac_TrackPad_iso-block-1-trial-4-target-0,720.0,300.0,37.5,False,Pointer Move (unknown)
1786100586.9805598,726,324,Mac_TrackPad_iso-block-1-trial-4-target-0,720.0,300.0,37.5,False,Pointer Move (unknown)
1786100586.988956,726,324,Mac_TrackPad_iso-block-1-trial-4-target-0,720.0,300.0,37.5,False,Pointer Move (unknown)
1786100586.9971368,726,325,Mac_TrackPad_iso-block-1-trial-4-target-0,720.0,300.0,37.5,False,Pointer Move (unknown)
1786100587.005034,726,325,Mac_TrackPad_iso-block-1-trial-4-target-0,720.0,300.0,37.5,False,Pointer Move (unknown)
1786100587.0131059,726,326,Mac_TrackPad_iso-block-1-trial-4-target-0,720.0,300.0,37.5,False,Pointer Move (unknown)
1786100587.078173,726,326,Mac_TrackPad_iso-block-1-trial-4-target-0,720.0,300.0,37.5,target_selected,target_selected
1786100587.362669,726,327,Mac_TrackPad_iso-block-1-trial-5-target-4,720.0,600.0,37.5,False,Pointer Move (unknown)
1786100587.3702679,726,332,Mac_TrackPad_iso-block-1-trial-5-target-4,720.0,600.0,37.5,False,Pointer Move (unknown)
1786100587.377856,726,343,Mac_TrackPad_iso-block-1-trial-5-target-4,720.0,600.0,37.5,False,Pointer Move (unknown)
1786100587.385247,726,354,Mac_TrackPad_iso-block-1-trial-5-target-4,720.0,600.0,37.5,False,Pointer Move (unknown)
1786100587.393883,726,365,Mac_TrackPad_iso-block-1-trial-5-target-4,720.0,600.0,37.5,False,Pointer Move (unknown)
1786100587.401095,726,379,Mac_TrackPad_iso-block-1-trial-5-target-4,720.0,600.0,37.5,False,Pointer Move (unknown)
1786100587.409608,726,393,Mac_TrackPad_iso-block-1-trial-5-target-4,720.0,600.0,37.5,False,Pointer Move (unknown)
1786100587.4177868,726,407,Mac_TrackPad_iso-block-1-trial-5-target-4,720.0,600.0,37.5,False,Pointer Move (unknown)
1786100587.426312,726,421,Mac_TrackPad_iso-block-1-trial-5-target-4,720.0,600.0,37.5,False,Pointer Move (unknown)
1786100587.4342568,726,432,Mac_TrackPad_iso-block-1-trial-5-target-4,720.0,600.0,37.5,False,Pointer Move (unknown)
1786100587.441847,726,435,Mac_TrackPad_iso-block-1-trial-5-target-4,720.0,600.0,37.5,False,Pointer Move (unknown)
1786100587.449877,726,455,Mac_TrackPad_iso-block-1-trial-5-target-4,720.0,600.0,37.5,False,Pointer Move (unknown)
1786100587.4581609,726,467,Mac_TrackPad_iso-block-1-trial-5-target-4,720.0,600.0,37.5,False,Pointer Move (unknown)
1786100587.466528,726,475,Mac_TrackPad_iso-block-1-trial-5-target-4,720.0,600.0,37.5,False,Pointer Move (unknown)
1786100587.473971,726,486,Mac_TrackPad_iso-block-1-trial-5-target-4,720.0,600.0,37.5,False,Pointer Move (unknown)
1786100587.483152,726,493,Mac_TrackPad_iso-block-1-trial-5-target-4,720.0,600.0,37.5,False,Pointer Move (unknown)
1786100587.490552,726,504,Mac_TrackPad_iso-block-1-trial-5-target-4,720.0,600.0,37.5,False,Pointer Move (unknown)
1786100587.4984682,726,509,Mac_TrackPad_iso-block-1-trial-5-target-4,720.0,600.0,37.5,False,Pointer Move (unknown)
1786100587.506102,726,518,Mac_TrackPad_iso-block-1-trial-5-target-4,720.0,600.0,37.5,False,Pointer Move (unknown)
1786100587.514438,726,527,Mac_TrackPad_iso-block-1-trial-5-target-4,720.0,600.0,37.5,False,Pointer Move (unknown)
1786100587.5221262,726,533,Mac_TrackPad_iso-block-1-trial-5-target-4,720.0,600.0,37.5,False,Pointer Move (unknown)
1786100587.530879,726,540,Mac_TrackPad_iso-block-1-trial-5-target-4,720.0,600.0,37.5,False,Pointer Move (unknown)
1786100587.538615,726,545,Mac_TrackPad_iso-block-1-trial-5-target-4,720.0,600.0,37.5,False,Pointer Move (unknown)
1786100587.546994,726,549,Mac_TrackPad_iso-block-1-trial-5-target-4,720.0,600.0,37.5,False,Pointer Move (unknown)
1786100587.5546749,726,553,Mac_TrackPad_iso-block-1-trial-5-target-4,720.0,600.0,37.5,False,Pointer Move (unknown)
1786100587.563065,726,555,Mac_TrackPad_iso-block-1-trial-5-target-4,720.0,600.0,37.5,False,Pointer Move (unknown)
1786100587.570792,726,557,Mac_TrackPad_iso-block-1-trial-5-target-4,720.0,600.0,37.5,False,Pointer Move (unknown)
1786100587.578539,727,558,Mac_TrackPad_iso-block-1-trial-5-target-4,720.0,600.0,37.5,False,Pointer Move (unknown)
1786100587.5865102,727,559,Mac_TrackPad_iso-block-1-trial-5-target-4,720.0,600.0,37.5,False,Pointer Move (unknown)
1786100587.594974,727,559,Mac_TrackPad_iso-block-1-trial-5-target-4,720.0,600.0,37.5,False,Pointer Move (unknown)
1786100587.603355,727,560,Mac_TrackPad_iso-block-1-trial-5-target-4,720.0,600.0,37.5,False,Pointer Move (unknown)
1786100587.611207,727,560,Mac_TrackPad_iso-block-1-trial-5-target-4,720.0,600.0,37.5,False,Pointer Move (unknown)
1786100587.618732,727,560,Mac_TrackPad_iso-block-1-trial-5-target-4,720.0,600.0,37.5,False,Pointer Move (unknown)
1786100587.627192,727,561,Mac_TrackPad_iso-block-1-trial-5-target-4,720.0,600.0,37.5,False,Pointer Move (unknown)
1786100587.635359,727,562,Mac_TrackPad_iso-block-1-trial-5-target-4,720.0,600.0,37.5,False,Pointer Move (unknown)
1786100587.643689,727,564,Mac_TrackPad_iso-block-1-trial-5-target-4,720.0,600.0,37.5,False,Pointer Move (unknown)
1786100587.6513028,727,566,Mac_TrackPad_iso-block-1-trial-5-target-4,720.0,600.0,37.5,False,Pointer Move (unknown)
1786100587.6595998,727,569,Mac_TrackPad_iso-block-1-trial-5-target-4,720.0,600.0,37.5,False,Pointer Move (unknown)
1786100587.6675131,727,571,Mac_TrackPad_iso-block-1-trial-5-target-4,720.0,600.0,37.5,False,Pointer Move (unknown)
1786100587.6764328,727,573,Mac_TrackPad_iso-block-1-trial-5-target-4,720.0,600.0,37.5,False,Pointer Move (unknown)
1786100587.683999,727,575,Mac_TrackPad_iso-block-1-trial-5-target-4,720.0,600.0,37.5,False,Pointer Move (unknown)
1786100587.692225,727,577,Mac_TrackPad_iso-block-1-trial-5-target-4,720.0,600.0,37.5,False,Pointer Move (unknown)
1786100587.6999738,727,578,Mac_TrackPad_iso-block-1-trial-5-target-4,720.0,600.0,37.5,False,Pointer Move (unknown)
1786100587.708318,727,579,Mac_TrackPad_iso-block-1-trial-5-target-4,720.0,600.0,37.5,False,Pointer Move (unknown)
1786100587.7167628,727,579,Mac_TrackPad_iso-block-1-trial-5-target-4,720.0,600.0,37.5,False,Pointer Move (unknown)
1786100587.724494,727,580,Mac_TrackPad_iso-block-1-trial-5-target-4,720.0,600.0,37.5,False,Pointer Move (unknown)
1786100587.732247,727,580,Mac_TrackPad_iso-block-1-trial-5-target-4,720.0,600.0,37.5,False,Pointer Move (unknown)
1786100587.740758,727,581,Mac_TrackPad_iso-block-1-trial-5-target-4,720.0,600.0,37.5,False,Pointer Move (unknown)
1786100587.7487922,727,581,Mac_TrackPad_iso-block-1-trial-5-target-4,720.0,600.0,37.5,False,Pointer Move (unknown)
1786100587.76576,727,581,Mac_TrackPad_iso-block-1-trial-5-target-4,720.0,600.0,37.5,False,Pointer Move (unknown)
1786100587.781309,727,582,Mac_TrackPad_iso-block-1-trial-5-target-4,720.0,600.0,37.5,False,Pointer Move (unknown)
1786100587.7977102,727,582,Mac_TrackPad_iso-block-1-trial-5-target-4,720.0,600.0,37.5,False,Pointer Move (unknown)
1786100587.80568,727,582,Mac_TrackPad_iso-block-1-trial-5-target-4,720.0,600.0,37.5,False,Pointer Move (unknown)
1786100587.821464,727,583,Mac_TrackPad_iso-block-1-trial-5-target-4,720.0,600.0,37.5,False,Pointer Move (unknown)
1786100587.830372,727,583,Mac_TrackPad_iso-block-1-trial-5-target-4,720.0,600.0,37.5,False,Pointer Move (unknown)
1786100587.862298,727,583,Mac_TrackPad_iso-block-1-trial-5-target-4,720.0,600.0,37.5,target_selected,target_selected
1786100587.870642,727,583,Mac_TrackPad_iso-block-1-trial-6-target-0,720.0,300.0,37.5,False,Pointer Move (unknown)
1786100588.065035,727,583,Mac_TrackPad_iso-block-1-trial-6-target-0,720.0,300.0,37.5,False,Pointer Move (unknown)
1786100588.0723,727,580,Mac_TrackPad_iso-block-1-trial-6-target-0,720.0,300.0,37.5,False,Pointer Move (unknown)
1786100588.0810251,727,575,Mac_TrackPad_iso-block-1-trial-6-target-0,720.0,300.0,37.5,False,Pointer Move (unknown)
1786100588.08862,727,568,Mac_TrackPad_iso-block-1-trial-6-target-0,720.0,300.0,37.5,False,Pointer Move (unknown)
1786100588.096375,727,562,Mac_TrackPad_iso-block-1-trial-6-target-0,720.0,300.0,37.5,False,Pointer Move (unknown)
1786100588.1048791,727,553,Mac_TrackPad_iso-block-1-trial-6-target-0,720.0,300.0,37.5,False,Pointer Move (unknown)
1786100588.1127832,727,536,Mac_TrackPad_iso-block-1-trial-6-target-0,720.0,300.0,37.5,False,Pointer Move (unknown)
1786100588.120335,727,522,Mac_TrackPad_iso-block-1-trial-6-target-0,720.0,300.0,37.5,False,Pointer Move (unknown)
1786100588.128468,727,502,Mac_TrackPad_iso-block-1-trial-6-target-0,720.0,300.0,37.5,False,Pointer Move (unknown)
1786100588.138008,727,485,Mac_TrackPad_iso-block-1-trial-6-target-0,720.0,300.0,37.5,False,Pointer Move (unknown)
1786100588.145025,727,465,Mac_TrackPad_iso-block-1-trial-6-target-0,720.0,300.0,37.5,False,Pointer Move (unknown)
1786100588.1526048,727,448,Mac_TrackPad_iso-block-1-trial-6-target-0,720.0,300.0,37.5,False,Pointer Move (unknown)
1786100588.1608121,727,431,Mac_TrackPad_iso-block-1-trial-6-target-0,720.0,300.0,37.5,False,Pointer Move (unknown)
1786100588.1689332,727,410,Mac_TrackPad_iso-block-1-trial-6-target-0,720.0,300.0,37.5,False,Pointer Move (unknown)
1786100588.177401,727,394,Mac_TrackPad_iso-block-1-trial-6-target-0,720.0,300.0,37.5,False,Pointer Move (unknown)
1786100588.1851368,727,377,Mac_TrackPad_iso-block-1-trial-6-target-0,720.0,300.0,37.5,False,Pointer Move (unknown)
1786100588.193686,727,363,Mac_TrackPad_iso-block-1-trial-6-target-0,720.0,300.0,37.5,False,Pointer Move (unknown)
1786100588.202177,727,360,Mac_TrackPad_iso-block-1-trial-6-target-0,720.0,300.0,37.5,False,Pointer Move (unknown)
1786100588.2094889,727,346,Mac_TrackPad_iso-block-1-trial-6-target-0,720.0,300.0,37.5,False,Pointer Move (unknown)
1786100588.2171671,727,337,Mac_TrackPad_iso-block-1-trial-6-target-0,720.0,300.0,37.5,False,Pointer Move (unknown)
1786100588.225467,727,332,Mac_TrackPad_iso-block-1-trial-6-target-0,720.0,300.0,37.5,False,Pointer Move (unknown)
1786100588.233061,727,326,Mac_TrackPad_iso-block-1-trial-6-target-0,720.0,300.0,37.5,False,Pointer Move (unknown)
1786100588.241345,727,323,Mac_TrackPad_iso-block-1-trial-6-target-0,720.0,300.0,37.5,False,Pointer Move (unknown)
1786100588.249334,727,320,Mac_TrackPad_iso-block-1-trial-6-target-0,720.0,300.0,37.5,False,Pointer Move (unknown)
1786100588.258202,727,318,Mac_TrackPad_iso-block-1-trial-6-target-0,720.0,300.0,37.5,False,Pointer Move (unknown)
1786100588.266231,727,317,Mac_TrackPad_iso-block-1-trial-6-target-0,720.0,300.0,37.5,False,Pointer Move (unknown)
1786100588.274048,727,316,Mac_TrackPad_iso-block-1-trial-6-target-0,720.0,300.0,37.5,False,Pointer Move (unknown)
1786100588.282538,727,315,Mac_TrackPad_iso-block-1-trial-6-target-0,720.0,300.0,37.5,False,Pointer Move (unknown)
1786100588.2987058,727,315,Mac_TrackPad_iso-block-1-trial-6-target-0,720.0,300.0,37.5,False,Pointer Move (unknown)
1786100588.315413,727,314,Mac_TrackPad_iso-block-1-trial-6-target-0,720.0,300.0,37.5,False,Pointer Move (unknown)
1786100588.4952571,727,314,Mac_TrackPad_iso-block-1-trial-6-target-0,720.0,300.0,37.5,target_selected,target_selected
1786100588.687959,727,315,Mac_TrackPad_iso-block-1-trial-7-target-4,720.0,600.0,37.5,False,Pointer Move (unknown)
1786100588.695628,727,318,Mac_TrackPad_iso-block-1-trial-7-target-4,720.0,600.0,37.5,False,Pointer Move (unknown)
1786100588.703529,727,325,Mac_TrackPad_iso-block-1-trial-7-target-4,720.0,600.0,37.5,False,Pointer Move (unknown)
1786100588.711094,727,333,Mac_TrackPad_iso-block-1-trial-7-target-4,720.0,600.0,37.5,False,Pointer Move (unknown)
1786100588.719234,727,342,Mac_TrackPad_iso-block-1-trial-7-target-4,720.0,600.0,37.5,False,Pointer Move (unknown)
1786100588.727384,727,353,Mac_TrackPad_iso-block-1-trial-7-target-4,720.0,600.0,37.5,False,Pointer Move (unknown)
1786100588.735501,727,364,Mac_TrackPad_iso-block-1-trial-7-target-4,720.0,600.0,37.5,False,Pointer Move (unknown)
1786100588.743326,727,381,Mac_TrackPad_iso-block-1-trial-7-target-4,720.0,600.0,37.5,False,Pointer Move (unknown)
1786100588.751474,727,395,Mac_TrackPad_iso-block-1-trial-7-target-4,720.0,600.0,37.5,False,Pointer Move (unknown)
1786100588.759273,727,406,Mac_TrackPad_iso-block-1-trial-7-target-4,720.0,600.0,37.5,False,Pointer Move (unknown)
1786100588.7683551,727,423,Mac_TrackPad_iso-block-1-trial-7-target-4,720.0,600.0,37.5,False,Pointer Move (unknown)
1786100588.7757828,727,434,Mac_TrackPad_iso-block-1-trial-7-target-4,720.0,600.0,37.5,False,Pointer Move (unknown)
1786100588.783932,727,438,Mac_TrackPad_iso-block-1-trial-7-target-4,720.0,600.0,37.5,False,Pointer Move (unknown)
1786100588.7918231,727,446,Mac_TrackPad_iso-block-1-trial-7-target-4,720.0,600.0,37.5,False,Pointer Move (unknown)
1786100588.799986,727,467,Mac_TrackPad_iso-block-1-trial-7-target-4,720.0,600.0,37.5,False,Pointer Move (unknown)
1786100588.808176,727,470,Mac_TrackPad_iso-block-1-trial-7-target-4,720.0,600.0,37.5,False,Pointer Move (unknown)
1786100588.816443,727,484,Mac_TrackPad_iso-block-1-trial-7-target-4,720.0,600.0,37.5,False,Pointer Move (unknown)
1786100588.8244438,727,487,Mac_TrackPad_iso-block-1-trial-7-target-4,720.0,600.0,37.5,False,Pointer Move (unknown)
1786100588.8325188,727,494,Mac_TrackPad_iso-block-1-trial-7-target-4,720.0,600.0,37.5,False,Pointer Move (unknown)
1786100588.840469,727,502,Mac_TrackPad_iso-block-1-trial-7-target-4,720.0,600.0,37.5,False,Pointer Move (unknown)
1786100588.848784,727,507,Mac_TrackPad_iso-block-1-trial-7-target-4,720.0,600.0,37.5,False,Pointer Move (unknown)
1786100588.856522,727,518,Mac_TrackPad_iso-block-1-trial-7-target-4,720.0,600.0,37.5,False,Pointer Move (unknown)
1786100588.864883,727,523,Mac_TrackPad_iso-block-1-trial-7-target-4,720.0,600.0,37.5,False,Pointer Move (unknown)
1786100588.8732002,727,528,Mac_TrackPad_iso-block-1-trial-7-target-4,720.0,600.0,37.5,False,Pointer Move (unknown)
1786100588.881057,727,534,Mac_TrackPad_iso-block-1-trial-7-target-4,720.0,600.0,37.5,False,Pointer Move (unknown)
1786100588.8891451,727,539,Mac_TrackPad_iso-block-1-trial-7-target-4,720.0,600.0,37.5,False,Pointer Move (unknown)
1786100588.897342,727,542,Mac_TrackPad_iso-block-1-trial-7-target-4,720.0,600.0,37.5,False,Pointer Move (unknown)
1786100588.905288,727,546,Mac_TrackPad_iso-block-1-trial-7-target-4,720.0,600.0,37.5,False,Pointer Move (unknown)
1786100588.914888,727,548,Mac_TrackPad_iso-block-1-trial-7-target-4,720.0,600.0,37.5,False,Pointer Move (unknown)
1786100588.921346,727,549,Mac_TrackPad_iso-block-1-trial-7-target-4,720.0,600.0,37.5,False,Pointer Move (unknown)
1786100588.929512,727,550,Mac_TrackPad_iso-block-1-trial-7-target-4,720.0,600.0,37.5,False,Pointer Move (unknown)
1786100588.938394,727,550,Mac_TrackPad_iso-block-1-trial-7-target-4,720.0,600.0,37.5,False,Pointer Move (unknown)
1786100588.946441,727,551,Mac_TrackPad_iso-block-1-trial-7-target-4,720.0,600.0,37.5,False,Pointer Move (unknown)
1786100588.955217,727,551,Mac_TrackPad_iso-block-1-trial-7-target-4,720.0,600.0,37.5,False,Pointer Move (unknown)
1786100588.962703,727,551,Mac_TrackPad_iso-block-1-trial-7-target-4,720.0,600.0,37.5,False,Pointer Move (unknown)
1786100588.9699242,727,552,Mac_TrackPad_iso-block-1-trial-7-target-4,720.0,600.0,37.5,False,Pointer Move (unknown)
1786100588.9788291,727,552,Mac_TrackPad_iso-block-1-trial-7-target-4,720.0,600.0,37.5,False,Pointer Move (unknown)
1786100588.986068,727,553,Mac_TrackPad_iso-block-1-trial-7-target-4,720.0,600.0,37.5,False,Pointer Move (unknown)
1786100588.9942558,727,554,Mac_TrackPad_iso-block-1-trial-7-target-4,720.0,600.0,37.5,False,Pointer Move (unknown)
1786100589.002537,727,555,Mac_TrackPad_iso-block-1-trial-7-target-4,720.0,600.0,37.5,False,Pointer Move (unknown)
1786100589.01064,727,556,Mac_TrackPad_iso-block-1-trial-7-target-4,720.0,600.0,37.5,False,Pointer Move (unknown)
1786100589.018592,727,557,Mac_TrackPad_iso-block-1-trial-7-target-4,720.0,600.0,37.5,False,Pointer Move (unknown)
1786100589.026688,727,558,Mac_TrackPad_iso-block-1-trial-7-target-4,720.0,600.0,37.5,False,Pointer Move (unknown)
1786100589.034731,727,560,Mac_TrackPad_iso-block-1-trial-7-target-4,720.0,600.0,37.5,False,Pointer Move (unknown)
1786100589.043224,727,562,Mac_TrackPad_iso-block-1-trial-7-target-4,720.0,600.0,37.5,False,Pointer Move (unknown)
1786100589.050865,726,564,Mac_TrackPad_iso-block-1-trial-7-target-4,720.0,600.0,37.5,False,Pointer Move (unknown)
1786100589.059284,725,567,Mac_TrackPad_iso-block-1-trial-7-target-4,720.0,600.0,37.5,False,Pointer Move (unknown)
1786100589.067026,725,569,Mac_TrackPad_iso-block-1-trial-7-target-4,720.0,600.0,37.5,False,Pointer Move (unknown)
1786100589.076488,725,570,Mac_TrackPad_iso-block-1-trial-7-target-4,720.0,600.0,37.5,False,Pointer Move (unknown)
1786100589.08432,725,572,Mac_TrackPad_iso-block-1-trial-7-target-4,720.0,600.0,37.5,False,Pointer Move (unknown)
1786100589.09153,724,574,Mac_TrackPad_iso-block-1-trial-7-target-4,720.0,600.0,37.5,False,Pointer Move (unknown)
1786100589.09966,724,575,Mac_TrackPad_iso-block-1-trial-7-target-4,720.0,600.0,37.5,False,Pointer Move (unknown)
1786100589.107591,723,577,Mac_TrackPad_iso-block-1-trial-7-target-4,720.0,600.0,37.5,False,Pointer Move (unknown)
1786100589.115638,723,578,Mac_TrackPad_iso-block-1-trial-7-target-4,720.0,600.0,37.5,False,Pointer Move (unknown)
1786100589.123908,723,580,Mac_TrackPad_iso-block-1-trial-7-target-4,720.0,600.0,37.5,False,Pointer Move (unknown)
1786100589.131818,723,581,Mac_TrackPad_iso-block-1-trial-7-target-4,720.0,600.0,37.5,False,Pointer Move (unknown)
1786100589.140332,723,582,Mac_TrackPad_iso-block-1-trial-7-target-4,720.0,600.0,37.5,False,Pointer Move (unknown)
1786100589.1479502,722,583,Mac_TrackPad_iso-block-1-trial-7-target-4,720.0,600.0,37.5,False,Pointer Move (unknown)
1786100589.156029,722,584,Mac_TrackPad_iso-block-1-trial-7-target-4,720.0,600.0,37.5,False,Pointer Move (unknown)
1786100589.163989,722,585,Mac_TrackPad_iso-block-1-trial-7-target-4,720.0,600.0,37.5,False,Pointer Move (unknown)
1786100589.172308,722,586,Mac_TrackPad_iso-block-1-trial-7-target-4,720.0,600.0,37.5,False,Pointer Move (unknown)
1786100589.179971,722,586,Mac_TrackPad_iso-block-1-trial-7-target-4,720.0,600.0,37.5,False,Pointer Move (unknown)
1786100589.1882849,722,587,Mac_TrackPad_iso-block-1-trial-7-target-4,720.0,600.0,37.5,False,Pointer Move (unknown)
1786100589.1963599,722,587,Mac_TrackPad_iso-block-1-trial-7-target-4,720.0,600.0,37.5,False,Pointer Move (unknown)
1786100589.205285,722,587,Mac_TrackPad_iso-block-1-trial-7-target-4,720.0,600.0,37.5,False,Pointer Move (unknown)
1786100589.2210062,722,588,Mac_TrackPad_iso-block-1-trial-7-target-4,720.0,600.0,37.5,False,Pointer Move (unknown)
1786100589.2459872,722,588,Mac_TrackPad_iso-block-1-trial-7-target-4,720.0,600.0,37.5,False,Pointer Move (unknown)
1786100589.27839,722,588,Mac_TrackPad_iso-block-1-trial-7-target-4,720.0,600.0,37.5,target_selected,target_selected
1786100589.4401631,722,588,Mac_TrackPad_iso-block-1-trial-8-target-0,720.0,300.0,37.5,False,Pointer Move (unknown)
1786100589.447215,722,586,Mac_TrackPad_iso-block-1-trial-8-target-0,720.0,300.0,37.5,False,Pointer Move (unknown)
1786100589.456384,722,582,Mac_TrackPad_iso-block-1-trial-8-target-0,720.0,300.0,37.5,False,Pointer Move (unknown)
1786100589.463383,722,576,Mac_TrackPad_iso-block-1-trial-8-target-0,720.0,300.0,37.5,False,Pointer Move (unknown)
1786100589.471493,722,569,Mac_TrackPad_iso-block-1-trial-8-target-0,720.0,300.0,37.5,False,Pointer Move (unknown)
1786100589.4791732,722,564,Mac_TrackPad_iso-block-1-trial-8-target-0,720.0,300.0,37.5,False,Pointer Move (unknown)
1786100589.487159,722,556,Mac_TrackPad_iso-block-1-trial-8-target-0,720.0,300.0,37.5,False,Pointer Move (unknown)
1786100589.4952269,722,544,Mac_TrackPad_iso-block-1-trial-8-target-0,720.0,300.0,37.5,False,Pointer Move (unknown)
1786100589.50369,722,533,Mac_TrackPad_iso-block-1-trial-8-target-0,720.0,300.0,37.5,False,Pointer Move (unknown)
1786100589.511553,722,519,Mac_TrackPad_iso-block-1-trial-8-target-0,720.0,300.0,37.5,False,Pointer Move (unknown)
1786100589.519624,722,508,Mac_TrackPad_iso-block-1-trial-8-target-0,720.0,300.0,37.5,False,Pointer Move (unknown)
1786100589.527961,722,497,Mac_TrackPad_iso-block-1-trial-8-target-0,720.0,300.0,37.5,False,Pointer Move (unknown)
1786100589.5367339,722,486,Mac_TrackPad_iso-block-1-trial-8-target-0,720.0,300.0,37.5,False,Pointer Move (unknown)
1786100589.5444,722,472,Mac_TrackPad_iso-block-1-trial-8-target-0,720.0,300.0,37.5,False,Pointer Move (unknown)
1786100589.5529711,722,463,Mac_TrackPad_iso-block-1-trial-8-target-0,720.0,300.0,37.5,False,Pointer Move (unknown)
1786100589.560965,722,452,Mac_TrackPad_iso-block-1-trial-8-target-0,720.0,300.0,37.5,False,Pointer Move (unknown)
1786100589.569418,722,449,Mac_TrackPad_iso-block-1-trial-8-target-0,720.0,300.0,37.5,False,Pointer Move (unknown)
1786100589.577594,722,440,Mac_TrackPad_iso-block-1-trial-8-target-0,720.0,300.0,37.5,False,Pointer Move (unknown)
1786100589.584555,722,433,Mac_TrackPad_iso-block-1-trial-8-target-0,720.0,300.0,37.5,False,Pointer Move (unknown)
1786100589.592493,722,425,Mac_TrackPad_iso-block-1-trial-8-target-0,720.0,300.0,37.5,False,Pointer Move (unknown)
1786100589.600825,722,420,Mac_TrackPad_iso-block-1-trial-8-target-0,720.0,300.0,37.5,False,Pointer Move (unknown)
1786100589.6087801,722,413,Mac_TrackPad_iso-block-1-trial-8-target-0,720.0,300.0,37.5,False,Pointer Move (unknown)
1786100589.616996,722,408,Mac_TrackPad_iso-block-1-trial-8-target-0,720.0,300.0,37.5,False,Pointer Move (unknown)
1786100589.6247811,722,405,Mac_TrackPad_iso-block-1-trial-8-target-0,720.0,300.0,37.5,False,Pointer Move (unknown)
1786100589.632869,722,402,Mac_TrackPad_iso-block-1-trial-8-target-0,720.0,300.0,37.5,False,Pointer Move (unknown)
1786100589.640834,722,400,Mac_TrackPad_iso-block-1-trial-8-target-0,720.0,300.0,37.5,False,Pointer Move (unknown)
1786100589.649015,722,399,Mac_TrackPad_iso-block-1-trial-8-target-0,720.0,300.0,37.5,False,Pointer Move (unknown)
1786100589.657575,722,397,Mac_TrackPad_iso-block-1-trial-8-target-0,720.0,300.0,37.5,False,Pointer Move (unknown)
1786100589.665408,722,396,Mac_TrackPad_iso-block-1-trial-8-target-0,720.0,300.0,37.5,False,Pointer Move (unknown)
1786100589.673679,722,395,Mac_TrackPad_iso-block-1-trial-8-target-0,720.0,300.0,37.5,False,Pointer Move (unknown)
1786100589.681812,722,393,Mac_TrackPad_iso-block-1-trial-8-target-0,720.0,300.0,37.5,False,Pointer Move (unknown)
1786100589.6897101,722,392,Mac_TrackPad_iso-block-1-trial-8-target-0,720.0,300.0,37.5,False,Pointer Move (unknown)
1786100589.6980622,722,391,Mac_TrackPad_iso-block-1-trial-8-target-0,720.0,300.0,37.5,False,Pointer Move (unknown)
1786100589.7063391,722,389,Mac_TrackPad_iso-block-1-trial-8-target-0,720.0,300.0,37.5,False,Pointer Move (unknown)
1786100589.7144132,722,387,Mac_TrackPad_iso-block-1-trial-8-target-0,720.0,300.0,37.5,False,Pointer Move (unknown)
1786100589.722514,722,385,Mac_TrackPad_iso-block-1-trial-8-target-0,720.0,300.0,37.5,False,Pointer Move (unknown)
1786100589.731437,722,383,Mac_TrackPad_iso-block-1-trial-8-target-0,720.0,300.0,37.5,False,Pointer Move (unknown)
1786100589.739202,722,380,Mac_TrackPad_iso-block-1-trial-8-target-0,720.0,300.0,37.5,False,Pointer Move (unknown)
1786100589.747065,722,378,Mac_TrackPad_iso-block-1-trial-8-target-0,720.0,300.0,37.5,False,Pointer Move (unknown)
1786100589.7544599,722,376,Mac_TrackPad_iso-block-1-trial-8-target-0,720.0,300.0,37.5,False,Pointer Move (unknown)
1786100589.762548,722,373,Mac_TrackPad_iso-block-1-trial-8-target-0,720.0,300.0,37.5,False,Pointer Move (unknown)
1786100589.7706912,722,369,Mac_TrackPad_iso-block-1-trial-8-target-0,720.0,300.0,37.5,False,Pointer Move (unknown)
1786100589.778882,722,367,Mac_TrackPad_iso-block-1-trial-8-target-0,720.0,300.0,37.5,False,Pointer Move (unknown)
1786100589.7868469,722,363,Mac_TrackPad_iso-block-1-trial-8-target-0,720.0,300.0,37.5,False,Pointer Move (unknown)
1786100589.794697,722,359,Mac_TrackPad_iso-block-1-trial-8-target-0,720.0,300.0,37.5,False,Pointer Move (unknown)
1786100589.802927,722,356,Mac_TrackPad_iso-block-1-trial-8-target-0,720.0,300.0,37.5,False,Pointer Move (unknown)
1786100589.810952,722,351,Mac_TrackPad_iso-block-1-trial-8-target-0,720.0,300.0,37.5,False,Pointer Move (unknown)
1786100589.819099,722,348,Mac_TrackPad_iso-block-1-trial-8-target-0,720.0,300.0,37.5,False,Pointer Move (unknown)
1786100589.8272629,722,343,Mac_TrackPad_iso-block-1-trial-8-target-0,720.0,300.0,37.5,False,Pointer Move (unknown)
1786100589.835405,722,339,Mac_TrackPad_iso-block-1-trial-8-target-0,720.0,300.0,37.5,False,Pointer Move (unknown)
1786100589.843528,722,334,Mac_TrackPad_iso-block-1-trial-8-target-0,720.0,300.0,37.5,False,Pointer Move (unknown)
1786100589.8518,723,331,Mac_TrackPad_iso-block-1-trial-8-target-0,720.0,300.0,37.5,False,Pointer Move (unknown)
1786100589.859587,723,327,Mac_TrackPad_iso-block-1-trial-8-target-0,720.0,300.0,37.5,False,Pointer Move (unknown)
1786100589.8676732,723,322,Mac_TrackPad_iso-block-1-trial-8-target-0,720.0,300.0,37.5,False,Pointer Move (unknown)
1786100589.875746,723,320,Mac_TrackPad_iso-block-1-trial-8-target-0,720.0,300.0,37.5,False,Pointer Move (unknown)
1786100589.883882,723,317,Mac_TrackPad_iso-block-1-trial-8-target-0,720.0,300.0,37.5,False,Pointer Move (unknown)
1786100589.891679,723,315,Mac_TrackPad_iso-block-1-trial-8-target-0,720.0,300.0,37.5,False,Pointer Move (unknown)
1786100589.9001331,723,313,Mac_TrackPad_iso-block-1-trial-8-target-0,720.0,300.0,37.5,False,Pointer Move (unknown)
1786100589.908247,723,311,Mac_TrackPad_iso-block-1-trial-8-target-0,720.0,300.0,37.5,False,Pointer Move (unknown)
1786100589.916227,723,310,Mac_TrackPad_iso-block-1-trial-8-target-0,720.0,300.0,37.5,False,Pointer Move (unknown)
1786100589.9242408,723,308,Mac_TrackPad_iso-block-1-trial-8-target-0,720.0,300.0,37.5,False,Pointer Move (unknown)
1786100589.9327319,723,307,Mac_TrackPad_iso-block-1-trial-8-target-0,720.0,300.0,37.5,False,Pointer Move (unknown)
1786100589.9409149,723,306,Mac_TrackPad_iso-block-1-trial-8-target-0,720.0,300.0,37.5,False,Pointer Move (unknown)
1786100589.949161,723,305,Mac_TrackPad_iso-block-1-trial-8-target-0,720.0,300.0,37.5,False,Pointer Move (unknown)
1786100589.957336,723,304,Mac_TrackPad_iso-block-1-trial-8-target-0,720.0,300.0,37.5,False,Pointer Move (unknown)
1786100589.964759,723,303,Mac_TrackPad_iso-block-1-trial-8-target-0,720.0,300.0,37.5,False,Pointer Move (unknown)
1786100589.972875,723,302,Mac_TrackPad_iso-block-1-trial-8-target-0,720.0,300.0,37.5,False,Pointer Move (unknown)
1786100589.980766,723,301,Mac_TrackPad_iso-block-1-trial-8-target-0,720.0,300.0,37.5,False,Pointer Move (unknown)
1786100589.989028,723,301,Mac_TrackPad_iso-block-1-trial-8-target-0,720.0,300.0,37.5,False,Pointer Move (unknown)
1786100589.9970849,723,301,Mac_TrackPad_iso-block-1-trial-8-target-0,720.0,300.0,37.5,False,Pointer Move (unknown)
1786100590.0049129,723,300,Mac_TrackPad_iso-block-1-trial-8-target-0,720.0,300.0,37.5,False,Pointer Move (unknown)
1786100590.0133781,723,300,Mac_TrackPad_iso-block-1-trial-8-target-0,720.0,300.0,37.5,False,Pointer Move (unknown)
1786100590.0448372,723,300,Mac_TrackPad_iso-block-1-trial-8-target-0,720.0,300.0,37.5,target_selected,target_selected
1786100590.217035,723,300,Mac_TrackPad_iso-block-1-trial-9-target-4,720.0,600.0,37.5,False,Pointer Move (unknown)
1786100590.224641,723,302,Mac_TrackPad_iso-block-1-trial-9-target-4,720.0,600.0,37.5,False,Pointer Move (unknown)
1786100590.231606,723,305,Mac_TrackPad_iso-block-1-trial-9-target-4,720.0,600.0,37.5,False,Pointer Move (unknown)
1786100590.240365,723,314,Mac_TrackPad_iso-block-1-trial-9-target-4,720.0,600.0,37.5,False,Pointer Move (unknown)
1786100590.248517,723,322,Mac_TrackPad_iso-block-1-trial-9-target-4,720.0,600.0,37.5,False,Pointer Move (unknown)
1786100590.256167,723,334,Mac_TrackPad_iso-block-1-trial-9-target-4,720.0,600.0,37.5,False,Pointer Move (unknown)
1786100590.2656598,723,347,Mac_TrackPad_iso-block-1-trial-9-target-4,720.0,600.0,37.5,False,Pointer Move (unknown)
1786100590.272206,723,364,Mac_TrackPad_iso-block-1-trial-9-target-4,720.0,600.0,37.5,False,Pointer Move (unknown)
1786100590.280718,723,381,Mac_TrackPad_iso-block-1-trial-9-target-4,720.0,600.0,37.5,False,Pointer Move (unknown)
1786100590.288325,723,395,Mac_TrackPad_iso-block-1-trial-9-target-4,720.0,600.0,37.5,False,Pointer Move (unknown)
1786100590.2967858,723,415,Mac_TrackPad_iso-block-1-trial-9-target-4,720.0,600.0,37.5,False,Pointer Move (unknown)
1786100590.304885,723,429,Mac_TrackPad_iso-block-1-trial-9-target-4,720.0,600.0,37.5,False,Pointer Move (unknown)
1786100590.312513,723,443,Mac_TrackPad_iso-block-1-trial-9-target-4,720.0,600.0,37.5,False,Pointer Move (unknown)
1786100590.320365,723,457,Mac_TrackPad_iso-block-1-trial-9-target-4,720.0,600.0,37.5,False,Pointer Move (unknown)
1786100590.328716,723,468,Mac_TrackPad_iso-block-1-trial-9-target-4,720.0,600.0,37.5,False,Pointer Move (unknown)
1786100590.337249,723,479,Mac_TrackPad_iso-block-1-trial-9-target-4,720.0,600.0,37.5,False,Pointer Move (unknown)
1786100590.345262,723,484,Mac_TrackPad_iso-block-1-trial-9-target-4,720.0,600.0,37.5,False,Pointer Move (unknown)
1786100590.353822,723,492,Mac_TrackPad_iso-block-1-trial-9-target-4,720.0,600.0,37.5,False,Pointer Move (unknown)
1786100590.3610911,723,497,Mac_TrackPad_iso-block-1-trial-9-target-4,720.0,600.0,37.5,False,Pointer Move (unknown)
1786100590.3693461,723,504,Mac_TrackPad_iso-block-1-trial-9-target-4,720.0,600.0,37.5,False,Pointer Move (unknown)
1786100590.377184,723,509,Mac_TrackPad_iso-block-1-trial-9-target-4,720.0,600.0,37.5,False,Pointer Move (unknown)
1786100590.3852,723,513,Mac_TrackPad_iso-block-1-trial-9-target-4,720.0,600.0,37.5,False,Pointer Move (unknown)
1786100590.393419,723,520,Mac_TrackPad_iso-block-1-trial-9-target-4,720.0,600.0,37.5,False,Pointer Move (unknown)
1786100590.4014668,723,525,Mac_TrackPad_iso-block-1-trial-9-target-4,720.0,600.0,37.5,False,Pointer Move (unknown)
1786100590.409525,723,530,Mac_TrackPad_iso-block-1-trial-9-target-4,720.0,600.0,37.5,False,Pointer Move (unknown)
1786100590.417911,723,536,Mac_TrackPad_iso-block-1-trial-9-target-4,720.0,600.0,37.5,False,Pointer Move (unknown)
1786100590.4259572,723,541,Mac_TrackPad_iso-block-1-trial-9-target-4,720.0,600.0,37.5,False,Pointer Move (unknown)
1786100590.4339871,723,548,Mac_TrackPad_iso-block-1-trial-9-target-4,720.0,600.0,37.5,False,Pointer Move (unknown)
1786100590.441974,723,552,Mac_TrackPad_iso-block-1-trial-9-target-4,720.0,600.0,37.5,False,Pointer Move (unknown)
1786100590.449787,723,554,Mac_TrackPad_iso-block-1-trial-9-target-4,720.0,600.0,37.5,False,Pointer Move (unknown)
1786100590.45809,723,559,Mac_TrackPad_iso-block-1-trial-9-target-4,720.0,600.0,37.5,False,Pointer Move (unknown)
1786100590.465964,723,561,Mac_TrackPad_iso-block-1-trial-9-target-4,720.0,600.0,37.5,False,Pointer Move (unknown)
1786100590.4742029,723,563,Mac_TrackPad_iso-block-1-trial-9-target-4,720.0,600.0,37.5,False,Pointer Move (unknown)
1786100590.4822478,723,564,Mac_TrackPad_iso-block-1-trial-9-target-4,720.0,600.0,37.5,False,Pointer Move (unknown)
1786100590.4902668,723,565,Mac_TrackPad_iso-block-1-trial-9-target-4,720.0,600.0,37.5,False,Pointer Move (unknown)
1786100590.498784,723,566,Mac_TrackPad_iso-block-1-trial-9-target-4,720.0,600.0,37.5,False,Pointer Move (unknown)
1786100590.506838,723,567,Mac_TrackPad_iso-block-1-trial-9-target-4,720.0,600.0,37.5,False,Pointer Move (unknown)
1786100590.5147882,723,568,Mac_TrackPad_iso-block-1-trial-9-target-4,720.0,600.0,37.5,False,Pointer Move (unknown)
1786100590.5230222,723,568,Mac_TrackPad_iso-block-1-trial-9-target-4,720.0,600.0,37.5,False,Pointer Move (unknown)
1786100590.531256,723,569,Mac_TrackPad_iso-block-1-trial-9-target-4,720.0,600.0,37.5,False,Pointer Move (unknown)
1786100590.538975,723,570,Mac_TrackPad_iso-block-1-trial-9-target-4,720.0,600.0,37.5,False,Pointer Move (unknown)
1786100590.5470972,723,570,Mac_TrackPad_iso-block-1-trial-9-target-4,720.0,600.0,37.5,False,Pointer Move (unknown)
1786100590.555392,723,570,Mac_TrackPad_iso-block-1-trial-9-target-4,720.0,600.0,37.5,False,Pointer Move (unknown)
1786100590.563274,723,571,Mac_TrackPad_iso-block-1-trial-9-target-4,720.0,600.0,37.5,False,Pointer Move (unknown)
1786100590.570998,723,571,Mac_TrackPad_iso-block-1-trial-9-target-4,720.0,600.0,37.5,False,Pointer Move (unknown)
1786100590.579919,723,571,Mac_TrackPad_iso-block-1-trial-9-target-4,720.0,600.0,37.5,False,Pointer Move (unknown)
1786100590.587523,723,572,Mac_TrackPad_iso-block-1-trial-9-target-4,720.0,600.0,37.5,False,Pointer Move (unknown)
1786100590.596274,723,572,Mac_TrackPad_iso-block-1-trial-9-target-4,720.0,600.0,37.5,False,Pointer Move (unknown)
1786100590.612319,723,573,Mac_TrackPad_iso-block-1-trial-9-target-4,720.0,600.0,37.5,False,Pointer Move (unknown)
1786100590.6288671,723,573,Mac_TrackPad_iso-block-1-trial-9-target-4,720.0,600.0,37.5,False,Pointer Move (unknown)
1786100590.654218,723,573,Mac_TrackPad_iso-block-1-trial-9-target-4,720.0,600.0,37.5,False,Pointer Move (unknown)
1786100590.6609511,723,574,Mac_TrackPad_iso-block-1-trial-9-target-4,720.0,600.0,37.5,False,Pointer Move (unknown)
1786100590.669191,723,574,Mac_TrackPad_iso-block-1-trial-9-target-4,720.0,600.0,37.5,False,Pointer Move (unknown)
1786100590.684672,723,574,Mac_TrackPad_iso-block-1-trial-9-target-4,720.0,600.0,37.5,False,Pointer Move (unknown)
1786100590.7120771,723,574,Mac_TrackPad_iso-block-1-trial-9-target-4,720.0,600.0,37.5,target_selected,target_selected
1786100590.730174,723,574,Mac_TrackPad_iso-block-1-trial-10-target-0,720.0,300.0,37.5,False,Pointer Move (unknown)
1786100590.918899,723,574,Mac_TrackPad_iso-block-1-trial-10-target-0,720.0,300.0,37.5,False,Pointer Move (unknown)
1786100590.927131,723,569,Mac_TrackPad_iso-block-1-trial-10-target-0,720.0,300.0,37.5,False,Pointer Move (unknown)
1786100590.93539,723,565,Mac_TrackPad_iso-block-1-trial-10-target-0,720.0,300.0,37.5,False,Pointer Move (unknown)
1786100590.942923,723,558,Mac_TrackPad_iso-block-1-trial-10-target-0,720.0,300.0,37.5,False,Pointer Move (unknown)
1786100590.95094,723,547,Mac_TrackPad_iso-block-1-trial-10-target-0,720.0,300.0,37.5,False,Pointer Move (unknown)
1786100590.959317,723,536,Mac_TrackPad_iso-block-1-trial-10-target-0,720.0,300.0,37.5,False,Pointer Move (unknown)
1786100590.9673758,723,522,Mac_TrackPad_iso-block-1-trial-10-target-0,720.0,300.0,37.5,False,Pointer Move (unknown)
1786100590.975692,723,505,Mac_TrackPad_iso-block-1-trial-10-target-0,720.0,300.0,37.5,False,Pointer Move (unknown)
1786100590.983246,723,491,Mac_TrackPad_iso-block-1-trial-10-target-0,720.0,300.0,37.5,False,Pointer Move (unknown)
1786100590.991554,723,474,Mac_TrackPad_iso-block-1-trial-10-target-0,720.0,300.0,37.5,False,Pointer Move (unknown)
1786100590.999674,723,460,Mac_TrackPad_iso-block-1-trial-10-target-0,720.0,300.0,37.5,False,Pointer Move (unknown)
1786100591.008009,723,446,Mac_TrackPad_iso-block-1-trial-10-target-0,720.0,300.0,37.5,False,Pointer Move (unknown)
1786100591.016438,723,432,Mac_TrackPad_iso-block-1-trial-10-target-0,720.0,300.0,37.5,False,Pointer Move (unknown)
1786100591.0239391,723,429,Mac_TrackPad_iso-block-1-trial-10-target-0,720.0,300.0,37.5,False,Pointer Move (unknown)
1786100591.0321128,723,418,Mac_TrackPad_iso-block-1-trial-10-target-0,720.0,300.0,37.5,False,Pointer Move (unknown)
1786100591.0399969,723,409,Mac_TrackPad_iso-block-1-trial-10-target-0,720.0,300.0,37.5,False,Pointer Move (unknown)
1786100591.0482209,723,400,Mac_TrackPad_iso-block-1-trial-10-target-0,720.0,300.0,37.5,False,Pointer Move (unknown)
1786100591.056326,723,394,Mac_TrackPad_iso-block-1-trial-10-target-0,720.0,300.0,37.5,False,Pointer Move (unknown)
1786100591.0648608,723,389,Mac_TrackPad_iso-block-1-trial-10-target-0,720.0,300.0,37.5,False,Pointer Move (unknown)
1786100591.072711,723,382,Mac_TrackPad_iso-block-1-trial-10-target-0,720.0,300.0,37.5,False,Pointer Move (unknown)
1786100591.080448,723,377,Mac_TrackPad_iso-block-1-trial-10-target-0,720.0,300.0,37.5,False,Pointer Move (unknown)
1786100591.088599,723,374,Mac_TrackPad_iso-block-1-trial-10-target-0,720.0,300.0,37.5,False,Pointer Move (unknown)
1786100591.097174,723,371,Mac_TrackPad_iso-block-1-trial-10-target-0,720.0,300.0,37.5,False,Pointer Move (unknown)
1786100591.1049511,723,368,Mac_TrackPad_iso-block-1-trial-10-target-0,720.0,300.0,37.5,False,Pointer Move (unknown)
1786100591.113405,723,364,Mac_TrackPad_iso-block-1-trial-10-target-0,720.0,300.0,37.5,False,Pointer Move (unknown)
1786100591.120511,723,362,Mac_TrackPad_iso-block-1-trial-10-target-0,720.0,300.0,37.5,False,Pointer Move (unknown)
1786100591.12884,723,361,Mac_TrackPad_iso-block-1-trial-10-target-0,720.0,300.0,37.5,False,Pointer Move (unknown)
1786100591.136717,723,358,Mac_TrackPad_iso-block-1-trial-10-target-0,720.0,300.0,37.5,False,Pointer Move (unknown)
1786100591.144686,723,356,Mac_TrackPad_iso-block-1-trial-10-target-0,720.0,300.0,37.5,False,Pointer Move (unknown)
1786100591.152807,723,355,Mac_TrackPad_iso-block-1-trial-10-target-0,720.0,300.0,37.5,False,Pointer Move (unknown)
1786100591.160953,723,353,Mac_TrackPad_iso-block-1-trial-10-target-0,720.0,300.0,37.5,False,Pointer Move (unknown)
1786100591.169163,723,351,Mac_TrackPad_iso-block-1-trial-10-target-0,720.0,300.0,37.5,False,Pointer Move (unknown)
1786100591.177377,723,350,Mac_TrackPad_iso-block-1-trial-10-target-0,720.0,300.0,37.5,False,Pointer Move (unknown)
1786100591.185954,723,348,Mac_TrackPad_iso-block-1-trial-10-target-0,720.0,300.0,37.5,False,Pointer Move (unknown)
1786100591.1946099,724,347,Mac_TrackPad_iso-block-1-trial-10-target-0,720.0,300.0,37.5,False,Pointer Move (unknown)
1786100591.202247,724,345,Mac_TrackPad_iso-block-1-trial-10-target-0,720.0,300.0,37.5,False,Pointer Move (unknown)
1786100591.210314,725,343,Mac_TrackPad_iso-block-1-trial-10-target-0,720.0,300.0,37.5,False,Pointer Move (unknown)
1786100591.218338,725,342,Mac_TrackPad_iso-block-1-trial-10-target-0,720.0,300.0,37.5,False,Pointer Move (unknown)
1786100591.226518,725,339,Mac_TrackPad_iso-block-1-trial-10-target-0,720.0,300.0,37.5,False,Pointer Move (unknown)
1786100591.234619,725,337,Mac_TrackPad_iso-block-1-trial-10-target-0,720.0,300.0,37.5,False,Pointer Move (unknown)
1786100591.2425642,725,335,Mac_TrackPad_iso-block-1-trial-10-target-0,720.0,300.0,37.5,False,Pointer Move (unknown)
1786100591.2507782,725,333,Mac_TrackPad_iso-block-1-trial-10-target-0,720.0,300.0,37.5,False,Pointer Move (unknown)
1786100591.258641,725,329,Mac_TrackPad_iso-block-1-trial-10-target-0,720.0,300.0,37.5,False,Pointer Move (unknown)
1786100591.266452,725,327,Mac_TrackPad_iso-block-1-trial-10-target-0,720.0,300.0,37.5,False,Pointer Move (unknown)
1786100591.274894,725,325,Mac_TrackPad_iso-block-1-trial-10-target-0,720.0,300.0,37.5,False,Pointer Move (unknown)
1786100591.2830532,725,323,Mac_TrackPad_iso-block-1-trial-10-target-0,720.0,300.0,37.5,False,Pointer Move (unknown)
1786100591.29107,725,321,Mac_TrackPad_iso-block-1-trial-10-target-0,720.0,300.0,37.5,False,Pointer Move (unknown)
1786100591.299104,725,319,Mac_TrackPad_iso-block-1-trial-10-target-0,720.0,300.0,37.5,False,Pointer Move (unknown)
1786100591.3072891,725,318,Mac_TrackPad_iso-block-1-trial-10-target-0,720.0,300.0,37.5,False,Pointer Move (unknown)
1786100591.315565,725,316,Mac_TrackPad_iso-block-1-trial-10-target-0,720.0,300.0,37.5,False,Pointer Move (unknown)
1786100591.323688,725,315,Mac_TrackPad_iso-block-1-trial-10-target-0,720.0,300.0,37.5,False,Pointer Move (unknown)
1786100591.332473,725,315,Mac_TrackPad_iso-block-1-trial-10-target-0,720.0,300.0,37.5,False,Pointer Move (unknown)
1786100591.3396978,725,314,Mac_TrackPad_iso-block-1-trial-10-target-0,720.0,300.0,37.5,False,Pointer Move (unknown)
1786100591.3478248,725,313,Mac_TrackPad_iso-block-1-trial-10-target-0,720.0,300.0,37.5,False,Pointer Move (unknown)
1786100591.35608,725,313,Mac_TrackPad_iso-block-1-trial-10-target-0,720.0,300.0,37.5,False,Pointer Move (unknown)
1786100591.364408,725,313,Mac_TrackPad_iso-block-1-trial-10-target-0,720.0,300.0,37.5,False,Pointer Move (unknown)
1786100591.427504,725,313,Mac_TrackPad_iso-block-1-trial-10-target-0,720.0,300.0,37.5,target_selected,target_selected
1786100591.582538,725,312,Mac_TrackPad_iso-block-1-trial-11-target-4,720.0,600.0,37.5,False,Pointer Move (unknown)
1786100591.590623,725,314,Mac_TrackPad_iso-block-1-trial-11-target-4,720.0,600.0,37.5,False,Pointer Move (unknown)
1786100591.598766,725,319,Mac_TrackPad_iso-block-1-trial-11-target-4,720.0,600.0,37.5,False,Pointer Move (unknown)
1786100591.607415,725,324,Mac_TrackPad_iso-block-1-trial-11-target-4,720.0,600.0,37.5,False,Pointer Move (unknown)
1786100591.614772,725,335,Mac_TrackPad_iso-block-1-trial-11-target-4,720.0,600.0,37.5,False,Pointer Move (unknown)
1786100591.622951,725,346,Mac_TrackPad_iso-block-1-trial-11-target-4,720.0,600.0,37.5,False,Pointer Move (unknown)
1786100591.631074,725,360,Mac_TrackPad_iso-block-1-trial-11-target-4,720.0,600.0,37.5,False,Pointer Move (unknown)
1786100591.639167,725,374,Mac_TrackPad_iso-block-1-trial-11-target-4,720.0,600.0,37.5,False,Pointer Move (unknown)
1786100591.6472929,725,391,Mac_TrackPad_iso-block-1-trial-11-target-4,720.0,600.0,37.5,False,Pointer Move (unknown)
1786100591.655255,725,405,Mac_TrackPad_iso-block-1-trial-11-target-4,720.0,600.0,37.5,False,Pointer Move (unknown)
1786100591.6662982,725,422,Mac_TrackPad_iso-block-1-trial-11-target-4,720.0,600.0,37.5,False,Pointer Move (unknown)
1786100591.6714911,725,433,Mac_TrackPad_iso-block-1-trial-11-target-4,720.0,600.0,37.5,False,Pointer Move (unknown)
1786100591.679626,725,450,Mac_TrackPad_iso-block-1-trial-11-target-4,720.0,600.0,37.5,False,Pointer Move (unknown)
1786100591.687737,725,461,Mac_TrackPad_iso-block-1-trial-11-target-4,720.0,600.0,37.5,False,Pointer Move (unknown)
1786100591.695796,725,475,Mac_TrackPad_iso-block-1-trial-11-target-4,720.0,600.0,37.5,False,Pointer Move (unknown)
1786100591.704779,725,489,Mac_TrackPad_iso-block-1-trial-11-target-4,720.0,600.0,37.5,False,Pointer Move (unknown)
1786100591.712076,725,500,Mac_TrackPad_iso-block-1-trial-11-target-4,720.0,600.0,37.5,False,Pointer Move (unknown)
1786100591.720235,725,505,Mac_TrackPad_iso-block-1-trial-11-target-4,720.0,600.0,37.5,False,Pointer Move (unknown)
1786100591.728134,725,514,Mac_TrackPad_iso-block-1-trial-11-target-4,720.0,600.0,37.5,False,Pointer Move (unknown)
1786100591.7373471,725,522,Mac_TrackPad_iso-block-1-trial-11-target-4,720.0,600.0,37.5,False,Pointer Move (unknown)
1786100591.744123,725,531,Mac_TrackPad_iso-block-1-trial-11-target-4,720.0,600.0,37.5,False,Pointer Move (unknown)
1786100591.752356,725,536,Mac_TrackPad_iso-block-1-trial-11-target-4,720.0,600.0,37.5,False,Pointer Move (unknown)
1786100591.760774,725,542,Mac_TrackPad_iso-block-1-trial-11-target-4,720.0,600.0,37.5,False,Pointer Move (unknown)
1786100591.768616,725,547,Mac_TrackPad_iso-block-1-trial-11-target-4,720.0,600.0,37.5,False,Pointer Move (unknown)
1786100591.7767339,725,552,Mac_TrackPad_iso-block-1-trial-11-target-4,720.0,600.0,37.5,False,Pointer Move (unknown)
1786100591.7846851,725,555,Mac_TrackPad_iso-block-1-trial-11-target-4,720.0,600.0,37.5,False,Pointer Move (unknown)
1786100591.792685,725,560,Mac_TrackPad_iso-block-1-trial-11-target-4,720.0,600.0,37.5,False,Pointer Move (unknown)
1786100591.80091,725,562,Mac_TrackPad_iso-block-1-trial-11-target-4,720.0,600.0,37.5,False,Pointer Move (unknown)
1786100591.809003,725,565,Mac_TrackPad_iso-block-1-trial-11-target-4,720.0,600.0,37.5,False,Pointer Move (unknown)
1786100591.817014,725,569,Mac_TrackPad_iso-block-1-trial-11-target-4,720.0,600.0,37.5,False,Pointer Move (unknown)
1786100591.824932,725,571,Mac_TrackPad_iso-block-1-trial-11-target-4,720.0,600.0,37.5,False,Pointer Move (unknown)
1786100591.8330722,725,574,Mac_TrackPad_iso-block-1-trial-11-target-4,720.0,600.0,37.5,False,Pointer Move (unknown)
1786100591.84159,725,576,Mac_TrackPad_iso-block-1-trial-11-target-4,720.0,600.0,37.5,False,Pointer Move (unknown)
1786100591.849426,725,578,Mac_TrackPad_iso-block-1-trial-11-target-4,720.0,600.0,37.5,False,Pointer Move (unknown)
1786100591.857443,725,580,Mac_TrackPad_iso-block-1-trial-11-target-4,720.0,600.0,37.5,False,Pointer Move (unknown)
1786100591.86568,725,582,Mac_TrackPad_iso-block-1-trial-11-target-4,720.0,600.0,37.5,False,Pointer Move (unknown)
1786100591.8737411,725,583,Mac_TrackPad_iso-block-1-trial-11-target-4,720.0,600.0,37.5,False,Pointer Move (unknown)
1786100591.881823,725,584,Mac_TrackPad_iso-block-1-trial-11-target-4,720.0,600.0,37.5,False,Pointer Move (unknown)
1786100591.890174,725,584,Mac_TrackPad_iso-block-1-trial-11-target-4,720.0,600.0,37.5,False,Pointer Move (unknown)
1786100591.8979368,725,585,Mac_TrackPad_iso-block-1-trial-11-target-4,720.0,600.0,37.5,False,Pointer Move (unknown)
1786100591.9062002,725,585,Mac_TrackPad_iso-block-1-trial-11-target-4,720.0,600.0,37.5,False,Pointer Move (unknown)
1786100591.914149,725,585,Mac_TrackPad_iso-block-1-trial-11-target-4,720.0,600.0,37.5,False,Pointer Move (unknown)
1786100591.922335,725,586,Mac_TrackPad_iso-block-1-trial-11-target-4,720.0,600.0,37.5,False,Pointer Move (unknown)
1786100591.9303958,725,586,Mac_TrackPad_iso-block-1-trial-11-target-4,720.0,600.0,37.5,False,Pointer Move (unknown)
1786100591.96294,725,587,Mac_TrackPad_iso-block-1-trial-11-target-4,720.0,600.0,37.5,False,Pointer Move (unknown)
1786100591.995009,725,587,Mac_TrackPad_iso-block-1-trial-11-target-4,720.0,600.0,37.5,False,Pointer Move (unknown)
1786100592.0272949,725,587,Mac_TrackPad_iso-block-1-trial-11-target-4,720.0,600.0,37.5,target_selected,target_selected
1786100592.205604,725,586,Mac_TrackPad_iso-block-1-trial-12-target-0,720.0,300.0,37.5,False,Pointer Move (unknown)
1786100592.213587,725,581,Mac_TrackPad_iso-block-1-trial-12-target-0,720.0,300.0,37.5,False,Pointer Move (unknown)
1786100592.221442,725,572,Mac_TrackPad_iso-block-1-trial-12-target-0,720.0,300.0,37.5,False,Pointer Move (unknown)
1786100592.2295392,725,566,Mac_TrackPad_iso-block-1-trial-12-target-0,720.0,300.0,37.5,False,Pointer Move (unknown)
1786100592.2375538,725,549,Mac_TrackPad_iso-block-1-trial-12-target-0,720.0,300.0,37.5,False,Pointer Move (unknown)
1786100592.2456598,725,517,Mac_TrackPad_iso-block-1-trial-12-target-0,720.0,300.0,37.5,False,Pointer Move (unknown)
1786100592.2536929,725,508,Mac_TrackPad_iso-block-1-trial-12-target-0,720.0,300.0,37.5,False,Pointer Move (unknown)
1786100592.262017,725,484,Mac_TrackPad_iso-block-1-trial-12-target-0,720.0,300.0,37.5,False,Pointer Move (unknown)
1786100592.270189,725,464,Mac_TrackPad_iso-block-1-trial-12-target-0,720.0,300.0,37.5,False,Pointer Move (unknown)
1786100592.2781,725,447,Mac_TrackPad_iso-block-1-trial-12-target-0,720.0,300.0,37.5,False,Pointer Move (unknown)
1786100592.2862642,725,430,Mac_TrackPad_iso-block-1-trial-12-target-0,720.0,300.0,37.5,False,Pointer Move (unknown)
1786100592.294278,725,416,Mac_TrackPad_iso-block-1-trial-12-target-0,720.0,300.0,37.5,False,Pointer Move (unknown)
1786100592.3047411,725,405,Mac_TrackPad_iso-block-1-trial-12-target-0,720.0,300.0,37.5,False,Pointer Move (unknown)
1786100592.310526,725,394,Mac_TrackPad_iso-block-1-trial-12-target-0,720.0,300.0,37.5,False,Pointer Move (unknown)
1786100592.31875,725,383,Mac_TrackPad_iso-block-1-trial-12-target-0,720.0,300.0,37.5,False,Pointer Move (unknown)
1786100592.326802,725,381,Mac_TrackPad_iso-block-1-trial-12-target-0,720.0,300.0,37.5,False,Pointer Move (unknown)
1786100592.3348532,725,372,Mac_TrackPad_iso-block-1-trial-12-target-0,720.0,300.0,37.5,False,Pointer Move (unknown)
1786100592.3430898,725,365,Mac_TrackPad_iso-block-1-trial-12-target-0,720.0,300.0,37.5,False,Pointer Move (unknown)
1786100592.350831,725,361,Mac_TrackPad_iso-block-1-trial-12-target-0,720.0,300.0,37.5,False,Pointer Move (unknown)
1786100592.35878,725,356,Mac_TrackPad_iso-block-1-trial-12-target-0,720.0,300.0,37.5,False,Pointer Move (unknown)
1786100592.3669498,725,354,Mac_TrackPad_iso-block-1-trial-12-target-0,720.0,300.0,37.5,False,Pointer Move (unknown)
1786100592.374911,725,352,Mac_TrackPad_iso-block-1-trial-12-target-0,720.0,300.0,37.5,False,Pointer Move (unknown)
1786100592.383115,725,351,Mac_TrackPad_iso-block-1-trial-12-target-0,720.0,300.0,37.5,False,Pointer Move (unknown)
1786100592.391052,725,350,Mac_TrackPad_iso-block-1-trial-12-target-0,720.0,300.0,37.5,False,Pointer Move (unknown)
1786100592.399184,725,349,Mac_TrackPad_iso-block-1-trial-12-target-0,720.0,300.0,37.5,False,Pointer Move (unknown)
1786100592.407713,725,348,Mac_TrackPad_iso-block-1-trial-12-target-0,720.0,300.0,37.5,False,Pointer Move (unknown)
1786100592.4235818,725,348,Mac_TrackPad_iso-block-1-trial-12-target-0,720.0,300.0,37.5,False,Pointer Move (unknown)
1786100592.431746,725,347,Mac_TrackPad_iso-block-1-trial-12-target-0,720.0,300.0,37.5,False,Pointer Move (unknown)
1786100592.439859,725,346,Mac_TrackPad_iso-block-1-trial-12-target-0,720.0,300.0,37.5,False,Pointer Move (unknown)
1786100592.448056,725,346,Mac_TrackPad_iso-block-1-trial-12-target-0,720.0,300.0,37.5,False,Pointer Move (unknown)
1786100592.456068,725,346,Mac_TrackPad_iso-block-1-trial-12-target-0,720.0,300.0,37.5,False,Pointer Move (unknown)
1786100592.464137,725,345,Mac_TrackPad_iso-block-1-trial-12-target-0,720.0,300.0,37.5,False,Pointer Move (unknown)
1786100592.47203,725,344,Mac_TrackPad_iso-block-1-trial-12-target-0,720.0,300.0,37.5,False,Pointer Move (unknown)
1786100592.480206,725,343,Mac_TrackPad_iso-block-1-trial-12-target-0,720.0,300.0,37.5,False,Pointer Move (unknown)
1786100592.488203,725,342,Mac_TrackPad_iso-block-1-trial-12-target-0,720.0,300.0,37.5,False,Pointer Move (unknown)
1786100592.496377,725,342,Mac_TrackPad_iso-block-1-trial-12-target-0,720.0,300.0,37.5,False,Pointer Move (unknown)
1786100592.504538,725,341,Mac_TrackPad_iso-block-1-trial-12-target-0,720.0,300.0,37.5,False,Pointer Move (unknown)
1786100592.5125508,725,340,Mac_TrackPad_iso-block-1-trial-12-target-0,720.0,300.0,37.5,False,Pointer Move (unknown)
1786100592.520763,725,339,Mac_TrackPad_iso-block-1-trial-12-target-0,720.0,300.0,37.5,False,Pointer Move (unknown)
1786100592.528911,725,339,Mac_TrackPad_iso-block-1-trial-12-target-0,720.0,300.0,37.5,False,Pointer Move (unknown)
1786100592.536874,725,338,Mac_TrackPad_iso-block-1-trial-12-target-0,720.0,300.0,37.5,False,Pointer Move (unknown)
1786100592.544758,725,337,Mac_TrackPad_iso-block-1-trial-12-target-0,720.0,300.0,37.5,False,Pointer Move (unknown)
1786100592.553024,725,337,Mac_TrackPad_iso-block-1-trial-12-target-0,720.0,300.0,37.5,False,Pointer Move (unknown)
1786100592.561106,725,337,Mac_TrackPad_iso-block-1-trial-12-target-0,720.0,300.0,37.5,False,Pointer Move (unknown)
1786100592.5690932,725,336,Mac_TrackPad_iso-block-1-trial-12-target-0,720.0,300.0,37.5,False,Pointer Move (unknown)
1786100592.577177,725,336,Mac_TrackPad_iso-block-1-trial-12-target-0,720.0,300.0,37.5,False,Pointer Move (unknown)
1786100592.585288,725,335,Mac_TrackPad_iso-block-1-trial-12-target-0,720.0,300.0,37.5,False,Pointer Move (unknown)
1786100592.59336,725,335,Mac_TrackPad_iso-block-1-trial-12-target-0,720.0,300.0,37.5,False,Pointer Move (unknown)
1786100592.609787,725,334,Mac_TrackPad_iso-block-1-trial-12-target-0,720.0,300.0,37.5,False,Pointer Move (unknown)
1786100592.61788,725,334,Mac_TrackPad_iso-block-1-trial-12-target-0,720.0,300.0,37.5,False,Pointer Move (unknown)
1786100592.6257641,725,333,Mac_TrackPad_iso-block-1-trial-12-target-0,720.0,300.0,37.5,False,Pointer Move (unknown)
1786100592.633803,725,332,Mac_TrackPad_iso-block-1-trial-12-target-0,720.0,300.0,37.5,False,Pointer Move (unknown)
1786100592.641839,725,331,Mac_TrackPad_iso-block-1-trial-12-target-0,720.0,300.0,37.5,False,Pointer Move (unknown)
1786100592.650162,725,329,Mac_TrackPad_iso-block-1-trial-12-target-0,720.0,300.0,37.5,False,Pointer Move (unknown)
1786100592.65815,724,327,Mac_TrackPad_iso-block-1-trial-12-target-0,720.0,300.0,37.5,False,Pointer Move (unknown)
1786100592.666229,724,326,Mac_TrackPad_iso-block-1-trial-12-target-0,720.0,300.0,37.5,False,Pointer Move (unknown)
1786100592.6743748,724,325,Mac_TrackPad_iso-block-1-trial-12-target-0,720.0,300.0,37.5,False,Pointer Move (unknown)
1786100592.682335,724,324,Mac_TrackPad_iso-block-1-trial-12-target-0,720.0,300.0,37.5,False,Pointer Move (unknown)
1786100592.69068,724,323,Mac_TrackPad_iso-block-1-trial-12-target-0,720.0,300.0,37.5,False,Pointer Move (unknown)
1786100592.698718,724,322,Mac_TrackPad_iso-block-1-trial-12-target-0,720.0,300.0,37.5,False,Pointer Move (unknown)
1786100592.706917,724,322,Mac_TrackPad_iso-block-1-trial-12-target-0,720.0,300.0,37.5,False,Pointer Move (unknown)
1786100592.72755,724,322,Mac_TrackPad_iso-block-1-trial-12-target-0,720.0,300.0,37.5,target_selected,target_selected
1786100592.744883,723,322,Mac_TrackPad_iso-block-1-trial-13-target-4,720.0,600.0,37.5,False,Pointer Move (unknown)
1786100592.9336588,723,323,Mac_TrackPad_iso-block-1-trial-13-target-4,720.0,600.0,37.5,False,Pointer Move (unknown)
1786100592.9412081,723,329,Mac_TrackPad_iso-block-1-trial-13-target-4,720.0,600.0,37.5,False,Pointer Move (unknown)
1786100592.949384,723,340,Mac_TrackPad_iso-block-1-trial-13-target-4,720.0,600.0,37.5,False,Pointer Move (unknown)
1786100592.9575198,723,354,Mac_TrackPad_iso-block-1-trial-13-target-4,720.0,600.0,37.5,False,Pointer Move (unknown)
1786100592.965664,723,366,Mac_TrackPad_iso-block-1-trial-13-target-4,720.0,600.0,37.5,False,Pointer Move (unknown)
1786100592.973726,723,382,Mac_TrackPad_iso-block-1-trial-13-target-4,720.0,600.0,37.5,False,Pointer Move (unknown)
1786100592.981877,723,403,Mac_TrackPad_iso-block-1-trial-13-target-4,720.0,600.0,37.5,False,Pointer Move (unknown)
1786100592.989991,723,420,Mac_TrackPad_iso-block-1-trial-13-target-4,720.0,600.0,37.5,False,Pointer Move (unknown)
1786100592.997979,723,433,Mac_TrackPad_iso-block-1-trial-13-target-4,720.0,600.0,37.5,False,Pointer Move (unknown)
1786100593.005939,723,445,Mac_TrackPad_iso-block-1-trial-13-target-4,720.0,600.0,37.5,False,Pointer Move (unknown)
1786100593.014254,723,459,Mac_TrackPad_iso-block-1-trial-13-target-4,720.0,600.0,37.5,False,Pointer Move (unknown)
1786100593.022354,723,470,Mac_TrackPad_iso-block-1-trial-13-target-4,720.0,600.0,37.5,False,Pointer Move (unknown)
1786100593.0303779,723,481,Mac_TrackPad_iso-block-1-trial-13-target-4,720.0,600.0,37.5,False,Pointer Move (unknown)
1786100593.0386932,723,492,Mac_TrackPad_iso-block-1-trial-13-target-4,720.0,600.0,37.5,False,Pointer Move (unknown)
1786100593.04651,723,501,Mac_TrackPad_iso-block-1-trial-13-target-4,720.0,600.0,37.5,False,Pointer Move (unknown)
1786100593.054636,723,512,Mac_TrackPad_iso-block-1-trial-13-target-4,720.0,600.0,37.5,False,Pointer Move (unknown)
1786100593.062612,723,517,Mac_TrackPad_iso-block-1-trial-13-target-4,720.0,600.0,37.5,False,Pointer Move (unknown)
1786100593.070708,723,523,Mac_TrackPad_iso-block-1-trial-13-target-4,720.0,600.0,37.5,False,Pointer Move (unknown)
1786100593.078704,723,530,Mac_TrackPad_iso-block-1-trial-13-target-4,720.0,600.0,37.5,False,Pointer Move (unknown)
1786100593.0869079,723,537,Mac_TrackPad_iso-block-1-trial-13-target-4,720.0,600.0,37.5,False,Pointer Move (unknown)
1786100593.0949361,723,540,Mac_TrackPad_iso-block-1-trial-13-target-4,720.0,600.0,37.5,False,Pointer Move (unknown)
1786100593.103518,723,542,Mac_TrackPad_iso-block-1-trial-13-target-4,720.0,600.0,37.5,False,Pointer Move (unknown)
1786100593.1112928,723,544,Mac_TrackPad_iso-block-1-trial-13-target-4,720.0,600.0,37.5,False,Pointer Move (unknown)
1786100593.1192708,723,546,Mac_TrackPad_iso-block-1-trial-13-target-4,720.0,600.0,37.5,False,Pointer Move (unknown)
1786100593.128171,723,546,Mac_TrackPad_iso-block-1-trial-13-target-4,720.0,600.0,37.5,False,Pointer Move (unknown)
1786100593.136255,723,547,Mac_TrackPad_iso-block-1-trial-13-target-4,720.0,600.0,37.5,False,Pointer Move (unknown)
1786100593.143667,723,547,Mac_TrackPad_iso-block-1-trial-13-target-4,720.0,600.0,37.5,False,Pointer Move (unknown)
1786100593.1597528,723,547,Mac_TrackPad_iso-block-1-trial-13-target-4,720.0,600.0,37.5,False,Pointer Move (unknown)
1786100593.168119,723,548,Mac_TrackPad_iso-block-1-trial-13-target-4,720.0,600.0,37.5,False,Pointer Move (unknown)
1786100593.175949,723,548,Mac_TrackPad_iso-block-1-trial-13-target-4,720.0,600.0,37.5,False,Pointer Move (unknown)
1786100593.1838138,723,548,Mac_TrackPad_iso-block-1-trial-13-target-4,720.0,600.0,37.5,False,Pointer Move (unknown)
1786100593.191881,723,549,Mac_TrackPad_iso-block-1-trial-13-target-4,720.0,600.0,37.5,False,Pointer Move (unknown)
1786100593.200293,723,549,Mac_TrackPad_iso-block-1-trial-13-target-4,720.0,600.0,37.5,False,Pointer Move (unknown)
1786100593.208041,723,550,Mac_TrackPad_iso-block-1-trial-13-target-4,720.0,600.0,37.5,False,Pointer Move (unknown)
1786100593.216671,723,551,Mac_TrackPad_iso-block-1-trial-13-target-4,720.0,600.0,37.5,False,Pointer Move (unknown)
1786100593.22469,723,552,Mac_TrackPad_iso-block-1-trial-13-target-4,720.0,600.0,37.5,False,Pointer Move (unknown)
1786100593.232487,723,553,Mac_TrackPad_iso-block-1-trial-13-target-4,720.0,600.0,37.5,False,Pointer Move (unknown)
1786100593.241237,723,554,Mac_TrackPad_iso-block-1-trial-13-target-4,720.0,600.0,37.5,False,Pointer Move (unknown)
1786100593.248705,723,556,Mac_TrackPad_iso-block-1-trial-13-target-4,720.0,600.0,37.5,False,Pointer Move (unknown)
1786100593.256771,723,557,Mac_TrackPad_iso-block-1-trial-13-target-4,720.0,600.0,37.5,False,Pointer Move (unknown)
1786100593.265019,723,559,Mac_TrackPad_iso-block-1-trial-13-target-4,720.0,600.0,37.5,False,Pointer Move (unknown)
1786100593.272955,723,561,Mac_TrackPad_iso-block-1-trial-13-target-4,720.0,600.0,37.5,False,Pointer Move (unknown)
1786100593.2809432,723,563,Mac_TrackPad_iso-block-1-trial-13-target-4,720.0,600.0,37.5,False,Pointer Move (unknown)
1786100593.289293,723,566,Mac_TrackPad_iso-block-1-trial-13-target-4,720.0,600.0,37.5,False,Pointer Move (unknown)
1786100593.297129,723,568,Mac_TrackPad_iso-block-1-trial-13-target-4,720.0,600.0,37.5,False,Pointer Move (unknown)
1786100593.3063512,723,571,Mac_TrackPad_iso-block-1-trial-13-target-4,720.0,600.0,37.5,False,Pointer Move (unknown)
1786100593.313371,723,573,Mac_TrackPad_iso-block-1-trial-13-target-4,720.0,600.0,37.5,False,Pointer Move (unknown)
1786100593.321457,723,575,Mac_TrackPad_iso-block-1-trial-13-target-4,720.0,600.0,37.5,False,Pointer Move (unknown)
1786100593.32955,723,579,Mac_TrackPad_iso-block-1-trial-13-target-4,720.0,600.0,37.5,False,Pointer Move (unknown)
1786100593.3377001,723,580,Mac_TrackPad_iso-block-1-trial-13-target-4,720.0,600.0,37.5,False,Pointer Move (unknown)
1786100593.345697,723,582,Mac_TrackPad_iso-block-1-trial-13-target-4,720.0,600.0,37.5,False,Pointer Move (unknown)
1786100593.3536808,723,583,Mac_TrackPad_iso-block-1-trial-13-target-4,720.0,600.0,37.5,False,Pointer Move (unknown)
1786100593.361772,723,584,Mac_TrackPad_iso-block-1-trial-13-target-4,720.0,600.0,37.5,False,Pointer Move (unknown)
1786100593.3698409,723,585,Mac_TrackPad_iso-block-1-trial-13-target-4,720.0,600.0,37.5,False,Pointer Move (unknown)
1786100593.377891,723,585,Mac_TrackPad_iso-block-1-trial-13-target-4,720.0,600.0,37.5,False,Pointer Move (unknown)
1786100593.386131,723,586,Mac_TrackPad_iso-block-1-trial-13-target-4,720.0,600.0,37.5,False,Pointer Move (unknown)
1786100593.3940759,723,586,Mac_TrackPad_iso-block-1-trial-13-target-4,720.0,600.0,37.5,False,Pointer Move (unknown)
1786100593.4021,723,586,Mac_TrackPad_iso-block-1-trial-13-target-4,720.0,600.0,37.5,False,Pointer Move (unknown)
1786100593.410315,723,587,Mac_TrackPad_iso-block-1-trial-13-target-4,720.0,600.0,37.5,False,Pointer Move (unknown)
1786100593.418734,723,587,Mac_TrackPad_iso-block-1-trial-13-target-4,720.0,600.0,37.5,False,Pointer Move (unknown)
1786100593.42695,723,588,Mac_TrackPad_iso-block-1-trial-13-target-4,720.0,600.0,37.5,False,Pointer Move (unknown)
1786100593.434758,723,588,Mac_TrackPad_iso-block-1-trial-13-target-4,720.0,600.0,37.5,False,Pointer Move (unknown)
1786100593.460841,723,588,Mac_TrackPad_iso-block-1-trial-13-target-4,720.0,600.0,37.5,target_selected,target_selected
1786100593.66156,723,587,Mac_TrackPad_iso-block-1-trial-14-target-0,720.0,300.0,37.5,False,Pointer Move (unknown)
1786100593.6692748,723,584,Mac_TrackPad_iso-block-1-trial-14-target-0,720.0,300.0,37.5,False,Pointer Move (unknown)
1786100593.677428,723,581,Mac_TrackPad_iso-block-1-trial-14-target-0,720.0,300.0,37.5,False,Pointer Move (unknown)
1786100593.6855848,723,576,Mac_TrackPad_iso-block-1-trial-14-target-0,720.0,300.0,37.5,False,Pointer Move (unknown)
1786100593.6934001,723,569,Mac_TrackPad_iso-block-1-trial-14-target-0,720.0,300.0,37.5,False,Pointer Move (unknown)
1786100593.701449,723,561,Mac_TrackPad_iso-block-1-trial-14-target-0,720.0,300.0,37.5,False,Pointer Move (unknown)
1786100593.7095418,723,552,Mac_TrackPad_iso-block-1-trial-14-target-0,720.0,300.0,37.5,False,Pointer Move (unknown)
1786100593.717576,723,541,Mac_TrackPad_iso-block-1-trial-14-target-0,720.0,300.0,37.5,False,Pointer Move (unknown)
1786100593.7256162,723,530,Mac_TrackPad_iso-block-1-trial-14-target-0,720.0,300.0,37.5,False,Pointer Move (unknown)
1786100593.733581,723,516,Mac_TrackPad_iso-block-1-trial-14-target-0,720.0,300.0,37.5,False,Pointer Move (unknown)
1786100593.742093,723,505,Mac_TrackPad_iso-block-1-trial-14-target-0,720.0,300.0,37.5,False,Pointer Move (unknown)
1786100593.75028,723,491,Mac_TrackPad_iso-block-1-trial-14-target-0,720.0,300.0,37.5,False,Pointer Move (unknown)
1786100593.7582679,723,482,Mac_TrackPad_iso-block-1-trial-14-target-0,720.0,300.0,37.5,False,Pointer Move (unknown)
1786100593.76617,723,479,Mac_TrackPad_iso-block-1-trial-14-target-0,720.0,300.0,37.5,False,Pointer Move (unknown)
1786100593.774164,723,472,Mac_TrackPad_iso-block-1-trial-14-target-0,720.0,300.0,37.5,False,Pointer Move (unknown)
1786100593.782617,723,463,Mac_TrackPad_iso-block-1-trial-14-target-0,720.0,300.0,37.5,False,Pointer Move (unknown)
1786100593.790401,723,457,Mac_TrackPad_iso-block-1-trial-14-target-0,720.0,300.0,37.5,False,Pointer Move (unknown)
1786100593.79866,723,450,Mac_TrackPad_iso-block-1-trial-14-target-0,720.0,300.0,37.5,False,Pointer Move (unknown)
1786100593.806704,723,445,Mac_TrackPad_iso-block-1-trial-14-target-0,720.0,300.0,37.5,False,Pointer Move (unknown)
1786100593.81468,723,442,Mac_TrackPad_iso-block-1-trial-14-target-0,720.0,300.0,37.5,False,Pointer Move (unknown)
1786100593.8228061,723,439,Mac_TrackPad_iso-block-1-trial-14-target-0,720.0,300.0,37.5,False,Pointer Move (unknown)
1786100593.8309739,723,434,Mac_TrackPad_iso-block-1-trial-14-target-0,720.0,300.0,37.5,False,Pointer Move (unknown)
1786100593.8390038,723,431,Mac_TrackPad_iso-block-1-trial-14-target-0,720.0,300.0,37.5,False,Pointer Move (unknown)
1786100593.847115,723,428,Mac_TrackPad_iso-block-1-trial-14-target-0,720.0,300.0,37.5,False,Pointer Move (unknown)
1786100593.855375,723,423,Mac_TrackPad_iso-block-1-trial-14-target-0,720.0,300.0,37.5,False,Pointer Move (unknown)
1786100593.863626,723,418,Mac_TrackPad_iso-block-1-trial-14-target-0,720.0,300.0,37.5,False,Pointer Move (unknown)
1786100593.871551,723,416,Mac_TrackPad_iso-block-1-trial-14-target-0,720.0,300.0,37.5,False,Pointer Move (unknown)
1786100593.879425,723,413,Mac_TrackPad_iso-block-1-trial-14-target-0,720.0,300.0,37.5,False,Pointer Move (unknown)
1786100593.8878589,723,408,Mac_TrackPad_iso-block-1-trial-14-target-0,720.0,300.0,37.5,False,Pointer Move (unknown)
1786100593.895657,723,405,Mac_TrackPad_iso-block-1-trial-14-target-0,720.0,300.0,37.5,False,Pointer Move (unknown)
1786100593.903711,723,401,Mac_TrackPad_iso-block-1-trial-14-target-0,720.0,300.0,37.5,False,Pointer Move (unknown)
1786100593.911951,723,398,Mac_TrackPad_iso-block-1-trial-14-target-0,720.0,300.0,37.5,False,Pointer Move (unknown)
1786100593.920026,723,395,Mac_TrackPad_iso-block-1-trial-14-target-0,720.0,300.0,37.5,False,Pointer Move (unknown)
1786100593.92767,723,393,Mac_TrackPad_iso-block-1-trial-14-target-0,720.0,300.0,37.5,False,Pointer Move (unknown)
1786100593.936126,723,391,Mac_TrackPad_iso-block-1-trial-14-target-0,720.0,300.0,37.5,False,Pointer Move (unknown)
1786100593.944032,723,389,Mac_TrackPad_iso-block-1-trial-14-target-0,720.0,300.0,37.5,False,Pointer Move (unknown)
1786100593.952021,723,387,Mac_TrackPad_iso-block-1-trial-14-target-0,720.0,300.0,37.5,False,Pointer Move (unknown)
1786100593.9605062,723,385,Mac_TrackPad_iso-block-1-trial-14-target-0,720.0,300.0,37.5,False,Pointer Move (unknown)
1786100593.9685628,723,383,Mac_TrackPad_iso-block-1-trial-14-target-0,720.0,300.0,37.5,False,Pointer Move (unknown)
1786100593.976516,723,381,Mac_TrackPad_iso-block-1-trial-14-target-0,720.0,300.0,37.5,False,Pointer Move (unknown)
1786100593.984525,723,378,Mac_TrackPad_iso-block-1-trial-14-target-0,720.0,300.0,37.5,False,Pointer Move (unknown)
1786100593.992739,723,376,Mac_TrackPad_iso-block-1-trial-14-target-0,720.0,300.0,37.5,False,Pointer Move (unknown)
1786100594.000684,723,372,Mac_TrackPad_iso-block-1-trial-14-target-0,720.0,300.0,37.5,False,Pointer Move (unknown)
1786100594.0085871,723,369,Mac_TrackPad_iso-block-1-trial-14-target-0,720.0,300.0,37.5,False,Pointer Move (unknown)
1786100594.0168278,723,366,Mac_TrackPad_iso-block-1-trial-14-target-0,720.0,300.0,37.5,False,Pointer Move (unknown)
1786100594.025256,723,363,Mac_TrackPad_iso-block-1-trial-14-target-0,720.0,300.0,37.5,False,Pointer Move (unknown)
1786100594.033018,723,359,Mac_TrackPad_iso-block-1-trial-14-target-0,720.0,300.0,37.5,False,Pointer Move (unknown)
1786100594.041184,722,355,Mac_TrackPad_iso-block-1-trial-14-target-0,720.0,300.0,37.5,False,Pointer Move (unknown)
1786100594.0493171,722,351,Mac_TrackPad_iso-block-1-trial-14-target-0,720.0,300.0,37.5,False,Pointer Move (unknown)
1786100594.057205,721,346,Mac_TrackPad_iso-block-1-trial-14-target-0,720.0,300.0,37.5,False,Pointer Move (unknown)
1786100594.065498,721,343,Mac_TrackPad_iso-block-1-trial-14-target-0,720.0,300.0,37.5,False,Pointer Move (unknown)
1786100594.0735,720,338,Mac_TrackPad_iso-block-1-trial-14-target-0,720.0,300.0,37.5,False,Pointer Move (unknown)
1786100594.081503,720,335,Mac_TrackPad_iso-block-1-trial-14-target-0,720.0,300.0,37.5,False,Pointer Move (unknown)
1786100594.089552,719,332,Mac_TrackPad_iso-block-1-trial-14-target-0,720.0,300.0,37.5,False,Pointer Move (unknown)
1786100594.097624,719,329,Mac_TrackPad_iso-block-1-trial-14-target-0,720.0,300.0,37.5,False,Pointer Move (unknown)
1786100594.10606,718,325,Mac_TrackPad_iso-block-1-trial-14-target-0,720.0,300.0,37.5,False,Pointer Move (unknown)
1786100594.1138391,718,323,Mac_TrackPad_iso-block-1-trial-14-target-0,720.0,300.0,37.5,False,Pointer Move (unknown)
1786100594.122475,718,321,Mac_TrackPad_iso-block-1-trial-14-target-0,720.0,300.0,37.5,False,Pointer Move (unknown)
1786100594.1299882,718,319,Mac_TrackPad_iso-block-1-trial-14-target-0,720.0,300.0,37.5,False,Pointer Move (unknown)
1786100594.138536,718,317,Mac_TrackPad_iso-block-1-trial-14-target-0,720.0,300.0,37.5,False,Pointer Move (unknown)
1786100594.146564,718,316,Mac_TrackPad_iso-block-1-trial-14-target-0,720.0,300.0,37.5,False,Pointer Move (unknown)
1786100594.1546109,718,315,Mac_TrackPad_iso-block-1-trial-14-target-0,720.0,300.0,37.5,False,Pointer Move (unknown)
1786100594.162514,718,314,Mac_TrackPad_iso-block-1-trial-14-target-0,720.0,300.0,37.5,False,Pointer Move (unknown)
1786100594.171094,718,313,Mac_TrackPad_iso-block-1-trial-14-target-0,720.0,300.0,37.5,False,Pointer Move (unknown)
1786100594.1787121,718,313,Mac_TrackPad_iso-block-1-trial-14-target-0,720.0,300.0,37.5,False,Pointer Move (unknown)
1786100594.186788,718,312,Mac_TrackPad_iso-block-1-trial-14-target-0,720.0,300.0,37.5,False,Pointer Move (unknown)
1786100594.194863,718,312,Mac_TrackPad_iso-block-1-trial-14-target-0,720.0,300.0,37.5,False,Pointer Move (unknown)
1786100594.211008,718,312,Mac_TrackPad_iso-block-1-trial-14-target-0,720.0,300.0,37.5,False,Pointer Move (unknown)
1786100594.251353,718,311,Mac_TrackPad_iso-block-1-trial-14-target-0,720.0,300.0,37.5,False,Pointer Move (unknown)
1786100594.2596,718,311,Mac_TrackPad_iso-block-1-trial-14-target-0,720.0,300.0,37.5,False,Pointer Move (unknown)
1786100594.294346,718,311,Mac_TrackPad_iso-block-1-trial-14-target-0,720.0,300.0,37.5,target_selected,target_selected
1786100594.4378262,718,312,Mac_TrackPad_iso-block-1-trial-15-target-4,720.0,600.0,37.5,False,Pointer Move (unknown)
1786100594.4532359,718,319,Mac_TrackPad_iso-block-1-trial-15-target-4,720.0,600.0,37.5,False,Pointer Move (unknown)
1786100594.4535198,718,325,Mac_TrackPad_iso-block-1-trial-15-target-4,720.0,600.0,37.5,False,Pointer Move (unknown)
1786100594.461629,718,339,Mac_TrackPad_iso-block-1-trial-15-target-4,720.0,600.0,37.5,False,Pointer Move (unknown)
1786100594.47003,718,356,Mac_TrackPad_iso-block-1-trial-15-target-4,720.0,600.0,37.5,False,Pointer Move (unknown)
1786100594.477988,718,373,Mac_TrackPad_iso-block-1-trial-15-target-4,720.0,600.0,37.5,False,Pointer Move (unknown)
1786100594.486071,718,390,Mac_TrackPad_iso-block-1-trial-15-target-4,720.0,600.0,37.5,False,Pointer Move (unknown)
1786100594.4946601,718,410,Mac_TrackPad_iso-block-1-trial-15-target-4,720.0,600.0,37.5,False,Pointer Move (unknown)
1786100594.5025558,718,427,Mac_TrackPad_iso-block-1-trial-15-target-4,720.0,600.0,37.5,False,Pointer Move (unknown)
1786100594.510317,718,444,Mac_TrackPad_iso-block-1-trial-15-target-4,720.0,600.0,37.5,False,Pointer Move (unknown)
1786100594.518448,718,458,Mac_TrackPad_iso-block-1-trial-15-target-4,720.0,600.0,37.5,False,Pointer Move (unknown)
1786100594.526484,718,469,Mac_TrackPad_iso-block-1-trial-15-target-4,720.0,600.0,37.5,False,Pointer Move (unknown)
1786100594.534653,718,480,Mac_TrackPad_iso-block-1-trial-15-target-4,720.0,600.0,37.5,False,Pointer Move (unknown)
1786100594.5427022,718,489,Mac_TrackPad_iso-block-1-trial-15-target-4,720.0,600.0,37.5,False,Pointer Move (unknown)
1786100594.550735,718,491,Mac_TrackPad_iso-block-1-trial-15-target-4,720.0,600.0,37.5,False,Pointer Move (unknown)
1786100594.558711,718,500,Mac_TrackPad_iso-block-1-trial-15-target-4,720.0,600.0,37.5,False,Pointer Move (unknown)
1786100594.566883,718,508,Mac_TrackPad_iso-block-1-trial-15-target-4,720.0,600.0,37.5,False,Pointer Move (unknown)
1786100594.574943,718,513,Mac_TrackPad_iso-block-1-trial-15-target-4,720.0,600.0,37.5,False,Pointer Move (unknown)
1786100594.5830662,718,520,Mac_TrackPad_iso-block-1-trial-15-target-4,720.0,600.0,37.5,False,Pointer Move (unknown)
1786100594.5912142,718,525,Mac_TrackPad_iso-block-1-trial-15-target-4,720.0,600.0,37.5,False,Pointer Move (unknown)
1786100594.599265,718,531,Mac_TrackPad_iso-block-1-trial-15-target-4,720.0,600.0,37.5,False,Pointer Move (unknown)
1786100594.607235,718,536,Mac_TrackPad_iso-block-1-trial-15-target-4,720.0,600.0,37.5,False,Pointer Move (unknown)
1786100594.615482,718,541,Mac_TrackPad_iso-block-1-trial-15-target-4,720.0,600.0,37.5,False,Pointer Move (unknown)
1786100594.62358,718,546,Mac_TrackPad_iso-block-1-trial-15-target-4,720.0,600.0,37.5,False,Pointer Move (unknown)
1786100594.631469,718,550,Mac_TrackPad_iso-block-1-trial-15-target-4,720.0,600.0,37.5,False,Pointer Move (unknown)
1786100594.63962,718,555,Mac_TrackPad_iso-block-1-trial-15-target-4,720.0,600.0,37.5,False,Pointer Move (unknown)
1786100594.648471,718,558,Mac_TrackPad_iso-block-1-trial-15-target-4,720.0,600.0,37.5,False,Pointer Move (unknown)
1786100594.655968,718,563,Mac_TrackPad_iso-block-1-trial-15-target-4,720.0,600.0,37.5,False,Pointer Move (unknown)
1786100594.6638012,718,566,Mac_TrackPad_iso-block-1-trial-15-target-4,720.0,600.0,37.5,False,Pointer Move (unknown)
1786100594.672331,718,571,Mac_TrackPad_iso-block-1-trial-15-target-4,720.0,600.0,37.5,False,Pointer Move (unknown)
1786100594.680159,718,574,Mac_TrackPad_iso-block-1-trial-15-target-4,720.0,600.0,37.5,False,Pointer Move (unknown)
1786100594.688201,719,579,Mac_TrackPad_iso-block-1-trial-15-target-4,720.0,600.0,37.5,False,Pointer Move (unknown)
1786100594.6962712,719,582,Mac_TrackPad_iso-block-1-trial-15-target-4,720.0,600.0,37.5,False,Pointer Move (unknown)
1786100594.704361,720,586,Mac_TrackPad_iso-block-1-trial-15-target-4,720.0,600.0,37.5,False,Pointer Move (unknown)
1786100594.712641,720,588,Mac_TrackPad_iso-block-1-trial-15-target-4,720.0,600.0,37.5,False,Pointer Move (unknown)
1786100594.720605,721,590,Mac_TrackPad_iso-block-1-trial-15-target-4,720.0,600.0,37.5,False,Pointer Move (unknown)
1786100594.72869,721,592,Mac_TrackPad_iso-block-1-trial-15-target-4,720.0,600.0,37.5,False,Pointer Move (unknown)
1786100594.736638,721,593,Mac_TrackPad_iso-block-1-trial-15-target-4,720.0,600.0,37.5,False,Pointer Move (unknown)
1786100594.744769,721,594,Mac_TrackPad_iso-block-1-trial-15-target-4,720.0,600.0,37.5,False,Pointer Move (unknown)
1786100594.752967,721,595,Mac_TrackPad_iso-block-1-trial-15-target-4,720.0,600.0,37.5,False,Pointer Move (unknown)
1786100594.761172,722,596,Mac_TrackPad_iso-block-1-trial-15-target-4,720.0,600.0,37.5,False,Pointer Move (unknown)
1786100594.769103,722,596,Mac_TrackPad_iso-block-1-trial-15-target-4,720.0,600.0,37.5,False,Pointer Move (unknown)
1786100594.777175,722,597,Mac_TrackPad_iso-block-1-trial-15-target-4,720.0,600.0,37.5,False,Pointer Move (unknown)
1786100594.785465,722,598,Mac_TrackPad_iso-block-1-trial-15-target-4,720.0,600.0,37.5,False,Pointer Move (unknown)
1786100594.793599,722,599,Mac_TrackPad_iso-block-1-trial-15-target-4,720.0,600.0,37.5,False,Pointer Move (unknown)
1786100594.801561,722,601,Mac_TrackPad_iso-block-1-trial-15-target-4,720.0,600.0,37.5,False,Pointer Move (unknown)
1786100594.809626,722,602,Mac_TrackPad_iso-block-1-trial-15-target-4,720.0,600.0,37.5,False,Pointer Move (unknown)
1786100594.817672,723,604,Mac_TrackPad_iso-block-1-trial-15-target-4,720.0,600.0,37.5,False,Pointer Move (unknown)
1786100594.8255959,723,606,Mac_TrackPad_iso-block-1-trial-15-target-4,720.0,600.0,37.5,False,Pointer Move (unknown)
1786100594.833719,723,607,Mac_TrackPad_iso-block-1-trial-15-target-4,720.0,600.0,37.5,False,Pointer Move (unknown)
1786100594.8420212,724,608,Mac_TrackPad_iso-block-1-trial-15-target-4,720.0,600.0,37.5,False,Pointer Move (unknown)
1786100594.850015,724,609,Mac_TrackPad_iso-block-1-trial-15-target-4,720.0,600.0,37.5,False,Pointer Move (unknown)
1786100594.858065,724,609,Mac_TrackPad_iso-block-1-trial-15-target-4,720.0,600.0,37.5,False,Pointer Move (unknown)
1786100594.866086,724,610,Mac_TrackPad_iso-block-1-trial-15-target-4,720.0,600.0,37.5,False,Pointer Move (unknown)
1786100594.874314,724,610,Mac_TrackPad_iso-block-1-trial-15-target-4,720.0,600.0,37.5,False,Pointer Move (unknown)
1786100594.882352,724,611,Mac_TrackPad_iso-block-1-trial-15-target-4,720.0,600.0,37.5,False,Pointer Move (unknown)
1786100594.89048,724,611,Mac_TrackPad_iso-block-1-trial-15-target-4,720.0,600.0,37.5,False,Pointer Move (unknown)
1786100594.927615,724,611,Mac_TrackPad_iso-block-1-trial-15-target-4,720.0,600.0,37.5,target_selected,target_selected
1786100595.108992,724,610,Mac_TrackPad_iso-block-1-trial-16-target-0,720.0,300.0,37.5,False,Pointer Move (unknown)
1786100595.1170912,724,608,Mac_TrackPad_iso-block-1-trial-16-target-0,720.0,300.0,37.5,False,Pointer Move (unknown)
1786100595.124938,724,606,Mac_TrackPad_iso-block-1-trial-16-target-0,720.0,300.0,37.5,False,Pointer Move (unknown)
1786100595.1329129,724,602,Mac_TrackPad_iso-block-1-trial-16-target-0,720.0,300.0,37.5,False,Pointer Move (unknown)
1786100595.140904,724,597,Mac_TrackPad_iso-block-1-trial-16-target-0,720.0,300.0,37.5,False,Pointer Move (unknown)
1786100595.149015,724,590,Mac_TrackPad_iso-block-1-trial-16-target-0,720.0,300.0,37.5,False,Pointer Move (unknown)
1786100595.157192,724,581,Mac_TrackPad_iso-block-1-trial-16-target-0,720.0,300.0,37.5,False,Pointer Move (unknown)
1786100595.1654441,724,570,Mac_TrackPad_iso-block-1-trial-16-target-0,720.0,300.0,37.5,False,Pointer Move (unknown)
1786100595.173505,724,559,Mac_TrackPad_iso-block-1-trial-16-target-0,720.0,300.0,37.5,False,Pointer Move (unknown)
1786100595.181556,724,548,Mac_TrackPad_iso-block-1-trial-16-target-0,720.0,300.0,37.5,False,Pointer Move (unknown)
1786100595.189709,724,537,Mac_TrackPad_iso-block-1-trial-16-target-0,720.0,300.0,37.5,False,Pointer Move (unknown)
1786100595.197902,724,533,Mac_TrackPad_iso-block-1-trial-16-target-0,720.0,300.0,37.5,False,Pointer Move (unknown)
1786100595.205854,724,525,Mac_TrackPad_iso-block-1-trial-16-target-0,720.0,300.0,37.5,False,Pointer Move (unknown)
1786100595.213929,724,514,Mac_TrackPad_iso-block-1-trial-16-target-0,720.0,300.0,37.5,False,Pointer Move (unknown)
1786100595.222136,724,507,Mac_TrackPad_iso-block-1-trial-16-target-0,720.0,300.0,37.5,False,Pointer Move (unknown)
1786100595.2303581,724,502,Mac_TrackPad_iso-block-1-trial-16-target-0,720.0,300.0,37.5,False,Pointer Move (unknown)
1786100595.238504,724,497,Mac_TrackPad_iso-block-1-trial-16-target-0,720.0,300.0,37.5,False,Pointer Move (unknown)
1786100595.246249,724,493,Mac_TrackPad_iso-block-1-trial-16-target-0,720.0,300.0,37.5,False,Pointer Move (unknown)
1786100595.2543821,724,489,Mac_TrackPad_iso-block-1-trial-16-target-0,720.0,300.0,37.5,False,Pointer Move (unknown)
1786100595.2626371,724,486,Mac_TrackPad_iso-block-1-trial-16-target-0,720.0,300.0,37.5,False,Pointer Move (unknown)
1786100595.270527,724,483,Mac_TrackPad_iso-block-1-trial-16-target-0,720.0,300.0,37.5,False,Pointer Move (unknown)
1786100595.278483,724,481,Mac_TrackPad_iso-block-1-trial-16-target-0,720.0,300.0,37.5,False,Pointer Move (unknown)
1786100595.286637,724,476,Mac_TrackPad_iso-block-1-trial-16-target-0,720.0,300.0,37.5,False,Pointer Move (unknown)
1786100595.2945228,724,474,Mac_TrackPad_iso-block-1-trial-16-target-0,720.0,300.0,37.5,False,Pointer Move (unknown)
1786100595.302829,724,471,Mac_TrackPad_iso-block-1-trial-16-target-0,720.0,300.0,37.5,False,Pointer Move (unknown)
1786100595.311102,724,466,Mac_TrackPad_iso-block-1-trial-16-target-0,720.0,300.0,37.5,False,Pointer Move (unknown)
1786100595.319273,724,463,Mac_TrackPad_iso-block-1-trial-16-target-0,720.0,300.0,37.5,False,Pointer Move (unknown)
1786100595.327174,724,458,Mac_TrackPad_iso-block-1-trial-16-target-0,720.0,300.0,37.5,False,Pointer Move (unknown)
1786100595.335405,724,455,Mac_TrackPad_iso-block-1-trial-16-target-0,720.0,300.0,37.5,False,Pointer Move (unknown)
1786100595.343234,724,450,Mac_TrackPad_iso-block-1-trial-16-target-0,720.0,300.0,37.5,False,Pointer Move (unknown)
1786100595.351377,724,447,Mac_TrackPad_iso-block-1-trial-16-target-0,720.0,300.0,37.5,False,Pointer Move (unknown)
1786100595.359423,724,442,Mac_TrackPad_iso-block-1-trial-16-target-0,720.0,300.0,37.5,False,Pointer Move (unknown)
1786100595.3675342,724,439,Mac_TrackPad_iso-block-1-trial-16-target-0,720.0,300.0,37.5,False,Pointer Move (unknown)
1786100595.375612,724,435,Mac_TrackPad_iso-block-1-trial-16-target-0,720.0,300.0,37.5,False,Pointer Move (unknown)
1786100595.383822,724,432,Mac_TrackPad_iso-block-1-trial-16-target-0,720.0,300.0,37.5,False,Pointer Move (unknown)
1786100595.3920372,724,427,Mac_TrackPad_iso-block-1-trial-16-target-0,720.0,300.0,37.5,False,Pointer Move (unknown)
1786100595.400173,724,422,Mac_TrackPad_iso-block-1-trial-16-target-0,720.0,300.0,37.5,False,Pointer Move (unknown)
1786100595.40804,724,418,Mac_TrackPad_iso-block-1-trial-16-target-0,720.0,300.0,37.5,False,Pointer Move (unknown)
1786100595.416338,724,409,Mac_TrackPad_iso-block-1-trial-16-target-0,720.0,300.0,37.5,False,Pointer Move (unknown)
1786100595.424051,724,404,Mac_TrackPad_iso-block-1-trial-16-target-0,720.0,300.0,37.5,False,Pointer Move (unknown)
1786100595.432269,722,397,Mac_TrackPad_iso-block-1-trial-16-target-0,720.0,300.0,37.5,False,Pointer Move (unknown)
1786100595.4401898,722,391,Mac_TrackPad_iso-block-1-trial-16-target-0,720.0,300.0,37.5,False,Pointer Move (unknown)
1786100595.448489,721,382,Mac_TrackPad_iso-block-1-trial-16-target-0,720.0,300.0,37.5,False,Pointer Move (unknown)
1786100595.456386,721,375,Mac_TrackPad_iso-block-1-trial-16-target-0,720.0,300.0,37.5,False,Pointer Move (unknown)
1786100595.464468,720,369,Mac_TrackPad_iso-block-1-trial-16-target-0,720.0,300.0,37.5,False,Pointer Move (unknown)
1786100595.472634,719,362,Mac_TrackPad_iso-block-1-trial-16-target-0,720.0,300.0,37.5,False,Pointer Move (unknown)
1786100595.4808168,719,357,Mac_TrackPad_iso-block-1-trial-16-target-0,720.0,300.0,37.5,False,Pointer Move (unknown)
1786100595.48878,718,351,Mac_TrackPad_iso-block-1-trial-16-target-0,720.0,300.0,37.5,False,Pointer Move (unknown)
1786100595.4969249,717,348,Mac_TrackPad_iso-block-1-trial-16-target-0,720.0,300.0,37.5,False,Pointer Move (unknown)
1786100595.504961,716,343,Mac_TrackPad_iso-block-1-trial-16-target-0,720.0,300.0,37.5,False,Pointer Move (unknown)
1786100595.513052,716,340,Mac_TrackPad_iso-block-1-trial-16-target-0,720.0,300.0,37.5,False,Pointer Move (unknown)
1786100595.521464,715,338,Mac_TrackPad_iso-block-1-trial-16-target-0,720.0,300.0,37.5,False,Pointer Move (unknown)
1786100595.529311,715,336,Mac_TrackPad_iso-block-1-trial-16-target-0,720.0,300.0,37.5,False,Pointer Move (unknown)
1786100595.53728,715,335,Mac_TrackPad_iso-block-1-trial-16-target-0,720.0,300.0,37.5,False,Pointer Move (unknown)
1786100595.5454028,715,334,Mac_TrackPad_iso-block-1-trial-16-target-0,720.0,300.0,37.5,False,Pointer Move (unknown)
1786100595.553442,715,334,Mac_TrackPad_iso-block-1-trial-16-target-0,720.0,300.0,37.5,False,Pointer Move (unknown)
1786100595.561641,715,334,Mac_TrackPad_iso-block-1-trial-16-target-0,720.0,300.0,37.5,False,Pointer Move (unknown)
1786100595.577769,715,333,Mac_TrackPad_iso-block-1-trial-16-target-0,720.0,300.0,37.5,False,Pointer Move (unknown)
1786100595.585773,715,333,Mac_TrackPad_iso-block-1-trial-16-target-0,720.0,300.0,37.5,False,Pointer Move (unknown)
1786100595.602175,715,332,Mac_TrackPad_iso-block-1-trial-16-target-0,720.0,300.0,37.5,False,Pointer Move (unknown)
1786100595.6101718,715,332,Mac_TrackPad_iso-block-1-trial-16-target-0,720.0,300.0,37.5,False,Pointer Move (unknown)
1786100595.618203,715,330,Mac_TrackPad_iso-block-1-trial-16-target-0,720.0,300.0,37.5,False,Pointer Move (unknown)
1786100595.626282,715,329,Mac_TrackPad_iso-block-1-trial-16-target-0,720.0,300.0,37.5,False,Pointer Move (unknown)
1786100595.634506,715,327,Mac_TrackPad_iso-block-1-trial-16-target-0,720.0,300.0,37.5,False,Pointer Move (unknown)
1786100595.6424398,714,325,Mac_TrackPad_iso-block-1-trial-16-target-0,720.0,300.0,37.5,False,Pointer Move (unknown)
1786100595.650508,714,323,Mac_TrackPad_iso-block-1-trial-16-target-0,720.0,300.0,37.5,False,Pointer Move (unknown)
1786100595.6586492,714,322,Mac_TrackPad_iso-block-1-trial-16-target-0,720.0,300.0,37.5,False,Pointer Move (unknown)
1786100595.6664572,714,320,Mac_TrackPad_iso-block-1-trial-16-target-0,720.0,300.0,37.5,False,Pointer Move (unknown)
1786100595.674846,714,319,Mac_TrackPad_iso-block-1-trial-16-target-0,720.0,300.0,37.5,False,Pointer Move (unknown)
1786100595.683029,714,317,Mac_TrackPad_iso-block-1-trial-16-target-0,720.0,300.0,37.5,False,Pointer Move (unknown)
1786100595.6910138,714,316,Mac_TrackPad_iso-block-1-trial-16-target-0,720.0,300.0,37.5,False,Pointer Move (unknown)
1786100595.698947,714,316,Mac_TrackPad_iso-block-1-trial-16-target-0,720.0,300.0,37.5,False,Pointer Move (unknown)
1786100595.70717,714,316,Mac_TrackPad_iso-block-1-trial-16-target-0,720.0,300.0,37.5,False,Pointer Move (unknown)
1786100595.743974,714,316,Mac_TrackPad_iso-block-1-trial-16-target-0,720.0,300.0,37.5,target_selected,target_selected
1786100595.885846,714,317,Mac_TrackPad_iso-block-2-trial-1-target-5,579.0,591.0,30.0,False,Pointer Move (unknown)
1786100595.893787,714,320,Mac_TrackPad_iso-block-2-trial-1-target-5,579.0,591.0,30.0,False,Pointer Move (unknown)
1786100595.901535,714,329,Mac_TrackPad_iso-block-2-trial-1-target-5,579.0,591.0,30.0,False,Pointer Move (unknown)
1786100595.9097521,714,337,Mac_TrackPad_iso-block-2-trial-1-target-5,579.0,591.0,30.0,False,Pointer Move (unknown)
1786100595.917491,714,351,Mac_TrackPad_iso-block-2-trial-1-target-5,579.0,591.0,30.0,False,Pointer Move (unknown)
1786100595.9257898,714,371,Mac_TrackPad_iso-block-2-trial-1-target-5,579.0,591.0,30.0,False,Pointer Move (unknown)
1786100595.933728,714,392,Mac_TrackPad_iso-block-2-trial-1-target-5,579.0,591.0,30.0,False,Pointer Move (unknown)
1786100595.941786,714,412,Mac_TrackPad_iso-block-2-trial-1-target-5,579.0,591.0,30.0,False,Pointer Move (unknown)
1786100595.94979,714,432,Mac_TrackPad_iso-block-2-trial-1-target-5,579.0,591.0,30.0,False,Pointer Move (unknown)
1786100595.957886,714,452,Mac_TrackPad_iso-block-2-trial-1-target-5,579.0,591.0,30.0,False,Pointer Move (unknown)
1786100595.9659698,714,466,Mac_TrackPad_iso-block-2-trial-1-target-5,579.0,591.0,30.0,False,Pointer Move (unknown)
1786100595.9740028,714,483,Mac_TrackPad_iso-block-2-trial-1-target-5,579.0,591.0,30.0,False,Pointer Move (unknown)
1786100595.982406,714,497,Mac_TrackPad_iso-block-2-trial-1-target-5,579.0,591.0,30.0,False,Pointer Move (unknown)
1786100595.990342,714,508,Mac_TrackPad_iso-block-2-trial-1-target-5,579.0,591.0,30.0,False,Pointer Move (unknown)
1786100595.998445,714,522,Mac_TrackPad_iso-block-2-trial-1-target-5,579.0,591.0,30.0,False,Pointer Move (unknown)
1786100596.0066829,714,533,Mac_TrackPad_iso-block-2-trial-1-target-5,579.0,591.0,30.0,False,Pointer Move (unknown)
1786100596.0145438,714,540,Mac_TrackPad_iso-block-2-trial-1-target-5,579.0,591.0,30.0,False,Pointer Move (unknown)
1786100596.0226061,714,545,Mac_TrackPad_iso-block-2-trial-1-target-5,579.0,591.0,30.0,False,Pointer Move (unknown)
1786100596.030633,714,551,Mac_TrackPad_iso-block-2-trial-1-target-5,579.0,591.0,30.0,False,Pointer Move (unknown)
1786100596.038919,714,558,Mac_TrackPad_iso-block-2-trial-1-target-5,579.0,591.0,30.0,False,Pointer Move (unknown)
1786100596.0470772,714,563,Mac_TrackPad_iso-block-2-trial-1-target-5,579.0,591.0,30.0,False,Pointer Move (unknown)
1786100596.0551019,714,568,Mac_TrackPad_iso-block-2-trial-1-target-5,579.0,591.0,30.0,False,Pointer Move (unknown)
1786100596.063064,714,571,Mac_TrackPad_iso-block-2-trial-1-target-5,579.0,591.0,30.0,False,Pointer Move (unknown)
1786100596.0711339,714,576,Mac_TrackPad_iso-block-2-trial-1-target-5,579.0,591.0,30.0,False,Pointer Move (unknown)
1786100596.079089,714,579,Mac_TrackPad_iso-block-2-trial-1-target-5,579.0,591.0,30.0,False,Pointer Move (unknown)
1786100596.087381,714,581,Mac_TrackPad_iso-block-2-trial-1-target-5,579.0,591.0,30.0,False,Pointer Move (unknown)
1786100596.095385,714,586,Mac_TrackPad_iso-block-2-trial-1-target-5,579.0,591.0,30.0,False,Pointer Move (unknown)
1786100596.103412,714,589,Mac_TrackPad_iso-block-2-trial-1-target-5,579.0,591.0,30.0,False,Pointer Move (unknown)
1786100596.111419,714,594,Mac_TrackPad_iso-block-2-trial-1-target-5,579.0,591.0,30.0,False,Pointer Move (unknown)
1786100596.1198459,714,598,Mac_TrackPad_iso-block-2-trial-1-target-5,579.0,591.0,30.0,False,Pointer Move (unknown)
1786100596.127928,714,603,Mac_TrackPad_iso-block-2-trial-1-target-5,579.0,591.0,30.0,False,Pointer Move (unknown)
1786100596.1359549,714,607,Mac_TrackPad_iso-block-2-trial-1-target-5,579.0,591.0,30.0,False,Pointer Move (unknown)
1786100596.143821,714,610,Mac_TrackPad_iso-block-2-trial-1-target-5,579.0,591.0,30.0,False,Pointer Move (unknown)
1786100596.1519208,714,613,Mac_TrackPad_iso-block-2-trial-1-target-5,579.0,591.0,30.0,False,Pointer Move (unknown)
1786100596.160098,714,615,Mac_TrackPad_iso-block-2-trial-1-target-5,579.0,591.0,30.0,False,Pointer Move (unknown)
1786100596.168222,714,616,Mac_TrackPad_iso-block-2-trial-1-target-5,579.0,591.0,30.0,False,Pointer Move (unknown)
1786100596.176236,714,617,Mac_TrackPad_iso-block-2-trial-1-target-5,579.0,591.0,30.0,False,Pointer Move (unknown)
1786100596.184536,714,617,Mac_TrackPad_iso-block-2-trial-1-target-5,579.0,591.0,30.0,False,Pointer Move (unknown)
1786100596.1925278,714,618,Mac_TrackPad_iso-block-2-trial-1-target-5,579.0,591.0,30.0,False,Pointer Move (unknown)
1786100596.200675,714,618,Mac_TrackPad_iso-block-2-trial-1-target-5,579.0,591.0,30.0,False,Pointer Move (unknown)
1786100596.2088478,713,618,Mac_TrackPad_iso-block-2-trial-1-target-5,579.0,591.0,30.0,False,Pointer Move (unknown)
1786100596.216892,713,618,Mac_TrackPad_iso-block-2-trial-1-target-5,579.0,591.0,30.0,False,Pointer Move (unknown)
1786100596.224863,712,618,Mac_TrackPad_iso-block-2-trial-1-target-5,579.0,591.0,30.0,False,Pointer Move (unknown)
1786100596.233121,712,618,Mac_TrackPad_iso-block-2-trial-1-target-5,579.0,591.0,30.0,False,Pointer Move (unknown)
1786100596.241157,712,618,Mac_TrackPad_iso-block-2-trial-1-target-5,579.0,591.0,30.0,False,Pointer Move (unknown)
1786100596.2492359,711,618,Mac_TrackPad_iso-block-2-trial-1-target-5,579.0,591.0,30.0,False,Pointer Move (unknown)
1786100596.257226,710,618,Mac_TrackPad_iso-block-2-trial-1-target-5,579.0,591.0,30.0,False,Pointer Move (unknown)
1786100596.265279,709,617,Mac_TrackPad_iso-block-2-trial-1-target-5,579.0,591.0,30.0,False,Pointer Move (unknown)
1786100596.273247,708,617,Mac_TrackPad_iso-block-2-trial-1-target-5,579.0,591.0,30.0,False,Pointer Move (unknown)
1786100596.281497,708,616,Mac_TrackPad_iso-block-2-trial-1-target-5,579.0,591.0,30.0,False,Pointer Move (unknown)
1786100596.2895591,707,615,Mac_TrackPad_iso-block-2-trial-1-target-5,579.0,591.0,30.0,False,Pointer Move (unknown)
1786100596.297489,706,615,Mac_TrackPad_iso-block-2-trial-1-target-5,579.0,591.0,30.0,False,Pointer Move (unknown)
1786100596.305578,705,614,Mac_TrackPad_iso-block-2-trial-1-target-5,579.0,591.0,30.0,False,Pointer Move (unknown)
1786100596.313751,703,613,Mac_TrackPad_iso-block-2-trial-1-target-5,579.0,591.0,30.0,False,Pointer Move (unknown)
1786100596.3219562,698,612,Mac_TrackPad_iso-block-2-trial-1-target-5,579.0,591.0,30.0,False,Pointer Move (unknown)
1786100596.330168,694,611,Mac_TrackPad_iso-block-2-trial-1-target-5,579.0,591.0,30.0,False,Pointer Move (unknown)
1786100596.338082,687,610,Mac_TrackPad_iso-block-2-trial-1-target-5,579.0,591.0,30.0,False,Pointer Move (unknown)
1786100596.346128,684,610,Mac_TrackPad_iso-block-2-trial-1-target-5,579.0,591.0,30.0,False,Pointer Move (unknown)
1786100596.354371,677,609,Mac_TrackPad_iso-block-2-trial-1-target-5,579.0,591.0,30.0,False,Pointer Move (unknown)
1786100596.3624132,670,609,Mac_TrackPad_iso-block-2-trial-1-target-5,579.0,591.0,30.0,False,Pointer Move (unknown)
1786100596.370573,666,608,Mac_TrackPad_iso-block-2-trial-1-target-5,579.0,591.0,30.0,False,Pointer Move (unknown)
1786100596.378581,661,608,Mac_TrackPad_iso-block-2-trial-1-target-5,579.0,591.0,30.0,False,Pointer Move (unknown)
1786100596.386605,656,608,Mac_TrackPad_iso-block-2-trial-1-target-5,579.0,591.0,30.0,False,Pointer Move (unknown)
1786100596.394648,654,608,Mac_TrackPad_iso-block-2-trial-1-target-5,579.0,591.0,30.0,False,Pointer Move (unknown)
1786100596.40265,652,607,Mac_TrackPad_iso-block-2-trial-1-target-5,579.0,591.0,30.0,False,Pointer Move (unknown)
1786100596.4109938,650,607,Mac_TrackPad_iso-block-2-trial-1-target-5,579.0,591.0,30.0,False,Pointer Move (unknown)
1786100596.419158,649,607,Mac_TrackPad_iso-block-2-trial-1-target-5,579.0,591.0,30.0,False,Pointer Move (unknown)
1786100596.427157,648,607,Mac_TrackPad_iso-block-2-trial-1-target-5,579.0,591.0,30.0,False,Pointer Move (unknown)
1786100596.435144,643,607,Mac_TrackPad_iso-block-2-trial-1-target-5,579.0,591.0,30.0,False,Pointer Move (unknown)
1786100596.44321,641,607,Mac_TrackPad_iso-block-2-trial-1-target-5,579.0,591.0,30.0,False,Pointer Move (unknown)
1786100596.451437,635,607,Mac_TrackPad_iso-block-2-trial-1-target-5,579.0,591.0,30.0,False,Pointer Move (unknown)
1786100596.459424,631,607,Mac_TrackPad_iso-block-2-trial-1-target-5,579.0,591.0,30.0,False,Pointer Move (unknown)
1786100596.4675388,626,607,Mac_TrackPad_iso-block-2-trial-1-target-5,579.0,591.0,30.0,False,Pointer Move (unknown)
1786100596.4755971,620,607,Mac_TrackPad_iso-block-2-trial-1-target-5,579.0,591.0,30.0,False,Pointer Move (unknown)
1786100596.483524,615,607,Mac_TrackPad_iso-block-2-trial-1-target-5,579.0,591.0,30.0,False,Pointer Move (unknown)
1786100596.491723,610,607,Mac_TrackPad_iso-block-2-trial-1-target-5,579.0,591.0,30.0,False,Pointer Move (unknown)
1786100596.499757,605,607,Mac_TrackPad_iso-block-2-trial-1-target-5,579.0,591.0,30.0,False,Pointer Move (unknown)
1786100596.5079,603,607,Mac_TrackPad_iso-block-2-trial-1-target-5,579.0,591.0,30.0,False,Pointer Move (unknown)
1786100596.515882,601,607,Mac_TrackPad_iso-block-2-trial-1-target-5,579.0,591.0,30.0,False,Pointer Move (unknown)
1786100596.5243142,600,607,Mac_TrackPad_iso-block-2-trial-1-target-5,579.0,591.0,30.0,False,Pointer Move (unknown)
1786100596.532481,599,607,Mac_TrackPad_iso-block-2-trial-1-target-5,579.0,591.0,30.0,False,Pointer Move (unknown)
1786100596.540261,599,607,Mac_TrackPad_iso-block-2-trial-1-target-5,579.0,591.0,30.0,False,Pointer Move (unknown)
1786100596.54829,598,607,Mac_TrackPad_iso-block-2-trial-1-target-5,579.0,591.0,30.0,False,Pointer Move (unknown)
1786100596.564548,598,607,Mac_TrackPad_iso-block-2-trial-1-target-5,579.0,591.0,30.0,False,Pointer Move (unknown)
1786100596.5726998,597,606,Mac_TrackPad_iso-block-2-trial-1-target-5,579.0,591.0,30.0,False,Pointer Move (unknown)
1786100596.583742,597,606,Mac_TrackPad_iso-block-2-trial-1-target-5,579.0,591.0,30.0,False,Pointer Move (unknown)
1786100596.588823,596,606,Mac_TrackPad_iso-block-2-trial-1-target-5,579.0,591.0,30.0,False,Pointer Move (unknown)
1786100596.5969422,596,606,Mac_TrackPad_iso-block-2-trial-1-target-5,579.0,591.0,30.0,False,Pointer Move (unknown)
1786100596.604912,596,606,Mac_TrackPad_iso-block-2-trial-1-target-5,579.0,591.0,30.0,False,Pointer Move (unknown)
1786100596.613332,595,605,Mac_TrackPad_iso-block-2-trial-1-target-5,579.0,591.0,30.0,False,Pointer Move (unknown)
1786100596.6211462,594,605,Mac_TrackPad_iso-block-2-trial-1-target-5,579.0,591.0,30.0,False,Pointer Move (unknown)
1786100596.62917,593,605,Mac_TrackPad_iso-block-2-trial-1-target-5,579.0,591.0,30.0,False,Pointer Move (unknown)
1786100596.637301,592,604,Mac_TrackPad_iso-block-2-trial-1-target-5,579.0,591.0,30.0,False,Pointer Move (unknown)
1786100596.645358,592,604,Mac_TrackPad_iso-block-2-trial-1-target-5,579.0,591.0,30.0,False,Pointer Move (unknown)
1786100596.653635,591,604,Mac_TrackPad_iso-block-2-trial-1-target-5,579.0,591.0,30.0,False,Pointer Move (unknown)
1786100596.661557,590,603,Mac_TrackPad_iso-block-2-trial-1-target-5,579.0,591.0,30.0,False,Pointer Move (unknown)
1786100596.669615,590,603,Mac_TrackPad_iso-block-2-trial-1-target-5,579.0,591.0,30.0,False,Pointer Move (unknown)
1786100596.677811,590,603,Mac_TrackPad_iso-block-2-trial-1-target-5,579.0,591.0,30.0,False,Pointer Move (unknown)
1786100596.68573,589,602,Mac_TrackPad_iso-block-2-trial-1-target-5,579.0,591.0,30.0,False,Pointer Move (unknown)
1786100596.693943,589,602,Mac_TrackPad_iso-block-2-trial-1-target-5,579.0,591.0,30.0,False,Pointer Move (unknown)
1786100596.701975,589,602,Mac_TrackPad_iso-block-2-trial-1-target-5,579.0,591.0,30.0,False,Pointer Move (unknown)
1786100596.744871,589,602,Mac_TrackPad_iso-block-2-trial-1-target-5,579.0,591.0,30.0,target_selected,target_selected
1786100596.7534442,589,602,Mac_TrackPad_iso-block-2-trial-2-target-1,861.0,309.0,30.0,False,Pointer Move (unknown)
1786100596.944963,589,602,Mac_TrackPad_iso-block-2-trial-2-target-1,861.0,309.0,30.0,False,Pointer Move (unknown)
1786100596.952915,594,602,Mac_TrackPad_iso-block-2-trial-2-target-1,861.0,309.0,30.0,False,Pointer Move (unknown)
1786100596.961025,600,602,Mac_TrackPad_iso-block-2-trial-2-target-1,861.0,309.0,30.0,False,Pointer Move (unknown)
1786100596.969033,607,602,Mac_TrackPad_iso-block-2-trial-2-target-1,861.0,309.0,30.0,False,Pointer Move (unknown)
1786100596.977074,616,602,Mac_TrackPad_iso-block-2-trial-2-target-1,861.0,309.0,30.0,False,Pointer Move (unknown)
1786100596.9853241,627,599,Mac_TrackPad_iso-block-2-trial-2-target-1,861.0,309.0,30.0,False,Pointer Move (unknown)
1786100596.9933271,638,597,Mac_TrackPad_iso-block-2-trial-2-target-1,861.0,309.0,30.0,False,Pointer Move (unknown)
1786100597.001289,647,594,Mac_TrackPad_iso-block-2-trial-2-target-1,861.0,309.0,30.0,False,Pointer Move (unknown)
1786100597.009248,655,591,Mac_TrackPad_iso-block-2-trial-2-target-1,861.0,309.0,30.0,False,Pointer Move (unknown)
1786100597.0174348,667,588,Mac_TrackPad_iso-block-2-trial-2-target-1,861.0,309.0,30.0,False,Pointer Move (unknown)
1786100597.025422,675,586,Mac_TrackPad_iso-block-2-trial-2-target-1,861.0,309.0,30.0,False,Pointer Move (unknown)
1786100597.033699,687,583,Mac_TrackPad_iso-block-2-trial-2-target-1,861.0,309.0,30.0,False,Pointer Move (unknown)
1786100597.041611,692,579,Mac_TrackPad_iso-block-2-trial-2-target-1,861.0,309.0,30.0,False,Pointer Move (unknown)
1786100597.049827,701,575,Mac_TrackPad_iso-block-2-trial-2-target-1,861.0,309.0,30.0,False,Pointer Move (unknown)
1786100597.057838,707,573,Mac_TrackPad_iso-block-2-trial-2-target-1,861.0,309.0,30.0,False,Pointer Move (unknown)
1786100597.066043,714,569,Mac_TrackPad_iso-block-2-trial-2-target-1,861.0,309.0,30.0,False,Pointer Move (unknown)
1786100597.073909,720,565,Mac_TrackPad_iso-block-2-trial-2-target-1,861.0,309.0,30.0,False,Pointer Move (unknown)
1786100597.0821052,722,564,Mac_TrackPad_iso-block-2-trial-2-target-1,861.0,309.0,30.0,False,Pointer Move (unknown)
1786100597.090187,726,561,Mac_TrackPad_iso-block-2-trial-2-target-1,861.0,309.0,30.0,False,Pointer Move (unknown)
1786100597.098272,732,556,Mac_TrackPad_iso-block-2-trial-2-target-1,861.0,309.0,30.0,False,Pointer Move (unknown)
1786100597.106417,736,552,Mac_TrackPad_iso-block-2-trial-2-target-1,861.0,309.0,30.0,False,Pointer Move (unknown)
1786100597.114485,743,546,Mac_TrackPad_iso-block-2-trial-2-target-1,861.0,309.0,30.0,False,Pointer Move (unknown)
1786100597.12264,745,544,Mac_TrackPad_iso-block-2-trial-2-target-1,861.0,309.0,30.0,False,Pointer Move (unknown)
1786100597.1308181,747,539,Mac_TrackPad_iso-block-2-trial-2-target-1,861.0,309.0,30.0,False,Pointer Move (unknown)
1786100597.138908,757,529,Mac_TrackPad_iso-block-2-trial-2-target-1,861.0,309.0,30.0,False,Pointer Move (unknown)
1786100597.1469991,760,524,Mac_TrackPad_iso-block-2-trial-2-target-1,861.0,309.0,30.0,False,Pointer Move (unknown)
1786100597.1549299,762,515,Mac_TrackPad_iso-block-2-trial-2-target-1,861.0,309.0,30.0,False,Pointer Move (unknown)
1786100597.1633742,765,504,Mac_TrackPad_iso-block-2-trial-2-target-1,861.0,309.0,30.0,False,Pointer Move (unknown)
1786100597.1710238,768,493,Mac_TrackPad_iso-block-2-trial-2-target-1,861.0,309.0,30.0,False,Pointer Move (unknown)
1786100597.179539,771,476,Mac_TrackPad_iso-block-2-trial-2-target-1,861.0,309.0,30.0,False,Pointer Move (unknown)
1786100597.187361,773,459,Mac_TrackPad_iso-block-2-trial-2-target-1,861.0,309.0,30.0,False,Pointer Move (unknown)
1786100597.195362,776,439,Mac_TrackPad_iso-block-2-trial-2-target-1,861.0,309.0,30.0,False,Pointer Move (unknown)
1786100597.203587,778,418,Mac_TrackPad_iso-block-2-trial-2-target-1,861.0,309.0,30.0,False,Pointer Move (unknown)
1786100597.2118762,780,401,Mac_TrackPad_iso-block-2-trial-2-target-1,861.0,309.0,30.0,False,Pointer Move (unknown)
1786100597.220118,782,384,Mac_TrackPad_iso-block-2-trial-2-target-1,861.0,309.0,30.0,False,Pointer Move (unknown)
1786100597.227906,783,376,Mac_TrackPad_iso-block-2-trial-2-target-1,861.0,309.0,30.0,False,Pointer Move (unknown)
1786100597.2357912,784,364,Mac_TrackPad_iso-block-2-trial-2-target-1,861.0,309.0,30.0,False,Pointer Move (unknown)
1786100597.2438211,784,353,Mac_TrackPad_iso-block-2-trial-2-target-1,861.0,309.0,30.0,False,Pointer Move (unknown)
1786100597.251935,785,347,Mac_TrackPad_iso-block-2-trial-2-target-1,861.0,309.0,30.0,False,Pointer Move (unknown)
1786100597.260156,785,342,Mac_TrackPad_iso-block-2-trial-2-target-1,861.0,309.0,30.0,False,Pointer Move (unknown)
1786100597.268221,786,339,Mac_TrackPad_iso-block-2-trial-2-target-1,861.0,309.0,30.0,False,Pointer Move (unknown)
1786100597.276273,786,335,Mac_TrackPad_iso-block-2-trial-2-target-1,861.0,309.0,30.0,False,Pointer Move (unknown)
1786100597.284269,786,334,Mac_TrackPad_iso-block-2-trial-2-target-1,861.0,309.0,30.0,False,Pointer Move (unknown)
1786100597.292604,786,333,Mac_TrackPad_iso-block-2-trial-2-target-1,861.0,309.0,30.0,False,Pointer Move (unknown)
1786100597.300631,786,333,Mac_TrackPad_iso-block-2-trial-2-target-1,861.0,309.0,30.0,False,Pointer Move (unknown)
1786100597.3090088,786,333,Mac_TrackPad_iso-block-2-trial-2-target-1,861.0,309.0,30.0,False,Pointer Move (unknown)
1786100597.316779,787,332,Mac_TrackPad_iso-block-2-trial-2-target-1,861.0,309.0,30.0,False,Pointer Move (unknown)
1786100597.32478,787,332,Mac_TrackPad_iso-block-2-trial-2-target-1,861.0,309.0,30.0,False,Pointer Move (unknown)
1786100597.3331132,787,331,Mac_TrackPad_iso-block-2-trial-2-target-1,861.0,309.0,30.0,False,Pointer Move (unknown)
1786100597.341123,787,331,Mac_TrackPad_iso-block-2-trial-2-target-1,861.0,309.0,30.0,False,Pointer Move (unknown)
1786100597.349488,787,330,Mac_TrackPad_iso-block-2-trial-2-target-1,861.0,309.0,30.0,False,Pointer Move (unknown)
1786100597.357159,788,329,Mac_TrackPad_iso-block-2-trial-2-target-1,861.0,309.0,30.0,False,Pointer Move (unknown)
1786100597.3654,788,329,Mac_TrackPad_iso-block-2-trial-2-target-1,861.0,309.0,30.0,False,Pointer Move (unknown)
1786100597.373455,789,327,Mac_TrackPad_iso-block-2-trial-2-target-1,861.0,309.0,30.0,False,Pointer Move (unknown)
1786100597.3817658,790,326,Mac_TrackPad_iso-block-2-trial-2-target-1,861.0,309.0,30.0,False,Pointer Move (unknown)
1786100597.3897622,792,325,Mac_TrackPad_iso-block-2-trial-2-target-1,861.0,309.0,30.0,False,Pointer Move (unknown)
1786100597.397738,794,324,Mac_TrackPad_iso-block-2-trial-2-target-1,861.0,309.0,30.0,False,Pointer Move (unknown)
1786100597.405717,797,323,Mac_TrackPad_iso-block-2-trial-2-target-1,861.0,309.0,30.0,False,Pointer Move (unknown)
1786100597.413776,800,322,Mac_TrackPad_iso-block-2-trial-2-target-1,861.0,309.0,30.0,False,Pointer Move (unknown)
1786100597.421963,803,320,Mac_TrackPad_iso-block-2-trial-2-target-1,861.0,309.0,30.0,False,Pointer Move (unknown)
1786100597.4299579,808,319,Mac_TrackPad_iso-block-2-trial-2-target-1,861.0,309.0,30.0,False,Pointer Move (unknown)
1786100597.4380789,815,317,Mac_TrackPad_iso-block-2-trial-2-target-1,861.0,309.0,30.0,False,Pointer Move (unknown)
1786100597.446114,819,317,Mac_TrackPad_iso-block-2-trial-2-target-1,861.0,309.0,30.0,False,Pointer Move (unknown)
1786100597.4542332,824,316,Mac_TrackPad_iso-block-2-trial-2-target-1,861.0,309.0,30.0,False,Pointer Move (unknown)
1786100597.4625652,828,315,Mac_TrackPad_iso-block-2-trial-2-target-1,861.0,309.0,30.0,False,Pointer Move (unknown)
1786100597.470577,831,315,Mac_TrackPad_iso-block-2-trial-2-target-1,861.0,309.0,30.0,False,Pointer Move (unknown)
1786100597.478517,834,314,Mac_TrackPad_iso-block-2-trial-2-target-1,861.0,309.0,30.0,False,Pointer Move (unknown)
1786100597.486583,837,314,Mac_TrackPad_iso-block-2-trial-2-target-1,861.0,309.0,30.0,False,Pointer Move (unknown)
1786100597.494698,839,313,Mac_TrackPad_iso-block-2-trial-2-target-1,861.0,309.0,30.0,False,Pointer Move (unknown)
1786100597.503024,841,313,Mac_TrackPad_iso-block-2-trial-2-target-1,861.0,309.0,30.0,False,Pointer Move (unknown)
1786100597.510936,843,313,Mac_TrackPad_iso-block-2-trial-2-target-1,861.0,309.0,30.0,False,Pointer Move (unknown)
1786100597.51894,845,313,Mac_TrackPad_iso-block-2-trial-2-target-1,861.0,309.0,30.0,False,Pointer Move (unknown)
1786100597.527301,847,313,Mac_TrackPad_iso-block-2-trial-2-target-1,861.0,309.0,30.0,False,Pointer Move (unknown)
1786100597.535101,849,313,Mac_TrackPad_iso-block-2-trial-2-target-1,861.0,309.0,30.0,False,Pointer Move (unknown)
1786100597.543446,850,313,Mac_TrackPad_iso-block-2-trial-2-target-1,861.0,309.0,30.0,False,Pointer Move (unknown)
1786100597.551292,851,313,Mac_TrackPad_iso-block-2-trial-2-target-1,861.0,309.0,30.0,False,Pointer Move (unknown)
1786100597.55951,852,313,Mac_TrackPad_iso-block-2-trial-2-target-1,861.0,309.0,30.0,False,Pointer Move (unknown)
1786100597.5675032,853,313,Mac_TrackPad_iso-block-2-trial-2-target-1,861.0,309.0,30.0,False,Pointer Move (unknown)
1786100597.575496,853,313,Mac_TrackPad_iso-block-2-trial-2-target-1,861.0,309.0,30.0,False,Pointer Move (unknown)
1786100597.5836601,854,313,Mac_TrackPad_iso-block-2-trial-2-target-1,861.0,309.0,30.0,False,Pointer Move (unknown)
1786100597.5917408,854,313,Mac_TrackPad_iso-block-2-trial-2-target-1,861.0,309.0,30.0,False,Pointer Move (unknown)
1786100597.60785,854,313,Mac_TrackPad_iso-block-2-trial-2-target-1,861.0,309.0,30.0,False,Pointer Move (unknown)
1786100597.6777868,854,313,Mac_TrackPad_iso-block-2-trial-2-target-1,861.0,309.0,30.0,target_selected,target_selected
1786100597.834338,854,313,Mac_TrackPad_iso-block-2-trial-3-target-5,579.0,591.0,30.0,False,Pointer Move (unknown)
1786100597.842314,851,317,Mac_TrackPad_iso-block-2-trial-3-target-5,579.0,591.0,30.0,False,Pointer Move (unknown)
1786100597.850401,848,324,Mac_TrackPad_iso-block-2-trial-3-target-5,579.0,591.0,30.0,False,Pointer Move (unknown)
1786100597.858357,842,331,Mac_TrackPad_iso-block-2-trial-3-target-5,579.0,591.0,30.0,False,Pointer Move (unknown)
1786100597.866802,836,341,Mac_TrackPad_iso-block-2-trial-3-target-5,579.0,591.0,30.0,False,Pointer Move (unknown)
1786100597.874777,829,351,Mac_TrackPad_iso-block-2-trial-3-target-5,579.0,591.0,30.0,False,Pointer Move (unknown)
1786100597.8828008,822,363,Mac_TrackPad_iso-block-2-trial-3-target-5,579.0,591.0,30.0,False,Pointer Move (unknown)
1786100597.8908842,811,377,Mac_TrackPad_iso-block-2-trial-3-target-5,579.0,591.0,30.0,False,Pointer Move (unknown)
1786100597.89904,801,390,Mac_TrackPad_iso-block-2-trial-3-target-5,579.0,591.0,30.0,False,Pointer Move (unknown)
1786100597.9071412,793,405,Mac_TrackPad_iso-block-2-trial-3-target-5,579.0,591.0,30.0,False,Pointer Move (unknown)
1786100597.915315,786,415,Mac_TrackPad_iso-block-2-trial-3-target-5,579.0,591.0,30.0,False,Pointer Move (unknown)
1786100597.923365,778,428,Mac_TrackPad_iso-block-2-trial-3-target-5,579.0,591.0,30.0,False,Pointer Move (unknown)
1786100597.931438,769,438,Mac_TrackPad_iso-block-2-trial-3-target-5,579.0,591.0,30.0,False,Pointer Move (unknown)
1786100597.9395661,759,452,Mac_TrackPad_iso-block-2-trial-3-target-5,579.0,591.0,30.0,False,Pointer Move (unknown)
1786100597.9476411,748,465,Mac_TrackPad_iso-block-2-trial-3-target-5,579.0,591.0,30.0,False,Pointer Move (unknown)
1786100597.9557009,738,476,Mac_TrackPad_iso-block-2-trial-3-target-5,579.0,591.0,30.0,False,Pointer Move (unknown)
1786100597.963819,728,487,Mac_TrackPad_iso-block-2-trial-3-target-5,579.0,591.0,30.0,False,Pointer Move (unknown)
1786100597.971955,726,491,Mac_TrackPad_iso-block-2-trial-3-target-5,579.0,591.0,30.0,False,Pointer Move (unknown)
1786100597.980852,719,498,Mac_TrackPad_iso-block-2-trial-3-target-5,579.0,591.0,30.0,False,Pointer Move (unknown)
1786100597.988254,707,512,Mac_TrackPad_iso-block-2-trial-3-target-5,579.0,591.0,30.0,False,Pointer Move (unknown)
1786100597.996078,704,515,Mac_TrackPad_iso-block-2-trial-3-target-5,579.0,591.0,30.0,False,Pointer Move (unknown)
1786100598.0041249,699,520,Mac_TrackPad_iso-block-2-trial-3-target-5,579.0,591.0,30.0,False,Pointer Move (unknown)
1786100598.012178,693,527,Mac_TrackPad_iso-block-2-trial-3-target-5,579.0,591.0,30.0,False,Pointer Move (unknown)
1786100598.020145,689,532,Mac_TrackPad_iso-block-2-trial-3-target-5,579.0,591.0,30.0,False,Pointer Move (unknown)
1786100598.0284429,685,534,Mac_TrackPad_iso-block-2-trial-3-target-5,579.0,591.0,30.0,False,Pointer Move (unknown)
1786100598.036603,682,538,Mac_TrackPad_iso-block-2-trial-3-target-5,579.0,591.0,30.0,False,Pointer Move (unknown)
1786100598.0446248,681,539,Mac_TrackPad_iso-block-2-trial-3-target-5,579.0,591.0,30.0,False,Pointer Move (unknown)
1786100598.0525382,679,540,Mac_TrackPad_iso-block-2-trial-3-target-5,579.0,591.0,30.0,False,Pointer Move (unknown)
1786100598.060939,679,540,Mac_TrackPad_iso-block-2-trial-3-target-5,579.0,591.0,30.0,False,Pointer Move (unknown)
1786100598.068834,678,541,Mac_TrackPad_iso-block-2-trial-3-target-5,579.0,591.0,30.0,False,Pointer Move (unknown)
1786100598.076967,677,541,Mac_TrackPad_iso-block-2-trial-3-target-5,579.0,591.0,30.0,False,Pointer Move (unknown)
1786100598.08499,677,542,Mac_TrackPad_iso-block-2-trial-3-target-5,579.0,591.0,30.0,False,Pointer Move (unknown)
1786100598.093004,677,542,Mac_TrackPad_iso-block-2-trial-3-target-5,579.0,591.0,30.0,False,Pointer Move (unknown)
1786100598.101623,676,542,Mac_TrackPad_iso-block-2-trial-3-target-5,579.0,591.0,30.0,False,Pointer Move (unknown)
1786100598.109306,675,543,Mac_TrackPad_iso-block-2-trial-3-target-5,579.0,591.0,30.0,False,Pointer Move (unknown)
1786100598.117782,674,543,Mac_TrackPad_iso-block-2-trial-3-target-5,579.0,591.0,30.0,False,Pointer Move (unknown)
1786100598.125718,672,545,Mac_TrackPad_iso-block-2-trial-3-target-5,579.0,591.0,30.0,False,Pointer Move (unknown)
1786100598.133624,670,546,Mac_TrackPad_iso-block-2-trial-3-target-5,579.0,591.0,30.0,False,Pointer Move (unknown)
1786100598.141781,668,547,Mac_TrackPad_iso-block-2-trial-3-target-5,579.0,591.0,30.0,False,Pointer Move (unknown)
1786100598.150197,664,550,Mac_TrackPad_iso-block-2-trial-3-target-5,579.0,591.0,30.0,False,Pointer Move (unknown)
1786100598.158189,657,556,Mac_TrackPad_iso-block-2-trial-3-target-5,579.0,591.0,30.0,False,Pointer Move (unknown)
1786100598.1661801,651,560,Mac_TrackPad_iso-block-2-trial-3-target-5,579.0,591.0,30.0,False,Pointer Move (unknown)
1786100598.174283,645,566,Mac_TrackPad_iso-block-2-trial-3-target-5,579.0,591.0,30.0,False,Pointer Move (unknown)
1786100598.182324,637,571,Mac_TrackPad_iso-block-2-trial-3-target-5,579.0,591.0,30.0,False,Pointer Move (unknown)
1786100598.190668,630,577,Mac_TrackPad_iso-block-2-trial-3-target-5,579.0,591.0,30.0,False,Pointer Move (unknown)
1786100598.1985438,620,584,Mac_TrackPad_iso-block-2-trial-3-target-5,579.0,591.0,30.0,False,Pointer Move (unknown)
1786100598.206837,610,591,Mac_TrackPad_iso-block-2-trial-3-target-5,579.0,591.0,30.0,False,Pointer Move (unknown)
1786100598.2149591,599,600,Mac_TrackPad_iso-block-2-trial-3-target-5,579.0,591.0,30.0,False,Pointer Move (unknown)
1786100598.222479,594,602,Mac_TrackPad_iso-block-2-trial-3-target-5,579.0,591.0,30.0,False,Pointer Move (unknown)
1786100598.230548,587,607,Mac_TrackPad_iso-block-2-trial-3-target-5,579.0,591.0,30.0,False,Pointer Move (unknown)
1786100598.2386408,582,610,Mac_TrackPad_iso-block-2-trial-3-target-5,579.0,591.0,30.0,False,Pointer Move (unknown)
1786100598.246698,579,612,Mac_TrackPad_iso-block-2-trial-3-target-5,579.0,591.0,30.0,False,Pointer Move (unknown)
1786100598.254765,576,613,Mac_TrackPad_iso-block-2-trial-3-target-5,579.0,591.0,30.0,False,Pointer Move (unknown)
1786100598.263028,574,615,Mac_TrackPad_iso-block-2-trial-3-target-5,579.0,591.0,30.0,False,Pointer Move (unknown)
1786100598.271209,573,615,Mac_TrackPad_iso-block-2-trial-3-target-5,579.0,591.0,30.0,False,Pointer Move (unknown)
1786100598.2791529,572,616,Mac_TrackPad_iso-block-2-trial-3-target-5,579.0,591.0,30.0,False,Pointer Move (unknown)
1786100598.287198,570,616,Mac_TrackPad_iso-block-2-trial-3-target-5,579.0,591.0,30.0,False,Pointer Move (unknown)
1786100598.29531,570,616,Mac_TrackPad_iso-block-2-trial-3-target-5,579.0,591.0,30.0,False,Pointer Move (unknown)
1786100598.30328,570,616,Mac_TrackPad_iso-block-2-trial-3-target-5,579.0,591.0,30.0,False,Pointer Move (unknown)
1786100598.31141,569,616,Mac_TrackPad_iso-block-2-trial-3-target-5,579.0,591.0,30.0,False,Pointer Move (unknown)
1786100598.3196821,569,616,Mac_TrackPad_iso-block-2-trial-3-target-5,579.0,591.0,30.0,False,Pointer Move (unknown)
1786100598.327689,569,616,Mac_TrackPad_iso-block-2-trial-3-target-5,579.0,591.0,30.0,False,Pointer Move (unknown)
1786100598.3357031,568,616,Mac_TrackPad_iso-block-2-trial-3-target-5,579.0,591.0,30.0,False,Pointer Move (unknown)
1786100598.352194,568,616,Mac_TrackPad_iso-block-2-trial-3-target-5,579.0,591.0,30.0,False,Pointer Move (unknown)
1786100598.368466,568,616,Mac_TrackPad_iso-block-2-trial-3-target-5,579.0,591.0,30.0,False,Pointer Move (unknown)
1786100598.384459,567,616,Mac_TrackPad_iso-block-2-trial-3-target-5,579.0,591.0,30.0,False,Pointer Move (unknown)
1786100598.4009778,567,616,Mac_TrackPad_iso-block-2-trial-3-target-5,579.0,591.0,30.0,False,Pointer Move (unknown)
1786100598.444181,567,616,Mac_TrackPad_iso-block-2-trial-3-target-5,579.0,591.0,30.0,target_selected,target_selected
1786100598.461948,567,616,Mac_TrackPad_iso-block-2-trial-4-target-1,861.0,309.0,30.0,False,Pointer Move (unknown)
1786100598.651527,568,616,Mac_TrackPad_iso-block-2-trial-4-target-1,861.0,309.0,30.0,False,Pointer Move (unknown)
1786100598.6597178,574,613,Mac_TrackPad_iso-block-2-trial-4-target-1,861.0,309.0,30.0,False,Pointer Move (unknown)
1786100598.6673841,581,610,Mac_TrackPad_iso-block-2-trial-4-target-1,861.0,309.0,30.0,False,Pointer Move (unknown)
1786100598.675763,589,605,Mac_TrackPad_iso-block-2-trial-4-target-1,861.0,309.0,30.0,False,Pointer Move (unknown)
1786100598.683458,598,599,Mac_TrackPad_iso-block-2-trial-4-target-1,861.0,309.0,30.0,False,Pointer Move (unknown)
1786100598.691636,608,594,Mac_TrackPad_iso-block-2-trial-4-target-1,861.0,309.0,30.0,False,Pointer Move (unknown)
1786100598.699698,616,587,Mac_TrackPad_iso-block-2-trial-4-target-1,861.0,309.0,30.0,False,Pointer Move (unknown)
1786100598.70776,626,578,Mac_TrackPad_iso-block-2-trial-4-target-1,861.0,309.0,30.0,False,Pointer Move (unknown)
1786100598.715887,637,569,Mac_TrackPad_iso-block-2-trial-4-target-1,861.0,309.0,30.0,False,Pointer Move (unknown)
1786100598.723831,646,560,Mac_TrackPad_iso-block-2-trial-4-target-1,861.0,309.0,30.0,False,Pointer Move (unknown)
1786100598.7319932,655,550,Mac_TrackPad_iso-block-2-trial-4-target-1,861.0,309.0,30.0,False,Pointer Move (unknown)
1786100598.740444,663,537,Mac_TrackPad_iso-block-2-trial-4-target-1,861.0,309.0,30.0,False,Pointer Move (unknown)
1786100598.748142,671,529,Mac_TrackPad_iso-block-2-trial-4-target-1,861.0,309.0,30.0,False,Pointer Move (unknown)
1786100598.7565088,673,526,Mac_TrackPad_iso-block-2-trial-4-target-1,861.0,309.0,30.0,False,Pointer Move (unknown)
1786100598.764479,679,518,Mac_TrackPad_iso-block-2-trial-4-target-1,861.0,309.0,30.0,False,Pointer Move (unknown)
1786100598.772555,684,511,Mac_TrackPad_iso-block-2-trial-4-target-1,861.0,309.0,30.0,False,Pointer Move (unknown)
1786100598.78059,687,504,Mac_TrackPad_iso-block-2-trial-4-target-1,861.0,309.0,30.0,False,Pointer Move (unknown)
1786100598.788594,690,499,Mac_TrackPad_iso-block-2-trial-4-target-1,861.0,309.0,30.0,False,Pointer Move (unknown)
1786100598.796993,693,493,Mac_TrackPad_iso-block-2-trial-4-target-1,861.0,309.0,30.0,False,Pointer Move (unknown)
1786100598.805008,695,488,Mac_TrackPad_iso-block-2-trial-4-target-1,861.0,309.0,30.0,False,Pointer Move (unknown)
1786100598.812952,698,483,Mac_TrackPad_iso-block-2-trial-4-target-1,861.0,309.0,30.0,False,Pointer Move (unknown)
1786100598.820884,700,480,Mac_TrackPad_iso-block-2-trial-4-target-1,861.0,309.0,30.0,False,Pointer Move (unknown)
1786100598.828952,703,475,Mac_TrackPad_iso-block-2-trial-4-target-1,861.0,309.0,30.0,False,Pointer Move (unknown)
1786100598.837104,705,471,Mac_TrackPad_iso-block-2-trial-4-target-1,861.0,309.0,30.0,False,Pointer Move (unknown)
1786100598.845085,708,466,Mac_TrackPad_iso-block-2-trial-4-target-1,861.0,309.0,30.0,False,Pointer Move (unknown)
1786100598.8533409,713,461,Mac_TrackPad_iso-block-2-trial-4-target-1,861.0,309.0,30.0,False,Pointer Move (unknown)
1786100598.861561,716,457,Mac_TrackPad_iso-block-2-trial-4-target-1,861.0,309.0,30.0,False,Pointer Move (unknown)
1786100598.869707,718,453,Mac_TrackPad_iso-block-2-trial-4-target-1,861.0,309.0,30.0,False,Pointer Move (unknown)
1786100598.877789,722,449,Mac_TrackPad_iso-block-2-trial-4-target-1,861.0,309.0,30.0,False,Pointer Move (unknown)
1786100598.885914,726,446,Mac_TrackPad_iso-block-2-trial-4-target-1,861.0,309.0,30.0,False,Pointer Move (unknown)
1786100598.893881,729,443,Mac_TrackPad_iso-block-2-trial-4-target-1,861.0,309.0,30.0,False,Pointer Move (unknown)
1786100598.901928,733,440,Mac_TrackPad_iso-block-2-trial-4-target-1,861.0,309.0,30.0,False,Pointer Move (unknown)
1786100598.910035,737,436,Mac_TrackPad_iso-block-2-trial-4-target-1,861.0,309.0,30.0,False,Pointer Move (unknown)
1786100598.918077,739,433,Mac_TrackPad_iso-block-2-trial-4-target-1,861.0,309.0,30.0,False,Pointer Move (unknown)
1786100598.9262998,743,431,Mac_TrackPad_iso-block-2-trial-4-target-1,861.0,309.0,30.0,False,Pointer Move (unknown)
1786100598.934311,745,428,Mac_TrackPad_iso-block-2-trial-4-target-1,861.0,309.0,30.0,False,Pointer Move (unknown)
1786100598.942386,748,426,Mac_TrackPad_iso-block-2-trial-4-target-1,861.0,309.0,30.0,False,Pointer Move (unknown)
1786100598.950602,752,422,Mac_TrackPad_iso-block-2-trial-4-target-1,861.0,309.0,30.0,False,Pointer Move (unknown)
1786100598.958669,755,418,Mac_TrackPad_iso-block-2-trial-4-target-1,861.0,309.0,30.0,False,Pointer Move (unknown)
1786100598.9667149,756,415,Mac_TrackPad_iso-block-2-trial-4-target-1,861.0,309.0,30.0,False,Pointer Move (unknown)
1786100598.974709,759,411,Mac_TrackPad_iso-block-2-trial-4-target-1,861.0,309.0,30.0,False,Pointer Move (unknown)
1786100598.9831831,762,407,Mac_TrackPad_iso-block-2-trial-4-target-1,861.0,309.0,30.0,False,Pointer Move (unknown)
1786100598.9907148,765,403,Mac_TrackPad_iso-block-2-trial-4-target-1,861.0,309.0,30.0,False,Pointer Move (unknown)
1786100598.998828,768,399,Mac_TrackPad_iso-block-2-trial-4-target-1,861.0,309.0,30.0,False,Pointer Move (unknown)
1786100599.00702,770,396,Mac_TrackPad_iso-block-2-trial-4-target-1,861.0,309.0,30.0,False,Pointer Move (unknown)
1786100599.0148962,774,392,Mac_TrackPad_iso-block-2-trial-4-target-1,861.0,309.0,30.0,False,Pointer Move (unknown)
1786100599.0230432,777,388,Mac_TrackPad_iso-block-2-trial-4-target-1,861.0,309.0,30.0,False,Pointer Move (unknown)
1786100599.031421,781,384,Mac_TrackPad_iso-block-2-trial-4-target-1,861.0,309.0,30.0,False,Pointer Move (unknown)
1786100599.039577,785,381,Mac_TrackPad_iso-block-2-trial-4-target-1,861.0,309.0,30.0,False,Pointer Move (unknown)
1786100599.047667,789,377,Mac_TrackPad_iso-block-2-trial-4-target-1,861.0,309.0,30.0,False,Pointer Move (unknown)
1786100599.055525,793,374,Mac_TrackPad_iso-block-2-trial-4-target-1,861.0,309.0,30.0,False,Pointer Move (unknown)
1786100599.063862,796,371,Mac_TrackPad_iso-block-2-trial-4-target-1,861.0,309.0,30.0,False,Pointer Move (unknown)
1786100599.071608,800,368,Mac_TrackPad_iso-block-2-trial-4-target-1,861.0,309.0,30.0,False,Pointer Move (unknown)
1786100599.079695,804,365,Mac_TrackPad_iso-block-2-trial-4-target-1,861.0,309.0,30.0,False,Pointer Move (unknown)
1786100599.088035,806,362,Mac_TrackPad_iso-block-2-trial-4-target-1,861.0,309.0,30.0,False,Pointer Move (unknown)
1786100599.096006,810,359,Mac_TrackPad_iso-block-2-trial-4-target-1,861.0,309.0,30.0,False,Pointer Move (unknown)
1786100599.1039639,813,356,Mac_TrackPad_iso-block-2-trial-4-target-1,861.0,309.0,30.0,False,Pointer Move (unknown)
1786100599.112175,815,354,Mac_TrackPad_iso-block-2-trial-4-target-1,861.0,309.0,30.0,False,Pointer Move (unknown)
1786100599.120435,818,351,Mac_TrackPad_iso-block-2-trial-4-target-1,861.0,309.0,30.0,False,Pointer Move (unknown)
1786100599.128347,820,347,Mac_TrackPad_iso-block-2-trial-4-target-1,861.0,309.0,30.0,False,Pointer Move (unknown)
1786100599.136389,823,345,Mac_TrackPad_iso-block-2-trial-4-target-1,861.0,309.0,30.0,False,Pointer Move (unknown)
1786100599.144502,825,343,Mac_TrackPad_iso-block-2-trial-4-target-1,861.0,309.0,30.0,False,Pointer Move (unknown)
1786100599.1526241,827,339,Mac_TrackPad_iso-block-2-trial-4-target-1,861.0,309.0,30.0,False,Pointer Move (unknown)
1786100599.160981,828,337,Mac_TrackPad_iso-block-2-trial-4-target-1,861.0,309.0,30.0,False,Pointer Move (unknown)
1786100599.16886,830,335,Mac_TrackPad_iso-block-2-trial-4-target-1,861.0,309.0,30.0,False,Pointer Move (unknown)
1786100599.1768682,831,334,Mac_TrackPad_iso-block-2-trial-4-target-1,861.0,309.0,30.0,False,Pointer Move (unknown)
1786100599.184897,832,332,Mac_TrackPad_iso-block-2-trial-4-target-1,861.0,309.0,30.0,False,Pointer Move (unknown)
1786100599.193015,834,331,Mac_TrackPad_iso-block-2-trial-4-target-1,861.0,309.0,30.0,False,Pointer Move (unknown)
1786100599.201098,835,329,Mac_TrackPad_iso-block-2-trial-4-target-1,861.0,309.0,30.0,False,Pointer Move (unknown)
1786100599.2091851,836,328,Mac_TrackPad_iso-block-2-trial-4-target-1,861.0,309.0,30.0,False,Pointer Move (unknown)
1786100599.217249,837,327,Mac_TrackPad_iso-block-2-trial-4-target-1,861.0,309.0,30.0,False,Pointer Move (unknown)
1786100599.225472,837,326,Mac_TrackPad_iso-block-2-trial-4-target-1,861.0,309.0,30.0,False,Pointer Move (unknown)
1786100599.2336278,838,326,Mac_TrackPad_iso-block-2-trial-4-target-1,861.0,309.0,30.0,False,Pointer Move (unknown)
1786100599.241909,838,325,Mac_TrackPad_iso-block-2-trial-4-target-1,861.0,309.0,30.0,False,Pointer Move (unknown)
1786100599.2497401,839,325,Mac_TrackPad_iso-block-2-trial-4-target-1,861.0,309.0,30.0,False,Pointer Move (unknown)
1786100599.273962,839,325,Mac_TrackPad_iso-block-2-trial-4-target-1,861.0,309.0,30.0,False,Pointer Move (unknown)
1786100599.306366,839,325,Mac_TrackPad_iso-block-2-trial-4-target-1,861.0,309.0,30.0,False,Pointer Move (unknown)
1786100599.346923,839,324,Mac_TrackPad_iso-block-2-trial-4-target-1,861.0,309.0,30.0,False,Pointer Move (unknown)
1786100599.363026,839,324,Mac_TrackPad_iso-block-2-trial-4-target-1,861.0,309.0,30.0,False,Pointer Move (unknown)
1786100599.371024,839,323,Mac_TrackPad_iso-block-2-trial-4-target-1,861.0,309.0,30.0,False,Pointer Move (unknown)
1786100599.379045,839,323,Mac_TrackPad_iso-block-2-trial-4-target-1,861.0,309.0,30.0,False,Pointer Move (unknown)
1786100599.387084,840,321,Mac_TrackPad_iso-block-2-trial-4-target-1,861.0,309.0,30.0,False,Pointer Move (unknown)
1786100599.395236,840,320,Mac_TrackPad_iso-block-2-trial-4-target-1,861.0,309.0,30.0,False,Pointer Move (unknown)
1786100599.4035609,841,319,Mac_TrackPad_iso-block-2-trial-4-target-1,861.0,309.0,30.0,False,Pointer Move (unknown)
1786100599.411503,842,318,Mac_TrackPad_iso-block-2-trial-4-target-1,861.0,309.0,30.0,False,Pointer Move (unknown)
1786100599.4195251,842,317,Mac_TrackPad_iso-block-2-trial-4-target-1,861.0,309.0,30.0,False,Pointer Move (unknown)
1786100599.427629,843,316,Mac_TrackPad_iso-block-2-trial-4-target-1,861.0,309.0,30.0,False,Pointer Move (unknown)
1786100599.435683,845,315,Mac_TrackPad_iso-block-2-trial-4-target-1,861.0,309.0,30.0,False,Pointer Move (unknown)
1786100599.443851,845,314,Mac_TrackPad_iso-block-2-trial-4-target-1,861.0,309.0,30.0,False,Pointer Move (unknown)
1786100599.451981,846,314,Mac_TrackPad_iso-block-2-trial-4-target-1,861.0,309.0,30.0,False,Pointer Move (unknown)
1786100599.4600132,847,313,Mac_TrackPad_iso-block-2-trial-4-target-1,861.0,309.0,30.0,False,Pointer Move (unknown)
1786100599.467942,848,312,Mac_TrackPad_iso-block-2-trial-4-target-1,861.0,309.0,30.0,False,Pointer Move (unknown)
1786100599.476175,848,312,Mac_TrackPad_iso-block-2-trial-4-target-1,861.0,309.0,30.0,False,Pointer Move (unknown)
1786100599.486496,848,311,Mac_TrackPad_iso-block-2-trial-4-target-1,861.0,309.0,30.0,False,Pointer Move (unknown)
1786100599.492107,849,311,Mac_TrackPad_iso-block-2-trial-4-target-1,861.0,309.0,30.0,False,Pointer Move (unknown)
1786100599.500247,849,311,Mac_TrackPad_iso-block-2-trial-4-target-1,861.0,309.0,30.0,False,Pointer Move (unknown)
1786100599.508319,850,310,Mac_TrackPad_iso-block-2-trial-4-target-1,861.0,309.0,30.0,False,Pointer Move (unknown)
1786100599.516299,850,310,Mac_TrackPad_iso-block-2-trial-4-target-1,861.0,309.0,30.0,False,Pointer Move (unknown)
1786100599.5607822,850,310,Mac_TrackPad_iso-block-2-trial-4-target-1,861.0,309.0,30.0,target_selected,target_selected
1786100599.735254,849,311,Mac_TrackPad_iso-block-2-trial-5-target-5,579.0,591.0,30.0,False,Pointer Move (unknown)
1786100599.742982,845,315,Mac_TrackPad_iso-block-2-trial-5-target-5,579.0,591.0,30.0,False,Pointer Move (unknown)
1786100599.751102,838,321,Mac_TrackPad_iso-block-2-trial-5-target-5,579.0,591.0,30.0,False,Pointer Move (unknown)
1786100599.759273,828,328,Mac_TrackPad_iso-block-2-trial-5-target-5,579.0,591.0,30.0,False,Pointer Move (unknown)
1786100599.7673862,817,338,Mac_TrackPad_iso-block-2-trial-5-target-5,579.0,591.0,30.0,False,Pointer Move (unknown)
1786100599.7754838,806,348,Mac_TrackPad_iso-block-2-trial-5-target-5,579.0,591.0,30.0,False,Pointer Move (unknown)
1786100599.7834501,796,358,Mac_TrackPad_iso-block-2-trial-5-target-5,579.0,591.0,30.0,False,Pointer Move (unknown)
1786100599.791585,785,368,Mac_TrackPad_iso-block-2-trial-5-target-5,579.0,591.0,30.0,False,Pointer Move (unknown)
1786100599.7996328,771,379,Mac_TrackPad_iso-block-2-trial-5-target-5,579.0,591.0,30.0,False,Pointer Move (unknown)
1786100599.80808,762,389,Mac_TrackPad_iso-block-2-trial-5-target-5,579.0,591.0,30.0,False,Pointer Move (unknown)
1786100599.816001,754,398,Mac_TrackPad_iso-block-2-trial-5-target-5,579.0,591.0,30.0,False,Pointer Move (unknown)
1786100599.8242922,742,411,Mac_TrackPad_iso-block-2-trial-5-target-5,579.0,591.0,30.0,False,Pointer Move (unknown)
1786100599.8320892,731,421,Mac_TrackPad_iso-block-2-trial-5-target-5,579.0,591.0,30.0,False,Pointer Move (unknown)
1786100599.8401651,722,431,Mac_TrackPad_iso-block-2-trial-5-target-5,579.0,591.0,30.0,False,Pointer Move (unknown)
1786100599.848611,711,442,Mac_TrackPad_iso-block-2-trial-5-target-5,579.0,591.0,30.0,False,Pointer Move (unknown)
1786100599.8565729,700,453,Mac_TrackPad_iso-block-2-trial-5-target-5,579.0,591.0,30.0,False,Pointer Move (unknown)
1786100599.8644722,692,461,Mac_TrackPad_iso-block-2-trial-5-target-5,579.0,591.0,30.0,False,Pointer Move (unknown)
1786100599.8724842,681,472,Mac_TrackPad_iso-block-2-trial-5-target-5,579.0,591.0,30.0,False,Pointer Move (unknown)
1786100599.880539,678,475,Mac_TrackPad_iso-block-2-trial-5-target-5,579.0,591.0,30.0,False,Pointer Move (unknown)
1786100599.888972,672,481,Mac_TrackPad_iso-block-2-trial-5-target-5,579.0,591.0,30.0,False,Pointer Move (unknown)
1786100599.8968651,665,487,Mac_TrackPad_iso-block-2-trial-5-target-5,579.0,591.0,30.0,False,Pointer Move (unknown)
1786100599.9049191,660,493,Mac_TrackPad_iso-block-2-trial-5-target-5,579.0,591.0,30.0,False,Pointer Move (unknown)
1786100599.912957,651,503,Mac_TrackPad_iso-block-2-trial-5-target-5,579.0,591.0,30.0,False,Pointer Move (unknown)
1786100599.920987,649,506,Mac_TrackPad_iso-block-2-trial-5-target-5,579.0,591.0,30.0,False,Pointer Move (unknown)
1786100599.9291992,641,518,Mac_TrackPad_iso-block-2-trial-5-target-5,579.0,591.0,30.0,False,Pointer Move (unknown)
1786100599.9371898,638,521,Mac_TrackPad_iso-block-2-trial-5-target-5,579.0,591.0,30.0,False,Pointer Move (unknown)
1786100599.945274,635,524,Mac_TrackPad_iso-block-2-trial-5-target-5,579.0,591.0,30.0,False,Pointer Move (unknown)
1786100599.953532,632,528,Mac_TrackPad_iso-block-2-trial-5-target-5,579.0,591.0,30.0,False,Pointer Move (unknown)
1786100599.9615119,629,532,Mac_TrackPad_iso-block-2-trial-5-target-5,579.0,591.0,30.0,False,Pointer Move (unknown)
1786100599.9695098,626,535,Mac_TrackPad_iso-block-2-trial-5-target-5,579.0,591.0,30.0,False,Pointer Move (unknown)
1786100599.977675,625,537,Mac_TrackPad_iso-block-2-trial-5-target-5,579.0,591.0,30.0,False,Pointer Move (unknown)
1786100599.985715,625,538,Mac_TrackPad_iso-block-2-trial-5-target-5,579.0,591.0,30.0,False,Pointer Move (unknown)
1786100599.993773,623,539,Mac_TrackPad_iso-block-2-trial-5-target-5,579.0,591.0,30.0,False,Pointer Move (unknown)
1786100600.001962,623,540,Mac_TrackPad_iso-block-2-trial-5-target-5,579.0,591.0,30.0,False,Pointer Move (unknown)
1786100600.0100539,622,542,Mac_TrackPad_iso-block-2-trial-5-target-5,579.0,591.0,30.0,False,Pointer Move (unknown)
1786100600.0181718,621,543,Mac_TrackPad_iso-block-2-trial-5-target-5,579.0,591.0,30.0,False,Pointer Move (unknown)
1786100600.026274,620,544,Mac_TrackPad_iso-block-2-trial-5-target-5,579.0,591.0,30.0,False,Pointer Move (unknown)
1786100600.0341718,619,546,Mac_TrackPad_iso-block-2-trial-5-target-5,579.0,591.0,30.0,False,Pointer Move (unknown)
1786100600.042228,618,547,Mac_TrackPad_iso-block-2-trial-5-target-5,579.0,591.0,30.0,False,Pointer Move (unknown)
1786100600.05042,617,548,Mac_TrackPad_iso-block-2-trial-5-target-5,579.0,591.0,30.0,False,Pointer Move (unknown)
1786100600.0583959,615,550,Mac_TrackPad_iso-block-2-trial-5-target-5,579.0,591.0,30.0,False,Pointer Move (unknown)
1786100600.066547,614,551,Mac_TrackPad_iso-block-2-trial-5-target-5,579.0,591.0,30.0,False,Pointer Move (unknown)
1786100600.074608,614,552,Mac_TrackPad_iso-block-2-trial-5-target-5,579.0,591.0,30.0,False,Pointer Move (unknown)
1786100600.082795,613,553,Mac_TrackPad_iso-block-2-trial-5-target-5,579.0,591.0,30.0,False,Pointer Move (unknown)
1786100600.090882,612,554,Mac_TrackPad_iso-block-2-trial-5-target-5,579.0,591.0,30.0,False,Pointer Move (unknown)
1786100600.0990121,612,554,Mac_TrackPad_iso-block-2-trial-5-target-5,579.0,591.0,30.0,False,Pointer Move (unknown)
1786100600.10688,611,554,Mac_TrackPad_iso-block-2-trial-5-target-5,579.0,591.0,30.0,False,Pointer Move (unknown)
1786100600.11503,611,555,Mac_TrackPad_iso-block-2-trial-5-target-5,579.0,591.0,30.0,False,Pointer Move (unknown)
1786100600.1230268,611,555,Mac_TrackPad_iso-block-2-trial-5-target-5,579.0,591.0,30.0,False,Pointer Move (unknown)
1786100600.1311738,611,555,Mac_TrackPad_iso-block-2-trial-5-target-5,579.0,591.0,30.0,False,Pointer Move (unknown)
1786100600.139316,611,556,Mac_TrackPad_iso-block-2-trial-5-target-5,579.0,591.0,30.0,False,Pointer Move (unknown)
1786100600.147439,610,556,Mac_TrackPad_iso-block-2-trial-5-target-5,579.0,591.0,30.0,False,Pointer Move (unknown)
1786100600.155663,610,556,Mac_TrackPad_iso-block-2-trial-5-target-5,579.0,591.0,30.0,False,Pointer Move (unknown)
1786100600.163889,610,557,Mac_TrackPad_iso-block-2-trial-5-target-5,579.0,591.0,30.0,False,Pointer Move (unknown)
1786100600.171801,610,557,Mac_TrackPad_iso-block-2-trial-5-target-5,579.0,591.0,30.0,False,Pointer Move (unknown)
1786100600.179829,609,557,Mac_TrackPad_iso-block-2-trial-5-target-5,579.0,591.0,30.0,False,Pointer Move (unknown)
1786100600.18788,609,558,Mac_TrackPad_iso-block-2-trial-5-target-5,579.0,591.0,30.0,False,Pointer Move (unknown)
1786100600.195949,608,558,Mac_TrackPad_iso-block-2-trial-5-target-5,579.0,591.0,30.0,False,Pointer Move (unknown)
1786100600.204,607,559,Mac_TrackPad_iso-block-2-trial-5-target-5,579.0,591.0,30.0,False,Pointer Move (unknown)
1786100600.212186,606,560,Mac_TrackPad_iso-block-2-trial-5-target-5,579.0,591.0,30.0,False,Pointer Move (unknown)
1786100600.220205,605,562,Mac_TrackPad_iso-block-2-trial-5-target-5,579.0,591.0,30.0,False,Pointer Move (unknown)
1786100600.22831,603,564,Mac_TrackPad_iso-block-2-trial-5-target-5,579.0,591.0,30.0,False,Pointer Move (unknown)
1786100600.2363882,601,566,Mac_TrackPad_iso-block-2-trial-5-target-5,579.0,591.0,30.0,False,Pointer Move (unknown)
1786100600.244687,597,570,Mac_TrackPad_iso-block-2-trial-5-target-5,579.0,591.0,30.0,False,Pointer Move (unknown)
1786100600.252862,594,574,Mac_TrackPad_iso-block-2-trial-5-target-5,579.0,591.0,30.0,False,Pointer Move (unknown)
1786100600.2608352,592,578,Mac_TrackPad_iso-block-2-trial-5-target-5,579.0,591.0,30.0,False,Pointer Move (unknown)
1786100600.268912,589,580,Mac_TrackPad_iso-block-2-trial-5-target-5,579.0,591.0,30.0,False,Pointer Move (unknown)
1786100600.2770612,588,582,Mac_TrackPad_iso-block-2-trial-5-target-5,579.0,591.0,30.0,False,Pointer Move (unknown)
1786100600.284984,587,583,Mac_TrackPad_iso-block-2-trial-5-target-5,579.0,591.0,30.0,False,Pointer Move (unknown)
1786100600.293183,586,584,Mac_TrackPad_iso-block-2-trial-5-target-5,579.0,591.0,30.0,False,Pointer Move (unknown)
1786100600.301167,585,585,Mac_TrackPad_iso-block-2-trial-5-target-5,579.0,591.0,30.0,False,Pointer Move (unknown)
1786100600.3098571,585,585,Mac_TrackPad_iso-block-2-trial-5-target-5,579.0,591.0,30.0,False,Pointer Move (unknown)
1786100600.317394,584,585,Mac_TrackPad_iso-block-2-trial-5-target-5,579.0,591.0,30.0,False,Pointer Move (unknown)
1786100600.325428,584,586,Mac_TrackPad_iso-block-2-trial-5-target-5,579.0,591.0,30.0,False,Pointer Move (unknown)
1786100600.333733,584,586,Mac_TrackPad_iso-block-2-trial-5-target-5,579.0,591.0,30.0,False,Pointer Move (unknown)
1786100600.341797,584,587,Mac_TrackPad_iso-block-2-trial-5-target-5,579.0,591.0,30.0,False,Pointer Move (unknown)
1786100600.349813,584,587,Mac_TrackPad_iso-block-2-trial-5-target-5,579.0,591.0,30.0,False,Pointer Move (unknown)
1786100600.3579168,584,587,Mac_TrackPad_iso-block-2-trial-5-target-5,579.0,591.0,30.0,False,Pointer Move (unknown)
1786100600.365825,584,587,Mac_TrackPad_iso-block-2-trial-5-target-5,579.0,591.0,30.0,False,Pointer Move (unknown)
1786100600.3740458,584,588,Mac_TrackPad_iso-block-2-trial-5-target-5,579.0,591.0,30.0,False,Pointer Move (unknown)
1786100600.382059,583,588,Mac_TrackPad_iso-block-2-trial-5-target-5,579.0,591.0,30.0,False,Pointer Move (unknown)
1786100600.3900878,583,588,Mac_TrackPad_iso-block-2-trial-5-target-5,579.0,591.0,30.0,False,Pointer Move (unknown)
1786100600.406382,583,588,Mac_TrackPad_iso-block-2-trial-5-target-5,579.0,591.0,30.0,False,Pointer Move (unknown)
1786100600.422559,583,588,Mac_TrackPad_iso-block-2-trial-5-target-5,579.0,591.0,30.0,False,Pointer Move (unknown)
1786100600.438636,582,589,Mac_TrackPad_iso-block-2-trial-5-target-5,579.0,591.0,30.0,False,Pointer Move (unknown)
1786100600.4777339,582,589,Mac_TrackPad_iso-block-2-trial-5-target-5,579.0,591.0,30.0,target_selected,target_selected
1786100600.485149,582,589,Mac_TrackPad_iso-block-2-trial-6-target-1,861.0,309.0,30.0,False,Pointer Move (unknown)
1786100600.68145,582,588,Mac_TrackPad_iso-block-2-trial-6-target-1,861.0,309.0,30.0,False,Pointer Move (unknown)
1786100600.689663,586,587,Mac_TrackPad_iso-block-2-trial-6-target-1,861.0,309.0,30.0,False,Pointer Move (unknown)
1786100600.697674,589,584,Mac_TrackPad_iso-block-2-trial-6-target-1,861.0,309.0,30.0,False,Pointer Move (unknown)
1786100600.7057931,596,581,Mac_TrackPad_iso-block-2-trial-6-target-1,861.0,309.0,30.0,False,Pointer Move (unknown)
1786100600.713852,605,577,Mac_TrackPad_iso-block-2-trial-6-target-1,861.0,309.0,30.0,False,Pointer Move (unknown)
1786100600.722188,619,571,Mac_TrackPad_iso-block-2-trial-6-target-1,861.0,309.0,30.0,False,Pointer Move (unknown)
1786100600.729771,632,561,Mac_TrackPad_iso-block-2-trial-6-target-1,861.0,309.0,30.0,False,Pointer Move (unknown)
1786100600.738108,642,555,Mac_TrackPad_iso-block-2-trial-6-target-1,861.0,309.0,30.0,False,Pointer Move (unknown)
1786100600.7460742,656,545,Mac_TrackPad_iso-block-2-trial-6-target-1,861.0,309.0,30.0,False,Pointer Move (unknown)
1786100600.7540789,667,539,Mac_TrackPad_iso-block-2-trial-6-target-1,861.0,309.0,30.0,False,Pointer Move (unknown)
1786100600.762174,675,531,Mac_TrackPad_iso-block-2-trial-6-target-1,861.0,309.0,30.0,False,Pointer Move (unknown)
1786100600.77039,686,522,Mac_TrackPad_iso-block-2-trial-6-target-1,861.0,309.0,30.0,False,Pointer Move (unknown)
1786100600.778307,696,515,Mac_TrackPad_iso-block-2-trial-6-target-1,861.0,309.0,30.0,False,Pointer Move (unknown)
1786100600.786577,703,508,Mac_TrackPad_iso-block-2-trial-6-target-1,861.0,309.0,30.0,False,Pointer Move (unknown)
1786100600.794611,712,500,Mac_TrackPad_iso-block-2-trial-6-target-1,861.0,309.0,30.0,False,Pointer Move (unknown)
1786100600.802783,719,494,Mac_TrackPad_iso-block-2-trial-6-target-1,861.0,309.0,30.0,False,Pointer Move (unknown)
1786100600.810905,727,487,Mac_TrackPad_iso-block-2-trial-6-target-1,861.0,309.0,30.0,False,Pointer Move (unknown)
1786100600.8189938,729,486,Mac_TrackPad_iso-block-2-trial-6-target-1,861.0,309.0,30.0,False,Pointer Move (unknown)
1786100600.826956,736,480,Mac_TrackPad_iso-block-2-trial-6-target-1,861.0,309.0,30.0,False,Pointer Move (unknown)
1786100600.834953,740,476,Mac_TrackPad_iso-block-2-trial-6-target-1,861.0,309.0,30.0,False,Pointer Move (unknown)
1786100600.843088,745,472,Mac_TrackPad_iso-block-2-trial-6-target-1,861.0,309.0,30.0,False,Pointer Move (unknown)
1786100600.8510962,749,468,Mac_TrackPad_iso-block-2-trial-6-target-1,861.0,309.0,30.0,False,Pointer Move (unknown)
1786100600.859481,753,464,Mac_TrackPad_iso-block-2-trial-6-target-1,861.0,309.0,30.0,False,Pointer Move (unknown)
1786100600.867574,757,461,Mac_TrackPad_iso-block-2-trial-6-target-1,861.0,309.0,30.0,False,Pointer Move (unknown)
1786100600.875499,761,458,Mac_TrackPad_iso-block-2-trial-6-target-1,861.0,309.0,30.0,False,Pointer Move (unknown)
1786100600.883753,765,455,Mac_TrackPad_iso-block-2-trial-6-target-1,861.0,309.0,30.0,False,Pointer Move (unknown)
1786100600.891814,767,453,Mac_TrackPad_iso-block-2-trial-6-target-1,861.0,309.0,30.0,False,Pointer Move (unknown)
1786100600.899884,771,449,Mac_TrackPad_iso-block-2-trial-6-target-1,861.0,309.0,30.0,False,Pointer Move (unknown)
1786100600.908088,775,446,Mac_TrackPad_iso-block-2-trial-6-target-1,861.0,309.0,30.0,False,Pointer Move (unknown)
1786100600.915998,779,442,Mac_TrackPad_iso-block-2-trial-6-target-1,861.0,309.0,30.0,False,Pointer Move (unknown)
1786100600.924,782,439,Mac_TrackPad_iso-block-2-trial-6-target-1,861.0,309.0,30.0,False,Pointer Move (unknown)
1786100600.932112,786,436,Mac_TrackPad_iso-block-2-trial-6-target-1,861.0,309.0,30.0,False,Pointer Move (unknown)
1786100600.940436,790,432,Mac_TrackPad_iso-block-2-trial-6-target-1,861.0,309.0,30.0,False,Pointer Move (unknown)
1786100600.948512,792,429,Mac_TrackPad_iso-block-2-trial-6-target-1,861.0,309.0,30.0,False,Pointer Move (unknown)
1786100600.956625,795,427,Mac_TrackPad_iso-block-2-trial-6-target-1,861.0,309.0,30.0,False,Pointer Move (unknown)
1786100600.964969,797,425,Mac_TrackPad_iso-block-2-trial-6-target-1,861.0,309.0,30.0,False,Pointer Move (unknown)
1786100600.972618,799,423,Mac_TrackPad_iso-block-2-trial-6-target-1,861.0,309.0,30.0,False,Pointer Move (unknown)
1786100600.980832,801,421,Mac_TrackPad_iso-block-2-trial-6-target-1,861.0,309.0,30.0,False,Pointer Move (unknown)
1786100600.988856,802,420,Mac_TrackPad_iso-block-2-trial-6-target-1,861.0,309.0,30.0,False,Pointer Move (unknown)
1786100600.99691,803,418,Mac_TrackPad_iso-block-2-trial-6-target-1,861.0,309.0,30.0,False,Pointer Move (unknown)
1786100601.004931,805,416,Mac_TrackPad_iso-block-2-trial-6-target-1,861.0,309.0,30.0,False,Pointer Move (unknown)
1786100601.013207,807,412,Mac_TrackPad_iso-block-2-trial-6-target-1,861.0,309.0,30.0,False,Pointer Move (unknown)
1786100601.021385,810,410,Mac_TrackPad_iso-block-2-trial-6-target-1,861.0,309.0,30.0,False,Pointer Move (unknown)
1786100601.0297012,812,405,Mac_TrackPad_iso-block-2-trial-6-target-1,861.0,309.0,30.0,False,Pointer Move (unknown)
1786100601.0374951,814,400,Mac_TrackPad_iso-block-2-trial-6-target-1,861.0,309.0,30.0,False,Pointer Move (unknown)
1786100601.045356,819,393,Mac_TrackPad_iso-block-2-trial-6-target-1,861.0,309.0,30.0,False,Pointer Move (unknown)
1786100601.053341,823,386,Mac_TrackPad_iso-block-2-trial-6-target-1,861.0,309.0,30.0,False,Pointer Move (unknown)
1786100601.061642,825,381,Mac_TrackPad_iso-block-2-trial-6-target-1,861.0,309.0,30.0,False,Pointer Move (unknown)
1786100601.069628,827,375,Mac_TrackPad_iso-block-2-trial-6-target-1,861.0,309.0,30.0,False,Pointer Move (unknown)
1786100601.077627,829,368,Mac_TrackPad_iso-block-2-trial-6-target-1,861.0,309.0,30.0,False,Pointer Move (unknown)
1786100601.0856671,831,363,Mac_TrackPad_iso-block-2-trial-6-target-1,861.0,309.0,30.0,False,Pointer Move (unknown)
1786100601.094746,833,357,Mac_TrackPad_iso-block-2-trial-6-target-1,861.0,309.0,30.0,False,Pointer Move (unknown)
1786100601.1021812,835,352,Mac_TrackPad_iso-block-2-trial-6-target-1,861.0,309.0,30.0,False,Pointer Move (unknown)
1786100601.1100101,837,349,Mac_TrackPad_iso-block-2-trial-6-target-1,861.0,309.0,30.0,False,Pointer Move (unknown)
1786100601.118011,837,346,Mac_TrackPad_iso-block-2-trial-6-target-1,861.0,309.0,30.0,False,Pointer Move (unknown)
1786100601.126079,839,344,Mac_TrackPad_iso-block-2-trial-6-target-1,861.0,309.0,30.0,False,Pointer Move (unknown)
1786100601.134154,839,341,Mac_TrackPad_iso-block-2-trial-6-target-1,861.0,309.0,30.0,False,Pointer Move (unknown)
1786100601.1422641,840,339,Mac_TrackPad_iso-block-2-trial-6-target-1,861.0,309.0,30.0,False,Pointer Move (unknown)
1786100601.150354,841,338,Mac_TrackPad_iso-block-2-trial-6-target-1,861.0,309.0,30.0,False,Pointer Move (unknown)
1786100601.158415,842,336,Mac_TrackPad_iso-block-2-trial-6-target-1,861.0,309.0,30.0,False,Pointer Move (unknown)
1786100601.166525,842,335,Mac_TrackPad_iso-block-2-trial-6-target-1,861.0,309.0,30.0,False,Pointer Move (unknown)
1786100601.174784,843,335,Mac_TrackPad_iso-block-2-trial-6-target-1,861.0,309.0,30.0,False,Pointer Move (unknown)
1786100601.182924,843,334,Mac_TrackPad_iso-block-2-trial-6-target-1,861.0,309.0,30.0,False,Pointer Move (unknown)
1786100601.1911302,844,333,Mac_TrackPad_iso-block-2-trial-6-target-1,861.0,309.0,30.0,False,Pointer Move (unknown)
1786100601.199042,844,332,Mac_TrackPad_iso-block-2-trial-6-target-1,861.0,309.0,30.0,False,Pointer Move (unknown)
1786100601.207051,845,332,Mac_TrackPad_iso-block-2-trial-6-target-1,861.0,309.0,30.0,False,Pointer Move (unknown)
1786100601.215023,845,332,Mac_TrackPad_iso-block-2-trial-6-target-1,861.0,309.0,30.0,False,Pointer Move (unknown)
1786100601.223368,845,331,Mac_TrackPad_iso-block-2-trial-6-target-1,861.0,309.0,30.0,False,Pointer Move (unknown)
1786100601.247456,845,331,Mac_TrackPad_iso-block-2-trial-6-target-1,861.0,309.0,30.0,False,Pointer Move (unknown)
1786100601.287883,845,331,Mac_TrackPad_iso-block-2-trial-6-target-1,861.0,309.0,30.0,False,Pointer Move (unknown)
1786100601.312371,845,330,Mac_TrackPad_iso-block-2-trial-6-target-1,861.0,309.0,30.0,False,Pointer Move (unknown)
1786100601.320559,846,330,Mac_TrackPad_iso-block-2-trial-6-target-1,861.0,309.0,30.0,False,Pointer Move (unknown)
1786100601.328619,846,330,Mac_TrackPad_iso-block-2-trial-6-target-1,861.0,309.0,30.0,False,Pointer Move (unknown)
1786100601.3448179,846,330,Mac_TrackPad_iso-block-2-trial-6-target-1,861.0,309.0,30.0,False,Pointer Move (unknown)
1786100601.3607879,846,329,Mac_TrackPad_iso-block-2-trial-6-target-1,861.0,309.0,30.0,False,Pointer Move (unknown)
1786100601.410562,846,329,Mac_TrackPad_iso-block-2-trial-6-target-1,861.0,309.0,30.0,target_selected,target_selected
1786100601.660318,845,329,Mac_TrackPad_iso-block-2-trial-7-target-5,579.0,591.0,30.0,False,Pointer Move (unknown)
1786100601.6682649,838,334,Mac_TrackPad_iso-block-2-trial-7-target-5,579.0,591.0,30.0,False,Pointer Move (unknown)
1786100601.6762712,829,345,Mac_TrackPad_iso-block-2-trial-7-target-5,579.0,591.0,30.0,False,Pointer Move (unknown)
1786100601.684421,824,351,Mac_TrackPad_iso-block-2-trial-7-target-5,579.0,591.0,30.0,False,Pointer Move (unknown)
1786100601.692429,811,363,Mac_TrackPad_iso-block-2-trial-7-target-5,579.0,591.0,30.0,False,Pointer Move (unknown)
1786100601.7005131,800,376,Mac_TrackPad_iso-block-2-trial-7-target-5,579.0,591.0,30.0,False,Pointer Move (unknown)
1786100601.708769,786,391,Mac_TrackPad_iso-block-2-trial-7-target-5,579.0,591.0,30.0,False,Pointer Move (unknown)
1786100601.7168288,774,404,Mac_TrackPad_iso-block-2-trial-7-target-5,579.0,591.0,30.0,False,Pointer Move (unknown)
1786100601.725114,762,418,Mac_TrackPad_iso-block-2-trial-7-target-5,579.0,591.0,30.0,False,Pointer Move (unknown)
1786100601.733073,749,434,Mac_TrackPad_iso-block-2-trial-7-target-5,579.0,591.0,30.0,False,Pointer Move (unknown)
1786100601.7408671,739,448,Mac_TrackPad_iso-block-2-trial-7-target-5,579.0,591.0,30.0,False,Pointer Move (unknown)
1786100601.7493062,726,465,Mac_TrackPad_iso-block-2-trial-7-target-5,579.0,591.0,30.0,False,Pointer Move (unknown)
1786100601.7574,714,478,Mac_TrackPad_iso-block-2-trial-7-target-5,579.0,591.0,30.0,False,Pointer Move (unknown)
1786100601.765528,700,493,Mac_TrackPad_iso-block-2-trial-7-target-5,579.0,591.0,30.0,False,Pointer Move (unknown)
1786100601.77367,684,511,Mac_TrackPad_iso-block-2-trial-7-target-5,579.0,591.0,30.0,False,Pointer Move (unknown)
1786100601.781415,672,524,Mac_TrackPad_iso-block-2-trial-7-target-5,579.0,591.0,30.0,False,Pointer Move (unknown)
1786100601.789393,655,537,Mac_TrackPad_iso-block-2-trial-7-target-5,579.0,591.0,30.0,False,Pointer Move (unknown)
1786100601.797618,652,541,Mac_TrackPad_iso-block-2-trial-7-target-5,579.0,591.0,30.0,False,Pointer Move (unknown)
1786100601.8089468,643,548,Mac_TrackPad_iso-block-2-trial-7-target-5,579.0,591.0,30.0,False,Pointer Move (unknown)
1786100601.817787,636,554,Mac_TrackPad_iso-block-2-trial-7-target-5,579.0,591.0,30.0,False,Pointer Move (unknown)
1786100601.821991,631,559,Mac_TrackPad_iso-block-2-trial-7-target-5,579.0,591.0,30.0,False,Pointer Move (unknown)
1786100601.830164,627,562,Mac_TrackPad_iso-block-2-trial-7-target-5,579.0,591.0,30.0,False,Pointer Move (unknown)
1786100601.838034,626,563,Mac_TrackPad_iso-block-2-trial-7-target-5,579.0,591.0,30.0,False,Pointer Move (unknown)
1786100601.846269,624,563,Mac_TrackPad_iso-block-2-trial-7-target-5,579.0,591.0,30.0,False,Pointer Move (unknown)
1786100601.854243,623,564,Mac_TrackPad_iso-block-2-trial-7-target-5,579.0,591.0,30.0,False,Pointer Move (unknown)
1786100601.862617,623,565,Mac_TrackPad_iso-block-2-trial-7-target-5,579.0,591.0,30.0,False,Pointer Move (unknown)
1786100601.870357,623,565,Mac_TrackPad_iso-block-2-trial-7-target-5,579.0,591.0,30.0,False,Pointer Move (unknown)
1786100601.878376,622,565,Mac_TrackPad_iso-block-2-trial-7-target-5,579.0,591.0,30.0,False,Pointer Move (unknown)
1786100601.886486,622,565,Mac_TrackPad_iso-block-2-trial-7-target-5,579.0,591.0,30.0,False,Pointer Move (unknown)
1786100601.894925,622,565,Mac_TrackPad_iso-block-2-trial-7-target-5,579.0,591.0,30.0,False,Pointer Move (unknown)
1786100601.9026408,621,565,Mac_TrackPad_iso-block-2-trial-7-target-5,579.0,591.0,30.0,False,Pointer Move (unknown)
1786100601.9190242,621,565,Mac_TrackPad_iso-block-2-trial-7-target-5,579.0,591.0,30.0,False,Pointer Move (unknown)
1786100601.935149,621,565,Mac_TrackPad_iso-block-2-trial-7-target-5,579.0,591.0,30.0,False,Pointer Move (unknown)
1786100601.951284,621,565,Mac_TrackPad_iso-block-2-trial-7-target-5,579.0,591.0,30.0,False,Pointer Move (unknown)
1786100601.959349,620,565,Mac_TrackPad_iso-block-2-trial-7-target-5,579.0,591.0,30.0,False,Pointer Move (unknown)
1786100601.975512,620,565,Mac_TrackPad_iso-block-2-trial-7-target-5,579.0,591.0,30.0,False,Pointer Move (unknown)
1786100601.983457,619,565,Mac_TrackPad_iso-block-2-trial-7-target-5,579.0,591.0,30.0,False,Pointer Move (unknown)
1786100601.991617,616,565,Mac_TrackPad_iso-block-2-trial-7-target-5,579.0,591.0,30.0,False,Pointer Move (unknown)
1786100601.999732,611,567,Mac_TrackPad_iso-block-2-trial-7-target-5,579.0,591.0,30.0,False,Pointer Move (unknown)
1786100602.00768,602,569,Mac_TrackPad_iso-block-2-trial-7-target-5,579.0,591.0,30.0,False,Pointer Move (unknown)
1786100602.015918,593,573,Mac_TrackPad_iso-block-2-trial-7-target-5,579.0,591.0,30.0,False,Pointer Move (unknown)
1786100602.02419,588,575,Mac_TrackPad_iso-block-2-trial-7-target-5,579.0,591.0,30.0,False,Pointer Move (unknown)
1786100602.032555,580,579,Mac_TrackPad_iso-block-2-trial-7-target-5,579.0,591.0,30.0,False,Pointer Move (unknown)
1786100602.040405,573,582,Mac_TrackPad_iso-block-2-trial-7-target-5,579.0,591.0,30.0,False,Pointer Move (unknown)
1786100602.0484931,566,585,Mac_TrackPad_iso-block-2-trial-7-target-5,579.0,591.0,30.0,False,Pointer Move (unknown)
1786100602.056461,562,588,Mac_TrackPad_iso-block-2-trial-7-target-5,579.0,591.0,30.0,False,Pointer Move (unknown)
1786100602.0645802,557,590,Mac_TrackPad_iso-block-2-trial-7-target-5,579.0,591.0,30.0,False,Pointer Move (unknown)
1786100602.072659,554,592,Mac_TrackPad_iso-block-2-trial-7-target-5,579.0,591.0,30.0,False,Pointer Move (unknown)
1786100602.081082,552,593,Mac_TrackPad_iso-block-2-trial-7-target-5,579.0,591.0,30.0,False,Pointer Move (unknown)
1786100602.088902,551,594,Mac_TrackPad_iso-block-2-trial-7-target-5,579.0,591.0,30.0,False,Pointer Move (unknown)
1786100602.096816,550,594,Mac_TrackPad_iso-block-2-trial-7-target-5,579.0,591.0,30.0,False,Pointer Move (unknown)
1786100602.105217,549,595,Mac_TrackPad_iso-block-2-trial-7-target-5,579.0,591.0,30.0,False,Pointer Move (unknown)
1786100602.113129,549,595,Mac_TrackPad_iso-block-2-trial-7-target-5,579.0,591.0,30.0,False,Pointer Move (unknown)
1786100602.121187,549,595,Mac_TrackPad_iso-block-2-trial-7-target-5,579.0,591.0,30.0,False,Pointer Move (unknown)
1786100602.129246,549,596,Mac_TrackPad_iso-block-2-trial-7-target-5,579.0,591.0,30.0,False,Pointer Move (unknown)
1786100602.137301,548,596,Mac_TrackPad_iso-block-2-trial-7-target-5,579.0,591.0,30.0,False,Pointer Move (unknown)
1786100602.17775,548,596,Mac_TrackPad_iso-block-2-trial-7-target-5,579.0,591.0,30.0,False,Pointer Move (unknown)
1786100602.274921,548,596,Mac_TrackPad_iso-block-2-trial-7-target-5,579.0,591.0,30.0,False,Pointer Move (unknown)
1786100602.6308968,549,596,Mac_TrackPad_iso-block-2-trial-7-target-5,579.0,591.0,30.0,False,Pointer Move (unknown)
1786100602.639005,549,596,Mac_TrackPad_iso-block-2-trial-7-target-5,579.0,591.0,30.0,False,Pointer Move (unknown)
1786100602.646975,551,596,Mac_TrackPad_iso-block-2-trial-7-target-5,579.0,591.0,30.0,False,Pointer Move (unknown)
1786100602.654958,552,596,Mac_TrackPad_iso-block-2-trial-7-target-5,579.0,591.0,30.0,False,Pointer Move (unknown)
1786100602.663104,553,596,Mac_TrackPad_iso-block-2-trial-7-target-5,579.0,591.0,30.0,False,Pointer Move (unknown)
1786100602.6710138,554,596,Mac_TrackPad_iso-block-2-trial-7-target-5,579.0,591.0,30.0,False,Pointer Move (unknown)
1786100602.679324,555,596,Mac_TrackPad_iso-block-2-trial-7-target-5,579.0,591.0,30.0,False,Pointer Move (unknown)
1786100602.687295,556,596,Mac_TrackPad_iso-block-2-trial-7-target-5,579.0,591.0,30.0,False,Pointer Move (unknown)
1786100602.695223,556,596,Mac_TrackPad_iso-block-2-trial-7-target-5,579.0,591.0,30.0,False,Pointer Move (unknown)
1786100602.711499,556,596,Mac_TrackPad_iso-block-2-trial-7-target-5,579.0,591.0,30.0,False,Pointer Move (unknown)
1786100602.7277682,557,596,Mac_TrackPad_iso-block-2-trial-7-target-5,579.0,591.0,30.0,False,Pointer Move (unknown)
1786100602.743797,557,596,Mac_TrackPad_iso-block-2-trial-7-target-5,579.0,591.0,30.0,False,Pointer Move (unknown)
1786100602.751986,557,596,Mac_TrackPad_iso-block-2-trial-7-target-5,579.0,591.0,30.0,False,Pointer Move (unknown)
1786100602.8086069,558,596,Mac_TrackPad_iso-block-2-trial-7-target-5,579.0,591.0,30.0,False,Pointer Move (unknown)
1786100602.8454201,558,596,Mac_TrackPad_iso-block-2-trial-7-target-5,579.0,591.0,30.0,target_selected,target_selected
1786100603.0675,559,595,Mac_TrackPad_iso-block-2-trial-8-target-1,861.0,309.0,30.0,False,Pointer Move (unknown)
1786100603.075824,564,592,Mac_TrackPad_iso-block-2-trial-8-target-1,861.0,309.0,30.0,False,Pointer Move (unknown)
1786100603.083595,570,586,Mac_TrackPad_iso-block-2-trial-8-target-1,861.0,309.0,30.0,False,Pointer Move (unknown)
1786100603.091618,581,577,Mac_TrackPad_iso-block-2-trial-8-target-1,861.0,309.0,30.0,False,Pointer Move (unknown)
1786100603.100044,591,568,Mac_TrackPad_iso-block-2-trial-8-target-1,861.0,309.0,30.0,False,Pointer Move (unknown)
1786100603.107759,605,557,Mac_TrackPad_iso-block-2-trial-8-target-1,861.0,309.0,30.0,False,Pointer Move (unknown)
1786100603.11589,617,544,Mac_TrackPad_iso-block-2-trial-8-target-1,861.0,309.0,30.0,False,Pointer Move (unknown)
1786100603.124011,624,534,Mac_TrackPad_iso-block-2-trial-8-target-1,861.0,309.0,30.0,False,Pointer Move (unknown)
1786100603.132307,632,526,Mac_TrackPad_iso-block-2-trial-8-target-1,861.0,309.0,30.0,False,Pointer Move (unknown)
1786100603.140518,641,515,Mac_TrackPad_iso-block-2-trial-8-target-1,861.0,309.0,30.0,False,Pointer Move (unknown)
1786100603.1484969,650,507,Mac_TrackPad_iso-block-2-trial-8-target-1,861.0,309.0,30.0,False,Pointer Move (unknown)
1786100603.156964,657,497,Mac_TrackPad_iso-block-2-trial-8-target-1,861.0,309.0,30.0,False,Pointer Move (unknown)
1786100603.1651862,668,487,Mac_TrackPad_iso-block-2-trial-8-target-1,861.0,309.0,30.0,False,Pointer Move (unknown)
1786100603.172888,674,480,Mac_TrackPad_iso-block-2-trial-8-target-1,861.0,309.0,30.0,False,Pointer Move (unknown)
1786100603.180885,682,472,Mac_TrackPad_iso-block-2-trial-8-target-1,861.0,309.0,30.0,False,Pointer Move (unknown)
1786100603.18878,692,465,Mac_TrackPad_iso-block-2-trial-8-target-1,861.0,309.0,30.0,False,Pointer Move (unknown)
1786100603.19694,695,461,Mac_TrackPad_iso-block-2-trial-8-target-1,861.0,309.0,30.0,False,Pointer Move (unknown)
1786100603.2047832,702,455,Mac_TrackPad_iso-block-2-trial-8-target-1,861.0,309.0,30.0,False,Pointer Move (unknown)
1786100603.212727,709,448,Mac_TrackPad_iso-block-2-trial-8-target-1,861.0,309.0,30.0,False,Pointer Move (unknown)
1786100603.221337,715,442,Mac_TrackPad_iso-block-2-trial-8-target-1,861.0,309.0,30.0,False,Pointer Move (unknown)
1786100603.229151,722,437,Mac_TrackPad_iso-block-2-trial-8-target-1,861.0,309.0,30.0,False,Pointer Move (unknown)
1786100603.2373729,728,433,Mac_TrackPad_iso-block-2-trial-8-target-1,861.0,309.0,30.0,False,Pointer Move (unknown)
1786100603.245409,732,427,Mac_TrackPad_iso-block-2-trial-8-target-1,861.0,309.0,30.0,False,Pointer Move (unknown)
1786100603.2536051,738,423,Mac_TrackPad_iso-block-2-trial-8-target-1,861.0,309.0,30.0,False,Pointer Move (unknown)
1786100603.2615712,742,419,Mac_TrackPad_iso-block-2-trial-8-target-1,861.0,309.0,30.0,False,Pointer Move (unknown)
1786100603.2697442,747,414,Mac_TrackPad_iso-block-2-trial-8-target-1,861.0,309.0,30.0,False,Pointer Move (unknown)
1786100603.277511,751,411,Mac_TrackPad_iso-block-2-trial-8-target-1,861.0,309.0,30.0,False,Pointer Move (unknown)
1786100603.286497,755,407,Mac_TrackPad_iso-block-2-trial-8-target-1,861.0,309.0,30.0,False,Pointer Move (unknown)
1786100603.293843,757,404,Mac_TrackPad_iso-block-2-trial-8-target-1,861.0,309.0,30.0,False,Pointer Move (unknown)
1786100603.301758,761,401,Mac_TrackPad_iso-block-2-trial-8-target-1,861.0,309.0,30.0,False,Pointer Move (unknown)
1786100603.309867,764,399,Mac_TrackPad_iso-block-2-trial-8-target-1,861.0,309.0,30.0,False,Pointer Move (unknown)
1786100603.318773,767,397,Mac_TrackPad_iso-block-2-trial-8-target-1,861.0,309.0,30.0,False,Pointer Move (unknown)
1786100603.326367,769,396,Mac_TrackPad_iso-block-2-trial-8-target-1,861.0,309.0,30.0,False,Pointer Move (unknown)
1786100603.334235,771,394,Mac_TrackPad_iso-block-2-trial-8-target-1,861.0,309.0,30.0,False,Pointer Move (unknown)
1786100603.342253,774,392,Mac_TrackPad_iso-block-2-trial-8-target-1,861.0,309.0,30.0,False,Pointer Move (unknown)
1786100603.350276,776,391,Mac_TrackPad_iso-block-2-trial-8-target-1,861.0,309.0,30.0,False,Pointer Move (unknown)
1786100603.358381,778,389,Mac_TrackPad_iso-block-2-trial-8-target-1,861.0,309.0,30.0,False,Pointer Move (unknown)
1786100603.366712,780,388,Mac_TrackPad_iso-block-2-trial-8-target-1,861.0,309.0,30.0,False,Pointer Move (unknown)
1786100603.37477,784,385,Mac_TrackPad_iso-block-2-trial-8-target-1,861.0,309.0,30.0,False,Pointer Move (unknown)
1786100603.382781,787,383,Mac_TrackPad_iso-block-2-trial-8-target-1,861.0,309.0,30.0,False,Pointer Move (unknown)
1786100603.390868,789,380,Mac_TrackPad_iso-block-2-trial-8-target-1,861.0,309.0,30.0,False,Pointer Move (unknown)
1786100603.399464,793,377,Mac_TrackPad_iso-block-2-trial-8-target-1,861.0,309.0,30.0,False,Pointer Move (unknown)
1786100603.4070861,796,373,Mac_TrackPad_iso-block-2-trial-8-target-1,861.0,309.0,30.0,False,Pointer Move (unknown)
1786100603.415211,797,371,Mac_TrackPad_iso-block-2-trial-8-target-1,861.0,309.0,30.0,False,Pointer Move (unknown)
1786100603.42327,800,369,Mac_TrackPad_iso-block-2-trial-8-target-1,861.0,309.0,30.0,False,Pointer Move (unknown)
1786100603.431319,801,368,Mac_TrackPad_iso-block-2-trial-8-target-1,861.0,309.0,30.0,False,Pointer Move (unknown)
1786100603.439421,802,366,Mac_TrackPad_iso-block-2-trial-8-target-1,861.0,309.0,30.0,False,Pointer Move (unknown)
1786100603.4478562,803,365,Mac_TrackPad_iso-block-2-trial-8-target-1,861.0,309.0,30.0,False,Pointer Move (unknown)
1786100603.45561,804,364,Mac_TrackPad_iso-block-2-trial-8-target-1,861.0,309.0,30.0,False,Pointer Move (unknown)
1786100603.464135,805,363,Mac_TrackPad_iso-block-2-trial-8-target-1,861.0,309.0,30.0,False,Pointer Move (unknown)
1786100603.4716868,806,362,Mac_TrackPad_iso-block-2-trial-8-target-1,861.0,309.0,30.0,False,Pointer Move (unknown)
1786100603.479872,807,360,Mac_TrackPad_iso-block-2-trial-8-target-1,861.0,309.0,30.0,False,Pointer Move (unknown)
1786100603.488127,808,359,Mac_TrackPad_iso-block-2-trial-8-target-1,861.0,309.0,30.0,False,Pointer Move (unknown)
1786100603.496462,809,358,Mac_TrackPad_iso-block-2-trial-8-target-1,861.0,309.0,30.0,False,Pointer Move (unknown)
1786100603.503959,812,355,Mac_TrackPad_iso-block-2-trial-8-target-1,861.0,309.0,30.0,False,Pointer Move (unknown)
1786100603.512088,814,353,Mac_TrackPad_iso-block-2-trial-8-target-1,861.0,309.0,30.0,False,Pointer Move (unknown)
1786100603.520316,816,350,Mac_TrackPad_iso-block-2-trial-8-target-1,861.0,309.0,30.0,False,Pointer Move (unknown)
1786100603.528772,820,347,Mac_TrackPad_iso-block-2-trial-8-target-1,861.0,309.0,30.0,False,Pointer Move (unknown)
1786100603.5364091,823,345,Mac_TrackPad_iso-block-2-trial-8-target-1,861.0,309.0,30.0,False,Pointer Move (unknown)
1786100603.544683,825,343,Mac_TrackPad_iso-block-2-trial-8-target-1,861.0,309.0,30.0,False,Pointer Move (unknown)
1786100603.5525389,827,341,Mac_TrackPad_iso-block-2-trial-8-target-1,861.0,309.0,30.0,False,Pointer Move (unknown)
1786100603.560617,828,339,Mac_TrackPad_iso-block-2-trial-8-target-1,861.0,309.0,30.0,False,Pointer Move (unknown)
1786100603.569205,831,339,Mac_TrackPad_iso-block-2-trial-8-target-1,861.0,309.0,30.0,False,Pointer Move (unknown)
1786100603.576743,832,337,Mac_TrackPad_iso-block-2-trial-8-target-1,861.0,309.0,30.0,False,Pointer Move (unknown)
1786100603.585026,832,337,Mac_TrackPad_iso-block-2-trial-8-target-1,861.0,309.0,30.0,False,Pointer Move (unknown)
1786100603.5929558,833,337,Mac_TrackPad_iso-block-2-trial-8-target-1,861.0,309.0,30.0,False,Pointer Move (unknown)
1786100603.60112,833,336,Mac_TrackPad_iso-block-2-trial-8-target-1,861.0,309.0,30.0,False,Pointer Move (unknown)
1786100603.609439,834,335,Mac_TrackPad_iso-block-2-trial-8-target-1,861.0,309.0,30.0,False,Pointer Move (unknown)
1786100603.6173341,835,335,Mac_TrackPad_iso-block-2-trial-8-target-1,861.0,309.0,30.0,False,Pointer Move (unknown)
1786100603.6251369,836,334,Mac_TrackPad_iso-block-2-trial-8-target-1,861.0,309.0,30.0,False,Pointer Move (unknown)
1786100603.6332228,836,334,Mac_TrackPad_iso-block-2-trial-8-target-1,861.0,309.0,30.0,False,Pointer Move (unknown)
1786100603.641425,837,333,Mac_TrackPad_iso-block-2-trial-8-target-1,861.0,309.0,30.0,False,Pointer Move (unknown)
1786100603.6496892,838,332,Mac_TrackPad_iso-block-2-trial-8-target-1,861.0,309.0,30.0,False,Pointer Move (unknown)
1786100603.657472,839,331,Mac_TrackPad_iso-block-2-trial-8-target-1,861.0,309.0,30.0,False,Pointer Move (unknown)
1786100603.665657,840,330,Mac_TrackPad_iso-block-2-trial-8-target-1,861.0,309.0,30.0,False,Pointer Move (unknown)
1786100603.6738439,841,329,Mac_TrackPad_iso-block-2-trial-8-target-1,861.0,309.0,30.0,False,Pointer Move (unknown)
1786100603.682004,841,329,Mac_TrackPad_iso-block-2-trial-8-target-1,861.0,309.0,30.0,False,Pointer Move (unknown)
1786100603.690254,842,328,Mac_TrackPad_iso-block-2-trial-8-target-1,861.0,309.0,30.0,False,Pointer Move (unknown)
1786100603.698229,843,327,Mac_TrackPad_iso-block-2-trial-8-target-1,861.0,309.0,30.0,False,Pointer Move (unknown)
1786100603.706122,843,326,Mac_TrackPad_iso-block-2-trial-8-target-1,861.0,309.0,30.0,False,Pointer Move (unknown)
1786100603.714124,844,326,Mac_TrackPad_iso-block-2-trial-8-target-1,861.0,309.0,30.0,False,Pointer Move (unknown)
1786100603.722479,844,325,Mac_TrackPad_iso-block-2-trial-8-target-1,861.0,309.0,30.0,False,Pointer Move (unknown)
1786100603.730689,845,324,Mac_TrackPad_iso-block-2-trial-8-target-1,861.0,309.0,30.0,False,Pointer Move (unknown)
1786100603.7385778,845,322,Mac_TrackPad_iso-block-2-trial-8-target-1,861.0,309.0,30.0,False,Pointer Move (unknown)
1786100603.746513,846,321,Mac_TrackPad_iso-block-2-trial-8-target-1,861.0,309.0,30.0,False,Pointer Move (unknown)
1786100603.7548,847,319,Mac_TrackPad_iso-block-2-trial-8-target-1,861.0,309.0,30.0,False,Pointer Move (unknown)
1786100603.7628381,847,317,Mac_TrackPad_iso-block-2-trial-8-target-1,861.0,309.0,30.0,False,Pointer Move (unknown)
1786100603.771136,848,315,Mac_TrackPad_iso-block-2-trial-8-target-1,861.0,309.0,30.0,False,Pointer Move (unknown)
1786100603.779237,848,314,Mac_TrackPad_iso-block-2-trial-8-target-1,861.0,309.0,30.0,False,Pointer Move (unknown)
1786100603.7870688,849,312,Mac_TrackPad_iso-block-2-trial-8-target-1,861.0,309.0,30.0,False,Pointer Move (unknown)
1786100603.7951171,850,310,Mac_TrackPad_iso-block-2-trial-8-target-1,861.0,309.0,30.0,False,Pointer Move (unknown)
1786100603.8032792,850,309,Mac_TrackPad_iso-block-2-trial-8-target-1,861.0,309.0,30.0,False,Pointer Move (unknown)
1786100603.81133,850,308,Mac_TrackPad_iso-block-2-trial-8-target-1,861.0,309.0,30.0,False,Pointer Move (unknown)
1786100603.819684,851,307,Mac_TrackPad_iso-block-2-trial-8-target-1,861.0,309.0,30.0,False,Pointer Move (unknown)
1786100603.827501,851,307,Mac_TrackPad_iso-block-2-trial-8-target-1,861.0,309.0,30.0,False,Pointer Move (unknown)
1786100603.8355908,851,306,Mac_TrackPad_iso-block-2-trial-8-target-1,861.0,309.0,30.0,False,Pointer Move (unknown)
1786100603.852038,851,306,Mac_TrackPad_iso-block-2-trial-8-target-1,861.0,309.0,30.0,False,Pointer Move (unknown)
1786100603.877412,851,306,Mac_TrackPad_iso-block-2-trial-8-target-1,861.0,309.0,30.0,target_selected,target_selected
1786100604.054223,849,306,Mac_TrackPad_iso-block-2-trial-9-target-5,579.0,591.0,30.0,False,Pointer Move (unknown)
1786100604.062141,840,313,Mac_TrackPad_iso-block-2-trial-9-target-5,579.0,591.0,30.0,False,Pointer Move (unknown)
1786100604.070184,833,317,Mac_TrackPad_iso-block-2-trial-9-target-5,579.0,591.0,30.0,False,Pointer Move (unknown)
1786100604.078261,818,325,Mac_TrackPad_iso-block-2-trial-9-target-5,579.0,591.0,30.0,False,Pointer Move (unknown)
1786100604.086745,785,351,Mac_TrackPad_iso-block-2-trial-9-target-5,579.0,591.0,30.0,False,Pointer Move (unknown)
1786100604.094614,765,367,Mac_TrackPad_iso-block-2-trial-9-target-5,579.0,591.0,30.0,False,Pointer Move (unknown)
1786100604.10245,739,387,Mac_TrackPad_iso-block-2-trial-9-target-5,579.0,591.0,30.0,False,Pointer Move (unknown)
1786100604.110613,730,398,Mac_TrackPad_iso-block-2-trial-9-target-5,579.0,591.0,30.0,False,Pointer Move (unknown)
1786100604.118554,712,414,Mac_TrackPad_iso-block-2-trial-9-target-5,579.0,591.0,30.0,False,Pointer Move (unknown)
1786100604.12674,698,429,Mac_TrackPad_iso-block-2-trial-9-target-5,579.0,591.0,30.0,False,Pointer Move (unknown)
1786100604.1349351,695,433,Mac_TrackPad_iso-block-2-trial-9-target-5,579.0,591.0,30.0,False,Pointer Move (unknown)
1786100604.143105,686,442,Mac_TrackPad_iso-block-2-trial-9-target-5,579.0,591.0,30.0,False,Pointer Move (unknown)
1786100604.15117,681,449,Mac_TrackPad_iso-block-2-trial-9-target-5,579.0,591.0,30.0,False,Pointer Move (unknown)
1786100604.159126,675,456,Mac_TrackPad_iso-block-2-trial-9-target-5,579.0,591.0,30.0,False,Pointer Move (unknown)
1786100604.167535,672,459,Mac_TrackPad_iso-block-2-trial-9-target-5,579.0,591.0,30.0,False,Pointer Move (unknown)
1786100604.175542,668,465,Mac_TrackPad_iso-block-2-trial-9-target-5,579.0,591.0,30.0,False,Pointer Move (unknown)
1786100604.1835608,663,472,Mac_TrackPad_iso-block-2-trial-9-target-5,579.0,591.0,30.0,False,Pointer Move (unknown)
1786100604.191552,660,476,Mac_TrackPad_iso-block-2-trial-9-target-5,579.0,591.0,30.0,False,Pointer Move (unknown)
1786100604.199772,656,480,Mac_TrackPad_iso-block-2-trial-9-target-5,579.0,591.0,30.0,False,Pointer Move (unknown)
1786100604.2079208,651,488,Mac_TrackPad_iso-block-2-trial-9-target-5,579.0,591.0,30.0,False,Pointer Move (unknown)
1786100604.21579,645,494,Mac_TrackPad_iso-block-2-trial-9-target-5,579.0,591.0,30.0,False,Pointer Move (unknown)
1786100604.224258,636,502,Mac_TrackPad_iso-block-2-trial-9-target-5,579.0,591.0,30.0,False,Pointer Move (unknown)
1786100604.231903,631,510,Mac_TrackPad_iso-block-2-trial-9-target-5,579.0,591.0,30.0,False,Pointer Move (unknown)
1786100604.240133,621,519,Mac_TrackPad_iso-block-2-trial-9-target-5,579.0,591.0,30.0,False,Pointer Move (unknown)
1786100604.248141,619,522,Mac_TrackPad_iso-block-2-trial-9-target-5,579.0,591.0,30.0,False,Pointer Move (unknown)
1786100604.256427,612,528,Mac_TrackPad_iso-block-2-trial-9-target-5,579.0,591.0,30.0,False,Pointer Move (unknown)
1786100604.26433,605,535,Mac_TrackPad_iso-block-2-trial-9-target-5,579.0,591.0,30.0,False,Pointer Move (unknown)
1786100604.272624,601,540,Mac_TrackPad_iso-block-2-trial-9-target-5,579.0,591.0,30.0,False,Pointer Move (unknown)
1786100604.280461,597,544,Mac_TrackPad_iso-block-2-trial-9-target-5,579.0,591.0,30.0,False,Pointer Move (unknown)
1786100604.28863,595,546,Mac_TrackPad_iso-block-2-trial-9-target-5,579.0,591.0,30.0,False,Pointer Move (unknown)
1786100604.2966971,592,549,Mac_TrackPad_iso-block-2-trial-9-target-5,579.0,591.0,30.0,False,Pointer Move (unknown)
1786100604.3047,591,550,Mac_TrackPad_iso-block-2-trial-9-target-5,579.0,591.0,30.0,False,Pointer Move (unknown)
1786100604.313071,590,550,Mac_TrackPad_iso-block-2-trial-9-target-5,579.0,591.0,30.0,False,Pointer Move (unknown)
1786100604.3210812,589,551,Mac_TrackPad_iso-block-2-trial-9-target-5,579.0,591.0,30.0,False,Pointer Move (unknown)
1786100604.329077,589,551,Mac_TrackPad_iso-block-2-trial-9-target-5,579.0,591.0,30.0,False,Pointer Move (unknown)
1786100604.337274,588,552,Mac_TrackPad_iso-block-2-trial-9-target-5,579.0,591.0,30.0,False,Pointer Move (unknown)
1786100604.345288,588,552,Mac_TrackPad_iso-block-2-trial-9-target-5,579.0,591.0,30.0,False,Pointer Move (unknown)
1786100604.3533492,587,552,Mac_TrackPad_iso-block-2-trial-9-target-5,579.0,591.0,30.0,False,Pointer Move (unknown)
1786100604.36961,587,552,Mac_TrackPad_iso-block-2-trial-9-target-5,579.0,591.0,30.0,False,Pointer Move (unknown)
1786100604.401978,587,552,Mac_TrackPad_iso-block-2-trial-9-target-5,579.0,591.0,30.0,False,Pointer Move (unknown)
1786100604.418141,587,552,Mac_TrackPad_iso-block-2-trial-9-target-5,579.0,591.0,30.0,False,Pointer Move (unknown)
1786100604.426188,586,553,Mac_TrackPad_iso-block-2-trial-9-target-5,579.0,591.0,30.0,False,Pointer Move (unknown)
1786100604.434259,585,555,Mac_TrackPad_iso-block-2-trial-9-target-5,579.0,591.0,30.0,False,Pointer Move (unknown)
1786100604.442236,582,559,Mac_TrackPad_iso-block-2-trial-9-target-5,579.0,591.0,30.0,False,Pointer Move (unknown)
1786100604.4501991,579,561,Mac_TrackPad_iso-block-2-trial-9-target-5,579.0,591.0,30.0,False,Pointer Move (unknown)
1786100604.458636,577,566,Mac_TrackPad_iso-block-2-trial-9-target-5,579.0,591.0,30.0,False,Pointer Move (unknown)
1786100604.466795,574,570,Mac_TrackPad_iso-block-2-trial-9-target-5,579.0,591.0,30.0,False,Pointer Move (unknown)
1786100604.474607,571,573,Mac_TrackPad_iso-block-2-trial-9-target-5,579.0,591.0,30.0,False,Pointer Move (unknown)
1786100604.482676,569,578,Mac_TrackPad_iso-block-2-trial-9-target-5,579.0,591.0,30.0,False,Pointer Move (unknown)
1786100604.490773,566,582,Mac_TrackPad_iso-block-2-trial-9-target-5,579.0,591.0,30.0,False,Pointer Move (unknown)
1786100604.499016,564,585,Mac_TrackPad_iso-block-2-trial-9-target-5,579.0,591.0,30.0,False,Pointer Move (unknown)
1786100604.507082,563,587,Mac_TrackPad_iso-block-2-trial-9-target-5,579.0,591.0,30.0,False,Pointer Move (unknown)
1786100604.51721,562,589,Mac_TrackPad_iso-block-2-trial-9-target-5,579.0,591.0,30.0,False,Pointer Move (unknown)
1786100604.523021,562,590,Mac_TrackPad_iso-block-2-trial-9-target-5,579.0,591.0,30.0,False,Pointer Move (unknown)
1786100604.531095,562,591,Mac_TrackPad_iso-block-2-trial-9-target-5,579.0,591.0,30.0,False,Pointer Move (unknown)
1786100604.5398989,561,592,Mac_TrackPad_iso-block-2-trial-9-target-5,579.0,591.0,30.0,False,Pointer Move (unknown)
1786100604.547698,561,594,Mac_TrackPad_iso-block-2-trial-9-target-5,579.0,591.0,30.0,False,Pointer Move (unknown)
1786100604.555955,561,595,Mac_TrackPad_iso-block-2-trial-9-target-5,579.0,591.0,30.0,False,Pointer Move (unknown)
1786100604.5635252,561,596,Mac_TrackPad_iso-block-2-trial-9-target-5,579.0,591.0,30.0,False,Pointer Move (unknown)
1786100604.571541,561,598,Mac_TrackPad_iso-block-2-trial-9-target-5,579.0,591.0,30.0,False,Pointer Move (unknown)
1786100604.580224,561,599,Mac_TrackPad_iso-block-2-trial-9-target-5,579.0,591.0,30.0,False,Pointer Move (unknown)
1786100604.588004,561,600,Mac_TrackPad_iso-block-2-trial-9-target-5,579.0,591.0,30.0,False,Pointer Move (unknown)
1786100604.59583,561,602,Mac_TrackPad_iso-block-2-trial-9-target-5,579.0,591.0,30.0,False,Pointer Move (unknown)
1786100604.604091,561,603,Mac_TrackPad_iso-block-2-trial-9-target-5,579.0,591.0,30.0,False,Pointer Move (unknown)
1786100604.612133,561,604,Mac_TrackPad_iso-block-2-trial-9-target-5,579.0,591.0,30.0,False,Pointer Move (unknown)
1786100604.620351,561,604,Mac_TrackPad_iso-block-2-trial-9-target-5,579.0,591.0,30.0,False,Pointer Move (unknown)
1786100604.6283991,561,605,Mac_TrackPad_iso-block-2-trial-9-target-5,579.0,591.0,30.0,False,Pointer Move (unknown)
1786100604.636553,561,606,Mac_TrackPad_iso-block-2-trial-9-target-5,579.0,591.0,30.0,False,Pointer Move (unknown)
1786100604.644537,561,606,Mac_TrackPad_iso-block-2-trial-9-target-5,579.0,591.0,30.0,False,Pointer Move (unknown)
1786100604.652554,561,606,Mac_TrackPad_iso-block-2-trial-9-target-5,579.0,591.0,30.0,False,Pointer Move (unknown)
1786100604.6606688,561,607,Mac_TrackPad_iso-block-2-trial-9-target-5,579.0,591.0,30.0,False,Pointer Move (unknown)
1786100604.676894,561,607,Mac_TrackPad_iso-block-2-trial-9-target-5,579.0,591.0,30.0,False,Pointer Move (unknown)
1786100604.684905,561,607,Mac_TrackPad_iso-block-2-trial-9-target-5,579.0,591.0,30.0,False,Pointer Move (unknown)
1786100604.709255,561,608,Mac_TrackPad_iso-block-2-trial-9-target-5,579.0,591.0,30.0,False,Pointer Move (unknown)
1786100604.727024,561,608,Mac_TrackPad_iso-block-2-trial-9-target-5,579.0,591.0,30.0,target_selected,target_selected
1786100604.968263,561,607,Mac_TrackPad_iso-block-2-trial-10-target-1,861.0,309.0,30.0,False,Pointer Move (unknown)
1786100604.976056,566,602,Mac_TrackPad_iso-block-2-trial-10-target-1,861.0,309.0,30.0,False,Pointer Move (unknown)
1786100604.984203,572,595,Mac_TrackPad_iso-block-2-trial-10-target-1,861.0,309.0,30.0,False,Pointer Move (unknown)
1786100604.9923031,583,584,Mac_TrackPad_iso-block-2-trial-10-target-1,861.0,309.0,30.0,False,Pointer Move (unknown)
1786100604.999995,592,576,Mac_TrackPad_iso-block-2-trial-10-target-1,861.0,309.0,30.0,False,Pointer Move (unknown)
1786100605.008267,606,561,Mac_TrackPad_iso-block-2-trial-10-target-1,861.0,309.0,30.0,False,Pointer Move (unknown)
1786100605.016531,620,549,Mac_TrackPad_iso-block-2-trial-10-target-1,861.0,309.0,30.0,False,Pointer Move (unknown)
1786100605.024672,633,537,Mac_TrackPad_iso-block-2-trial-10-target-1,861.0,309.0,30.0,False,Pointer Move (unknown)
1786100605.032823,644,526,Mac_TrackPad_iso-block-2-trial-10-target-1,861.0,309.0,30.0,False,Pointer Move (unknown)
1786100605.040687,655,516,Mac_TrackPad_iso-block-2-trial-10-target-1,861.0,309.0,30.0,False,Pointer Move (unknown)
1786100605.0487418,664,505,Mac_TrackPad_iso-block-2-trial-10-target-1,861.0,309.0,30.0,False,Pointer Move (unknown)
1786100605.056842,676,491,Mac_TrackPad_iso-block-2-trial-10-target-1,861.0,309.0,30.0,False,Pointer Move (unknown)
1786100605.064926,685,483,Mac_TrackPad_iso-block-2-trial-10-target-1,861.0,309.0,30.0,False,Pointer Move (unknown)
1786100605.072906,695,472,Mac_TrackPad_iso-block-2-trial-10-target-1,861.0,309.0,30.0,False,Pointer Move (unknown)
1786100605.080908,706,463,Mac_TrackPad_iso-block-2-trial-10-target-1,861.0,309.0,30.0,False,Pointer Move (unknown)
1786100605.089309,717,452,Mac_TrackPad_iso-block-2-trial-10-target-1,861.0,309.0,30.0,False,Pointer Move (unknown)
1786100605.0975711,719,451,Mac_TrackPad_iso-block-2-trial-10-target-1,861.0,309.0,30.0,False,Pointer Move (unknown)
1786100605.105823,727,442,Mac_TrackPad_iso-block-2-trial-10-target-1,861.0,309.0,30.0,False,Pointer Move (unknown)
1786100605.113559,733,438,Mac_TrackPad_iso-block-2-trial-10-target-1,861.0,309.0,30.0,False,Pointer Move (unknown)
1786100605.1216798,737,434,Mac_TrackPad_iso-block-2-trial-10-target-1,861.0,309.0,30.0,False,Pointer Move (unknown)
1786100605.129792,742,430,Mac_TrackPad_iso-block-2-trial-10-target-1,861.0,309.0,30.0,False,Pointer Move (unknown)
1786100605.1378539,746,426,Mac_TrackPad_iso-block-2-trial-10-target-1,861.0,309.0,30.0,False,Pointer Move (unknown)
1786100605.146228,749,424,Mac_TrackPad_iso-block-2-trial-10-target-1,861.0,309.0,30.0,False,Pointer Move (unknown)
1786100605.154006,757,418,Mac_TrackPad_iso-block-2-trial-10-target-1,861.0,309.0,30.0,False,Pointer Move (unknown)
1786100605.1616662,759,416,Mac_TrackPad_iso-block-2-trial-10-target-1,861.0,309.0,30.0,False,Pointer Move (unknown)
1786100605.170016,763,413,Mac_TrackPad_iso-block-2-trial-10-target-1,861.0,309.0,30.0,False,Pointer Move (unknown)
1786100605.178024,768,408,Mac_TrackPad_iso-block-2-trial-10-target-1,861.0,309.0,30.0,False,Pointer Move (unknown)
1786100605.1859,772,405,Mac_TrackPad_iso-block-2-trial-10-target-1,861.0,309.0,30.0,False,Pointer Move (unknown)
1786100605.1944141,776,402,Mac_TrackPad_iso-block-2-trial-10-target-1,861.0,309.0,30.0,False,Pointer Move (unknown)
1786100605.202454,780,400,Mac_TrackPad_iso-block-2-trial-10-target-1,861.0,309.0,30.0,False,Pointer Move (unknown)
1786100605.210527,782,397,Mac_TrackPad_iso-block-2-trial-10-target-1,861.0,309.0,30.0,False,Pointer Move (unknown)
1786100605.218576,784,396,Mac_TrackPad_iso-block-2-trial-10-target-1,861.0,309.0,30.0,False,Pointer Move (unknown)
1786100605.2270222,786,394,Mac_TrackPad_iso-block-2-trial-10-target-1,861.0,309.0,30.0,False,Pointer Move (unknown)
1786100605.234828,787,394,Mac_TrackPad_iso-block-2-trial-10-target-1,861.0,309.0,30.0,False,Pointer Move (unknown)
1786100605.242856,788,393,Mac_TrackPad_iso-block-2-trial-10-target-1,861.0,309.0,30.0,False,Pointer Move (unknown)
1786100605.2509031,789,392,Mac_TrackPad_iso-block-2-trial-10-target-1,861.0,309.0,30.0,False,Pointer Move (unknown)
1786100605.25893,790,392,Mac_TrackPad_iso-block-2-trial-10-target-1,861.0,309.0,30.0,False,Pointer Move (unknown)
1786100605.267343,791,391,Mac_TrackPad_iso-block-2-trial-10-target-1,861.0,309.0,30.0,False,Pointer Move (unknown)
1786100605.275149,792,391,Mac_TrackPad_iso-block-2-trial-10-target-1,861.0,309.0,30.0,False,Pointer Move (unknown)
1786100605.283367,793,390,Mac_TrackPad_iso-block-2-trial-10-target-1,861.0,309.0,30.0,False,Pointer Move (unknown)
1786100605.2913651,795,389,Mac_TrackPad_iso-block-2-trial-10-target-1,861.0,309.0,30.0,False,Pointer Move (unknown)
1786100605.299674,797,388,Mac_TrackPad_iso-block-2-trial-10-target-1,861.0,309.0,30.0,False,Pointer Move (unknown)
1786100605.307636,799,387,Mac_TrackPad_iso-block-2-trial-10-target-1,861.0,309.0,30.0,False,Pointer Move (unknown)
1786100605.315702,800,386,Mac_TrackPad_iso-block-2-trial-10-target-1,861.0,309.0,30.0,False,Pointer Move (unknown)
1786100605.3235881,802,385,Mac_TrackPad_iso-block-2-trial-10-target-1,861.0,309.0,30.0,False,Pointer Move (unknown)
1786100605.331614,804,382,Mac_TrackPad_iso-block-2-trial-10-target-1,861.0,309.0,30.0,False,Pointer Move (unknown)
1786100605.339784,806,381,Mac_TrackPad_iso-block-2-trial-10-target-1,861.0,309.0,30.0,False,Pointer Move (unknown)
1786100605.347921,808,380,Mac_TrackPad_iso-block-2-trial-10-target-1,861.0,309.0,30.0,False,Pointer Move (unknown)
1786100605.3559291,810,377,Mac_TrackPad_iso-block-2-trial-10-target-1,861.0,309.0,30.0,False,Pointer Move (unknown)
1786100605.3642821,814,374,Mac_TrackPad_iso-block-2-trial-10-target-1,861.0,309.0,30.0,False,Pointer Move (unknown)
1786100605.372319,817,371,Mac_TrackPad_iso-block-2-trial-10-target-1,861.0,309.0,30.0,False,Pointer Move (unknown)
1786100605.380316,821,368,Mac_TrackPad_iso-block-2-trial-10-target-1,861.0,309.0,30.0,False,Pointer Move (unknown)
1786100605.38852,823,365,Mac_TrackPad_iso-block-2-trial-10-target-1,861.0,309.0,30.0,False,Pointer Move (unknown)
1786100605.3965042,825,363,Mac_TrackPad_iso-block-2-trial-10-target-1,861.0,309.0,30.0,False,Pointer Move (unknown)
1786100605.40472,828,359,Mac_TrackPad_iso-block-2-trial-10-target-1,861.0,309.0,30.0,False,Pointer Move (unknown)
1786100605.41267,830,357,Mac_TrackPad_iso-block-2-trial-10-target-1,861.0,309.0,30.0,False,Pointer Move (unknown)
1786100605.420792,831,355,Mac_TrackPad_iso-block-2-trial-10-target-1,861.0,309.0,30.0,False,Pointer Move (unknown)
1786100605.4292932,832,354,Mac_TrackPad_iso-block-2-trial-10-target-1,861.0,309.0,30.0,False,Pointer Move (unknown)
1786100605.4371479,833,353,Mac_TrackPad_iso-block-2-trial-10-target-1,861.0,309.0,30.0,False,Pointer Move (unknown)
1786100605.4453719,834,352,Mac_TrackPad_iso-block-2-trial-10-target-1,861.0,309.0,30.0,False,Pointer Move (unknown)
1786100605.4533582,834,351,Mac_TrackPad_iso-block-2-trial-10-target-1,861.0,309.0,30.0,False,Pointer Move (unknown)
1786100605.4612842,835,351,Mac_TrackPad_iso-block-2-trial-10-target-1,861.0,309.0,30.0,False,Pointer Move (unknown)
1786100605.469424,835,351,Mac_TrackPad_iso-block-2-trial-10-target-1,861.0,309.0,30.0,False,Pointer Move (unknown)
1786100605.47752,836,350,Mac_TrackPad_iso-block-2-trial-10-target-1,861.0,309.0,30.0,False,Pointer Move (unknown)
1786100605.485537,836,350,Mac_TrackPad_iso-block-2-trial-10-target-1,861.0,309.0,30.0,False,Pointer Move (unknown)
1786100605.493502,836,349,Mac_TrackPad_iso-block-2-trial-10-target-1,861.0,309.0,30.0,False,Pointer Move (unknown)
1786100605.501504,837,349,Mac_TrackPad_iso-block-2-trial-10-target-1,861.0,309.0,30.0,False,Pointer Move (unknown)
1786100605.509871,837,348,Mac_TrackPad_iso-block-2-trial-10-target-1,861.0,309.0,30.0,False,Pointer Move (unknown)
1786100605.518092,838,348,Mac_TrackPad_iso-block-2-trial-10-target-1,861.0,309.0,30.0,False,Pointer Move (unknown)
1786100605.5261881,839,347,Mac_TrackPad_iso-block-2-trial-10-target-1,861.0,309.0,30.0,False,Pointer Move (unknown)
1786100605.533966,839,346,Mac_TrackPad_iso-block-2-trial-10-target-1,861.0,309.0,30.0,False,Pointer Move (unknown)
1786100605.54222,840,344,Mac_TrackPad_iso-block-2-trial-10-target-1,861.0,309.0,30.0,False,Pointer Move (unknown)
1786100605.550451,841,344,Mac_TrackPad_iso-block-2-trial-10-target-1,861.0,309.0,30.0,False,Pointer Move (unknown)
1786100605.558534,841,343,Mac_TrackPad_iso-block-2-trial-10-target-1,861.0,309.0,30.0,False,Pointer Move (unknown)
1786100605.566688,841,343,Mac_TrackPad_iso-block-2-trial-10-target-1,861.0,309.0,30.0,False,Pointer Move (unknown)
1786100605.574537,842,342,Mac_TrackPad_iso-block-2-trial-10-target-1,861.0,309.0,30.0,False,Pointer Move (unknown)
1786100605.582706,842,342,Mac_TrackPad_iso-block-2-trial-10-target-1,861.0,309.0,30.0,False,Pointer Move (unknown)
1786100605.5906382,843,342,Mac_TrackPad_iso-block-2-trial-10-target-1,861.0,309.0,30.0,False,Pointer Move (unknown)
1786100605.598787,843,342,Mac_TrackPad_iso-block-2-trial-10-target-1,861.0,309.0,30.0,False,Pointer Move (unknown)
1786100605.606923,843,341,Mac_TrackPad_iso-block-2-trial-10-target-1,861.0,309.0,30.0,False,Pointer Move (unknown)
1786100605.615087,844,340,Mac_TrackPad_iso-block-2-trial-10-target-1,861.0,309.0,30.0,False,Pointer Move (unknown)
1786100605.62367,846,338,Mac_TrackPad_iso-block-2-trial-10-target-1,861.0,309.0,30.0,False,Pointer Move (unknown)
1786100605.632112,848,335,Mac_TrackPad_iso-block-2-trial-10-target-1,861.0,309.0,30.0,False,Pointer Move (unknown)
1786100605.639144,850,333,Mac_TrackPad_iso-block-2-trial-10-target-1,861.0,309.0,30.0,False,Pointer Move (unknown)
1786100605.646943,852,331,Mac_TrackPad_iso-block-2-trial-10-target-1,861.0,309.0,30.0,False,Pointer Move (unknown)
1786100605.6552699,853,330,Mac_TrackPad_iso-block-2-trial-10-target-1,861.0,309.0,30.0,False,Pointer Move (unknown)
1786100605.663274,855,328,Mac_TrackPad_iso-block-2-trial-10-target-1,861.0,309.0,30.0,False,Pointer Move (unknown)
1786100605.671665,855,327,Mac_TrackPad_iso-block-2-trial-10-target-1,861.0,309.0,30.0,False,Pointer Move (unknown)
1786100605.679626,856,326,Mac_TrackPad_iso-block-2-trial-10-target-1,861.0,309.0,30.0,False,Pointer Move (unknown)
1786100605.687776,856,325,Mac_TrackPad_iso-block-2-trial-10-target-1,861.0,309.0,30.0,False,Pointer Move (unknown)
1786100605.695883,856,324,Mac_TrackPad_iso-block-2-trial-10-target-1,861.0,309.0,30.0,False,Pointer Move (unknown)
1786100605.703873,857,324,Mac_TrackPad_iso-block-2-trial-10-target-1,861.0,309.0,30.0,False,Pointer Move (unknown)
1786100605.711949,857,323,Mac_TrackPad_iso-block-2-trial-10-target-1,861.0,309.0,30.0,False,Pointer Move (unknown)
1786100605.728087,857,323,Mac_TrackPad_iso-block-2-trial-10-target-1,861.0,309.0,30.0,False,Pointer Move (unknown)
1786100605.744071,857,323,Mac_TrackPad_iso-block-2-trial-10-target-1,861.0,309.0,30.0,False,Pointer Move (unknown)
1786100605.768522,857,322,Mac_TrackPad_iso-block-2-trial-10-target-1,861.0,309.0,30.0,False,Pointer Move (unknown)
1786100605.792834,857,322,Mac_TrackPad_iso-block-2-trial-10-target-1,861.0,309.0,30.0,False,Pointer Move (unknown)
1786100605.8093388,857,322,Mac_TrackPad_iso-block-2-trial-10-target-1,861.0,309.0,30.0,False,Pointer Move (unknown)
1786100605.825021,857,322,Mac_TrackPad_iso-block-2-trial-10-target-1,861.0,309.0,30.0,False,Pointer Move (unknown)
1786100605.84145,857,321,Mac_TrackPad_iso-block-2-trial-10-target-1,861.0,309.0,30.0,False,Pointer Move (unknown)
1786100605.849625,857,321,Mac_TrackPad_iso-block-2-trial-10-target-1,861.0,309.0,30.0,False,Pointer Move (unknown)
1786100605.874053,857,321,Mac_TrackPad_iso-block-2-trial-10-target-1,861.0,309.0,30.0,False,Pointer Move (unknown)
1786100605.910553,857,321,Mac_TrackPad_iso-block-2-trial-10-target-1,861.0,309.0,30.0,target_selected,target_selected
1786100606.051626,857,320,Mac_TrackPad_iso-block-2-trial-11-target-5,579.0,591.0,30.0,False,Pointer Move (unknown)
1786100606.0596359,856,322,Mac_TrackPad_iso-block-2-trial-11-target-5,579.0,591.0,30.0,False,Pointer Move (unknown)
1786100606.0675042,851,328,Mac_TrackPad_iso-block-2-trial-11-target-5,579.0,591.0,30.0,False,Pointer Move (unknown)
1786100606.076171,846,332,Mac_TrackPad_iso-block-2-trial-11-target-5,579.0,591.0,30.0,False,Pointer Move (unknown)
1786100606.0832782,839,340,Mac_TrackPad_iso-block-2-trial-11-target-5,579.0,591.0,30.0,False,Pointer Move (unknown)
1786100606.092716,831,348,Mac_TrackPad_iso-block-2-trial-11-target-5,579.0,591.0,30.0,False,Pointer Move (unknown)
1786100606.099992,819,362,Mac_TrackPad_iso-block-2-trial-11-target-5,579.0,591.0,30.0,False,Pointer Move (unknown)
1786100606.10865,795,391,Mac_TrackPad_iso-block-2-trial-11-target-5,579.0,591.0,30.0,False,Pointer Move (unknown)
1786100606.117237,779,411,Mac_TrackPad_iso-block-2-trial-11-target-5,579.0,591.0,30.0,False,Pointer Move (unknown)
1786100606.124464,761,429,Mac_TrackPad_iso-block-2-trial-11-target-5,579.0,591.0,30.0,False,Pointer Move (unknown)
1786100606.13242,755,436,Mac_TrackPad_iso-block-2-trial-11-target-5,579.0,591.0,30.0,False,Pointer Move (unknown)
1786100606.140348,739,456,Mac_TrackPad_iso-block-2-trial-11-target-5,579.0,591.0,30.0,False,Pointer Move (unknown)
1786100606.148515,721,474,Mac_TrackPad_iso-block-2-trial-11-target-5,579.0,591.0,30.0,False,Pointer Move (unknown)
1786100606.1564841,705,492,Mac_TrackPad_iso-block-2-trial-11-target-5,579.0,591.0,30.0,False,Pointer Move (unknown)
1786100606.164407,692,509,Mac_TrackPad_iso-block-2-trial-11-target-5,579.0,591.0,30.0,False,Pointer Move (unknown)
1786100606.172423,678,520,Mac_TrackPad_iso-block-2-trial-11-target-5,579.0,591.0,30.0,False,Pointer Move (unknown)
1786100606.180616,668,531,Mac_TrackPad_iso-block-2-trial-11-target-5,579.0,591.0,30.0,False,Pointer Move (unknown)
1786100606.188958,658,542,Mac_TrackPad_iso-block-2-trial-11-target-5,579.0,591.0,30.0,False,Pointer Move (unknown)
1786100606.1971898,655,546,Mac_TrackPad_iso-block-2-trial-11-target-5,579.0,591.0,30.0,False,Pointer Move (unknown)
1786100606.2057788,649,552,Mac_TrackPad_iso-block-2-trial-11-target-5,579.0,591.0,30.0,False,Pointer Move (unknown)
1786100606.2136168,645,558,Mac_TrackPad_iso-block-2-trial-11-target-5,579.0,591.0,30.0,False,Pointer Move (unknown)
1786100606.221483,641,561,Mac_TrackPad_iso-block-2-trial-11-target-5,579.0,591.0,30.0,False,Pointer Move (unknown)
1786100606.229621,639,564,Mac_TrackPad_iso-block-2-trial-11-target-5,579.0,591.0,30.0,False,Pointer Move (unknown)
1786100606.237961,637,566,Mac_TrackPad_iso-block-2-trial-11-target-5,579.0,591.0,30.0,False,Pointer Move (unknown)
1786100606.245989,635,567,Mac_TrackPad_iso-block-2-trial-11-target-5,579.0,591.0,30.0,False,Pointer Move (unknown)
1786100606.254049,635,568,Mac_TrackPad_iso-block-2-trial-11-target-5,579.0,591.0,30.0,False,Pointer Move (unknown)
1786100606.262003,634,569,Mac_TrackPad_iso-block-2-trial-11-target-5,579.0,591.0,30.0,False,Pointer Move (unknown)
1786100606.270166,633,569,Mac_TrackPad_iso-block-2-trial-11-target-5,579.0,591.0,30.0,False,Pointer Move (unknown)
1786100606.278191,633,569,Mac_TrackPad_iso-block-2-trial-11-target-5,579.0,591.0,30.0,False,Pointer Move (unknown)
1786100606.286239,632,571,Mac_TrackPad_iso-block-2-trial-11-target-5,579.0,591.0,30.0,False,Pointer Move (unknown)
1786100606.294297,631,571,Mac_TrackPad_iso-block-2-trial-11-target-5,579.0,591.0,30.0,False,Pointer Move (unknown)
1786100606.302295,629,572,Mac_TrackPad_iso-block-2-trial-11-target-5,579.0,591.0,30.0,False,Pointer Move (unknown)
1786100606.3104372,628,573,Mac_TrackPad_iso-block-2-trial-11-target-5,579.0,591.0,30.0,False,Pointer Move (unknown)
1786100606.318764,627,575,Mac_TrackPad_iso-block-2-trial-11-target-5,579.0,591.0,30.0,False,Pointer Move (unknown)
1786100606.32669,626,575,Mac_TrackPad_iso-block-2-trial-11-target-5,579.0,591.0,30.0,False,Pointer Move (unknown)
1786100606.3347042,625,576,Mac_TrackPad_iso-block-2-trial-11-target-5,579.0,591.0,30.0,False,Pointer Move (unknown)
1786100606.3426921,624,577,Mac_TrackPad_iso-block-2-trial-11-target-5,579.0,591.0,30.0,False,Pointer Move (unknown)
1786100606.350882,624,577,Mac_TrackPad_iso-block-2-trial-11-target-5,579.0,591.0,30.0,False,Pointer Move (unknown)
1786100606.3591192,623,578,Mac_TrackPad_iso-block-2-trial-11-target-5,579.0,591.0,30.0,False,Pointer Move (unknown)
1786100606.3677921,622,578,Mac_TrackPad_iso-block-2-trial-11-target-5,579.0,591.0,30.0,False,Pointer Move (unknown)
1786100606.3752441,622,578,Mac_TrackPad_iso-block-2-trial-11-target-5,579.0,591.0,30.0,False,Pointer Move (unknown)
1786100606.38338,621,578,Mac_TrackPad_iso-block-2-trial-11-target-5,579.0,591.0,30.0,False,Pointer Move (unknown)
1786100606.39149,621,579,Mac_TrackPad_iso-block-2-trial-11-target-5,579.0,591.0,30.0,False,Pointer Move (unknown)
1786100606.407725,621,579,Mac_TrackPad_iso-block-2-trial-11-target-5,579.0,591.0,30.0,False,Pointer Move (unknown)
1786100606.4157639,620,579,Mac_TrackPad_iso-block-2-trial-11-target-5,579.0,591.0,30.0,False,Pointer Move (unknown)
1786100606.42419,620,579,Mac_TrackPad_iso-block-2-trial-11-target-5,579.0,591.0,30.0,False,Pointer Move (unknown)
1786100606.440382,620,579,Mac_TrackPad_iso-block-2-trial-11-target-5,579.0,591.0,30.0,False,Pointer Move (unknown)
1786100606.448489,619,579,Mac_TrackPad_iso-block-2-trial-11-target-5,579.0,591.0,30.0,False,Pointer Move (unknown)
1786100606.4565692,619,579,Mac_TrackPad_iso-block-2-trial-11-target-5,579.0,591.0,30.0,False,Pointer Move (unknown)
1786100606.4646761,618,579,Mac_TrackPad_iso-block-2-trial-11-target-5,579.0,591.0,30.0,False,Pointer Move (unknown)
1786100606.472695,618,579,Mac_TrackPad_iso-block-2-trial-11-target-5,579.0,591.0,30.0,False,Pointer Move (unknown)
1786100606.480768,618,579,Mac_TrackPad_iso-block-2-trial-11-target-5,579.0,591.0,30.0,False,Pointer Move (unknown)
1786100606.488827,617,579,Mac_TrackPad_iso-block-2-trial-11-target-5,579.0,591.0,30.0,False,Pointer Move (unknown)
1786100606.4971368,616,580,Mac_TrackPad_iso-block-2-trial-11-target-5,579.0,591.0,30.0,False,Pointer Move (unknown)
1786100606.50475,614,581,Mac_TrackPad_iso-block-2-trial-11-target-5,579.0,591.0,30.0,False,Pointer Move (unknown)
1786100606.512966,612,581,Mac_TrackPad_iso-block-2-trial-11-target-5,579.0,591.0,30.0,False,Pointer Move (unknown)
1786100606.521146,609,582,Mac_TrackPad_iso-block-2-trial-11-target-5,579.0,591.0,30.0,False,Pointer Move (unknown)
1786100606.530022,607,583,Mac_TrackPad_iso-block-2-trial-11-target-5,579.0,591.0,30.0,False,Pointer Move (unknown)
1786100606.537218,605,583,Mac_TrackPad_iso-block-2-trial-11-target-5,579.0,591.0,30.0,False,Pointer Move (unknown)
1786100606.545418,604,584,Mac_TrackPad_iso-block-2-trial-11-target-5,579.0,591.0,30.0,False,Pointer Move (unknown)
1786100606.553895,602,585,Mac_TrackPad_iso-block-2-trial-11-target-5,579.0,591.0,30.0,False,Pointer Move (unknown)
1786100606.5617359,601,585,Mac_TrackPad_iso-block-2-trial-11-target-5,579.0,591.0,30.0,False,Pointer Move (unknown)
1786100606.569706,600,585,Mac_TrackPad_iso-block-2-trial-11-target-5,579.0,591.0,30.0,False,Pointer Move (unknown)
1786100606.577878,599,585,Mac_TrackPad_iso-block-2-trial-11-target-5,579.0,591.0,30.0,False,Pointer Move (unknown)
1786100606.5858939,599,585,Mac_TrackPad_iso-block-2-trial-11-target-5,579.0,591.0,30.0,False,Pointer Move (unknown)
1786100606.5938911,598,586,Mac_TrackPad_iso-block-2-trial-11-target-5,579.0,591.0,30.0,False,Pointer Move (unknown)
1786100606.601888,598,586,Mac_TrackPad_iso-block-2-trial-11-target-5,579.0,591.0,30.0,False,Pointer Move (unknown)
1786100606.619792,598,586,Mac_TrackPad_iso-block-2-trial-11-target-5,579.0,591.0,30.0,False,Pointer Move (unknown)
1786100606.642499,597,586,Mac_TrackPad_iso-block-2-trial-11-target-5,579.0,591.0,30.0,False,Pointer Move (unknown)
1786100606.658591,597,586,Mac_TrackPad_iso-block-2-trial-11-target-5,579.0,591.0,30.0,False,Pointer Move (unknown)
1786100606.6746612,597,586,Mac_TrackPad_iso-block-2-trial-11-target-5,579.0,591.0,30.0,False,Pointer Move (unknown)
1786100606.690921,596,586,Mac_TrackPad_iso-block-2-trial-11-target-5,579.0,591.0,30.0,False,Pointer Move (unknown)
1786100606.706934,596,586,Mac_TrackPad_iso-block-2-trial-11-target-5,579.0,591.0,30.0,False,Pointer Move (unknown)
1786100606.7234828,596,586,Mac_TrackPad_iso-block-2-trial-11-target-5,579.0,591.0,30.0,False,Pointer Move (unknown)
1786100606.739417,595,586,Mac_TrackPad_iso-block-2-trial-11-target-5,579.0,591.0,30.0,False,Pointer Move (unknown)
1786100606.760941,595,586,Mac_TrackPad_iso-block-2-trial-11-target-5,579.0,591.0,30.0,target_selected,target_selected
1786100606.949783,597,585,Mac_TrackPad_iso-block-2-trial-12-target-1,861.0,309.0,30.0,False,Pointer Move (unknown)
1786100606.957557,603,582,Mac_TrackPad_iso-block-2-trial-12-target-1,861.0,309.0,30.0,False,Pointer Move (unknown)
1786100606.966443,611,577,Mac_TrackPad_iso-block-2-trial-12-target-1,861.0,309.0,30.0,False,Pointer Move (unknown)
1786100606.9739368,620,571,Mac_TrackPad_iso-block-2-trial-12-target-1,861.0,309.0,30.0,False,Pointer Move (unknown)
1786100606.981826,632,566,Mac_TrackPad_iso-block-2-trial-12-target-1,861.0,309.0,30.0,False,Pointer Move (unknown)
1786100606.990031,644,558,Mac_TrackPad_iso-block-2-trial-12-target-1,861.0,309.0,30.0,False,Pointer Move (unknown)
1786100606.998057,656,550,Mac_TrackPad_iso-block-2-trial-12-target-1,861.0,309.0,30.0,False,Pointer Move (unknown)
1786100607.006054,670,544,Mac_TrackPad_iso-block-2-trial-12-target-1,861.0,309.0,30.0,False,Pointer Move (unknown)
1786100607.0142012,684,538,Mac_TrackPad_iso-block-2-trial-12-target-1,861.0,309.0,30.0,False,Pointer Move (unknown)
1786100607.022472,696,530,Mac_TrackPad_iso-block-2-trial-12-target-1,861.0,309.0,30.0,False,Pointer Move (unknown)
1786100607.030561,700,529,Mac_TrackPad_iso-block-2-trial-12-target-1,861.0,309.0,30.0,False,Pointer Move (unknown)
1786100607.038392,707,524,Mac_TrackPad_iso-block-2-trial-12-target-1,861.0,309.0,30.0,False,Pointer Move (unknown)
1786100607.046846,715,519,Mac_TrackPad_iso-block-2-trial-12-target-1,861.0,309.0,30.0,False,Pointer Move (unknown)
1786100607.055042,719,517,Mac_TrackPad_iso-block-2-trial-12-target-1,861.0,309.0,30.0,False,Pointer Move (unknown)
1786100607.0628228,724,514,Mac_TrackPad_iso-block-2-trial-12-target-1,861.0,309.0,30.0,False,Pointer Move (unknown)
1786100607.070863,728,510,Mac_TrackPad_iso-block-2-trial-12-target-1,861.0,309.0,30.0,False,Pointer Move (unknown)
1786100607.078846,736,504,Mac_TrackPad_iso-block-2-trial-12-target-1,861.0,309.0,30.0,False,Pointer Move (unknown)
1786100607.087052,739,501,Mac_TrackPad_iso-block-2-trial-12-target-1,861.0,309.0,30.0,False,Pointer Move (unknown)
1786100607.094923,744,495,Mac_TrackPad_iso-block-2-trial-12-target-1,861.0,309.0,30.0,False,Pointer Move (unknown)
1786100607.103253,748,491,Mac_TrackPad_iso-block-2-trial-12-target-1,861.0,309.0,30.0,False,Pointer Move (unknown)
1786100607.111047,752,488,Mac_TrackPad_iso-block-2-trial-12-target-1,861.0,309.0,30.0,False,Pointer Move (unknown)
1786100607.119574,756,483,Mac_TrackPad_iso-block-2-trial-12-target-1,861.0,309.0,30.0,False,Pointer Move (unknown)
1786100607.127808,766,476,Mac_TrackPad_iso-block-2-trial-12-target-1,861.0,309.0,30.0,False,Pointer Move (unknown)
1786100607.1359801,767,473,Mac_TrackPad_iso-block-2-trial-12-target-1,861.0,309.0,30.0,False,Pointer Move (unknown)
1786100607.1446762,773,468,Mac_TrackPad_iso-block-2-trial-12-target-1,861.0,309.0,30.0,False,Pointer Move (unknown)
1786100607.1520052,777,464,Mac_TrackPad_iso-block-2-trial-12-target-1,861.0,309.0,30.0,False,Pointer Move (unknown)
1786100607.159903,781,459,Mac_TrackPad_iso-block-2-trial-12-target-1,861.0,309.0,30.0,False,Pointer Move (unknown)
1786100607.1681411,784,455,Mac_TrackPad_iso-block-2-trial-12-target-1,861.0,309.0,30.0,False,Pointer Move (unknown)
1786100607.176072,788,450,Mac_TrackPad_iso-block-2-trial-12-target-1,861.0,309.0,30.0,False,Pointer Move (unknown)
1786100607.184147,791,446,Mac_TrackPad_iso-block-2-trial-12-target-1,861.0,309.0,30.0,False,Pointer Move (unknown)
1786100607.192128,794,442,Mac_TrackPad_iso-block-2-trial-12-target-1,861.0,309.0,30.0,False,Pointer Move (unknown)
1786100607.200277,797,437,Mac_TrackPad_iso-block-2-trial-12-target-1,861.0,309.0,30.0,False,Pointer Move (unknown)
1786100607.208663,799,434,Mac_TrackPad_iso-block-2-trial-12-target-1,861.0,309.0,30.0,False,Pointer Move (unknown)
1786100607.216612,801,430,Mac_TrackPad_iso-block-2-trial-12-target-1,861.0,309.0,30.0,False,Pointer Move (unknown)
1786100607.2246761,803,425,Mac_TrackPad_iso-block-2-trial-12-target-1,861.0,309.0,30.0,False,Pointer Move (unknown)
1786100607.23314,805,422,Mac_TrackPad_iso-block-2-trial-12-target-1,861.0,309.0,30.0,False,Pointer Move (unknown)
1786100607.240729,807,419,Mac_TrackPad_iso-block-2-trial-12-target-1,861.0,309.0,30.0,False,Pointer Move (unknown)
1786100607.248933,809,414,Mac_TrackPad_iso-block-2-trial-12-target-1,861.0,309.0,30.0,False,Pointer Move (unknown)
1786100607.256947,811,411,Mac_TrackPad_iso-block-2-trial-12-target-1,861.0,309.0,30.0,False,Pointer Move (unknown)
1786100607.265188,814,407,Mac_TrackPad_iso-block-2-trial-12-target-1,861.0,309.0,30.0,False,Pointer Move (unknown)
1786100607.272925,816,404,Mac_TrackPad_iso-block-2-trial-12-target-1,861.0,309.0,30.0,False,Pointer Move (unknown)
1786100607.281132,818,399,Mac_TrackPad_iso-block-2-trial-12-target-1,861.0,309.0,30.0,False,Pointer Move (unknown)
1786100607.2893498,820,396,Mac_TrackPad_iso-block-2-trial-12-target-1,861.0,309.0,30.0,False,Pointer Move (unknown)
1786100607.297212,823,392,Mac_TrackPad_iso-block-2-trial-12-target-1,861.0,309.0,30.0,False,Pointer Move (unknown)
1786100607.305344,825,388,Mac_TrackPad_iso-block-2-trial-12-target-1,861.0,309.0,30.0,False,Pointer Move (unknown)
1786100607.313351,827,385,Mac_TrackPad_iso-block-2-trial-12-target-1,861.0,309.0,30.0,False,Pointer Move (unknown)
1786100607.321707,830,381,Mac_TrackPad_iso-block-2-trial-12-target-1,861.0,309.0,30.0,False,Pointer Move (unknown)
1786100607.329681,832,378,Mac_TrackPad_iso-block-2-trial-12-target-1,861.0,309.0,30.0,False,Pointer Move (unknown)
1786100607.337806,835,374,Mac_TrackPad_iso-block-2-trial-12-target-1,861.0,309.0,30.0,False,Pointer Move (unknown)
1786100607.3458822,837,371,Mac_TrackPad_iso-block-2-trial-12-target-1,861.0,309.0,30.0,False,Pointer Move (unknown)
1786100607.3538308,840,367,Mac_TrackPad_iso-block-2-trial-12-target-1,861.0,309.0,30.0,False,Pointer Move (unknown)
1786100607.361974,841,365,Mac_TrackPad_iso-block-2-trial-12-target-1,861.0,309.0,30.0,False,Pointer Move (unknown)
1786100607.370326,844,362,Mac_TrackPad_iso-block-2-trial-12-target-1,861.0,309.0,30.0,False,Pointer Move (unknown)
1786100607.3781052,847,358,Mac_TrackPad_iso-block-2-trial-12-target-1,861.0,309.0,30.0,False,Pointer Move (unknown)
1786100607.386139,849,355,Mac_TrackPad_iso-block-2-trial-12-target-1,861.0,309.0,30.0,False,Pointer Move (unknown)
1786100607.394262,851,352,Mac_TrackPad_iso-block-2-trial-12-target-1,861.0,309.0,30.0,False,Pointer Move (unknown)
1786100607.402493,854,348,Mac_TrackPad_iso-block-2-trial-12-target-1,861.0,309.0,30.0,False,Pointer Move (unknown)
1786100607.4105449,855,346,Mac_TrackPad_iso-block-2-trial-12-target-1,861.0,309.0,30.0,False,Pointer Move (unknown)
1786100607.418615,857,343,Mac_TrackPad_iso-block-2-trial-12-target-1,861.0,309.0,30.0,False,Pointer Move (unknown)
1786100607.426581,860,341,Mac_TrackPad_iso-block-2-trial-12-target-1,861.0,309.0,30.0,False,Pointer Move (unknown)
1786100607.4346821,861,337,Mac_TrackPad_iso-block-2-trial-12-target-1,861.0,309.0,30.0,False,Pointer Move (unknown)
1786100607.442792,862,335,Mac_TrackPad_iso-block-2-trial-12-target-1,861.0,309.0,30.0,False,Pointer Move (unknown)
1786100607.450834,864,334,Mac_TrackPad_iso-block-2-trial-12-target-1,861.0,309.0,30.0,False,Pointer Move (unknown)
1786100607.458961,864,332,Mac_TrackPad_iso-block-2-trial-12-target-1,861.0,309.0,30.0,False,Pointer Move (unknown)
1786100607.467158,865,331,Mac_TrackPad_iso-block-2-trial-12-target-1,861.0,309.0,30.0,False,Pointer Move (unknown)
1786100607.475036,866,330,Mac_TrackPad_iso-block-2-trial-12-target-1,861.0,309.0,30.0,False,Pointer Move (unknown)
1786100607.4833238,866,329,Mac_TrackPad_iso-block-2-trial-12-target-1,861.0,309.0,30.0,False,Pointer Move (unknown)
1786100607.491593,867,328,Mac_TrackPad_iso-block-2-trial-12-target-1,861.0,309.0,30.0,False,Pointer Move (unknown)
1786100607.4993951,867,326,Mac_TrackPad_iso-block-2-trial-12-target-1,861.0,309.0,30.0,False,Pointer Move (unknown)
1786100607.507463,868,325,Mac_TrackPad_iso-block-2-trial-12-target-1,861.0,309.0,30.0,False,Pointer Move (unknown)
1786100607.5155861,868,325,Mac_TrackPad_iso-block-2-trial-12-target-1,861.0,309.0,30.0,False,Pointer Move (unknown)
1786100607.523585,869,323,Mac_TrackPad_iso-block-2-trial-12-target-1,861.0,309.0,30.0,False,Pointer Move (unknown)
1786100607.5319932,869,323,Mac_TrackPad_iso-block-2-trial-12-target-1,861.0,309.0,30.0,False,Pointer Move (unknown)
1786100607.539936,869,323,Mac_TrackPad_iso-block-2-trial-12-target-1,861.0,309.0,30.0,False,Pointer Move (unknown)
1786100607.5479958,869,322,Mac_TrackPad_iso-block-2-trial-12-target-1,861.0,309.0,30.0,False,Pointer Move (unknown)
1786100607.556093,869,322,Mac_TrackPad_iso-block-2-trial-12-target-1,861.0,309.0,30.0,False,Pointer Move (unknown)
1786100607.643845,869,322,Mac_TrackPad_iso-block-2-trial-12-target-1,861.0,309.0,30.0,target_selected,target_selected
1786100607.8232288,869,322,Mac_TrackPad_iso-block-2-trial-13-target-5,579.0,591.0,30.0,False,Pointer Move (unknown)
1786100607.831156,868,325,Mac_TrackPad_iso-block-2-trial-13-target-5,579.0,591.0,30.0,False,Pointer Move (unknown)
1786100607.8391879,860,338,Mac_TrackPad_iso-block-2-trial-13-target-5,579.0,591.0,30.0,False,Pointer Move (unknown)
1786100607.847332,856,343,Mac_TrackPad_iso-block-2-trial-13-target-5,579.0,591.0,30.0,False,Pointer Move (unknown)
1786100607.855488,844,357,Mac_TrackPad_iso-block-2-trial-13-target-5,579.0,591.0,30.0,False,Pointer Move (unknown)
1786100607.863494,834,372,Mac_TrackPad_iso-block-2-trial-13-target-5,579.0,591.0,30.0,False,Pointer Move (unknown)
1786100607.87169,821,389,Mac_TrackPad_iso-block-2-trial-13-target-5,579.0,591.0,30.0,False,Pointer Move (unknown)
1786100607.879982,807,409,Mac_TrackPad_iso-block-2-trial-13-target-5,579.0,591.0,30.0,False,Pointer Move (unknown)
1786100607.888009,797,424,Mac_TrackPad_iso-block-2-trial-13-target-5,579.0,591.0,30.0,False,Pointer Move (unknown)
1786100607.896055,786,437,Mac_TrackPad_iso-block-2-trial-13-target-5,579.0,591.0,30.0,False,Pointer Move (unknown)
1786100607.9041018,776,453,Mac_TrackPad_iso-block-2-trial-13-target-5,579.0,591.0,30.0,False,Pointer Move (unknown)
1786100607.912137,770,460,Mac_TrackPad_iso-block-2-trial-13-target-5,579.0,591.0,30.0,False,Pointer Move (unknown)
1786100607.920131,761,471,Mac_TrackPad_iso-block-2-trial-13-target-5,579.0,591.0,30.0,False,Pointer Move (unknown)
1786100607.928431,751,482,Mac_TrackPad_iso-block-2-trial-13-target-5,579.0,591.0,30.0,False,Pointer Move (unknown)
1786100607.9363441,744,488,Mac_TrackPad_iso-block-2-trial-13-target-5,579.0,591.0,30.0,False,Pointer Move (unknown)
1786100607.944551,737,498,Mac_TrackPad_iso-block-2-trial-13-target-5,579.0,591.0,30.0,False,Pointer Move (unknown)
1786100607.952598,727,505,Mac_TrackPad_iso-block-2-trial-13-target-5,579.0,591.0,30.0,False,Pointer Move (unknown)
1786100607.960421,719,513,Mac_TrackPad_iso-block-2-trial-13-target-5,579.0,591.0,30.0,False,Pointer Move (unknown)
1786100607.968592,711,519,Mac_TrackPad_iso-block-2-trial-13-target-5,579.0,591.0,30.0,False,Pointer Move (unknown)
1786100607.976958,702,530,Mac_TrackPad_iso-block-2-trial-13-target-5,579.0,591.0,30.0,False,Pointer Move (unknown)
1786100607.984861,701,532,Mac_TrackPad_iso-block-2-trial-13-target-5,579.0,591.0,30.0,False,Pointer Move (unknown)
1786100607.9929202,695,537,Mac_TrackPad_iso-block-2-trial-13-target-5,579.0,591.0,30.0,False,Pointer Move (unknown)
1786100608.00104,689,544,Mac_TrackPad_iso-block-2-trial-13-target-5,579.0,591.0,30.0,False,Pointer Move (unknown)
1786100608.0089478,686,546,Mac_TrackPad_iso-block-2-trial-13-target-5,579.0,591.0,30.0,False,Pointer Move (unknown)
1786100608.017108,683,550,Mac_TrackPad_iso-block-2-trial-13-target-5,579.0,591.0,30.0,False,Pointer Move (unknown)
1786100608.025245,679,553,Mac_TrackPad_iso-block-2-trial-13-target-5,579.0,591.0,30.0,False,Pointer Move (unknown)
1786100608.033323,677,555,Mac_TrackPad_iso-block-2-trial-13-target-5,579.0,591.0,30.0,False,Pointer Move (unknown)
1786100608.041419,675,556,Mac_TrackPad_iso-block-2-trial-13-target-5,579.0,591.0,30.0,False,Pointer Move (unknown)
1786100608.049464,673,558,Mac_TrackPad_iso-block-2-trial-13-target-5,579.0,591.0,30.0,False,Pointer Move (unknown)
1786100608.057655,671,559,Mac_TrackPad_iso-block-2-trial-13-target-5,579.0,591.0,30.0,False,Pointer Move (unknown)
1786100608.0657291,670,560,Mac_TrackPad_iso-block-2-trial-13-target-5,579.0,591.0,30.0,False,Pointer Move (unknown)
1786100608.07372,669,561,Mac_TrackPad_iso-block-2-trial-13-target-5,579.0,591.0,30.0,False,Pointer Move (unknown)
1786100608.0818582,667,561,Mac_TrackPad_iso-block-2-trial-13-target-5,579.0,591.0,30.0,False,Pointer Move (unknown)
1786100608.090024,665,563,Mac_TrackPad_iso-block-2-trial-13-target-5,579.0,591.0,30.0,False,Pointer Move (unknown)
1786100608.0982862,663,563,Mac_TrackPad_iso-block-2-trial-13-target-5,579.0,591.0,30.0,False,Pointer Move (unknown)
1786100608.106262,661,565,Mac_TrackPad_iso-block-2-trial-13-target-5,579.0,591.0,30.0,False,Pointer Move (unknown)
1786100608.114227,658,566,Mac_TrackPad_iso-block-2-trial-13-target-5,579.0,591.0,30.0,False,Pointer Move (unknown)
1786100608.122425,656,568,Mac_TrackPad_iso-block-2-trial-13-target-5,579.0,591.0,30.0,False,Pointer Move (unknown)
1786100608.130469,653,569,Mac_TrackPad_iso-block-2-trial-13-target-5,579.0,591.0,30.0,False,Pointer Move (unknown)
1786100608.1385531,650,571,Mac_TrackPad_iso-block-2-trial-13-target-5,579.0,591.0,30.0,False,Pointer Move (unknown)
1786100608.1465821,648,572,Mac_TrackPad_iso-block-2-trial-13-target-5,579.0,591.0,30.0,False,Pointer Move (unknown)
1786100608.155204,646,574,Mac_TrackPad_iso-block-2-trial-13-target-5,579.0,591.0,30.0,False,Pointer Move (unknown)
1786100608.1628249,644,575,Mac_TrackPad_iso-block-2-trial-13-target-5,579.0,591.0,30.0,False,Pointer Move (unknown)
1786100608.171041,642,575,Mac_TrackPad_iso-block-2-trial-13-target-5,579.0,591.0,30.0,False,Pointer Move (unknown)
1786100608.179072,641,576,Mac_TrackPad_iso-block-2-trial-13-target-5,579.0,591.0,30.0,False,Pointer Move (unknown)
1786100608.1873338,640,577,Mac_TrackPad_iso-block-2-trial-13-target-5,579.0,591.0,30.0,False,Pointer Move (unknown)
1786100608.1951911,640,577,Mac_TrackPad_iso-block-2-trial-13-target-5,579.0,591.0,30.0,False,Pointer Move (unknown)
1786100608.203218,640,577,Mac_TrackPad_iso-block-2-trial-13-target-5,579.0,591.0,30.0,False,Pointer Move (unknown)
1786100608.21154,639,577,Mac_TrackPad_iso-block-2-trial-13-target-5,579.0,591.0,30.0,False,Pointer Move (unknown)
1786100608.2194319,639,577,Mac_TrackPad_iso-block-2-trial-13-target-5,579.0,591.0,30.0,False,Pointer Move (unknown)
1786100608.2275589,638,577,Mac_TrackPad_iso-block-2-trial-13-target-5,579.0,591.0,30.0,False,Pointer Move (unknown)
1786100608.235463,638,577,Mac_TrackPad_iso-block-2-trial-13-target-5,579.0,591.0,30.0,False,Pointer Move (unknown)
1786100608.2517078,638,577,Mac_TrackPad_iso-block-2-trial-13-target-5,579.0,591.0,30.0,False,Pointer Move (unknown)
1786100608.260052,637,577,Mac_TrackPad_iso-block-2-trial-13-target-5,579.0,591.0,30.0,False,Pointer Move (unknown)
1786100608.268028,637,577,Mac_TrackPad_iso-block-2-trial-13-target-5,579.0,591.0,30.0,False,Pointer Move (unknown)
1786100608.275965,637,577,Mac_TrackPad_iso-block-2-trial-13-target-5,579.0,591.0,30.0,False,Pointer Move (unknown)
1786100608.2840178,636,578,Mac_TrackPad_iso-block-2-trial-13-target-5,579.0,591.0,30.0,False,Pointer Move (unknown)
1786100608.2920141,636,578,Mac_TrackPad_iso-block-2-trial-13-target-5,579.0,591.0,30.0,False,Pointer Move (unknown)
1786100608.300202,635,578,Mac_TrackPad_iso-block-2-trial-13-target-5,579.0,591.0,30.0,False,Pointer Move (unknown)
1786100608.308227,634,578,Mac_TrackPad_iso-block-2-trial-13-target-5,579.0,591.0,30.0,False,Pointer Move (unknown)
1786100608.316743,633,578,Mac_TrackPad_iso-block-2-trial-13-target-5,579.0,591.0,30.0,False,Pointer Move (unknown)
1786100608.32449,632,578,Mac_TrackPad_iso-block-2-trial-13-target-5,579.0,591.0,30.0,False,Pointer Move (unknown)
1786100608.332588,632,578,Mac_TrackPad_iso-block-2-trial-13-target-5,579.0,591.0,30.0,False,Pointer Move (unknown)
1786100608.340618,631,578,Mac_TrackPad_iso-block-2-trial-13-target-5,579.0,591.0,30.0,False,Pointer Move (unknown)
1786100608.348703,630,578,Mac_TrackPad_iso-block-2-trial-13-target-5,579.0,591.0,30.0,False,Pointer Move (unknown)
1786100608.3567228,629,579,Mac_TrackPad_iso-block-2-trial-13-target-5,579.0,591.0,30.0,False,Pointer Move (unknown)
1786100608.3647401,628,579,Mac_TrackPad_iso-block-2-trial-13-target-5,579.0,591.0,30.0,False,Pointer Move (unknown)
1786100608.372821,627,579,Mac_TrackPad_iso-block-2-trial-13-target-5,579.0,591.0,30.0,False,Pointer Move (unknown)
1786100608.3812869,626,579,Mac_TrackPad_iso-block-2-trial-13-target-5,579.0,591.0,30.0,False,Pointer Move (unknown)
1786100608.389216,624,580,Mac_TrackPad_iso-block-2-trial-13-target-5,579.0,591.0,30.0,False,Pointer Move (unknown)
1786100608.3972511,622,580,Mac_TrackPad_iso-block-2-trial-13-target-5,579.0,591.0,30.0,False,Pointer Move (unknown)
1786100608.4052842,619,581,Mac_TrackPad_iso-block-2-trial-13-target-5,579.0,591.0,30.0,False,Pointer Move (unknown)
1786100608.413433,617,581,Mac_TrackPad_iso-block-2-trial-13-target-5,579.0,591.0,30.0,False,Pointer Move (unknown)
1786100608.421642,615,582,Mac_TrackPad_iso-block-2-trial-13-target-5,579.0,591.0,30.0,False,Pointer Move (unknown)
1786100608.429635,613,583,Mac_TrackPad_iso-block-2-trial-13-target-5,579.0,591.0,30.0,False,Pointer Move (unknown)
1786100608.437651,612,583,Mac_TrackPad_iso-block-2-trial-13-target-5,579.0,591.0,30.0,False,Pointer Move (unknown)
1786100608.4457128,610,583,Mac_TrackPad_iso-block-2-trial-13-target-5,579.0,591.0,30.0,False,Pointer Move (unknown)
1786100608.453714,609,584,Mac_TrackPad_iso-block-2-trial-13-target-5,579.0,591.0,30.0,False,Pointer Move (unknown)
1786100608.4621172,608,584,Mac_TrackPad_iso-block-2-trial-13-target-5,579.0,591.0,30.0,False,Pointer Move (unknown)
1786100608.4702349,607,584,Mac_TrackPad_iso-block-2-trial-13-target-5,579.0,591.0,30.0,False,Pointer Move (unknown)
1786100608.4782279,606,584,Mac_TrackPad_iso-block-2-trial-13-target-5,579.0,591.0,30.0,False,Pointer Move (unknown)
1786100608.486455,606,585,Mac_TrackPad_iso-block-2-trial-13-target-5,579.0,591.0,30.0,False,Pointer Move (unknown)
1786100608.49424,606,585,Mac_TrackPad_iso-block-2-trial-13-target-5,579.0,591.0,30.0,False,Pointer Move (unknown)
1786100608.502402,605,585,Mac_TrackPad_iso-block-2-trial-13-target-5,579.0,591.0,30.0,False,Pointer Move (unknown)
1786100608.51042,605,585,Mac_TrackPad_iso-block-2-trial-13-target-5,579.0,591.0,30.0,False,Pointer Move (unknown)
1786100608.518461,604,585,Mac_TrackPad_iso-block-2-trial-13-target-5,579.0,591.0,30.0,False,Pointer Move (unknown)
1786100608.526551,602,586,Mac_TrackPad_iso-block-2-trial-13-target-5,579.0,591.0,30.0,False,Pointer Move (unknown)
1786100608.53482,601,586,Mac_TrackPad_iso-block-2-trial-13-target-5,579.0,591.0,30.0,False,Pointer Move (unknown)
1786100608.543137,599,587,Mac_TrackPad_iso-block-2-trial-13-target-5,579.0,591.0,30.0,False,Pointer Move (unknown)
1786100608.550984,597,587,Mac_TrackPad_iso-block-2-trial-13-target-5,579.0,591.0,30.0,False,Pointer Move (unknown)
1786100608.5589912,595,588,Mac_TrackPad_iso-block-2-trial-13-target-5,579.0,591.0,30.0,False,Pointer Move (unknown)
1786100608.567289,593,589,Mac_TrackPad_iso-block-2-trial-13-target-5,579.0,591.0,30.0,False,Pointer Move (unknown)
1786100608.575346,592,589,Mac_TrackPad_iso-block-2-trial-13-target-5,579.0,591.0,30.0,False,Pointer Move (unknown)
1786100608.583328,591,590,Mac_TrackPad_iso-block-2-trial-13-target-5,579.0,591.0,30.0,False,Pointer Move (unknown)
1786100608.591346,591,590,Mac_TrackPad_iso-block-2-trial-13-target-5,579.0,591.0,30.0,False,Pointer Move (unknown)
1786100608.599607,590,590,Mac_TrackPad_iso-block-2-trial-13-target-5,579.0,591.0,30.0,False,Pointer Move (unknown)
1786100608.6074848,589,590,Mac_TrackPad_iso-block-2-trial-13-target-5,579.0,591.0,30.0,False,Pointer Move (unknown)
1786100608.6156359,589,591,Mac_TrackPad_iso-block-2-trial-13-target-5,579.0,591.0,30.0,False,Pointer Move (unknown)
1786100608.623678,589,591,Mac_TrackPad_iso-block-2-trial-13-target-5,579.0,591.0,30.0,False,Pointer Move (unknown)
1786100608.639952,589,591,Mac_TrackPad_iso-block-2-trial-13-target-5,579.0,591.0,30.0,False,Pointer Move (unknown)
1786100608.647923,589,591,Mac_TrackPad_iso-block-2-trial-13-target-5,579.0,591.0,30.0,False,Pointer Move (unknown)
1786100608.656215,588,591,Mac_TrackPad_iso-block-2-trial-13-target-5,579.0,591.0,30.0,False,Pointer Move (unknown)
1786100608.672433,588,591,Mac_TrackPad_iso-block-2-trial-13-target-5,579.0,591.0,30.0,False,Pointer Move (unknown)
1786100608.688554,588,591,Mac_TrackPad_iso-block-2-trial-13-target-5,579.0,591.0,30.0,False,Pointer Move (unknown)
1786100608.710877,588,591,Mac_TrackPad_iso-block-2-trial-13-target-5,579.0,591.0,30.0,target_selected,target_selected
1786100609.133659,588,591,Mac_TrackPad_iso-block-2-trial-14-target-1,861.0,309.0,30.0,False,Pointer Move (unknown)
1786100609.1415622,593,586,Mac_TrackPad_iso-block-2-trial-14-target-1,861.0,309.0,30.0,False,Pointer Move (unknown)
1786100609.149667,603,581,Mac_TrackPad_iso-block-2-trial-14-target-1,861.0,309.0,30.0,False,Pointer Move (unknown)
1786100609.1576838,614,575,Mac_TrackPad_iso-block-2-trial-14-target-1,861.0,309.0,30.0,False,Pointer Move (unknown)
1786100609.165714,627,568,Mac_TrackPad_iso-block-2-trial-14-target-1,861.0,309.0,30.0,False,Pointer Move (unknown)
1786100609.1737118,639,560,Mac_TrackPad_iso-block-2-trial-14-target-1,861.0,309.0,30.0,False,Pointer Move (unknown)
1786100609.1818082,654,550,Mac_TrackPad_iso-block-2-trial-14-target-1,861.0,309.0,30.0,False,Pointer Move (unknown)
1786100609.189821,667,542,Mac_TrackPad_iso-block-2-trial-14-target-1,861.0,309.0,30.0,False,Pointer Move (unknown)
1786100609.1978822,680,532,Mac_TrackPad_iso-block-2-trial-14-target-1,861.0,309.0,30.0,False,Pointer Move (unknown)
1786100609.2061162,686,527,Mac_TrackPad_iso-block-2-trial-14-target-1,861.0,309.0,30.0,False,Pointer Move (unknown)
1786100609.21402,696,520,Mac_TrackPad_iso-block-2-trial-14-target-1,861.0,309.0,30.0,False,Pointer Move (unknown)
1786100609.2222579,702,514,Mac_TrackPad_iso-block-2-trial-14-target-1,861.0,309.0,30.0,False,Pointer Move (unknown)
1786100609.230567,707,510,Mac_TrackPad_iso-block-2-trial-14-target-1,861.0,309.0,30.0,False,Pointer Move (unknown)
1786100609.238464,711,506,Mac_TrackPad_iso-block-2-trial-14-target-1,861.0,309.0,30.0,False,Pointer Move (unknown)
1786100609.246803,715,503,Mac_TrackPad_iso-block-2-trial-14-target-1,861.0,309.0,30.0,False,Pointer Move (unknown)
1786100609.25474,717,501,Mac_TrackPad_iso-block-2-trial-14-target-1,861.0,309.0,30.0,False,Pointer Move (unknown)
1786100609.263108,718,500,Mac_TrackPad_iso-block-2-trial-14-target-1,861.0,309.0,30.0,False,Pointer Move (unknown)
1786100609.27088,721,497,Mac_TrackPad_iso-block-2-trial-14-target-1,861.0,309.0,30.0,False,Pointer Move (unknown)
1786100609.278734,722,495,Mac_TrackPad_iso-block-2-trial-14-target-1,861.0,309.0,30.0,False,Pointer Move (unknown)
1786100609.2871811,723,494,Mac_TrackPad_iso-block-2-trial-14-target-1,861.0,309.0,30.0,False,Pointer Move (unknown)
1786100609.2950468,724,493,Mac_TrackPad_iso-block-2-trial-14-target-1,861.0,309.0,30.0,False,Pointer Move (unknown)
1786100609.3028631,725,492,Mac_TrackPad_iso-block-2-trial-14-target-1,861.0,309.0,30.0,False,Pointer Move (unknown)
1786100609.31124,726,491,Mac_TrackPad_iso-block-2-trial-14-target-1,861.0,309.0,30.0,False,Pointer Move (unknown)
1786100609.319511,727,490,Mac_TrackPad_iso-block-2-trial-14-target-1,861.0,309.0,30.0,False,Pointer Move (unknown)
1786100609.327461,728,489,Mac_TrackPad_iso-block-2-trial-14-target-1,861.0,309.0,30.0,False,Pointer Move (unknown)
1786100609.335457,729,488,Mac_TrackPad_iso-block-2-trial-14-target-1,861.0,309.0,30.0,False,Pointer Move (unknown)
1786100609.343797,730,487,Mac_TrackPad_iso-block-2-trial-14-target-1,861.0,309.0,30.0,False,Pointer Move (unknown)
1786100609.351823,730,487,Mac_TrackPad_iso-block-2-trial-14-target-1,861.0,309.0,30.0,False,Pointer Move (unknown)
1786100609.359786,731,486,Mac_TrackPad_iso-block-2-trial-14-target-1,861.0,309.0,30.0,False,Pointer Move (unknown)
1786100609.368005,734,484,Mac_TrackPad_iso-block-2-trial-14-target-1,861.0,309.0,30.0,False,Pointer Move (unknown)
1786100609.376033,738,480,Mac_TrackPad_iso-block-2-trial-14-target-1,861.0,309.0,30.0,False,Pointer Move (unknown)
1786100609.3839118,741,476,Mac_TrackPad_iso-block-2-trial-14-target-1,861.0,309.0,30.0,False,Pointer Move (unknown)
1786100609.392247,748,470,Mac_TrackPad_iso-block-2-trial-14-target-1,861.0,309.0,30.0,False,Pointer Move (unknown)
1786100609.400424,754,463,Mac_TrackPad_iso-block-2-trial-14-target-1,861.0,309.0,30.0,False,Pointer Move (unknown)
1786100609.4082549,761,453,Mac_TrackPad_iso-block-2-trial-14-target-1,861.0,309.0,30.0,False,Pointer Move (unknown)
1786100609.416289,769,440,Mac_TrackPad_iso-block-2-trial-14-target-1,861.0,309.0,30.0,False,Pointer Move (unknown)
1786100609.424397,776,428,Mac_TrackPad_iso-block-2-trial-14-target-1,861.0,309.0,30.0,False,Pointer Move (unknown)
1786100609.432674,784,416,Mac_TrackPad_iso-block-2-trial-14-target-1,861.0,309.0,30.0,False,Pointer Move (unknown)
1786100609.4408278,792,403,Mac_TrackPad_iso-block-2-trial-14-target-1,861.0,309.0,30.0,False,Pointer Move (unknown)
1786100609.448832,795,399,Mac_TrackPad_iso-block-2-trial-14-target-1,861.0,309.0,30.0,False,Pointer Move (unknown)
1786100609.456886,800,389,Mac_TrackPad_iso-block-2-trial-14-target-1,861.0,309.0,30.0,False,Pointer Move (unknown)
1786100609.464997,806,379,Mac_TrackPad_iso-block-2-trial-14-target-1,861.0,309.0,30.0,False,Pointer Move (unknown)
1786100609.473419,809,372,Mac_TrackPad_iso-block-2-trial-14-target-1,861.0,309.0,30.0,False,Pointer Move (unknown)
1786100609.48122,814,365,Mac_TrackPad_iso-block-2-trial-14-target-1,861.0,309.0,30.0,False,Pointer Move (unknown)
1786100609.489228,817,358,Mac_TrackPad_iso-block-2-trial-14-target-1,861.0,309.0,30.0,False,Pointer Move (unknown)
1786100609.497213,820,354,Mac_TrackPad_iso-block-2-trial-14-target-1,861.0,309.0,30.0,False,Pointer Move (unknown)
1786100609.505589,823,350,Mac_TrackPad_iso-block-2-trial-14-target-1,861.0,309.0,30.0,False,Pointer Move (unknown)
1786100609.5134358,827,346,Mac_TrackPad_iso-block-2-trial-14-target-1,861.0,309.0,30.0,False,Pointer Move (unknown)
1786100609.521528,830,342,Mac_TrackPad_iso-block-2-trial-14-target-1,861.0,309.0,30.0,False,Pointer Move (unknown)
1786100609.5295901,833,338,Mac_TrackPad_iso-block-2-trial-14-target-1,861.0,309.0,30.0,False,Pointer Move (unknown)
1786100609.537584,835,336,Mac_TrackPad_iso-block-2-trial-14-target-1,861.0,309.0,30.0,False,Pointer Move (unknown)
1786100609.549911,836,334,Mac_TrackPad_iso-block-2-trial-14-target-1,861.0,309.0,30.0,False,Pointer Move (unknown)
1786100609.5535371,839,331,Mac_TrackPad_iso-block-2-trial-14-target-1,861.0,309.0,30.0,False,Pointer Move (unknown)
1786100609.5616992,840,330,Mac_TrackPad_iso-block-2-trial-14-target-1,861.0,309.0,30.0,False,Pointer Move (unknown)
1786100609.569906,842,328,Mac_TrackPad_iso-block-2-trial-14-target-1,861.0,309.0,30.0,False,Pointer Move (unknown)
1786100609.577783,845,325,Mac_TrackPad_iso-block-2-trial-14-target-1,861.0,309.0,30.0,False,Pointer Move (unknown)
1786100609.586161,847,323,Mac_TrackPad_iso-block-2-trial-14-target-1,861.0,309.0,30.0,False,Pointer Move (unknown)
1786100609.5942678,849,322,Mac_TrackPad_iso-block-2-trial-14-target-1,861.0,309.0,30.0,False,Pointer Move (unknown)
1786100609.602401,852,319,Mac_TrackPad_iso-block-2-trial-14-target-1,861.0,309.0,30.0,False,Pointer Move (unknown)
1786100609.610332,853,318,Mac_TrackPad_iso-block-2-trial-14-target-1,861.0,309.0,30.0,False,Pointer Move (unknown)
1786100609.618388,854,317,Mac_TrackPad_iso-block-2-trial-14-target-1,861.0,309.0,30.0,False,Pointer Move (unknown)
1786100609.626566,854,316,Mac_TrackPad_iso-block-2-trial-14-target-1,861.0,309.0,30.0,False,Pointer Move (unknown)
1786100609.634685,855,315,Mac_TrackPad_iso-block-2-trial-14-target-1,861.0,309.0,30.0,False,Pointer Move (unknown)
1786100609.642664,856,315,Mac_TrackPad_iso-block-2-trial-14-target-1,861.0,309.0,30.0,False,Pointer Move (unknown)
1786100609.6515882,856,315,Mac_TrackPad_iso-block-2-trial-14-target-1,861.0,309.0,30.0,False,Pointer Move (unknown)
1786100609.6587121,857,315,Mac_TrackPad_iso-block-2-trial-14-target-1,861.0,309.0,30.0,False,Pointer Move (unknown)
1786100609.667042,857,315,Mac_TrackPad_iso-block-2-trial-14-target-1,861.0,309.0,30.0,False,Pointer Move (unknown)
1786100609.7076101,857,314,Mac_TrackPad_iso-block-2-trial-14-target-1,861.0,309.0,30.0,False,Pointer Move (unknown)
1786100609.772368,857,314,Mac_TrackPad_iso-block-2-trial-14-target-1,861.0,309.0,30.0,False,Pointer Move (unknown)
1786100609.780299,857,314,Mac_TrackPad_iso-block-2-trial-14-target-1,861.0,309.0,30.0,False,Pointer Move (unknown)
1786100609.788376,857,314,Mac_TrackPad_iso-block-2-trial-14-target-1,861.0,309.0,30.0,False,Pointer Move (unknown)
1786100609.7964401,857,313,Mac_TrackPad_iso-block-2-trial-14-target-1,861.0,309.0,30.0,False,Pointer Move (unknown)
1786100609.804512,858,313,Mac_TrackPad_iso-block-2-trial-14-target-1,861.0,309.0,30.0,False,Pointer Move (unknown)
1786100609.812442,858,313,Mac_TrackPad_iso-block-2-trial-14-target-1,861.0,309.0,30.0,False,Pointer Move (unknown)
1786100609.820541,858,312,Mac_TrackPad_iso-block-2-trial-14-target-1,861.0,309.0,30.0,False,Pointer Move (unknown)
1786100609.8288069,858,312,Mac_TrackPad_iso-block-2-trial-14-target-1,861.0,309.0,30.0,False,Pointer Move (unknown)
1786100609.8368158,858,311,Mac_TrackPad_iso-block-2-trial-14-target-1,861.0,309.0,30.0,False,Pointer Move (unknown)
1786100609.844804,859,311,Mac_TrackPad_iso-block-2-trial-14-target-1,861.0,309.0,30.0,False,Pointer Move (unknown)
1786100609.926991,859,311,Mac_TrackPad_iso-block-2-trial-14-target-1,861.0,309.0,30.0,target_selected,target_selected
1786100610.621878,859,311,Mac_TrackPad_iso-block-2-trial-15-target-5,579.0,591.0,30.0,False,Pointer Move (unknown)
1786100610.629914,859,312,Mac_TrackPad_iso-block-2-trial-15-target-5,579.0,591.0,30.0,False,Pointer Move (unknown)
1786100610.6377149,858,312,Mac_TrackPad_iso-block-2-trial-15-target-5,579.0,591.0,30.0,False,Pointer Move (unknown)
1786100610.6537862,858,312,Mac_TrackPad_iso-block-2-trial-15-target-5,579.0,591.0,30.0,False,Pointer Move (unknown)
1786100610.669981,858,312,Mac_TrackPad_iso-block-2-trial-15-target-5,579.0,591.0,30.0,False,Pointer Move (unknown)
1786100610.686193,857,312,Mac_TrackPad_iso-block-2-trial-15-target-5,579.0,591.0,30.0,False,Pointer Move (unknown)
1786100610.718765,857,312,Mac_TrackPad_iso-block-2-trial-15-target-5,579.0,591.0,30.0,False,Pointer Move (unknown)
1786100610.726559,857,313,Mac_TrackPad_iso-block-2-trial-15-target-5,579.0,591.0,30.0,False,Pointer Move (unknown)
1786100610.734698,857,313,Mac_TrackPad_iso-block-2-trial-15-target-5,579.0,591.0,30.0,False,Pointer Move (unknown)
1786100610.74268,857,313,Mac_TrackPad_iso-block-2-trial-15-target-5,579.0,591.0,30.0,False,Pointer Move (unknown)
1786100610.750915,857,315,Mac_TrackPad_iso-block-2-trial-15-target-5,579.0,591.0,30.0,False,Pointer Move (unknown)
1786100610.758917,856,319,Mac_TrackPad_iso-block-2-trial-15-target-5,579.0,591.0,30.0,False,Pointer Move (unknown)
1786100610.767054,854,324,Mac_TrackPad_iso-block-2-trial-15-target-5,579.0,591.0,30.0,False,Pointer Move (unknown)
1786100610.7749949,851,330,Mac_TrackPad_iso-block-2-trial-15-target-5,579.0,591.0,30.0,False,Pointer Move (unknown)
1786100610.783255,848,337,Mac_TrackPad_iso-block-2-trial-15-target-5,579.0,591.0,30.0,False,Pointer Move (unknown)
1786100610.791407,840,349,Mac_TrackPad_iso-block-2-trial-15-target-5,579.0,591.0,30.0,False,Pointer Move (unknown)
1786100610.7993548,833,359,Mac_TrackPad_iso-block-2-trial-15-target-5,579.0,591.0,30.0,False,Pointer Move (unknown)
1786100610.8075242,825,371,Mac_TrackPad_iso-block-2-trial-15-target-5,579.0,591.0,30.0,False,Pointer Move (unknown)
1786100610.8159502,818,384,Mac_TrackPad_iso-block-2-trial-15-target-5,579.0,591.0,30.0,False,Pointer Move (unknown)
1786100610.823997,808,397,Mac_TrackPad_iso-block-2-trial-15-target-5,579.0,591.0,30.0,False,Pointer Move (unknown)
1786100610.831888,798,408,Mac_TrackPad_iso-block-2-trial-15-target-5,579.0,591.0,30.0,False,Pointer Move (unknown)
1786100610.840033,791,418,Mac_TrackPad_iso-block-2-trial-15-target-5,579.0,591.0,30.0,False,Pointer Move (unknown)
1786100610.848109,782,429,Mac_TrackPad_iso-block-2-trial-15-target-5,579.0,591.0,30.0,False,Pointer Move (unknown)
1786100610.856052,779,432,Mac_TrackPad_iso-block-2-trial-15-target-5,579.0,591.0,30.0,False,Pointer Move (unknown)
1786100610.8642938,771,441,Mac_TrackPad_iso-block-2-trial-15-target-5,579.0,591.0,30.0,False,Pointer Move (unknown)
1786100610.872261,765,447,Mac_TrackPad_iso-block-2-trial-15-target-5,579.0,591.0,30.0,False,Pointer Move (unknown)
1786100610.880198,754,458,Mac_TrackPad_iso-block-2-trial-15-target-5,579.0,591.0,30.0,False,Pointer Move (unknown)
1786100610.888554,746,463,Mac_TrackPad_iso-block-2-trial-15-target-5,579.0,591.0,30.0,False,Pointer Move (unknown)
1786100610.8963761,739,469,Mac_TrackPad_iso-block-2-trial-15-target-5,579.0,591.0,30.0,False,Pointer Move (unknown)
1786100610.904475,731,474,Mac_TrackPad_iso-block-2-trial-15-target-5,579.0,591.0,30.0,False,Pointer Move (unknown)
1786100610.912766,720,480,Mac_TrackPad_iso-block-2-trial-15-target-5,579.0,591.0,30.0,False,Pointer Move (unknown)
1786100610.921173,710,485,Mac_TrackPad_iso-block-2-trial-15-target-5,579.0,591.0,30.0,False,Pointer Move (unknown)
1786100610.9291031,696,491,Mac_TrackPad_iso-block-2-trial-15-target-5,579.0,591.0,30.0,False,Pointer Move (unknown)
1786100610.9369862,681,500,Mac_TrackPad_iso-block-2-trial-15-target-5,579.0,591.0,30.0,False,Pointer Move (unknown)
1786100610.9449978,659,510,Mac_TrackPad_iso-block-2-trial-15-target-5,579.0,591.0,30.0,False,Pointer Move (unknown)
1786100610.953133,641,519,Mac_TrackPad_iso-block-2-trial-15-target-5,579.0,591.0,30.0,False,Pointer Move (unknown)
1786100610.9611788,622,528,Mac_TrackPad_iso-block-2-trial-15-target-5,579.0,591.0,30.0,False,Pointer Move (unknown)
1786100610.969252,618,531,Mac_TrackPad_iso-block-2-trial-15-target-5,579.0,591.0,30.0,False,Pointer Move (unknown)
1786100610.977335,606,537,Mac_TrackPad_iso-block-2-trial-15-target-5,579.0,591.0,30.0,False,Pointer Move (unknown)
1786100610.985436,598,540,Mac_TrackPad_iso-block-2-trial-15-target-5,579.0,591.0,30.0,False,Pointer Move (unknown)
1786100610.993401,591,544,Mac_TrackPad_iso-block-2-trial-15-target-5,579.0,591.0,30.0,False,Pointer Move (unknown)
1786100611.001513,587,547,Mac_TrackPad_iso-block-2-trial-15-target-5,579.0,591.0,30.0,False,Pointer Move (unknown)
1786100611.009813,584,548,Mac_TrackPad_iso-block-2-trial-15-target-5,579.0,591.0,30.0,False,Pointer Move (unknown)
1786100611.017705,581,549,Mac_TrackPad_iso-block-2-trial-15-target-5,579.0,591.0,30.0,False,Pointer Move (unknown)
1786100611.025729,579,550,Mac_TrackPad_iso-block-2-trial-15-target-5,579.0,591.0,30.0,False,Pointer Move (unknown)
1786100611.0339131,578,551,Mac_TrackPad_iso-block-2-trial-15-target-5,579.0,591.0,30.0,False,Pointer Move (unknown)
1786100611.0417979,577,551,Mac_TrackPad_iso-block-2-trial-15-target-5,579.0,591.0,30.0,False,Pointer Move (unknown)
1786100611.0503318,576,552,Mac_TrackPad_iso-block-2-trial-15-target-5,579.0,591.0,30.0,False,Pointer Move (unknown)
1786100611.0583,575,552,Mac_TrackPad_iso-block-2-trial-15-target-5,579.0,591.0,30.0,False,Pointer Move (unknown)
1786100611.066444,574,553,Mac_TrackPad_iso-block-2-trial-15-target-5,579.0,591.0,30.0,False,Pointer Move (unknown)
1786100611.0742478,573,553,Mac_TrackPad_iso-block-2-trial-15-target-5,579.0,591.0,30.0,False,Pointer Move (unknown)
1786100611.082322,572,554,Mac_TrackPad_iso-block-2-trial-15-target-5,579.0,591.0,30.0,False,Pointer Move (unknown)
1786100611.090432,571,554,Mac_TrackPad_iso-block-2-trial-15-target-5,579.0,591.0,30.0,False,Pointer Move (unknown)
1786100611.098746,570,555,Mac_TrackPad_iso-block-2-trial-15-target-5,579.0,591.0,30.0,False,Pointer Move (unknown)
1786100611.106677,569,556,Mac_TrackPad_iso-block-2-trial-15-target-5,579.0,591.0,30.0,False,Pointer Move (unknown)
1786100611.11478,568,557,Mac_TrackPad_iso-block-2-trial-15-target-5,579.0,591.0,30.0,False,Pointer Move (unknown)
1786100611.12288,567,558,Mac_TrackPad_iso-block-2-trial-15-target-5,579.0,591.0,30.0,False,Pointer Move (unknown)
1786100611.131011,566,559,Mac_TrackPad_iso-block-2-trial-15-target-5,579.0,591.0,30.0,False,Pointer Move (unknown)
1786100611.13901,564,561,Mac_TrackPad_iso-block-2-trial-15-target-5,579.0,591.0,30.0,False,Pointer Move (unknown)
1786100611.147207,563,562,Mac_TrackPad_iso-block-2-trial-15-target-5,579.0,591.0,30.0,False,Pointer Move (unknown)
1786100611.1552231,563,563,Mac_TrackPad_iso-block-2-trial-15-target-5,579.0,591.0,30.0,False,Pointer Move (unknown)
1786100611.163271,562,564,Mac_TrackPad_iso-block-2-trial-15-target-5,579.0,591.0,30.0,False,Pointer Move (unknown)
1786100611.171795,561,565,Mac_TrackPad_iso-block-2-trial-15-target-5,579.0,591.0,30.0,False,Pointer Move (unknown)
1786100611.179701,561,566,Mac_TrackPad_iso-block-2-trial-15-target-5,579.0,591.0,30.0,False,Pointer Move (unknown)
1786100611.1876822,561,567,Mac_TrackPad_iso-block-2-trial-15-target-5,579.0,591.0,30.0,False,Pointer Move (unknown)
1786100611.195803,560,567,Mac_TrackPad_iso-block-2-trial-15-target-5,579.0,591.0,30.0,False,Pointer Move (unknown)
1786100611.203663,560,567,Mac_TrackPad_iso-block-2-trial-15-target-5,579.0,591.0,30.0,False,Pointer Move (unknown)
1786100611.211877,560,568,Mac_TrackPad_iso-block-2-trial-15-target-5,579.0,591.0,30.0,False,Pointer Move (unknown)
1786100611.219987,560,568,Mac_TrackPad_iso-block-2-trial-15-target-5,579.0,591.0,30.0,False,Pointer Move (unknown)
1786100611.228042,560,569,Mac_TrackPad_iso-block-2-trial-15-target-5,579.0,591.0,30.0,False,Pointer Move (unknown)
1786100611.236227,560,569,Mac_TrackPad_iso-block-2-trial-15-target-5,579.0,591.0,30.0,False,Pointer Move (unknown)
1786100611.244159,560,569,Mac_TrackPad_iso-block-2-trial-15-target-5,579.0,591.0,30.0,False,Pointer Move (unknown)
1786100611.2602491,560,570,Mac_TrackPad_iso-block-2-trial-15-target-5,579.0,591.0,30.0,False,Pointer Move (unknown)
1786100611.2764952,560,570,Mac_TrackPad_iso-block-2-trial-15-target-5,579.0,591.0,30.0,False,Pointer Move (unknown)
1786100611.2929971,560,570,Mac_TrackPad_iso-block-2-trial-15-target-5,579.0,591.0,30.0,False,Pointer Move (unknown)
1786100611.300905,561,570,Mac_TrackPad_iso-block-2-trial-15-target-5,579.0,591.0,30.0,False,Pointer Move (unknown)
1786100611.309099,561,571,Mac_TrackPad_iso-block-2-trial-15-target-5,579.0,591.0,30.0,False,Pointer Move (unknown)
1786100611.317064,562,571,Mac_TrackPad_iso-block-2-trial-15-target-5,579.0,591.0,30.0,False,Pointer Move (unknown)
1786100611.324942,562,571,Mac_TrackPad_iso-block-2-trial-15-target-5,579.0,591.0,30.0,False,Pointer Move (unknown)
1786100611.3332758,562,572,Mac_TrackPad_iso-block-2-trial-15-target-5,579.0,591.0,30.0,False,Pointer Move (unknown)
1786100611.342143,563,572,Mac_TrackPad_iso-block-2-trial-15-target-5,579.0,591.0,30.0,False,Pointer Move (unknown)
1786100611.349365,564,573,Mac_TrackPad_iso-block-2-trial-15-target-5,579.0,591.0,30.0,False,Pointer Move (unknown)
1786100611.357413,565,573,Mac_TrackPad_iso-block-2-trial-15-target-5,579.0,591.0,30.0,False,Pointer Move (unknown)
1786100611.365526,565,574,Mac_TrackPad_iso-block-2-trial-15-target-5,579.0,591.0,30.0,False,Pointer Move (unknown)
1786100611.373745,566,575,Mac_TrackPad_iso-block-2-trial-15-target-5,579.0,591.0,30.0,False,Pointer Move (unknown)
1786100611.381804,567,576,Mac_TrackPad_iso-block-2-trial-15-target-5,579.0,591.0,30.0,False,Pointer Move (unknown)
1786100611.3898299,567,577,Mac_TrackPad_iso-block-2-trial-15-target-5,579.0,591.0,30.0,False,Pointer Move (unknown)
1786100611.3981,568,578,Mac_TrackPad_iso-block-2-trial-15-target-5,579.0,591.0,30.0,False,Pointer Move (unknown)
1786100611.406263,568,578,Mac_TrackPad_iso-block-2-trial-15-target-5,579.0,591.0,30.0,False,Pointer Move (unknown)
1786100611.414685,569,579,Mac_TrackPad_iso-block-2-trial-15-target-5,579.0,591.0,30.0,False,Pointer Move (unknown)
1786100611.42329,569,580,Mac_TrackPad_iso-block-2-trial-15-target-5,579.0,591.0,30.0,False,Pointer Move (unknown)
1786100611.4308531,570,581,Mac_TrackPad_iso-block-2-trial-15-target-5,579.0,591.0,30.0,False,Pointer Move (unknown)
1786100611.43891,570,582,Mac_TrackPad_iso-block-2-trial-15-target-5,579.0,591.0,30.0,False,Pointer Move (unknown)
1786100611.4471738,570,583,Mac_TrackPad_iso-block-2-trial-15-target-5,579.0,591.0,30.0,False,Pointer Move (unknown)
1786100611.455227,570,583,Mac_TrackPad_iso-block-2-trial-15-target-5,579.0,591.0,30.0,False,Pointer Move (unknown)
1786100611.4775958,570,583,Mac_TrackPad_iso-block-2-trial-15-target-5,579.0,591.0,30.0,target_selected,target_selected
1786100611.503314,570,584,Mac_TrackPad_iso-block-2-trial-16-target-1,861.0,309.0,30.0,False,Pointer Move (unknown)
1786100611.738011,570,583,Mac_TrackPad_iso-block-2-trial-16-target-1,861.0,309.0,30.0,False,Pointer Move (unknown)
1786100611.745739,571,582,Mac_TrackPad_iso-block-2-trial-16-target-1,861.0,309.0,30.0,False,Pointer Move (unknown)
1786100611.7537768,574,579,Mac_TrackPad_iso-block-2-trial-16-target-1,861.0,309.0,30.0,False,Pointer Move (unknown)
1786100611.761753,577,576,Mac_TrackPad_iso-block-2-trial-16-target-1,861.0,309.0,30.0,False,Pointer Move (unknown)
1786100611.7700639,585,571,Mac_TrackPad_iso-block-2-trial-16-target-1,861.0,309.0,30.0,False,Pointer Move (unknown)
1786100611.77812,595,564,Mac_TrackPad_iso-block-2-trial-16-target-1,861.0,309.0,30.0,False,Pointer Move (unknown)
1786100611.786083,616,544,Mac_TrackPad_iso-block-2-trial-16-target-1,861.0,309.0,30.0,False,Pointer Move (unknown)
1786100611.7940989,624,538,Mac_TrackPad_iso-block-2-trial-16-target-1,861.0,309.0,30.0,False,Pointer Move (unknown)
1786100611.802176,642,522,Mac_TrackPad_iso-block-2-trial-16-target-1,861.0,309.0,30.0,False,Pointer Move (unknown)
1786100611.810343,661,506,Mac_TrackPad_iso-block-2-trial-16-target-1,861.0,309.0,30.0,False,Pointer Move (unknown)
1786100611.818652,681,492,Mac_TrackPad_iso-block-2-trial-16-target-1,861.0,309.0,30.0,False,Pointer Move (unknown)
1786100611.826519,698,479,Mac_TrackPad_iso-block-2-trial-16-target-1,861.0,309.0,30.0,False,Pointer Move (unknown)
1786100611.834801,714,467,Mac_TrackPad_iso-block-2-trial-16-target-1,861.0,309.0,30.0,False,Pointer Move (unknown)
1786100611.842655,734,453,Mac_TrackPad_iso-block-2-trial-16-target-1,861.0,309.0,30.0,False,Pointer Move (unknown)
1786100611.85068,748,441,Mac_TrackPad_iso-block-2-trial-16-target-1,861.0,309.0,30.0,False,Pointer Move (unknown)
1786100611.858826,761,431,Mac_TrackPad_iso-block-2-trial-16-target-1,861.0,309.0,30.0,False,Pointer Move (unknown)
1786100611.8670652,774,423,Mac_TrackPad_iso-block-2-trial-16-target-1,861.0,309.0,30.0,False,Pointer Move (unknown)
1786100611.875067,778,419,Mac_TrackPad_iso-block-2-trial-16-target-1,861.0,309.0,30.0,False,Pointer Move (unknown)
1786100611.882994,797,405,Mac_TrackPad_iso-block-2-trial-16-target-1,861.0,309.0,30.0,False,Pointer Move (unknown)
1786100611.890962,806,397,Mac_TrackPad_iso-block-2-trial-16-target-1,861.0,309.0,30.0,False,Pointer Move (unknown)
1786100611.898977,809,395,Mac_TrackPad_iso-block-2-trial-16-target-1,861.0,309.0,30.0,False,Pointer Move (unknown)
1786100611.907248,819,388,Mac_TrackPad_iso-block-2-trial-16-target-1,861.0,309.0,30.0,False,Pointer Move (unknown)
1786100611.9154172,826,382,Mac_TrackPad_iso-block-2-trial-16-target-1,861.0,309.0,30.0,False,Pointer Move (unknown)
1786100611.9232209,832,378,Mac_TrackPad_iso-block-2-trial-16-target-1,861.0,309.0,30.0,False,Pointer Move (unknown)
1786100611.931815,839,374,Mac_TrackPad_iso-block-2-trial-16-target-1,861.0,309.0,30.0,False,Pointer Move (unknown)
1786100611.939731,844,370,Mac_TrackPad_iso-block-2-trial-16-target-1,861.0,309.0,30.0,False,Pointer Move (unknown)
1786100611.947745,852,365,Mac_TrackPad_iso-block-2-trial-16-target-1,861.0,309.0,30.0,False,Pointer Move (unknown)
1786100611.956029,856,362,Mac_TrackPad_iso-block-2-trial-16-target-1,861.0,309.0,30.0,False,Pointer Move (unknown)
1786100611.963978,861,359,Mac_TrackPad_iso-block-2-trial-16-target-1,861.0,309.0,30.0,False,Pointer Move (unknown)
1786100611.9720352,865,356,Mac_TrackPad_iso-block-2-trial-16-target-1,861.0,309.0,30.0,False,Pointer Move (unknown)
1786100611.9802508,869,353,Mac_TrackPad_iso-block-2-trial-16-target-1,861.0,309.0,30.0,False,Pointer Move (unknown)
1786100611.988344,872,352,Mac_TrackPad_iso-block-2-trial-16-target-1,861.0,309.0,30.0,False,Pointer Move (unknown)
1786100611.996237,873,350,Mac_TrackPad_iso-block-2-trial-16-target-1,861.0,309.0,30.0,False,Pointer Move (unknown)
1786100612.0044448,875,349,Mac_TrackPad_iso-block-2-trial-16-target-1,861.0,309.0,30.0,False,Pointer Move (unknown)
1786100612.012512,876,348,Mac_TrackPad_iso-block-2-trial-16-target-1,861.0,309.0,30.0,False,Pointer Move (unknown)
1786100612.020813,877,347,Mac_TrackPad_iso-block-2-trial-16-target-1,861.0,309.0,30.0,False,Pointer Move (unknown)
1786100612.028746,877,347,Mac_TrackPad_iso-block-2-trial-16-target-1,861.0,309.0,30.0,False,Pointer Move (unknown)
1786100612.0368419,878,347,Mac_TrackPad_iso-block-2-trial-16-target-1,861.0,309.0,30.0,False,Pointer Move (unknown)
1786100612.0449128,878,346,Mac_TrackPad_iso-block-2-trial-16-target-1,861.0,309.0,30.0,False,Pointer Move (unknown)
1786100612.0530071,878,346,Mac_TrackPad_iso-block-2-trial-16-target-1,861.0,309.0,30.0,False,Pointer Move (unknown)
1786100612.060993,879,346,Mac_TrackPad_iso-block-2-trial-16-target-1,861.0,309.0,30.0,False,Pointer Move (unknown)
1786100612.069258,879,345,Mac_TrackPad_iso-block-2-trial-16-target-1,861.0,309.0,30.0,False,Pointer Move (unknown)
1786100612.0770009,879,345,Mac_TrackPad_iso-block-2-trial-16-target-1,861.0,309.0,30.0,False,Pointer Move (unknown)
1786100612.0852349,880,345,Mac_TrackPad_iso-block-2-trial-16-target-1,861.0,309.0,30.0,False,Pointer Move (unknown)
1786100612.0931358,880,344,Mac_TrackPad_iso-block-2-trial-16-target-1,861.0,309.0,30.0,False,Pointer Move (unknown)
1786100612.101525,880,343,Mac_TrackPad_iso-block-2-trial-16-target-1,861.0,309.0,30.0,False,Pointer Move (unknown)
1786100612.109409,881,342,Mac_TrackPad_iso-block-2-trial-16-target-1,861.0,309.0,30.0,False,Pointer Move (unknown)
1786100612.1176991,882,338,Mac_TrackPad_iso-block-2-trial-16-target-1,861.0,309.0,30.0,False,Pointer Move (unknown)
1786100612.125802,884,336,Mac_TrackPad_iso-block-2-trial-16-target-1,861.0,309.0,30.0,False,Pointer Move (unknown)
1786100612.133752,884,334,Mac_TrackPad_iso-block-2-trial-16-target-1,861.0,309.0,30.0,False,Pointer Move (unknown)
1786100612.1418948,885,332,Mac_TrackPad_iso-block-2-trial-16-target-1,861.0,309.0,30.0,False,Pointer Move (unknown)
1786100612.149965,886,330,Mac_TrackPad_iso-block-2-trial-16-target-1,861.0,309.0,30.0,False,Pointer Move (unknown)
1786100612.158137,887,328,Mac_TrackPad_iso-block-2-trial-16-target-1,861.0,309.0,30.0,False,Pointer Move (unknown)
1786100612.1661801,887,327,Mac_TrackPad_iso-block-2-trial-16-target-1,861.0,309.0,30.0,False,Pointer Move (unknown)
1786100612.174068,887,326,Mac_TrackPad_iso-block-2-trial-16-target-1,861.0,309.0,30.0,False,Pointer Move (unknown)
1786100612.182472,887,326,Mac_TrackPad_iso-block-2-trial-16-target-1,861.0,309.0,30.0,False,Pointer Move (unknown)
1786100612.1905122,887,325,Mac_TrackPad_iso-block-2-trial-16-target-1,861.0,309.0,30.0,False,Pointer Move (unknown)
1786100612.198604,887,325,Mac_TrackPad_iso-block-2-trial-16-target-1,861.0,309.0,30.0,False,Pointer Move (unknown)
1786100612.206617,887,325,Mac_TrackPad_iso-block-2-trial-16-target-1,861.0,309.0,30.0,False,Pointer Move (unknown)
1786100612.21468,887,324,Mac_TrackPad_iso-block-2-trial-16-target-1,861.0,309.0,30.0,False,Pointer Move (unknown)
1786100612.222792,887,324,Mac_TrackPad_iso-block-2-trial-16-target-1,861.0,309.0,30.0,False,Pointer Move (unknown)
1786100612.2388759,887,324,Mac_TrackPad_iso-block-2-trial-16-target-1,861.0,309.0,30.0,False,Pointer Move (unknown)
1786100612.247189,887,322,Mac_TrackPad_iso-block-2-trial-16-target-1,861.0,309.0,30.0,False,Pointer Move (unknown)
1786100612.25517,886,322,Mac_TrackPad_iso-block-2-trial-16-target-1,861.0,309.0,30.0,False,Pointer Move (unknown)
1786100612.2633758,885,321,Mac_TrackPad_iso-block-2-trial-16-target-1,861.0,309.0,30.0,False,Pointer Move (unknown)
1786100612.271616,883,320,Mac_TrackPad_iso-block-2-trial-16-target-1,861.0,309.0,30.0,False,Pointer Move (unknown)
1786100612.280034,882,319,Mac_TrackPad_iso-block-2-trial-16-target-1,861.0,309.0,30.0,False,Pointer Move (unknown)
1786100612.287571,881,318,Mac_TrackPad_iso-block-2-trial-16-target-1,861.0,309.0,30.0,False,Pointer Move (unknown)
1786100612.295507,880,317,Mac_TrackPad_iso-block-2-trial-16-target-1,861.0,309.0,30.0,False,Pointer Move (unknown)
1786100612.3038778,879,316,Mac_TrackPad_iso-block-2-trial-16-target-1,861.0,309.0,30.0,False,Pointer Move (unknown)
1786100612.311917,878,315,Mac_TrackPad_iso-block-2-trial-16-target-1,861.0,309.0,30.0,False,Pointer Move (unknown)
1786100612.320087,877,315,Mac_TrackPad_iso-block-2-trial-16-target-1,861.0,309.0,30.0,False,Pointer Move (unknown)
1786100612.327894,876,314,Mac_TrackPad_iso-block-2-trial-16-target-1,861.0,309.0,30.0,False,Pointer Move (unknown)
1786100612.336119,876,314,Mac_TrackPad_iso-block-2-trial-16-target-1,861.0,309.0,30.0,False,Pointer Move (unknown)
1786100612.344179,875,314,Mac_TrackPad_iso-block-2-trial-16-target-1,861.0,309.0,30.0,False,Pointer Move (unknown)
1786100612.3522549,875,313,Mac_TrackPad_iso-block-2-trial-16-target-1,861.0,309.0,30.0,False,Pointer Move (unknown)
1786100612.3604338,875,313,Mac_TrackPad_iso-block-2-trial-16-target-1,861.0,309.0,30.0,False,Pointer Move (unknown)
1786100612.3683,874,313,Mac_TrackPad_iso-block-2-trial-16-target-1,861.0,309.0,30.0,False,Pointer Move (unknown)
1786100612.3764648,874,313,Mac_TrackPad_iso-block-2-trial-16-target-1,861.0,309.0,30.0,False,Pointer Move (unknown)
1786100612.384922,874,313,Mac_TrackPad_iso-block-2-trial-16-target-1,861.0,309.0,30.0,False,Pointer Move (unknown)
1786100612.392747,873,313,Mac_TrackPad_iso-block-2-trial-16-target-1,861.0,309.0,30.0,False,Pointer Move (unknown)
1786100612.400735,873,313,Mac_TrackPad_iso-block-2-trial-16-target-1,861.0,309.0,30.0,False,Pointer Move (unknown)
1786100612.416928,873,313,Mac_TrackPad_iso-block-2-trial-16-target-1,861.0,309.0,30.0,False,Pointer Move (unknown)
1786100612.4438899,873,313,Mac_TrackPad_iso-block-2-trial-16-target-1,861.0,309.0,30.0,target_selected,target_selected
1786100612.6113548,873,313,Mac_TrackPad_iso-block-3-trial-1-target-0,720.0,200.0,22.5,False,Pointer Move (unknown)
1786100612.619309,868,319,Mac_TrackPad_iso-block-3-trial-1-target-0,720.0,200.0,22.5,False,Pointer Move (unknown)
1786100612.627396,858,332,Mac_TrackPad_iso-block-3-trial-1-target-0,720.0,200.0,22.5,False,Pointer Move (unknown)
1786100612.635516,853,340,Mac_TrackPad_iso-block-3-trial-1-target-0,720.0,200.0,22.5,False,Pointer Move (unknown)
1786100612.64353,845,352,Mac_TrackPad_iso-block-3-trial-1-target-0,720.0,200.0,22.5,False,Pointer Move (unknown)
1786100612.651493,833,369,Mac_TrackPad_iso-block-3-trial-1-target-0,720.0,200.0,22.5,False,Pointer Move (unknown)
1786100612.659563,820,385,Mac_TrackPad_iso-block-3-trial-1-target-0,720.0,200.0,22.5,False,Pointer Move (unknown)
1786100612.6680079,800,407,Mac_TrackPad_iso-block-3-trial-1-target-0,720.0,200.0,22.5,False,Pointer Move (unknown)
1786100612.676021,788,423,Mac_TrackPad_iso-block-3-trial-1-target-0,720.0,200.0,22.5,False,Pointer Move (unknown)
1786100612.684243,772,441,Mac_TrackPad_iso-block-3-trial-1-target-0,720.0,200.0,22.5,False,Pointer Move (unknown)
1786100612.692194,758,461,Mac_TrackPad_iso-block-3-trial-1-target-0,720.0,200.0,22.5,False,Pointer Move (unknown)
1786100612.700141,748,475,Mac_TrackPad_iso-block-3-trial-1-target-0,720.0,200.0,22.5,False,Pointer Move (unknown)
1786100612.708354,736,488,Mac_TrackPad_iso-block-3-trial-1-target-0,720.0,200.0,22.5,False,Pointer Move (unknown)
1786100612.716235,729,498,Mac_TrackPad_iso-block-3-trial-1-target-0,720.0,200.0,22.5,False,Pointer Move (unknown)
1786100612.7241411,726,502,Mac_TrackPad_iso-block-3-trial-1-target-0,720.0,200.0,22.5,False,Pointer Move (unknown)
1786100612.7322261,718,508,Mac_TrackPad_iso-block-3-trial-1-target-0,720.0,200.0,22.5,False,Pointer Move (unknown)
1786100612.740588,713,515,Mac_TrackPad_iso-block-3-trial-1-target-0,720.0,200.0,22.5,False,Pointer Move (unknown)
1786100612.7485492,711,518,Mac_TrackPad_iso-block-3-trial-1-target-0,720.0,200.0,22.5,False,Pointer Move (unknown)
1786100612.7566562,708,520,Mac_TrackPad_iso-block-3-trial-1-target-0,720.0,200.0,22.5,False,Pointer Move (unknown)
1786100612.764742,707,522,Mac_TrackPad_iso-block-3-trial-1-target-0,720.0,200.0,22.5,False,Pointer Move (unknown)
1786100612.7728372,706,523,Mac_TrackPad_iso-block-3-trial-1-target-0,720.0,200.0,22.5,False,Pointer Move (unknown)
1786100612.780716,706,523,Mac_TrackPad_iso-block-3-trial-1-target-0,720.0,200.0,22.5,False,Pointer Move (unknown)
1786100612.789244,705,524,Mac_TrackPad_iso-block-3-trial-1-target-0,720.0,200.0,22.5,False,Pointer Move (unknown)
1786100612.7970738,704,524,Mac_TrackPad_iso-block-3-trial-1-target-0,720.0,200.0,22.5,False,Pointer Move (unknown)
1786100612.805233,704,525,Mac_TrackPad_iso-block-3-trial-1-target-0,720.0,200.0,22.5,False,Pointer Move (unknown)
1786100612.8131368,702,527,Mac_TrackPad_iso-block-3-trial-1-target-0,720.0,200.0,22.5,False,Pointer Move (unknown)
1786100612.821516,697,530,Mac_TrackPad_iso-block-3-trial-1-target-0,720.0,200.0,22.5,False,Pointer Move (unknown)
1786100612.829582,696,531,Mac_TrackPad_iso-block-3-trial-1-target-0,720.0,200.0,22.5,False,Pointer Move (unknown)
1786100612.8375921,692,533,Mac_TrackPad_iso-block-3-trial-1-target-0,720.0,200.0,22.5,False,Pointer Move (unknown)
1786100612.845612,687,535,Mac_TrackPad_iso-block-3-trial-1-target-0,720.0,200.0,22.5,False,Pointer Move (unknown)
1786100612.8537228,682,538,Mac_TrackPad_iso-block-3-trial-1-target-0,720.0,200.0,22.5,False,Pointer Move (unknown)
1786100612.861853,678,541,Mac_TrackPad_iso-block-3-trial-1-target-0,720.0,200.0,22.5,False,Pointer Move (unknown)
1786100612.870006,674,543,Mac_TrackPad_iso-block-3-trial-1-target-0,720.0,200.0,22.5,False,Pointer Move (unknown)
1786100612.877836,672,544,Mac_TrackPad_iso-block-3-trial-1-target-0,720.0,200.0,22.5,False,Pointer Move (unknown)
1786100612.885916,670,546,Mac_TrackPad_iso-block-3-trial-1-target-0,720.0,200.0,22.5,False,Pointer Move (unknown)
1786100612.894068,668,546,Mac_TrackPad_iso-block-3-trial-1-target-0,720.0,200.0,22.5,False,Pointer Move (unknown)
1786100612.903162,667,547,Mac_TrackPad_iso-block-3-trial-1-target-0,720.0,200.0,22.5,False,Pointer Move (unknown)
1786100612.91057,666,547,Mac_TrackPad_iso-block-3-trial-1-target-0,720.0,200.0,22.5,False,Pointer Move (unknown)
1786100612.918533,665,547,Mac_TrackPad_iso-block-3-trial-1-target-0,720.0,200.0,22.5,False,Pointer Move (unknown)
1786100612.926561,664,547,Mac_TrackPad_iso-block-3-trial-1-target-0,720.0,200.0,22.5,False,Pointer Move (unknown)
1786100612.934558,664,547,Mac_TrackPad_iso-block-3-trial-1-target-0,720.0,200.0,22.5,False,Pointer Move (unknown)
1786100612.942488,664,545,Mac_TrackPad_iso-block-3-trial-1-target-0,720.0,200.0,22.5,False,Pointer Move (unknown)
1786100612.951248,663,542,Mac_TrackPad_iso-block-3-trial-1-target-0,720.0,200.0,22.5,False,Pointer Move (unknown)
1786100612.958926,662,535,Mac_TrackPad_iso-block-3-trial-1-target-0,720.0,200.0,22.5,False,Pointer Move (unknown)
1786100612.9669418,661,528,Mac_TrackPad_iso-block-3-trial-1-target-0,720.0,200.0,22.5,False,Pointer Move (unknown)
1786100612.97488,661,520,Mac_TrackPad_iso-block-3-trial-1-target-0,720.0,200.0,22.5,False,Pointer Move (unknown)
1786100612.984658,659,511,Mac_TrackPad_iso-block-3-trial-1-target-0,720.0,200.0,22.5,False,Pointer Move (unknown)
1786100612.99121,659,497,Mac_TrackPad_iso-block-3-trial-1-target-0,720.0,200.0,22.5,False,Pointer Move (unknown)
1786100612.999187,659,480,Mac_TrackPad_iso-block-3-trial-1-target-0,720.0,200.0,22.5,False,Pointer Move (unknown)
1786100613.007621,659,460,Mac_TrackPad_iso-block-3-trial-1-target-0,720.0,200.0,22.5,False,Pointer Move (unknown)
1786100613.015349,659,440,Mac_TrackPad_iso-block-3-trial-1-target-0,720.0,200.0,22.5,False,Pointer Move (unknown)
1786100613.02394,659,416,Mac_TrackPad_iso-block-3-trial-1-target-0,720.0,200.0,22.5,False,Pointer Move (unknown)
1786100613.031777,665,392,Mac_TrackPad_iso-block-3-trial-1-target-0,720.0,200.0,22.5,False,Pointer Move (unknown)
1786100613.039616,671,368,Mac_TrackPad_iso-block-3-trial-1-target-0,720.0,200.0,22.5,False,Pointer Move (unknown)
1786100613.047775,679,348,Mac_TrackPad_iso-block-3-trial-1-target-0,720.0,200.0,22.5,False,Pointer Move (unknown)
1786100613.055914,686,327,Mac_TrackPad_iso-block-3-trial-1-target-0,720.0,200.0,22.5,False,Pointer Move (unknown)
1786100613.063904,696,305,Mac_TrackPad_iso-block-3-trial-1-target-0,720.0,200.0,22.5,False,Pointer Move (unknown)
1786100613.072124,703,289,Mac_TrackPad_iso-block-3-trial-1-target-0,720.0,200.0,22.5,False,Pointer Move (unknown)
1786100613.080111,708,281,Mac_TrackPad_iso-block-3-trial-1-target-0,720.0,200.0,22.5,False,Pointer Move (unknown)
1786100613.088235,713,270,Mac_TrackPad_iso-block-3-trial-1-target-0,720.0,200.0,22.5,False,Pointer Move (unknown)
1786100613.096243,719,259,Mac_TrackPad_iso-block-3-trial-1-target-0,720.0,200.0,22.5,False,Pointer Move (unknown)
1786100613.104364,725,249,Mac_TrackPad_iso-block-3-trial-1-target-0,720.0,200.0,22.5,False,Pointer Move (unknown)
1786100613.112706,730,241,Mac_TrackPad_iso-block-3-trial-1-target-0,720.0,200.0,22.5,False,Pointer Move (unknown)
1786100613.120894,733,235,Mac_TrackPad_iso-block-3-trial-1-target-0,720.0,200.0,22.5,False,Pointer Move (unknown)
1786100613.12894,736,231,Mac_TrackPad_iso-block-3-trial-1-target-0,720.0,200.0,22.5,False,Pointer Move (unknown)
1786100613.13708,739,227,Mac_TrackPad_iso-block-3-trial-1-target-0,720.0,200.0,22.5,False,Pointer Move (unknown)
1786100613.14522,740,224,Mac_TrackPad_iso-block-3-trial-1-target-0,720.0,200.0,22.5,False,Pointer Move (unknown)
1786100613.1532679,741,223,Mac_TrackPad_iso-block-3-trial-1-target-0,720.0,200.0,22.5,False,Pointer Move (unknown)
1786100613.161404,741,222,Mac_TrackPad_iso-block-3-trial-1-target-0,720.0,200.0,22.5,False,Pointer Move (unknown)
1786100613.169971,742,221,Mac_TrackPad_iso-block-3-trial-1-target-0,720.0,200.0,22.5,False,Pointer Move (unknown)
1786100613.1773791,742,220,Mac_TrackPad_iso-block-3-trial-1-target-0,720.0,200.0,22.5,False,Pointer Move (unknown)
1786100613.185197,743,220,Mac_TrackPad_iso-block-3-trial-1-target-0,720.0,200.0,22.5,False,Pointer Move (unknown)
1786100613.1933062,743,220,Mac_TrackPad_iso-block-3-trial-1-target-0,720.0,200.0,22.5,False,Pointer Move (unknown)
1786100613.2014568,743,219,Mac_TrackPad_iso-block-3-trial-1-target-0,720.0,200.0,22.5,False,Pointer Move (unknown)
1786100613.209867,743,219,Mac_TrackPad_iso-block-3-trial-1-target-0,720.0,200.0,22.5,False,Pointer Move (unknown)
1786100613.217501,744,218,Mac_TrackPad_iso-block-3-trial-1-target-0,720.0,200.0,22.5,False,Pointer Move (unknown)
1786100613.225738,744,217,Mac_TrackPad_iso-block-3-trial-1-target-0,720.0,200.0,22.5,False,Pointer Move (unknown)
1786100613.2337642,745,216,Mac_TrackPad_iso-block-3-trial-1-target-0,720.0,200.0,22.5,False,Pointer Move (unknown)
1786100613.242049,745,214,Mac_TrackPad_iso-block-3-trial-1-target-0,720.0,200.0,22.5,False,Pointer Move (unknown)
1786100613.250171,746,212,Mac_TrackPad_iso-block-3-trial-1-target-0,720.0,200.0,22.5,False,Pointer Move (unknown)
1786100613.258016,746,210,Mac_TrackPad_iso-block-3-trial-1-target-0,720.0,200.0,22.5,False,Pointer Move (unknown)
1786100613.26611,746,208,Mac_TrackPad_iso-block-3-trial-1-target-0,720.0,200.0,22.5,False,Pointer Move (unknown)
1786100613.2743208,746,206,Mac_TrackPad_iso-block-3-trial-1-target-0,720.0,200.0,22.5,False,Pointer Move (unknown)
1786100613.282311,746,205,Mac_TrackPad_iso-block-3-trial-1-target-0,720.0,200.0,22.5,False,Pointer Move (unknown)
1786100613.290404,746,204,Mac_TrackPad_iso-block-3-trial-1-target-0,720.0,200.0,22.5,False,Pointer Move (unknown)
1786100613.2986,746,202,Mac_TrackPad_iso-block-3-trial-1-target-0,720.0,200.0,22.5,False,Pointer Move (unknown)
1786100613.307174,746,202,Mac_TrackPad_iso-block-3-trial-1-target-0,720.0,200.0,22.5,False,Pointer Move (unknown)
1786100613.314879,746,201,Mac_TrackPad_iso-block-3-trial-1-target-0,720.0,200.0,22.5,False,Pointer Move (unknown)
1786100613.32273,746,201,Mac_TrackPad_iso-block-3-trial-1-target-0,720.0,200.0,22.5,False,Pointer Move (unknown)
1786100613.3391948,746,200,Mac_TrackPad_iso-block-3-trial-1-target-0,720.0,200.0,22.5,False,Pointer Move (unknown)
1786100613.347082,746,200,Mac_TrackPad_iso-block-3-trial-1-target-0,720.0,200.0,22.5,False,Pointer Move (unknown)
1786100613.355189,744,200,Mac_TrackPad_iso-block-3-trial-1-target-0,720.0,200.0,22.5,False,Pointer Move (unknown)
1786100613.363156,743,200,Mac_TrackPad_iso-block-3-trial-1-target-0,720.0,200.0,22.5,False,Pointer Move (unknown)
1786100613.371356,742,200,Mac_TrackPad_iso-block-3-trial-1-target-0,720.0,200.0,22.5,False,Pointer Move (unknown)
1786100613.379426,741,200,Mac_TrackPad_iso-block-3-trial-1-target-0,720.0,200.0,22.5,False,Pointer Move (unknown)
1786100613.387722,740,200,Mac_TrackPad_iso-block-3-trial-1-target-0,720.0,200.0,22.5,False,Pointer Move (unknown)
1786100613.395471,738,200,Mac_TrackPad_iso-block-3-trial-1-target-0,720.0,200.0,22.5,False,Pointer Move (unknown)
1786100613.403696,737,200,Mac_TrackPad_iso-block-3-trial-1-target-0,720.0,200.0,22.5,False,Pointer Move (unknown)
1786100613.411665,736,200,Mac_TrackPad_iso-block-3-trial-1-target-0,720.0,200.0,22.5,False,Pointer Move (unknown)
1786100613.419873,735,200,Mac_TrackPad_iso-block-3-trial-1-target-0,720.0,200.0,22.5,False,Pointer Move (unknown)
1786100613.428093,734,200,Mac_TrackPad_iso-block-3-trial-1-target-0,720.0,200.0,22.5,False,Pointer Move (unknown)
1786100613.4361742,734,200,Mac_TrackPad_iso-block-3-trial-1-target-0,720.0,200.0,22.5,False,Pointer Move (unknown)
1786100613.444144,733,200,Mac_TrackPad_iso-block-3-trial-1-target-0,720.0,200.0,22.5,False,Pointer Move (unknown)
1786100613.452179,732,200,Mac_TrackPad_iso-block-3-trial-1-target-0,720.0,200.0,22.5,False,Pointer Move (unknown)
1786100613.460384,732,200,Mac_TrackPad_iso-block-3-trial-1-target-0,720.0,200.0,22.5,False,Pointer Move (unknown)
1786100613.468411,731,200,Mac_TrackPad_iso-block-3-trial-1-target-0,720.0,200.0,22.5,False,Pointer Move (unknown)
1786100613.4765189,731,200,Mac_TrackPad_iso-block-3-trial-1-target-0,720.0,200.0,22.5,False,Pointer Move (unknown)
1786100613.493873,731,200,Mac_TrackPad_iso-block-3-trial-1-target-0,720.0,200.0,22.5,target_selected,target_selected
1786100613.5198798,731,200,Mac_TrackPad_iso-block-3-trial-2-target-4,720.0,700.0,22.5,False,Pointer Move (unknown)
1786100613.670763,731,201,Mac_TrackPad_iso-block-3-trial-2-target-4,720.0,700.0,22.5,False,Pointer Move (unknown)
1786100613.6788118,731,218,Mac_TrackPad_iso-block-3-trial-2-target-4,720.0,700.0,22.5,False,Pointer Move (unknown)
1786100613.6868548,731,229,Mac_TrackPad_iso-block-3-trial-2-target-4,720.0,700.0,22.5,False,Pointer Move (unknown)
1786100613.694918,731,253,Mac_TrackPad_iso-block-3-trial-2-target-4,720.0,700.0,22.5,False,Pointer Move (unknown)
1786100613.7029078,731,281,Mac_TrackPad_iso-block-3-trial-2-target-4,720.0,700.0,22.5,False,Pointer Move (unknown)
1786100613.710968,731,313,Mac_TrackPad_iso-block-3-trial-2-target-4,720.0,700.0,22.5,False,Pointer Move (unknown)
1786100613.7192168,731,327,Mac_TrackPad_iso-block-3-trial-2-target-4,720.0,700.0,22.5,False,Pointer Move (unknown)
1786100613.727226,731,359,Mac_TrackPad_iso-block-3-trial-2-target-4,720.0,700.0,22.5,False,Pointer Move (unknown)
1786100613.735184,731,391,Mac_TrackPad_iso-block-3-trial-2-target-4,720.0,700.0,22.5,False,Pointer Move (unknown)
1786100613.743444,731,418,Mac_TrackPad_iso-block-3-trial-2-target-4,720.0,700.0,22.5,False,Pointer Move (unknown)
1786100613.751704,731,442,Mac_TrackPad_iso-block-3-trial-2-target-4,720.0,700.0,22.5,False,Pointer Move (unknown)
1786100613.75959,731,463,Mac_TrackPad_iso-block-3-trial-2-target-4,720.0,700.0,22.5,False,Pointer Move (unknown)
1786100613.767644,731,486,Mac_TrackPad_iso-block-3-trial-2-target-4,720.0,700.0,22.5,False,Pointer Move (unknown)
1786100613.77597,731,507,Mac_TrackPad_iso-block-3-trial-2-target-4,720.0,700.0,22.5,False,Pointer Move (unknown)
1786100613.7839282,731,527,Mac_TrackPad_iso-block-3-trial-2-target-4,720.0,700.0,22.5,False,Pointer Move (unknown)
1786100613.791896,731,544,Mac_TrackPad_iso-block-3-trial-2-target-4,720.0,700.0,22.5,False,Pointer Move (unknown)
1786100613.799819,731,564,Mac_TrackPad_iso-block-3-trial-2-target-4,720.0,700.0,22.5,False,Pointer Move (unknown)
1786100613.8076239,731,584,Mac_TrackPad_iso-block-3-trial-2-target-4,720.0,700.0,22.5,False,Pointer Move (unknown)
1786100613.815979,731,598,Mac_TrackPad_iso-block-3-trial-2-target-4,720.0,700.0,22.5,False,Pointer Move (unknown)
1786100613.824023,731,612,Mac_TrackPad_iso-block-3-trial-2-target-4,720.0,700.0,22.5,False,Pointer Move (unknown)
1786100613.8320398,731,626,Mac_TrackPad_iso-block-3-trial-2-target-4,720.0,700.0,22.5,False,Pointer Move (unknown)
1786100613.840482,731,637,Mac_TrackPad_iso-block-3-trial-2-target-4,720.0,700.0,22.5,False,Pointer Move (unknown)
1786100613.8483891,731,648,Mac_TrackPad_iso-block-3-trial-2-target-4,720.0,700.0,22.5,False,Pointer Move (unknown)
1786100613.856541,731,652,Mac_TrackPad_iso-block-3-trial-2-target-4,720.0,700.0,22.5,False,Pointer Move (unknown)
1786100613.864573,731,666,Mac_TrackPad_iso-block-3-trial-2-target-4,720.0,700.0,22.5,False,Pointer Move (unknown)
1786100613.8729331,731,672,Mac_TrackPad_iso-block-3-trial-2-target-4,720.0,700.0,22.5,False,Pointer Move (unknown)
1786100613.881033,731,679,Mac_TrackPad_iso-block-3-trial-2-target-4,720.0,700.0,22.5,False,Pointer Move (unknown)
1786100613.8890529,731,684,Mac_TrackPad_iso-block-3-trial-2-target-4,720.0,700.0,22.5,False,Pointer Move (unknown)
1786100613.897106,731,688,Mac_TrackPad_iso-block-3-trial-2-target-4,720.0,700.0,22.5,False,Pointer Move (unknown)
1786100613.905223,731,693,Mac_TrackPad_iso-block-3-trial-2-target-4,720.0,700.0,22.5,False,Pointer Move (unknown)
1786100613.9130619,731,695,Mac_TrackPad_iso-block-3-trial-2-target-4,720.0,700.0,22.5,False,Pointer Move (unknown)
1786100613.921076,731,700,Mac_TrackPad_iso-block-3-trial-2-target-4,720.0,700.0,22.5,False,Pointer Move (unknown)
1786100613.9291992,731,703,Mac_TrackPad_iso-block-3-trial-2-target-4,720.0,700.0,22.5,False,Pointer Move (unknown)
1786100613.9374669,731,708,Mac_TrackPad_iso-block-3-trial-2-target-4,720.0,700.0,22.5,False,Pointer Move (unknown)
1786100613.9453309,731,711,Mac_TrackPad_iso-block-3-trial-2-target-4,720.0,700.0,22.5,False,Pointer Move (unknown)
1786100613.9535072,731,716,Mac_TrackPad_iso-block-3-trial-2-target-4,720.0,700.0,22.5,False,Pointer Move (unknown)
1786100613.9619892,731,719,Mac_TrackPad_iso-block-3-trial-2-target-4,720.0,700.0,22.5,False,Pointer Move (unknown)
1786100613.969954,731,724,Mac_TrackPad_iso-block-3-trial-2-target-4,720.0,700.0,22.5,False,Pointer Move (unknown)
1786100613.977887,731,727,Mac_TrackPad_iso-block-3-trial-2-target-4,720.0,700.0,22.5,False,Pointer Move (unknown)
1786100613.98603,732,732,Mac_TrackPad_iso-block-3-trial-2-target-4,720.0,700.0,22.5,False,Pointer Move (unknown)
1786100613.994071,733,735,Mac_TrackPad_iso-block-3-trial-2-target-4,720.0,700.0,22.5,False,Pointer Move (unknown)
1786100614.002152,733,739,Mac_TrackPad_iso-block-3-trial-2-target-4,720.0,700.0,22.5,False,Pointer Move (unknown)
1786100614.010239,733,741,Mac_TrackPad_iso-block-3-trial-2-target-4,720.0,700.0,22.5,False,Pointer Move (unknown)
1786100614.0182998,733,742,Mac_TrackPad_iso-block-3-trial-2-target-4,720.0,700.0,22.5,False,Pointer Move (unknown)
1786100614.0264199,734,744,Mac_TrackPad_iso-block-3-trial-2-target-4,720.0,700.0,22.5,False,Pointer Move (unknown)
1786100614.034389,734,744,Mac_TrackPad_iso-block-3-trial-2-target-4,720.0,700.0,22.5,False,Pointer Move (unknown)
1786100614.043135,734,744,Mac_TrackPad_iso-block-3-trial-2-target-4,720.0,700.0,22.5,False,Pointer Move (unknown)
1786100614.050907,734,745,Mac_TrackPad_iso-block-3-trial-2-target-4,720.0,700.0,22.5,False,Pointer Move (unknown)
1786100614.058801,734,745,Mac_TrackPad_iso-block-3-trial-2-target-4,720.0,700.0,22.5,False,Pointer Move (unknown)
1786100614.067071,734,746,Mac_TrackPad_iso-block-3-trial-2-target-4,720.0,700.0,22.5,False,Pointer Move (unknown)
1786100614.083091,734,746,Mac_TrackPad_iso-block-3-trial-2-target-4,720.0,700.0,22.5,False,Pointer Move (unknown)
1786100614.155881,734,745,Mac_TrackPad_iso-block-3-trial-2-target-4,720.0,700.0,22.5,False,Pointer Move (unknown)
1786100614.164187,734,744,Mac_TrackPad_iso-block-3-trial-2-target-4,720.0,700.0,22.5,False,Pointer Move (unknown)
1786100614.172321,734,743,Mac_TrackPad_iso-block-3-trial-2-target-4,720.0,700.0,22.5,False,Pointer Move (unknown)
1786100614.180355,734,741,Mac_TrackPad_iso-block-3-trial-2-target-4,720.0,700.0,22.5,False,Pointer Move (unknown)
1786100614.188223,734,740,Mac_TrackPad_iso-block-3-trial-2-target-4,720.0,700.0,22.5,False,Pointer Move (unknown)
1786100614.1961029,734,738,Mac_TrackPad_iso-block-3-trial-2-target-4,720.0,700.0,22.5,False,Pointer Move (unknown)
1786100614.2046359,734,737,Mac_TrackPad_iso-block-3-trial-2-target-4,720.0,700.0,22.5,False,Pointer Move (unknown)
1786100614.2125828,734,735,Mac_TrackPad_iso-block-3-trial-2-target-4,720.0,700.0,22.5,False,Pointer Move (unknown)
1786100614.22053,734,733,Mac_TrackPad_iso-block-3-trial-2-target-4,720.0,700.0,22.5,False,Pointer Move (unknown)
1786100614.228659,734,732,Mac_TrackPad_iso-block-3-trial-2-target-4,720.0,700.0,22.5,False,Pointer Move (unknown)
1786100614.236895,734,731,Mac_TrackPad_iso-block-3-trial-2-target-4,720.0,700.0,22.5,False,Pointer Move (unknown)
1786100614.245256,734,730,Mac_TrackPad_iso-block-3-trial-2-target-4,720.0,700.0,22.5,False,Pointer Move (unknown)
1786100614.2530508,734,729,Mac_TrackPad_iso-block-3-trial-2-target-4,720.0,700.0,22.5,False,Pointer Move (unknown)
1786100614.261058,734,728,Mac_TrackPad_iso-block-3-trial-2-target-4,720.0,700.0,22.5,False,Pointer Move (unknown)
1786100614.269038,734,727,Mac_TrackPad_iso-block-3-trial-2-target-4,720.0,700.0,22.5,False,Pointer Move (unknown)
1786100614.277167,734,726,Mac_TrackPad_iso-block-3-trial-2-target-4,720.0,700.0,22.5,False,Pointer Move (unknown)
1786100614.285395,734,726,Mac_TrackPad_iso-block-3-trial-2-target-4,720.0,700.0,22.5,False,Pointer Move (unknown)
1786100614.293449,734,725,Mac_TrackPad_iso-block-3-trial-2-target-4,720.0,700.0,22.5,False,Pointer Move (unknown)
1786100614.301406,734,725,Mac_TrackPad_iso-block-3-trial-2-target-4,720.0,700.0,22.5,False,Pointer Move (unknown)
1786100614.309335,734,724,Mac_TrackPad_iso-block-3-trial-2-target-4,720.0,700.0,22.5,False,Pointer Move (unknown)
1786100614.318122,734,724,Mac_TrackPad_iso-block-3-trial-2-target-4,720.0,700.0,22.5,False,Pointer Move (unknown)
1786100614.325631,734,723,Mac_TrackPad_iso-block-3-trial-2-target-4,720.0,700.0,22.5,False,Pointer Move (unknown)
1786100614.333743,734,723,Mac_TrackPad_iso-block-3-trial-2-target-4,720.0,700.0,22.5,False,Pointer Move (unknown)
1786100614.341867,734,723,Mac_TrackPad_iso-block-3-trial-2-target-4,720.0,700.0,22.5,False,Pointer Move (unknown)
1786100614.3499231,734,722,Mac_TrackPad_iso-block-3-trial-2-target-4,720.0,700.0,22.5,False,Pointer Move (unknown)
1786100614.358253,734,722,Mac_TrackPad_iso-block-3-trial-2-target-4,720.0,700.0,22.5,False,Pointer Move (unknown)
1786100614.366192,734,721,Mac_TrackPad_iso-block-3-trial-2-target-4,720.0,700.0,22.5,False,Pointer Move (unknown)
1786100614.3742871,734,721,Mac_TrackPad_iso-block-3-trial-2-target-4,720.0,700.0,22.5,False,Pointer Move (unknown)
1786100614.382383,734,721,Mac_TrackPad_iso-block-3-trial-2-target-4,720.0,700.0,22.5,False,Pointer Move (unknown)
1786100614.3904169,734,720,Mac_TrackPad_iso-block-3-trial-2-target-4,720.0,700.0,22.5,False,Pointer Move (unknown)
1786100614.398446,734,720,Mac_TrackPad_iso-block-3-trial-2-target-4,720.0,700.0,22.5,False,Pointer Move (unknown)
1786100614.406699,734,720,Mac_TrackPad_iso-block-3-trial-2-target-4,720.0,700.0,22.5,False,Pointer Move (unknown)
1786100614.414839,734,719,Mac_TrackPad_iso-block-3-trial-2-target-4,720.0,700.0,22.5,False,Pointer Move (unknown)
1786100614.422793,734,719,Mac_TrackPad_iso-block-3-trial-2-target-4,720.0,700.0,22.5,False,Pointer Move (unknown)
1786100614.430788,733,718,Mac_TrackPad_iso-block-3-trial-2-target-4,720.0,700.0,22.5,False,Pointer Move (unknown)
1786100614.438873,733,718,Mac_TrackPad_iso-block-3-trial-2-target-4,720.0,700.0,22.5,False,Pointer Move (unknown)
1786100614.44718,733,718,Mac_TrackPad_iso-block-3-trial-2-target-4,720.0,700.0,22.5,False,Pointer Move (unknown)
1786100614.4552379,733,718,Mac_TrackPad_iso-block-3-trial-2-target-4,720.0,700.0,22.5,False,Pointer Move (unknown)
1786100614.46332,733,717,Mac_TrackPad_iso-block-3-trial-2-target-4,720.0,700.0,22.5,False,Pointer Move (unknown)
1786100614.494272,733,717,Mac_TrackPad_iso-block-3-trial-2-target-4,720.0,700.0,22.5,target_selected,target_selected
1786100614.811222,733,717,Mac_TrackPad_iso-block-3-trial-3-target-0,720.0,200.0,22.5,False,Pointer Move (unknown)
1786100614.819079,733,714,Mac_TrackPad_iso-block-3-trial-3-target-0,720.0,200.0,22.5,False,Pointer Move (unknown)
1786100614.827127,733,707,Mac_TrackPad_iso-block-3-trial-3-target-0,720.0,200.0,22.5,False,Pointer Move (unknown)
1786100614.835286,733,698,Mac_TrackPad_iso-block-3-trial-3-target-0,720.0,200.0,22.5,False,Pointer Move (unknown)
1786100614.843213,733,684,Mac_TrackPad_iso-block-3-trial-3-target-0,720.0,200.0,22.5,False,Pointer Move (unknown)
1786100614.8515809,733,664,Mac_TrackPad_iso-block-3-trial-3-target-0,720.0,200.0,22.5,False,Pointer Move (unknown)
1786100614.859589,733,644,Mac_TrackPad_iso-block-3-trial-3-target-0,720.0,200.0,22.5,False,Pointer Move (unknown)
1786100614.8677719,733,616,Mac_TrackPad_iso-block-3-trial-3-target-0,720.0,200.0,22.5,False,Pointer Move (unknown)
1786100614.875686,733,592,Mac_TrackPad_iso-block-3-trial-3-target-0,720.0,200.0,22.5,False,Pointer Move (unknown)
1786100614.884,733,564,Mac_TrackPad_iso-block-3-trial-3-target-0,720.0,200.0,22.5,False,Pointer Move (unknown)
1786100614.8919702,733,537,Mac_TrackPad_iso-block-3-trial-3-target-0,720.0,200.0,22.5,False,Pointer Move (unknown)
1786100614.900099,733,513,Mac_TrackPad_iso-block-3-trial-3-target-0,720.0,200.0,22.5,False,Pointer Move (unknown)
1786100614.908374,733,485,Mac_TrackPad_iso-block-3-trial-3-target-0,720.0,200.0,22.5,False,Pointer Move (unknown)
1786100614.91599,733,465,Mac_TrackPad_iso-block-3-trial-3-target-0,720.0,200.0,22.5,False,Pointer Move (unknown)
1786100614.924107,733,448,Mac_TrackPad_iso-block-3-trial-3-target-0,720.0,200.0,22.5,False,Pointer Move (unknown)
1786100614.932603,733,441,Mac_TrackPad_iso-block-3-trial-3-target-0,720.0,200.0,22.5,False,Pointer Move (unknown)
1786100614.9403489,733,427,Mac_TrackPad_iso-block-3-trial-3-target-0,720.0,200.0,22.5,False,Pointer Move (unknown)
1786100614.948766,733,413,Mac_TrackPad_iso-block-3-trial-3-target-0,720.0,200.0,22.5,False,Pointer Move (unknown)
1786100614.956667,734,405,Mac_TrackPad_iso-block-3-trial-3-target-0,720.0,200.0,22.5,False,Pointer Move (unknown)
1786100614.964629,735,396,Mac_TrackPad_iso-block-3-trial-3-target-0,720.0,200.0,22.5,False,Pointer Move (unknown)
1786100614.973043,736,389,Mac_TrackPad_iso-block-3-trial-3-target-0,720.0,200.0,22.5,False,Pointer Move (unknown)
1786100614.981162,736,384,Mac_TrackPad_iso-block-3-trial-3-target-0,720.0,200.0,22.5,False,Pointer Move (unknown)
1786100614.9890702,736,380,Mac_TrackPad_iso-block-3-trial-3-target-0,720.0,200.0,22.5,False,Pointer Move (unknown)
1786100614.997089,736,376,Mac_TrackPad_iso-block-3-trial-3-target-0,720.0,200.0,22.5,False,Pointer Move (unknown)
1786100615.004964,736,373,Mac_TrackPad_iso-block-3-trial-3-target-0,720.0,200.0,22.5,False,Pointer Move (unknown)
1786100615.013175,736,371,Mac_TrackPad_iso-block-3-trial-3-target-0,720.0,200.0,22.5,False,Pointer Move (unknown)
1786100615.021172,736,369,Mac_TrackPad_iso-block-3-trial-3-target-0,720.0,200.0,22.5,False,Pointer Move (unknown)
1786100615.029401,736,367,Mac_TrackPad_iso-block-3-trial-3-target-0,720.0,200.0,22.5,False,Pointer Move (unknown)
1786100615.037408,736,366,Mac_TrackPad_iso-block-3-trial-3-target-0,720.0,200.0,22.5,False,Pointer Move (unknown)
1786100615.0454242,736,365,Mac_TrackPad_iso-block-3-trial-3-target-0,720.0,200.0,22.5,False,Pointer Move (unknown)
1786100615.053824,736,363,Mac_TrackPad_iso-block-3-trial-3-target-0,720.0,200.0,22.5,False,Pointer Move (unknown)
1786100615.061858,736,362,Mac_TrackPad_iso-block-3-trial-3-target-0,720.0,200.0,22.5,False,Pointer Move (unknown)
1786100615.069876,736,360,Mac_TrackPad_iso-block-3-trial-3-target-0,720.0,200.0,22.5,False,Pointer Move (unknown)
1786100615.078017,736,359,Mac_TrackPad_iso-block-3-trial-3-target-0,720.0,200.0,22.5,False,Pointer Move (unknown)
1786100615.085999,736,357,Mac_TrackPad_iso-block-3-trial-3-target-0,720.0,200.0,22.5,False,Pointer Move (unknown)
1786100615.0941062,736,356,Mac_TrackPad_iso-block-3-trial-3-target-0,720.0,200.0,22.5,False,Pointer Move (unknown)
1786100615.102211,736,354,Mac_TrackPad_iso-block-3-trial-3-target-0,720.0,200.0,22.5,False,Pointer Move (unknown)
1786100615.110157,736,352,Mac_TrackPad_iso-block-3-trial-3-target-0,720.0,200.0,22.5,False,Pointer Move (unknown)
1786100615.118167,736,350,Mac_TrackPad_iso-block-3-trial-3-target-0,720.0,200.0,22.5,False,Pointer Move (unknown)
1786100615.126205,736,347,Mac_TrackPad_iso-block-3-trial-3-target-0,720.0,200.0,22.5,False,Pointer Move (unknown)
1786100615.134777,736,343,Mac_TrackPad_iso-block-3-trial-3-target-0,720.0,200.0,22.5,False,Pointer Move (unknown)
1786100615.142716,736,340,Mac_TrackPad_iso-block-3-trial-3-target-0,720.0,200.0,22.5,False,Pointer Move (unknown)
1786100615.1505,734,331,Mac_TrackPad_iso-block-3-trial-3-target-0,720.0,200.0,22.5,False,Pointer Move (unknown)
1786100615.158747,734,325,Mac_TrackPad_iso-block-3-trial-3-target-0,720.0,200.0,22.5,False,Pointer Move (unknown)
1786100615.1675909,732,316,Mac_TrackPad_iso-block-3-trial-3-target-0,720.0,200.0,22.5,False,Pointer Move (unknown)
1786100615.175049,732,302,Mac_TrackPad_iso-block-3-trial-3-target-0,720.0,200.0,22.5,False,Pointer Move (unknown)
1786100615.183163,732,288,Mac_TrackPad_iso-block-3-trial-3-target-0,720.0,200.0,22.5,False,Pointer Move (unknown)
1786100615.1911821,732,271,Mac_TrackPad_iso-block-3-trial-3-target-0,720.0,200.0,22.5,False,Pointer Move (unknown)
1786100615.1992629,732,251,Mac_TrackPad_iso-block-3-trial-3-target-0,720.0,200.0,22.5,False,Pointer Move (unknown)
1786100615.207226,732,234,Mac_TrackPad_iso-block-3-trial-3-target-0,720.0,200.0,22.5,False,Pointer Move (unknown)
1786100615.215399,732,225,Mac_TrackPad_iso-block-3-trial-3-target-0,720.0,200.0,22.5,False,Pointer Move (unknown)
1786100615.223357,732,211,Mac_TrackPad_iso-block-3-trial-3-target-0,720.0,200.0,22.5,False,Pointer Move (unknown)
1786100615.23147,732,197,Mac_TrackPad_iso-block-3-trial-3-target-0,720.0,200.0,22.5,False,Pointer Move (unknown)
1786100615.239656,734,186,Mac_TrackPad_iso-block-3-trial-3-target-0,720.0,200.0,22.5,False,Pointer Move (unknown)
1786100615.247742,735,175,Mac_TrackPad_iso-block-3-trial-3-target-0,720.0,200.0,22.5,False,Pointer Move (unknown)
1786100615.2560818,736,169,Mac_TrackPad_iso-block-3-trial-3-target-0,720.0,200.0,22.5,False,Pointer Move (unknown)
1786100615.264058,736,162,Mac_TrackPad_iso-block-3-trial-3-target-0,720.0,200.0,22.5,False,Pointer Move (unknown)
1786100615.27206,737,159,Mac_TrackPad_iso-block-3-trial-3-target-0,720.0,200.0,22.5,False,Pointer Move (unknown)
1786100615.280166,737,155,Mac_TrackPad_iso-block-3-trial-3-target-0,720.0,200.0,22.5,False,Pointer Move (unknown)
1786100615.2881532,737,153,Mac_TrackPad_iso-block-3-trial-3-target-0,720.0,200.0,22.5,False,Pointer Move (unknown)
1786100615.296277,737,152,Mac_TrackPad_iso-block-3-trial-3-target-0,720.0,200.0,22.5,False,Pointer Move (unknown)
1786100615.3042629,737,151,Mac_TrackPad_iso-block-3-trial-3-target-0,720.0,200.0,22.5,False,Pointer Move (unknown)
1786100615.312315,737,151,Mac_TrackPad_iso-block-3-trial-3-target-0,720.0,200.0,22.5,False,Pointer Move (unknown)
1786100615.320554,737,151,Mac_TrackPad_iso-block-3-trial-3-target-0,720.0,200.0,22.5,False,Pointer Move (unknown)
1786100615.328489,737,150,Mac_TrackPad_iso-block-3-trial-3-target-0,720.0,200.0,22.5,False,Pointer Move (unknown)
1786100615.344827,737,150,Mac_TrackPad_iso-block-3-trial-3-target-0,720.0,200.0,22.5,False,Pointer Move (unknown)
1786100615.425913,737,150,Mac_TrackPad_iso-block-3-trial-3-target-0,720.0,200.0,22.5,False,Pointer Move (unknown)
1786100615.4338849,736,150,Mac_TrackPad_iso-block-3-trial-3-target-0,720.0,200.0,22.5,False,Pointer Move (unknown)
1786100615.450044,736,150,Mac_TrackPad_iso-block-3-trial-3-target-0,720.0,200.0,22.5,False,Pointer Move (unknown)
1786100615.458072,736,150,Mac_TrackPad_iso-block-3-trial-3-target-0,720.0,200.0,22.5,False,Pointer Move (unknown)
1786100615.466222,736,151,Mac_TrackPad_iso-block-3-trial-3-target-0,720.0,200.0,22.5,False,Pointer Move (unknown)
1786100615.474338,736,152,Mac_TrackPad_iso-block-3-trial-3-target-0,720.0,200.0,22.5,False,Pointer Move (unknown)
1786100615.482218,735,153,Mac_TrackPad_iso-block-3-trial-3-target-0,720.0,200.0,22.5,False,Pointer Move (unknown)
1786100615.4904141,735,154,Mac_TrackPad_iso-block-3-trial-3-target-0,720.0,200.0,22.5,False,Pointer Move (unknown)
1786100615.4995358,735,155,Mac_TrackPad_iso-block-3-trial-3-target-0,720.0,200.0,22.5,False,Pointer Move (unknown)
1786100615.506482,734,156,Mac_TrackPad_iso-block-3-trial-3-target-0,720.0,200.0,22.5,False,Pointer Move (unknown)
1786100615.514696,734,158,Mac_TrackPad_iso-block-3-trial-3-target-0,720.0,200.0,22.5,False,Pointer Move (unknown)
1786100615.522801,734,159,Mac_TrackPad_iso-block-3-trial-3-target-0,720.0,200.0,22.5,False,Pointer Move (unknown)
1786100615.531119,734,160,Mac_TrackPad_iso-block-3-trial-3-target-0,720.0,200.0,22.5,False,Pointer Move (unknown)
1786100615.5392609,734,162,Mac_TrackPad_iso-block-3-trial-3-target-0,720.0,200.0,22.5,False,Pointer Move (unknown)
1786100615.5472,734,165,Mac_TrackPad_iso-block-3-trial-3-target-0,720.0,200.0,22.5,False,Pointer Move (unknown)
1786100615.555396,733,168,Mac_TrackPad_iso-block-3-trial-3-target-0,720.0,200.0,22.5,False,Pointer Move (unknown)
1786100615.563335,732,172,Mac_TrackPad_iso-block-3-trial-3-target-0,720.0,200.0,22.5,False,Pointer Move (unknown)
1786100615.5714061,732,176,Mac_TrackPad_iso-block-3-trial-3-target-0,720.0,200.0,22.5,False,Pointer Move (unknown)
1786100615.579577,731,181,Mac_TrackPad_iso-block-3-trial-3-target-0,720.0,200.0,22.5,False,Pointer Move (unknown)
1786100615.587589,730,186,Mac_TrackPad_iso-block-3-trial-3-target-0,720.0,200.0,22.5,False,Pointer Move (unknown)
1786100615.595725,729,191,Mac_TrackPad_iso-block-3-trial-3-target-0,720.0,200.0,22.5,False,Pointer Move (unknown)
1786100615.603712,728,194,Mac_TrackPad_iso-block-3-trial-3-target-0,720.0,200.0,22.5,False,Pointer Move (unknown)
1786100615.611754,727,199,Mac_TrackPad_iso-block-3-trial-3-target-0,720.0,200.0,22.5,False,Pointer Move (unknown)
1786100615.620262,727,201,Mac_TrackPad_iso-block-3-trial-3-target-0,720.0,200.0,22.5,False,Pointer Move (unknown)
1786100615.628157,727,203,Mac_TrackPad_iso-block-3-trial-3-target-0,720.0,200.0,22.5,False,Pointer Move (unknown)
1786100615.63618,726,205,Mac_TrackPad_iso-block-3-trial-3-target-0,720.0,200.0,22.5,False,Pointer Move (unknown)
1786100615.64413,726,206,Mac_TrackPad_iso-block-3-trial-3-target-0,720.0,200.0,22.5,False,Pointer Move (unknown)
1786100615.6526341,726,207,Mac_TrackPad_iso-block-3-trial-3-target-0,720.0,200.0,22.5,False,Pointer Move (unknown)
1786100615.661152,726,207,Mac_TrackPad_iso-block-3-trial-3-target-0,720.0,200.0,22.5,False,Pointer Move (unknown)
1786100615.6688828,726,208,Mac_TrackPad_iso-block-3-trial-3-target-0,720.0,200.0,22.5,False,Pointer Move (unknown)
1786100615.677135,725,209,Mac_TrackPad_iso-block-3-trial-3-target-0,720.0,200.0,22.5,False,Pointer Move (unknown)
1786100615.6853068,725,209,Mac_TrackPad_iso-block-3-trial-3-target-0,720.0,200.0,22.5,False,Pointer Move (unknown)
1786100615.693412,725,210,Mac_TrackPad_iso-block-3-trial-3-target-0,720.0,200.0,22.5,False,Pointer Move (unknown)
1786100615.701514,725,210,Mac_TrackPad_iso-block-3-trial-3-target-0,720.0,200.0,22.5,False,Pointer Move (unknown)
1786100615.7093902,725,210,Mac_TrackPad_iso-block-3-trial-3-target-0,720.0,200.0,22.5,False,Pointer Move (unknown)
1786100615.7175128,725,211,Mac_TrackPad_iso-block-3-trial-3-target-0,720.0,200.0,22.5,False,Pointer Move (unknown)
1786100615.743836,725,211,Mac_TrackPad_iso-block-3-trial-3-target-0,720.0,200.0,22.5,target_selected,target_selected
1786100615.767699,725,211,Mac_TrackPad_iso-block-3-trial-4-target-4,720.0,700.0,22.5,False,Pointer Move (unknown)
1786100615.911129,725,212,Mac_TrackPad_iso-block-3-trial-4-target-4,720.0,700.0,22.5,False,Pointer Move (unknown)
1786100615.9194,725,221,Mac_TrackPad_iso-block-3-trial-4-target-4,720.0,700.0,22.5,False,Pointer Move (unknown)
1786100615.927139,725,232,Mac_TrackPad_iso-block-3-trial-4-target-4,720.0,700.0,22.5,False,Pointer Move (unknown)
1786100615.9351711,725,260,Mac_TrackPad_iso-block-3-trial-4-target-4,720.0,700.0,22.5,False,Pointer Move (unknown)
1786100615.943624,725,287,Mac_TrackPad_iso-block-3-trial-4-target-4,720.0,700.0,22.5,False,Pointer Move (unknown)
1786100615.951583,725,315,Mac_TrackPad_iso-block-3-trial-4-target-4,720.0,700.0,22.5,False,Pointer Move (unknown)
1786100615.959691,725,326,Mac_TrackPad_iso-block-3-trial-4-target-4,720.0,700.0,22.5,False,Pointer Move (unknown)
1786100615.967673,725,354,Mac_TrackPad_iso-block-3-trial-4-target-4,720.0,700.0,22.5,False,Pointer Move (unknown)
1786100615.975759,725,386,Mac_TrackPad_iso-block-3-trial-4-target-4,720.0,700.0,22.5,False,Pointer Move (unknown)
1786100615.984065,725,414,Mac_TrackPad_iso-block-3-trial-4-target-4,720.0,700.0,22.5,False,Pointer Move (unknown)
1786100615.992024,725,446,Mac_TrackPad_iso-block-3-trial-4-target-4,720.0,700.0,22.5,False,Pointer Move (unknown)
1786100616.000155,725,470,Mac_TrackPad_iso-block-3-trial-4-target-4,720.0,700.0,22.5,False,Pointer Move (unknown)
1786100616.00821,725,498,Mac_TrackPad_iso-block-3-trial-4-target-4,720.0,700.0,22.5,False,Pointer Move (unknown)
1786100616.016126,725,518,Mac_TrackPad_iso-block-3-trial-4-target-4,720.0,700.0,22.5,False,Pointer Move (unknown)
1786100616.024228,725,538,Mac_TrackPad_iso-block-3-trial-4-target-4,720.0,700.0,22.5,False,Pointer Move (unknown)
1786100616.0322921,725,559,Mac_TrackPad_iso-block-3-trial-4-target-4,720.0,700.0,22.5,False,Pointer Move (unknown)
1786100616.040373,725,576,Mac_TrackPad_iso-block-3-trial-4-target-4,720.0,700.0,22.5,False,Pointer Move (unknown)
1786100616.048498,725,592,Mac_TrackPad_iso-block-3-trial-4-target-4,720.0,700.0,22.5,False,Pointer Move (unknown)
1786100616.056811,725,609,Mac_TrackPad_iso-block-3-trial-4-target-4,720.0,700.0,22.5,False,Pointer Move (unknown)
1786100616.0650759,725,623,Mac_TrackPad_iso-block-3-trial-4-target-4,720.0,700.0,22.5,False,Pointer Move (unknown)
1786100616.0726988,725,626,Mac_TrackPad_iso-block-3-trial-4-target-4,720.0,700.0,22.5,False,Pointer Move (unknown)
1786100616.080898,725,638,Mac_TrackPad_iso-block-3-trial-4-target-4,720.0,700.0,22.5,False,Pointer Move (unknown)
1786100616.089204,725,649,Mac_TrackPad_iso-block-3-trial-4-target-4,720.0,700.0,22.5,False,Pointer Move (unknown)
1786100616.097107,725,655,Mac_TrackPad_iso-block-3-trial-4-target-4,720.0,700.0,22.5,False,Pointer Move (unknown)
1786100616.105228,725,664,Mac_TrackPad_iso-block-3-trial-4-target-4,720.0,700.0,22.5,False,Pointer Move (unknown)
1786100616.113267,725,669,Mac_TrackPad_iso-block-3-trial-4-target-4,720.0,700.0,22.5,False,Pointer Move (unknown)
1786100616.121404,725,676,Mac_TrackPad_iso-block-3-trial-4-target-4,720.0,700.0,22.5,False,Pointer Move (unknown)
1786100616.129459,725,679,Mac_TrackPad_iso-block-3-trial-4-target-4,720.0,700.0,22.5,False,Pointer Move (unknown)
1786100616.137461,725,684,Mac_TrackPad_iso-block-3-trial-4-target-4,720.0,700.0,22.5,False,Pointer Move (unknown)
1786100616.1455271,725,688,Mac_TrackPad_iso-block-3-trial-4-target-4,720.0,700.0,22.5,False,Pointer Move (unknown)
1786100616.1537652,725,692,Mac_TrackPad_iso-block-3-trial-4-target-4,720.0,700.0,22.5,False,Pointer Move (unknown)
1786100616.161797,725,696,Mac_TrackPad_iso-block-3-trial-4-target-4,720.0,700.0,22.5,False,Pointer Move (unknown)
1786100616.169921,725,700,Mac_TrackPad_iso-block-3-trial-4-target-4,720.0,700.0,22.5,False,Pointer Move (unknown)
1786100616.178077,725,703,Mac_TrackPad_iso-block-3-trial-4-target-4,720.0,700.0,22.5,False,Pointer Move (unknown)
1786100616.18623,725,705,Mac_TrackPad_iso-block-3-trial-4-target-4,720.0,700.0,22.5,False,Pointer Move (unknown)
1786100616.194188,725,708,Mac_TrackPad_iso-block-3-trial-4-target-4,720.0,700.0,22.5,False,Pointer Move (unknown)
1786100616.202268,726,710,Mac_TrackPad_iso-block-3-trial-4-target-4,720.0,700.0,22.5,False,Pointer Move (unknown)
1786100616.210336,726,711,Mac_TrackPad_iso-block-3-trial-4-target-4,720.0,700.0,22.5,False,Pointer Move (unknown)
1786100616.218326,727,713,Mac_TrackPad_iso-block-3-trial-4-target-4,720.0,700.0,22.5,False,Pointer Move (unknown)
1786100616.226562,727,714,Mac_TrackPad_iso-block-3-trial-4-target-4,720.0,700.0,22.5,False,Pointer Move (unknown)
1786100616.234743,727,716,Mac_TrackPad_iso-block-3-trial-4-target-4,720.0,700.0,22.5,False,Pointer Move (unknown)
1786100616.242701,727,717,Mac_TrackPad_iso-block-3-trial-4-target-4,720.0,700.0,22.5,False,Pointer Move (unknown)
1786100616.2507992,728,719,Mac_TrackPad_iso-block-3-trial-4-target-4,720.0,700.0,22.5,False,Pointer Move (unknown)
1786100616.258941,728,720,Mac_TrackPad_iso-block-3-trial-4-target-4,720.0,700.0,22.5,False,Pointer Move (unknown)
1786100616.267147,729,721,Mac_TrackPad_iso-block-3-trial-4-target-4,720.0,700.0,22.5,False,Pointer Move (unknown)
1786100616.2750342,729,723,Mac_TrackPad_iso-block-3-trial-4-target-4,720.0,700.0,22.5,False,Pointer Move (unknown)
1786100616.283147,729,724,Mac_TrackPad_iso-block-3-trial-4-target-4,720.0,700.0,22.5,False,Pointer Move (unknown)
1786100616.291092,729,725,Mac_TrackPad_iso-block-3-trial-4-target-4,720.0,700.0,22.5,False,Pointer Move (unknown)
1786100616.299374,729,725,Mac_TrackPad_iso-block-3-trial-4-target-4,720.0,700.0,22.5,False,Pointer Move (unknown)
1786100616.307472,729,726,Mac_TrackPad_iso-block-3-trial-4-target-4,720.0,700.0,22.5,False,Pointer Move (unknown)
1786100616.315377,729,726,Mac_TrackPad_iso-block-3-trial-4-target-4,720.0,700.0,22.5,False,Pointer Move (unknown)
1786100616.323402,729,726,Mac_TrackPad_iso-block-3-trial-4-target-4,720.0,700.0,22.5,False,Pointer Move (unknown)
1786100616.3317,729,727,Mac_TrackPad_iso-block-3-trial-4-target-4,720.0,700.0,22.5,False,Pointer Move (unknown)
1786100616.38874,729,726,Mac_TrackPad_iso-block-3-trial-4-target-4,720.0,700.0,22.5,False,Pointer Move (unknown)
1786100616.396393,729,725,Mac_TrackPad_iso-block-3-trial-4-target-4,720.0,700.0,22.5,False,Pointer Move (unknown)
1786100616.4044852,729,725,Mac_TrackPad_iso-block-3-trial-4-target-4,720.0,700.0,22.5,False,Pointer Move (unknown)
1786100616.412545,729,724,Mac_TrackPad_iso-block-3-trial-4-target-4,720.0,700.0,22.5,False,Pointer Move (unknown)
1786100616.4449012,729,723,Mac_TrackPad_iso-block-3-trial-4-target-4,720.0,700.0,22.5,False,Pointer Move (unknown)
1786100616.83328,729,723,Mac_TrackPad_iso-block-3-trial-4-target-4,720.0,700.0,22.5,False,Pointer Move (unknown)
1786100616.8412411,729,722,Mac_TrackPad_iso-block-3-trial-4-target-4,720.0,700.0,22.5,False,Pointer Move (unknown)
1786100616.8491771,729,721,Mac_TrackPad_iso-block-3-trial-4-target-4,720.0,700.0,22.5,False,Pointer Move (unknown)
1786100616.8571498,729,720,Mac_TrackPad_iso-block-3-trial-4-target-4,720.0,700.0,22.5,False,Pointer Move (unknown)
1786100616.865265,728,718,Mac_TrackPad_iso-block-3-trial-4-target-4,720.0,700.0,22.5,False,Pointer Move (unknown)
1786100616.873711,728,716,Mac_TrackPad_iso-block-3-trial-4-target-4,720.0,700.0,22.5,False,Pointer Move (unknown)
1786100616.881715,727,714,Mac_TrackPad_iso-block-3-trial-4-target-4,720.0,700.0,22.5,False,Pointer Move (unknown)
1786100616.88973,726,713,Mac_TrackPad_iso-block-3-trial-4-target-4,720.0,700.0,22.5,False,Pointer Move (unknown)
1786100616.8975701,726,711,Mac_TrackPad_iso-block-3-trial-4-target-4,720.0,700.0,22.5,False,Pointer Move (unknown)
1786100616.905897,725,709,Mac_TrackPad_iso-block-3-trial-4-target-4,720.0,700.0,22.5,False,Pointer Move (unknown)
1786100616.914101,724,708,Mac_TrackPad_iso-block-3-trial-4-target-4,720.0,700.0,22.5,False,Pointer Move (unknown)
1786100616.921951,724,707,Mac_TrackPad_iso-block-3-trial-4-target-4,720.0,700.0,22.5,False,Pointer Move (unknown)
1786100616.930132,724,706,Mac_TrackPad_iso-block-3-trial-4-target-4,720.0,700.0,22.5,False,Pointer Move (unknown)
1786100616.938126,723,705,Mac_TrackPad_iso-block-3-trial-4-target-4,720.0,700.0,22.5,False,Pointer Move (unknown)
1786100616.946382,723,705,Mac_TrackPad_iso-block-3-trial-4-target-4,720.0,700.0,22.5,False,Pointer Move (unknown)
1786100616.9542882,723,704,Mac_TrackPad_iso-block-3-trial-4-target-4,720.0,700.0,22.5,False,Pointer Move (unknown)
1786100616.96225,723,704,Mac_TrackPad_iso-block-3-trial-4-target-4,720.0,700.0,22.5,False,Pointer Move (unknown)
1786100616.993811,723,704,Mac_TrackPad_iso-block-3-trial-4-target-4,720.0,700.0,22.5,target_selected,target_selected
1786100617.221426,723,703,Mac_TrackPad_iso-block-3-trial-5-target-0,720.0,200.0,22.5,False,Pointer Move (unknown)
1786100617.229586,723,699,Mac_TrackPad_iso-block-3-trial-5-target-0,720.0,200.0,22.5,False,Pointer Move (unknown)
1786100617.237591,723,692,Mac_TrackPad_iso-block-3-trial-5-target-0,720.0,200.0,22.5,False,Pointer Move (unknown)
1786100617.245566,723,668,Mac_TrackPad_iso-block-3-trial-5-target-0,720.0,200.0,22.5,False,Pointer Move (unknown)
1786100617.2538419,723,657,Mac_TrackPad_iso-block-3-trial-5-target-0,720.0,200.0,22.5,False,Pointer Move (unknown)
1786100617.261685,723,637,Mac_TrackPad_iso-block-3-trial-5-target-0,720.0,200.0,22.5,False,Pointer Move (unknown)
1786100617.27001,723,609,Mac_TrackPad_iso-block-3-trial-5-target-0,720.0,200.0,22.5,False,Pointer Move (unknown)
1786100617.278326,723,557,Mac_TrackPad_iso-block-3-trial-5-target-0,720.0,200.0,22.5,False,Pointer Move (unknown)
1786100617.286027,723,520,Mac_TrackPad_iso-block-3-trial-5-target-0,720.0,200.0,22.5,False,Pointer Move (unknown)
1786100617.2942731,723,483,Mac_TrackPad_iso-block-3-trial-5-target-0,720.0,200.0,22.5,False,Pointer Move (unknown)
1786100617.3020968,723,466,Mac_TrackPad_iso-block-3-trial-5-target-0,720.0,200.0,22.5,False,Pointer Move (unknown)
1786100617.310165,723,430,Mac_TrackPad_iso-block-3-trial-5-target-0,720.0,200.0,22.5,False,Pointer Move (unknown)
1786100617.3188748,723,393,Mac_TrackPad_iso-block-3-trial-5-target-0,720.0,200.0,22.5,False,Pointer Move (unknown)
1786100617.326707,723,361,Mac_TrackPad_iso-block-3-trial-5-target-0,720.0,200.0,22.5,False,Pointer Move (unknown)
1786100617.3345149,723,329,Mac_TrackPad_iso-block-3-trial-5-target-0,720.0,200.0,22.5,False,Pointer Move (unknown)
1786100617.342495,725,297,Mac_TrackPad_iso-block-3-trial-5-target-0,720.0,200.0,22.5,False,Pointer Move (unknown)
1786100617.350653,728,265,Mac_TrackPad_iso-block-3-trial-5-target-0,720.0,200.0,22.5,False,Pointer Move (unknown)
1786100617.3588061,730,241,Mac_TrackPad_iso-block-3-trial-5-target-0,720.0,200.0,22.5,False,Pointer Move (unknown)
1786100617.366941,734,217,Mac_TrackPad_iso-block-3-trial-5-target-0,720.0,200.0,22.5,False,Pointer Move (unknown)
1786100617.37494,737,200,Mac_TrackPad_iso-block-3-trial-5-target-0,720.0,200.0,22.5,False,Pointer Move (unknown)
1786100617.382988,737,194,Mac_TrackPad_iso-block-3-trial-5-target-0,720.0,200.0,22.5,False,Pointer Move (unknown)
1786100617.391123,739,180,Mac_TrackPad_iso-block-3-trial-5-target-0,720.0,200.0,22.5,False,Pointer Move (unknown)
1786100617.399492,740,173,Mac_TrackPad_iso-block-3-trial-5-target-0,720.0,200.0,22.5,False,Pointer Move (unknown)
1786100617.407321,740,168,Mac_TrackPad_iso-block-3-trial-5-target-0,720.0,200.0,22.5,False,Pointer Move (unknown)
1786100617.4155672,740,165,Mac_TrackPad_iso-block-3-trial-5-target-0,720.0,200.0,22.5,False,Pointer Move (unknown)
1786100617.42348,740,163,Mac_TrackPad_iso-block-3-trial-5-target-0,720.0,200.0,22.5,False,Pointer Move (unknown)
1786100617.431494,740,163,Mac_TrackPad_iso-block-3-trial-5-target-0,720.0,200.0,22.5,False,Pointer Move (unknown)
1786100617.439678,740,162,Mac_TrackPad_iso-block-3-trial-5-target-0,720.0,200.0,22.5,False,Pointer Move (unknown)
1786100617.520829,740,163,Mac_TrackPad_iso-block-3-trial-5-target-0,720.0,200.0,22.5,False,Pointer Move (unknown)
1786100617.528606,739,163,Mac_TrackPad_iso-block-3-trial-5-target-0,720.0,200.0,22.5,False,Pointer Move (unknown)
1786100617.53685,739,163,Mac_TrackPad_iso-block-3-trial-5-target-0,720.0,200.0,22.5,False,Pointer Move (unknown)
1786100617.544797,738,165,Mac_TrackPad_iso-block-3-trial-5-target-0,720.0,200.0,22.5,False,Pointer Move (unknown)
1786100617.552995,737,166,Mac_TrackPad_iso-block-3-trial-5-target-0,720.0,200.0,22.5,False,Pointer Move (unknown)
1786100617.5610518,737,168,Mac_TrackPad_iso-block-3-trial-5-target-0,720.0,200.0,22.5,False,Pointer Move (unknown)
1786100617.569037,736,169,Mac_TrackPad_iso-block-3-trial-5-target-0,720.0,200.0,22.5,False,Pointer Move (unknown)
1786100617.577031,734,170,Mac_TrackPad_iso-block-3-trial-5-target-0,720.0,200.0,22.5,False,Pointer Move (unknown)
1786100617.585113,733,170,Mac_TrackPad_iso-block-3-trial-5-target-0,720.0,200.0,22.5,False,Pointer Move (unknown)
1786100617.59342,732,171,Mac_TrackPad_iso-block-3-trial-5-target-0,720.0,200.0,22.5,False,Pointer Move (unknown)
1786100617.601689,731,172,Mac_TrackPad_iso-block-3-trial-5-target-0,720.0,200.0,22.5,False,Pointer Move (unknown)
1786100617.6094148,731,172,Mac_TrackPad_iso-block-3-trial-5-target-0,720.0,200.0,22.5,False,Pointer Move (unknown)
1786100617.617592,730,173,Mac_TrackPad_iso-block-3-trial-5-target-0,720.0,200.0,22.5,False,Pointer Move (unknown)
1786100617.625556,730,173,Mac_TrackPad_iso-block-3-trial-5-target-0,720.0,200.0,22.5,False,Pointer Move (unknown)
1786100617.633729,728,174,Mac_TrackPad_iso-block-3-trial-5-target-0,720.0,200.0,22.5,False,Pointer Move (unknown)
1786100617.6418061,728,174,Mac_TrackPad_iso-block-3-trial-5-target-0,720.0,200.0,22.5,False,Pointer Move (unknown)
1786100617.649926,727,174,Mac_TrackPad_iso-block-3-trial-5-target-0,720.0,200.0,22.5,False,Pointer Move (unknown)
1786100617.658421,727,174,Mac_TrackPad_iso-block-3-trial-5-target-0,720.0,200.0,22.5,False,Pointer Move (unknown)
1786100617.66622,726,174,Mac_TrackPad_iso-block-3-trial-5-target-0,720.0,200.0,22.5,False,Pointer Move (unknown)
1786100617.6739788,725,174,Mac_TrackPad_iso-block-3-trial-5-target-0,720.0,200.0,22.5,False,Pointer Move (unknown)
1786100617.6827059,725,174,Mac_TrackPad_iso-block-3-trial-5-target-0,720.0,200.0,22.5,False,Pointer Move (unknown)
1786100617.6906,724,174,Mac_TrackPad_iso-block-3-trial-5-target-0,720.0,200.0,22.5,False,Pointer Move (unknown)
1786100617.698572,724,174,Mac_TrackPad_iso-block-3-trial-5-target-0,720.0,200.0,22.5,False,Pointer Move (unknown)
1786100617.715104,724,174,Mac_TrackPad_iso-block-3-trial-5-target-0,720.0,200.0,22.5,False,Pointer Move (unknown)
1786100617.730803,723,174,Mac_TrackPad_iso-block-3-trial-5-target-0,720.0,200.0,22.5,False,Pointer Move (unknown)
1786100617.747069,723,174,Mac_TrackPad_iso-block-3-trial-5-target-0,720.0,200.0,22.5,False,Pointer Move (unknown)
1786100617.771227,723,174,Mac_TrackPad_iso-block-3-trial-5-target-0,720.0,200.0,22.5,False,Pointer Move (unknown)
1786100617.795836,723,174,Mac_TrackPad_iso-block-3-trial-5-target-0,720.0,200.0,22.5,False,Pointer Move (unknown)
1786100617.820006,722,174,Mac_TrackPad_iso-block-3-trial-5-target-0,720.0,200.0,22.5,False,Pointer Move (unknown)
1786100617.8360472,722,174,Mac_TrackPad_iso-block-3-trial-5-target-0,720.0,200.0,22.5,False,Pointer Move (unknown)
1786100617.852185,722,174,Mac_TrackPad_iso-block-3-trial-5-target-0,720.0,200.0,22.5,False,Pointer Move (unknown)
1786100617.86039,722,175,Mac_TrackPad_iso-block-3-trial-5-target-0,720.0,200.0,22.5,False,Pointer Move (unknown)
1786100617.868204,721,175,Mac_TrackPad_iso-block-3-trial-5-target-0,720.0,200.0,22.5,False,Pointer Move (unknown)
1786100617.876349,721,175,Mac_TrackPad_iso-block-3-trial-5-target-0,720.0,200.0,22.5,False,Pointer Move (unknown)
1786100617.884564,721,175,Mac_TrackPad_iso-block-3-trial-5-target-0,720.0,200.0,22.5,False,Pointer Move (unknown)
1786100617.900723,721,176,Mac_TrackPad_iso-block-3-trial-5-target-0,720.0,200.0,22.5,False,Pointer Move (unknown)
1786100617.943001,721,176,Mac_TrackPad_iso-block-3-trial-5-target-0,720.0,200.0,22.5,False,Pointer Move (unknown)
1786100618.151735,721,176,Mac_TrackPad_iso-block-3-trial-5-target-0,720.0,200.0,22.5,False,Pointer Move (unknown)
1786100618.159719,721,177,Mac_TrackPad_iso-block-3-trial-5-target-0,720.0,200.0,22.5,False,Pointer Move (unknown)
1786100618.1678662,721,181,Mac_TrackPad_iso-block-3-trial-5-target-0,720.0,200.0,22.5,False,Pointer Move (unknown)
1786100618.1760159,721,184,Mac_TrackPad_iso-block-3-trial-5-target-0,720.0,200.0,22.5,False,Pointer Move (unknown)
1786100618.184082,721,187,Mac_TrackPad_iso-block-3-trial-5-target-0,720.0,200.0,22.5,False,Pointer Move (unknown)
1786100618.192203,721,190,Mac_TrackPad_iso-block-3-trial-5-target-0,720.0,200.0,22.5,False,Pointer Move (unknown)
1786100618.2000299,721,194,Mac_TrackPad_iso-block-3-trial-5-target-0,720.0,200.0,22.5,False,Pointer Move (unknown)
1786100618.213516,721,196,Mac_TrackPad_iso-block-3-trial-5-target-0,720.0,200.0,22.5,False,Pointer Move (unknown)
1786100618.216135,721,198,Mac_TrackPad_iso-block-3-trial-5-target-0,720.0,200.0,22.5,False,Pointer Move (unknown)
1786100618.225298,721,199,Mac_TrackPad_iso-block-3-trial-5-target-0,720.0,200.0,22.5,False,Pointer Move (unknown)
1786100618.232415,721,199,Mac_TrackPad_iso-block-3-trial-5-target-0,720.0,200.0,22.5,False,Pointer Move (unknown)
1786100618.240418,721,199,Mac_TrackPad_iso-block-3-trial-5-target-0,720.0,200.0,22.5,False,Pointer Move (unknown)
1786100618.256563,721,200,Mac_TrackPad_iso-block-3-trial-5-target-0,720.0,200.0,22.5,False,Pointer Move (unknown)
1786100618.378208,721,200,Mac_TrackPad_iso-block-3-trial-5-target-0,720.0,200.0,22.5,target_selected,target_selected
1786100618.69363,721,200,Mac_TrackPad_iso-block-3-trial-6-target-4,720.0,700.0,22.5,False,Pointer Move (unknown)
1786100618.70161,721,205,Mac_TrackPad_iso-block-3-trial-6-target-4,720.0,700.0,22.5,False,Pointer Move (unknown)
1786100618.7096992,721,210,Mac_TrackPad_iso-block-3-trial-6-target-4,720.0,700.0,22.5,False,Pointer Move (unknown)
1786100618.717887,721,216,Mac_TrackPad_iso-block-3-trial-6-target-4,720.0,700.0,22.5,False,Pointer Move (unknown)
1786100618.7255108,721,227,Mac_TrackPad_iso-block-3-trial-6-target-4,720.0,700.0,22.5,False,Pointer Move (unknown)
1786100618.7336571,721,241,Mac_TrackPad_iso-block-3-trial-6-target-4,720.0,700.0,22.5,False,Pointer Move (unknown)
1786100618.741977,721,258,Mac_TrackPad_iso-block-3-trial-6-target-4,720.0,700.0,22.5,False,Pointer Move (unknown)
1786100618.749829,721,272,Mac_TrackPad_iso-block-3-trial-6-target-4,720.0,700.0,22.5,False,Pointer Move (unknown)
1786100618.758025,721,292,Mac_TrackPad_iso-block-3-trial-6-target-4,720.0,700.0,22.5,False,Pointer Move (unknown)
1786100618.7662451,717,316,Mac_TrackPad_iso-block-3-trial-6-target-4,720.0,700.0,22.5,False,Pointer Move (unknown)
1786100618.7742321,715,340,Mac_TrackPad_iso-block-3-trial-6-target-4,720.0,700.0,22.5,False,Pointer Move (unknown)
1786100618.7832792,715,368,Mac_TrackPad_iso-block-3-trial-6-target-4,720.0,700.0,22.5,False,Pointer Move (unknown)
1786100618.7903612,713,396,Mac_TrackPad_iso-block-3-trial-6-target-4,720.0,700.0,22.5,False,Pointer Move (unknown)
1786100618.798632,713,428,Mac_TrackPad_iso-block-3-trial-6-target-4,720.0,700.0,22.5,False,Pointer Move (unknown)
1786100618.80646,713,456,Mac_TrackPad_iso-block-3-trial-6-target-4,720.0,700.0,22.5,False,Pointer Move (unknown)
1786100618.814563,713,484,Mac_TrackPad_iso-block-3-trial-6-target-4,720.0,700.0,22.5,False,Pointer Move (unknown)
1786100618.822628,713,507,Mac_TrackPad_iso-block-3-trial-6-target-4,720.0,700.0,22.5,False,Pointer Move (unknown)
1786100618.8306859,713,531,Mac_TrackPad_iso-block-3-trial-6-target-4,720.0,700.0,22.5,False,Pointer Move (unknown)
1786100618.838819,713,552,Mac_TrackPad_iso-block-3-trial-6-target-4,720.0,700.0,22.5,False,Pointer Move (unknown)
1786100618.847358,713,572,Mac_TrackPad_iso-block-3-trial-6-target-4,720.0,700.0,22.5,False,Pointer Move (unknown)
1786100618.855658,713,578,Mac_TrackPad_iso-block-3-trial-6-target-4,720.0,700.0,22.5,False,Pointer Move (unknown)
1786100618.876622,713,584,Mac_TrackPad_iso-block-3-trial-6-target-4,720.0,700.0,22.5,False,Pointer Move (unknown)
1786100618.882949,713,608,Mac_TrackPad_iso-block-3-trial-6-target-4,720.0,700.0,22.5,False,Pointer Move (unknown)
1786100618.8894641,713,611,Mac_TrackPad_iso-block-3-trial-6-target-4,720.0,700.0,22.5,False,Pointer Move (unknown)
1786100618.896229,713,620,Mac_TrackPad_iso-block-3-trial-6-target-4,720.0,700.0,22.5,False,Pointer Move (unknown)
1786100618.903393,714,625,Mac_TrackPad_iso-block-3-trial-6-target-4,720.0,700.0,22.5,False,Pointer Move (unknown)
1786100618.911614,714,629,Mac_TrackPad_iso-block-3-trial-6-target-4,720.0,700.0,22.5,False,Pointer Move (unknown)
1786100618.9196742,715,633,Mac_TrackPad_iso-block-3-trial-6-target-4,720.0,700.0,22.5,False,Pointer Move (unknown)
1786100618.927712,717,636,Mac_TrackPad_iso-block-3-trial-6-target-4,720.0,700.0,22.5,False,Pointer Move (unknown)
1786100618.9361012,718,638,Mac_TrackPad_iso-block-3-trial-6-target-4,720.0,700.0,22.5,False,Pointer Move (unknown)
1786100618.9439008,719,640,Mac_TrackPad_iso-block-3-trial-6-target-4,720.0,700.0,22.5,False,Pointer Move (unknown)
1786100618.9521651,720,642,Mac_TrackPad_iso-block-3-trial-6-target-4,720.0,700.0,22.5,False,Pointer Move (unknown)
1786100618.960202,720,644,Mac_TrackPad_iso-block-3-trial-6-target-4,720.0,700.0,22.5,False,Pointer Move (unknown)
1786100618.968218,721,645,Mac_TrackPad_iso-block-3-trial-6-target-4,720.0,700.0,22.5,False,Pointer Move (unknown)
1786100618.976605,721,646,Mac_TrackPad_iso-block-3-trial-6-target-4,720.0,700.0,22.5,False,Pointer Move (unknown)
1786100618.9846468,722,647,Mac_TrackPad_iso-block-3-trial-6-target-4,720.0,700.0,22.5,False,Pointer Move (unknown)
1786100618.992539,722,647,Mac_TrackPad_iso-block-3-trial-6-target-4,720.0,700.0,22.5,False,Pointer Move (unknown)
1786100619.0006242,722,648,Mac_TrackPad_iso-block-3-trial-6-target-4,720.0,700.0,22.5,False,Pointer Move (unknown)
1786100619.00848,722,649,Mac_TrackPad_iso-block-3-trial-6-target-4,720.0,700.0,22.5,False,Pointer Move (unknown)
1786100619.016839,723,650,Mac_TrackPad_iso-block-3-trial-6-target-4,720.0,700.0,22.5,False,Pointer Move (unknown)
1786100619.02493,723,650,Mac_TrackPad_iso-block-3-trial-6-target-4,720.0,700.0,22.5,False,Pointer Move (unknown)
1786100619.032937,723,652,Mac_TrackPad_iso-block-3-trial-6-target-4,720.0,700.0,22.5,False,Pointer Move (unknown)
1786100619.0414321,724,653,Mac_TrackPad_iso-block-3-trial-6-target-4,720.0,700.0,22.5,False,Pointer Move (unknown)
1786100619.048967,725,657,Mac_TrackPad_iso-block-3-trial-6-target-4,720.0,700.0,22.5,False,Pointer Move (unknown)
1786100619.057461,725,659,Mac_TrackPad_iso-block-3-trial-6-target-4,720.0,700.0,22.5,False,Pointer Move (unknown)
1786100619.0654569,726,662,Mac_TrackPad_iso-block-3-trial-6-target-4,720.0,700.0,22.5,False,Pointer Move (unknown)
1786100619.0735629,726,665,Mac_TrackPad_iso-block-3-trial-6-target-4,720.0,700.0,22.5,False,Pointer Move (unknown)
1786100619.081444,727,668,Mac_TrackPad_iso-block-3-trial-6-target-4,720.0,700.0,22.5,False,Pointer Move (unknown)
1786100619.089538,727,672,Mac_TrackPad_iso-block-3-trial-6-target-4,720.0,700.0,22.5,False,Pointer Move (unknown)
1786100619.097773,728,675,Mac_TrackPad_iso-block-3-trial-6-target-4,720.0,700.0,22.5,False,Pointer Move (unknown)
1786100619.105757,728,678,Mac_TrackPad_iso-block-3-trial-6-target-4,720.0,700.0,22.5,False,Pointer Move (unknown)
1786100619.11384,728,680,Mac_TrackPad_iso-block-3-trial-6-target-4,720.0,700.0,22.5,False,Pointer Move (unknown)
1786100619.121956,728,683,Mac_TrackPad_iso-block-3-trial-6-target-4,720.0,700.0,22.5,False,Pointer Move (unknown)
1786100619.12993,728,685,Mac_TrackPad_iso-block-3-trial-6-target-4,720.0,700.0,22.5,False,Pointer Move (unknown)
1786100619.138289,728,689,Mac_TrackPad_iso-block-3-trial-6-target-4,720.0,700.0,22.5,False,Pointer Move (unknown)
1786100619.146091,728,691,Mac_TrackPad_iso-block-3-trial-6-target-4,720.0,700.0,22.5,False,Pointer Move (unknown)
1786100619.1544771,728,694,Mac_TrackPad_iso-block-3-trial-6-target-4,720.0,700.0,22.5,False,Pointer Move (unknown)
1786100619.162155,728,697,Mac_TrackPad_iso-block-3-trial-6-target-4,720.0,700.0,22.5,False,Pointer Move (unknown)
1786100619.170357,728,699,Mac_TrackPad_iso-block-3-trial-6-target-4,720.0,700.0,22.5,False,Pointer Move (unknown)
1786100619.178504,728,702,Mac_TrackPad_iso-block-3-trial-6-target-4,720.0,700.0,22.5,False,Pointer Move (unknown)
1786100619.186605,728,704,Mac_TrackPad_iso-block-3-trial-6-target-4,720.0,700.0,22.5,False,Pointer Move (unknown)
1786100619.1946602,728,706,Mac_TrackPad_iso-block-3-trial-6-target-4,720.0,700.0,22.5,False,Pointer Move (unknown)
1786100619.202955,728,708,Mac_TrackPad_iso-block-3-trial-6-target-4,720.0,700.0,22.5,False,Pointer Move (unknown)
1786100619.2110488,728,709,Mac_TrackPad_iso-block-3-trial-6-target-4,720.0,700.0,22.5,False,Pointer Move (unknown)
1786100619.219311,728,710,Mac_TrackPad_iso-block-3-trial-6-target-4,720.0,700.0,22.5,False,Pointer Move (unknown)
1786100619.2273211,728,711,Mac_TrackPad_iso-block-3-trial-6-target-4,720.0,700.0,22.5,False,Pointer Move (unknown)
1786100619.2351391,728,711,Mac_TrackPad_iso-block-3-trial-6-target-4,720.0,700.0,22.5,False,Pointer Move (unknown)
1786100619.243158,728,712,Mac_TrackPad_iso-block-3-trial-6-target-4,720.0,700.0,22.5,False,Pointer Move (unknown)
1786100619.251381,728,712,Mac_TrackPad_iso-block-3-trial-6-target-4,720.0,700.0,22.5,False,Pointer Move (unknown)
1786100619.324067,728,712,Mac_TrackPad_iso-block-3-trial-6-target-4,720.0,700.0,22.5,False,Pointer Move (unknown)
1786100619.3566778,727,712,Mac_TrackPad_iso-block-3-trial-6-target-4,720.0,700.0,22.5,False,Pointer Move (unknown)
1786100619.394519,727,712,Mac_TrackPad_iso-block-3-trial-6-target-4,720.0,700.0,22.5,target_selected,target_selected
1786100619.413106,727,712,Mac_TrackPad_iso-block-3-trial-7-target-0,720.0,200.0,22.5,False,Pointer Move (unknown)
1786100619.610058,727,711,Mac_TrackPad_iso-block-3-trial-7-target-0,720.0,200.0,22.5,False,Pointer Move (unknown)
1786100619.6151092,727,709,Mac_TrackPad_iso-block-3-trial-7-target-0,720.0,200.0,22.5,False,Pointer Move (unknown)
1786100619.6237462,727,702,Mac_TrackPad_iso-block-3-trial-7-target-0,720.0,200.0,22.5,False,Pointer Move (unknown)
1786100619.6315038,727,691,Mac_TrackPad_iso-block-3-trial-7-target-0,720.0,200.0,22.5,False,Pointer Move (unknown)
1786100619.64005,727,680,Mac_TrackPad_iso-block-3-trial-7-target-0,720.0,200.0,22.5,False,Pointer Move (unknown)
1786100619.647487,727,663,Mac_TrackPad_iso-block-3-trial-7-target-0,720.0,200.0,22.5,False,Pointer Move (unknown)
1786100619.655513,727,649,Mac_TrackPad_iso-block-3-trial-7-target-0,720.0,200.0,22.5,False,Pointer Move (unknown)
1786100619.663737,727,625,Mac_TrackPad_iso-block-3-trial-7-target-0,720.0,200.0,22.5,False,Pointer Move (unknown)
1786100619.671808,727,602,Mac_TrackPad_iso-block-3-trial-7-target-0,720.0,200.0,22.5,False,Pointer Move (unknown)
1786100619.6799412,727,578,Mac_TrackPad_iso-block-3-trial-7-target-0,720.0,200.0,22.5,False,Pointer Move (unknown)
1786100619.6879091,727,554,Mac_TrackPad_iso-block-3-trial-7-target-0,720.0,200.0,22.5,False,Pointer Move (unknown)
1786100619.695863,727,533,Mac_TrackPad_iso-block-3-trial-7-target-0,720.0,200.0,22.5,False,Pointer Move (unknown)
1786100619.704096,727,513,Mac_TrackPad_iso-block-3-trial-7-target-0,720.0,200.0,22.5,False,Pointer Move (unknown)
1786100619.712182,727,493,Mac_TrackPad_iso-block-3-trial-7-target-0,720.0,200.0,22.5,False,Pointer Move (unknown)
1786100619.720602,727,473,Mac_TrackPad_iso-block-3-trial-7-target-0,720.0,200.0,22.5,False,Pointer Move (unknown)
1786100619.7283998,727,456,Mac_TrackPad_iso-block-3-trial-7-target-0,720.0,200.0,22.5,False,Pointer Move (unknown)
1786100619.736546,727,432,Mac_TrackPad_iso-block-3-trial-7-target-0,720.0,200.0,22.5,False,Pointer Move (unknown)
1786100619.7446568,727,415,Mac_TrackPad_iso-block-3-trial-7-target-0,720.0,200.0,22.5,False,Pointer Move (unknown)
1786100619.75289,727,395,Mac_TrackPad_iso-block-3-trial-7-target-0,720.0,200.0,22.5,False,Pointer Move (unknown)
1786100619.760704,727,378,Mac_TrackPad_iso-block-3-trial-7-target-0,720.0,200.0,22.5,False,Pointer Move (unknown)
1786100619.768779,727,364,Mac_TrackPad_iso-block-3-trial-7-target-0,720.0,200.0,22.5,False,Pointer Move (unknown)
1786100619.776924,727,350,Mac_TrackPad_iso-block-3-trial-7-target-0,720.0,200.0,22.5,False,Pointer Move (unknown)
1786100619.7875042,727,336,Mac_TrackPad_iso-block-3-trial-7-target-0,720.0,200.0,22.5,False,Pointer Move (unknown)
1786100619.793267,727,323,Mac_TrackPad_iso-block-3-trial-7-target-0,720.0,200.0,22.5,False,Pointer Move (unknown)
1786100619.8013718,727,309,Mac_TrackPad_iso-block-3-trial-7-target-0,720.0,200.0,22.5,False,Pointer Move (unknown)
1786100619.809404,727,295,Mac_TrackPad_iso-block-3-trial-7-target-0,720.0,200.0,22.5,False,Pointer Move (unknown)
1786100619.8176599,727,284,Mac_TrackPad_iso-block-3-trial-7-target-0,720.0,200.0,22.5,False,Pointer Move (unknown)
1786100619.825709,727,277,Mac_TrackPad_iso-block-3-trial-7-target-0,720.0,200.0,22.5,False,Pointer Move (unknown)
1786100619.834021,727,266,Mac_TrackPad_iso-block-3-trial-7-target-0,720.0,200.0,22.5,False,Pointer Move (unknown)
1786100619.841717,727,255,Mac_TrackPad_iso-block-3-trial-7-target-0,720.0,200.0,22.5,False,Pointer Move (unknown)
1786100619.850249,727,248,Mac_TrackPad_iso-block-3-trial-7-target-0,720.0,200.0,22.5,False,Pointer Move (unknown)
1786100619.857741,727,241,Mac_TrackPad_iso-block-3-trial-7-target-0,720.0,200.0,22.5,False,Pointer Move (unknown)
1786100619.8661098,727,237,Mac_TrackPad_iso-block-3-trial-7-target-0,720.0,200.0,22.5,False,Pointer Move (unknown)
1786100619.874162,727,233,Mac_TrackPad_iso-block-3-trial-7-target-0,720.0,200.0,22.5,False,Pointer Move (unknown)
1786100619.882356,727,231,Mac_TrackPad_iso-block-3-trial-7-target-0,720.0,200.0,22.5,False,Pointer Move (unknown)
1786100619.8904262,727,229,Mac_TrackPad_iso-block-3-trial-7-target-0,720.0,200.0,22.5,False,Pointer Move (unknown)
1786100619.898452,727,229,Mac_TrackPad_iso-block-3-trial-7-target-0,720.0,200.0,22.5,False,Pointer Move (unknown)
1786100619.9066088,727,228,Mac_TrackPad_iso-block-3-trial-7-target-0,720.0,200.0,22.5,False,Pointer Move (unknown)
1786100619.914769,727,228,Mac_TrackPad_iso-block-3-trial-7-target-0,720.0,200.0,22.5,False,Pointer Move (unknown)
1786100619.995358,727,228,Mac_TrackPad_iso-block-3-trial-7-target-0,720.0,200.0,22.5,False,Pointer Move (unknown)
1786100620.0035121,727,227,Mac_TrackPad_iso-block-3-trial-7-target-0,720.0,200.0,22.5,False,Pointer Move (unknown)
1786100620.028001,726,227,Mac_TrackPad_iso-block-3-trial-7-target-0,720.0,200.0,22.5,False,Pointer Move (unknown)
1786100620.035979,726,227,Mac_TrackPad_iso-block-3-trial-7-target-0,720.0,200.0,22.5,False,Pointer Move (unknown)
1786100620.0440562,726,226,Mac_TrackPad_iso-block-3-trial-7-target-0,720.0,200.0,22.5,False,Pointer Move (unknown)
1786100620.0602171,726,226,Mac_TrackPad_iso-block-3-trial-7-target-0,720.0,200.0,22.5,False,Pointer Move (unknown)
1786100620.068608,725,226,Mac_TrackPad_iso-block-3-trial-7-target-0,720.0,200.0,22.5,False,Pointer Move (unknown)
1786100620.076433,725,225,Mac_TrackPad_iso-block-3-trial-7-target-0,720.0,200.0,22.5,False,Pointer Move (unknown)
1786100620.084427,725,224,Mac_TrackPad_iso-block-3-trial-7-target-0,720.0,200.0,22.5,False,Pointer Move (unknown)
1786100620.0924091,725,224,Mac_TrackPad_iso-block-3-trial-7-target-0,720.0,200.0,22.5,False,Pointer Move (unknown)
1786100620.1004531,725,223,Mac_TrackPad_iso-block-3-trial-7-target-0,720.0,200.0,22.5,False,Pointer Move (unknown)
1786100620.108641,724,222,Mac_TrackPad_iso-block-3-trial-7-target-0,720.0,200.0,22.5,False,Pointer Move (unknown)
1786100620.116679,723,220,Mac_TrackPad_iso-block-3-trial-7-target-0,720.0,200.0,22.5,False,Pointer Move (unknown)
1786100620.1247518,723,219,Mac_TrackPad_iso-block-3-trial-7-target-0,720.0,200.0,22.5,False,Pointer Move (unknown)
1786100620.132986,723,217,Mac_TrackPad_iso-block-3-trial-7-target-0,720.0,200.0,22.5,False,Pointer Move (unknown)
1786100620.141027,723,216,Mac_TrackPad_iso-block-3-trial-7-target-0,720.0,200.0,22.5,False,Pointer Move (unknown)
1786100620.149316,722,214,Mac_TrackPad_iso-block-3-trial-7-target-0,720.0,200.0,22.5,False,Pointer Move (unknown)
1786100620.1572149,722,213,Mac_TrackPad_iso-block-3-trial-7-target-0,720.0,200.0,22.5,False,Pointer Move (unknown)
1786100620.165226,721,211,Mac_TrackPad_iso-block-3-trial-7-target-0,720.0,200.0,22.5,False,Pointer Move (unknown)
1786100620.173567,721,211,Mac_TrackPad_iso-block-3-trial-7-target-0,720.0,200.0,22.5,False,Pointer Move (unknown)
1786100620.181485,721,211,Mac_TrackPad_iso-block-3-trial-7-target-0,720.0,200.0,22.5,False,Pointer Move (unknown)
1786100620.189931,721,210,Mac_TrackPad_iso-block-3-trial-7-target-0,720.0,200.0,22.5,False,Pointer Move (unknown)
1786100620.197759,721,210,Mac_TrackPad_iso-block-3-trial-7-target-0,720.0,200.0,22.5,False,Pointer Move (unknown)
1786100620.238122,721,210,Mac_TrackPad_iso-block-3-trial-7-target-0,720.0,200.0,22.5,False,Pointer Move (unknown)
1786100620.277025,721,210,Mac_TrackPad_iso-block-3-trial-7-target-0,720.0,200.0,22.5,target_selected,target_selected
1786100620.4323158,721,210,Mac_TrackPad_iso-block-3-trial-8-target-4,720.0,700.0,22.5,False,Pointer Move (unknown)
1786100620.440311,721,212,Mac_TrackPad_iso-block-3-trial-8-target-4,720.0,700.0,22.5,False,Pointer Move (unknown)
1786100620.4484391,721,217,Mac_TrackPad_iso-block-3-trial-8-target-4,720.0,700.0,22.5,False,Pointer Move (unknown)
1786100620.456246,721,225,Mac_TrackPad_iso-block-3-trial-8-target-4,720.0,700.0,22.5,False,Pointer Move (unknown)
1786100620.464492,721,239,Mac_TrackPad_iso-block-3-trial-8-target-4,720.0,700.0,22.5,False,Pointer Move (unknown)
1786100620.47253,721,253,Mac_TrackPad_iso-block-3-trial-8-target-4,720.0,700.0,22.5,False,Pointer Move (unknown)
1786100620.480633,721,270,Mac_TrackPad_iso-block-3-trial-8-target-4,720.0,700.0,22.5,False,Pointer Move (unknown)
1786100620.488538,721,287,Mac_TrackPad_iso-block-3-trial-8-target-4,720.0,700.0,22.5,False,Pointer Move (unknown)
1786100620.496726,721,311,Mac_TrackPad_iso-block-3-trial-8-target-4,720.0,700.0,22.5,False,Pointer Move (unknown)
1786100620.504686,721,328,Mac_TrackPad_iso-block-3-trial-8-target-4,720.0,700.0,22.5,False,Pointer Move (unknown)
1786100620.5128682,721,345,Mac_TrackPad_iso-block-3-trial-8-target-4,720.0,700.0,22.5,False,Pointer Move (unknown)
1786100620.520951,721,365,Mac_TrackPad_iso-block-3-trial-8-target-4,720.0,700.0,22.5,False,Pointer Move (unknown)
1786100620.529278,721,385,Mac_TrackPad_iso-block-3-trial-8-target-4,720.0,700.0,22.5,False,Pointer Move (unknown)
1786100620.537097,721,399,Mac_TrackPad_iso-block-3-trial-8-target-4,720.0,700.0,22.5,False,Pointer Move (unknown)
1786100620.545326,721,416,Mac_TrackPad_iso-block-3-trial-8-target-4,720.0,700.0,22.5,False,Pointer Move (unknown)
1786100620.553527,721,433,Mac_TrackPad_iso-block-3-trial-8-target-4,720.0,700.0,22.5,False,Pointer Move (unknown)
1786100620.561493,721,444,Mac_TrackPad_iso-block-3-trial-8-target-4,720.0,700.0,22.5,False,Pointer Move (unknown)
1786100620.569677,721,458,Mac_TrackPad_iso-block-3-trial-8-target-4,720.0,700.0,22.5,False,Pointer Move (unknown)
1786100620.5775108,721,472,Mac_TrackPad_iso-block-3-trial-8-target-4,720.0,700.0,22.5,False,Pointer Move (unknown)
1786100620.5856252,721,483,Mac_TrackPad_iso-block-3-trial-8-target-4,720.0,700.0,22.5,False,Pointer Move (unknown)
1786100620.593947,721,494,Mac_TrackPad_iso-block-3-trial-8-target-4,720.0,700.0,22.5,False,Pointer Move (unknown)
1786100620.6018171,721,508,Mac_TrackPad_iso-block-3-trial-8-target-4,720.0,700.0,22.5,False,Pointer Move (unknown)
1786100620.610153,721,517,Mac_TrackPad_iso-block-3-trial-8-target-4,720.0,700.0,22.5,False,Pointer Move (unknown)
1786100620.618023,721,521,Mac_TrackPad_iso-block-3-trial-8-target-4,720.0,700.0,22.5,False,Pointer Move (unknown)
1786100620.626,721,530,Mac_TrackPad_iso-block-3-trial-8-target-4,720.0,700.0,22.5,False,Pointer Move (unknown)
1786100620.6345558,721,539,Mac_TrackPad_iso-block-3-trial-8-target-4,720.0,700.0,22.5,False,Pointer Move (unknown)
1786100620.6423209,721,548,Mac_TrackPad_iso-block-3-trial-8-target-4,720.0,700.0,22.5,False,Pointer Move (unknown)
1786100620.650474,721,556,Mac_TrackPad_iso-block-3-trial-8-target-4,720.0,700.0,22.5,False,Pointer Move (unknown)
1786100620.658426,721,565,Mac_TrackPad_iso-block-3-trial-8-target-4,720.0,700.0,22.5,False,Pointer Move (unknown)
1786100620.66645,721,572,Mac_TrackPad_iso-block-3-trial-8-target-4,720.0,700.0,22.5,False,Pointer Move (unknown)
1786100620.674792,721,578,Mac_TrackPad_iso-block-3-trial-8-target-4,720.0,700.0,22.5,False,Pointer Move (unknown)
1786100620.6828249,721,585,Mac_TrackPad_iso-block-3-trial-8-target-4,720.0,700.0,22.5,False,Pointer Move (unknown)
1786100620.690885,722,590,Mac_TrackPad_iso-block-3-trial-8-target-4,720.0,700.0,22.5,False,Pointer Move (unknown)
1786100620.699175,723,596,Mac_TrackPad_iso-block-3-trial-8-target-4,720.0,700.0,22.5,False,Pointer Move (unknown)
1786100620.7069418,724,601,Mac_TrackPad_iso-block-3-trial-8-target-4,720.0,700.0,22.5,False,Pointer Move (unknown)
1786100620.715203,725,606,Mac_TrackPad_iso-block-3-trial-8-target-4,720.0,700.0,22.5,False,Pointer Move (unknown)
1786100620.723372,726,609,Mac_TrackPad_iso-block-3-trial-8-target-4,720.0,700.0,22.5,False,Pointer Move (unknown)
1786100620.731219,727,613,Mac_TrackPad_iso-block-3-trial-8-target-4,720.0,700.0,22.5,False,Pointer Move (unknown)
1786100620.7395132,729,616,Mac_TrackPad_iso-block-3-trial-8-target-4,720.0,700.0,22.5,False,Pointer Move (unknown)
1786100620.747404,730,618,Mac_TrackPad_iso-block-3-trial-8-target-4,720.0,700.0,22.5,False,Pointer Move (unknown)
1786100620.755685,730,621,Mac_TrackPad_iso-block-3-trial-8-target-4,720.0,700.0,22.5,False,Pointer Move (unknown)
1786100620.763561,732,623,Mac_TrackPad_iso-block-3-trial-8-target-4,720.0,700.0,22.5,False,Pointer Move (unknown)
1786100620.7716851,732,625,Mac_TrackPad_iso-block-3-trial-8-target-4,720.0,700.0,22.5,False,Pointer Move (unknown)
1786100620.77968,734,627,Mac_TrackPad_iso-block-3-trial-8-target-4,720.0,700.0,22.5,False,Pointer Move (unknown)
1786100620.7877061,734,629,Mac_TrackPad_iso-block-3-trial-8-target-4,720.0,700.0,22.5,False,Pointer Move (unknown)
1786100620.7959511,736,631,Mac_TrackPad_iso-block-3-trial-8-target-4,720.0,700.0,22.5,False,Pointer Move (unknown)
1786100620.803972,736,633,Mac_TrackPad_iso-block-3-trial-8-target-4,720.0,700.0,22.5,False,Pointer Move (unknown)
1786100620.8123038,738,635,Mac_TrackPad_iso-block-3-trial-8-target-4,720.0,700.0,22.5,False,Pointer Move (unknown)
1786100620.8204238,738,637,Mac_TrackPad_iso-block-3-trial-8-target-4,720.0,700.0,22.5,False,Pointer Move (unknown)
1786100620.828659,739,639,Mac_TrackPad_iso-block-3-trial-8-target-4,720.0,700.0,22.5,False,Pointer Move (unknown)
1786100620.836847,740,641,Mac_TrackPad_iso-block-3-trial-8-target-4,720.0,700.0,22.5,False,Pointer Move (unknown)
1786100620.8447402,740,642,Mac_TrackPad_iso-block-3-trial-8-target-4,720.0,700.0,22.5,False,Pointer Move (unknown)
1786100620.852685,740,643,Mac_TrackPad_iso-block-3-trial-8-target-4,720.0,700.0,22.5,False,Pointer Move (unknown)
1786100620.860569,741,644,Mac_TrackPad_iso-block-3-trial-8-target-4,720.0,700.0,22.5,False,Pointer Move (unknown)
1786100620.8687491,741,645,Mac_TrackPad_iso-block-3-trial-8-target-4,720.0,700.0,22.5,False,Pointer Move (unknown)
1786100620.8768399,741,646,Mac_TrackPad_iso-block-3-trial-8-target-4,720.0,700.0,22.5,False,Pointer Move (unknown)
1786100620.885184,741,647,Mac_TrackPad_iso-block-3-trial-8-target-4,720.0,700.0,22.5,False,Pointer Move (unknown)
1786100620.893135,741,649,Mac_TrackPad_iso-block-3-trial-8-target-4,720.0,700.0,22.5,False,Pointer Move (unknown)
1786100620.901406,741,651,Mac_TrackPad_iso-block-3-trial-8-target-4,720.0,700.0,22.5,False,Pointer Move (unknown)
1786100620.9097989,741,655,Mac_TrackPad_iso-block-3-trial-8-target-4,720.0,700.0,22.5,False,Pointer Move (unknown)
1786100620.917749,741,658,Mac_TrackPad_iso-block-3-trial-8-target-4,720.0,700.0,22.5,False,Pointer Move (unknown)
1786100620.9256692,741,661,Mac_TrackPad_iso-block-3-trial-8-target-4,720.0,700.0,22.5,False,Pointer Move (unknown)
1786100620.933624,741,664,Mac_TrackPad_iso-block-3-trial-8-target-4,720.0,700.0,22.5,False,Pointer Move (unknown)
1786100620.9423518,740,669,Mac_TrackPad_iso-block-3-trial-8-target-4,720.0,700.0,22.5,False,Pointer Move (unknown)
1786100620.9497778,739,672,Mac_TrackPad_iso-block-3-trial-8-target-4,720.0,700.0,22.5,False,Pointer Move (unknown)
1786100620.958105,737,676,Mac_TrackPad_iso-block-3-trial-8-target-4,720.0,700.0,22.5,False,Pointer Move (unknown)
1786100620.966561,736,680,Mac_TrackPad_iso-block-3-trial-8-target-4,720.0,700.0,22.5,False,Pointer Move (unknown)
1786100620.973886,735,682,Mac_TrackPad_iso-block-3-trial-8-target-4,720.0,700.0,22.5,False,Pointer Move (unknown)
1786100620.982461,734,686,Mac_TrackPad_iso-block-3-trial-8-target-4,720.0,700.0,22.5,False,Pointer Move (unknown)
1786100620.990564,734,688,Mac_TrackPad_iso-block-3-trial-8-target-4,720.0,700.0,22.5,False,Pointer Move (unknown)
1786100620.998658,732,690,Mac_TrackPad_iso-block-3-trial-8-target-4,720.0,700.0,22.5,False,Pointer Move (unknown)
1786100621.006902,732,691,Mac_TrackPad_iso-block-3-trial-8-target-4,720.0,700.0,22.5,False,Pointer Move (unknown)
1786100621.014288,731,692,Mac_TrackPad_iso-block-3-trial-8-target-4,720.0,700.0,22.5,False,Pointer Move (unknown)
1786100621.022621,731,693,Mac_TrackPad_iso-block-3-trial-8-target-4,720.0,700.0,22.5,False,Pointer Move (unknown)
1786100621.030248,731,693,Mac_TrackPad_iso-block-3-trial-8-target-4,720.0,700.0,22.5,False,Pointer Move (unknown)
1786100621.038697,730,694,Mac_TrackPad_iso-block-3-trial-8-target-4,720.0,700.0,22.5,False,Pointer Move (unknown)
1786100621.046707,730,694,Mac_TrackPad_iso-block-3-trial-8-target-4,720.0,700.0,22.5,False,Pointer Move (unknown)
1786100621.0547872,730,694,Mac_TrackPad_iso-block-3-trial-8-target-4,720.0,700.0,22.5,False,Pointer Move (unknown)
1786100621.062779,730,695,Mac_TrackPad_iso-block-3-trial-8-target-4,720.0,700.0,22.5,False,Pointer Move (unknown)
1786100621.07961,730,695,Mac_TrackPad_iso-block-3-trial-8-target-4,720.0,700.0,22.5,False,Pointer Move (unknown)
1786100621.08753,729,695,Mac_TrackPad_iso-block-3-trial-8-target-4,720.0,700.0,22.5,False,Pointer Move (unknown)
1786100621.1037362,729,695,Mac_TrackPad_iso-block-3-trial-8-target-4,720.0,700.0,22.5,False,Pointer Move (unknown)
1786100621.136341,729,696,Mac_TrackPad_iso-block-3-trial-8-target-4,720.0,700.0,22.5,False,Pointer Move (unknown)
1786100621.159961,729,696,Mac_TrackPad_iso-block-3-trial-8-target-4,720.0,700.0,22.5,False,Pointer Move (unknown)
1786100621.1683998,729,696,Mac_TrackPad_iso-block-3-trial-8-target-4,720.0,700.0,22.5,False,Pointer Move (unknown)
1786100621.18506,728,696,Mac_TrackPad_iso-block-3-trial-8-target-4,720.0,700.0,22.5,False,Pointer Move (unknown)
1786100621.2100601,728,696,Mac_TrackPad_iso-block-3-trial-8-target-4,720.0,700.0,22.5,target_selected,target_selected
1786100621.2261062,728,696,Mac_TrackPad_iso-block-3-trial-9-target-0,720.0,200.0,22.5,False,Pointer Move (unknown)
1786100621.403007,728,696,Mac_TrackPad_iso-block-3-trial-9-target-0,720.0,200.0,22.5,False,Pointer Move (unknown)
1786100621.4109418,728,695,Mac_TrackPad_iso-block-3-trial-9-target-0,720.0,200.0,22.5,False,Pointer Move (unknown)
1786100621.4189062,728,694,Mac_TrackPad_iso-block-3-trial-9-target-0,720.0,200.0,22.5,False,Pointer Move (unknown)
1786100621.42706,728,691,Mac_TrackPad_iso-block-3-trial-9-target-0,720.0,200.0,22.5,False,Pointer Move (unknown)
1786100621.435027,728,688,Mac_TrackPad_iso-block-3-trial-9-target-0,720.0,200.0,22.5,False,Pointer Move (unknown)
1786100621.443525,728,683,Mac_TrackPad_iso-block-3-trial-9-target-0,720.0,200.0,22.5,False,Pointer Move (unknown)
1786100621.4513018,728,674,Mac_TrackPad_iso-block-3-trial-9-target-0,720.0,200.0,22.5,False,Pointer Move (unknown)
1786100621.4593549,728,660,Mac_TrackPad_iso-block-3-trial-9-target-0,720.0,200.0,22.5,False,Pointer Move (unknown)
1786100621.4677482,728,646,Mac_TrackPad_iso-block-3-trial-9-target-0,720.0,200.0,22.5,False,Pointer Move (unknown)
1786100621.4753761,728,614,Mac_TrackPad_iso-block-3-trial-9-target-0,720.0,200.0,22.5,False,Pointer Move (unknown)
1786100621.483653,728,587,Mac_TrackPad_iso-block-3-trial-9-target-0,720.0,200.0,22.5,False,Pointer Move (unknown)
1786100621.491786,728,573,Mac_TrackPad_iso-block-3-trial-9-target-0,720.0,200.0,22.5,False,Pointer Move (unknown)
1786100621.4999108,728,549,Mac_TrackPad_iso-block-3-trial-9-target-0,720.0,200.0,22.5,False,Pointer Move (unknown)
1786100621.507936,728,517,Mac_TrackPad_iso-block-3-trial-9-target-0,720.0,200.0,22.5,False,Pointer Move (unknown)
1786100621.516583,728,485,Mac_TrackPad_iso-block-3-trial-9-target-0,720.0,200.0,22.5,False,Pointer Move (unknown)
1786100621.525695,728,452,Mac_TrackPad_iso-block-3-trial-9-target-0,720.0,200.0,22.5,False,Pointer Move (unknown)
1786100621.532402,728,429,Mac_TrackPad_iso-block-3-trial-9-target-0,720.0,200.0,22.5,False,Pointer Move (unknown)
1786100621.54052,728,401,Mac_TrackPad_iso-block-3-trial-9-target-0,720.0,200.0,22.5,False,Pointer Move (unknown)
1786100621.548699,728,381,Mac_TrackPad_iso-block-3-trial-9-target-0,720.0,200.0,22.5,False,Pointer Move (unknown)
1786100621.5564742,728,364,Mac_TrackPad_iso-block-3-trial-9-target-0,720.0,200.0,22.5,False,Pointer Move (unknown)
1786100621.564668,728,357,Mac_TrackPad_iso-block-3-trial-9-target-0,720.0,200.0,22.5,False,Pointer Move (unknown)
1786100621.572673,728,329,Mac_TrackPad_iso-block-3-trial-9-target-0,720.0,200.0,22.5,False,Pointer Move (unknown)
1786100621.580847,728,324,Mac_TrackPad_iso-block-3-trial-9-target-0,720.0,200.0,22.5,False,Pointer Move (unknown)
1786100621.5889652,728,313,Mac_TrackPad_iso-block-3-trial-9-target-0,720.0,200.0,22.5,False,Pointer Move (unknown)
1786100621.596986,728,304,Mac_TrackPad_iso-block-3-trial-9-target-0,720.0,200.0,22.5,False,Pointer Move (unknown)
1786100621.605252,728,296,Mac_TrackPad_iso-block-3-trial-9-target-0,720.0,200.0,22.5,False,Pointer Move (unknown)
1786100621.613309,728,287,Mac_TrackPad_iso-block-3-trial-9-target-0,720.0,200.0,22.5,False,Pointer Move (unknown)
1786100621.621286,726,282,Mac_TrackPad_iso-block-3-trial-9-target-0,720.0,200.0,22.5,False,Pointer Move (unknown)
1786100621.6295922,726,277,Mac_TrackPad_iso-block-3-trial-9-target-0,720.0,200.0,22.5,False,Pointer Move (unknown)
1786100621.637749,726,274,Mac_TrackPad_iso-block-3-trial-9-target-0,720.0,200.0,22.5,False,Pointer Move (unknown)
1786100621.645924,725,272,Mac_TrackPad_iso-block-3-trial-9-target-0,720.0,200.0,22.5,False,Pointer Move (unknown)
1786100621.653878,724,270,Mac_TrackPad_iso-block-3-trial-9-target-0,720.0,200.0,22.5,False,Pointer Move (unknown)
1786100621.6620522,724,268,Mac_TrackPad_iso-block-3-trial-9-target-0,720.0,200.0,22.5,False,Pointer Move (unknown)
1786100621.670069,724,267,Mac_TrackPad_iso-block-3-trial-9-target-0,720.0,200.0,22.5,False,Pointer Move (unknown)
1786100621.678217,723,266,Mac_TrackPad_iso-block-3-trial-9-target-0,720.0,200.0,22.5,False,Pointer Move (unknown)
1786100621.6864069,723,265,Mac_TrackPad_iso-block-3-trial-9-target-0,720.0,200.0,22.5,False,Pointer Move (unknown)
1786100621.694216,723,264,Mac_TrackPad_iso-block-3-trial-9-target-0,720.0,200.0,22.5,False,Pointer Move (unknown)
1786100621.702315,723,262,Mac_TrackPad_iso-block-3-trial-9-target-0,720.0,200.0,22.5,False,Pointer Move (unknown)
1786100621.710345,723,261,Mac_TrackPad_iso-block-3-trial-9-target-0,720.0,200.0,22.5,False,Pointer Move (unknown)
1786100621.719108,723,259,Mac_TrackPad_iso-block-3-trial-9-target-0,720.0,200.0,22.5,False,Pointer Move (unknown)
1786100621.726914,723,258,Mac_TrackPad_iso-block-3-trial-9-target-0,720.0,200.0,22.5,False,Pointer Move (unknown)
1786100621.7349749,723,257,Mac_TrackPad_iso-block-3-trial-9-target-0,720.0,200.0,22.5,False,Pointer Move (unknown)
1786100621.742502,723,256,Mac_TrackPad_iso-block-3-trial-9-target-0,720.0,200.0,22.5,False,Pointer Move (unknown)
1786100621.750695,723,255,Mac_TrackPad_iso-block-3-trial-9-target-0,720.0,200.0,22.5,False,Pointer Move (unknown)
1786100621.758695,723,254,Mac_TrackPad_iso-block-3-trial-9-target-0,720.0,200.0,22.5,False,Pointer Move (unknown)
1786100621.766891,723,252,Mac_TrackPad_iso-block-3-trial-9-target-0,720.0,200.0,22.5,False,Pointer Move (unknown)
1786100621.774962,723,251,Mac_TrackPad_iso-block-3-trial-9-target-0,720.0,200.0,22.5,False,Pointer Move (unknown)
1786100621.7829068,723,250,Mac_TrackPad_iso-block-3-trial-9-target-0,720.0,200.0,22.5,False,Pointer Move (unknown)
1786100621.7911339,723,249,Mac_TrackPad_iso-block-3-trial-9-target-0,720.0,200.0,22.5,False,Pointer Move (unknown)
1786100621.799356,723,248,Mac_TrackPad_iso-block-3-trial-9-target-0,720.0,200.0,22.5,False,Pointer Move (unknown)
1786100621.807391,723,246,Mac_TrackPad_iso-block-3-trial-9-target-0,720.0,200.0,22.5,False,Pointer Move (unknown)
1786100621.815819,723,243,Mac_TrackPad_iso-block-3-trial-9-target-0,720.0,200.0,22.5,False,Pointer Move (unknown)
1786100621.8234591,723,241,Mac_TrackPad_iso-block-3-trial-9-target-0,720.0,200.0,22.5,False,Pointer Move (unknown)
1786100621.831594,724,238,Mac_TrackPad_iso-block-3-trial-9-target-0,720.0,200.0,22.5,False,Pointer Move (unknown)
1786100621.839625,724,233,Mac_TrackPad_iso-block-3-trial-9-target-0,720.0,200.0,22.5,False,Pointer Move (unknown)
1786100621.8478668,725,230,Mac_TrackPad_iso-block-3-trial-9-target-0,720.0,200.0,22.5,False,Pointer Move (unknown)
1786100621.85592,726,225,Mac_TrackPad_iso-block-3-trial-9-target-0,720.0,200.0,22.5,False,Pointer Move (unknown)
1786100621.865215,726,220,Mac_TrackPad_iso-block-3-trial-9-target-0,720.0,200.0,22.5,False,Pointer Move (unknown)
1786100621.8719392,727,217,Mac_TrackPad_iso-block-3-trial-9-target-0,720.0,200.0,22.5,False,Pointer Move (unknown)
1786100621.8802161,727,212,Mac_TrackPad_iso-block-3-trial-9-target-0,720.0,200.0,22.5,False,Pointer Move (unknown)
1786100621.8883982,727,210,Mac_TrackPad_iso-block-3-trial-9-target-0,720.0,200.0,22.5,False,Pointer Move (unknown)
1786100621.89649,727,207,Mac_TrackPad_iso-block-3-trial-9-target-0,720.0,200.0,22.5,False,Pointer Move (unknown)
1786100621.904429,727,205,Mac_TrackPad_iso-block-3-trial-9-target-0,720.0,200.0,22.5,False,Pointer Move (unknown)
1786100621.9125361,727,204,Mac_TrackPad_iso-block-3-trial-9-target-0,720.0,200.0,22.5,False,Pointer Move (unknown)
1786100621.920565,727,203,Mac_TrackPad_iso-block-3-trial-9-target-0,720.0,200.0,22.5,False,Pointer Move (unknown)
1786100621.928682,727,202,Mac_TrackPad_iso-block-3-trial-9-target-0,720.0,200.0,22.5,False,Pointer Move (unknown)
1786100621.936667,727,201,Mac_TrackPad_iso-block-3-trial-9-target-0,720.0,200.0,22.5,False,Pointer Move (unknown)
1786100621.944781,727,200,Mac_TrackPad_iso-block-3-trial-9-target-0,720.0,200.0,22.5,False,Pointer Move (unknown)
1786100621.9529011,727,200,Mac_TrackPad_iso-block-3-trial-9-target-0,720.0,200.0,22.5,False,Pointer Move (unknown)
1786100621.960795,727,199,Mac_TrackPad_iso-block-3-trial-9-target-0,720.0,200.0,22.5,False,Pointer Move (unknown)
1786100621.969023,727,199,Mac_TrackPad_iso-block-3-trial-9-target-0,720.0,200.0,22.5,False,Pointer Move (unknown)
1786100621.9769769,727,199,Mac_TrackPad_iso-block-3-trial-9-target-0,720.0,200.0,22.5,False,Pointer Move (unknown)
1786100621.985178,727,198,Mac_TrackPad_iso-block-3-trial-9-target-0,720.0,200.0,22.5,False,Pointer Move (unknown)
1786100622.001531,727,198,Mac_TrackPad_iso-block-3-trial-9-target-0,720.0,200.0,22.5,False,Pointer Move (unknown)
1786100622.009583,727,198,Mac_TrackPad_iso-block-3-trial-9-target-0,720.0,200.0,22.5,False,Pointer Move (unknown)
1786100622.017819,727,197,Mac_TrackPad_iso-block-3-trial-9-target-0,720.0,200.0,22.5,False,Pointer Move (unknown)
1786100622.033949,727,197,Mac_TrackPad_iso-block-3-trial-9-target-0,720.0,200.0,22.5,False,Pointer Move (unknown)
1786100622.041708,727,197,Mac_TrackPad_iso-block-3-trial-9-target-0,720.0,200.0,22.5,False,Pointer Move (unknown)
1786100622.187592,727,197,Mac_TrackPad_iso-block-3-trial-9-target-0,720.0,200.0,22.5,False,Pointer Move (unknown)
1786100622.195596,727,197,Mac_TrackPad_iso-block-3-trial-9-target-0,720.0,200.0,22.5,False,Pointer Move (unknown)
1786100622.203821,727,198,Mac_TrackPad_iso-block-3-trial-9-target-0,720.0,200.0,22.5,False,Pointer Move (unknown)
1786100622.211683,727,198,Mac_TrackPad_iso-block-3-trial-9-target-0,720.0,200.0,22.5,False,Pointer Move (unknown)
1786100622.219786,727,199,Mac_TrackPad_iso-block-3-trial-9-target-0,720.0,200.0,22.5,False,Pointer Move (unknown)
1786100622.2277708,727,200,Mac_TrackPad_iso-block-3-trial-9-target-0,720.0,200.0,22.5,False,Pointer Move (unknown)
1786100622.236009,727,201,Mac_TrackPad_iso-block-3-trial-9-target-0,720.0,200.0,22.5,False,Pointer Move (unknown)
1786100622.243984,727,202,Mac_TrackPad_iso-block-3-trial-9-target-0,720.0,200.0,22.5,False,Pointer Move (unknown)
1786100622.252083,727,203,Mac_TrackPad_iso-block-3-trial-9-target-0,720.0,200.0,22.5,False,Pointer Move (unknown)
1786100622.260294,727,204,Mac_TrackPad_iso-block-3-trial-9-target-0,720.0,200.0,22.5,False,Pointer Move (unknown)
1786100622.268411,727,205,Mac_TrackPad_iso-block-3-trial-9-target-0,720.0,200.0,22.5,False,Pointer Move (unknown)
1786100622.2766201,727,206,Mac_TrackPad_iso-block-3-trial-9-target-0,720.0,200.0,22.5,False,Pointer Move (unknown)
1786100622.284727,727,206,Mac_TrackPad_iso-block-3-trial-9-target-0,720.0,200.0,22.5,False,Pointer Move (unknown)
1786100622.292931,727,206,Mac_TrackPad_iso-block-3-trial-9-target-0,720.0,200.0,22.5,False,Pointer Move (unknown)
1786100622.301093,727,207,Mac_TrackPad_iso-block-3-trial-9-target-0,720.0,200.0,22.5,False,Pointer Move (unknown)
1786100622.327611,727,207,Mac_TrackPad_iso-block-3-trial-9-target-0,720.0,200.0,22.5,target_selected,target_selected
1786100622.354126,727,207,Mac_TrackPad_iso-block-3-trial-10-target-4,720.0,700.0,22.5,False,Pointer Move (unknown)
1786100622.535595,727,207,Mac_TrackPad_iso-block-3-trial-10-target-4,720.0,700.0,22.5,False,Pointer Move (unknown)
1786100622.5437171,727,209,Mac_TrackPad_iso-block-3-trial-10-target-4,720.0,700.0,22.5,False,Pointer Move (unknown)
1786100622.551611,727,216,Mac_TrackPad_iso-block-3-trial-10-target-4,720.0,700.0,22.5,False,Pointer Move (unknown)
1786100622.559579,727,223,Mac_TrackPad_iso-block-3-trial-10-target-4,720.0,700.0,22.5,False,Pointer Move (unknown)
1786100622.567743,727,231,Mac_TrackPad_iso-block-3-trial-10-target-4,720.0,700.0,22.5,False,Pointer Move (unknown)
1786100622.5758789,727,243,Mac_TrackPad_iso-block-3-trial-10-target-4,720.0,700.0,22.5,False,Pointer Move (unknown)
1786100622.5840461,727,254,Mac_TrackPad_iso-block-3-trial-10-target-4,720.0,700.0,22.5,False,Pointer Move (unknown)
1786100622.591829,727,271,Mac_TrackPad_iso-block-3-trial-10-target-4,720.0,700.0,22.5,False,Pointer Move (unknown)
1786100622.599937,727,288,Mac_TrackPad_iso-block-3-trial-10-target-4,720.0,700.0,22.5,False,Pointer Move (unknown)
1786100622.607933,727,305,Mac_TrackPad_iso-block-3-trial-10-target-4,720.0,700.0,22.5,False,Pointer Move (unknown)
1786100622.616323,727,325,Mac_TrackPad_iso-block-3-trial-10-target-4,720.0,700.0,22.5,False,Pointer Move (unknown)
1786100622.6243,727,339,Mac_TrackPad_iso-block-3-trial-10-target-4,720.0,700.0,22.5,False,Pointer Move (unknown)
1786100622.6322198,727,356,Mac_TrackPad_iso-block-3-trial-10-target-4,720.0,700.0,22.5,False,Pointer Move (unknown)
1786100622.640227,727,376,Mac_TrackPad_iso-block-3-trial-10-target-4,720.0,700.0,22.5,False,Pointer Move (unknown)
1786100622.648505,727,393,Mac_TrackPad_iso-block-3-trial-10-target-4,720.0,700.0,22.5,False,Pointer Move (unknown)
1786100622.657158,727,410,Mac_TrackPad_iso-block-3-trial-10-target-4,720.0,700.0,22.5,False,Pointer Move (unknown)
1786100622.664746,727,427,Mac_TrackPad_iso-block-3-trial-10-target-4,720.0,700.0,22.5,False,Pointer Move (unknown)
1786100622.672655,727,431,Mac_TrackPad_iso-block-3-trial-10-target-4,720.0,700.0,22.5,False,Pointer Move (unknown)
1786100622.6808052,727,445,Mac_TrackPad_iso-block-3-trial-10-target-4,720.0,700.0,22.5,False,Pointer Move (unknown)
1786100622.689179,727,456,Mac_TrackPad_iso-block-3-trial-10-target-4,720.0,700.0,22.5,False,Pointer Move (unknown)
1786100622.6971772,727,465,Mac_TrackPad_iso-block-3-trial-10-target-4,720.0,700.0,22.5,False,Pointer Move (unknown)
1786100622.7051818,727,474,Mac_TrackPad_iso-block-3-trial-10-target-4,720.0,700.0,22.5,False,Pointer Move (unknown)
1786100622.713273,727,479,Mac_TrackPad_iso-block-3-trial-10-target-4,720.0,700.0,22.5,False,Pointer Move (unknown)
1786100622.721549,727,485,Mac_TrackPad_iso-block-3-trial-10-target-4,720.0,700.0,22.5,False,Pointer Move (unknown)
1786100622.729595,727,490,Mac_TrackPad_iso-block-3-trial-10-target-4,720.0,700.0,22.5,False,Pointer Move (unknown)
1786100622.737822,727,493,Mac_TrackPad_iso-block-3-trial-10-target-4,720.0,700.0,22.5,False,Pointer Move (unknown)
1786100622.745697,727,498,Mac_TrackPad_iso-block-3-trial-10-target-4,720.0,700.0,22.5,False,Pointer Move (unknown)
1786100622.753839,727,503,Mac_TrackPad_iso-block-3-trial-10-target-4,720.0,700.0,22.5,False,Pointer Move (unknown)
1786100622.7617831,727,506,Mac_TrackPad_iso-block-3-trial-10-target-4,720.0,700.0,22.5,False,Pointer Move (unknown)
1786100622.769707,727,511,Mac_TrackPad_iso-block-3-trial-10-target-4,720.0,700.0,22.5,False,Pointer Move (unknown)
1786100622.778025,727,516,Mac_TrackPad_iso-block-3-trial-10-target-4,720.0,700.0,22.5,False,Pointer Move (unknown)
1786100622.7859998,727,521,Mac_TrackPad_iso-block-3-trial-10-target-4,720.0,700.0,22.5,False,Pointer Move (unknown)
1786100622.793971,727,525,Mac_TrackPad_iso-block-3-trial-10-target-4,720.0,700.0,22.5,False,Pointer Move (unknown)
1786100622.802125,727,530,Mac_TrackPad_iso-block-3-trial-10-target-4,720.0,700.0,22.5,False,Pointer Move (unknown)
1786100622.810167,728,535,Mac_TrackPad_iso-block-3-trial-10-target-4,720.0,700.0,22.5,False,Pointer Move (unknown)
1786100622.818368,729,538,Mac_TrackPad_iso-block-3-trial-10-target-4,720.0,700.0,22.5,False,Pointer Move (unknown)
1786100622.826494,729,543,Mac_TrackPad_iso-block-3-trial-10-target-4,720.0,700.0,22.5,False,Pointer Move (unknown)
1786100622.834527,729,546,Mac_TrackPad_iso-block-3-trial-10-target-4,720.0,700.0,22.5,False,Pointer Move (unknown)
1786100622.8425338,730,551,Mac_TrackPad_iso-block-3-trial-10-target-4,720.0,700.0,22.5,False,Pointer Move (unknown)
1786100622.8509219,730,553,Mac_TrackPad_iso-block-3-trial-10-target-4,720.0,700.0,22.5,False,Pointer Move (unknown)
1786100622.85889,731,556,Mac_TrackPad_iso-block-3-trial-10-target-4,720.0,700.0,22.5,False,Pointer Move (unknown)
1786100622.867025,731,558,Mac_TrackPad_iso-block-3-trial-10-target-4,720.0,700.0,22.5,False,Pointer Move (unknown)
1786100622.874954,732,560,Mac_TrackPad_iso-block-3-trial-10-target-4,720.0,700.0,22.5,False,Pointer Move (unknown)
1786100622.8831239,732,562,Mac_TrackPad_iso-block-3-trial-10-target-4,720.0,700.0,22.5,False,Pointer Move (unknown)
1786100622.890996,732,566,Mac_TrackPad_iso-block-3-trial-10-target-4,720.0,700.0,22.5,False,Pointer Move (unknown)
1786100622.899227,732,569,Mac_TrackPad_iso-block-3-trial-10-target-4,720.0,700.0,22.5,False,Pointer Move (unknown)
1786100622.907198,732,572,Mac_TrackPad_iso-block-3-trial-10-target-4,720.0,700.0,22.5,False,Pointer Move (unknown)
1786100622.915333,732,577,Mac_TrackPad_iso-block-3-trial-10-target-4,720.0,700.0,22.5,False,Pointer Move (unknown)
1786100622.9234052,732,580,Mac_TrackPad_iso-block-3-trial-10-target-4,720.0,700.0,22.5,False,Pointer Move (unknown)
1786100622.931347,732,585,Mac_TrackPad_iso-block-3-trial-10-target-4,720.0,700.0,22.5,False,Pointer Move (unknown)
1786100622.939858,732,590,Mac_TrackPad_iso-block-3-trial-10-target-4,720.0,700.0,22.5,False,Pointer Move (unknown)
1786100622.947807,732,594,Mac_TrackPad_iso-block-3-trial-10-target-4,720.0,700.0,22.5,False,Pointer Move (unknown)
1786100622.956016,732,599,Mac_TrackPad_iso-block-3-trial-10-target-4,720.0,700.0,22.5,False,Pointer Move (unknown)
1786100622.96397,732,606,Mac_TrackPad_iso-block-3-trial-10-target-4,720.0,700.0,22.5,False,Pointer Move (unknown)
1786100622.972374,732,611,Mac_TrackPad_iso-block-3-trial-10-target-4,720.0,700.0,22.5,False,Pointer Move (unknown)
1786100622.9801369,732,615,Mac_TrackPad_iso-block-3-trial-10-target-4,720.0,700.0,22.5,False,Pointer Move (unknown)
1786100622.9881961,732,620,Mac_TrackPad_iso-block-3-trial-10-target-4,720.0,700.0,22.5,False,Pointer Move (unknown)
1786100622.996542,732,627,Mac_TrackPad_iso-block-3-trial-10-target-4,720.0,700.0,22.5,False,Pointer Move (unknown)
1786100623.0043929,732,638,Mac_TrackPad_iso-block-3-trial-10-target-4,720.0,700.0,22.5,False,Pointer Move (unknown)
1786100623.012325,732,645,Mac_TrackPad_iso-block-3-trial-10-target-4,720.0,700.0,22.5,False,Pointer Move (unknown)
1786100623.020515,732,649,Mac_TrackPad_iso-block-3-trial-10-target-4,720.0,700.0,22.5,False,Pointer Move (unknown)
1786100623.028585,732,658,Mac_TrackPad_iso-block-3-trial-10-target-4,720.0,700.0,22.5,False,Pointer Move (unknown)
1786100623.0366879,731,665,Mac_TrackPad_iso-block-3-trial-10-target-4,720.0,700.0,22.5,False,Pointer Move (unknown)
1786100623.044682,730,671,Mac_TrackPad_iso-block-3-trial-10-target-4,720.0,700.0,22.5,False,Pointer Move (unknown)
1786100623.052864,729,678,Mac_TrackPad_iso-block-3-trial-10-target-4,720.0,700.0,22.5,False,Pointer Move (unknown)
1786100623.061163,729,683,Mac_TrackPad_iso-block-3-trial-10-target-4,720.0,700.0,22.5,False,Pointer Move (unknown)
1786100623.069092,728,688,Mac_TrackPad_iso-block-3-trial-10-target-4,720.0,700.0,22.5,False,Pointer Move (unknown)
1786100623.077086,727,691,Mac_TrackPad_iso-block-3-trial-10-target-4,720.0,700.0,22.5,False,Pointer Move (unknown)
1786100623.085278,727,693,Mac_TrackPad_iso-block-3-trial-10-target-4,720.0,700.0,22.5,False,Pointer Move (unknown)
1786100623.0932229,727,695,Mac_TrackPad_iso-block-3-trial-10-target-4,720.0,700.0,22.5,False,Pointer Move (unknown)
1786100623.101258,727,696,Mac_TrackPad_iso-block-3-trial-10-target-4,720.0,700.0,22.5,False,Pointer Move (unknown)
1786100623.109478,726,696,Mac_TrackPad_iso-block-3-trial-10-target-4,720.0,700.0,22.5,False,Pointer Move (unknown)
1786100623.117593,726,697,Mac_TrackPad_iso-block-3-trial-10-target-4,720.0,700.0,22.5,False,Pointer Move (unknown)
1786100623.12547,726,697,Mac_TrackPad_iso-block-3-trial-10-target-4,720.0,700.0,22.5,False,Pointer Move (unknown)
1786100623.133856,726,697,Mac_TrackPad_iso-block-3-trial-10-target-4,720.0,700.0,22.5,False,Pointer Move (unknown)
1786100623.142008,726,698,Mac_TrackPad_iso-block-3-trial-10-target-4,720.0,700.0,22.5,False,Pointer Move (unknown)
1786100623.15825,726,698,Mac_TrackPad_iso-block-3-trial-10-target-4,720.0,700.0,22.5,False,Pointer Move (unknown)
1786100623.174326,726,698,Mac_TrackPad_iso-block-3-trial-10-target-4,720.0,700.0,22.5,False,Pointer Move (unknown)
1786100623.198873,726,698,Mac_TrackPad_iso-block-3-trial-10-target-4,720.0,700.0,22.5,False,Pointer Move (unknown)
1786100623.230866,726,699,Mac_TrackPad_iso-block-3-trial-10-target-4,720.0,700.0,22.5,False,Pointer Move (unknown)
1786100623.255326,726,699,Mac_TrackPad_iso-block-3-trial-10-target-4,720.0,700.0,22.5,False,Pointer Move (unknown)
1786100623.2794209,725,699,Mac_TrackPad_iso-block-3-trial-10-target-4,720.0,700.0,22.5,False,Pointer Move (unknown)
1786100623.310538,725,699,Mac_TrackPad_iso-block-3-trial-10-target-4,720.0,700.0,22.5,target_selected,target_selected
1786100623.332211,725,699,Mac_TrackPad_iso-block-3-trial-11-target-0,720.0,200.0,22.5,False,Pointer Move (unknown)
1786100623.554583,725,698,Mac_TrackPad_iso-block-3-trial-11-target-0,720.0,200.0,22.5,False,Pointer Move (unknown)
1786100623.562347,725,693,Mac_TrackPad_iso-block-3-trial-11-target-0,720.0,200.0,22.5,False,Pointer Move (unknown)
1786100623.57065,725,686,Mac_TrackPad_iso-block-3-trial-11-target-0,720.0,200.0,22.5,False,Pointer Move (unknown)
1786100623.578531,725,672,Mac_TrackPad_iso-block-3-trial-11-target-0,720.0,200.0,22.5,False,Pointer Move (unknown)
1786100623.587054,725,648,Mac_TrackPad_iso-block-3-trial-11-target-0,720.0,200.0,22.5,False,Pointer Move (unknown)
1786100623.59487,725,625,Mac_TrackPad_iso-block-3-trial-11-target-0,720.0,200.0,22.5,False,Pointer Move (unknown)
1786100623.602886,725,611,Mac_TrackPad_iso-block-3-trial-11-target-0,720.0,200.0,22.5,False,Pointer Move (unknown)
1786100623.610888,725,558,Mac_TrackPad_iso-block-3-trial-11-target-0,720.0,200.0,22.5,False,Pointer Move (unknown)
1786100623.618891,725,526,Mac_TrackPad_iso-block-3-trial-11-target-0,720.0,200.0,22.5,False,Pointer Move (unknown)
1786100623.627279,725,485,Mac_TrackPad_iso-block-3-trial-11-target-0,720.0,200.0,22.5,False,Pointer Move (unknown)
1786100623.63519,725,471,Mac_TrackPad_iso-block-3-trial-11-target-0,720.0,200.0,22.5,False,Pointer Move (unknown)
1786100623.643285,725,434,Mac_TrackPad_iso-block-3-trial-11-target-0,720.0,200.0,22.5,False,Pointer Move (unknown)
1786100623.651793,725,407,Mac_TrackPad_iso-block-3-trial-11-target-0,720.0,200.0,22.5,False,Pointer Move (unknown)
1786100623.6591392,725,379,Mac_TrackPad_iso-block-3-trial-11-target-0,720.0,200.0,22.5,False,Pointer Move (unknown)
1786100623.667721,725,359,Mac_TrackPad_iso-block-3-trial-11-target-0,720.0,200.0,22.5,False,Pointer Move (unknown)
1786100623.675806,725,338,Mac_TrackPad_iso-block-3-trial-11-target-0,720.0,200.0,22.5,False,Pointer Move (unknown)
1786100623.683469,725,334,Mac_TrackPad_iso-block-3-trial-11-target-0,720.0,200.0,22.5,False,Pointer Move (unknown)
1786100623.691498,725,322,Mac_TrackPad_iso-block-3-trial-11-target-0,720.0,200.0,22.5,False,Pointer Move (unknown)
1786100623.699878,725,311,Mac_TrackPad_iso-block-3-trial-11-target-0,720.0,200.0,22.5,False,Pointer Move (unknown)
1786100623.707961,725,302,Mac_TrackPad_iso-block-3-trial-11-target-0,720.0,200.0,22.5,False,Pointer Move (unknown)
1786100623.71599,725,296,Mac_TrackPad_iso-block-3-trial-11-target-0,720.0,200.0,22.5,False,Pointer Move (unknown)
1786100623.724014,725,291,Mac_TrackPad_iso-block-3-trial-11-target-0,720.0,200.0,22.5,False,Pointer Move (unknown)
1786100623.732117,725,286,Mac_TrackPad_iso-block-3-trial-11-target-0,720.0,200.0,22.5,False,Pointer Move (unknown)
1786100623.740166,725,283,Mac_TrackPad_iso-block-3-trial-11-target-0,720.0,200.0,22.5,False,Pointer Move (unknown)
1786100623.748448,725,280,Mac_TrackPad_iso-block-3-trial-11-target-0,720.0,200.0,22.5,False,Pointer Move (unknown)
1786100623.756564,725,277,Mac_TrackPad_iso-block-3-trial-11-target-0,720.0,200.0,22.5,False,Pointer Move (unknown)
1786100623.764717,725,275,Mac_TrackPad_iso-block-3-trial-11-target-0,720.0,200.0,22.5,False,Pointer Move (unknown)
1786100623.772695,725,272,Mac_TrackPad_iso-block-3-trial-11-target-0,720.0,200.0,22.5,False,Pointer Move (unknown)
1786100623.7807732,725,270,Mac_TrackPad_iso-block-3-trial-11-target-0,720.0,200.0,22.5,False,Pointer Move (unknown)
1786100623.789025,725,268,Mac_TrackPad_iso-block-3-trial-11-target-0,720.0,200.0,22.5,False,Pointer Move (unknown)
1786100623.7968261,725,266,Mac_TrackPad_iso-block-3-trial-11-target-0,720.0,200.0,22.5,False,Pointer Move (unknown)
1786100623.805106,725,264,Mac_TrackPad_iso-block-3-trial-11-target-0,720.0,200.0,22.5,False,Pointer Move (unknown)
1786100623.813024,725,263,Mac_TrackPad_iso-block-3-trial-11-target-0,720.0,200.0,22.5,False,Pointer Move (unknown)
1786100623.8212,725,262,Mac_TrackPad_iso-block-3-trial-11-target-0,720.0,200.0,22.5,False,Pointer Move (unknown)
1786100623.8292632,725,261,Mac_TrackPad_iso-block-3-trial-11-target-0,720.0,200.0,22.5,False,Pointer Move (unknown)
1786100623.837292,725,260,Mac_TrackPad_iso-block-3-trial-11-target-0,720.0,200.0,22.5,False,Pointer Move (unknown)
1786100623.845449,725,260,Mac_TrackPad_iso-block-3-trial-11-target-0,720.0,200.0,22.5,False,Pointer Move (unknown)
1786100623.853395,724,259,Mac_TrackPad_iso-block-3-trial-11-target-0,720.0,200.0,22.5,False,Pointer Move (unknown)
1786100623.8618948,724,258,Mac_TrackPad_iso-block-3-trial-11-target-0,720.0,200.0,22.5,False,Pointer Move (unknown)
1786100623.869973,723,256,Mac_TrackPad_iso-block-3-trial-11-target-0,720.0,200.0,22.5,False,Pointer Move (unknown)
1786100623.877758,723,254,Mac_TrackPad_iso-block-3-trial-11-target-0,720.0,200.0,22.5,False,Pointer Move (unknown)
1786100623.885939,723,252,Mac_TrackPad_iso-block-3-trial-11-target-0,720.0,200.0,22.5,False,Pointer Move (unknown)
1786100623.893939,722,248,Mac_TrackPad_iso-block-3-trial-11-target-0,720.0,200.0,22.5,False,Pointer Move (unknown)
1786100623.9021308,721,242,Mac_TrackPad_iso-block-3-trial-11-target-0,720.0,200.0,22.5,False,Pointer Move (unknown)
1786100623.9101472,721,237,Mac_TrackPad_iso-block-3-trial-11-target-0,720.0,200.0,22.5,False,Pointer Move (unknown)
1786100623.918197,720,232,Mac_TrackPad_iso-block-3-trial-11-target-0,720.0,200.0,22.5,False,Pointer Move (unknown)
1786100623.926369,720,227,Mac_TrackPad_iso-block-3-trial-11-target-0,720.0,200.0,22.5,False,Pointer Move (unknown)
1786100623.9343,719,221,Mac_TrackPad_iso-block-3-trial-11-target-0,720.0,200.0,22.5,False,Pointer Move (unknown)
1786100623.9425879,718,218,Mac_TrackPad_iso-block-3-trial-11-target-0,720.0,200.0,22.5,False,Pointer Move (unknown)
1786100623.950887,717,213,Mac_TrackPad_iso-block-3-trial-11-target-0,720.0,200.0,22.5,False,Pointer Move (unknown)
1786100623.958865,716,211,Mac_TrackPad_iso-block-3-trial-11-target-0,720.0,200.0,22.5,False,Pointer Move (unknown)
1786100623.966967,716,208,Mac_TrackPad_iso-block-3-trial-11-target-0,720.0,200.0,22.5,False,Pointer Move (unknown)
1786100623.974827,716,206,Mac_TrackPad_iso-block-3-trial-11-target-0,720.0,200.0,22.5,False,Pointer Move (unknown)
1786100623.9830458,715,205,Mac_TrackPad_iso-block-3-trial-11-target-0,720.0,200.0,22.5,False,Pointer Move (unknown)
1786100623.991116,715,204,Mac_TrackPad_iso-block-3-trial-11-target-0,720.0,200.0,22.5,False,Pointer Move (unknown)
1786100623.999251,715,204,Mac_TrackPad_iso-block-3-trial-11-target-0,720.0,200.0,22.5,False,Pointer Move (unknown)
1786100624.007212,715,204,Mac_TrackPad_iso-block-3-trial-11-target-0,720.0,200.0,22.5,False,Pointer Move (unknown)
1786100624.015254,715,203,Mac_TrackPad_iso-block-3-trial-11-target-0,720.0,200.0,22.5,False,Pointer Move (unknown)
1786100624.023319,715,203,Mac_TrackPad_iso-block-3-trial-11-target-0,720.0,200.0,22.5,False,Pointer Move (unknown)
1786100624.039645,715,203,Mac_TrackPad_iso-block-3-trial-11-target-0,720.0,200.0,22.5,False,Pointer Move (unknown)
1786100624.047717,714,203,Mac_TrackPad_iso-block-3-trial-11-target-0,720.0,200.0,22.5,False,Pointer Move (unknown)
1786100624.055722,714,202,Mac_TrackPad_iso-block-3-trial-11-target-0,720.0,200.0,22.5,False,Pointer Move (unknown)
1786100624.0638762,714,202,Mac_TrackPad_iso-block-3-trial-11-target-0,720.0,200.0,22.5,False,Pointer Move (unknown)
1786100624.071967,714,201,Mac_TrackPad_iso-block-3-trial-11-target-0,720.0,200.0,22.5,False,Pointer Move (unknown)
1786100624.0883222,714,201,Mac_TrackPad_iso-block-3-trial-11-target-0,720.0,200.0,22.5,False,Pointer Move (unknown)
1786100624.104337,714,201,Mac_TrackPad_iso-block-3-trial-11-target-0,720.0,200.0,22.5,False,Pointer Move (unknown)
1786100624.1206348,714,200,Mac_TrackPad_iso-block-3-trial-11-target-0,720.0,200.0,22.5,False,Pointer Move (unknown)
1786100624.169246,714,200,Mac_TrackPad_iso-block-3-trial-11-target-0,720.0,200.0,22.5,False,Pointer Move (unknown)
1786100624.193623,714,200,Mac_TrackPad_iso-block-3-trial-11-target-0,720.0,200.0,22.5,target_selected,target_selected
1786100624.3958201,714,201,Mac_TrackPad_iso-block-3-trial-12-target-4,720.0,700.0,22.5,False,Pointer Move (unknown)
1786100624.403698,714,204,Mac_TrackPad_iso-block-3-trial-12-target-4,720.0,700.0,22.5,False,Pointer Move (unknown)
1786100624.411963,714,213,Mac_TrackPad_iso-block-3-trial-12-target-4,720.0,700.0,22.5,False,Pointer Move (unknown)
1786100624.4199731,714,220,Mac_TrackPad_iso-block-3-trial-12-target-4,720.0,700.0,22.5,False,Pointer Move (unknown)
1786100624.427758,714,231,Mac_TrackPad_iso-block-3-trial-12-target-4,720.0,700.0,22.5,False,Pointer Move (unknown)
1786100624.436078,714,242,Mac_TrackPad_iso-block-3-trial-12-target-4,720.0,700.0,22.5,False,Pointer Move (unknown)
1786100624.4440992,714,256,Mac_TrackPad_iso-block-3-trial-12-target-4,720.0,700.0,22.5,False,Pointer Move (unknown)
1786100624.452357,714,273,Mac_TrackPad_iso-block-3-trial-12-target-4,720.0,700.0,22.5,False,Pointer Move (unknown)
1786100624.460325,714,287,Mac_TrackPad_iso-block-3-trial-12-target-4,720.0,700.0,22.5,False,Pointer Move (unknown)
1786100624.468336,714,307,Mac_TrackPad_iso-block-3-trial-12-target-4,720.0,700.0,22.5,False,Pointer Move (unknown)
1786100624.476426,714,324,Mac_TrackPad_iso-block-3-trial-12-target-4,720.0,700.0,22.5,False,Pointer Move (unknown)
1786100624.4847538,714,341,Mac_TrackPad_iso-block-3-trial-12-target-4,720.0,700.0,22.5,False,Pointer Move (unknown)
1786100624.4926221,714,361,Mac_TrackPad_iso-block-3-trial-12-target-4,720.0,700.0,22.5,False,Pointer Move (unknown)
1786100624.5006342,714,378,Mac_TrackPad_iso-block-3-trial-12-target-4,720.0,700.0,22.5,False,Pointer Move (unknown)
1786100624.508569,714,398,Mac_TrackPad_iso-block-3-trial-12-target-4,720.0,700.0,22.5,False,Pointer Move (unknown)
1786100624.51701,714,415,Mac_TrackPad_iso-block-3-trial-12-target-4,720.0,700.0,22.5,False,Pointer Move (unknown)
1786100624.524978,714,432,Mac_TrackPad_iso-block-3-trial-12-target-4,720.0,700.0,22.5,False,Pointer Move (unknown)
1786100624.533013,714,446,Mac_TrackPad_iso-block-3-trial-12-target-4,720.0,700.0,22.5,False,Pointer Move (unknown)
1786100624.5411131,714,453,Mac_TrackPad_iso-block-3-trial-12-target-4,720.0,700.0,22.5,False,Pointer Move (unknown)
1786100624.5492191,714,464,Mac_TrackPad_iso-block-3-trial-12-target-4,720.0,700.0,22.5,False,Pointer Move (unknown)
1786100624.557148,714,473,Mac_TrackPad_iso-block-3-trial-12-target-4,720.0,700.0,22.5,False,Pointer Move (unknown)
1786100624.565313,714,484,Mac_TrackPad_iso-block-3-trial-12-target-4,720.0,700.0,22.5,False,Pointer Move (unknown)
1786100624.57349,714,490,Mac_TrackPad_iso-block-3-trial-12-target-4,720.0,700.0,22.5,False,Pointer Move (unknown)
1786100624.581363,714,507,Mac_TrackPad_iso-block-3-trial-12-target-4,720.0,700.0,22.5,False,Pointer Move (unknown)
1786100624.5896761,714,511,Mac_TrackPad_iso-block-3-trial-12-target-4,720.0,700.0,22.5,False,Pointer Move (unknown)
1786100624.597617,714,524,Mac_TrackPad_iso-block-3-trial-12-target-4,720.0,700.0,22.5,False,Pointer Move (unknown)
1786100624.60584,715,533,Mac_TrackPad_iso-block-3-trial-12-target-4,720.0,700.0,22.5,False,Pointer Move (unknown)
1786100624.613756,716,542,Mac_TrackPad_iso-block-3-trial-12-target-4,720.0,700.0,22.5,False,Pointer Move (unknown)
1786100624.621857,717,547,Mac_TrackPad_iso-block-3-trial-12-target-4,720.0,700.0,22.5,False,Pointer Move (unknown)
1786100624.630165,720,555,Mac_TrackPad_iso-block-3-trial-12-target-4,720.0,700.0,22.5,False,Pointer Move (unknown)
1786100624.6383,721,564,Mac_TrackPad_iso-block-3-trial-12-target-4,720.0,700.0,22.5,False,Pointer Move (unknown)
1786100624.646285,724,573,Mac_TrackPad_iso-block-3-trial-12-target-4,720.0,700.0,22.5,False,Pointer Move (unknown)
1786100624.657467,725,582,Mac_TrackPad_iso-block-3-trial-12-target-4,720.0,700.0,22.5,False,Pointer Move (unknown)
1786100624.6621819,727,588,Mac_TrackPad_iso-block-3-trial-12-target-4,720.0,700.0,22.5,False,Pointer Move (unknown)
1786100624.670314,728,595,Mac_TrackPad_iso-block-3-trial-12-target-4,720.0,700.0,22.5,False,Pointer Move (unknown)
1786100624.678543,729,602,Mac_TrackPad_iso-block-3-trial-12-target-4,720.0,700.0,22.5,False,Pointer Move (unknown)
1786100624.686501,730,606,Mac_TrackPad_iso-block-3-trial-12-target-4,720.0,700.0,22.5,False,Pointer Move (unknown)
1786100624.6947782,731,611,Mac_TrackPad_iso-block-3-trial-12-target-4,720.0,700.0,22.5,False,Pointer Move (unknown)
1786100624.70274,731,616,Mac_TrackPad_iso-block-3-trial-12-target-4,720.0,700.0,22.5,False,Pointer Move (unknown)
1786100624.7109601,731,619,Mac_TrackPad_iso-block-3-trial-12-target-4,720.0,700.0,22.5,False,Pointer Move (unknown)
1786100624.719243,731,621,Mac_TrackPad_iso-block-3-trial-12-target-4,720.0,700.0,22.5,False,Pointer Move (unknown)
1786100624.727097,731,623,Mac_TrackPad_iso-block-3-trial-12-target-4,720.0,700.0,22.5,False,Pointer Move (unknown)
1786100624.735232,731,625,Mac_TrackPad_iso-block-3-trial-12-target-4,720.0,700.0,22.5,False,Pointer Move (unknown)
1786100624.7431848,731,626,Mac_TrackPad_iso-block-3-trial-12-target-4,720.0,700.0,22.5,False,Pointer Move (unknown)
1786100624.751488,731,627,Mac_TrackPad_iso-block-3-trial-12-target-4,720.0,700.0,22.5,False,Pointer Move (unknown)
1786100624.759694,731,628,Mac_TrackPad_iso-block-3-trial-12-target-4,720.0,700.0,22.5,False,Pointer Move (unknown)
1786100624.7672052,731,628,Mac_TrackPad_iso-block-3-trial-12-target-4,720.0,700.0,22.5,False,Pointer Move (unknown)
1786100624.7752352,731,628,Mac_TrackPad_iso-block-3-trial-12-target-4,720.0,700.0,22.5,False,Pointer Move (unknown)
1786100624.7833002,731,629,Mac_TrackPad_iso-block-3-trial-12-target-4,720.0,700.0,22.5,False,Pointer Move (unknown)
1786100624.791803,731,629,Mac_TrackPad_iso-block-3-trial-12-target-4,720.0,700.0,22.5,False,Pointer Move (unknown)
1786100624.799946,731,630,Mac_TrackPad_iso-block-3-trial-12-target-4,720.0,700.0,22.5,False,Pointer Move (unknown)
1786100624.807866,731,630,Mac_TrackPad_iso-block-3-trial-12-target-4,720.0,700.0,22.5,False,Pointer Move (unknown)
1786100624.816094,732,630,Mac_TrackPad_iso-block-3-trial-12-target-4,720.0,700.0,22.5,False,Pointer Move (unknown)
1786100624.824147,732,631,Mac_TrackPad_iso-block-3-trial-12-target-4,720.0,700.0,22.5,False,Pointer Move (unknown)
1786100624.8321972,732,632,Mac_TrackPad_iso-block-3-trial-12-target-4,720.0,700.0,22.5,False,Pointer Move (unknown)
1786100624.840317,732,633,Mac_TrackPad_iso-block-3-trial-12-target-4,720.0,700.0,22.5,False,Pointer Move (unknown)
1786100624.848523,732,635,Mac_TrackPad_iso-block-3-trial-12-target-4,720.0,700.0,22.5,False,Pointer Move (unknown)
1786100624.85671,732,636,Mac_TrackPad_iso-block-3-trial-12-target-4,720.0,700.0,22.5,False,Pointer Move (unknown)
1786100624.864583,732,638,Mac_TrackPad_iso-block-3-trial-12-target-4,720.0,700.0,22.5,False,Pointer Move (unknown)
1786100624.872619,732,640,Mac_TrackPad_iso-block-3-trial-12-target-4,720.0,700.0,22.5,False,Pointer Move (unknown)
1786100624.8808699,732,641,Mac_TrackPad_iso-block-3-trial-12-target-4,720.0,700.0,22.5,False,Pointer Move (unknown)
1786100624.8890638,733,643,Mac_TrackPad_iso-block-3-trial-12-target-4,720.0,700.0,22.5,False,Pointer Move (unknown)
1786100624.896946,733,645,Mac_TrackPad_iso-block-3-trial-12-target-4,720.0,700.0,22.5,False,Pointer Move (unknown)
1786100624.904969,733,647,Mac_TrackPad_iso-block-3-trial-12-target-4,720.0,700.0,22.5,False,Pointer Move (unknown)
1786100624.9132411,733,650,Mac_TrackPad_iso-block-3-trial-12-target-4,720.0,700.0,22.5,False,Pointer Move (unknown)
1786100624.921366,733,652,Mac_TrackPad_iso-block-3-trial-12-target-4,720.0,700.0,22.5,False,Pointer Move (unknown)
1786100624.929416,733,655,Mac_TrackPad_iso-block-3-trial-12-target-4,720.0,700.0,22.5,False,Pointer Move (unknown)
1786100624.937504,733,658,Mac_TrackPad_iso-block-3-trial-12-target-4,720.0,700.0,22.5,False,Pointer Move (unknown)
1786100624.945407,733,662,Mac_TrackPad_iso-block-3-trial-12-target-4,720.0,700.0,22.5,False,Pointer Move (unknown)
1786100624.953467,733,664,Mac_TrackPad_iso-block-3-trial-12-target-4,720.0,700.0,22.5,False,Pointer Move (unknown)
1786100624.9616241,733,667,Mac_TrackPad_iso-block-3-trial-12-target-4,720.0,700.0,22.5,False,Pointer Move (unknown)
1786100624.969621,733,670,Mac_TrackPad_iso-block-3-trial-12-target-4,720.0,700.0,22.5,False,Pointer Move (unknown)
1786100624.9776452,733,673,Mac_TrackPad_iso-block-3-trial-12-target-4,720.0,700.0,22.5,False,Pointer Move (unknown)
1786100624.9858801,733,677,Mac_TrackPad_iso-block-3-trial-12-target-4,720.0,700.0,22.5,False,Pointer Move (unknown)
1786100624.99403,733,679,Mac_TrackPad_iso-block-3-trial-12-target-4,720.0,700.0,22.5,False,Pointer Move (unknown)
1786100625.0023339,733,682,Mac_TrackPad_iso-block-3-trial-12-target-4,720.0,700.0,22.5,False,Pointer Move (unknown)
1786100625.010345,733,684,Mac_TrackPad_iso-block-3-trial-12-target-4,720.0,700.0,22.5,False,Pointer Move (unknown)
1786100625.018419,732,687,Mac_TrackPad_iso-block-3-trial-12-target-4,720.0,700.0,22.5,False,Pointer Move (unknown)
1786100625.026328,731,690,Mac_TrackPad_iso-block-3-trial-12-target-4,720.0,700.0,22.5,False,Pointer Move (unknown)
1786100625.0346282,730,694,Mac_TrackPad_iso-block-3-trial-12-target-4,720.0,700.0,22.5,False,Pointer Move (unknown)
1786100625.042484,730,696,Mac_TrackPad_iso-block-3-trial-12-target-4,720.0,700.0,22.5,False,Pointer Move (unknown)
1786100625.050813,729,698,Mac_TrackPad_iso-block-3-trial-12-target-4,720.0,700.0,22.5,False,Pointer Move (unknown)
1786100625.05874,728,700,Mac_TrackPad_iso-block-3-trial-12-target-4,720.0,700.0,22.5,False,Pointer Move (unknown)
1786100625.066953,728,701,Mac_TrackPad_iso-block-3-trial-12-target-4,720.0,700.0,22.5,False,Pointer Move (unknown)
1786100625.07483,728,702,Mac_TrackPad_iso-block-3-trial-12-target-4,720.0,700.0,22.5,False,Pointer Move (unknown)
1786100625.083264,728,702,Mac_TrackPad_iso-block-3-trial-12-target-4,720.0,700.0,22.5,False,Pointer Move (unknown)
1786100625.091201,728,703,Mac_TrackPad_iso-block-3-trial-12-target-4,720.0,700.0,22.5,False,Pointer Move (unknown)
1786100625.099089,727,703,Mac_TrackPad_iso-block-3-trial-12-target-4,720.0,700.0,22.5,False,Pointer Move (unknown)
1786100625.10713,727,703,Mac_TrackPad_iso-block-3-trial-12-target-4,720.0,700.0,22.5,False,Pointer Move (unknown)
1786100625.115152,727,704,Mac_TrackPad_iso-block-3-trial-12-target-4,720.0,700.0,22.5,False,Pointer Move (unknown)
1786100625.131571,727,704,Mac_TrackPad_iso-block-3-trial-12-target-4,720.0,700.0,22.5,False,Pointer Move (unknown)
1786100625.180403,727,704,Mac_TrackPad_iso-block-3-trial-12-target-4,720.0,700.0,22.5,False,Pointer Move (unknown)
1786100625.212629,727,704,Mac_TrackPad_iso-block-3-trial-12-target-4,720.0,700.0,22.5,False,Pointer Move (unknown)
1786100625.243649,727,704,Mac_TrackPad_iso-block-3-trial-12-target-4,720.0,700.0,22.5,target_selected,target_selected
1786100625.4228292,727,703,Mac_TrackPad_iso-block-3-trial-13-target-0,720.0,200.0,22.5,False,Pointer Move (unknown)
1786100625.4304278,727,702,Mac_TrackPad_iso-block-3-trial-13-target-0,720.0,200.0,22.5,False,Pointer Move (unknown)
1786100625.4387178,727,701,Mac_TrackPad_iso-block-3-trial-13-target-0,720.0,200.0,22.5,False,Pointer Move (unknown)
1786100625.4471161,727,695,Mac_TrackPad_iso-block-3-trial-13-target-0,720.0,200.0,22.5,False,Pointer Move (unknown)
1786100625.455241,727,684,Mac_TrackPad_iso-block-3-trial-13-target-0,720.0,200.0,22.5,False,Pointer Move (unknown)
1786100625.463265,727,675,Mac_TrackPad_iso-block-3-trial-13-target-0,720.0,200.0,22.5,False,Pointer Move (unknown)
1786100625.47136,727,647,Mac_TrackPad_iso-block-3-trial-13-target-0,720.0,200.0,22.5,False,Pointer Move (unknown)
1786100625.479281,727,623,Mac_TrackPad_iso-block-3-trial-13-target-0,720.0,200.0,22.5,False,Pointer Move (unknown)
1786100625.487251,727,591,Mac_TrackPad_iso-block-3-trial-13-target-0,720.0,200.0,22.5,False,Pointer Move (unknown)
1786100625.495641,727,577,Mac_TrackPad_iso-block-3-trial-13-target-0,720.0,200.0,22.5,False,Pointer Move (unknown)
1786100625.503697,727,545,Mac_TrackPad_iso-block-3-trial-13-target-0,720.0,200.0,22.5,False,Pointer Move (unknown)
1786100625.511668,727,513,Mac_TrackPad_iso-block-3-trial-13-target-0,720.0,200.0,22.5,False,Pointer Move (unknown)
1786100625.519922,727,481,Mac_TrackPad_iso-block-3-trial-13-target-0,720.0,200.0,22.5,False,Pointer Move (unknown)
1786100625.527946,727,453,Mac_TrackPad_iso-block-3-trial-13-target-0,720.0,200.0,22.5,False,Pointer Move (unknown)
1786100625.5360231,727,425,Mac_TrackPad_iso-block-3-trial-13-target-0,720.0,200.0,22.5,False,Pointer Move (unknown)
1786100625.544201,727,401,Mac_TrackPad_iso-block-3-trial-13-target-0,720.0,200.0,22.5,False,Pointer Move (unknown)
1786100625.5521019,727,381,Mac_TrackPad_iso-block-3-trial-13-target-0,720.0,200.0,22.5,False,Pointer Move (unknown)
1786100625.5601768,727,364,Mac_TrackPad_iso-block-3-trial-13-target-0,720.0,200.0,22.5,False,Pointer Move (unknown)
1786100625.568456,727,350,Mac_TrackPad_iso-block-3-trial-13-target-0,720.0,200.0,22.5,False,Pointer Move (unknown)
1786100625.5767648,727,336,Mac_TrackPad_iso-block-3-trial-13-target-0,720.0,200.0,22.5,False,Pointer Move (unknown)
1786100625.5847712,727,323,Mac_TrackPad_iso-block-3-trial-13-target-0,720.0,200.0,22.5,False,Pointer Move (unknown)
1786100625.5924218,727,319,Mac_TrackPad_iso-block-3-trial-13-target-0,720.0,200.0,22.5,False,Pointer Move (unknown)
1786100625.600645,727,308,Mac_TrackPad_iso-block-3-trial-13-target-0,720.0,200.0,22.5,False,Pointer Move (unknown)
1786100625.608742,727,301,Mac_TrackPad_iso-block-3-trial-13-target-0,720.0,200.0,22.5,False,Pointer Move (unknown)
1786100625.61704,727,295,Mac_TrackPad_iso-block-3-trial-13-target-0,720.0,200.0,22.5,False,Pointer Move (unknown)
1786100625.624907,727,288,Mac_TrackPad_iso-block-3-trial-13-target-0,720.0,200.0,22.5,False,Pointer Move (unknown)
1786100625.633022,727,282,Mac_TrackPad_iso-block-3-trial-13-target-0,720.0,200.0,22.5,False,Pointer Move (unknown)
1786100625.640996,727,278,Mac_TrackPad_iso-block-3-trial-13-target-0,720.0,200.0,22.5,False,Pointer Move (unknown)
1786100625.649298,727,274,Mac_TrackPad_iso-block-3-trial-13-target-0,720.0,200.0,22.5,False,Pointer Move (unknown)
1786100625.6572459,727,269,Mac_TrackPad_iso-block-3-trial-13-target-0,720.0,200.0,22.5,False,Pointer Move (unknown)
1786100625.665374,727,265,Mac_TrackPad_iso-block-3-trial-13-target-0,720.0,200.0,22.5,False,Pointer Move (unknown)
1786100625.673184,727,262,Mac_TrackPad_iso-block-3-trial-13-target-0,720.0,200.0,22.5,False,Pointer Move (unknown)
1786100625.68146,727,257,Mac_TrackPad_iso-block-3-trial-13-target-0,720.0,200.0,22.5,False,Pointer Move (unknown)
1786100625.689735,727,254,Mac_TrackPad_iso-block-3-trial-13-target-0,720.0,200.0,22.5,False,Pointer Move (unknown)
1786100625.697819,727,251,Mac_TrackPad_iso-block-3-trial-13-target-0,720.0,200.0,22.5,False,Pointer Move (unknown)
1786100625.706115,727,248,Mac_TrackPad_iso-block-3-trial-13-target-0,720.0,200.0,22.5,False,Pointer Move (unknown)
1786100625.7138839,727,246,Mac_TrackPad_iso-block-3-trial-13-target-0,720.0,200.0,22.5,False,Pointer Move (unknown)
1786100625.722228,727,244,Mac_TrackPad_iso-block-3-trial-13-target-0,720.0,200.0,22.5,False,Pointer Move (unknown)
1786100625.7303941,727,243,Mac_TrackPad_iso-block-3-trial-13-target-0,720.0,200.0,22.5,False,Pointer Move (unknown)
1786100625.738212,727,242,Mac_TrackPad_iso-block-3-trial-13-target-0,720.0,200.0,22.5,False,Pointer Move (unknown)
1786100625.74633,727,241,Mac_TrackPad_iso-block-3-trial-13-target-0,720.0,200.0,22.5,False,Pointer Move (unknown)
1786100625.754312,727,239,Mac_TrackPad_iso-block-3-trial-13-target-0,720.0,200.0,22.5,False,Pointer Move (unknown)
1786100625.762401,727,239,Mac_TrackPad_iso-block-3-trial-13-target-0,720.0,200.0,22.5,False,Pointer Move (unknown)
1786100625.770785,727,239,Mac_TrackPad_iso-block-3-trial-13-target-0,720.0,200.0,22.5,False,Pointer Move (unknown)
1786100625.778677,727,238,Mac_TrackPad_iso-block-3-trial-13-target-0,720.0,200.0,22.5,False,Pointer Move (unknown)
1786100625.786676,727,237,Mac_TrackPad_iso-block-3-trial-13-target-0,720.0,200.0,22.5,False,Pointer Move (unknown)
1786100625.794751,727,236,Mac_TrackPad_iso-block-3-trial-13-target-0,720.0,200.0,22.5,False,Pointer Move (unknown)
1786100625.802818,727,235,Mac_TrackPad_iso-block-3-trial-13-target-0,720.0,200.0,22.5,False,Pointer Move (unknown)
1786100625.810797,727,233,Mac_TrackPad_iso-block-3-trial-13-target-0,720.0,200.0,22.5,False,Pointer Move (unknown)
1786100625.819124,727,232,Mac_TrackPad_iso-block-3-trial-13-target-0,720.0,200.0,22.5,False,Pointer Move (unknown)
1786100625.8270311,727,231,Mac_TrackPad_iso-block-3-trial-13-target-0,720.0,200.0,22.5,False,Pointer Move (unknown)
1786100625.835225,727,229,Mac_TrackPad_iso-block-3-trial-13-target-0,720.0,200.0,22.5,False,Pointer Move (unknown)
1786100625.8434649,727,227,Mac_TrackPad_iso-block-3-trial-13-target-0,720.0,200.0,22.5,False,Pointer Move (unknown)
1786100625.8515399,727,225,Mac_TrackPad_iso-block-3-trial-13-target-0,720.0,200.0,22.5,False,Pointer Move (unknown)
1786100625.859576,727,223,Mac_TrackPad_iso-block-3-trial-13-target-0,720.0,200.0,22.5,False,Pointer Move (unknown)
1786100625.86765,727,221,Mac_TrackPad_iso-block-3-trial-13-target-0,720.0,200.0,22.5,False,Pointer Move (unknown)
1786100625.8755991,727,218,Mac_TrackPad_iso-block-3-trial-13-target-0,720.0,200.0,22.5,False,Pointer Move (unknown)
1786100625.883701,727,216,Mac_TrackPad_iso-block-3-trial-13-target-0,720.0,200.0,22.5,False,Pointer Move (unknown)
1786100625.891875,727,212,Mac_TrackPad_iso-block-3-trial-13-target-0,720.0,200.0,22.5,False,Pointer Move (unknown)
1786100625.89984,727,209,Mac_TrackPad_iso-block-3-trial-13-target-0,720.0,200.0,22.5,False,Pointer Move (unknown)
1786100625.9078348,727,207,Mac_TrackPad_iso-block-3-trial-13-target-0,720.0,200.0,22.5,False,Pointer Move (unknown)
1786100625.916119,727,205,Mac_TrackPad_iso-block-3-trial-13-target-0,720.0,200.0,22.5,False,Pointer Move (unknown)
1786100625.92407,727,204,Mac_TrackPad_iso-block-3-trial-13-target-0,720.0,200.0,22.5,False,Pointer Move (unknown)
1786100625.9324312,727,202,Mac_TrackPad_iso-block-3-trial-13-target-0,720.0,200.0,22.5,False,Pointer Move (unknown)
1786100625.940428,727,202,Mac_TrackPad_iso-block-3-trial-13-target-0,720.0,200.0,22.5,False,Pointer Move (unknown)
1786100625.9487271,727,201,Mac_TrackPad_iso-block-3-trial-13-target-0,720.0,200.0,22.5,False,Pointer Move (unknown)
1786100625.956484,727,200,Mac_TrackPad_iso-block-3-trial-13-target-0,720.0,200.0,22.5,False,Pointer Move (unknown)
1786100625.964694,727,200,Mac_TrackPad_iso-block-3-trial-13-target-0,720.0,200.0,22.5,False,Pointer Move (unknown)
1786100625.972789,727,200,Mac_TrackPad_iso-block-3-trial-13-target-0,720.0,200.0,22.5,False,Pointer Move (unknown)
1786100626.027188,727,200,Mac_TrackPad_iso-block-3-trial-13-target-0,720.0,200.0,22.5,target_selected,target_selected
1786100626.183462,727,199,Mac_TrackPad_iso-block-3-trial-14-target-4,720.0,700.0,22.5,False,Pointer Move (unknown)
1786100626.191081,727,200,Mac_TrackPad_iso-block-3-trial-14-target-4,720.0,700.0,22.5,False,Pointer Move (unknown)
1786100626.1993148,727,205,Mac_TrackPad_iso-block-3-trial-14-target-4,720.0,700.0,22.5,False,Pointer Move (unknown)
1786100626.2073631,727,214,Mac_TrackPad_iso-block-3-trial-14-target-4,720.0,700.0,22.5,False,Pointer Move (unknown)
1786100626.215411,727,225,Mac_TrackPad_iso-block-3-trial-14-target-4,720.0,700.0,22.5,False,Pointer Move (unknown)
1786100626.2234108,727,239,Mac_TrackPad_iso-block-3-trial-14-target-4,720.0,700.0,22.5,False,Pointer Move (unknown)
1786100626.2316532,727,256,Mac_TrackPad_iso-block-3-trial-14-target-4,720.0,700.0,22.5,False,Pointer Move (unknown)
1786100626.239601,727,276,Mac_TrackPad_iso-block-3-trial-14-target-4,720.0,700.0,22.5,False,Pointer Move (unknown)
1786100626.247584,727,296,Mac_TrackPad_iso-block-3-trial-14-target-4,720.0,700.0,22.5,False,Pointer Move (unknown)
1786100626.2563891,727,316,Mac_TrackPad_iso-block-3-trial-14-target-4,720.0,700.0,22.5,False,Pointer Move (unknown)
1786100626.263993,727,337,Mac_TrackPad_iso-block-3-trial-14-target-4,720.0,700.0,22.5,False,Pointer Move (unknown)
1786100626.2720482,727,361,Mac_TrackPad_iso-block-3-trial-14-target-4,720.0,700.0,22.5,False,Pointer Move (unknown)
1786100626.280143,727,377,Mac_TrackPad_iso-block-3-trial-14-target-4,720.0,700.0,22.5,False,Pointer Move (unknown)
1786100626.288159,727,398,Mac_TrackPad_iso-block-3-trial-14-target-4,720.0,700.0,22.5,False,Pointer Move (unknown)
1786100626.29707,727,412,Mac_TrackPad_iso-block-3-trial-14-target-4,720.0,700.0,22.5,False,Pointer Move (unknown)
1786100626.3043892,727,429,Mac_TrackPad_iso-block-3-trial-14-target-4,720.0,700.0,22.5,False,Pointer Move (unknown)
1786100626.3125288,727,445,Mac_TrackPad_iso-block-3-trial-14-target-4,720.0,700.0,22.5,False,Pointer Move (unknown)
1786100626.321105,727,462,Mac_TrackPad_iso-block-3-trial-14-target-4,720.0,700.0,22.5,False,Pointer Move (unknown)
1786100626.328467,727,479,Mac_TrackPad_iso-block-3-trial-14-target-4,720.0,700.0,22.5,False,Pointer Move (unknown)
1786100626.337148,727,496,Mac_TrackPad_iso-block-3-trial-14-target-4,720.0,700.0,22.5,False,Pointer Move (unknown)
1786100626.344793,727,510,Mac_TrackPad_iso-block-3-trial-14-target-4,720.0,700.0,22.5,False,Pointer Move (unknown)
1786100626.3530428,727,515,Mac_TrackPad_iso-block-3-trial-14-target-4,720.0,700.0,22.5,False,Pointer Move (unknown)
1786100626.360974,727,539,Mac_TrackPad_iso-block-3-trial-14-target-4,720.0,700.0,22.5,False,Pointer Move (unknown)
1786100626.369088,727,553,Mac_TrackPad_iso-block-3-trial-14-target-4,720.0,700.0,22.5,False,Pointer Move (unknown)
1786100626.37732,727,556,Mac_TrackPad_iso-block-3-trial-14-target-4,720.0,700.0,22.5,False,Pointer Move (unknown)
1786100626.385364,727,580,Mac_TrackPad_iso-block-3-trial-14-target-4,720.0,700.0,22.5,False,Pointer Move (unknown)
1786100626.393319,727,583,Mac_TrackPad_iso-block-3-trial-14-target-4,720.0,700.0,22.5,False,Pointer Move (unknown)
1786100626.4014878,727,592,Mac_TrackPad_iso-block-3-trial-14-target-4,720.0,700.0,22.5,False,Pointer Move (unknown)
1786100626.4094841,727,600,Mac_TrackPad_iso-block-3-trial-14-target-4,720.0,700.0,22.5,False,Pointer Move (unknown)
1786100626.417651,727,607,Mac_TrackPad_iso-block-3-trial-14-target-4,720.0,700.0,22.5,False,Pointer Move (unknown)
1786100626.4257898,726,616,Mac_TrackPad_iso-block-3-trial-14-target-4,720.0,700.0,22.5,False,Pointer Move (unknown)
1786100626.4337761,726,622,Mac_TrackPad_iso-block-3-trial-14-target-4,720.0,700.0,22.5,False,Pointer Move (unknown)
1786100626.441771,726,629,Mac_TrackPad_iso-block-3-trial-14-target-4,720.0,700.0,22.5,False,Pointer Move (unknown)
1786100626.450115,726,634,Mac_TrackPad_iso-block-3-trial-14-target-4,720.0,700.0,22.5,False,Pointer Move (unknown)
1786100626.458261,725,641,Mac_TrackPad_iso-block-3-trial-14-target-4,720.0,700.0,22.5,False,Pointer Move (unknown)
1786100626.466109,725,645,Mac_TrackPad_iso-block-3-trial-14-target-4,720.0,700.0,22.5,False,Pointer Move (unknown)
1786100626.474216,725,649,Mac_TrackPad_iso-block-3-trial-14-target-4,720.0,700.0,22.5,False,Pointer Move (unknown)
1786100626.482292,724,652,Mac_TrackPad_iso-block-3-trial-14-target-4,720.0,700.0,22.5,False,Pointer Move (unknown)
1786100626.4903538,724,655,Mac_TrackPad_iso-block-3-trial-14-target-4,720.0,700.0,22.5,False,Pointer Move (unknown)
1786100626.4984288,724,658,Mac_TrackPad_iso-block-3-trial-14-target-4,720.0,700.0,22.5,False,Pointer Move (unknown)
1786100626.506464,724,660,Mac_TrackPad_iso-block-3-trial-14-target-4,720.0,700.0,22.5,False,Pointer Move (unknown)
1786100626.51453,723,662,Mac_TrackPad_iso-block-3-trial-14-target-4,720.0,700.0,22.5,False,Pointer Move (unknown)
1786100626.5227551,723,664,Mac_TrackPad_iso-block-3-trial-14-target-4,720.0,700.0,22.5,False,Pointer Move (unknown)
1786100626.5312152,723,665,Mac_TrackPad_iso-block-3-trial-14-target-4,720.0,700.0,22.5,False,Pointer Move (unknown)
1786100626.5390668,723,666,Mac_TrackPad_iso-block-3-trial-14-target-4,720.0,700.0,22.5,False,Pointer Move (unknown)
1786100626.547002,723,667,Mac_TrackPad_iso-block-3-trial-14-target-4,720.0,700.0,22.5,False,Pointer Move (unknown)
1786100626.555134,723,668,Mac_TrackPad_iso-block-3-trial-14-target-4,720.0,700.0,22.5,False,Pointer Move (unknown)
1786100626.563139,723,669,Mac_TrackPad_iso-block-3-trial-14-target-4,720.0,700.0,22.5,False,Pointer Move (unknown)
1786100626.5713658,723,670,Mac_TrackPad_iso-block-3-trial-14-target-4,720.0,700.0,22.5,False,Pointer Move (unknown)
1786100626.57939,723,672,Mac_TrackPad_iso-block-3-trial-14-target-4,720.0,700.0,22.5,False,Pointer Move (unknown)
1786100626.587421,723,674,Mac_TrackPad_iso-block-3-trial-14-target-4,720.0,700.0,22.5,False,Pointer Move (unknown)
1786100626.59551,723,676,Mac_TrackPad_iso-block-3-trial-14-target-4,720.0,700.0,22.5,False,Pointer Move (unknown)
1786100626.6036701,723,678,Mac_TrackPad_iso-block-3-trial-14-target-4,720.0,700.0,22.5,False,Pointer Move (unknown)
1786100626.611691,723,681,Mac_TrackPad_iso-block-3-trial-14-target-4,720.0,700.0,22.5,False,Pointer Move (unknown)
1786100626.6199691,723,683,Mac_TrackPad_iso-block-3-trial-14-target-4,720.0,700.0,22.5,False,Pointer Move (unknown)
1786100626.62796,723,685,Mac_TrackPad_iso-block-3-trial-14-target-4,720.0,700.0,22.5,False,Pointer Move (unknown)
1786100626.6361191,722,687,Mac_TrackPad_iso-block-3-trial-14-target-4,720.0,700.0,22.5,False,Pointer Move (unknown)
1786100626.644036,722,689,Mac_TrackPad_iso-block-3-trial-14-target-4,720.0,700.0,22.5,False,Pointer Move (unknown)
1786100626.6521852,722,690,Mac_TrackPad_iso-block-3-trial-14-target-4,720.0,700.0,22.5,False,Pointer Move (unknown)
1786100626.660258,722,691,Mac_TrackPad_iso-block-3-trial-14-target-4,720.0,700.0,22.5,False,Pointer Move (unknown)
1786100626.6683059,722,691,Mac_TrackPad_iso-block-3-trial-14-target-4,720.0,700.0,22.5,False,Pointer Move (unknown)
1786100626.676335,722,691,Mac_TrackPad_iso-block-3-trial-14-target-4,720.0,700.0,22.5,False,Pointer Move (unknown)
1786100626.684455,722,692,Mac_TrackPad_iso-block-3-trial-14-target-4,720.0,700.0,22.5,False,Pointer Move (unknown)
1786100626.6927118,722,692,Mac_TrackPad_iso-block-3-trial-14-target-4,720.0,700.0,22.5,False,Pointer Move (unknown)
1786100626.7009358,722,693,Mac_TrackPad_iso-block-3-trial-14-target-4,720.0,700.0,22.5,False,Pointer Move (unknown)
1786100626.708844,722,693,Mac_TrackPad_iso-block-3-trial-14-target-4,720.0,700.0,22.5,False,Pointer Move (unknown)
1786100626.716911,722,693,Mac_TrackPad_iso-block-3-trial-14-target-4,720.0,700.0,22.5,False,Pointer Move (unknown)
1786100626.724917,722,694,Mac_TrackPad_iso-block-3-trial-14-target-4,720.0,700.0,22.5,False,Pointer Move (unknown)
1786100626.733357,722,694,Mac_TrackPad_iso-block-3-trial-14-target-4,720.0,700.0,22.5,False,Pointer Move (unknown)
1786100626.7493482,722,694,Mac_TrackPad_iso-block-3-trial-14-target-4,720.0,700.0,22.5,False,Pointer Move (unknown)
1786100626.7572858,722,695,Mac_TrackPad_iso-block-3-trial-14-target-4,720.0,700.0,22.5,False,Pointer Move (unknown)
1786100626.765585,722,695,Mac_TrackPad_iso-block-3-trial-14-target-4,720.0,700.0,22.5,False,Pointer Move (unknown)
1786100626.781915,722,695,Mac_TrackPad_iso-block-3-trial-14-target-4,720.0,700.0,22.5,False,Pointer Move (unknown)
1786100626.790092,722,696,Mac_TrackPad_iso-block-3-trial-14-target-4,720.0,700.0,22.5,False,Pointer Move (unknown)
1786100626.810226,722,696,Mac_TrackPad_iso-block-3-trial-14-target-4,720.0,700.0,22.5,target_selected,target_selected
1786100626.967764,722,695,Mac_TrackPad_iso-block-3-trial-15-target-0,720.0,200.0,22.5,False,Pointer Move (unknown)
1786100626.975679,722,695,Mac_TrackPad_iso-block-3-trial-15-target-0,720.0,200.0,22.5,False,Pointer Move (unknown)
1786100626.983854,722,694,Mac_TrackPad_iso-block-3-trial-15-target-0,720.0,200.0,22.5,False,Pointer Move (unknown)
1786100626.991982,722,692,Mac_TrackPad_iso-block-3-trial-15-target-0,720.0,200.0,22.5,False,Pointer Move (unknown)
1786100627.000012,722,687,Mac_TrackPad_iso-block-3-trial-15-target-0,720.0,200.0,22.5,False,Pointer Move (unknown)
1786100627.0079849,722,678,Mac_TrackPad_iso-block-3-trial-15-target-0,720.0,200.0,22.5,False,Pointer Move (unknown)
1786100627.016049,722,667,Mac_TrackPad_iso-block-3-trial-15-target-0,720.0,200.0,22.5,False,Pointer Move (unknown)
1786100627.024501,722,650,Mac_TrackPad_iso-block-3-trial-15-target-0,720.0,200.0,22.5,False,Pointer Move (unknown)
1786100627.032247,722,644,Mac_TrackPad_iso-block-3-trial-15-target-0,720.0,200.0,22.5,False,Pointer Move (unknown)
1786100627.040214,722,602,Mac_TrackPad_iso-block-3-trial-15-target-0,720.0,200.0,22.5,False,Pointer Move (unknown)
1786100627.048404,722,570,Mac_TrackPad_iso-block-3-trial-15-target-0,720.0,200.0,22.5,False,Pointer Move (unknown)
1786100627.056833,722,556,Mac_TrackPad_iso-block-3-trial-15-target-0,720.0,200.0,22.5,False,Pointer Move (unknown)
1786100627.064754,722,492,Mac_TrackPad_iso-block-3-trial-15-target-0,720.0,200.0,22.5,False,Pointer Move (unknown)
1786100627.072949,722,460,Mac_TrackPad_iso-block-3-trial-15-target-0,720.0,200.0,22.5,False,Pointer Move (unknown)
1786100627.081072,722,443,Mac_TrackPad_iso-block-3-trial-15-target-0,720.0,200.0,22.5,False,Pointer Move (unknown)
1786100627.089209,722,411,Mac_TrackPad_iso-block-3-trial-15-target-0,720.0,200.0,22.5,False,Pointer Move (unknown)
1786100627.097128,722,383,Mac_TrackPad_iso-block-3-trial-15-target-0,720.0,200.0,22.5,False,Pointer Move (unknown)
1786100627.105288,722,359,Mac_TrackPad_iso-block-3-trial-15-target-0,720.0,200.0,22.5,False,Pointer Move (unknown)
1786100627.1131048,722,335,Mac_TrackPad_iso-block-3-trial-15-target-0,720.0,200.0,22.5,False,Pointer Move (unknown)
1786100627.121064,722,315,Mac_TrackPad_iso-block-3-trial-15-target-0,720.0,200.0,22.5,False,Pointer Move (unknown)
1786100627.129178,722,295,Mac_TrackPad_iso-block-3-trial-15-target-0,720.0,200.0,22.5,False,Pointer Move (unknown)
1786100627.137295,722,281,Mac_TrackPad_iso-block-3-trial-15-target-0,720.0,200.0,22.5,False,Pointer Move (unknown)
1786100627.145728,722,276,Mac_TrackPad_iso-block-3-trial-15-target-0,720.0,200.0,22.5,False,Pointer Move (unknown)
1786100627.1534898,722,265,Mac_TrackPad_iso-block-3-trial-15-target-0,720.0,200.0,22.5,False,Pointer Move (unknown)
1786100627.1618218,722,256,Mac_TrackPad_iso-block-3-trial-15-target-0,720.0,200.0,22.5,False,Pointer Move (unknown)
1786100627.1701329,722,250,Mac_TrackPad_iso-block-3-trial-15-target-0,720.0,200.0,22.5,False,Pointer Move (unknown)
1786100627.177876,722,245,Mac_TrackPad_iso-block-3-trial-15-target-0,720.0,200.0,22.5,False,Pointer Move (unknown)
1786100627.186087,722,240,Mac_TrackPad_iso-block-3-trial-15-target-0,720.0,200.0,22.5,False,Pointer Move (unknown)
1786100627.194096,722,238,Mac_TrackPad_iso-block-3-trial-15-target-0,720.0,200.0,22.5,False,Pointer Move (unknown)
1786100627.20223,722,235,Mac_TrackPad_iso-block-3-trial-15-target-0,720.0,200.0,22.5,False,Pointer Move (unknown)
1786100627.210281,722,234,Mac_TrackPad_iso-block-3-trial-15-target-0,720.0,200.0,22.5,False,Pointer Move (unknown)
1786100627.2183092,722,233,Mac_TrackPad_iso-block-3-trial-15-target-0,720.0,200.0,22.5,False,Pointer Move (unknown)
1786100627.226651,722,232,Mac_TrackPad_iso-block-3-trial-15-target-0,720.0,200.0,22.5,False,Pointer Move (unknown)
1786100627.2345731,721,231,Mac_TrackPad_iso-block-3-trial-15-target-0,720.0,200.0,22.5,False,Pointer Move (unknown)
1786100627.242736,721,230,Mac_TrackPad_iso-block-3-trial-15-target-0,720.0,200.0,22.5,False,Pointer Move (unknown)
1786100627.250735,721,230,Mac_TrackPad_iso-block-3-trial-15-target-0,720.0,200.0,22.5,False,Pointer Move (unknown)
1786100627.258806,721,229,Mac_TrackPad_iso-block-3-trial-15-target-0,720.0,200.0,22.5,False,Pointer Move (unknown)
1786100627.267274,720,229,Mac_TrackPad_iso-block-3-trial-15-target-0,720.0,200.0,22.5,False,Pointer Move (unknown)
1786100627.274852,720,228,Mac_TrackPad_iso-block-3-trial-15-target-0,720.0,200.0,22.5,False,Pointer Move (unknown)
1786100627.283007,720,227,Mac_TrackPad_iso-block-3-trial-15-target-0,720.0,200.0,22.5,False,Pointer Move (unknown)
1786100627.290903,720,227,Mac_TrackPad_iso-block-3-trial-15-target-0,720.0,200.0,22.5,False,Pointer Move (unknown)
1786100627.2989829,719,226,Mac_TrackPad_iso-block-3-trial-15-target-0,720.0,200.0,22.5,False,Pointer Move (unknown)
1786100627.307112,719,225,Mac_TrackPad_iso-block-3-trial-15-target-0,720.0,200.0,22.5,False,Pointer Move (unknown)
1786100627.315504,719,225,Mac_TrackPad_iso-block-3-trial-15-target-0,720.0,200.0,22.5,False,Pointer Move (unknown)
1786100627.323349,719,223,Mac_TrackPad_iso-block-3-trial-15-target-0,720.0,200.0,22.5,False,Pointer Move (unknown)
1786100627.331538,719,222,Mac_TrackPad_iso-block-3-trial-15-target-0,720.0,200.0,22.5,False,Pointer Move (unknown)
1786100627.339804,719,221,Mac_TrackPad_iso-block-3-trial-15-target-0,720.0,200.0,22.5,False,Pointer Move (unknown)
1786100627.347945,718,220,Mac_TrackPad_iso-block-3-trial-15-target-0,720.0,200.0,22.5,False,Pointer Move (unknown)
1786100627.356329,718,218,Mac_TrackPad_iso-block-3-trial-15-target-0,720.0,200.0,22.5,False,Pointer Move (unknown)
1786100627.36386,718,216,Mac_TrackPad_iso-block-3-trial-15-target-0,720.0,200.0,22.5,False,Pointer Move (unknown)
1786100627.371976,718,214,Mac_TrackPad_iso-block-3-trial-15-target-0,720.0,200.0,22.5,False,Pointer Move (unknown)
1786100627.380108,718,211,Mac_TrackPad_iso-block-3-trial-15-target-0,720.0,200.0,22.5,False,Pointer Move (unknown)
1786100627.3883379,717,209,Mac_TrackPad_iso-block-3-trial-15-target-0,720.0,200.0,22.5,False,Pointer Move (unknown)
1786100627.396369,717,206,Mac_TrackPad_iso-block-3-trial-15-target-0,720.0,200.0,22.5,False,Pointer Move (unknown)
1786100627.404515,717,204,Mac_TrackPad_iso-block-3-trial-15-target-0,720.0,200.0,22.5,False,Pointer Move (unknown)
1786100627.41229,717,203,Mac_TrackPad_iso-block-3-trial-15-target-0,720.0,200.0,22.5,False,Pointer Move (unknown)
1786100627.420427,717,202,Mac_TrackPad_iso-block-3-trial-15-target-0,720.0,200.0,22.5,False,Pointer Move (unknown)
1786100627.4288142,717,200,Mac_TrackPad_iso-block-3-trial-15-target-0,720.0,200.0,22.5,False,Pointer Move (unknown)
1786100627.436878,717,199,Mac_TrackPad_iso-block-3-trial-15-target-0,720.0,200.0,22.5,False,Pointer Move (unknown)
1786100627.452785,717,199,Mac_TrackPad_iso-block-3-trial-15-target-0,720.0,200.0,22.5,False,Pointer Move (unknown)
1786100627.510347,717,199,Mac_TrackPad_iso-block-3-trial-15-target-0,720.0,200.0,22.5,target_selected,target_selected
1786100628.982101,717,199,Mac_TrackPad_iso-block-3-trial-16-target-4,720.0,700.0,22.5,False,Pointer Move (unknown)
1786100628.989933,717,194,Mac_TrackPad_iso-block-3-trial-16-target-4,720.0,700.0,22.5,False,Pointer Move (unknown)
1786100628.998348,717,187,Mac_TrackPad_iso-block-3-trial-16-target-4,720.0,700.0,22.5,False,Pointer Move (unknown)
1786100629.006075,717,178,Mac_TrackPad_iso-block-3-trial-16-target-4,720.0,700.0,22.5,False,Pointer Move (unknown)
1786100629.0141618,717,164,Mac_TrackPad_iso-block-3-trial-16-target-4,720.0,700.0,22.5,False,Pointer Move (unknown)
1786100629.022111,717,148,Mac_TrackPad_iso-block-3-trial-16-target-4,720.0,700.0,22.5,False,Pointer Move (unknown)
1786100629.030288,719,131,Mac_TrackPad_iso-block-3-trial-16-target-4,720.0,700.0,22.5,False,Pointer Move (unknown)
1786100629.0384781,721,110,Mac_TrackPad_iso-block-3-trial-16-target-4,720.0,700.0,22.5,False,Pointer Move (unknown)
1786100629.046595,721,90,Mac_TrackPad_iso-block-3-trial-16-target-4,720.0,700.0,22.5,False,Pointer Move (unknown)
1786100629.054739,722,83,Mac_TrackPad_iso-block-3-trial-16-target-4,720.0,700.0,22.5,False,Pointer Move (unknown)
1786100629.062464,722,70,Mac_TrackPad_iso-block-3-trial-16-target-4,720.0,700.0,22.5,False,Pointer Move (unknown)
1786100629.070681,722,61,Mac_TrackPad_iso-block-3-trial-16-target-4,720.0,700.0,22.5,False,Pointer Move (unknown)
1786100629.078711,723,54,Mac_TrackPad_iso-block-3-trial-16-target-4,720.0,700.0,22.5,False,Pointer Move (unknown)
1786100629.086678,723,49,Mac_TrackPad_iso-block-3-trial-16-target-4,720.0,700.0,22.5,False,Pointer Move (unknown)
1786100629.094916,723,47,Mac_TrackPad_iso-block-3-trial-16-target-4,720.0,700.0,22.5,False,Pointer Move (unknown)
1786100629.103431,723,46,Mac_TrackPad_iso-block-3-trial-16-target-4,720.0,700.0,22.5,False,Pointer Move (unknown)
1786100629.111061,723,46,Mac_TrackPad_iso-block-3-trial-16-target-4,720.0,700.0,22.5,False,Pointer Move (unknown)
1786100629.119152,723,46,Mac_TrackPad_iso-block-3-trial-16-target-4,720.0,700.0,22.5,False,Pointer Move (unknown)
1786100629.14338,724,46,Mac_TrackPad_iso-block-3-trial-16-target-4,720.0,700.0,22.5,False,Pointer Move (unknown)
1786100629.1517491,724,46,Mac_TrackPad_iso-block-3-trial-16-target-4,720.0,700.0,22.5,False,Pointer Move (unknown)
1786100629.1596181,724,48,Mac_TrackPad_iso-block-3-trial-16-target-4,720.0,700.0,22.5,False,Pointer Move (unknown)
1786100629.1676748,724,50,Mac_TrackPad_iso-block-3-trial-16-target-4,720.0,700.0,22.5,False,Pointer Move (unknown)
1786100629.175772,725,55,Mac_TrackPad_iso-block-3-trial-16-target-4,720.0,700.0,22.5,False,Pointer Move (unknown)
1786100629.183873,727,62,Mac_TrackPad_iso-block-3-trial-16-target-4,720.0,700.0,22.5,False,Pointer Move (unknown)
1786100629.191891,728,68,Mac_TrackPad_iso-block-3-trial-16-target-4,720.0,700.0,22.5,False,Pointer Move (unknown)
1786100629.199929,729,82,Mac_TrackPad_iso-block-3-trial-16-target-4,720.0,700.0,22.5,False,Pointer Move (unknown)
1786100629.2080069,733,110,Mac_TrackPad_iso-block-3-trial-16-target-4,720.0,700.0,22.5,False,Pointer Move (unknown)
1786100629.21603,735,134,Mac_TrackPad_iso-block-3-trial-16-target-4,720.0,700.0,22.5,False,Pointer Move (unknown)
1786100629.224148,737,148,Mac_TrackPad_iso-block-3-trial-16-target-4,720.0,700.0,22.5,False,Pointer Move (unknown)
1786100629.23221,739,176,Mac_TrackPad_iso-block-3-trial-16-target-4,720.0,700.0,22.5,False,Pointer Move (unknown)
1786100629.240318,741,208,Mac_TrackPad_iso-block-3-trial-16-target-4,720.0,700.0,22.5,False,Pointer Move (unknown)
1786100629.248389,744,236,Mac_TrackPad_iso-block-3-trial-16-target-4,720.0,700.0,22.5,False,Pointer Move (unknown)
1786100629.25647,746,268,Mac_TrackPad_iso-block-3-trial-16-target-4,720.0,700.0,22.5,False,Pointer Move (unknown)
1786100629.264739,746,295,Mac_TrackPad_iso-block-3-trial-16-target-4,720.0,700.0,22.5,False,Pointer Move (unknown)
1786100629.2729201,746,323,Mac_TrackPad_iso-block-3-trial-16-target-4,720.0,700.0,22.5,False,Pointer Move (unknown)
1786100629.280861,746,355,Mac_TrackPad_iso-block-3-trial-16-target-4,720.0,700.0,22.5,False,Pointer Move (unknown)
1786100629.288948,746,379,Mac_TrackPad_iso-block-3-trial-16-target-4,720.0,700.0,22.5,False,Pointer Move (unknown)
1786100629.297049,746,403,Mac_TrackPad_iso-block-3-trial-16-target-4,720.0,700.0,22.5,False,Pointer Move (unknown)
1786100629.3055959,746,431,Mac_TrackPad_iso-block-3-trial-16-target-4,720.0,700.0,22.5,False,Pointer Move (unknown)
1786100629.313312,746,451,Mac_TrackPad_iso-block-3-trial-16-target-4,720.0,700.0,22.5,False,Pointer Move (unknown)
1786100629.3215191,746,471,Mac_TrackPad_iso-block-3-trial-16-target-4,720.0,700.0,22.5,False,Pointer Move (unknown)
1786100629.329812,746,488,Mac_TrackPad_iso-block-3-trial-16-target-4,720.0,700.0,22.5,False,Pointer Move (unknown)
1786100629.337465,746,495,Mac_TrackPad_iso-block-3-trial-16-target-4,720.0,700.0,22.5,False,Pointer Move (unknown)
1786100629.345768,746,509,Mac_TrackPad_iso-block-3-trial-16-target-4,720.0,700.0,22.5,False,Pointer Move (unknown)
1786100629.3537762,746,520,Mac_TrackPad_iso-block-3-trial-16-target-4,720.0,700.0,22.5,False,Pointer Move (unknown)
1786100629.361753,746,540,Mac_TrackPad_iso-block-3-trial-16-target-4,720.0,700.0,22.5,False,Pointer Move (unknown)
1786100629.369843,746,544,Mac_TrackPad_iso-block-3-trial-16-target-4,720.0,700.0,22.5,False,Pointer Move (unknown)
1786100629.377853,746,552,Mac_TrackPad_iso-block-3-trial-16-target-4,720.0,700.0,22.5,False,Pointer Move (unknown)
1786100629.385961,746,561,Mac_TrackPad_iso-block-3-trial-16-target-4,720.0,700.0,22.5,False,Pointer Move (unknown)
1786100629.394186,746,568,Mac_TrackPad_iso-block-3-trial-16-target-4,720.0,700.0,22.5,False,Pointer Move (unknown)
1786100629.402226,746,574,Mac_TrackPad_iso-block-3-trial-16-target-4,720.0,700.0,22.5,False,Pointer Move (unknown)
1786100629.410271,746,581,Mac_TrackPad_iso-block-3-trial-16-target-4,720.0,700.0,22.5,False,Pointer Move (unknown)
1786100629.418725,746,588,Mac_TrackPad_iso-block-3-trial-16-target-4,720.0,700.0,22.5,False,Pointer Move (unknown)
1786100629.426461,746,592,Mac_TrackPad_iso-block-3-trial-16-target-4,720.0,700.0,22.5,False,Pointer Move (unknown)
1786100629.434722,746,599,Mac_TrackPad_iso-block-3-trial-16-target-4,720.0,700.0,22.5,False,Pointer Move (unknown)
1786100629.442612,746,606,Mac_TrackPad_iso-block-3-trial-16-target-4,720.0,700.0,22.5,False,Pointer Move (unknown)
1786100629.450782,746,610,Mac_TrackPad_iso-block-3-trial-16-target-4,720.0,700.0,22.5,False,Pointer Move (unknown)
1786100629.458844,746,614,Mac_TrackPad_iso-block-3-trial-16-target-4,720.0,700.0,22.5,False,Pointer Move (unknown)
1786100629.466868,746,616,Mac_TrackPad_iso-block-3-trial-16-target-4,720.0,700.0,22.5,False,Pointer Move (unknown)
1786100629.474942,745,618,Mac_TrackPad_iso-block-3-trial-16-target-4,720.0,700.0,22.5,False,Pointer Move (unknown)
1786100629.4830668,745,620,Mac_TrackPad_iso-block-3-trial-16-target-4,720.0,700.0,22.5,False,Pointer Move (unknown)
1786100629.491462,745,621,Mac_TrackPad_iso-block-3-trial-16-target-4,720.0,700.0,22.5,False,Pointer Move (unknown)
1786100629.4993439,745,621,Mac_TrackPad_iso-block-3-trial-16-target-4,720.0,700.0,22.5,False,Pointer Move (unknown)
1786100629.5070012,745,622,Mac_TrackPad_iso-block-3-trial-16-target-4,720.0,700.0,22.5,False,Pointer Move (unknown)
1786100629.5154,745,622,Mac_TrackPad_iso-block-3-trial-16-target-4,720.0,700.0,22.5,False,Pointer Move (unknown)
1786100629.5234659,745,623,Mac_TrackPad_iso-block-3-trial-16-target-4,720.0,700.0,22.5,False,Pointer Move (unknown)
1786100629.531371,745,623,Mac_TrackPad_iso-block-3-trial-16-target-4,720.0,700.0,22.5,False,Pointer Move (unknown)
1786100629.539681,744,624,Mac_TrackPad_iso-block-3-trial-16-target-4,720.0,700.0,22.5,False,Pointer Move (unknown)
1786100629.54797,744,625,Mac_TrackPad_iso-block-3-trial-16-target-4,720.0,700.0,22.5,False,Pointer Move (unknown)
1786100629.556444,744,626,Mac_TrackPad_iso-block-3-trial-16-target-4,720.0,700.0,22.5,False,Pointer Move (unknown)
1786100629.563966,743,628,Mac_TrackPad_iso-block-3-trial-16-target-4,720.0,700.0,22.5,False,Pointer Move (unknown)
1786100629.572136,743,630,Mac_TrackPad_iso-block-3-trial-16-target-4,720.0,700.0,22.5,False,Pointer Move (unknown)
1786100629.5802088,743,632,Mac_TrackPad_iso-block-3-trial-16-target-4,720.0,700.0,22.5,False,Pointer Move (unknown)
1786100629.588116,742,635,Mac_TrackPad_iso-block-3-trial-16-target-4,720.0,700.0,22.5,False,Pointer Move (unknown)
1786100629.5961988,741,640,Mac_TrackPad_iso-block-3-trial-16-target-4,720.0,700.0,22.5,False,Pointer Move (unknown)
1786100629.6044521,739,645,Mac_TrackPad_iso-block-3-trial-16-target-4,720.0,700.0,22.5,False,Pointer Move (unknown)
1786100629.6123269,738,649,Mac_TrackPad_iso-block-3-trial-16-target-4,720.0,700.0,22.5,False,Pointer Move (unknown)
1786100629.620606,736,654,Mac_TrackPad_iso-block-3-trial-16-target-4,720.0,700.0,22.5,False,Pointer Move (unknown)
1786100629.628735,735,657,Mac_TrackPad_iso-block-3-trial-16-target-4,720.0,700.0,22.5,False,Pointer Move (unknown)
1786100629.636758,734,662,Mac_TrackPad_iso-block-3-trial-16-target-4,720.0,700.0,22.5,False,Pointer Move (unknown)
1786100629.644846,733,665,Mac_TrackPad_iso-block-3-trial-16-target-4,720.0,700.0,22.5,False,Pointer Move (unknown)
1786100629.65294,732,667,Mac_TrackPad_iso-block-3-trial-16-target-4,720.0,700.0,22.5,False,Pointer Move (unknown)
1786100629.660987,731,671,Mac_TrackPad_iso-block-3-trial-16-target-4,720.0,700.0,22.5,False,Pointer Move (unknown)
1786100629.669138,730,673,Mac_TrackPad_iso-block-3-trial-16-target-4,720.0,700.0,22.5,False,Pointer Move (unknown)
1786100629.677227,730,674,Mac_TrackPad_iso-block-3-trial-16-target-4,720.0,700.0,22.5,False,Pointer Move (unknown)
1786100629.686183,729,675,Mac_TrackPad_iso-block-3-trial-16-target-4,720.0,700.0,22.5,False,Pointer Move (unknown)
1786100629.693223,729,675,Mac_TrackPad_iso-block-3-trial-16-target-4,720.0,700.0,22.5,False,Pointer Move (unknown)
1786100629.701395,729,676,Mac_TrackPad_iso-block-3-trial-16-target-4,720.0,700.0,22.5,False,Pointer Move (unknown)
1786100629.711919,729,677,Mac_TrackPad_iso-block-3-trial-16-target-4,720.0,700.0,22.5,False,Pointer Move (unknown)
1786100629.717911,728,678,Mac_TrackPad_iso-block-3-trial-16-target-4,720.0,700.0,22.5,False,Pointer Move (unknown)
1786100629.726004,728,679,Mac_TrackPad_iso-block-3-trial-16-target-4,720.0,700.0,22.5,False,Pointer Move (unknown)
1786100629.733949,727,681,Mac_TrackPad_iso-block-3-trial-16-target-4,720.0,700.0,22.5,False,Pointer Move (unknown)
1786100629.741847,727,682,Mac_TrackPad_iso-block-3-trial-16-target-4,720.0,700.0,22.5,False,Pointer Move (unknown)
1786100629.749856,726,683,Mac_TrackPad_iso-block-3-trial-16-target-4,720.0,700.0,22.5,False,Pointer Move (unknown)
1786100629.757922,725,684,Mac_TrackPad_iso-block-3-trial-16-target-4,720.0,700.0,22.5,False,Pointer Move (unknown)
1786100629.7660549,725,685,Mac_TrackPad_iso-block-3-trial-16-target-4,720.0,700.0,22.5,False,Pointer Move (unknown)
1786100629.774167,724,686,Mac_TrackPad_iso-block-3-trial-16-target-4,720.0,700.0,22.5,False,Pointer Move (unknown)
1786100629.7821922,724,686,Mac_TrackPad_iso-block-3-trial-16-target-4,720.0,700.0,22.5,False,Pointer Move (unknown)
1786100629.7909179,724,687,Mac_TrackPad_iso-block-3-trial-16-target-4,720.0,700.0,22.5,False,Pointer Move (unknown)
1786100629.798681,723,687,Mac_TrackPad_iso-block-3-trial-16-target-4,720.0,700.0,22.5,False,Pointer Move (unknown)
1786100629.806643,723,687,Mac_TrackPad_iso-block-3-trial-16-target-4,720.0,700.0,22.5,False,Pointer Move (unknown)
1786100629.8148391,723,688,Mac_TrackPad_iso-block-3-trial-16-target-4,720.0,700.0,22.5,False,Pointer Move (unknown)
1786100629.82278,723,688,Mac_TrackPad_iso-block-3-trial-16-target-4,720.0,700.0,22.5,False,Pointer Move (unknown)
1786100629.8391309,723,688,Mac_TrackPad_iso-block-3-trial-16-target-4,720.0,700.0,22.5,False,Pointer Move (unknown)
1786100629.863223,723,689,Mac_TrackPad_iso-block-3-trial-16-target-4,720.0,700.0,22.5,False,Pointer Move (unknown)
1786100629.879593,723,689,Mac_TrackPad_iso-block-3-trial-16-target-4,720.0,700.0,22.5,False,Pointer Move (unknown)
1786100629.895514,722,689,Mac_TrackPad_iso-block-3-trial-16-target-4,720.0,700.0,22.5,False,Pointer Move (unknown)
1786100629.903579,722,689,Mac_TrackPad_iso-block-3-trial-16-target-4,720.0,700.0,22.5,False,Pointer Move (unknown)
1786100629.9280481,722,689,Mac_TrackPad_iso-block-3-trial-16-target-4,720.0,700.0,22.5,target_selected,target_selected
