timestamp,cursor_x,cursor_y,target_id,target_center_x,target_center_y,target_radius,click_event,movement_state
1785569692.369673,724,450,p1-block-1-trial-1-target-1,861.0,309.0,30.0,False,Pointer Move (Standard mouse)
1785569692.374815,724,447,p1-block-1-trial-1-target-1,861.0,309.0,30.0,False,Pointer Move (Standard mouse)
1785569692.3804421,728,443,p1-block-1-trial-1-target-1,861.0,309.0,30.0,False,Pointer Move (Standard mouse)
1785569692.389708,728,441,p1-block-1-trial-1-target-1,861.0,309.0,30.0,False,Pointer Move (Standard mouse)
1785569692.3954718,729,440,p1-block-1-trial-1-target-1,861.0,309.0,30.0,False,Pointer Move (Standard mouse)
1785569692.403681,729,439,p1-block-1-trial-1-target-1,861.0,309.0,30.0,False,Pointer Move (Standard mouse)
1785569692.411169,729,439,p1-block-1-trial-1-target-1,861.0,309.0,30.0,False,Pointer Move (Standard mouse)
1785569692.419322,730,438,p1-block-1-trial-1-target-1,861.0,309.0,30.0,False,Pointer Move (Standard mouse)
1785569692.426223,730,438,p1-block-1-trial-1-target-1,861.0,309.0,30.0,False,Pointer Move (Standard mouse)
1785569692.432082,732,436,p1-block-1-trial-1-target-1,861.0,309.0,30.0,False,Pointer Move (Standard mouse)
1785569692.440981,732,436,p1-block-1-trial-1-target-1,861.0,309.0,30.0,False,Pointer Move (Standard mouse)
1785569692.4476302,736,433,p1-block-1-trial-1-target-1,861.0,309.0,30.0,False,Pointer Move (Standard mouse)
1785569692.4564312,743,429,p1-block-1-trial-1-target-1,861.0,309.0,30.0,False,Pointer Move (Standard mouse)
1785569692.46325,745,428,p1-block-1-trial-1-target-1,861.0,309.0,30.0,False,Pointer Move (Standard mouse)
1785569692.472621,754,423,p1-block-1-trial-1-target-1,861.0,309.0,30.0,False,Pointer Move (Standard mouse)
1785569692.4796958,766,418,p1-block-1-trial-1-target-1,861.0,309.0,30.0,False,Pointer Move (Standard mouse)
1785569692.4877188,780,412,p1-block-1-trial-1-target-1,861.0,309.0,30.0,False,Pointer Move (Standard mouse)
1785569692.494797,791,405,p1-block-1-trial-1-target-1,861.0,309.0,30.0,False,Pointer Move (Standard mouse)
1785569692.5005739,805,398,p1-block-1-trial-1-target-1,861.0,309.0,30.0,False,Pointer Move (Standard mouse)
1785569692.510329,817,391,p1-block-1-trial-1-target-1,861.0,309.0,30.0,False,Pointer Move (Standard mouse)
1785569692.5165582,828,385,p1-block-1-trial-1-target-1,861.0,309.0,30.0,False,Pointer Move (Standard mouse)
1785569692.5249972,832,382,p1-block-1-trial-1-target-1,861.0,309.0,30.0,False,Pointer Move (Standard mouse)
1785569692.530664,840,374,p1-block-1-trial-1-target-1,861.0,309.0,30.0,False,Pointer Move (Standard mouse)
1785569692.538659,846,365,p1-block-1-trial-1-target-1,861.0,309.0,30.0,False,Pointer Move (Standard mouse)
1785569692.5457978,847,363,p1-block-1-trial-1-target-1,861.0,309.0,30.0,False,Pointer Move (Standard mouse)
1785569692.553673,851,356,p1-block-1-trial-1-target-1,861.0,309.0,30.0,False,Pointer Move (Standard mouse)
1785569692.560891,853,350,p1-block-1-trial-1-target-1,861.0,309.0,30.0,False,Pointer Move (Standard mouse)
1785569692.569165,854,345,p1-block-1-trial-1-target-1,861.0,309.0,30.0,False,Pointer Move (Standard mouse)
1785569692.57588,855,340,p1-block-1-trial-1-target-1,861.0,309.0,30.0,False,Pointer Move (Standard mouse)
1785569692.5830772,855,334,p1-block-1-trial-1-target-1,861.0,309.0,30.0,False,Pointer Move (Standard mouse)
1785569692.591678,855,333,p1-block-1-trial-1-target-1,861.0,309.0,30.0,False,Pointer Move (Standard mouse)
1785569692.598259,855,330,p1-block-1-trial-1-target-1,861.0,309.0,30.0,False,Pointer Move (Standard mouse)
1785569692.6060312,855,326,p1-block-1-trial-1-target-1,861.0,309.0,30.0,False,Pointer Move (Standard mouse)
1785569692.614901,855,321,p1-block-1-trial-1-target-1,861.0,309.0,30.0,False,Pointer Move (Standard mouse)
1785569692.621761,855,320,p1-block-1-trial-1-target-1,861.0,309.0,30.0,False,Pointer Move (Standard mouse)
1785569692.62907,854,317,p1-block-1-trial-1-target-1,861.0,309.0,30.0,False,Pointer Move (Standard mouse)
1785569692.6369998,853,316,p1-block-1-trial-1-target-1,861.0,309.0,30.0,False,Pointer Move (Standard mouse)
1785569692.643689,853,312,p1-block-1-trial-1-target-1,861.0,309.0,30.0,False,Pointer Move (Standard mouse)
1785569692.6505542,852,309,p1-block-1-trial-1-target-1,861.0,309.0,30.0,False,Pointer Move (Standard mouse)
1785569692.658676,852,307,p1-block-1-trial-1-target-1,861.0,309.0,30.0,False,Pointer Move (Standard mouse)
1785569692.6657321,851,304,p1-block-1-trial-1-target-1,861.0,309.0,30.0,False,Pointer Move (Standard mouse)
1785569692.673784,850,303,p1-block-1-trial-1-target-1,861.0,309.0,30.0,False,Pointer Move (Standard mouse)
1785569692.681398,850,303,p1-block-1-trial-1-target-1,861.0,309.0,30.0,False,Pointer Move (Standard mouse)
1785569692.689107,850,302,p1-block-1-trial-1-target-1,861.0,309.0,30.0,False,Pointer Move (Standard mouse)
1785569692.696739,850,301,p1-block-1-trial-1-target-1,861.0,309.0,30.0,False,Pointer Move (Standard mouse)
1785569692.704284,850,301,p1-block-1-trial-1-target-1,861.0,309.0,30.0,False,Pointer Move (Standard mouse)
1785569692.711755,850,300,p1-block-1-trial-1-target-1,861.0,309.0,30.0,False,Pointer Move (Standard mouse)
1785569692.7190442,850,300,p1-block-1-trial-1-target-1,861.0,309.0,30.0,False,Pointer Move (Standard mouse)
1785569692.726361,850,300,p1-block-1-trial-1-target-1,861.0,309.0,30.0,False,Pointer Move (Standard mouse)
1785569692.733367,850,299,p1-block-1-trial-1-target-1,861.0,309.0,30.0,False,Pointer Move (Standard mouse)
1785569692.743142,850,299,p1-block-1-trial-1-target-1,861.0,309.0,30.0,False,Pointer Move (Standard mouse)
1785569692.74912,851,299,p1-block-1-trial-1-target-1,861.0,309.0,30.0,False,Pointer Move (Standard mouse)
1785569692.756502,851,298,p1-block-1-trial-1-target-1,861.0,309.0,30.0,False,Pointer Move (Standard mouse)
1785569692.763461,851,298,p1-block-1-trial-1-target-1,861.0,309.0,30.0,False,Pointer Move (Standard mouse)
1785569692.7798378,851,298,p1-block-1-trial-1-target-1,861.0,309.0,30.0,False,Pointer Move (Standard mouse)
1785569692.79361,851,297,p1-block-1-trial-1-target-1,861.0,309.0,30.0,False,Pointer Move (Standard mouse)
1785569692.803895,852,297,p1-block-1-trial-1-target-1,861.0,309.0,30.0,False,Pointer Move (Standard mouse)
1785569692.8160372,852,297,p1-block-1-trial-1-target-1,861.0,309.0,30.0,False,Pointer Move (Standard mouse)
1785569692.8230789,852,297,p1-block-1-trial-1-target-1,861.0,309.0,30.0,False,Pointer Move (Standard mouse)
1785569692.846058,852,297,p1-block-1-trial-1-target-1,861.0,309.0,30.0,False,Pointer Move (Standard mouse)
1785569692.892184,852,297,p1-block-1-trial-1-target-1,861.0,309.0,30.0,target_selected,target_selected
1785569693.1169522,852,298,p1-block-1-trial-2-target-5,579.0,591.0,30.0,False,Pointer Move (Standard mouse)
1785569693.125512,852,298,p1-block-1-trial-2-target-5,579.0,591.0,30.0,False,Pointer Move (Standard mouse)
1785569693.132254,850,305,p1-block-1-trial-2-target-5,579.0,591.0,30.0,False,Pointer Move (Standard mouse)
1785569693.140413,849,308,p1-block-1-trial-2-target-5,579.0,591.0,30.0,False,Pointer Move (Standard mouse)
1785569693.146471,846,313,p1-block-1-trial-2-target-5,579.0,591.0,30.0,False,Pointer Move (Standard mouse)
1785569693.153968,839,321,p1-block-1-trial-2-target-5,579.0,591.0,30.0,False,Pointer Move (Standard mouse)
1785569693.1622038,834,330,p1-block-1-trial-2-target-5,579.0,591.0,30.0,False,Pointer Move (Standard mouse)
1785569693.1694138,823,341,p1-block-1-trial-2-target-5,579.0,591.0,30.0,False,Pointer Move (Standard mouse)
1785569693.177632,808,356,p1-block-1-trial-2-target-5,579.0,591.0,30.0,False,Pointer Move (Standard mouse)
1785569693.1837592,793,369,p1-block-1-trial-2-target-5,579.0,591.0,30.0,False,Pointer Move (Standard mouse)
1785569693.190651,782,378,p1-block-1-trial-2-target-5,579.0,591.0,30.0,False,Pointer Move (Standard mouse)
1785569693.198171,761,393,p1-block-1-trial-2-target-5,579.0,591.0,30.0,False,Pointer Move (Standard mouse)
1785569693.206201,739,410,p1-block-1-trial-2-target-5,579.0,591.0,30.0,False,Pointer Move (Standard mouse)
1785569693.214057,718,425,p1-block-1-trial-2-target-5,579.0,591.0,30.0,False,Pointer Move (Standard mouse)
1785569693.2219121,691,444,p1-block-1-trial-2-target-5,579.0,591.0,30.0,False,Pointer Move (Standard mouse)
1785569693.229281,670,459,p1-block-1-trial-2-target-5,579.0,591.0,30.0,False,Pointer Move (Standard mouse)
1785569693.2380831,657,471,p1-block-1-trial-2-target-5,579.0,591.0,30.0,False,Pointer Move (Standard mouse)
1785569693.2450078,631,490,p1-block-1-trial-2-target-5,579.0,591.0,30.0,False,Pointer Move (Standard mouse)
1785569693.2515259,612,505,p1-block-1-trial-2-target-5,579.0,591.0,30.0,False,Pointer Move (Standard mouse)
1785569693.2583559,607,511,p1-block-1-trial-2-target-5,579.0,591.0,30.0,False,Pointer Move (Standard mouse)
1785569693.267244,591,527,p1-block-1-trial-2-target-5,579.0,591.0,30.0,False,Pointer Move (Standard mouse)
1785569693.27284,587,530,p1-block-1-trial-2-target-5,579.0,591.0,30.0,False,Pointer Move (Standard mouse)
1785569693.280632,578,543,p1-block-1-trial-2-target-5,579.0,591.0,30.0,False,Pointer Move (Standard mouse)
1785569693.288668,574,548,p1-block-1-trial-2-target-5,579.0,591.0,30.0,False,Pointer Move (Standard mouse)
1785569693.2957911,568,556,p1-block-1-trial-2-target-5,579.0,591.0,30.0,False,Pointer Move (Standard mouse)
1785569693.3040378,563,561,p1-block-1-trial-2-target-5,579.0,591.0,30.0,False,Pointer Move (Standard mouse)
1785569693.3130019,560,564,p1-block-1-trial-2-target-5,579.0,591.0,30.0,False,Pointer Move (Standard mouse)
1785569693.318971,556,568,p1-block-1-trial-2-target-5,579.0,591.0,30.0,False,Pointer Move (Standard mouse)
1785569693.3270762,555,570,p1-block-1-trial-2-target-5,579.0,591.0,30.0,False,Pointer Move (Standard mouse)
1785569693.334784,555,570,p1-block-1-trial-2-target-5,579.0,591.0,30.0,False,Pointer Move (Standard mouse)
1785569693.341538,555,571,p1-block-1-trial-2-target-5,579.0,591.0,30.0,False,Pointer Move (Standard mouse)
1785569693.348895,554,571,p1-block-1-trial-2-target-5,579.0,591.0,30.0,False,Pointer Move (Standard mouse)
1785569693.3567219,554,572,p1-block-1-trial-2-target-5,579.0,591.0,30.0,False,Pointer Move (Standard mouse)
1785569693.363631,554,572,p1-block-1-trial-2-target-5,579.0,591.0,30.0,False,Pointer Move (Standard mouse)
1785569693.392975,554,572,p1-block-1-trial-2-target-5,579.0,591.0,30.0,False,Pointer Move (Standard mouse)
1785569693.42356,554,573,p1-block-1-trial-2-target-5,579.0,591.0,30.0,False,Pointer Move (Standard mouse)
1785569693.4312341,554,573,p1-block-1-trial-2-target-5,579.0,591.0,30.0,False,Pointer Move (Standard mouse)
1785569693.4381151,555,575,p1-block-1-trial-2-target-5,579.0,591.0,30.0,False,Pointer Move (Standard mouse)
1785569693.4466932,556,575,p1-block-1-trial-2-target-5,579.0,591.0,30.0,False,Pointer Move (Standard mouse)
1785569693.4534242,557,577,p1-block-1-trial-2-target-5,579.0,591.0,30.0,False,Pointer Move (Standard mouse)
1785569693.461065,559,579,p1-block-1-trial-2-target-5,579.0,591.0,30.0,False,Pointer Move (Standard mouse)
1785569693.468189,560,581,p1-block-1-trial-2-target-5,579.0,591.0,30.0,False,Pointer Move (Standard mouse)
1785569693.477525,562,582,p1-block-1-trial-2-target-5,579.0,591.0,30.0,False,Pointer Move (Standard mouse)
1785569693.483825,562,583,p1-block-1-trial-2-target-5,579.0,591.0,30.0,False,Pointer Move (Standard mouse)
1785569693.491522,564,584,p1-block-1-trial-2-target-5,579.0,591.0,30.0,False,Pointer Move (Standard mouse)
1785569693.4999528,565,585,p1-block-1-trial-2-target-5,579.0,591.0,30.0,False,Pointer Move (Standard mouse)
1785569693.507825,566,586,p1-block-1-trial-2-target-5,579.0,591.0,30.0,False,Pointer Move (Standard mouse)
1785569693.5144231,567,587,p1-block-1-trial-2-target-5,579.0,591.0,30.0,False,Pointer Move (Standard mouse)
1785569693.520871,567,587,p1-block-1-trial-2-target-5,579.0,591.0,30.0,False,Pointer Move (Standard mouse)
1785569693.529428,567,587,p1-block-1-trial-2-target-5,579.0,591.0,30.0,False,Pointer Move (Standard mouse)
1785569693.5361469,568,588,p1-block-1-trial-2-target-5,579.0,591.0,30.0,False,Pointer Move (Standard mouse)
1785569693.544225,568,588,p1-block-1-trial-2-target-5,579.0,591.0,30.0,False,Pointer Move (Standard mouse)
1785569693.559126,569,588,p1-block-1-trial-2-target-5,579.0,591.0,30.0,False,Pointer Move (Standard mouse)
1785569693.566028,569,588,p1-block-1-trial-2-target-5,579.0,591.0,30.0,False,Pointer Move (Standard mouse)
1785569693.5731761,569,589,p1-block-1-trial-2-target-5,579.0,591.0,30.0,False,Pointer Move (Standard mouse)
1785569693.581385,569,589,p1-block-1-trial-2-target-5,579.0,591.0,30.0,False,Pointer Move (Standard mouse)
1785569693.588187,569,590,p1-block-1-trial-2-target-5,579.0,591.0,30.0,False,Pointer Move (Standard mouse)
1785569693.595851,570,590,p1-block-1-trial-2-target-5,579.0,591.0,30.0,False,Pointer Move (Standard mouse)
1785569693.6039062,570,590,p1-block-1-trial-2-target-5,579.0,591.0,30.0,False,Pointer Move (Standard mouse)
1785569693.619888,570,591,p1-block-1-trial-2-target-5,579.0,591.0,30.0,False,Pointer Move (Standard mouse)
1785569693.657421,570,591,p1-block-1-trial-2-target-5,579.0,591.0,30.0,False,Pointer Move (Standard mouse)
1785569693.686781,570,591,p1-block-1-trial-2-target-5,579.0,591.0,30.0,target_selected,target_selected
1785569693.695334,570,591,p1-block-1-trial-3-target-1,861.0,309.0,30.0,False,Pointer Move (Standard mouse)
1785569693.775157,570,591,p1-block-1-trial-3-target-1,861.0,309.0,30.0,False,Pointer Move (Standard mouse)
1785569693.782558,570,591,p1-block-1-trial-3-target-1,861.0,309.0,30.0,False,Pointer Move (Standard mouse)
1785569693.7900329,570,590,p1-block-1-trial-3-target-1,861.0,309.0,30.0,False,Pointer Move (Standard mouse)
1785569693.799275,569,590,p1-block-1-trial-3-target-1,861.0,309.0,30.0,False,Pointer Move (Standard mouse)
1785569693.806106,569,589,p1-block-1-trial-3-target-1,861.0,309.0,30.0,False,Pointer Move (Standard mouse)
1785569693.814038,570,585,p1-block-1-trial-3-target-1,861.0,309.0,30.0,False,Pointer Move (Standard mouse)
1785569693.821079,571,582,p1-block-1-trial-3-target-1,861.0,309.0,30.0,False,Pointer Move (Standard mouse)
1785569693.828373,572,580,p1-block-1-trial-3-target-1,861.0,309.0,30.0,False,Pointer Move (Standard mouse)
1785569693.836141,575,576,p1-block-1-trial-3-target-1,861.0,309.0,30.0,False,Pointer Move (Standard mouse)
1785569693.843487,578,571,p1-block-1-trial-3-target-1,861.0,309.0,30.0,False,Pointer Move (Standard mouse)
1785569693.8507898,584,564,p1-block-1-trial-3-target-1,861.0,309.0,30.0,False,Pointer Move (Standard mouse)
1785569693.858332,590,558,p1-block-1-trial-3-target-1,861.0,309.0,30.0,False,Pointer Move (Standard mouse)
1785569693.865526,600,547,p1-block-1-trial-3-target-1,861.0,309.0,30.0,False,Pointer Move (Standard mouse)
1785569693.87303,604,541,p1-block-1-trial-3-target-1,861.0,309.0,30.0,False,Pointer Move (Standard mouse)
1785569693.880658,621,525,p1-block-1-trial-3-target-1,861.0,309.0,30.0,False,Pointer Move (Standard mouse)
1785569693.888067,632,513,p1-block-1-trial-3-target-1,861.0,309.0,30.0,False,Pointer Move (Standard mouse)
1785569693.895357,645,502,p1-block-1-trial-3-target-1,861.0,309.0,30.0,False,Pointer Move (Standard mouse)
1785569693.9038248,660,485,p1-block-1-trial-3-target-1,861.0,309.0,30.0,False,Pointer Move (Standard mouse)
1785569693.910923,677,470,p1-block-1-trial-3-target-1,861.0,309.0,30.0,False,Pointer Move (Standard mouse)
1785569693.918411,698,450,p1-block-1-trial-3-target-1,861.0,309.0,30.0,False,Pointer Move (Standard mouse)
1785569693.9256651,710,440,p1-block-1-trial-3-target-1,861.0,309.0,30.0,False,Pointer Move (Standard mouse)
1785569693.933507,730,420,p1-block-1-trial-3-target-1,861.0,309.0,30.0,False,Pointer Move (Standard mouse)
1785569693.9406872,741,412,p1-block-1-trial-3-target-1,861.0,309.0,30.0,False,Pointer Move (Standard mouse)
1785569693.948128,754,397,p1-block-1-trial-3-target-1,861.0,309.0,30.0,False,Pointer Move (Standard mouse)
1785569693.9553332,767,384,p1-block-1-trial-3-target-1,861.0,309.0,30.0,False,Pointer Move (Standard mouse)
1785569693.96248,780,370,p1-block-1-trial-3-target-1,861.0,309.0,30.0,False,Pointer Move (Standard mouse)
1785569693.969729,793,355,p1-block-1-trial-3-target-1,861.0,309.0,30.0,False,Pointer Move (Standard mouse)
1785569693.97751,808,340,p1-block-1-trial-3-target-1,861.0,309.0,30.0,False,Pointer Move (Standard mouse)
1785569693.9850602,818,331,p1-block-1-trial-3-target-1,861.0,309.0,30.0,False,Pointer Move (Standard mouse)
1785569693.9930189,825,323,p1-block-1-trial-3-target-1,861.0,309.0,30.0,False,Pointer Move (Standard mouse)
1785569694.000464,833,315,p1-block-1-trial-3-target-1,861.0,309.0,30.0,False,Pointer Move (Standard mouse)
1785569694.007539,839,308,p1-block-1-trial-3-target-1,861.0,309.0,30.0,False,Pointer Move (Standard mouse)
1785569694.01498,842,305,p1-block-1-trial-3-target-1,861.0,309.0,30.0,False,Pointer Move (Standard mouse)
1785569694.022848,844,303,p1-block-1-trial-3-target-1,861.0,309.0,30.0,False,Pointer Move (Standard mouse)
1785569694.03037,845,301,p1-block-1-trial-3-target-1,861.0,309.0,30.0,False,Pointer Move (Standard mouse)
1785569694.037591,846,301,p1-block-1-trial-3-target-1,861.0,309.0,30.0,False,Pointer Move (Standard mouse)
1785569694.044849,846,300,p1-block-1-trial-3-target-1,861.0,309.0,30.0,False,Pointer Move (Standard mouse)
1785569694.052865,847,299,p1-block-1-trial-3-target-1,861.0,309.0,30.0,False,Pointer Move (Standard mouse)
1785569694.0603561,847,299,p1-block-1-trial-3-target-1,861.0,309.0,30.0,False,Pointer Move (Standard mouse)
1785569694.067478,848,298,p1-block-1-trial-3-target-1,861.0,309.0,30.0,False,Pointer Move (Standard mouse)
1785569694.07509,848,297,p1-block-1-trial-3-target-1,861.0,309.0,30.0,False,Pointer Move (Standard mouse)
1785569694.0833669,849,297,p1-block-1-trial-3-target-1,861.0,309.0,30.0,False,Pointer Move (Standard mouse)
1785569694.0897439,850,297,p1-block-1-trial-3-target-1,861.0,309.0,30.0,False,Pointer Move (Standard mouse)
1785569694.0971992,850,296,p1-block-1-trial-3-target-1,861.0,309.0,30.0,False,Pointer Move (Standard mouse)
1785569694.300937,850,296,p1-block-1-trial-3-target-1,861.0,309.0,30.0,target_selected,target_selected
1785569694.4508722,850,297,p1-block-1-trial-4-target-5,579.0,591.0,30.0,False,Pointer Move (Standard mouse)
1785569694.459479,850,297,p1-block-1-trial-4-target-5,579.0,591.0,30.0,False,Pointer Move (Standard mouse)
1785569694.467675,849,298,p1-block-1-trial-4-target-5,579.0,591.0,30.0,False,Pointer Move (Standard mouse)
1785569694.472828,849,299,p1-block-1-trial-4-target-5,579.0,591.0,30.0,False,Pointer Move (Standard mouse)
1785569694.481173,848,301,p1-block-1-trial-4-target-5,579.0,591.0,30.0,False,Pointer Move (Standard mouse)
1785569694.489534,845,305,p1-block-1-trial-4-target-5,579.0,591.0,30.0,False,Pointer Move (Standard mouse)
1785569694.4975271,842,309,p1-block-1-trial-4-target-5,579.0,591.0,30.0,False,Pointer Move (Standard mouse)
1785569694.504492,838,313,p1-block-1-trial-4-target-5,579.0,591.0,30.0,False,Pointer Move (Standard mouse)
1785569694.511945,835,315,p1-block-1-trial-4-target-5,579.0,591.0,30.0,False,Pointer Move (Standard mouse)
1785569694.519784,831,321,p1-block-1-trial-4-target-5,579.0,591.0,30.0,False,Pointer Move (Standard mouse)
1785569694.5260942,825,328,p1-block-1-trial-4-target-5,579.0,591.0,30.0,False,Pointer Move (Standard mouse)
1785569694.535218,817,336,p1-block-1-trial-4-target-5,579.0,591.0,30.0,False,Pointer Move (Standard mouse)
1785569694.541503,805,349,p1-block-1-trial-4-target-5,579.0,591.0,30.0,False,Pointer Move (Standard mouse)
1785569694.5495129,801,352,p1-block-1-trial-4-target-5,579.0,591.0,30.0,False,Pointer Move (Standard mouse)
1785569694.557794,787,365,p1-block-1-trial-4-target-5,579.0,591.0,30.0,False,Pointer Move (Standard mouse)
1785569694.564546,775,375,p1-block-1-trial-4-target-5,579.0,591.0,30.0,False,Pointer Move (Standard mouse)
1785569694.571924,757,390,p1-block-1-trial-4-target-5,579.0,591.0,30.0,False,Pointer Move (Standard mouse)
1785569694.577767,744,402,p1-block-1-trial-4-target-5,579.0,591.0,30.0,False,Pointer Move (Standard mouse)
1785569694.5854661,726,415,p1-block-1-trial-4-target-5,579.0,591.0,30.0,False,Pointer Move (Standard mouse)
1785569694.59268,710,427,p1-block-1-trial-4-target-5,579.0,591.0,30.0,False,Pointer Move (Standard mouse)
1785569694.60048,697,437,p1-block-1-trial-4-target-5,579.0,591.0,30.0,False,Pointer Move (Standard mouse)
1785569694.608532,688,443,p1-block-1-trial-4-target-5,579.0,591.0,30.0,False,Pointer Move (Standard mouse)
1785569694.6176152,668,460,p1-block-1-trial-4-target-5,579.0,591.0,30.0,False,Pointer Move (Standard mouse)
1785569694.624753,659,467,p1-block-1-trial-4-target-5,579.0,591.0,30.0,False,Pointer Move (Standard mouse)
1785569694.632842,646,478,p1-block-1-trial-4-target-5,579.0,591.0,30.0,False,Pointer Move (Standard mouse)
1785569694.639602,634,487,p1-block-1-trial-4-target-5,579.0,591.0,30.0,False,Pointer Move (Standard mouse)
1785569694.646824,625,493,p1-block-1-trial-4-target-5,579.0,591.0,30.0,False,Pointer Move (Standard mouse)
1785569694.654575,612,505,p1-block-1-trial-4-target-5,579.0,591.0,30.0,False,Pointer Move (Standard mouse)
1785569694.661024,606,509,p1-block-1-trial-4-target-5,579.0,591.0,30.0,False,Pointer Move (Standard mouse)
1785569694.669822,599,514,p1-block-1-trial-4-target-5,579.0,591.0,30.0,False,Pointer Move (Standard mouse)
1785569694.6771882,591,520,p1-block-1-trial-4-target-5,579.0,591.0,30.0,False,Pointer Move (Standard mouse)
1785569694.683079,587,524,p1-block-1-trial-4-target-5,579.0,591.0,30.0,False,Pointer Move (Standard mouse)
1785569694.691926,587,525,p1-block-1-trial-4-target-5,579.0,591.0,30.0,False,Pointer Move (Standard mouse)
1785569694.699038,581,531,p1-block-1-trial-4-target-5,579.0,591.0,30.0,False,Pointer Move (Standard mouse)
1785569694.708895,576,535,p1-block-1-trial-4-target-5,579.0,591.0,30.0,False,Pointer Move (Standard mouse)
1785569694.713818,575,539,p1-block-1-trial-4-target-5,579.0,591.0,30.0,False,Pointer Move (Standard mouse)
1785569694.723288,574,539,p1-block-1-trial-4-target-5,579.0,591.0,30.0,False,Pointer Move (Standard mouse)
1785569694.7299469,571,543,p1-block-1-trial-4-target-5,579.0,591.0,30.0,False,Pointer Move (Standard mouse)
1785569694.737597,570,545,p1-block-1-trial-4-target-5,579.0,591.0,30.0,False,Pointer Move (Standard mouse)
1785569694.745863,568,547,p1-block-1-trial-4-target-5,579.0,591.0,30.0,False,Pointer Move (Standard mouse)
1785569694.75038,566,549,p1-block-1-trial-4-target-5,579.0,591.0,30.0,False,Pointer Move (Standard mouse)
1785569694.7588859,565,550,p1-block-1-trial-4-target-5,579.0,591.0,30.0,False,Pointer Move (Standard mouse)
1785569694.765391,565,551,p1-block-1-trial-4-target-5,579.0,591.0,30.0,False,Pointer Move (Standard mouse)
1785569694.772901,564,552,p1-block-1-trial-4-target-5,579.0,591.0,30.0,False,Pointer Move (Standard mouse)
1785569694.780509,564,552,p1-block-1-trial-4-target-5,579.0,591.0,30.0,False,Pointer Move (Standard mouse)
1785569694.787741,563,554,p1-block-1-trial-4-target-5,579.0,591.0,30.0,False,Pointer Move (Standard mouse)
1785569694.7953448,563,554,p1-block-1-trial-4-target-5,579.0,591.0,30.0,False,Pointer Move (Standard mouse)
1785569694.802908,563,555,p1-block-1-trial-4-target-5,579.0,591.0,30.0,False,Pointer Move (Standard mouse)
1785569694.839967,563,555,p1-block-1-trial-4-target-5,579.0,591.0,30.0,False,Pointer Move (Standard mouse)
1785569694.847884,563,556,p1-block-1-trial-4-target-5,579.0,591.0,30.0,False,Pointer Move (Standard mouse)
1785569694.855788,563,556,p1-block-1-trial-4-target-5,579.0,591.0,30.0,False,Pointer Move (Standard mouse)
1785569694.8627489,563,556,p1-block-1-trial-4-target-5,579.0,591.0,30.0,False,Pointer Move (Standard mouse)
1785569694.870226,563,557,p1-block-1-trial-4-target-5,579.0,591.0,30.0,False,Pointer Move (Standard mouse)
1785569694.877505,563,557,p1-block-1-trial-4-target-5,579.0,591.0,30.0,False,Pointer Move (Standard mouse)
1785569694.885535,563,558,p1-block-1-trial-4-target-5,579.0,591.0,30.0,False,Pointer Move (Standard mouse)
1785569694.892311,563,558,p1-block-1-trial-4-target-5,579.0,591.0,30.0,False,Pointer Move (Standard mouse)
1785569694.90004,563,559,p1-block-1-trial-4-target-5,579.0,591.0,30.0,False,Pointer Move (Standard mouse)
1785569694.90804,563,560,p1-block-1-trial-4-target-5,579.0,591.0,30.0,False,Pointer Move (Standard mouse)
1785569694.915104,563,561,p1-block-1-trial-4-target-5,579.0,591.0,30.0,False,Pointer Move (Standard mouse)
1785569694.923166,563,561,p1-block-1-trial-4-target-5,579.0,591.0,30.0,False,Pointer Move (Standard mouse)
1785569694.93822,563,561,p1-block-1-trial-4-target-5,579.0,591.0,30.0,False,Pointer Move (Standard mouse)
1785569694.945733,563,562,p1-block-1-trial-4-target-5,579.0,591.0,30.0,False,Pointer Move (Standard mouse)
1785569694.953152,563,562,p1-block-1-trial-4-target-5,579.0,591.0,30.0,False,Pointer Move (Standard mouse)
1785569694.960246,563,562,p1-block-1-trial-4-target-5,579.0,591.0,30.0,False,Pointer Move (Standard mouse)
1785569694.975775,563,562,p1-block-1-trial-4-target-5,579.0,591.0,30.0,False,Pointer Move (Standard mouse)
1785569694.982497,564,562,p1-block-1-trial-4-target-5,579.0,591.0,30.0,False,Pointer Move (Standard mouse)
1785569695.0123231,564,562,p1-block-1-trial-4-target-5,579.0,591.0,30.0,False,Pointer Move (Standard mouse)
1785569695.020998,564,562,p1-block-1-trial-4-target-5,579.0,591.0,30.0,False,Pointer Move (Standard mouse)
1785569695.028308,565,562,p1-block-1-trial-4-target-5,579.0,591.0,30.0,False,Pointer Move (Standard mouse)
1785569695.035542,565,562,p1-block-1-trial-4-target-5,579.0,591.0,30.0,False,Pointer Move (Standard mouse)
1785569695.050921,565,562,p1-block-1-trial-4-target-5,579.0,591.0,30.0,False,Pointer Move (Standard mouse)
1785569695.09503,566,563,p1-block-1-trial-4-target-5,579.0,591.0,30.0,False,Pointer Move (Standard mouse)
1785569695.103672,566,563,p1-block-1-trial-4-target-5,579.0,591.0,30.0,False,Pointer Move (Standard mouse)
1785569695.111125,566,565,p1-block-1-trial-4-target-5,579.0,591.0,30.0,False,Pointer Move (Standard mouse)
1785569695.119275,566,565,p1-block-1-trial-4-target-5,579.0,591.0,30.0,False,Pointer Move (Standard mouse)
1785569695.137428,567,567,p1-block-1-trial-4-target-5,579.0,591.0,30.0,False,Pointer Move (Standard mouse)
1785569695.140505,567,567,p1-block-1-trial-4-target-5,579.0,591.0,30.0,False,Pointer Move (Standard mouse)
1785569695.147209,567,568,p1-block-1-trial-4-target-5,579.0,591.0,30.0,False,Pointer Move (Standard mouse)
1785569695.154995,567,568,p1-block-1-trial-4-target-5,579.0,591.0,30.0,False,Pointer Move (Standard mouse)
1785569695.163262,567,569,p1-block-1-trial-4-target-5,579.0,591.0,30.0,False,Pointer Move (Standard mouse)
1785569695.1709812,567,569,p1-block-1-trial-4-target-5,579.0,591.0,30.0,False,Pointer Move (Standard mouse)
1785569695.177702,567,569,p1-block-1-trial-4-target-5,579.0,591.0,30.0,False,Pointer Move (Standard mouse)
1785569695.209138,568,570,p1-block-1-trial-4-target-5,579.0,591.0,30.0,False,Pointer Move (Standard mouse)
1785569695.2315872,568,570,p1-block-1-trial-4-target-5,579.0,591.0,30.0,False,Pointer Move (Standard mouse)
1785569695.238029,568,570,p1-block-1-trial-4-target-5,579.0,591.0,30.0,False,Pointer Move (Standard mouse)
1785569695.261083,568,570,p1-block-1-trial-4-target-5,579.0,591.0,30.0,target_selected,target_selected
1785569695.273015,568,570,p1-block-1-trial-5-target-1,861.0,309.0,30.0,False,Pointer Move (Standard mouse)
1785569695.37484,568,570,p1-block-1-trial-5-target-1,861.0,309.0,30.0,False,Pointer Move (Standard mouse)
1785569695.396706,568,570,p1-block-1-trial-5-target-1,861.0,309.0,30.0,False,Pointer Move (Standard mouse)
1785569695.4196658,568,570,p1-block-1-trial-5-target-1,861.0,309.0,30.0,False,Pointer Move (Standard mouse)
1785569695.4281988,568,569,p1-block-1-trial-5-target-1,861.0,309.0,30.0,False,Pointer Move (Standard mouse)
1785569695.4345028,569,568,p1-block-1-trial-5-target-1,861.0,309.0,30.0,False,Pointer Move (Standard mouse)
1785569695.442183,570,567,p1-block-1-trial-5-target-1,861.0,309.0,30.0,False,Pointer Move (Standard mouse)
1785569695.449847,573,564,p1-block-1-trial-5-target-1,861.0,309.0,30.0,False,Pointer Move (Standard mouse)
1785569695.456356,576,560,p1-block-1-trial-5-target-1,861.0,309.0,30.0,False,Pointer Move (Standard mouse)
1785569695.4655502,578,558,p1-block-1-trial-5-target-1,861.0,309.0,30.0,False,Pointer Move (Standard mouse)
1785569695.472012,582,554,p1-block-1-trial-5-target-1,861.0,309.0,30.0,False,Pointer Move (Standard mouse)
1785569695.480432,590,548,p1-block-1-trial-5-target-1,861.0,309.0,30.0,False,Pointer Move (Standard mouse)
1785569695.487775,596,541,p1-block-1-trial-5-target-1,861.0,309.0,30.0,False,Pointer Move (Standard mouse)
1785569695.496133,602,534,p1-block-1-trial-5-target-1,861.0,309.0,30.0,False,Pointer Move (Standard mouse)
1785569695.501072,611,525,p1-block-1-trial-5-target-1,861.0,309.0,30.0,False,Pointer Move (Standard mouse)
1785569695.508982,623,513,p1-block-1-trial-5-target-1,861.0,309.0,30.0,False,Pointer Move (Standard mouse)
1785569695.516428,632,504,p1-block-1-trial-5-target-1,861.0,309.0,30.0,False,Pointer Move (Standard mouse)
1785569695.524298,652,485,p1-block-1-trial-5-target-1,861.0,309.0,30.0,False,Pointer Move (Standard mouse)
1785569695.531188,660,478,p1-block-1-trial-5-target-1,861.0,309.0,30.0,False,Pointer Move (Standard mouse)
1785569695.537904,681,459,p1-block-1-trial-5-target-1,861.0,309.0,30.0,False,Pointer Move (Standard mouse)
1785569695.5454762,698,444,p1-block-1-trial-5-target-1,861.0,309.0,30.0,False,Pointer Move (Standard mouse)
1785569695.553059,712,433,p1-block-1-trial-5-target-1,861.0,309.0,30.0,False,Pointer Move (Standard mouse)
1785569695.5603049,725,423,p1-block-1-trial-5-target-1,861.0,309.0,30.0,False,Pointer Move (Standard mouse)
1785569695.568309,736,414,p1-block-1-trial-5-target-1,861.0,309.0,30.0,False,Pointer Move (Standard mouse)
1785569695.576402,749,401,p1-block-1-trial-5-target-1,861.0,309.0,30.0,False,Pointer Move (Standard mouse)
1785569695.583201,760,392,p1-block-1-trial-5-target-1,861.0,309.0,30.0,False,Pointer Move (Standard mouse)
1785569695.5909,773,380,p1-block-1-trial-5-target-1,861.0,309.0,30.0,False,Pointer Move (Standard mouse)
1785569695.5983732,783,372,p1-block-1-trial-5-target-1,861.0,309.0,30.0,False,Pointer Move (Standard mouse)
1785569695.605637,790,366,p1-block-1-trial-5-target-1,861.0,309.0,30.0,False,Pointer Move (Standard mouse)
1785569695.6151302,796,360,p1-block-1-trial-5-target-1,861.0,309.0,30.0,False,Pointer Move (Standard mouse)
1785569695.620757,799,357,p1-block-1-trial-5-target-1,861.0,309.0,30.0,False,Pointer Move (Standard mouse)
1785569695.627935,804,353,p1-block-1-trial-5-target-1,861.0,309.0,30.0,False,Pointer Move (Standard mouse)
1785569695.635315,810,347,p1-block-1-trial-5-target-1,861.0,309.0,30.0,False,Pointer Move (Standard mouse)
1785569695.642633,811,346,p1-block-1-trial-5-target-1,861.0,309.0,30.0,False,Pointer Move (Standard mouse)
1785569695.649975,815,342,p1-block-1-trial-5-target-1,861.0,309.0,30.0,False,Pointer Move (Standard mouse)
1785569695.6582882,816,340,p1-block-1-trial-5-target-1,861.0,309.0,30.0,False,Pointer Move (Standard mouse)
1785569695.665314,817,340,p1-block-1-trial-5-target-1,861.0,309.0,30.0,False,Pointer Move (Standard mouse)
1785569695.672927,817,340,p1-block-1-trial-5-target-1,861.0,309.0,30.0,False,Pointer Move (Standard mouse)
1785569695.679936,817,339,p1-block-1-trial-5-target-1,861.0,309.0,30.0,False,Pointer Move (Standard mouse)
1785569695.688064,818,339,p1-block-1-trial-5-target-1,861.0,309.0,30.0,False,Pointer Move (Standard mouse)
1785569695.6948118,818,339,p1-block-1-trial-5-target-1,861.0,309.0,30.0,False,Pointer Move (Standard mouse)
1785569695.702822,818,339,p1-block-1-trial-5-target-1,861.0,309.0,30.0,False,Pointer Move (Standard mouse)
1785569695.710633,818,338,p1-block-1-trial-5-target-1,861.0,309.0,30.0,False,Pointer Move (Standard mouse)
1785569695.7178829,819,338,p1-block-1-trial-5-target-1,861.0,309.0,30.0,False,Pointer Move (Standard mouse)
1785569695.727159,819,338,p1-block-1-trial-5-target-1,861.0,309.0,30.0,False,Pointer Move (Standard mouse)
1785569695.733402,819,338,p1-block-1-trial-5-target-1,861.0,309.0,30.0,False,Pointer Move (Standard mouse)
1785569695.740708,819,337,p1-block-1-trial-5-target-1,861.0,309.0,30.0,False,Pointer Move (Standard mouse)
1785569695.748168,820,336,p1-block-1-trial-5-target-1,861.0,309.0,30.0,False,Pointer Move (Standard mouse)
1785569695.756099,821,336,p1-block-1-trial-5-target-1,861.0,309.0,30.0,False,Pointer Move (Standard mouse)
1785569695.763524,823,333,p1-block-1-trial-5-target-1,861.0,309.0,30.0,False,Pointer Move (Standard mouse)
1785569695.7706618,824,332,p1-block-1-trial-5-target-1,861.0,309.0,30.0,False,Pointer Move (Standard mouse)
1785569695.7775738,825,331,p1-block-1-trial-5-target-1,861.0,309.0,30.0,False,Pointer Move (Standard mouse)
1785569695.786839,826,329,p1-block-1-trial-5-target-1,861.0,309.0,30.0,False,Pointer Move (Standard mouse)
1785569695.793836,831,324,p1-block-1-trial-5-target-1,861.0,309.0,30.0,False,Pointer Move (Standard mouse)
1785569695.802231,832,322,p1-block-1-trial-5-target-1,861.0,309.0,30.0,False,Pointer Move (Standard mouse)
1785569695.808696,832,322,p1-block-1-trial-5-target-1,861.0,309.0,30.0,False,Pointer Move (Standard mouse)
1785569695.818363,834,318,p1-block-1-trial-5-target-1,861.0,309.0,30.0,False,Pointer Move (Standard mouse)
1785569695.823491,834,318,p1-block-1-trial-5-target-1,861.0,309.0,30.0,False,Pointer Move (Standard mouse)
1785569695.831126,834,317,p1-block-1-trial-5-target-1,861.0,309.0,30.0,False,Pointer Move (Standard mouse)
1785569695.8383648,835,317,p1-block-1-trial-5-target-1,861.0,309.0,30.0,False,Pointer Move (Standard mouse)
1785569695.8454568,835,316,p1-block-1-trial-5-target-1,861.0,309.0,30.0,False,Pointer Move (Standard mouse)
1785569695.8530822,836,314,p1-block-1-trial-5-target-1,861.0,309.0,30.0,False,Pointer Move (Standard mouse)
1785569695.860192,836,314,p1-block-1-trial-5-target-1,861.0,309.0,30.0,False,Pointer Move (Standard mouse)
1785569695.86784,836,312,p1-block-1-trial-5-target-1,861.0,309.0,30.0,False,Pointer Move (Standard mouse)
1785569695.875665,837,311,p1-block-1-trial-5-target-1,861.0,309.0,30.0,False,Pointer Move (Standard mouse)
1785569695.882826,837,311,p1-block-1-trial-5-target-1,861.0,309.0,30.0,False,Pointer Move (Standard mouse)
1785569695.890499,837,310,p1-block-1-trial-5-target-1,861.0,309.0,30.0,False,Pointer Move (Standard mouse)
1785569695.8980658,838,309,p1-block-1-trial-5-target-1,861.0,309.0,30.0,False,Pointer Move (Standard mouse)
1785569695.905558,838,308,p1-block-1-trial-5-target-1,861.0,309.0,30.0,False,Pointer Move (Standard mouse)
1785569695.913454,838,308,p1-block-1-trial-5-target-1,861.0,309.0,30.0,False,Pointer Move (Standard mouse)
1785569695.929999,839,307,p1-block-1-trial-5-target-1,861.0,309.0,30.0,False,Pointer Move (Standard mouse)
1785569695.9742,839,307,p1-block-1-trial-5-target-1,861.0,309.0,30.0,False,Pointer Move (Standard mouse)
1785569695.980994,839,307,p1-block-1-trial-5-target-1,861.0,309.0,30.0,False,Pointer Move (Standard mouse)
1785569695.987821,840,307,p1-block-1-trial-5-target-1,861.0,309.0,30.0,False,Pointer Move (Standard mouse)
1785569695.995472,841,306,p1-block-1-trial-5-target-1,861.0,309.0,30.0,False,Pointer Move (Standard mouse)
1785569696.002607,842,305,p1-block-1-trial-5-target-1,861.0,309.0,30.0,False,Pointer Move (Standard mouse)
1785569696.010637,843,305,p1-block-1-trial-5-target-1,861.0,309.0,30.0,False,Pointer Move (Standard mouse)
1785569696.017799,843,305,p1-block-1-trial-5-target-1,861.0,309.0,30.0,False,Pointer Move (Standard mouse)
1785569696.025343,844,305,p1-block-1-trial-5-target-1,861.0,309.0,30.0,False,Pointer Move (Standard mouse)
1785569696.110604,844,305,p1-block-1-trial-5-target-1,861.0,309.0,30.0,target_selected,target_selected
1785569696.1898339,844,305,p1-block-1-trial-6-target-5,579.0,591.0,30.0,False,Pointer Move (Standard mouse)
1785569696.198921,843,305,p1-block-1-trial-6-target-5,579.0,591.0,30.0,False,Pointer Move (Standard mouse)
1785569696.205765,840,309,p1-block-1-trial-6-target-5,579.0,591.0,30.0,False,Pointer Move (Standard mouse)
1785569696.213095,835,317,p1-block-1-trial-6-target-5,579.0,591.0,30.0,False,Pointer Move (Standard mouse)
1785569696.220595,828,323,p1-block-1-trial-6-target-5,579.0,591.0,30.0,False,Pointer Move (Standard mouse)
1785569696.2295291,824,327,p1-block-1-trial-6-target-5,579.0,591.0,30.0,False,Pointer Move (Standard mouse)
1785569696.2353978,815,333,p1-block-1-trial-6-target-5,579.0,591.0,30.0,False,Pointer Move (Standard mouse)
1785569696.243618,808,338,p1-block-1-trial-6-target-5,579.0,591.0,30.0,False,Pointer Move (Standard mouse)
1785569696.250303,793,348,p1-block-1-trial-6-target-5,579.0,591.0,30.0,False,Pointer Move (Standard mouse)
1785569696.2577002,779,357,p1-block-1-trial-6-target-5,579.0,591.0,30.0,False,Pointer Move (Standard mouse)
1785569696.2655418,761,369,p1-block-1-trial-6-target-5,579.0,591.0,30.0,False,Pointer Move (Standard mouse)
1785569696.273074,745,377,p1-block-1-trial-6-target-5,579.0,591.0,30.0,False,Pointer Move (Standard mouse)
1785569696.2805052,726,388,p1-block-1-trial-6-target-5,579.0,591.0,30.0,False,Pointer Move (Standard mouse)
1785569696.2878258,710,398,p1-block-1-trial-6-target-5,579.0,591.0,30.0,False,Pointer Move (Standard mouse)
1785569696.296632,692,408,p1-block-1-trial-6-target-5,579.0,591.0,30.0,False,Pointer Move (Standard mouse)
1785569696.303135,675,419,p1-block-1-trial-6-target-5,579.0,591.0,30.0,False,Pointer Move (Standard mouse)
1785569696.311064,643,438,p1-block-1-trial-6-target-5,579.0,591.0,30.0,False,Pointer Move (Standard mouse)
1785569696.318283,625,448,p1-block-1-trial-6-target-5,579.0,591.0,30.0,False,Pointer Move (Standard mouse)
1785569696.3257248,607,460,p1-block-1-trial-6-target-5,579.0,591.0,30.0,False,Pointer Move (Standard mouse)
1785569696.333175,581,477,p1-block-1-trial-6-target-5,579.0,591.0,30.0,False,Pointer Move (Standard mouse)
1785569696.3406348,564,489,p1-block-1-trial-6-target-5,579.0,591.0,30.0,False,Pointer Move (Standard mouse)
1785569696.348576,546,503,p1-block-1-trial-6-target-5,579.0,591.0,30.0,False,Pointer Move (Standard mouse)
1785569696.357172,530,516,p1-block-1-trial-6-target-5,579.0,591.0,30.0,False,Pointer Move (Standard mouse)
1785569696.3633652,512,531,p1-block-1-trial-6-target-5,579.0,591.0,30.0,False,Pointer Move (Standard mouse)
1785569696.3710341,488,550,p1-block-1-trial-6-target-5,579.0,591.0,30.0,False,Pointer Move (Standard mouse)
1785569696.379008,476,560,p1-block-1-trial-6-target-5,579.0,591.0,30.0,False,Pointer Move (Standard mouse)
1785569696.385379,466,569,p1-block-1-trial-6-target-5,579.0,591.0,30.0,False,Pointer Move (Standard mouse)
1785569696.393151,457,577,p1-block-1-trial-6-target-5,579.0,591.0,30.0,False,Pointer Move (Standard mouse)
1785569696.400958,451,583,p1-block-1-trial-6-target-5,579.0,591.0,30.0,False,Pointer Move (Standard mouse)
1785569696.409423,445,589,p1-block-1-trial-6-target-5,579.0,591.0,30.0,False,Pointer Move (Standard mouse)
1785569696.419381,441,596,p1-block-1-trial-6-target-5,579.0,591.0,30.0,False,Pointer Move (Standard mouse)
1785569696.423646,438,600,p1-block-1-trial-6-target-5,579.0,591.0,30.0,False,Pointer Move (Standard mouse)
1785569696.4306319,438,602,p1-block-1-trial-6-target-5,579.0,591.0,30.0,False,Pointer Move (Standard mouse)
1785569696.4379551,437,602,p1-block-1-trial-6-target-5,579.0,591.0,30.0,False,Pointer Move (Standard mouse)
1785569696.445478,437,603,p1-block-1-trial-6-target-5,579.0,591.0,30.0,False,Pointer Move (Standard mouse)
1785569696.454157,437,604,p1-block-1-trial-6-target-5,579.0,591.0,30.0,False,Pointer Move (Standard mouse)
1785569696.460709,437,604,p1-block-1-trial-6-target-5,579.0,591.0,30.0,False,Pointer Move (Standard mouse)
1785569696.4691892,437,604,p1-block-1-trial-6-target-5,579.0,591.0,30.0,False,Pointer Move (Standard mouse)
1785569696.4934368,437,605,p1-block-1-trial-6-target-5,579.0,591.0,30.0,False,Pointer Move (Standard mouse)
1785569696.516222,437,605,p1-block-1-trial-6-target-5,579.0,591.0,30.0,False,Pointer Move (Standard mouse)
1785569696.5222468,437,605,p1-block-1-trial-6-target-5,579.0,591.0,30.0,False,Pointer Move (Standard mouse)
1785569696.5383759,437,607,p1-block-1-trial-6-target-5,579.0,591.0,30.0,False,Pointer Move (Standard mouse)
1785569696.545419,438,608,p1-block-1-trial-6-target-5,579.0,591.0,30.0,False,Pointer Move (Standard mouse)
1785569696.5527291,438,608,p1-block-1-trial-6-target-5,579.0,591.0,30.0,False,Pointer Move (Standard mouse)
1785569696.559231,439,609,p1-block-1-trial-6-target-5,579.0,591.0,30.0,False,Pointer Move (Standard mouse)
1785569696.567832,443,612,p1-block-1-trial-6-target-5,579.0,591.0,30.0,False,Pointer Move (Standard mouse)
1785569696.574493,459,615,p1-block-1-trial-6-target-5,579.0,591.0,30.0,False,Pointer Move (Standard mouse)
1785569696.583724,464,615,p1-block-1-trial-6-target-5,579.0,591.0,30.0,False,Pointer Move (Standard mouse)
1785569696.590452,485,617,p1-block-1-trial-6-target-5,579.0,591.0,30.0,False,Pointer Move (Standard mouse)
1785569696.597846,502,617,p1-block-1-trial-6-target-5,579.0,591.0,30.0,False,Pointer Move (Standard mouse)
1785569696.605178,518,617,p1-block-1-trial-6-target-5,579.0,591.0,30.0,False,Pointer Move (Standard mouse)
1785569696.611543,528,617,p1-block-1-trial-6-target-5,579.0,591.0,30.0,False,Pointer Move (Standard mouse)
1785569696.619953,542,617,p1-block-1-trial-6-target-5,579.0,591.0,30.0,False,Pointer Move (Standard mouse)
1785569696.6269708,559,617,p1-block-1-trial-6-target-5,579.0,591.0,30.0,False,Pointer Move (Standard mouse)
1785569696.634042,573,614,p1-block-1-trial-6-target-5,579.0,591.0,30.0,False,Pointer Move (Standard mouse)
1785569696.6409001,578,613,p1-block-1-trial-6-target-5,579.0,591.0,30.0,False,Pointer Move (Standard mouse)
1785569696.6476748,583,611,p1-block-1-trial-6-target-5,579.0,591.0,30.0,False,Pointer Move (Standard mouse)
1785569696.6569421,586,609,p1-block-1-trial-6-target-5,579.0,591.0,30.0,False,Pointer Move (Standard mouse)
1785569696.663581,587,609,p1-block-1-trial-6-target-5,579.0,591.0,30.0,False,Pointer Move (Standard mouse)
1785569696.672244,587,609,p1-block-1-trial-6-target-5,579.0,591.0,30.0,False,Pointer Move (Standard mouse)
1785569696.678565,587,609,p1-block-1-trial-6-target-5,579.0,591.0,30.0,False,Pointer Move (Standard mouse)
1785569696.69456,587,608,p1-block-1-trial-6-target-5,579.0,591.0,30.0,False,Pointer Move (Standard mouse)
1785569696.724345,587,608,p1-block-1-trial-6-target-5,579.0,591.0,30.0,False,Pointer Move (Standard mouse)
1785569696.747447,587,607,p1-block-1-trial-6-target-5,579.0,591.0,30.0,False,Pointer Move (Standard mouse)
1785569696.755497,587,607,p1-block-1-trial-6-target-5,579.0,591.0,30.0,False,Pointer Move (Standard mouse)
1785569696.762951,586,606,p1-block-1-trial-6-target-5,579.0,591.0,30.0,False,Pointer Move (Standard mouse)
1785569696.769817,586,605,p1-block-1-trial-6-target-5,579.0,591.0,30.0,False,Pointer Move (Standard mouse)
1785569696.777436,584,604,p1-block-1-trial-6-target-5,579.0,591.0,30.0,False,Pointer Move (Standard mouse)
1785569696.7838988,583,603,p1-block-1-trial-6-target-5,579.0,591.0,30.0,False,Pointer Move (Standard mouse)
1785569696.793565,579,602,p1-block-1-trial-6-target-5,579.0,591.0,30.0,False,Pointer Move (Standard mouse)
1785569696.79933,574,601,p1-block-1-trial-6-target-5,579.0,591.0,30.0,False,Pointer Move (Standard mouse)
1785569696.808844,567,598,p1-block-1-trial-6-target-5,579.0,591.0,30.0,False,Pointer Move (Standard mouse)
1785569696.8159208,566,597,p1-block-1-trial-6-target-5,579.0,591.0,30.0,False,Pointer Move (Standard mouse)
1785569696.824233,561,596,p1-block-1-trial-6-target-5,579.0,591.0,30.0,False,Pointer Move (Standard mouse)
1785569696.829765,557,595,p1-block-1-trial-6-target-5,579.0,591.0,30.0,False,Pointer Move (Standard mouse)
1785569696.835635,557,594,p1-block-1-trial-6-target-5,579.0,591.0,30.0,False,Pointer Move (Standard mouse)
1785569696.84412,557,594,p1-block-1-trial-6-target-5,579.0,591.0,30.0,False,Pointer Move (Standard mouse)
1785569696.85313,557,593,p1-block-1-trial-6-target-5,579.0,591.0,30.0,False,Pointer Move (Standard mouse)
1785569696.860728,557,593,p1-block-1-trial-6-target-5,579.0,591.0,30.0,False,Pointer Move (Standard mouse)
1785569696.867682,557,593,p1-block-1-trial-6-target-5,579.0,591.0,30.0,False,Pointer Move (Standard mouse)
1785569696.874701,558,592,p1-block-1-trial-6-target-5,579.0,591.0,30.0,False,Pointer Move (Standard mouse)
1785569696.8822348,558,592,p1-block-1-trial-6-target-5,579.0,591.0,30.0,False,Pointer Move (Standard mouse)
1785569696.890053,559,592,p1-block-1-trial-6-target-5,579.0,591.0,30.0,False,Pointer Move (Standard mouse)
1785569696.929356,559,592,p1-block-1-trial-6-target-5,579.0,591.0,30.0,target_selected,target_selected
1785569696.9390771,559,592,p1-block-1-trial-7-target-1,861.0,309.0,30.0,False,Pointer Move (Standard mouse)
1785569696.970948,560,592,p1-block-1-trial-7-target-1,861.0,309.0,30.0,False,Pointer Move (Standard mouse)
1785569697.010682,560,592,p1-block-1-trial-7-target-1,861.0,309.0,30.0,False,Pointer Move (Standard mouse)
1785569697.017972,561,592,p1-block-1-trial-7-target-1,861.0,309.0,30.0,False,Pointer Move (Standard mouse)
1785569697.024288,563,592,p1-block-1-trial-7-target-1,861.0,309.0,30.0,False,Pointer Move (Standard mouse)
1785569697.033414,566,590,p1-block-1-trial-7-target-1,861.0,309.0,30.0,False,Pointer Move (Standard mouse)
1785569697.038901,569,589,p1-block-1-trial-7-target-1,861.0,309.0,30.0,False,Pointer Move (Standard mouse)
1785569697.049046,581,584,p1-block-1-trial-7-target-1,861.0,309.0,30.0,False,Pointer Move (Standard mouse)
1785569697.058311,585,582,p1-block-1-trial-7-target-1,861.0,309.0,30.0,False,Pointer Move (Standard mouse)
1785569697.0619578,599,575,p1-block-1-trial-7-target-1,861.0,309.0,30.0,False,Pointer Move (Standard mouse)
1785569697.070998,618,568,p1-block-1-trial-7-target-1,861.0,309.0,30.0,False,Pointer Move (Standard mouse)
1785569697.0765069,632,561,p1-block-1-trial-7-target-1,861.0,309.0,30.0,False,Pointer Move (Standard mouse)
1785569697.0850902,637,558,p1-block-1-trial-7-target-1,861.0,309.0,30.0,False,Pointer Move (Standard mouse)
1785569697.092223,656,547,p1-block-1-trial-7-target-1,861.0,309.0,30.0,False,Pointer Move (Standard mouse)
1785569697.098835,669,540,p1-block-1-trial-7-target-1,861.0,309.0,30.0,False,Pointer Move (Standard mouse)
1785569697.10707,685,530,p1-block-1-trial-7-target-1,861.0,309.0,30.0,False,Pointer Move (Standard mouse)
1785569697.113714,697,522,p1-block-1-trial-7-target-1,861.0,309.0,30.0,False,Pointer Move (Standard mouse)
1785569697.121589,708,515,p1-block-1-trial-7-target-1,861.0,309.0,30.0,False,Pointer Move (Standard mouse)
1785569697.129538,721,503,p1-block-1-trial-7-target-1,861.0,309.0,30.0,False,Pointer Move (Standard mouse)
1785569697.137141,731,491,p1-block-1-trial-7-target-1,861.0,309.0,30.0,False,Pointer Move (Standard mouse)
1785569697.14478,744,476,p1-block-1-trial-7-target-1,861.0,309.0,30.0,False,Pointer Move (Standard mouse)
1785569697.1534579,758,455,p1-block-1-trial-7-target-1,861.0,309.0,30.0,False,Pointer Move (Standard mouse)
1785569697.159866,772,433,p1-block-1-trial-7-target-1,861.0,309.0,30.0,False,Pointer Move (Standard mouse)
1785569697.168471,791,405,p1-block-1-trial-7-target-1,861.0,309.0,30.0,False,Pointer Move (Standard mouse)
1785569697.1752992,809,378,p1-block-1-trial-7-target-1,861.0,309.0,30.0,False,Pointer Move (Standard mouse)
1785569697.1838112,827,350,p1-block-1-trial-7-target-1,861.0,309.0,30.0,False,Pointer Move (Standard mouse)
1785569697.190209,846,320,p1-block-1-trial-7-target-1,861.0,309.0,30.0,False,Pointer Move (Standard mouse)
1785569697.197388,858,302,p1-block-1-trial-7-target-1,861.0,309.0,30.0,False,Pointer Move (Standard mouse)
1785569697.2060559,871,281,p1-block-1-trial-7-target-1,861.0,309.0,30.0,False,Pointer Move (Standard mouse)
1785569697.2129521,882,264,p1-block-1-trial-7-target-1,861.0,309.0,30.0,False,Pointer Move (Standard mouse)
1785569697.221368,892,247,p1-block-1-trial-7-target-1,861.0,309.0,30.0,False,Pointer Move (Standard mouse)
1785569697.228139,894,240,p1-block-1-trial-7-target-1,861.0,309.0,30.0,False,Pointer Move (Standard mouse)
1785569697.236209,896,235,p1-block-1-trial-7-target-1,861.0,309.0,30.0,False,Pointer Move (Standard mouse)
1785569697.2421498,897,233,p1-block-1-trial-7-target-1,861.0,309.0,30.0,False,Pointer Move (Standard mouse)
1785569697.250381,897,232,p1-block-1-trial-7-target-1,861.0,309.0,30.0,False,Pointer Move (Standard mouse)
1785569697.25782,897,231,p1-block-1-trial-7-target-1,861.0,309.0,30.0,False,Pointer Move (Standard mouse)
1785569697.262584,897,231,p1-block-1-trial-7-target-1,861.0,309.0,30.0,False,Pointer Move (Standard mouse)
1785569697.384032,897,231,p1-block-1-trial-7-target-1,861.0,309.0,30.0,False,Pointer Move (Standard mouse)
1785569697.393033,897,231,p1-block-1-trial-7-target-1,861.0,309.0,30.0,False,Pointer Move (Standard mouse)
1785569697.399675,895,235,p1-block-1-trial-7-target-1,861.0,309.0,30.0,False,Pointer Move (Standard mouse)
1785569697.4064991,894,236,p1-block-1-trial-7-target-1,861.0,309.0,30.0,False,Pointer Move (Standard mouse)
1785569697.4145558,891,241,p1-block-1-trial-7-target-1,861.0,309.0,30.0,False,Pointer Move (Standard mouse)
1785569697.421785,886,249,p1-block-1-trial-7-target-1,861.0,309.0,30.0,False,Pointer Move (Standard mouse)
1785569697.430472,880,259,p1-block-1-trial-7-target-1,861.0,309.0,30.0,False,Pointer Move (Standard mouse)
1785569697.438493,877,265,p1-block-1-trial-7-target-1,861.0,309.0,30.0,False,Pointer Move (Standard mouse)
1785569697.445028,866,282,p1-block-1-trial-7-target-1,861.0,309.0,30.0,False,Pointer Move (Standard mouse)
1785569697.4513972,863,289,p1-block-1-trial-7-target-1,861.0,309.0,30.0,False,Pointer Move (Standard mouse)
1785569697.460403,857,301,p1-block-1-trial-7-target-1,861.0,309.0,30.0,False,Pointer Move (Standard mouse)
1785569697.4686122,855,308,p1-block-1-trial-7-target-1,861.0,309.0,30.0,False,Pointer Move (Standard mouse)
1785569697.473517,853,313,p1-block-1-trial-7-target-1,861.0,309.0,30.0,False,Pointer Move (Standard mouse)
1785569697.4826949,851,318,p1-block-1-trial-7-target-1,861.0,309.0,30.0,False,Pointer Move (Standard mouse)
1785569697.489322,851,318,p1-block-1-trial-7-target-1,861.0,309.0,30.0,False,Pointer Move (Standard mouse)
1785569697.497849,850,322,p1-block-1-trial-7-target-1,861.0,309.0,30.0,False,Pointer Move (Standard mouse)
1785569697.5051782,849,323,p1-block-1-trial-7-target-1,861.0,309.0,30.0,False,Pointer Move (Standard mouse)
1785569697.513219,849,324,p1-block-1-trial-7-target-1,861.0,309.0,30.0,False,Pointer Move (Standard mouse)
1785569697.520701,849,325,p1-block-1-trial-7-target-1,861.0,309.0,30.0,False,Pointer Move (Standard mouse)
1785569697.527294,849,326,p1-block-1-trial-7-target-1,861.0,309.0,30.0,False,Pointer Move (Standard mouse)
1785569697.53579,849,328,p1-block-1-trial-7-target-1,861.0,309.0,30.0,False,Pointer Move (Standard mouse)
1785569697.541905,848,331,p1-block-1-trial-7-target-1,861.0,309.0,30.0,False,Pointer Move (Standard mouse)
1785569697.548668,848,334,p1-block-1-trial-7-target-1,861.0,309.0,30.0,False,Pointer Move (Standard mouse)
1785569697.558475,848,338,p1-block-1-trial-7-target-1,861.0,309.0,30.0,False,Pointer Move (Standard mouse)
1785569697.5657642,848,339,p1-block-1-trial-7-target-1,861.0,309.0,30.0,False,Pointer Move (Standard mouse)
1785569697.573094,847,340,p1-block-1-trial-7-target-1,861.0,309.0,30.0,False,Pointer Move (Standard mouse)
1785569697.5794072,847,340,p1-block-1-trial-7-target-1,861.0,309.0,30.0,False,Pointer Move (Standard mouse)
1785569697.648122,847,340,p1-block-1-trial-7-target-1,861.0,309.0,30.0,False,Pointer Move (Standard mouse)
1785569697.678088,847,340,p1-block-1-trial-7-target-1,861.0,309.0,30.0,False,Pointer Move (Standard mouse)
1785569697.736137,847,340,p1-block-1-trial-7-target-1,861.0,309.0,30.0,False,Pointer Move (Standard mouse)
1785569697.754098,847,339,p1-block-1-trial-7-target-1,861.0,309.0,30.0,False,Pointer Move (Standard mouse)
1785569697.760436,847,339,p1-block-1-trial-7-target-1,861.0,309.0,30.0,False,Pointer Move (Standard mouse)
1785569697.766211,848,339,p1-block-1-trial-7-target-1,861.0,309.0,30.0,False,Pointer Move (Standard mouse)
1785569697.77338,849,338,p1-block-1-trial-7-target-1,861.0,309.0,30.0,False,Pointer Move (Standard mouse)
1785569697.780951,849,338,p1-block-1-trial-7-target-1,861.0,309.0,30.0,False,Pointer Move (Standard mouse)
1785569697.788534,851,336,p1-block-1-trial-7-target-1,861.0,309.0,30.0,False,Pointer Move (Standard mouse)
1785569697.796088,853,334,p1-block-1-trial-7-target-1,861.0,309.0,30.0,False,Pointer Move (Standard mouse)
1785569697.8040729,854,334,p1-block-1-trial-7-target-1,861.0,309.0,30.0,False,Pointer Move (Standard mouse)
1785569697.8116531,854,333,p1-block-1-trial-7-target-1,861.0,309.0,30.0,False,Pointer Move (Standard mouse)
1785569697.819264,855,333,p1-block-1-trial-7-target-1,861.0,309.0,30.0,False,Pointer Move (Standard mouse)
1785569697.8269,856,332,p1-block-1-trial-7-target-1,861.0,309.0,30.0,False,Pointer Move (Standard mouse)
1785569697.84146,856,331,p1-block-1-trial-7-target-1,861.0,309.0,30.0,False,Pointer Move (Standard mouse)
1785569697.841803,857,331,p1-block-1-trial-7-target-1,861.0,309.0,30.0,False,Pointer Move (Standard mouse)
1785569697.848344,857,330,p1-block-1-trial-7-target-1,861.0,309.0,30.0,False,Pointer Move (Standard mouse)
1785569697.8555698,857,330,p1-block-1-trial-7-target-1,861.0,309.0,30.0,False,Pointer Move (Standard mouse)
1785569697.862804,857,329,p1-block-1-trial-7-target-1,861.0,309.0,30.0,False,Pointer Move (Standard mouse)
1785569697.870823,857,328,p1-block-1-trial-7-target-1,861.0,309.0,30.0,False,Pointer Move (Standard mouse)
1785569697.878123,858,328,p1-block-1-trial-7-target-1,861.0,309.0,30.0,False,Pointer Move (Standard mouse)
1785569697.885547,858,328,p1-block-1-trial-7-target-1,861.0,309.0,30.0,False,Pointer Move (Standard mouse)
1785569697.8929,858,328,p1-block-1-trial-7-target-1,861.0,309.0,30.0,False,Pointer Move (Standard mouse)
1785569697.900078,858,327,p1-block-1-trial-7-target-1,861.0,309.0,30.0,False,Pointer Move (Standard mouse)
1785569697.915124,858,327,p1-block-1-trial-7-target-1,861.0,309.0,30.0,False,Pointer Move (Standard mouse)
1785569697.923156,858,326,p1-block-1-trial-7-target-1,861.0,309.0,30.0,False,Pointer Move (Standard mouse)
1785569697.930633,859,326,p1-block-1-trial-7-target-1,861.0,309.0,30.0,False,Pointer Move (Standard mouse)
1785569697.946199,859,326,p1-block-1-trial-7-target-1,861.0,309.0,30.0,False,Pointer Move (Standard mouse)
1785569697.953696,859,326,p1-block-1-trial-7-target-1,861.0,309.0,30.0,False,Pointer Move (Standard mouse)
1785569697.9686909,859,325,p1-block-1-trial-7-target-1,861.0,309.0,30.0,False,Pointer Move (Standard mouse)
1785569698.0059211,859,325,p1-block-1-trial-7-target-1,861.0,309.0,30.0,False,Pointer Move (Standard mouse)
1785569698.0381188,859,325,p1-block-1-trial-7-target-1,861.0,309.0,30.0,False,Pointer Move (Standard mouse)
1785569698.082707,859,325,p1-block-1-trial-7-target-1,861.0,309.0,30.0,target_selected,target_selected
1785569698.180861,859,325,p1-block-1-trial-8-target-5,579.0,591.0,30.0,False,Pointer Move (Standard mouse)
1785569698.1865642,858,325,p1-block-1-trial-8-target-5,579.0,591.0,30.0,False,Pointer Move (Standard mouse)
1785569698.19398,857,326,p1-block-1-trial-8-target-5,579.0,591.0,30.0,False,Pointer Move (Standard mouse)
1785569698.2014878,856,327,p1-block-1-trial-8-target-5,579.0,591.0,30.0,False,Pointer Move (Standard mouse)
1785569698.2084742,855,328,p1-block-1-trial-8-target-5,579.0,591.0,30.0,False,Pointer Move (Standard mouse)
1785569698.215631,853,329,p1-block-1-trial-8-target-5,579.0,591.0,30.0,False,Pointer Move (Standard mouse)
1785569698.223398,853,330,p1-block-1-trial-8-target-5,579.0,591.0,30.0,False,Pointer Move (Standard mouse)
1785569698.230419,852,330,p1-block-1-trial-8-target-5,579.0,591.0,30.0,False,Pointer Move (Standard mouse)
1785569698.237928,850,331,p1-block-1-trial-8-target-5,579.0,591.0,30.0,False,Pointer Move (Standard mouse)
1785569698.245367,846,334,p1-block-1-trial-8-target-5,579.0,591.0,30.0,False,Pointer Move (Standard mouse)
1785569698.252785,846,335,p1-block-1-trial-8-target-5,579.0,591.0,30.0,False,Pointer Move (Standard mouse)
1785569698.2619672,842,339,p1-block-1-trial-8-target-5,579.0,591.0,30.0,False,Pointer Move (Standard mouse)
1785569698.268157,840,342,p1-block-1-trial-8-target-5,579.0,591.0,30.0,False,Pointer Move (Standard mouse)
1785569698.2763462,835,347,p1-block-1-trial-8-target-5,579.0,591.0,30.0,False,Pointer Move (Standard mouse)
1785569698.284495,833,350,p1-block-1-trial-8-target-5,579.0,591.0,30.0,False,Pointer Move (Standard mouse)
1785569698.290942,827,359,p1-block-1-trial-8-target-5,579.0,591.0,30.0,False,Pointer Move (Standard mouse)
1785569698.298156,820,368,p1-block-1-trial-8-target-5,579.0,591.0,30.0,False,Pointer Move (Standard mouse)
1785569698.305274,813,379,p1-block-1-trial-8-target-5,579.0,591.0,30.0,False,Pointer Move (Standard mouse)
1785569698.313783,803,393,p1-block-1-trial-8-target-5,579.0,591.0,30.0,False,Pointer Move (Standard mouse)
1785569698.3216991,790,409,p1-block-1-trial-8-target-5,579.0,591.0,30.0,False,Pointer Move (Standard mouse)
1785569698.328456,780,426,p1-block-1-trial-8-target-5,579.0,591.0,30.0,False,Pointer Move (Standard mouse)
1785569698.336111,766,444,p1-block-1-trial-8-target-5,579.0,591.0,30.0,False,Pointer Move (Standard mouse)
1785569698.344115,751,460,p1-block-1-trial-8-target-5,579.0,591.0,30.0,False,Pointer Move (Standard mouse)
1785569698.351201,738,475,p1-block-1-trial-8-target-5,579.0,591.0,30.0,False,Pointer Move (Standard mouse)
1785569698.3585951,727,486,p1-block-1-trial-8-target-5,579.0,591.0,30.0,False,Pointer Move (Standard mouse)
1785569698.36615,717,495,p1-block-1-trial-8-target-5,579.0,591.0,30.0,False,Pointer Move (Standard mouse)
1785569698.3736398,706,507,p1-block-1-trial-8-target-5,579.0,591.0,30.0,False,Pointer Move (Standard mouse)
1785569698.38076,698,513,p1-block-1-trial-8-target-5,579.0,591.0,30.0,False,Pointer Move (Standard mouse)
1785569698.3879192,688,520,p1-block-1-trial-8-target-5,579.0,591.0,30.0,False,Pointer Move (Standard mouse)
1785569698.395231,675,530,p1-block-1-trial-8-target-5,579.0,591.0,30.0,False,Pointer Move (Standard mouse)
1785569698.403241,666,535,p1-block-1-trial-8-target-5,579.0,591.0,30.0,False,Pointer Move (Standard mouse)
1785569698.410599,661,537,p1-block-1-trial-8-target-5,579.0,591.0,30.0,False,Pointer Move (Standard mouse)
1785569698.4182599,656,540,p1-block-1-trial-8-target-5,579.0,591.0,30.0,False,Pointer Move (Standard mouse)
1785569698.425847,655,540,p1-block-1-trial-8-target-5,579.0,591.0,30.0,False,Pointer Move (Standard mouse)
1785569698.4331782,650,543,p1-block-1-trial-8-target-5,579.0,591.0,30.0,False,Pointer Move (Standard mouse)
1785569698.440528,643,545,p1-block-1-trial-8-target-5,579.0,591.0,30.0,False,Pointer Move (Standard mouse)
1785569698.448046,640,546,p1-block-1-trial-8-target-5,579.0,591.0,30.0,False,Pointer Move (Standard mouse)
1785569698.455632,636,548,p1-block-1-trial-8-target-5,579.0,591.0,30.0,False,Pointer Move (Standard mouse)
1785569698.463047,635,548,p1-block-1-trial-8-target-5,579.0,591.0,30.0,False,Pointer Move (Standard mouse)
1785569698.47022,630,550,p1-block-1-trial-8-target-5,579.0,591.0,30.0,False,Pointer Move (Standard mouse)
1785569698.4777842,627,550,p1-block-1-trial-8-target-5,579.0,591.0,30.0,False,Pointer Move (Standard mouse)
1785569698.485228,621,552,p1-block-1-trial-8-target-5,579.0,591.0,30.0,False,Pointer Move (Standard mouse)
1785569698.493027,618,552,p1-block-1-trial-8-target-5,579.0,591.0,30.0,False,Pointer Move (Standard mouse)
1785569698.500462,615,553,p1-block-1-trial-8-target-5,579.0,591.0,30.0,False,Pointer Move (Standard mouse)
1785569698.508189,614,553,p1-block-1-trial-8-target-5,579.0,591.0,30.0,False,Pointer Move (Standard mouse)
1785569698.516116,613,553,p1-block-1-trial-8-target-5,579.0,591.0,30.0,False,Pointer Move (Standard mouse)
1785569698.523477,611,553,p1-block-1-trial-8-target-5,579.0,591.0,30.0,False,Pointer Move (Standard mouse)
1785569698.531137,610,553,p1-block-1-trial-8-target-5,579.0,591.0,30.0,False,Pointer Move (Standard mouse)
1785569698.538473,610,553,p1-block-1-trial-8-target-5,579.0,591.0,30.0,False,Pointer Move (Standard mouse)
1785569698.546031,610,554,p1-block-1-trial-8-target-5,579.0,591.0,30.0,False,Pointer Move (Standard mouse)
1785569698.553486,609,554,p1-block-1-trial-8-target-5,579.0,591.0,30.0,False,Pointer Move (Standard mouse)
1785569698.5610812,609,554,p1-block-1-trial-8-target-5,579.0,591.0,30.0,False,Pointer Move (Standard mouse)
1785569698.5684931,608,554,p1-block-1-trial-8-target-5,579.0,591.0,30.0,False,Pointer Move (Standard mouse)
1785569698.5760279,608,555,p1-block-1-trial-8-target-5,579.0,591.0,30.0,False,Pointer Move (Standard mouse)
1785569698.5859132,607,555,p1-block-1-trial-8-target-5,579.0,591.0,30.0,False,Pointer Move (Standard mouse)
1785569698.592492,607,556,p1-block-1-trial-8-target-5,579.0,591.0,30.0,False,Pointer Move (Standard mouse)
1785569698.600188,605,557,p1-block-1-trial-8-target-5,579.0,591.0,30.0,False,Pointer Move (Standard mouse)
1785569698.60603,604,558,p1-block-1-trial-8-target-5,579.0,591.0,30.0,False,Pointer Move (Standard mouse)
1785569698.614626,602,560,p1-block-1-trial-8-target-5,579.0,591.0,30.0,False,Pointer Move (Standard mouse)
1785569698.621279,601,562,p1-block-1-trial-8-target-5,579.0,591.0,30.0,False,Pointer Move (Standard mouse)
1785569698.629657,600,563,p1-block-1-trial-8-target-5,579.0,591.0,30.0,False,Pointer Move (Standard mouse)
1785569698.6381361,599,564,p1-block-1-trial-8-target-5,579.0,591.0,30.0,False,Pointer Move (Standard mouse)
1785569698.6445508,596,568,p1-block-1-trial-8-target-5,579.0,591.0,30.0,False,Pointer Move (Standard mouse)
1785569698.652556,593,572,p1-block-1-trial-8-target-5,579.0,591.0,30.0,False,Pointer Move (Standard mouse)
1785569698.660671,592,573,p1-block-1-trial-8-target-5,579.0,591.0,30.0,False,Pointer Move (Standard mouse)
1785569698.6668632,591,575,p1-block-1-trial-8-target-5,579.0,591.0,30.0,False,Pointer Move (Standard mouse)
1785569698.673703,590,578,p1-block-1-trial-8-target-5,579.0,591.0,30.0,False,Pointer Move (Standard mouse)
1785569698.68047,590,579,p1-block-1-trial-8-target-5,579.0,591.0,30.0,False,Pointer Move (Standard mouse)
1785569698.6879969,590,580,p1-block-1-trial-8-target-5,579.0,591.0,30.0,False,Pointer Move (Standard mouse)
1785569698.695636,589,580,p1-block-1-trial-8-target-5,579.0,591.0,30.0,False,Pointer Move (Standard mouse)
1785569698.7030542,589,582,p1-block-1-trial-8-target-5,579.0,591.0,30.0,False,Pointer Move (Standard mouse)
1785569698.7129312,589,583,p1-block-1-trial-8-target-5,579.0,591.0,30.0,False,Pointer Move (Standard mouse)
1785569698.7205691,589,583,p1-block-1-trial-8-target-5,579.0,591.0,30.0,False,Pointer Move (Standard mouse)
1785569698.727106,588,584,p1-block-1-trial-8-target-5,579.0,591.0,30.0,False,Pointer Move (Standard mouse)
1785569698.73617,588,585,p1-block-1-trial-8-target-5,579.0,591.0,30.0,False,Pointer Move (Standard mouse)
1785569698.742319,588,585,p1-block-1-trial-8-target-5,579.0,591.0,30.0,False,Pointer Move (Standard mouse)
1785569698.750756,588,586,p1-block-1-trial-8-target-5,579.0,591.0,30.0,False,Pointer Move (Standard mouse)
1785569698.7572968,588,586,p1-block-1-trial-8-target-5,579.0,591.0,30.0,False,Pointer Move (Standard mouse)
1785569698.785982,588,586,p1-block-1-trial-8-target-5,579.0,591.0,30.0,False,Pointer Move (Standard mouse)
1785569698.854362,588,586,p1-block-1-trial-8-target-5,579.0,591.0,30.0,False,Pointer Move (Standard mouse)
1785569698.870493,588,586,p1-block-1-trial-8-target-5,579.0,591.0,30.0,target_selected,target_selected
1785569698.899966,588,586,p1-block-1-trial-9-target-1,861.0,309.0,30.0,False,Pointer Move (Standard mouse)
1785569698.951234,588,586,p1-block-1-trial-9-target-1,861.0,309.0,30.0,False,Pointer Move (Standard mouse)
1785569698.959212,588,585,p1-block-1-trial-9-target-1,861.0,309.0,30.0,False,Pointer Move (Standard mouse)
1785569698.9818208,588,585,p1-block-1-trial-9-target-1,861.0,309.0,30.0,False,Pointer Move (Standard mouse)
1785569698.9883342,588,585,p1-block-1-trial-9-target-1,861.0,309.0,30.0,False,Pointer Move (Standard mouse)
1785569698.995497,591,579,p1-block-1-trial-9-target-1,861.0,309.0,30.0,False,Pointer Move (Standard mouse)
1785569699.003509,594,575,p1-block-1-trial-9-target-1,861.0,309.0,30.0,False,Pointer Move (Standard mouse)
1785569699.011602,600,569,p1-block-1-trial-9-target-1,861.0,309.0,30.0,False,Pointer Move (Standard mouse)
1785569699.01895,604,565,p1-block-1-trial-9-target-1,861.0,309.0,30.0,False,Pointer Move (Standard mouse)
1785569699.026562,611,559,p1-block-1-trial-9-target-1,861.0,309.0,30.0,False,Pointer Move (Standard mouse)
1785569699.03415,612,558,p1-block-1-trial-9-target-1,861.0,309.0,30.0,False,Pointer Move (Standard mouse)
1785569699.041471,623,549,p1-block-1-trial-9-target-1,861.0,309.0,30.0,False,Pointer Move (Standard mouse)
1785569699.051372,627,546,p1-block-1-trial-9-target-1,861.0,309.0,30.0,False,Pointer Move (Standard mouse)
1785569699.058176,637,538,p1-block-1-trial-9-target-1,861.0,309.0,30.0,False,Pointer Move (Standard mouse)
1785569699.065206,646,531,p1-block-1-trial-9-target-1,861.0,309.0,30.0,False,Pointer Move (Standard mouse)
1785569699.0722392,657,521,p1-block-1-trial-9-target-1,861.0,309.0,30.0,False,Pointer Move (Standard mouse)
1785569699.081217,666,512,p1-block-1-trial-9-target-1,861.0,309.0,30.0,False,Pointer Move (Standard mouse)
1785569699.0860958,672,507,p1-block-1-trial-9-target-1,861.0,309.0,30.0,False,Pointer Move (Standard mouse)
1785569699.0957272,680,500,p1-block-1-trial-9-target-1,861.0,309.0,30.0,False,Pointer Move (Standard mouse)
1785569699.102109,689,492,p1-block-1-trial-9-target-1,861.0,309.0,30.0,False,Pointer Move (Standard mouse)
1785569699.111027,697,482,p1-block-1-trial-9-target-1,861.0,309.0,30.0,False,Pointer Move (Standard mouse)
1785569699.1173499,707,471,p1-block-1-trial-9-target-1,861.0,309.0,30.0,False,Pointer Move (Standard mouse)
1785569699.125338,716,460,p1-block-1-trial-9-target-1,861.0,309.0,30.0,False,Pointer Move (Standard mouse)
1785569699.131868,726,452,p1-block-1-trial-9-target-1,861.0,309.0,30.0,False,Pointer Move (Standard mouse)
1785569699.138848,737,441,p1-block-1-trial-9-target-1,861.0,309.0,30.0,False,Pointer Move (Standard mouse)
1785569699.1468532,746,434,p1-block-1-trial-9-target-1,861.0,309.0,30.0,False,Pointer Move (Standard mouse)
1785569699.153471,754,428,p1-block-1-trial-9-target-1,861.0,309.0,30.0,False,Pointer Move (Standard mouse)
1785569699.161839,754,427,p1-block-1-trial-9-target-1,861.0,309.0,30.0,False,Pointer Move (Standard mouse)
1785569699.1697862,762,421,p1-block-1-trial-9-target-1,861.0,309.0,30.0,False,Pointer Move (Standard mouse)
1785569699.177155,769,415,p1-block-1-trial-9-target-1,861.0,309.0,30.0,False,Pointer Move (Standard mouse)
1785569699.1865,775,409,p1-block-1-trial-9-target-1,861.0,309.0,30.0,False,Pointer Move (Standard mouse)
1785569699.1928399,778,407,p1-block-1-trial-9-target-1,861.0,309.0,30.0,False,Pointer Move (Standard mouse)
1785569699.200542,784,399,p1-block-1-trial-9-target-1,861.0,309.0,30.0,False,Pointer Move (Standard mouse)
1785569699.206155,789,395,p1-block-1-trial-9-target-1,861.0,309.0,30.0,False,Pointer Move (Standard mouse)
1785569699.214634,794,389,p1-block-1-trial-9-target-1,861.0,309.0,30.0,False,Pointer Move (Standard mouse)
1785569699.222395,796,386,p1-block-1-trial-9-target-1,861.0,309.0,30.0,False,Pointer Move (Standard mouse)
1785569699.2301812,801,382,p1-block-1-trial-9-target-1,861.0,309.0,30.0,False,Pointer Move (Standard mouse)
1785569699.2377758,806,378,p1-block-1-trial-9-target-1,861.0,309.0,30.0,False,Pointer Move (Standard mouse)
1785569699.2460248,807,377,p1-block-1-trial-9-target-1,861.0,309.0,30.0,False,Pointer Move (Standard mouse)
1785569699.2534761,809,375,p1-block-1-trial-9-target-1,861.0,309.0,30.0,False,Pointer Move (Standard mouse)
1785569699.2596679,812,372,p1-block-1-trial-9-target-1,861.0,309.0,30.0,False,Pointer Move (Standard mouse)
1785569699.266866,812,372,p1-block-1-trial-9-target-1,861.0,309.0,30.0,False,Pointer Move (Standard mouse)
1785569699.27358,815,369,p1-block-1-trial-9-target-1,861.0,309.0,30.0,False,Pointer Move (Standard mouse)
1785569699.2822971,815,369,p1-block-1-trial-9-target-1,861.0,309.0,30.0,False,Pointer Move (Standard mouse)
1785569699.288975,816,368,p1-block-1-trial-9-target-1,861.0,309.0,30.0,False,Pointer Move (Standard mouse)
1785569699.296024,817,367,p1-block-1-trial-9-target-1,861.0,309.0,30.0,False,Pointer Move (Standard mouse)
1785569699.3037271,817,367,p1-block-1-trial-9-target-1,861.0,309.0,30.0,False,Pointer Move (Standard mouse)
1785569699.311114,818,367,p1-block-1-trial-9-target-1,861.0,309.0,30.0,False,Pointer Move (Standard mouse)
1785569699.3184278,818,366,p1-block-1-trial-9-target-1,861.0,309.0,30.0,False,Pointer Move (Standard mouse)
1785569699.3260229,818,366,p1-block-1-trial-9-target-1,861.0,309.0,30.0,False,Pointer Move (Standard mouse)
1785569699.3337228,819,366,p1-block-1-trial-9-target-1,861.0,309.0,30.0,False,Pointer Move (Standard mouse)
1785569699.34064,819,365,p1-block-1-trial-9-target-1,861.0,309.0,30.0,False,Pointer Move (Standard mouse)
1785569699.348115,821,364,p1-block-1-trial-9-target-1,861.0,309.0,30.0,False,Pointer Move (Standard mouse)
1785569699.3562949,821,364,p1-block-1-trial-9-target-1,861.0,309.0,30.0,False,Pointer Move (Standard mouse)
1785569699.36318,823,363,p1-block-1-trial-9-target-1,861.0,309.0,30.0,False,Pointer Move (Standard mouse)
1785569699.370641,827,359,p1-block-1-trial-9-target-1,861.0,309.0,30.0,False,Pointer Move (Standard mouse)
1785569699.37761,828,358,p1-block-1-trial-9-target-1,861.0,309.0,30.0,False,Pointer Move (Standard mouse)
1785569699.3856158,831,356,p1-block-1-trial-9-target-1,861.0,309.0,30.0,False,Pointer Move (Standard mouse)
1785569699.3923242,833,355,p1-block-1-trial-9-target-1,861.0,309.0,30.0,False,Pointer Move (Standard mouse)
1785569699.400519,833,355,p1-block-1-trial-9-target-1,861.0,309.0,30.0,False,Pointer Move (Standard mouse)
1785569699.4082282,834,354,p1-block-1-trial-9-target-1,861.0,309.0,30.0,False,Pointer Move (Standard mouse)
1785569699.416703,835,353,p1-block-1-trial-9-target-1,861.0,309.0,30.0,False,Pointer Move (Standard mouse)
1785569699.4230452,835,353,p1-block-1-trial-9-target-1,861.0,309.0,30.0,False,Pointer Move (Standard mouse)
1785569699.4309492,835,352,p1-block-1-trial-9-target-1,861.0,309.0,30.0,False,Pointer Move (Standard mouse)
1785569699.438231,836,351,p1-block-1-trial-9-target-1,861.0,309.0,30.0,False,Pointer Move (Standard mouse)
1785569699.446008,837,350,p1-block-1-trial-9-target-1,861.0,309.0,30.0,False,Pointer Move (Standard mouse)
1785569699.4535758,838,349,p1-block-1-trial-9-target-1,861.0,309.0,30.0,False,Pointer Move (Standard mouse)
1785569699.459917,838,349,p1-block-1-trial-9-target-1,861.0,309.0,30.0,False,Pointer Move (Standard mouse)
1785569699.467631,838,348,p1-block-1-trial-9-target-1,861.0,309.0,30.0,False,Pointer Move (Standard mouse)
1785569699.475248,839,348,p1-block-1-trial-9-target-1,861.0,309.0,30.0,False,Pointer Move (Standard mouse)
1785569699.482805,839,347,p1-block-1-trial-9-target-1,861.0,309.0,30.0,False,Pointer Move (Standard mouse)
1785569699.490879,839,347,p1-block-1-trial-9-target-1,861.0,309.0,30.0,False,Pointer Move (Standard mouse)
1785569699.4989078,839,347,p1-block-1-trial-9-target-1,861.0,309.0,30.0,False,Pointer Move (Standard mouse)
1785569699.506508,839,346,p1-block-1-trial-9-target-1,861.0,309.0,30.0,False,Pointer Move (Standard mouse)
1785569699.5136352,840,346,p1-block-1-trial-9-target-1,861.0,309.0,30.0,False,Pointer Move (Standard mouse)
1785569699.520545,840,345,p1-block-1-trial-9-target-1,861.0,309.0,30.0,False,Pointer Move (Standard mouse)
1785569699.5283,840,345,p1-block-1-trial-9-target-1,861.0,309.0,30.0,False,Pointer Move (Standard mouse)
1785569699.536153,841,344,p1-block-1-trial-9-target-1,861.0,309.0,30.0,False,Pointer Move (Standard mouse)
1785569699.542618,841,344,p1-block-1-trial-9-target-1,861.0,309.0,30.0,False,Pointer Move (Standard mouse)
1785569699.5508711,842,343,p1-block-1-trial-9-target-1,861.0,309.0,30.0,False,Pointer Move (Standard mouse)
1785569699.557729,842,343,p1-block-1-trial-9-target-1,861.0,309.0,30.0,False,Pointer Move (Standard mouse)
1785569699.565399,842,342,p1-block-1-trial-9-target-1,861.0,309.0,30.0,False,Pointer Move (Standard mouse)
1785569699.573259,842,342,p1-block-1-trial-9-target-1,861.0,309.0,30.0,False,Pointer Move (Standard mouse)
1785569699.5806458,842,342,p1-block-1-trial-9-target-1,861.0,309.0,30.0,False,Pointer Move (Standard mouse)
1785569699.595995,842,341,p1-block-1-trial-9-target-1,861.0,309.0,30.0,False,Pointer Move (Standard mouse)
1785569699.610583,843,341,p1-block-1-trial-9-target-1,861.0,309.0,30.0,False,Pointer Move (Standard mouse)
1785569699.6260722,843,340,p1-block-1-trial-9-target-1,861.0,309.0,30.0,False,Pointer Move (Standard mouse)
1785569699.641372,843,340,p1-block-1-trial-9-target-1,861.0,309.0,30.0,False,Pointer Move (Standard mouse)
1785569699.647692,843,339,p1-block-1-trial-9-target-1,861.0,309.0,30.0,False,Pointer Move (Standard mouse)
1785569699.6552162,844,339,p1-block-1-trial-9-target-1,861.0,309.0,30.0,False,Pointer Move (Standard mouse)
1785569699.663122,844,338,p1-block-1-trial-9-target-1,861.0,309.0,30.0,False,Pointer Move (Standard mouse)
1785569699.6703072,844,338,p1-block-1-trial-9-target-1,861.0,309.0,30.0,False,Pointer Move (Standard mouse)
1785569699.677832,844,338,p1-block-1-trial-9-target-1,861.0,309.0,30.0,False,Pointer Move (Standard mouse)
1785569699.6878028,844,337,p1-block-1-trial-9-target-1,861.0,309.0,30.0,False,Pointer Move (Standard mouse)
1785569699.6936371,844,337,p1-block-1-trial-9-target-1,861.0,309.0,30.0,False,Pointer Move (Standard mouse)
1785569699.70083,844,336,p1-block-1-trial-9-target-1,861.0,309.0,30.0,False,Pointer Move (Standard mouse)
1785569699.716893,844,336,p1-block-1-trial-9-target-1,861.0,309.0,30.0,False,Pointer Move (Standard mouse)
1785569699.7236009,845,336,p1-block-1-trial-9-target-1,861.0,309.0,30.0,False,Pointer Move (Standard mouse)
1785569699.731114,845,335,p1-block-1-trial-9-target-1,861.0,309.0,30.0,False,Pointer Move (Standard mouse)
1785569699.738742,845,335,p1-block-1-trial-9-target-1,861.0,309.0,30.0,False,Pointer Move (Standard mouse)
1785569699.746439,846,334,p1-block-1-trial-9-target-1,861.0,309.0,30.0,False,Pointer Move (Standard mouse)
1785569699.755203,846,333,p1-block-1-trial-9-target-1,861.0,309.0,30.0,False,Pointer Move (Standard mouse)
1785569699.760881,847,333,p1-block-1-trial-9-target-1,861.0,309.0,30.0,False,Pointer Move (Standard mouse)
1785569699.7715929,847,332,p1-block-1-trial-9-target-1,861.0,309.0,30.0,False,Pointer Move (Standard mouse)
1785569699.7757509,847,331,p1-block-1-trial-9-target-1,861.0,309.0,30.0,False,Pointer Move (Standard mouse)
1785569699.7827892,848,331,p1-block-1-trial-9-target-1,861.0,309.0,30.0,False,Pointer Move (Standard mouse)
1785569699.79195,848,330,p1-block-1-trial-9-target-1,861.0,309.0,30.0,False,Pointer Move (Standard mouse)
1785569699.7978182,849,329,p1-block-1-trial-9-target-1,861.0,309.0,30.0,False,Pointer Move (Standard mouse)
1785569699.806004,849,329,p1-block-1-trial-9-target-1,861.0,309.0,30.0,False,Pointer Move (Standard mouse)
1785569699.8135848,849,329,p1-block-1-trial-9-target-1,861.0,309.0,30.0,False,Pointer Move (Standard mouse)
1785569699.821239,849,328,p1-block-1-trial-9-target-1,861.0,309.0,30.0,False,Pointer Move (Standard mouse)
1785569699.828589,849,328,p1-block-1-trial-9-target-1,861.0,309.0,30.0,False,Pointer Move (Standard mouse)
1785569699.835113,849,328,p1-block-1-trial-9-target-1,861.0,309.0,30.0,False,Pointer Move (Standard mouse)
1785569699.888383,849,328,p1-block-1-trial-9-target-1,861.0,309.0,30.0,False,Pointer Move (Standard mouse)
1785569699.904935,849,328,p1-block-1-trial-9-target-1,861.0,309.0,30.0,target_selected,target_selected
1785569700.060627,849,328,p1-block-1-trial-10-target-5,579.0,591.0,30.0,False,Pointer Move (Standard mouse)
1785569700.0691981,849,329,p1-block-1-trial-10-target-5,579.0,591.0,30.0,False,Pointer Move (Standard mouse)
1785569700.076433,845,333,p1-block-1-trial-10-target-5,579.0,591.0,30.0,False,Pointer Move (Standard mouse)
1785569700.086168,839,339,p1-block-1-trial-10-target-5,579.0,591.0,30.0,False,Pointer Move (Standard mouse)
1785569700.091079,833,346,p1-block-1-trial-10-target-5,579.0,591.0,30.0,False,Pointer Move (Standard mouse)
1785569700.098763,828,350,p1-block-1-trial-10-target-5,579.0,591.0,30.0,False,Pointer Move (Standard mouse)
1785569700.1085,821,356,p1-block-1-trial-10-target-5,579.0,591.0,30.0,False,Pointer Move (Standard mouse)
1785569700.1137228,812,366,p1-block-1-trial-10-target-5,579.0,591.0,30.0,False,Pointer Move (Standard mouse)
1785569700.120329,810,367,p1-block-1-trial-10-target-5,579.0,591.0,30.0,False,Pointer Move (Standard mouse)
1785569700.127989,803,373,p1-block-1-trial-10-target-5,579.0,591.0,30.0,False,Pointer Move (Standard mouse)
1785569700.135715,795,381,p1-block-1-trial-10-target-5,579.0,591.0,30.0,False,Pointer Move (Standard mouse)
1785569700.142709,789,387,p1-block-1-trial-10-target-5,579.0,591.0,30.0,False,Pointer Move (Standard mouse)
1785569700.150872,781,396,p1-block-1-trial-10-target-5,579.0,591.0,30.0,False,Pointer Move (Standard mouse)
1785569700.1590972,775,403,p1-block-1-trial-10-target-5,579.0,591.0,30.0,False,Pointer Move (Standard mouse)
1785569700.166367,768,413,p1-block-1-trial-10-target-5,579.0,591.0,30.0,False,Pointer Move (Standard mouse)
1785569700.173812,762,422,p1-block-1-trial-10-target-5,579.0,591.0,30.0,False,Pointer Move (Standard mouse)
1785569700.181195,754,429,p1-block-1-trial-10-target-5,579.0,591.0,30.0,False,Pointer Move (Standard mouse)
1785569700.188767,748,437,p1-block-1-trial-10-target-5,579.0,591.0,30.0,False,Pointer Move (Standard mouse)
1785569700.196396,742,444,p1-block-1-trial-10-target-5,579.0,591.0,30.0,False,Pointer Move (Standard mouse)
1785569700.204046,736,451,p1-block-1-trial-10-target-5,579.0,591.0,30.0,False,Pointer Move (Standard mouse)
1785569700.2125828,733,454,p1-block-1-trial-10-target-5,579.0,591.0,30.0,False,Pointer Move (Standard mouse)
1785569700.219709,725,462,p1-block-1-trial-10-target-5,579.0,591.0,30.0,False,Pointer Move (Standard mouse)
1785569700.226305,719,469,p1-block-1-trial-10-target-5,579.0,591.0,30.0,False,Pointer Move (Standard mouse)
1785569700.233406,713,475,p1-block-1-trial-10-target-5,579.0,591.0,30.0,False,Pointer Move (Standard mouse)
1785569700.241167,703,486,p1-block-1-trial-10-target-5,579.0,591.0,30.0,False,Pointer Move (Standard mouse)
1785569700.248495,697,493,p1-block-1-trial-10-target-5,579.0,591.0,30.0,False,Pointer Move (Standard mouse)
1785569700.255192,695,496,p1-block-1-trial-10-target-5,579.0,591.0,30.0,False,Pointer Move (Standard mouse)
1785569700.262857,682,508,p1-block-1-trial-10-target-5,579.0,591.0,30.0,False,Pointer Move (Standard mouse)
1785569700.270635,672,516,p1-block-1-trial-10-target-5,579.0,591.0,30.0,False,Pointer Move (Standard mouse)
1785569700.277728,666,522,p1-block-1-trial-10-target-5,579.0,591.0,30.0,False,Pointer Move (Standard mouse)
1785569700.2856388,657,531,p1-block-1-trial-10-target-5,579.0,591.0,30.0,False,Pointer Move (Standard mouse)
1785569700.293222,651,536,p1-block-1-trial-10-target-5,579.0,591.0,30.0,False,Pointer Move (Standard mouse)
1785569700.3011808,645,542,p1-block-1-trial-10-target-5,579.0,591.0,30.0,False,Pointer Move (Standard mouse)
1785569700.3093472,636,550,p1-block-1-trial-10-target-5,579.0,591.0,30.0,False,Pointer Move (Standard mouse)
1785569700.316656,630,556,p1-block-1-trial-10-target-5,579.0,591.0,30.0,False,Pointer Move (Standard mouse)
1785569700.323828,623,562,p1-block-1-trial-10-target-5,579.0,591.0,30.0,False,Pointer Move (Standard mouse)
1785569700.3314922,618,567,p1-block-1-trial-10-target-5,579.0,591.0,30.0,False,Pointer Move (Standard mouse)
1785569700.33866,612,571,p1-block-1-trial-10-target-5,579.0,591.0,30.0,False,Pointer Move (Standard mouse)
1785569700.3463528,611,572,p1-block-1-trial-10-target-5,579.0,591.0,30.0,False,Pointer Move (Standard mouse)
1785569700.3541481,605,577,p1-block-1-trial-10-target-5,579.0,591.0,30.0,False,Pointer Move (Standard mouse)
1785569700.36196,599,583,p1-block-1-trial-10-target-5,579.0,591.0,30.0,False,Pointer Move (Standard mouse)
1785569700.370253,598,583,p1-block-1-trial-10-target-5,579.0,591.0,30.0,False,Pointer Move (Standard mouse)
1785569700.376529,594,587,p1-block-1-trial-10-target-5,579.0,591.0,30.0,False,Pointer Move (Standard mouse)
1785569700.3839371,588,593,p1-block-1-trial-10-target-5,579.0,591.0,30.0,False,Pointer Move (Standard mouse)
1785569700.391747,587,594,p1-block-1-trial-10-target-5,579.0,591.0,30.0,False,Pointer Move (Standard mouse)
1785569700.3989031,581,600,p1-block-1-trial-10-target-5,579.0,591.0,30.0,False,Pointer Move (Standard mouse)
1785569700.406422,577,604,p1-block-1-trial-10-target-5,579.0,591.0,30.0,False,Pointer Move (Standard mouse)
1785569700.41376,571,609,p1-block-1-trial-10-target-5,579.0,591.0,30.0,False,Pointer Move (Standard mouse)
1785569700.4205801,567,615,p1-block-1-trial-10-target-5,579.0,591.0,30.0,False,Pointer Move (Standard mouse)
1785569700.4290612,563,618,p1-block-1-trial-10-target-5,579.0,591.0,30.0,False,Pointer Move (Standard mouse)
1785569700.4352992,558,622,p1-block-1-trial-10-target-5,579.0,591.0,30.0,False,Pointer Move (Standard mouse)
1785569700.4432168,556,624,p1-block-1-trial-10-target-5,579.0,591.0,30.0,False,Pointer Move (Standard mouse)
1785569700.4510121,554,627,p1-block-1-trial-10-target-5,579.0,591.0,30.0,False,Pointer Move (Standard mouse)
1785569700.458827,553,627,p1-block-1-trial-10-target-5,579.0,591.0,30.0,False,Pointer Move (Standard mouse)
1785569700.46618,553,627,p1-block-1-trial-10-target-5,579.0,591.0,30.0,False,Pointer Move (Standard mouse)
1785569700.474009,553,627,p1-block-1-trial-10-target-5,579.0,591.0,30.0,False,Pointer Move (Standard mouse)
1785569700.6243489,552,627,p1-block-1-trial-10-target-5,579.0,591.0,30.0,False,Pointer Move (Standard mouse)
1785569700.6467059,552,627,p1-block-1-trial-10-target-5,579.0,591.0,30.0,False,Pointer Move (Standard mouse)
1785569700.653111,552,627,p1-block-1-trial-10-target-5,579.0,591.0,30.0,False,Pointer Move (Standard mouse)
1785569700.66925,552,627,p1-block-1-trial-10-target-5,579.0,591.0,30.0,False,Pointer Move (Standard mouse)
1785569700.6771321,552,627,p1-block-1-trial-10-target-5,579.0,591.0,30.0,False,Pointer Move (Standard mouse)
1785569700.683713,552,625,p1-block-1-trial-10-target-5,579.0,591.0,30.0,False,Pointer Move (Standard mouse)
1785569700.691096,553,624,p1-block-1-trial-10-target-5,579.0,591.0,30.0,False,Pointer Move (Standard mouse)
1785569700.6987588,556,619,p1-block-1-trial-10-target-5,579.0,591.0,30.0,False,Pointer Move (Standard mouse)
1785569700.706298,560,615,p1-block-1-trial-10-target-5,579.0,591.0,30.0,False,Pointer Move (Standard mouse)
1785569700.71356,562,613,p1-block-1-trial-10-target-5,579.0,591.0,30.0,False,Pointer Move (Standard mouse)
1785569700.720442,563,613,p1-block-1-trial-10-target-5,579.0,591.0,30.0,False,Pointer Move (Standard mouse)
1785569700.7285068,567,608,p1-block-1-trial-10-target-5,579.0,591.0,30.0,False,Pointer Move (Standard mouse)
1785569700.736354,572,604,p1-block-1-trial-10-target-5,579.0,591.0,30.0,False,Pointer Move (Standard mouse)
1785569700.744173,573,603,p1-block-1-trial-10-target-5,579.0,591.0,30.0,False,Pointer Move (Standard mouse)
1785569700.750591,576,601,p1-block-1-trial-10-target-5,579.0,591.0,30.0,False,Pointer Move (Standard mouse)
1785569700.758424,577,600,p1-block-1-trial-10-target-5,579.0,591.0,30.0,False,Pointer Move (Standard mouse)
1785569700.7653399,578,599,p1-block-1-trial-10-target-5,579.0,591.0,30.0,False,Pointer Move (Standard mouse)
1785569700.849365,578,599,p1-block-1-trial-10-target-5,579.0,591.0,30.0,False,Pointer Move (Standard mouse)
1785569700.92628,578,599,p1-block-1-trial-10-target-5,579.0,591.0,30.0,target_selected,target_selected
1785569700.934859,578,599,p1-block-1-trial-11-target-1,861.0,309.0,30.0,False,Pointer Move (Standard mouse)
1785569701.037031,578,599,p1-block-1-trial-11-target-1,861.0,309.0,30.0,False,Pointer Move (Standard mouse)
1785569701.044118,579,597,p1-block-1-trial-11-target-1,861.0,309.0,30.0,False,Pointer Move (Standard mouse)
1785569701.051591,582,592,p1-block-1-trial-11-target-1,861.0,309.0,30.0,False,Pointer Move (Standard mouse)
1785569701.059059,587,586,p1-block-1-trial-11-target-1,861.0,309.0,30.0,False,Pointer Move (Standard mouse)
1785569701.0667992,593,580,p1-block-1-trial-11-target-1,861.0,309.0,30.0,False,Pointer Move (Standard mouse)
1785569701.075228,601,569,p1-block-1-trial-11-target-1,861.0,309.0,30.0,False,Pointer Move (Standard mouse)
1785569701.081567,612,559,p1-block-1-trial-11-target-1,861.0,309.0,30.0,False,Pointer Move (Standard mouse)
1785569701.089632,627,543,p1-block-1-trial-11-target-1,861.0,309.0,30.0,False,Pointer Move (Standard mouse)
1785569701.0973508,643,528,p1-block-1-trial-11-target-1,861.0,309.0,30.0,False,Pointer Move (Standard mouse)
1785569701.104533,654,518,p1-block-1-trial-11-target-1,861.0,309.0,30.0,False,Pointer Move (Standard mouse)
1785569701.1117198,674,500,p1-block-1-trial-11-target-1,861.0,309.0,30.0,False,Pointer Move (Standard mouse)
1785569701.1195781,687,488,p1-block-1-trial-11-target-1,861.0,309.0,30.0,False,Pointer Move (Standard mouse)
1785569701.126764,705,473,p1-block-1-trial-11-target-1,861.0,309.0,30.0,False,Pointer Move (Standard mouse)
1785569701.1351209,711,469,p1-block-1-trial-11-target-1,861.0,309.0,30.0,False,Pointer Move (Standard mouse)
1785569701.1422431,724,457,p1-block-1-trial-11-target-1,861.0,309.0,30.0,False,Pointer Move (Standard mouse)
1785569701.1492522,740,444,p1-block-1-trial-11-target-1,861.0,309.0,30.0,False,Pointer Move (Standard mouse)
1785569701.157482,753,434,p1-block-1-trial-11-target-1,861.0,309.0,30.0,False,Pointer Move (Standard mouse)
1785569701.165929,763,426,p1-block-1-trial-11-target-1,861.0,309.0,30.0,False,Pointer Move (Standard mouse)
1785569701.1743932,772,418,p1-block-1-trial-11-target-1,861.0,309.0,30.0,False,Pointer Move (Standard mouse)
1785569701.180835,779,412,p1-block-1-trial-11-target-1,861.0,309.0,30.0,False,Pointer Move (Standard mouse)
1785569701.1870232,787,402,p1-block-1-trial-11-target-1,861.0,309.0,30.0,False,Pointer Move (Standard mouse)
1785569701.19558,795,395,p1-block-1-trial-11-target-1,861.0,309.0,30.0,False,Pointer Move (Standard mouse)
1785569701.201925,805,385,p1-block-1-trial-11-target-1,861.0,309.0,30.0,False,Pointer Move (Standard mouse)
1785569701.211303,811,378,p1-block-1-trial-11-target-1,861.0,309.0,30.0,False,Pointer Move (Standard mouse)
1785569701.2172,820,368,p1-block-1-trial-11-target-1,861.0,309.0,30.0,False,Pointer Move (Standard mouse)
1785569701.226333,825,363,p1-block-1-trial-11-target-1,861.0,309.0,30.0,False,Pointer Move (Standard mouse)
1785569701.2323132,831,355,p1-block-1-trial-11-target-1,861.0,309.0,30.0,False,Pointer Move (Standard mouse)
1785569701.238879,834,351,p1-block-1-trial-11-target-1,861.0,309.0,30.0,False,Pointer Move (Standard mouse)
1785569701.248267,837,347,p1-block-1-trial-11-target-1,861.0,309.0,30.0,False,Pointer Move (Standard mouse)
1785569701.252705,838,346,p1-block-1-trial-11-target-1,861.0,309.0,30.0,False,Pointer Move (Standard mouse)
1785569701.2622368,839,345,p1-block-1-trial-11-target-1,861.0,309.0,30.0,False,Pointer Move (Standard mouse)
1785569701.269403,839,345,p1-block-1-trial-11-target-1,861.0,309.0,30.0,False,Pointer Move (Standard mouse)
1785569701.278485,839,344,p1-block-1-trial-11-target-1,861.0,309.0,30.0,False,Pointer Move (Standard mouse)
1785569701.285213,840,344,p1-block-1-trial-11-target-1,861.0,309.0,30.0,False,Pointer Move (Standard mouse)
1785569701.292707,840,343,p1-block-1-trial-11-target-1,861.0,309.0,30.0,False,Pointer Move (Standard mouse)
1785569701.300843,840,343,p1-block-1-trial-11-target-1,861.0,309.0,30.0,False,Pointer Move (Standard mouse)
1785569701.3059661,841,343,p1-block-1-trial-11-target-1,861.0,309.0,30.0,False,Pointer Move (Standard mouse)
1785569701.314383,841,342,p1-block-1-trial-11-target-1,861.0,309.0,30.0,False,Pointer Move (Standard mouse)
1785569701.3210728,841,342,p1-block-1-trial-11-target-1,861.0,309.0,30.0,False,Pointer Move (Standard mouse)
1785569701.442165,841,342,p1-block-1-trial-11-target-1,861.0,309.0,30.0,False,Pointer Move (Standard mouse)
1785569701.450592,841,342,p1-block-1-trial-11-target-1,861.0,309.0,30.0,False,Pointer Move (Standard mouse)
1785569701.4578292,842,341,p1-block-1-trial-11-target-1,861.0,309.0,30.0,False,Pointer Move (Standard mouse)
1785569701.464509,842,341,p1-block-1-trial-11-target-1,861.0,309.0,30.0,False,Pointer Move (Standard mouse)
1785569701.4736252,843,340,p1-block-1-trial-11-target-1,861.0,309.0,30.0,False,Pointer Move (Standard mouse)
1785569701.478685,843,340,p1-block-1-trial-11-target-1,861.0,309.0,30.0,False,Pointer Move (Standard mouse)
1785569701.487669,843,339,p1-block-1-trial-11-target-1,861.0,309.0,30.0,False,Pointer Move (Standard mouse)
1785569701.494816,844,338,p1-block-1-trial-11-target-1,861.0,309.0,30.0,False,Pointer Move (Standard mouse)
1785569701.5031848,845,337,p1-block-1-trial-11-target-1,861.0,309.0,30.0,False,Pointer Move (Standard mouse)
1785569701.510565,847,334,p1-block-1-trial-11-target-1,861.0,309.0,30.0,False,Pointer Move (Standard mouse)
1785569701.516716,850,332,p1-block-1-trial-11-target-1,861.0,309.0,30.0,False,Pointer Move (Standard mouse)
1785569701.525339,850,331,p1-block-1-trial-11-target-1,861.0,309.0,30.0,False,Pointer Move (Standard mouse)
1785569701.531908,851,330,p1-block-1-trial-11-target-1,861.0,309.0,30.0,False,Pointer Move (Standard mouse)
1785569701.540278,852,329,p1-block-1-trial-11-target-1,861.0,309.0,30.0,False,Pointer Move (Standard mouse)
1785569701.547055,852,329,p1-block-1-trial-11-target-1,861.0,309.0,30.0,False,Pointer Move (Standard mouse)
1785569701.555234,853,328,p1-block-1-trial-11-target-1,861.0,309.0,30.0,False,Pointer Move (Standard mouse)
1785569701.5627441,853,328,p1-block-1-trial-11-target-1,861.0,309.0,30.0,False,Pointer Move (Standard mouse)
1785569701.5701818,853,327,p1-block-1-trial-11-target-1,861.0,309.0,30.0,False,Pointer Move (Standard mouse)
1785569701.59311,853,327,p1-block-1-trial-11-target-1,861.0,309.0,30.0,False,Pointer Move (Standard mouse)
1785569701.614479,853,327,p1-block-1-trial-11-target-1,861.0,309.0,30.0,False,Pointer Move (Standard mouse)
1785569701.622467,853,326,p1-block-1-trial-11-target-1,861.0,309.0,30.0,False,Pointer Move (Standard mouse)
1785569701.629154,854,326,p1-block-1-trial-11-target-1,861.0,309.0,30.0,False,Pointer Move (Standard mouse)
1785569701.638109,854,326,p1-block-1-trial-11-target-1,861.0,309.0,30.0,False,Pointer Move (Standard mouse)
1785569701.6437051,854,326,p1-block-1-trial-11-target-1,861.0,309.0,30.0,False,Pointer Move (Standard mouse)
1785569701.714441,854,326,p1-block-1-trial-11-target-1,861.0,309.0,30.0,target_selected,target_selected
1785569701.8491678,854,326,p1-block-1-trial-12-target-5,579.0,591.0,30.0,False,Pointer Move (Standard mouse)
1785569701.853672,854,327,p1-block-1-trial-12-target-5,579.0,591.0,30.0,False,Pointer Move (Standard mouse)
1785569701.863606,854,334,p1-block-1-trial-12-target-5,579.0,591.0,30.0,False,Pointer Move (Standard mouse)
1785569701.8690612,852,340,p1-block-1-trial-12-target-5,579.0,591.0,30.0,False,Pointer Move (Standard mouse)
1785569701.8766668,846,349,p1-block-1-trial-12-target-5,579.0,591.0,30.0,False,Pointer Move (Standard mouse)
1785569701.885109,838,359,p1-block-1-trial-12-target-5,579.0,591.0,30.0,False,Pointer Move (Standard mouse)
1785569701.891417,832,365,p1-block-1-trial-12-target-5,579.0,591.0,30.0,False,Pointer Move (Standard mouse)
1785569701.8980968,824,373,p1-block-1-trial-12-target-5,579.0,591.0,30.0,False,Pointer Move (Standard mouse)
1785569701.906721,817,379,p1-block-1-trial-12-target-5,579.0,591.0,30.0,False,Pointer Move (Standard mouse)
1785569701.912862,811,383,p1-block-1-trial-12-target-5,579.0,591.0,30.0,False,Pointer Move (Standard mouse)
1785569701.920531,804,391,p1-block-1-trial-12-target-5,579.0,591.0,30.0,False,Pointer Move (Standard mouse)
1785569701.9278588,798,397,p1-block-1-trial-12-target-5,579.0,591.0,30.0,False,Pointer Move (Standard mouse)
1785569701.9355981,790,403,p1-block-1-trial-12-target-5,579.0,591.0,30.0,False,Pointer Move (Standard mouse)
1785569701.9439209,783,409,p1-block-1-trial-12-target-5,579.0,591.0,30.0,False,Pointer Move (Standard mouse)
1785569701.951376,778,415,p1-block-1-trial-12-target-5,579.0,591.0,30.0,False,Pointer Move (Standard mouse)
1785569701.958678,774,419,p1-block-1-trial-12-target-5,579.0,591.0,30.0,False,Pointer Move (Standard mouse)
1785569701.966285,763,431,p1-block-1-trial-12-target-5,579.0,591.0,30.0,False,Pointer Move (Standard mouse)
1785569701.973696,755,440,p1-block-1-trial-12-target-5,579.0,591.0,30.0,False,Pointer Move (Standard mouse)
1785569701.981299,747,449,p1-block-1-trial-12-target-5,579.0,591.0,30.0,False,Pointer Move (Standard mouse)
1785569701.987819,737,459,p1-block-1-trial-12-target-5,579.0,591.0,30.0,False,Pointer Move (Standard mouse)
1785569701.996727,733,462,p1-block-1-trial-12-target-5,579.0,591.0,30.0,False,Pointer Move (Standard mouse)
1785569702.0057878,726,470,p1-block-1-trial-12-target-5,579.0,591.0,30.0,False,Pointer Move (Standard mouse)
1785569702.012564,713,481,p1-block-1-trial-12-target-5,579.0,591.0,30.0,False,Pointer Move (Standard mouse)
1785569702.019217,710,484,p1-block-1-trial-12-target-5,579.0,591.0,30.0,False,Pointer Move (Standard mouse)
1785569702.026519,696,495,p1-block-1-trial-12-target-5,579.0,591.0,30.0,False,Pointer Move (Standard mouse)
1785569702.0332701,693,498,p1-block-1-trial-12-target-5,579.0,591.0,30.0,False,Pointer Move (Standard mouse)
1785569702.0406668,684,504,p1-block-1-trial-12-target-5,579.0,591.0,30.0,False,Pointer Move (Standard mouse)
1785569702.047768,678,510,p1-block-1-trial-12-target-5,579.0,591.0,30.0,False,Pointer Move (Standard mouse)
1785569702.055597,672,516,p1-block-1-trial-12-target-5,579.0,591.0,30.0,False,Pointer Move (Standard mouse)
1785569702.0631611,668,520,p1-block-1-trial-12-target-5,579.0,591.0,30.0,False,Pointer Move (Standard mouse)
1785569702.071048,666,521,p1-block-1-trial-12-target-5,579.0,591.0,30.0,False,Pointer Move (Standard mouse)
1785569702.07835,663,525,p1-block-1-trial-12-target-5,579.0,591.0,30.0,False,Pointer Move (Standard mouse)
1785569702.08547,661,528,p1-block-1-trial-12-target-5,579.0,591.0,30.0,False,Pointer Move (Standard mouse)
1785569702.093143,657,531,p1-block-1-trial-12-target-5,579.0,591.0,30.0,False,Pointer Move (Standard mouse)
1785569702.100323,655,532,p1-block-1-trial-12-target-5,579.0,591.0,30.0,False,Pointer Move (Standard mouse)
1785569702.109499,654,533,p1-block-1-trial-12-target-5,579.0,591.0,30.0,False,Pointer Move (Standard mouse)
1785569702.115596,650,537,p1-block-1-trial-12-target-5,579.0,591.0,30.0,False,Pointer Move (Standard mouse)
1785569702.122962,643,540,p1-block-1-trial-12-target-5,579.0,591.0,30.0,False,Pointer Move (Standard mouse)
1785569702.131514,636,545,p1-block-1-trial-12-target-5,579.0,591.0,30.0,False,Pointer Move (Standard mouse)
1785569702.139431,626,550,p1-block-1-trial-12-target-5,579.0,591.0,30.0,False,Pointer Move (Standard mouse)
1785569702.146533,618,555,p1-block-1-trial-12-target-5,579.0,591.0,30.0,False,Pointer Move (Standard mouse)
1785569702.154037,606,562,p1-block-1-trial-12-target-5,579.0,591.0,30.0,False,Pointer Move (Standard mouse)
1785569702.161119,595,570,p1-block-1-trial-12-target-5,579.0,591.0,30.0,False,Pointer Move (Standard mouse)
1785569702.168514,591,572,p1-block-1-trial-12-target-5,579.0,591.0,30.0,False,Pointer Move (Standard mouse)
1785569702.176061,579,579,p1-block-1-trial-12-target-5,579.0,591.0,30.0,False,Pointer Move (Standard mouse)
1785569702.183807,574,582,p1-block-1-trial-12-target-5,579.0,591.0,30.0,False,Pointer Move (Standard mouse)
1785569702.191123,569,585,p1-block-1-trial-12-target-5,579.0,591.0,30.0,False,Pointer Move (Standard mouse)
1785569702.198577,569,585,p1-block-1-trial-12-target-5,579.0,591.0,30.0,False,Pointer Move (Standard mouse)
1785569702.205893,565,587,p1-block-1-trial-12-target-5,579.0,591.0,30.0,False,Pointer Move (Standard mouse)
1785569702.2131588,565,588,p1-block-1-trial-12-target-5,579.0,591.0,30.0,False,Pointer Move (Standard mouse)
1785569702.2210639,564,588,p1-block-1-trial-12-target-5,579.0,591.0,30.0,False,Pointer Move (Standard mouse)
1785569702.229701,564,589,p1-block-1-trial-12-target-5,579.0,591.0,30.0,False,Pointer Move (Standard mouse)
1785569702.236485,564,589,p1-block-1-trial-12-target-5,579.0,591.0,30.0,False,Pointer Move (Standard mouse)
1785569702.243486,563,590,p1-block-1-trial-12-target-5,579.0,591.0,30.0,False,Pointer Move (Standard mouse)
1785569702.250397,563,590,p1-block-1-trial-12-target-5,579.0,591.0,30.0,False,Pointer Move (Standard mouse)
1785569702.257907,563,590,p1-block-1-trial-12-target-5,579.0,591.0,30.0,False,Pointer Move (Standard mouse)
1785569702.26576,563,591,p1-block-1-trial-12-target-5,579.0,591.0,30.0,False,Pointer Move (Standard mouse)
1785569702.273776,562,591,p1-block-1-trial-12-target-5,579.0,591.0,30.0,False,Pointer Move (Standard mouse)
1785569702.280991,562,591,p1-block-1-trial-12-target-5,579.0,591.0,30.0,False,Pointer Move (Standard mouse)
1785569702.289598,562,591,p1-block-1-trial-12-target-5,579.0,591.0,30.0,False,Pointer Move (Standard mouse)
1785569702.29581,562,592,p1-block-1-trial-12-target-5,579.0,591.0,30.0,False,Pointer Move (Standard mouse)
1785569702.326026,561,592,p1-block-1-trial-12-target-5,579.0,591.0,30.0,False,Pointer Move (Standard mouse)
1785569702.334166,561,592,p1-block-1-trial-12-target-5,579.0,591.0,30.0,False,Pointer Move (Standard mouse)
1785569702.3410602,561,593,p1-block-1-trial-12-target-5,579.0,591.0,30.0,False,Pointer Move (Standard mouse)
1785569702.348858,560,593,p1-block-1-trial-12-target-5,579.0,591.0,30.0,False,Pointer Move (Standard mouse)
1785569702.356104,559,594,p1-block-1-trial-12-target-5,579.0,591.0,30.0,False,Pointer Move (Standard mouse)
1785569702.364683,558,595,p1-block-1-trial-12-target-5,579.0,591.0,30.0,False,Pointer Move (Standard mouse)
1785569702.379746,558,595,p1-block-1-trial-12-target-5,579.0,591.0,30.0,False,Pointer Move (Standard mouse)
1785569702.469823,558,595,p1-block-1-trial-12-target-5,579.0,591.0,30.0,target_selected,target_selected
1785569702.597288,557,595,p1-block-1-trial-13-target-1,861.0,309.0,30.0,False,Pointer Move (Standard mouse)
1785569702.6038668,557,594,p1-block-1-trial-13-target-1,861.0,309.0,30.0,False,Pointer Move (Standard mouse)
1785569702.620425,557,594,p1-block-1-trial-13-target-1,861.0,309.0,30.0,False,Pointer Move (Standard mouse)
1785569702.626923,557,593,p1-block-1-trial-13-target-1,861.0,309.0,30.0,False,Pointer Move (Standard mouse)
1785569702.634012,560,587,p1-block-1-trial-13-target-1,861.0,309.0,30.0,False,Pointer Move (Standard mouse)
1785569702.6423192,564,583,p1-block-1-trial-13-target-1,861.0,309.0,30.0,False,Pointer Move (Standard mouse)
1785569702.6487,569,575,p1-block-1-trial-13-target-1,861.0,309.0,30.0,False,Pointer Move (Standard mouse)
1785569702.6562188,575,569,p1-block-1-trial-13-target-1,861.0,309.0,30.0,False,Pointer Move (Standard mouse)
1785569702.6637561,582,561,p1-block-1-trial-13-target-1,861.0,309.0,30.0,False,Pointer Move (Standard mouse)
1785569702.6708732,594,550,p1-block-1-trial-13-target-1,861.0,309.0,30.0,False,Pointer Move (Standard mouse)
1785569702.6784608,605,537,p1-block-1-trial-13-target-1,861.0,309.0,30.0,False,Pointer Move (Standard mouse)
1785569702.685243,615,529,p1-block-1-trial-13-target-1,861.0,309.0,30.0,False,Pointer Move (Standard mouse)
1785569702.6927528,626,519,p1-block-1-trial-13-target-1,861.0,309.0,30.0,False,Pointer Move (Standard mouse)
1785569702.700502,648,497,p1-block-1-trial-13-target-1,861.0,309.0,30.0,False,Pointer Move (Standard mouse)
1785569702.708271,666,481,p1-block-1-trial-13-target-1,861.0,309.0,30.0,False,Pointer Move (Standard mouse)
1785569702.715863,679,469,p1-block-1-trial-13-target-1,861.0,309.0,30.0,False,Pointer Move (Standard mouse)
1785569702.7235358,697,452,p1-block-1-trial-13-target-1,861.0,309.0,30.0,False,Pointer Move (Standard mouse)
1785569702.730491,715,439,p1-block-1-trial-13-target-1,861.0,309.0,30.0,False,Pointer Move (Standard mouse)
1785569702.737994,737,422,p1-block-1-trial-13-target-1,861.0,309.0,30.0,False,Pointer Move (Standard mouse)
1785569702.746384,746,415,p1-block-1-trial-13-target-1,861.0,309.0,30.0,False,Pointer Move (Standard mouse)
1785569702.753116,762,405,p1-block-1-trial-13-target-1,861.0,309.0,30.0,False,Pointer Move (Standard mouse)
1785569702.7608588,774,397,p1-block-1-trial-13-target-1,861.0,309.0,30.0,False,Pointer Move (Standard mouse)
1785569702.768894,779,394,p1-block-1-trial-13-target-1,861.0,309.0,30.0,False,Pointer Move (Standard mouse)
1785569702.776119,788,387,p1-block-1-trial-13-target-1,861.0,309.0,30.0,False,Pointer Move (Standard mouse)
1785569702.783616,794,383,p1-block-1-trial-13-target-1,861.0,309.0,30.0,False,Pointer Move (Standard mouse)
1785569702.7912278,797,380,p1-block-1-trial-13-target-1,861.0,309.0,30.0,False,Pointer Move (Standard mouse)
1785569702.798906,801,376,p1-block-1-trial-13-target-1,861.0,309.0,30.0,False,Pointer Move (Standard mouse)
1785569702.8061771,803,374,p1-block-1-trial-13-target-1,861.0,309.0,30.0,False,Pointer Move (Standard mouse)
1785569702.813641,804,372,p1-block-1-trial-13-target-1,861.0,309.0,30.0,False,Pointer Move (Standard mouse)
1785569702.8235352,806,369,p1-block-1-trial-13-target-1,861.0,309.0,30.0,False,Pointer Move (Standard mouse)
1785569702.828385,806,369,p1-block-1-trial-13-target-1,861.0,309.0,30.0,False,Pointer Move (Standard mouse)
1785569702.837718,807,367,p1-block-1-trial-13-target-1,861.0,309.0,30.0,False,Pointer Move (Standard mouse)
1785569702.8463612,807,366,p1-block-1-trial-13-target-1,861.0,309.0,30.0,False,Pointer Move (Standard mouse)
1785569702.8540218,810,364,p1-block-1-trial-13-target-1,861.0,309.0,30.0,False,Pointer Move (Standard mouse)
1785569702.86003,811,363,p1-block-1-trial-13-target-1,861.0,309.0,30.0,False,Pointer Move (Standard mouse)
1785569702.866677,812,361,p1-block-1-trial-13-target-1,861.0,309.0,30.0,False,Pointer Move (Standard mouse)
1785569702.878572,812,361,p1-block-1-trial-13-target-1,861.0,309.0,30.0,False,Pointer Move (Standard mouse)
1785569702.882731,812,361,p1-block-1-trial-13-target-1,861.0,309.0,30.0,False,Pointer Move (Standard mouse)
1785569702.889754,812,360,p1-block-1-trial-13-target-1,861.0,309.0,30.0,False,Pointer Move (Standard mouse)
1785569702.896678,813,360,p1-block-1-trial-13-target-1,861.0,309.0,30.0,False,Pointer Move (Standard mouse)
1785569702.9048839,813,360,p1-block-1-trial-13-target-1,861.0,309.0,30.0,False,Pointer Move (Standard mouse)
1785569702.935044,813,359,p1-block-1-trial-13-target-1,861.0,309.0,30.0,False,Pointer Move (Standard mouse)
1785569702.963639,813,359,p1-block-1-trial-13-target-1,861.0,309.0,30.0,False,Pointer Move (Standard mouse)
1785569702.9863129,813,359,p1-block-1-trial-13-target-1,861.0,309.0,30.0,False,Pointer Move (Standard mouse)
1785569702.9947789,814,358,p1-block-1-trial-13-target-1,861.0,309.0,30.0,False,Pointer Move (Standard mouse)
1785569703.002164,815,356,p1-block-1-trial-13-target-1,861.0,309.0,30.0,False,Pointer Move (Standard mouse)
1785569703.009836,820,353,p1-block-1-trial-13-target-1,861.0,309.0,30.0,False,Pointer Move (Standard mouse)
1785569703.017448,824,350,p1-block-1-trial-13-target-1,861.0,309.0,30.0,False,Pointer Move (Standard mouse)
1785569703.024332,826,350,p1-block-1-trial-13-target-1,861.0,309.0,30.0,False,Pointer Move (Standard mouse)
1785569703.032715,830,346,p1-block-1-trial-13-target-1,861.0,309.0,30.0,False,Pointer Move (Standard mouse)
1785569703.039286,839,339,p1-block-1-trial-13-target-1,861.0,309.0,30.0,False,Pointer Move (Standard mouse)
1785569703.0476859,845,333,p1-block-1-trial-13-target-1,861.0,309.0,30.0,False,Pointer Move (Standard mouse)
1785569703.055916,847,332,p1-block-1-trial-13-target-1,861.0,309.0,30.0,False,Pointer Move (Standard mouse)
1785569703.062662,854,326,p1-block-1-trial-13-target-1,861.0,309.0,30.0,False,Pointer Move (Standard mouse)
1785569703.070278,858,323,p1-block-1-trial-13-target-1,861.0,309.0,30.0,False,Pointer Move (Standard mouse)
1785569703.0761468,862,319,p1-block-1-trial-13-target-1,861.0,309.0,30.0,False,Pointer Move (Standard mouse)
1785569703.0856802,866,315,p1-block-1-trial-13-target-1,861.0,309.0,30.0,False,Pointer Move (Standard mouse)
1785569703.0909078,867,314,p1-block-1-trial-13-target-1,861.0,309.0,30.0,False,Pointer Move (Standard mouse)
1785569703.1004941,867,313,p1-block-1-trial-13-target-1,861.0,309.0,30.0,False,Pointer Move (Standard mouse)
1785569703.107208,867,312,p1-block-1-trial-13-target-1,861.0,309.0,30.0,False,Pointer Move (Standard mouse)
1785569703.1151612,868,311,p1-block-1-trial-13-target-1,861.0,309.0,30.0,False,Pointer Move (Standard mouse)
1785569703.122724,868,311,p1-block-1-trial-13-target-1,861.0,309.0,30.0,False,Pointer Move (Standard mouse)
1785569703.1290429,868,311,p1-block-1-trial-13-target-1,861.0,309.0,30.0,False,Pointer Move (Standard mouse)
1785569703.137763,869,310,p1-block-1-trial-13-target-1,861.0,309.0,30.0,False,Pointer Move (Standard mouse)
1785569703.144366,869,310,p1-block-1-trial-13-target-1,861.0,309.0,30.0,False,Pointer Move (Standard mouse)
1785569703.152645,869,309,p1-block-1-trial-13-target-1,861.0,309.0,30.0,False,Pointer Move (Standard mouse)
1785569703.16081,869,309,p1-block-1-trial-13-target-1,861.0,309.0,30.0,False,Pointer Move (Standard mouse)
1785569703.168467,869,308,p1-block-1-trial-13-target-1,861.0,309.0,30.0,False,Pointer Move (Standard mouse)
1785569703.175172,869,308,p1-block-1-trial-13-target-1,861.0,309.0,30.0,False,Pointer Move (Standard mouse)
1785569703.190819,869,308,p1-block-1-trial-13-target-1,861.0,309.0,30.0,False,Pointer Move (Standard mouse)
1785569703.196851,869,307,p1-block-1-trial-13-target-1,861.0,309.0,30.0,False,Pointer Move (Standard mouse)
1785569703.22579,869,307,p1-block-1-trial-13-target-1,861.0,309.0,30.0,False,Pointer Move (Standard mouse)
1785569703.349257,869,307,p1-block-1-trial-13-target-1,861.0,309.0,30.0,target_selected,target_selected
1785569703.4375,869,307,p1-block-1-trial-14-target-5,579.0,591.0,30.0,False,Pointer Move (Standard mouse)
1785569703.443528,869,308,p1-block-1-trial-14-target-5,579.0,591.0,30.0,False,Pointer Move (Standard mouse)
1785569703.45185,867,309,p1-block-1-trial-14-target-5,579.0,591.0,30.0,False,Pointer Move (Standard mouse)
1785569703.458706,865,310,p1-block-1-trial-14-target-5,579.0,591.0,30.0,False,Pointer Move (Standard mouse)
1785569703.4671948,863,312,p1-block-1-trial-14-target-5,579.0,591.0,30.0,False,Pointer Move (Standard mouse)
1785569703.474751,860,315,p1-block-1-trial-14-target-5,579.0,591.0,30.0,False,Pointer Move (Standard mouse)
1785569703.482177,856,319,p1-block-1-trial-14-target-5,579.0,591.0,30.0,False,Pointer Move (Standard mouse)
1785569703.488101,850,325,p1-block-1-trial-14-target-5,579.0,591.0,30.0,False,Pointer Move (Standard mouse)
1785569703.496927,843,336,p1-block-1-trial-14-target-5,579.0,591.0,30.0,False,Pointer Move (Standard mouse)
1785569703.5056078,842,337,p1-block-1-trial-14-target-5,579.0,591.0,30.0,False,Pointer Move (Standard mouse)
1785569703.510916,834,355,p1-block-1-trial-14-target-5,579.0,591.0,30.0,False,Pointer Move (Standard mouse)
1785569703.520056,825,367,p1-block-1-trial-14-target-5,579.0,591.0,30.0,False,Pointer Move (Standard mouse)
1785569703.5272582,822,372,p1-block-1-trial-14-target-5,579.0,591.0,30.0,False,Pointer Move (Standard mouse)
1785569703.5351958,812,392,p1-block-1-trial-14-target-5,579.0,591.0,30.0,False,Pointer Move (Standard mouse)
1785569703.5419881,803,408,p1-block-1-trial-14-target-5,579.0,591.0,30.0,False,Pointer Move (Standard mouse)
1785569703.549223,797,417,p1-block-1-trial-14-target-5,579.0,591.0,30.0,False,Pointer Move (Standard mouse)
1785569703.5579221,785,430,p1-block-1-trial-14-target-5,579.0,591.0,30.0,False,Pointer Move (Standard mouse)
1785569703.563773,775,441,p1-block-1-trial-14-target-5,579.0,591.0,30.0,False,Pointer Move (Standard mouse)
1785569703.572161,762,454,p1-block-1-trial-14-target-5,579.0,591.0,30.0,False,Pointer Move (Standard mouse)
1785569703.581066,748,467,p1-block-1-trial-14-target-5,579.0,591.0,30.0,False,Pointer Move (Standard mouse)
1785569703.587841,742,472,p1-block-1-trial-14-target-5,579.0,591.0,30.0,False,Pointer Move (Standard mouse)
1785569703.59285,724,485,p1-block-1-trial-14-target-5,579.0,591.0,30.0,False,Pointer Move (Standard mouse)
1785569703.6018822,708,494,p1-block-1-trial-14-target-5,579.0,591.0,30.0,False,Pointer Move (Standard mouse)
1785569703.610267,696,502,p1-block-1-trial-14-target-5,579.0,591.0,30.0,False,Pointer Move (Standard mouse)
1785569703.6169999,688,507,p1-block-1-trial-14-target-5,579.0,591.0,30.0,False,Pointer Move (Standard mouse)
1785569703.624018,674,515,p1-block-1-trial-14-target-5,579.0,591.0,30.0,False,Pointer Move (Standard mouse)
1785569703.631132,660,524,p1-block-1-trial-14-target-5,579.0,591.0,30.0,False,Pointer Move (Standard mouse)
1785569703.638509,648,531,p1-block-1-trial-14-target-5,579.0,591.0,30.0,False,Pointer Move (Standard mouse)
1785569703.646136,640,537,p1-block-1-trial-14-target-5,579.0,591.0,30.0,False,Pointer Move (Standard mouse)
1785569703.653627,631,542,p1-block-1-trial-14-target-5,579.0,591.0,30.0,False,Pointer Move (Standard mouse)
1785569703.661076,624,547,p1-block-1-trial-14-target-5,579.0,591.0,30.0,False,Pointer Move (Standard mouse)
1785569703.668572,620,550,p1-block-1-trial-14-target-5,579.0,591.0,30.0,False,Pointer Move (Standard mouse)
1785569703.67579,612,555,p1-block-1-trial-14-target-5,579.0,591.0,30.0,False,Pointer Move (Standard mouse)
1785569703.683713,607,560,p1-block-1-trial-14-target-5,579.0,591.0,30.0,False,Pointer Move (Standard mouse)
1785569703.691042,606,560,p1-block-1-trial-14-target-5,579.0,591.0,30.0,False,Pointer Move (Standard mouse)
1785569703.698626,604,561,p1-block-1-trial-14-target-5,579.0,591.0,30.0,False,Pointer Move (Standard mouse)
1785569703.706045,602,564,p1-block-1-trial-14-target-5,579.0,591.0,30.0,False,Pointer Move (Standard mouse)
1785569703.713621,600,565,p1-block-1-trial-14-target-5,579.0,591.0,30.0,False,Pointer Move (Standard mouse)
1785569703.7211251,599,566,p1-block-1-trial-14-target-5,579.0,591.0,30.0,False,Pointer Move (Standard mouse)
1785569703.7286909,599,567,p1-block-1-trial-14-target-5,579.0,591.0,30.0,False,Pointer Move (Standard mouse)
1785569703.736269,598,567,p1-block-1-trial-14-target-5,579.0,591.0,30.0,False,Pointer Move (Standard mouse)
1785569703.744029,598,568,p1-block-1-trial-14-target-5,579.0,591.0,30.0,False,Pointer Move (Standard mouse)
1785569703.750852,597,568,p1-block-1-trial-14-target-5,579.0,591.0,30.0,False,Pointer Move (Standard mouse)
1785569703.758632,597,569,p1-block-1-trial-14-target-5,579.0,591.0,30.0,False,Pointer Move (Standard mouse)
1785569703.765992,597,569,p1-block-1-trial-14-target-5,579.0,591.0,30.0,False,Pointer Move (Standard mouse)
1785569703.8108978,597,570,p1-block-1-trial-14-target-5,579.0,591.0,30.0,False,Pointer Move (Standard mouse)
1785569703.819056,596,570,p1-block-1-trial-14-target-5,579.0,591.0,30.0,False,Pointer Move (Standard mouse)
1785569703.8265479,596,570,p1-block-1-trial-14-target-5,579.0,591.0,30.0,False,Pointer Move (Standard mouse)
1785569703.834233,596,571,p1-block-1-trial-14-target-5,579.0,591.0,30.0,False,Pointer Move (Standard mouse)
1785569703.8417091,596,571,p1-block-1-trial-14-target-5,579.0,591.0,30.0,False,Pointer Move (Standard mouse)
1785569703.848989,596,571,p1-block-1-trial-14-target-5,579.0,591.0,30.0,False,Pointer Move (Standard mouse)
1785569703.8580039,595,572,p1-block-1-trial-14-target-5,579.0,591.0,30.0,False,Pointer Move (Standard mouse)
1785569703.865026,595,572,p1-block-1-trial-14-target-5,579.0,591.0,30.0,False,Pointer Move (Standard mouse)
1785569703.873954,595,572,p1-block-1-trial-14-target-5,579.0,591.0,30.0,False,Pointer Move (Standard mouse)
1785569703.879433,595,573,p1-block-1-trial-14-target-5,579.0,591.0,30.0,False,Pointer Move (Standard mouse)
1785569703.888075,594,575,p1-block-1-trial-14-target-5,579.0,591.0,30.0,False,Pointer Move (Standard mouse)
1785569703.894701,593,576,p1-block-1-trial-14-target-5,579.0,591.0,30.0,False,Pointer Move (Standard mouse)
1785569703.9011211,593,577,p1-block-1-trial-14-target-5,579.0,591.0,30.0,False,Pointer Move (Standard mouse)
1785569703.908824,593,577,p1-block-1-trial-14-target-5,579.0,591.0,30.0,False,Pointer Move (Standard mouse)
1785569703.915589,592,578,p1-block-1-trial-14-target-5,579.0,591.0,30.0,False,Pointer Move (Standard mouse)
1785569703.923986,592,578,p1-block-1-trial-14-target-5,579.0,591.0,30.0,False,Pointer Move (Standard mouse)
1785569703.931322,591,580,p1-block-1-trial-14-target-5,579.0,591.0,30.0,False,Pointer Move (Standard mouse)
1785569703.946662,590,581,p1-block-1-trial-14-target-5,579.0,591.0,30.0,False,Pointer Move (Standard mouse)
1785569703.95391,590,581,p1-block-1-trial-14-target-5,579.0,591.0,30.0,False,Pointer Move (Standard mouse)
1785569703.961369,589,582,p1-block-1-trial-14-target-5,579.0,591.0,30.0,False,Pointer Move (Standard mouse)
1785569703.9685571,589,582,p1-block-1-trial-14-target-5,579.0,591.0,30.0,False,Pointer Move (Standard mouse)
1785569703.975877,589,582,p1-block-1-trial-14-target-5,579.0,591.0,30.0,False,Pointer Move (Standard mouse)
1785569703.982877,589,582,p1-block-1-trial-14-target-5,579.0,591.0,30.0,False,Pointer Move (Standard mouse)
1785569704.058922,589,582,p1-block-1-trial-14-target-5,579.0,591.0,30.0,target_selected,target_selected
1785569704.065111,589,582,p1-block-1-trial-15-target-1,861.0,309.0,30.0,False,Pointer Move (Standard mouse)
1785569704.13428,588,582,p1-block-1-trial-15-target-1,861.0,309.0,30.0,False,Pointer Move (Standard mouse)
1785569704.149218,588,582,p1-block-1-trial-15-target-1,861.0,309.0,30.0,False,Pointer Move (Standard mouse)
1785569704.156725,588,582,p1-block-1-trial-15-target-1,861.0,309.0,30.0,False,Pointer Move (Standard mouse)
1785569704.165067,588,581,p1-block-1-trial-15-target-1,861.0,309.0,30.0,False,Pointer Move (Standard mouse)
1785569704.1714602,588,579,p1-block-1-trial-15-target-1,861.0,309.0,30.0,False,Pointer Move (Standard mouse)
1785569704.17874,589,576,p1-block-1-trial-15-target-1,861.0,309.0,30.0,False,Pointer Move (Standard mouse)
1785569704.1854239,590,575,p1-block-1-trial-15-target-1,861.0,309.0,30.0,False,Pointer Move (Standard mouse)
1785569704.192529,593,570,p1-block-1-trial-15-target-1,861.0,309.0,30.0,False,Pointer Move (Standard mouse)
1785569704.2006242,598,562,p1-block-1-trial-15-target-1,861.0,309.0,30.0,False,Pointer Move (Standard mouse)
1785569704.2076008,600,559,p1-block-1-trial-15-target-1,861.0,309.0,30.0,False,Pointer Move (Standard mouse)
1785569704.215366,610,544,p1-block-1-trial-15-target-1,861.0,309.0,30.0,False,Pointer Move (Standard mouse)
1785569704.222989,619,533,p1-block-1-trial-15-target-1,861.0,309.0,30.0,False,Pointer Move (Standard mouse)
1785569704.2305589,626,524,p1-block-1-trial-15-target-1,861.0,309.0,30.0,False,Pointer Move (Standard mouse)
1785569704.2390232,637,513,p1-block-1-trial-15-target-1,861.0,309.0,30.0,False,Pointer Move (Standard mouse)
1785569704.246148,652,498,p1-block-1-trial-15-target-1,861.0,309.0,30.0,False,Pointer Move (Standard mouse)
1785569704.2536461,664,485,p1-block-1-trial-15-target-1,861.0,309.0,30.0,False,Pointer Move (Standard mouse)
1785569704.261149,667,483,p1-block-1-trial-15-target-1,861.0,309.0,30.0,False,Pointer Move (Standard mouse)
1785569704.268546,682,467,p1-block-1-trial-15-target-1,861.0,309.0,30.0,False,Pointer Move (Standard mouse)
1785569704.275763,693,456,p1-block-1-trial-15-target-1,861.0,309.0,30.0,False,Pointer Move (Standard mouse)
1785569704.283189,704,447,p1-block-1-trial-15-target-1,861.0,309.0,30.0,False,Pointer Move (Standard mouse)
1785569704.290308,708,443,p1-block-1-trial-15-target-1,861.0,309.0,30.0,False,Pointer Move (Standard mouse)
1785569704.298091,726,430,p1-block-1-trial-15-target-1,861.0,309.0,30.0,False,Pointer Move (Standard mouse)
1785569704.30566,736,420,p1-block-1-trial-15-target-1,861.0,309.0,30.0,False,Pointer Move (Standard mouse)
1785569704.313633,742,414,p1-block-1-trial-15-target-1,861.0,309.0,30.0,False,Pointer Move (Standard mouse)
1785569704.321084,756,403,p1-block-1-trial-15-target-1,861.0,309.0,30.0,False,Pointer Move (Standard mouse)
1785569704.328347,766,393,p1-block-1-trial-15-target-1,861.0,309.0,30.0,False,Pointer Move (Standard mouse)
1785569704.33621,777,385,p1-block-1-trial-15-target-1,861.0,309.0,30.0,False,Pointer Move (Standard mouse)
1785569704.3439062,781,382,p1-block-1-trial-15-target-1,861.0,309.0,30.0,False,Pointer Move (Standard mouse)
1785569704.351063,790,374,p1-block-1-trial-15-target-1,861.0,309.0,30.0,False,Pointer Move (Standard mouse)
1785569704.3586402,796,368,p1-block-1-trial-15-target-1,861.0,309.0,30.0,False,Pointer Move (Standard mouse)
1785569704.3662,802,363,p1-block-1-trial-15-target-1,861.0,309.0,30.0,False,Pointer Move (Standard mouse)
1785569704.373677,806,360,p1-block-1-trial-15-target-1,861.0,309.0,30.0,False,Pointer Move (Standard mouse)
1785569704.381381,810,357,p1-block-1-trial-15-target-1,861.0,309.0,30.0,False,Pointer Move (Standard mouse)
1785569704.388567,811,356,p1-block-1-trial-15-target-1,861.0,309.0,30.0,False,Pointer Move (Standard mouse)
1785569704.396728,813,354,p1-block-1-trial-15-target-1,861.0,309.0,30.0,False,Pointer Move (Standard mouse)
1785569704.4061,816,351,p1-block-1-trial-15-target-1,861.0,309.0,30.0,False,Pointer Move (Standard mouse)
1785569704.410888,818,349,p1-block-1-trial-15-target-1,861.0,309.0,30.0,False,Pointer Move (Standard mouse)
1785569704.418154,822,345,p1-block-1-trial-15-target-1,861.0,309.0,30.0,False,Pointer Move (Standard mouse)
1785569704.42678,823,344,p1-block-1-trial-15-target-1,861.0,309.0,30.0,False,Pointer Move (Standard mouse)
1785569704.4351099,829,338,p1-block-1-trial-15-target-1,861.0,309.0,30.0,False,Pointer Move (Standard mouse)
1785569704.442378,832,334,p1-block-1-trial-15-target-1,861.0,309.0,30.0,False,Pointer Move (Standard mouse)
1785569704.450766,834,332,p1-block-1-trial-15-target-1,861.0,309.0,30.0,False,Pointer Move (Standard mouse)
1785569704.4576142,835,331,p1-block-1-trial-15-target-1,861.0,309.0,30.0,False,Pointer Move (Standard mouse)
1785569704.464046,835,331,p1-block-1-trial-15-target-1,861.0,309.0,30.0,False,Pointer Move (Standard mouse)
1785569704.4726982,835,331,p1-block-1-trial-15-target-1,861.0,309.0,30.0,False,Pointer Move (Standard mouse)
1785569704.478558,836,330,p1-block-1-trial-15-target-1,861.0,309.0,30.0,False,Pointer Move (Standard mouse)
1785569704.503655,836,330,p1-block-1-trial-15-target-1,861.0,309.0,30.0,False,Pointer Move (Standard mouse)
1785569704.524544,836,330,p1-block-1-trial-15-target-1,861.0,309.0,30.0,False,Pointer Move (Standard mouse)
1785569704.5771918,836,330,p1-block-1-trial-15-target-1,861.0,309.0,30.0,False,Pointer Move (Standard mouse)
1785569704.5837362,837,328,p1-block-1-trial-15-target-1,861.0,309.0,30.0,False,Pointer Move (Standard mouse)
1785569704.5912042,839,327,p1-block-1-trial-15-target-1,861.0,309.0,30.0,False,Pointer Move (Standard mouse)
1785569704.598609,844,325,p1-block-1-trial-15-target-1,861.0,309.0,30.0,False,Pointer Move (Standard mouse)
1785569704.60607,845,324,p1-block-1-trial-15-target-1,861.0,309.0,30.0,False,Pointer Move (Standard mouse)
1785569704.613635,849,322,p1-block-1-trial-15-target-1,861.0,309.0,30.0,False,Pointer Move (Standard mouse)
1785569704.620785,852,321,p1-block-1-trial-15-target-1,861.0,309.0,30.0,False,Pointer Move (Standard mouse)
1785569704.627763,854,320,p1-block-1-trial-15-target-1,861.0,309.0,30.0,False,Pointer Move (Standard mouse)
1785569704.635468,854,319,p1-block-1-trial-15-target-1,861.0,309.0,30.0,False,Pointer Move (Standard mouse)
1785569704.6430972,855,319,p1-block-1-trial-15-target-1,861.0,309.0,30.0,False,Pointer Move (Standard mouse)
1785569704.735088,855,319,p1-block-1-trial-15-target-1,861.0,309.0,30.0,target_selected,target_selected
1785569704.853981,855,319,p1-block-1-trial-16-target-5,579.0,591.0,30.0,False,Pointer Move (Standard mouse)
1785569704.862405,854,320,p1-block-1-trial-16-target-5,579.0,591.0,30.0,False,Pointer Move (Standard mouse)
1785569704.869448,848,329,p1-block-1-trial-16-target-5,579.0,591.0,30.0,False,Pointer Move (Standard mouse)
1785569704.8764899,843,335,p1-block-1-trial-16-target-5,579.0,591.0,30.0,False,Pointer Move (Standard mouse)
1785569704.8838131,840,339,p1-block-1-trial-16-target-5,579.0,591.0,30.0,False,Pointer Move (Standard mouse)
1785569704.891328,834,346,p1-block-1-trial-16-target-5,579.0,591.0,30.0,False,Pointer Move (Standard mouse)
1785569704.898727,828,352,p1-block-1-trial-16-target-5,579.0,591.0,30.0,False,Pointer Move (Standard mouse)
1785569704.9060748,820,362,p1-block-1-trial-16-target-5,579.0,591.0,30.0,False,Pointer Move (Standard mouse)
1785569704.913655,812,371,p1-block-1-trial-16-target-5,579.0,591.0,30.0,False,Pointer Move (Standard mouse)
1785569704.921084,802,380,p1-block-1-trial-16-target-5,579.0,591.0,30.0,False,Pointer Move (Standard mouse)
1785569704.92858,793,393,p1-block-1-trial-16-target-5,579.0,591.0,30.0,False,Pointer Move (Standard mouse)
1785569704.936221,781,406,p1-block-1-trial-16-target-5,579.0,591.0,30.0,False,Pointer Move (Standard mouse)
1785569704.943255,773,414,p1-block-1-trial-16-target-5,579.0,591.0,30.0,False,Pointer Move (Standard mouse)
1785569704.9505332,762,422,p1-block-1-trial-16-target-5,579.0,591.0,30.0,False,Pointer Move (Standard mouse)
1785569704.9578,755,426,p1-block-1-trial-16-target-5,579.0,591.0,30.0,False,Pointer Move (Standard mouse)
1785569704.965707,745,432,p1-block-1-trial-16-target-5,579.0,591.0,30.0,False,Pointer Move (Standard mouse)
1785569704.9733162,732,438,p1-block-1-trial-16-target-5,579.0,591.0,30.0,False,Pointer Move (Standard mouse)
1785569704.981617,722,443,p1-block-1-trial-16-target-5,579.0,591.0,30.0,False,Pointer Move (Standard mouse)
1785569704.9876459,712,448,p1-block-1-trial-16-target-5,579.0,591.0,30.0,False,Pointer Move (Standard mouse)
1785569704.995372,707,451,p1-block-1-trial-16-target-5,579.0,591.0,30.0,False,Pointer Move (Standard mouse)
1785569705.003362,696,456,p1-block-1-trial-16-target-5,579.0,591.0,30.0,False,Pointer Move (Standard mouse)
1785569705.011255,687,463,p1-block-1-trial-16-target-5,579.0,591.0,30.0,False,Pointer Move (Standard mouse)
1785569705.0191512,678,471,p1-block-1-trial-16-target-5,579.0,591.0,30.0,False,Pointer Move (Standard mouse)
1785569705.026575,672,475,p1-block-1-trial-16-target-5,579.0,591.0,30.0,False,Pointer Move (Standard mouse)
1785569705.0341299,663,483,p1-block-1-trial-16-target-5,579.0,591.0,30.0,False,Pointer Move (Standard mouse)
1785569705.041457,657,491,p1-block-1-trial-16-target-5,579.0,591.0,30.0,False,Pointer Move (Standard mouse)
1785569705.0488791,649,498,p1-block-1-trial-16-target-5,579.0,591.0,30.0,False,Pointer Move (Standard mouse)
1785569705.056148,643,505,p1-block-1-trial-16-target-5,579.0,591.0,30.0,False,Pointer Move (Standard mouse)
1785569705.063652,637,511,p1-block-1-trial-16-target-5,579.0,591.0,30.0,False,Pointer Move (Standard mouse)
1785569705.071009,633,515,p1-block-1-trial-16-target-5,579.0,591.0,30.0,False,Pointer Move (Standard mouse)
1785569705.078704,628,520,p1-block-1-trial-16-target-5,579.0,591.0,30.0,False,Pointer Move (Standard mouse)
1785569705.086069,622,527,p1-block-1-trial-16-target-5,579.0,591.0,30.0,False,Pointer Move (Standard mouse)
1785569705.0937479,616,531,p1-block-1-trial-16-target-5,579.0,591.0,30.0,False,Pointer Move (Standard mouse)
1785569705.101177,612,534,p1-block-1-trial-16-target-5,579.0,591.0,30.0,False,Pointer Move (Standard mouse)
1785569705.108652,607,539,p1-block-1-trial-16-target-5,579.0,591.0,30.0,False,Pointer Move (Standard mouse)
1785569705.115766,601,542,p1-block-1-trial-16-target-5,579.0,591.0,30.0,False,Pointer Move (Standard mouse)
1785569705.123502,597,545,p1-block-1-trial-16-target-5,579.0,591.0,30.0,False,Pointer Move (Standard mouse)
1785569705.131142,596,546,p1-block-1-trial-16-target-5,579.0,591.0,30.0,False,Pointer Move (Standard mouse)
1785569705.138251,594,547,p1-block-1-trial-16-target-5,579.0,591.0,30.0,False,Pointer Move (Standard mouse)
1785569705.145515,594,547,p1-block-1-trial-16-target-5,579.0,591.0,30.0,False,Pointer Move (Standard mouse)
1785569705.1533608,593,548,p1-block-1-trial-16-target-5,579.0,591.0,30.0,False,Pointer Move (Standard mouse)
1785569705.1598778,592,548,p1-block-1-trial-16-target-5,579.0,591.0,30.0,False,Pointer Move (Standard mouse)
1785569705.167819,592,548,p1-block-1-trial-16-target-5,579.0,591.0,30.0,False,Pointer Move (Standard mouse)
1785569705.1751091,591,549,p1-block-1-trial-16-target-5,579.0,591.0,30.0,False,Pointer Move (Standard mouse)
1785569705.182797,589,550,p1-block-1-trial-16-target-5,579.0,591.0,30.0,False,Pointer Move (Standard mouse)
1785569705.190929,588,551,p1-block-1-trial-16-target-5,579.0,591.0,30.0,False,Pointer Move (Standard mouse)
1785569705.1975281,586,552,p1-block-1-trial-16-target-5,579.0,591.0,30.0,False,Pointer Move (Standard mouse)
1785569705.2052019,586,552,p1-block-1-trial-16-target-5,579.0,591.0,30.0,False,Pointer Move (Standard mouse)
1785569705.212821,582,555,p1-block-1-trial-16-target-5,579.0,591.0,30.0,False,Pointer Move (Standard mouse)
1785569705.220512,581,557,p1-block-1-trial-16-target-5,579.0,591.0,30.0,False,Pointer Move (Standard mouse)
1785569705.227853,580,558,p1-block-1-trial-16-target-5,579.0,591.0,30.0,False,Pointer Move (Standard mouse)
1785569705.2354639,579,558,p1-block-1-trial-16-target-5,579.0,591.0,30.0,False,Pointer Move (Standard mouse)
1785569705.244009,579,559,p1-block-1-trial-16-target-5,579.0,591.0,30.0,False,Pointer Move (Standard mouse)
1785569705.251125,579,560,p1-block-1-trial-16-target-5,579.0,591.0,30.0,False,Pointer Move (Standard mouse)
1785569705.259223,578,561,p1-block-1-trial-16-target-5,579.0,591.0,30.0,False,Pointer Move (Standard mouse)
1785569705.26619,578,561,p1-block-1-trial-16-target-5,579.0,591.0,30.0,False,Pointer Move (Standard mouse)
1785569705.2734568,578,562,p1-block-1-trial-16-target-5,579.0,591.0,30.0,False,Pointer Move (Standard mouse)
1785569705.280427,578,563,p1-block-1-trial-16-target-5,579.0,591.0,30.0,False,Pointer Move (Standard mouse)
1785569705.2879481,578,563,p1-block-1-trial-16-target-5,579.0,591.0,30.0,False,Pointer Move (Standard mouse)
1785569705.295509,578,563,p1-block-1-trial-16-target-5,579.0,591.0,30.0,False,Pointer Move (Standard mouse)
1785569705.303453,577,563,p1-block-1-trial-16-target-5,579.0,591.0,30.0,False,Pointer Move (Standard mouse)
1785569705.311007,577,563,p1-block-1-trial-16-target-5,579.0,591.0,30.0,False,Pointer Move (Standard mouse)
1785569705.334122,577,564,p1-block-1-trial-16-target-5,579.0,591.0,30.0,False,Pointer Move (Standard mouse)
1785569705.341124,577,564,p1-block-1-trial-16-target-5,579.0,591.0,30.0,False,Pointer Move (Standard mouse)
1785569705.3487308,577,565,p1-block-1-trial-16-target-5,579.0,591.0,30.0,False,Pointer Move (Standard mouse)
1785569705.356435,577,566,p1-block-1-trial-16-target-5,579.0,591.0,30.0,False,Pointer Move (Standard mouse)
1785569705.364032,577,567,p1-block-1-trial-16-target-5,579.0,591.0,30.0,False,Pointer Move (Standard mouse)
1785569705.371414,577,568,p1-block-1-trial-16-target-5,579.0,591.0,30.0,False,Pointer Move (Standard mouse)
1785569705.379225,577,568,p1-block-1-trial-16-target-5,579.0,591.0,30.0,False,Pointer Move (Standard mouse)
1785569705.3864698,577,569,p1-block-1-trial-16-target-5,579.0,591.0,30.0,False,Pointer Move (Standard mouse)
1785569705.3944461,576,570,p1-block-1-trial-16-target-5,579.0,591.0,30.0,False,Pointer Move (Standard mouse)
1785569705.401942,576,570,p1-block-1-trial-16-target-5,579.0,591.0,30.0,False,Pointer Move (Standard mouse)
1785569705.409817,576,570,p1-block-1-trial-16-target-5,579.0,591.0,30.0,False,Pointer Move (Standard mouse)
1785569705.424234,576,571,p1-block-1-trial-16-target-5,579.0,591.0,30.0,False,Pointer Move (Standard mouse)
1785569705.4308438,576,571,p1-block-1-trial-16-target-5,579.0,591.0,30.0,False,Pointer Move (Standard mouse)
1785569705.440939,576,571,p1-block-1-trial-16-target-5,579.0,591.0,30.0,False,Pointer Move (Standard mouse)
1785569705.44688,576,572,p1-block-1-trial-16-target-5,579.0,591.0,30.0,False,Pointer Move (Standard mouse)
1785569705.456525,576,572,p1-block-1-trial-16-target-5,579.0,591.0,30.0,False,Pointer Move (Standard mouse)
1785569705.4620569,576,573,p1-block-1-trial-16-target-5,579.0,591.0,30.0,False,Pointer Move (Standard mouse)
1785569705.470156,576,574,p1-block-1-trial-16-target-5,579.0,591.0,30.0,False,Pointer Move (Standard mouse)
1785569705.4786072,576,574,p1-block-1-trial-16-target-5,579.0,591.0,30.0,False,Pointer Move (Standard mouse)
1785569705.485178,576,575,p1-block-1-trial-16-target-5,579.0,591.0,30.0,False,Pointer Move (Standard mouse)
1785569705.4998982,576,575,p1-block-1-trial-16-target-5,579.0,591.0,30.0,False,Pointer Move (Standard mouse)
1785569705.507678,575,575,p1-block-1-trial-16-target-5,579.0,591.0,30.0,False,Pointer Move (Standard mouse)
1785569705.52269,575,576,p1-block-1-trial-16-target-5,579.0,591.0,30.0,False,Pointer Move (Standard mouse)
1785569705.537317,575,576,p1-block-1-trial-16-target-5,579.0,591.0,30.0,target_selected,target_selected
1785569705.547869,575,576,p1-block-2-trial-1-target-6,570.0,450.0,37.5,False,Pointer Move (Standard mouse)
1785569705.648061,575,576,p1-block-2-trial-1-target-6,570.0,450.0,37.5,False,Pointer Move (Standard mouse)
1785569705.6573398,575,576,p1-block-2-trial-1-target-6,570.0,450.0,37.5,False,Pointer Move (Standard mouse)
1785569705.6659179,575,575,p1-block-2-trial-1-target-6,570.0,450.0,37.5,False,Pointer Move (Standard mouse)
1785569705.670515,577,572,p1-block-2-trial-1-target-6,570.0,450.0,37.5,False,Pointer Move (Standard mouse)
1785569705.679855,579,569,p1-block-2-trial-1-target-6,570.0,450.0,37.5,False,Pointer Move (Standard mouse)
1785569705.68816,582,564,p1-block-2-trial-1-target-6,570.0,450.0,37.5,False,Pointer Move (Standard mouse)
1785569705.695126,583,563,p1-block-2-trial-1-target-6,570.0,450.0,37.5,False,Pointer Move (Standard mouse)
1785569705.702695,589,554,p1-block-2-trial-1-target-6,570.0,450.0,37.5,False,Pointer Move (Standard mouse)
1785569705.7102358,602,540,p1-block-2-trial-1-target-6,570.0,450.0,37.5,False,Pointer Move (Standard mouse)
1785569705.717758,614,528,p1-block-2-trial-1-target-6,570.0,450.0,37.5,False,Pointer Move (Standard mouse)
1785569705.7243001,627,515,p1-block-2-trial-1-target-6,570.0,450.0,37.5,False,Pointer Move (Standard mouse)
1785569705.73299,636,507,p1-block-2-trial-1-target-6,570.0,450.0,37.5,False,Pointer Move (Standard mouse)
1785569705.737704,647,496,p1-block-2-trial-1-target-6,570.0,450.0,37.5,False,Pointer Move (Standard mouse)
1785569705.746482,662,480,p1-block-2-trial-1-target-6,570.0,450.0,37.5,False,Pointer Move (Standard mouse)
1785569705.7533581,675,466,p1-block-2-trial-1-target-6,570.0,450.0,37.5,False,Pointer Move (Standard mouse)
1785569705.763057,680,461,p1-block-2-trial-1-target-6,570.0,450.0,37.5,False,Pointer Move (Standard mouse)
1785569705.770137,691,449,p1-block-2-trial-1-target-6,570.0,450.0,37.5,False,Pointer Move (Standard mouse)
1785569705.777688,703,436,p1-block-2-trial-1-target-6,570.0,450.0,37.5,False,Pointer Move (Standard mouse)
1785569705.785123,707,432,p1-block-2-trial-1-target-6,570.0,450.0,37.5,False,Pointer Move (Standard mouse)
1785569705.7919848,716,423,p1-block-2-trial-1-target-6,570.0,450.0,37.5,False,Pointer Move (Standard mouse)
1785569705.800086,724,414,p1-block-2-trial-1-target-6,570.0,450.0,37.5,False,Pointer Move (Standard mouse)
1785569705.805805,730,409,p1-block-2-trial-1-target-6,570.0,450.0,37.5,False,Pointer Move (Standard mouse)
1785569705.816088,741,399,p1-block-2-trial-1-target-6,570.0,450.0,37.5,False,Pointer Move (Standard mouse)
1785569705.821099,750,393,p1-block-2-trial-1-target-6,570.0,450.0,37.5,False,Pointer Move (Standard mouse)
1785569705.8309078,754,389,p1-block-2-trial-1-target-6,570.0,450.0,37.5,False,Pointer Move (Standard mouse)
1785569705.836986,760,384,p1-block-2-trial-1-target-6,570.0,450.0,37.5,False,Pointer Move (Standard mouse)
1785569705.8427572,765,381,p1-block-2-trial-1-target-6,570.0,450.0,37.5,False,Pointer Move (Standard mouse)
1785569705.8502872,766,380,p1-block-2-trial-1-target-6,570.0,450.0,37.5,False,Pointer Move (Standard mouse)
1785569705.859308,767,379,p1-block-2-trial-1-target-6,570.0,450.0,37.5,False,Pointer Move (Standard mouse)
1785569705.866935,768,379,p1-block-2-trial-1-target-6,570.0,450.0,37.5,False,Pointer Move (Standard mouse)
1785569705.882777,768,379,p1-block-2-trial-1-target-6,570.0,450.0,37.5,False,Pointer Move (Standard mouse)
1785569705.889342,769,379,p1-block-2-trial-1-target-6,570.0,450.0,37.5,False,Pointer Move (Standard mouse)
1785569705.911582,769,378,p1-block-2-trial-1-target-6,570.0,450.0,37.5,False,Pointer Move (Standard mouse)
1785569705.92283,769,378,p1-block-2-trial-1-target-6,570.0,450.0,37.5,False,Pointer Move (Standard mouse)
1785569705.928797,769,378,p1-block-2-trial-1-target-6,570.0,450.0,37.5,False,Pointer Move (Standard mouse)
1785569705.963823,769,378,p1-block-2-trial-1-target-6,570.0,450.0,37.5,False,Pointer Move (Standard mouse)
1785569706.046678,769,378,p1-block-2-trial-1-target-6,570.0,450.0,37.5,False,Pointer Move (Standard mouse)
1785569706.053689,766,377,p1-block-2-trial-1-target-6,570.0,450.0,37.5,False,Pointer Move (Standard mouse)
1785569706.061162,760,377,p1-block-2-trial-1-target-6,570.0,450.0,37.5,False,Pointer Move (Standard mouse)
1785569706.068608,748,377,p1-block-2-trial-1-target-6,570.0,450.0,37.5,False,Pointer Move (Standard mouse)
1785569706.076176,740,377,p1-block-2-trial-1-target-6,570.0,450.0,37.5,False,Pointer Move (Standard mouse)
1785569706.0837362,726,377,p1-block-2-trial-1-target-6,570.0,450.0,37.5,False,Pointer Move (Standard mouse)
1785569706.091562,709,377,p1-block-2-trial-1-target-6,570.0,450.0,37.5,False,Pointer Move (Standard mouse)
1785569706.098662,695,377,p1-block-2-trial-1-target-6,570.0,450.0,37.5,False,Pointer Move (Standard mouse)
1785569706.106038,683,377,p1-block-2-trial-1-target-6,570.0,450.0,37.5,False,Pointer Move (Standard mouse)
1785569706.1135979,678,377,p1-block-2-trial-1-target-6,570.0,450.0,37.5,False,Pointer Move (Standard mouse)
1785569706.1210382,667,376,p1-block-2-trial-1-target-6,570.0,450.0,37.5,False,Pointer Move (Standard mouse)
1785569706.1288,657,376,p1-block-2-trial-1-target-6,570.0,450.0,37.5,False,Pointer Move (Standard mouse)
1785569706.1355698,647,376,p1-block-2-trial-1-target-6,570.0,450.0,37.5,False,Pointer Move (Standard mouse)
1785569706.1435509,638,377,p1-block-2-trial-1-target-6,570.0,450.0,37.5,False,Pointer Move (Standard mouse)
1785569706.1502368,628,378,p1-block-2-trial-1-target-6,570.0,450.0,37.5,False,Pointer Move (Standard mouse)
1785569706.158228,623,379,p1-block-2-trial-1-target-6,570.0,450.0,37.5,False,Pointer Move (Standard mouse)
1785569706.1659572,614,382,p1-block-2-trial-1-target-6,570.0,450.0,37.5,False,Pointer Move (Standard mouse)
1785569706.173738,606,384,p1-block-2-trial-1-target-6,570.0,450.0,37.5,False,Pointer Move (Standard mouse)
1785569706.1814551,602,385,p1-block-2-trial-1-target-6,570.0,450.0,37.5,False,Pointer Move (Standard mouse)
1785569706.1896162,599,386,p1-block-2-trial-1-target-6,570.0,450.0,37.5,False,Pointer Move (Standard mouse)
1785569706.196491,596,388,p1-block-2-trial-1-target-6,570.0,450.0,37.5,False,Pointer Move (Standard mouse)
1785569706.204236,594,388,p1-block-2-trial-1-target-6,570.0,450.0,37.5,False,Pointer Move (Standard mouse)
1785569706.211803,593,389,p1-block-2-trial-1-target-6,570.0,450.0,37.5,False,Pointer Move (Standard mouse)
1785569706.219278,593,389,p1-block-2-trial-1-target-6,570.0,450.0,37.5,False,Pointer Move (Standard mouse)
1785569706.226586,592,389,p1-block-2-trial-1-target-6,570.0,450.0,37.5,False,Pointer Move (Standard mouse)
1785569706.235073,591,390,p1-block-2-trial-1-target-6,570.0,450.0,37.5,False,Pointer Move (Standard mouse)
1785569706.240926,591,390,p1-block-2-trial-1-target-6,570.0,450.0,37.5,False,Pointer Move (Standard mouse)
1785569706.2494059,591,390,p1-block-2-trial-1-target-6,570.0,450.0,37.5,False,Pointer Move (Standard mouse)
1785569706.255305,590,390,p1-block-2-trial-1-target-6,570.0,450.0,37.5,False,Pointer Move (Standard mouse)
1785569706.26287,590,390,p1-block-2-trial-1-target-6,570.0,450.0,37.5,False,Pointer Move (Standard mouse)
1785569706.270566,588,391,p1-block-2-trial-1-target-6,570.0,450.0,37.5,False,Pointer Move (Standard mouse)
1785569706.2785878,587,392,p1-block-2-trial-1-target-6,570.0,450.0,37.5,False,Pointer Move (Standard mouse)
1785569706.2868211,581,394,p1-block-2-trial-1-target-6,570.0,450.0,37.5,False,Pointer Move (Standard mouse)
1785569706.295858,579,396,p1-block-2-trial-1-target-6,570.0,450.0,37.5,False,Pointer Move (Standard mouse)
1785569706.303406,572,400,p1-block-2-trial-1-target-6,570.0,450.0,37.5,False,Pointer Move (Standard mouse)
1785569706.3100102,566,404,p1-block-2-trial-1-target-6,570.0,450.0,37.5,False,Pointer Move (Standard mouse)
1785569706.316384,562,410,p1-block-2-trial-1-target-6,570.0,450.0,37.5,False,Pointer Move (Standard mouse)
1785569706.327206,556,416,p1-block-2-trial-1-target-6,570.0,450.0,37.5,False,Pointer Move (Standard mouse)
1785569706.331695,552,423,p1-block-2-trial-1-target-6,570.0,450.0,37.5,False,Pointer Move (Standard mouse)
1785569706.338398,552,426,p1-block-2-trial-1-target-6,570.0,450.0,37.5,False,Pointer Move (Standard mouse)
1785569706.3455,550,433,p1-block-2-trial-1-target-6,570.0,450.0,37.5,False,Pointer Move (Standard mouse)
1785569706.3533618,550,438,p1-block-2-trial-1-target-6,570.0,450.0,37.5,False,Pointer Move (Standard mouse)
1785569706.361768,550,443,p1-block-2-trial-1-target-6,570.0,450.0,37.5,False,Pointer Move (Standard mouse)
1785569706.36819,550,444,p1-block-2-trial-1-target-6,570.0,450.0,37.5,False,Pointer Move (Standard mouse)
1785569706.3755038,551,446,p1-block-2-trial-1-target-6,570.0,450.0,37.5,False,Pointer Move (Standard mouse)
1785569706.382625,551,446,p1-block-2-trial-1-target-6,570.0,450.0,37.5,False,Pointer Move (Standard mouse)
1785569706.390295,552,447,p1-block-2-trial-1-target-6,570.0,450.0,37.5,False,Pointer Move (Standard mouse)
1785569706.407138,552,447,p1-block-2-trial-1-target-6,570.0,450.0,37.5,False,Pointer Move (Standard mouse)
1785569706.4131289,552,447,p1-block-2-trial-1-target-6,570.0,450.0,37.5,False,Pointer Move (Standard mouse)
1785569706.442954,552,447,p1-block-2-trial-1-target-6,570.0,450.0,37.5,False,Pointer Move (Standard mouse)
1785569706.4517949,552,447,p1-block-2-trial-1-target-6,570.0,450.0,37.5,False,Pointer Move (Standard mouse)
1785569706.458986,552,448,p1-block-2-trial-1-target-6,570.0,450.0,37.5,False,Pointer Move (Standard mouse)
1785569706.4664,552,448,p1-block-2-trial-1-target-6,570.0,450.0,37.5,False,Pointer Move (Standard mouse)
1785569706.473082,553,448,p1-block-2-trial-1-target-6,570.0,450.0,37.5,False,Pointer Move (Standard mouse)
1785569706.48065,553,449,p1-block-2-trial-1-target-6,570.0,450.0,37.5,False,Pointer Move (Standard mouse)
1785569706.48785,553,449,p1-block-2-trial-1-target-6,570.0,450.0,37.5,False,Pointer Move (Standard mouse)
1785569706.495253,553,449,p1-block-2-trial-1-target-6,570.0,450.0,37.5,False,Pointer Move (Standard mouse)
1785569706.502768,553,450,p1-block-2-trial-1-target-6,570.0,450.0,37.5,False,Pointer Move (Standard mouse)
1785569706.510714,554,450,p1-block-2-trial-1-target-6,570.0,450.0,37.5,False,Pointer Move (Standard mouse)
1785569706.517704,554,451,p1-block-2-trial-1-target-6,570.0,450.0,37.5,False,Pointer Move (Standard mouse)
1785569706.533024,554,451,p1-block-2-trial-1-target-6,570.0,450.0,37.5,False,Pointer Move (Standard mouse)
1785569706.603221,554,451,p1-block-2-trial-1-target-6,570.0,450.0,37.5,target_selected,target_selected
1785569706.6225128,554,451,p1-block-2-trial-2-target-2,870.0,450.0,37.5,False,Pointer Move (Standard mouse)
1785569706.826962,555,451,p1-block-2-trial-2-target-2,870.0,450.0,37.5,False,Pointer Move (Standard mouse)
1785569706.833271,555,450,p1-block-2-trial-2-target-2,870.0,450.0,37.5,False,Pointer Move (Standard mouse)
1785569706.841454,558,450,p1-block-2-trial-2-target-2,870.0,450.0,37.5,False,Pointer Move (Standard mouse)
1785569706.8488152,564,450,p1-block-2-trial-2-target-2,870.0,450.0,37.5,False,Pointer Move (Standard mouse)
1785569706.856616,570,449,p1-block-2-trial-2-target-2,870.0,450.0,37.5,False,Pointer Move (Standard mouse)
1785569706.86433,582,449,p1-block-2-trial-2-target-2,870.0,450.0,37.5,False,Pointer Move (Standard mouse)
1785569706.870615,593,449,p1-block-2-trial-2-target-2,870.0,450.0,37.5,False,Pointer Move (Standard mouse)
1785569706.878728,619,449,p1-block-2-trial-2-target-2,870.0,450.0,37.5,False,Pointer Move (Standard mouse)
1785569706.8860888,633,449,p1-block-2-trial-2-target-2,870.0,450.0,37.5,False,Pointer Move (Standard mouse)
1785569706.8936162,654,449,p1-block-2-trial-2-target-2,870.0,450.0,37.5,False,Pointer Move (Standard mouse)
1785569706.9017842,671,449,p1-block-2-trial-2-target-2,870.0,450.0,37.5,False,Pointer Move (Standard mouse)
1785569706.9090922,693,449,p1-block-2-trial-2-target-2,870.0,450.0,37.5,False,Pointer Move (Standard mouse)
1785569706.916533,714,449,p1-block-2-trial-2-target-2,870.0,450.0,37.5,False,Pointer Move (Standard mouse)
1785569706.92442,732,449,p1-block-2-trial-2-target-2,870.0,450.0,37.5,False,Pointer Move (Standard mouse)
1785569706.932137,752,449,p1-block-2-trial-2-target-2,870.0,450.0,37.5,False,Pointer Move (Standard mouse)
1785569706.938849,768,449,p1-block-2-trial-2-target-2,870.0,450.0,37.5,False,Pointer Move (Standard mouse)
1785569706.946191,782,449,p1-block-2-trial-2-target-2,870.0,450.0,37.5,False,Pointer Move (Standard mouse)
1785569706.95353,792,449,p1-block-2-trial-2-target-2,870.0,450.0,37.5,False,Pointer Move (Standard mouse)
1785569706.961066,796,449,p1-block-2-trial-2-target-2,870.0,450.0,37.5,False,Pointer Move (Standard mouse)
1785569706.9685671,804,449,p1-block-2-trial-2-target-2,870.0,450.0,37.5,False,Pointer Move (Standard mouse)
1785569706.976117,807,449,p1-block-2-trial-2-target-2,870.0,450.0,37.5,False,Pointer Move (Standard mouse)
1785569706.983596,809,449,p1-block-2-trial-2-target-2,870.0,450.0,37.5,False,Pointer Move (Standard mouse)
1785569706.990284,810,449,p1-block-2-trial-2-target-2,870.0,450.0,37.5,False,Pointer Move (Standard mouse)
1785569706.998039,811,449,p1-block-2-trial-2-target-2,870.0,450.0,37.5,False,Pointer Move (Standard mouse)
1785569707.005821,813,448,p1-block-2-trial-2-target-2,870.0,450.0,37.5,False,Pointer Move (Standard mouse)
1785569707.0137112,814,448,p1-block-2-trial-2-target-2,870.0,450.0,37.5,False,Pointer Move (Standard mouse)
1785569707.029124,814,448,p1-block-2-trial-2-target-2,870.0,450.0,37.5,False,Pointer Move (Standard mouse)
1785569707.03658,815,448,p1-block-2-trial-2-target-2,870.0,450.0,37.5,False,Pointer Move (Standard mouse)
1785569707.043586,815,448,p1-block-2-trial-2-target-2,870.0,450.0,37.5,False,Pointer Move (Standard mouse)
1785569707.050546,815,448,p1-block-2-trial-2-target-2,870.0,450.0,37.5,False,Pointer Move (Standard mouse)
1785569707.059593,816,448,p1-block-2-trial-2-target-2,870.0,450.0,37.5,False,Pointer Move (Standard mouse)
1785569707.0682182,816,448,p1-block-2-trial-2-target-2,870.0,450.0,37.5,False,Pointer Move (Standard mouse)
1785569707.081197,816,448,p1-block-2-trial-2-target-2,870.0,450.0,37.5,False,Pointer Move (Standard mouse)
1785569707.0972512,817,448,p1-block-2-trial-2-target-2,870.0,450.0,37.5,False,Pointer Move (Standard mouse)
1785569707.105994,818,448,p1-block-2-trial-2-target-2,870.0,450.0,37.5,False,Pointer Move (Standard mouse)
1785569707.112679,819,448,p1-block-2-trial-2-target-2,870.0,450.0,37.5,False,Pointer Move (Standard mouse)
1785569707.120137,821,448,p1-block-2-trial-2-target-2,870.0,450.0,37.5,False,Pointer Move (Standard mouse)
1785569707.1285381,822,448,p1-block-2-trial-2-target-2,870.0,450.0,37.5,False,Pointer Move (Standard mouse)
1785569707.1335151,822,448,p1-block-2-trial-2-target-2,870.0,450.0,37.5,False,Pointer Move (Standard mouse)
1785569707.142689,823,449,p1-block-2-trial-2-target-2,870.0,450.0,37.5,False,Pointer Move (Standard mouse)
1785569707.1493142,826,449,p1-block-2-trial-2-target-2,870.0,450.0,37.5,False,Pointer Move (Standard mouse)
1785569707.1557918,830,449,p1-block-2-trial-2-target-2,870.0,450.0,37.5,False,Pointer Move (Standard mouse)
1785569707.162634,833,450,p1-block-2-trial-2-target-2,870.0,450.0,37.5,False,Pointer Move (Standard mouse)
1785569707.1703491,838,451,p1-block-2-trial-2-target-2,870.0,450.0,37.5,False,Pointer Move (Standard mouse)
1785569707.177705,843,451,p1-block-2-trial-2-target-2,870.0,450.0,37.5,False,Pointer Move (Standard mouse)
1785569707.186217,848,452,p1-block-2-trial-2-target-2,870.0,450.0,37.5,False,Pointer Move (Standard mouse)
1785569707.193407,849,452,p1-block-2-trial-2-target-2,870.0,450.0,37.5,False,Pointer Move (Standard mouse)
1785569707.20245,854,453,p1-block-2-trial-2-target-2,870.0,450.0,37.5,False,Pointer Move (Standard mouse)
1785569707.2109041,857,453,p1-block-2-trial-2-target-2,870.0,450.0,37.5,False,Pointer Move (Standard mouse)
1785569707.216382,858,453,p1-block-2-trial-2-target-2,870.0,450.0,37.5,False,Pointer Move (Standard mouse)
1785569707.225098,858,453,p1-block-2-trial-2-target-2,870.0,450.0,37.5,False,Pointer Move (Standard mouse)
1785569707.261924,859,453,p1-block-2-trial-2-target-2,870.0,450.0,37.5,False,Pointer Move (Standard mouse)
1785569707.269058,860,453,p1-block-2-trial-2-target-2,870.0,450.0,37.5,False,Pointer Move (Standard mouse)
1785569707.2773278,860,453,p1-block-2-trial-2-target-2,870.0,450.0,37.5,False,Pointer Move (Standard mouse)
1785569707.284801,862,453,p1-block-2-trial-2-target-2,870.0,450.0,37.5,False,Pointer Move (Standard mouse)
1785569707.292929,863,453,p1-block-2-trial-2-target-2,870.0,450.0,37.5,False,Pointer Move (Standard mouse)
1785569707.2996428,864,453,p1-block-2-trial-2-target-2,870.0,450.0,37.5,False,Pointer Move (Standard mouse)
1785569707.308154,864,453,p1-block-2-trial-2-target-2,870.0,450.0,37.5,False,Pointer Move (Standard mouse)
1785569707.316169,865,453,p1-block-2-trial-2-target-2,870.0,450.0,37.5,False,Pointer Move (Standard mouse)
1785569707.373878,865,453,p1-block-2-trial-2-target-2,870.0,450.0,37.5,target_selected,target_selected
1785569707.465152,864,453,p1-block-2-trial-3-target-6,570.0,450.0,37.5,False,Pointer Move (Standard mouse)
1785569707.473258,859,454,p1-block-2-trial-3-target-6,570.0,450.0,37.5,False,Pointer Move (Standard mouse)
1785569707.4788392,852,456,p1-block-2-trial-3-target-6,570.0,450.0,37.5,False,Pointer Move (Standard mouse)
1785569707.488061,845,456,p1-block-2-trial-3-target-6,570.0,450.0,37.5,False,Pointer Move (Standard mouse)
1785569707.4955351,833,458,p1-block-2-trial-3-target-6,570.0,450.0,37.5,False,Pointer Move (Standard mouse)
1785569707.502763,823,460,p1-block-2-trial-3-target-6,570.0,450.0,37.5,False,Pointer Move (Standard mouse)
1785569707.5106099,807,460,p1-block-2-trial-3-target-6,570.0,450.0,37.5,False,Pointer Move (Standard mouse)
1785569707.517521,790,460,p1-block-2-trial-3-target-6,570.0,450.0,37.5,False,Pointer Move (Standard mouse)
1785569707.525046,769,463,p1-block-2-trial-3-target-6,570.0,450.0,37.5,False,Pointer Move (Standard mouse)
1785569707.531042,750,463,p1-block-2-trial-3-target-6,570.0,450.0,37.5,False,Pointer Move (Standard mouse)
1785569707.540949,741,463,p1-block-2-trial-3-target-6,570.0,450.0,37.5,False,Pointer Move (Standard mouse)
1785569707.547681,726,463,p1-block-2-trial-3-target-6,570.0,450.0,37.5,False,Pointer Move (Standard mouse)
1785569707.554442,703,463,p1-block-2-trial-3-target-6,570.0,450.0,37.5,False,Pointer Move (Standard mouse)
1785569707.5622132,695,463,p1-block-2-trial-3-target-6,570.0,450.0,37.5,False,Pointer Move (Standard mouse)
1785569707.5688581,683,463,p1-block-2-trial-3-target-6,570.0,450.0,37.5,False,Pointer Move (Standard mouse)
1785569707.577346,674,463,p1-block-2-trial-3-target-6,570.0,450.0,37.5,False,Pointer Move (Standard mouse)
1785569707.583164,664,463,p1-block-2-trial-3-target-6,570.0,450.0,37.5,False,Pointer Move (Standard mouse)
1785569707.592986,650,463,p1-block-2-trial-3-target-6,570.0,450.0,37.5,False,Pointer Move (Standard mouse)
1785569707.600377,636,463,p1-block-2-trial-3-target-6,570.0,450.0,37.5,False,Pointer Move (Standard mouse)
1785569707.607837,622,463,p1-block-2-trial-3-target-6,570.0,450.0,37.5,False,Pointer Move (Standard mouse)
1785569707.617075,608,463,p1-block-2-trial-3-target-6,570.0,450.0,37.5,False,Pointer Move (Standard mouse)
1785569707.622046,596,463,p1-block-2-trial-3-target-6,570.0,450.0,37.5,False,Pointer Move (Standard mouse)
1785569707.6304262,586,463,p1-block-2-trial-3-target-6,570.0,450.0,37.5,False,Pointer Move (Standard mouse)
1785569707.637037,574,463,p1-block-2-trial-3-target-6,570.0,450.0,37.5,False,Pointer Move (Standard mouse)
1785569707.6455061,562,463,p1-block-2-trial-3-target-6,570.0,450.0,37.5,False,Pointer Move (Standard mouse)
1785569707.652498,560,463,p1-block-2-trial-3-target-6,570.0,450.0,37.5,False,Pointer Move (Standard mouse)
1785569707.6595042,555,463,p1-block-2-trial-3-target-6,570.0,450.0,37.5,False,Pointer Move (Standard mouse)
1785569707.666858,550,463,p1-block-2-trial-3-target-6,570.0,450.0,37.5,False,Pointer Move (Standard mouse)
1785569707.6737862,548,463,p1-block-2-trial-3-target-6,570.0,450.0,37.5,False,Pointer Move (Standard mouse)
1785569707.683094,548,464,p1-block-2-trial-3-target-6,570.0,450.0,37.5,False,Pointer Move (Standard mouse)
1785569707.688082,547,464,p1-block-2-trial-3-target-6,570.0,450.0,37.5,False,Pointer Move (Standard mouse)
1785569707.698378,546,464,p1-block-2-trial-3-target-6,570.0,450.0,37.5,False,Pointer Move (Standard mouse)
1785569707.704177,546,464,p1-block-2-trial-3-target-6,570.0,450.0,37.5,False,Pointer Move (Standard mouse)
1785569707.713024,546,464,p1-block-2-trial-3-target-6,570.0,450.0,37.5,False,Pointer Move (Standard mouse)
1785569707.719508,545,464,p1-block-2-trial-3-target-6,570.0,450.0,37.5,False,Pointer Move (Standard mouse)
1785569707.727818,545,464,p1-block-2-trial-3-target-6,570.0,450.0,37.5,False,Pointer Move (Standard mouse)
1785569707.734386,545,464,p1-block-2-trial-3-target-6,570.0,450.0,37.5,False,Pointer Move (Standard mouse)
1785569707.743252,544,464,p1-block-2-trial-3-target-6,570.0,450.0,37.5,False,Pointer Move (Standard mouse)
1785569707.8098218,544,464,p1-block-2-trial-3-target-6,570.0,450.0,37.5,False,Pointer Move (Standard mouse)
1785569707.840441,544,464,p1-block-2-trial-3-target-6,570.0,450.0,37.5,False,Pointer Move (Standard mouse)
1785569707.869809,544,463,p1-block-2-trial-3-target-6,570.0,450.0,37.5,False,Pointer Move (Standard mouse)
1785569707.892947,544,463,p1-block-2-trial-3-target-6,570.0,450.0,37.5,False,Pointer Move (Standard mouse)
1785569707.916638,544,463,p1-block-2-trial-3-target-6,570.0,450.0,37.5,target_selected,target_selected
1785569708.003217,544,463,p1-block-2-trial-4-target-2,870.0,450.0,37.5,False,Pointer Move (Standard mouse)
1785569708.0111098,545,462,p1-block-2-trial-4-target-2,870.0,450.0,37.5,False,Pointer Move (Standard mouse)
1785569708.018285,548,461,p1-block-2-trial-4-target-2,870.0,450.0,37.5,False,Pointer Move (Standard mouse)
1785569708.0259311,549,461,p1-block-2-trial-4-target-2,870.0,450.0,37.5,False,Pointer Move (Standard mouse)
1785569708.0333781,554,461,p1-block-2-trial-4-target-2,870.0,450.0,37.5,False,Pointer Move (Standard mouse)
1785569708.040968,561,460,p1-block-2-trial-4-target-2,870.0,450.0,37.5,False,Pointer Move (Standard mouse)
1785569708.0482628,568,459,p1-block-2-trial-4-target-2,870.0,450.0,37.5,False,Pointer Move (Standard mouse)
1785569708.056414,575,459,p1-block-2-trial-4-target-2,870.0,450.0,37.5,False,Pointer Move (Standard mouse)
1785569708.063675,584,459,p1-block-2-trial-4-target-2,870.0,450.0,37.5,False,Pointer Move (Standard mouse)
1785569708.071254,594,458,p1-block-2-trial-4-target-2,870.0,450.0,37.5,False,Pointer Move (Standard mouse)
1785569708.079592,602,458,p1-block-2-trial-4-target-2,870.0,450.0,37.5,False,Pointer Move (Standard mouse)
1785569708.0867689,615,456,p1-block-2-trial-4-target-2,870.0,450.0,37.5,False,Pointer Move (Standard mouse)
1785569708.093607,627,456,p1-block-2-trial-4-target-2,870.0,450.0,37.5,False,Pointer Move (Standard mouse)
1785569708.10129,642,455,p1-block-2-trial-4-target-2,870.0,450.0,37.5,False,Pointer Move (Standard mouse)
1785569708.108685,663,452,p1-block-2-trial-4-target-2,870.0,450.0,37.5,False,Pointer Move (Standard mouse)
1785569708.1166852,675,452,p1-block-2-trial-4-target-2,870.0,450.0,37.5,False,Pointer Move (Standard mouse)
1785569708.124247,699,450,p1-block-2-trial-4-target-2,870.0,450.0,37.5,False,Pointer Move (Standard mouse)
1785569708.131825,719,450,p1-block-2-trial-4-target-2,870.0,450.0,37.5,False,Pointer Move (Standard mouse)
1785569708.139314,727,450,p1-block-2-trial-4-target-2,870.0,450.0,37.5,False,Pointer Move (Standard mouse)
1785569708.146385,744,450,p1-block-2-trial-4-target-2,870.0,450.0,37.5,False,Pointer Move (Standard mouse)
1785569708.153638,765,452,p1-block-2-trial-4-target-2,870.0,450.0,37.5,False,Pointer Move (Standard mouse)
1785569708.161098,777,453,p1-block-2-trial-4-target-2,870.0,450.0,37.5,False,Pointer Move (Standard mouse)
1785569708.1682959,788,455,p1-block-2-trial-4-target-2,870.0,450.0,37.5,False,Pointer Move (Standard mouse)
1785569708.175442,793,456,p1-block-2-trial-4-target-2,870.0,450.0,37.5,False,Pointer Move (Standard mouse)
1785569708.183184,798,456,p1-block-2-trial-4-target-2,870.0,450.0,37.5,False,Pointer Move (Standard mouse)
1785569708.190791,801,456,p1-block-2-trial-4-target-2,870.0,450.0,37.5,False,Pointer Move (Standard mouse)
1785569708.198227,802,456,p1-block-2-trial-4-target-2,870.0,450.0,37.5,False,Pointer Move (Standard mouse)
1785569708.206537,803,456,p1-block-2-trial-4-target-2,870.0,450.0,37.5,False,Pointer Move (Standard mouse)
1785569708.21373,803,456,p1-block-2-trial-4-target-2,870.0,450.0,37.5,False,Pointer Move (Standard mouse)
1785569708.221222,803,456,p1-block-2-trial-4-target-2,870.0,450.0,37.5,False,Pointer Move (Standard mouse)
1785569708.228758,804,455,p1-block-2-trial-4-target-2,870.0,450.0,37.5,False,Pointer Move (Standard mouse)
1785569708.23664,805,455,p1-block-2-trial-4-target-2,870.0,450.0,37.5,False,Pointer Move (Standard mouse)
1785569708.245056,808,454,p1-block-2-trial-4-target-2,870.0,450.0,37.5,False,Pointer Move (Standard mouse)
1785569708.2533948,810,453,p1-block-2-trial-4-target-2,870.0,450.0,37.5,False,Pointer Move (Standard mouse)
1785569708.258789,813,452,p1-block-2-trial-4-target-2,870.0,450.0,37.5,False,Pointer Move (Standard mouse)
1785569708.266523,814,452,p1-block-2-trial-4-target-2,870.0,450.0,37.5,False,Pointer Move (Standard mouse)
1785569708.274873,819,451,p1-block-2-trial-4-target-2,870.0,450.0,37.5,False,Pointer Move (Standard mouse)
1785569708.2821918,824,450,p1-block-2-trial-4-target-2,870.0,450.0,37.5,False,Pointer Move (Standard mouse)
1785569708.289718,831,449,p1-block-2-trial-4-target-2,870.0,450.0,37.5,False,Pointer Move (Standard mouse)
1785569708.296265,832,448,p1-block-2-trial-4-target-2,870.0,450.0,37.5,False,Pointer Move (Standard mouse)
1785569708.303649,836,448,p1-block-2-trial-4-target-2,870.0,450.0,37.5,False,Pointer Move (Standard mouse)
1785569708.3111858,836,448,p1-block-2-trial-4-target-2,870.0,450.0,37.5,False,Pointer Move (Standard mouse)
1785569708.358284,837,448,p1-block-2-trial-4-target-2,870.0,450.0,37.5,False,Pointer Move (Standard mouse)
1785569708.365234,837,448,p1-block-2-trial-4-target-2,870.0,450.0,37.5,False,Pointer Move (Standard mouse)
1785569708.372906,838,448,p1-block-2-trial-4-target-2,870.0,450.0,37.5,False,Pointer Move (Standard mouse)
1785569708.3817558,838,448,p1-block-2-trial-4-target-2,870.0,450.0,37.5,False,Pointer Move (Standard mouse)
1785569708.387716,842,448,p1-block-2-trial-4-target-2,870.0,450.0,37.5,False,Pointer Move (Standard mouse)
1785569708.394458,843,448,p1-block-2-trial-4-target-2,870.0,450.0,37.5,False,Pointer Move (Standard mouse)
1785569708.400963,844,448,p1-block-2-trial-4-target-2,870.0,450.0,37.5,False,Pointer Move (Standard mouse)
1785569708.410421,849,448,p1-block-2-trial-4-target-2,870.0,450.0,37.5,False,Pointer Move (Standard mouse)
1785569708.416799,850,448,p1-block-2-trial-4-target-2,870.0,450.0,37.5,False,Pointer Move (Standard mouse)
1785569708.425324,850,448,p1-block-2-trial-4-target-2,870.0,450.0,37.5,False,Pointer Move (Standard mouse)
1785569708.4329631,851,448,p1-block-2-trial-4-target-2,870.0,450.0,37.5,False,Pointer Move (Standard mouse)
1785569708.4421859,852,448,p1-block-2-trial-4-target-2,870.0,450.0,37.5,False,Pointer Move (Standard mouse)
1785569708.446788,852,448,p1-block-2-trial-4-target-2,870.0,450.0,37.5,False,Pointer Move (Standard mouse)
1785569708.453467,853,448,p1-block-2-trial-4-target-2,870.0,450.0,37.5,False,Pointer Move (Standard mouse)
1785569708.4601269,853,448,p1-block-2-trial-4-target-2,870.0,450.0,37.5,False,Pointer Move (Standard mouse)
1785569708.476149,854,448,p1-block-2-trial-4-target-2,870.0,450.0,37.5,False,Pointer Move (Standard mouse)
1785569708.490975,854,448,p1-block-2-trial-4-target-2,870.0,450.0,37.5,False,Pointer Move (Standard mouse)
1785569708.5902588,854,448,p1-block-2-trial-4-target-2,870.0,450.0,37.5,target_selected,target_selected
1785569708.701321,854,448,p1-block-2-trial-5-target-6,570.0,450.0,37.5,False,Pointer Move (Standard mouse)
1785569708.710175,852,449,p1-block-2-trial-5-target-6,570.0,450.0,37.5,False,Pointer Move (Standard mouse)
1785569708.7183979,847,451,p1-block-2-trial-5-target-6,570.0,450.0,37.5,False,Pointer Move (Standard mouse)
1785569708.726538,841,453,p1-block-2-trial-5-target-6,570.0,450.0,37.5,False,Pointer Move (Standard mouse)
1785569708.733236,828,456,p1-block-2-trial-5-target-6,570.0,450.0,37.5,False,Pointer Move (Standard mouse)
1785569708.74096,825,457,p1-block-2-trial-5-target-6,570.0,450.0,37.5,False,Pointer Move (Standard mouse)
1785569708.7450612,811,460,p1-block-2-trial-5-target-6,570.0,450.0,37.5,False,Pointer Move (Standard mouse)
1785569708.754324,799,462,p1-block-2-trial-5-target-6,570.0,450.0,37.5,False,Pointer Move (Standard mouse)
1785569708.761129,785,464,p1-block-2-trial-5-target-6,570.0,450.0,37.5,False,Pointer Move (Standard mouse)
1785569708.7696068,779,465,p1-block-2-trial-5-target-6,570.0,450.0,37.5,False,Pointer Move (Standard mouse)
1785569708.777199,766,466,p1-block-2-trial-5-target-6,570.0,450.0,37.5,False,Pointer Move (Standard mouse)
1785569708.784823,756,466,p1-block-2-trial-5-target-6,570.0,450.0,37.5,False,Pointer Move (Standard mouse)
1785569708.79365,748,466,p1-block-2-trial-5-target-6,570.0,450.0,37.5,False,Pointer Move (Standard mouse)
1785569708.799381,737,466,p1-block-2-trial-5-target-6,570.0,450.0,37.5,False,Pointer Move (Standard mouse)
1785569708.8074949,725,466,p1-block-2-trial-5-target-6,570.0,450.0,37.5,False,Pointer Move (Standard mouse)
1785569708.812592,717,467,p1-block-2-trial-5-target-6,570.0,450.0,37.5,False,Pointer Move (Standard mouse)
1785569708.824,703,467,p1-block-2-trial-5-target-6,570.0,450.0,37.5,False,Pointer Move (Standard mouse)
1785569708.82926,685,467,p1-block-2-trial-5-target-6,570.0,450.0,37.5,False,Pointer Move (Standard mouse)
1785569708.837138,672,469,p1-block-2-trial-5-target-6,570.0,450.0,37.5,False,Pointer Move (Standard mouse)
1785569708.844713,663,470,p1-block-2-trial-5-target-6,570.0,450.0,37.5,False,Pointer Move (Standard mouse)
1785569708.852444,653,471,p1-block-2-trial-5-target-6,570.0,450.0,37.5,False,Pointer Move (Standard mouse)
1785569708.8594408,648,471,p1-block-2-trial-5-target-6,570.0,450.0,37.5,False,Pointer Move (Standard mouse)
1785569708.867174,647,471,p1-block-2-trial-5-target-6,570.0,450.0,37.5,False,Pointer Move (Standard mouse)
1785569708.87848,642,472,p1-block-2-trial-5-target-6,570.0,450.0,37.5,False,Pointer Move (Standard mouse)
1785569708.881186,638,472,p1-block-2-trial-5-target-6,570.0,450.0,37.5,False,Pointer Move (Standard mouse)
1785569708.8899531,637,473,p1-block-2-trial-5-target-6,570.0,450.0,37.5,False,Pointer Move (Standard mouse)
1785569708.897769,635,473,p1-block-2-trial-5-target-6,570.0,450.0,37.5,False,Pointer Move (Standard mouse)
1785569708.904983,632,474,p1-block-2-trial-5-target-6,570.0,450.0,37.5,False,Pointer Move (Standard mouse)
1785569708.9123552,630,474,p1-block-2-trial-5-target-6,570.0,450.0,37.5,False,Pointer Move (Standard mouse)
1785569708.9180958,625,476,p1-block-2-trial-5-target-6,570.0,450.0,37.5,False,Pointer Move (Standard mouse)
1785569708.925644,615,479,p1-block-2-trial-5-target-6,570.0,450.0,37.5,False,Pointer Move (Standard mouse)
1785569708.932735,606,480,p1-block-2-trial-5-target-6,570.0,450.0,37.5,False,Pointer Move (Standard mouse)
1785569708.940199,598,481,p1-block-2-trial-5-target-6,570.0,450.0,37.5,False,Pointer Move (Standard mouse)
1785569708.94832,593,481,p1-block-2-trial-5-target-6,570.0,450.0,37.5,False,Pointer Move (Standard mouse)
1785569708.956741,588,481,p1-block-2-trial-5-target-6,570.0,450.0,37.5,False,Pointer Move (Standard mouse)
1785569708.964532,587,481,p1-block-2-trial-5-target-6,570.0,450.0,37.5,False,Pointer Move (Standard mouse)
1785569708.972629,586,481,p1-block-2-trial-5-target-6,570.0,450.0,37.5,False,Pointer Move (Standard mouse)
1785569708.978807,586,481,p1-block-2-trial-5-target-6,570.0,450.0,37.5,False,Pointer Move (Standard mouse)
1785569708.9853172,586,481,p1-block-2-trial-5-target-6,570.0,450.0,37.5,False,Pointer Move (Standard mouse)
1785569708.993872,585,481,p1-block-2-trial-5-target-6,570.0,450.0,37.5,False,Pointer Move (Standard mouse)
1785569709.000403,585,481,p1-block-2-trial-5-target-6,570.0,450.0,37.5,False,Pointer Move (Standard mouse)
1785569709.030236,584,481,p1-block-2-trial-5-target-6,570.0,450.0,37.5,False,Pointer Move (Standard mouse)
1785569709.0388422,584,481,p1-block-2-trial-5-target-6,570.0,450.0,37.5,False,Pointer Move (Standard mouse)
1785569709.045748,584,481,p1-block-2-trial-5-target-6,570.0,450.0,37.5,False,Pointer Move (Standard mouse)
1785569709.052792,583,481,p1-block-2-trial-5-target-6,570.0,450.0,37.5,False,Pointer Move (Standard mouse)
1785569709.060122,583,481,p1-block-2-trial-5-target-6,570.0,450.0,37.5,False,Pointer Move (Standard mouse)
1785569709.075754,583,481,p1-block-2-trial-5-target-6,570.0,450.0,37.5,False,Pointer Move (Standard mouse)
1785569709.0904589,582,481,p1-block-2-trial-5-target-6,570.0,450.0,37.5,False,Pointer Move (Standard mouse)
1785569709.098017,582,480,p1-block-2-trial-5-target-6,570.0,450.0,37.5,False,Pointer Move (Standard mouse)
1785569709.105439,581,480,p1-block-2-trial-5-target-6,570.0,450.0,37.5,False,Pointer Move (Standard mouse)
1785569709.1130838,580,479,p1-block-2-trial-5-target-6,570.0,450.0,37.5,False,Pointer Move (Standard mouse)
1785569709.1204522,579,479,p1-block-2-trial-5-target-6,570.0,450.0,37.5,False,Pointer Move (Standard mouse)
1785569709.1281312,579,478,p1-block-2-trial-5-target-6,570.0,450.0,37.5,False,Pointer Move (Standard mouse)
1785569709.134882,579,478,p1-block-2-trial-5-target-6,570.0,450.0,37.5,False,Pointer Move (Standard mouse)
1785569709.142964,578,478,p1-block-2-trial-5-target-6,570.0,450.0,37.5,False,Pointer Move (Standard mouse)
1785569709.150354,578,477,p1-block-2-trial-5-target-6,570.0,450.0,37.5,False,Pointer Move (Standard mouse)
1785569709.157908,578,476,p1-block-2-trial-5-target-6,570.0,450.0,37.5,False,Pointer Move (Standard mouse)
1785569709.173782,578,475,p1-block-2-trial-5-target-6,570.0,450.0,37.5,False,Pointer Move (Standard mouse)
1785569709.181948,578,475,p1-block-2-trial-5-target-6,570.0,450.0,37.5,False,Pointer Move (Standard mouse)
1785569709.1883142,578,474,p1-block-2-trial-5-target-6,570.0,450.0,37.5,False,Pointer Move (Standard mouse)
1785569709.1957471,578,472,p1-block-2-trial-5-target-6,570.0,450.0,37.5,False,Pointer Move (Standard mouse)
1785569709.2030861,578,470,p1-block-2-trial-5-target-6,570.0,450.0,37.5,False,Pointer Move (Standard mouse)
1785569709.210745,578,470,p1-block-2-trial-5-target-6,570.0,450.0,37.5,False,Pointer Move (Standard mouse)
1785569709.218056,578,469,p1-block-2-trial-5-target-6,570.0,450.0,37.5,False,Pointer Move (Standard mouse)
1785569709.2255511,578,468,p1-block-2-trial-5-target-6,570.0,450.0,37.5,False,Pointer Move (Standard mouse)
1785569709.233142,578,468,p1-block-2-trial-5-target-6,570.0,450.0,37.5,False,Pointer Move (Standard mouse)
1785569709.2408,578,467,p1-block-2-trial-5-target-6,570.0,450.0,37.5,False,Pointer Move (Standard mouse)
1785569709.248522,577,465,p1-block-2-trial-5-target-6,570.0,450.0,37.5,False,Pointer Move (Standard mouse)
1785569709.2559,577,465,p1-block-2-trial-5-target-6,570.0,450.0,37.5,False,Pointer Move (Standard mouse)
1785569709.263304,577,464,p1-block-2-trial-5-target-6,570.0,450.0,37.5,False,Pointer Move (Standard mouse)
1785569709.270535,577,463,p1-block-2-trial-5-target-6,570.0,450.0,37.5,False,Pointer Move (Standard mouse)
1785569709.2779,577,463,p1-block-2-trial-5-target-6,570.0,450.0,37.5,False,Pointer Move (Standard mouse)
1785569709.360918,577,463,p1-block-2-trial-5-target-6,570.0,450.0,37.5,target_selected,target_selected
1785569709.503646,577,463,p1-block-2-trial-6-target-2,870.0,450.0,37.5,False,Pointer Move (Standard mouse)
1785569709.511107,578,463,p1-block-2-trial-6-target-2,870.0,450.0,37.5,False,Pointer Move (Standard mouse)
1785569709.519389,588,463,p1-block-2-trial-6-target-2,870.0,450.0,37.5,False,Pointer Move (Standard mouse)
1785569709.52597,599,463,p1-block-2-trial-6-target-2,870.0,450.0,37.5,False,Pointer Move (Standard mouse)
1785569709.53569,618,465,p1-block-2-trial-6-target-2,870.0,450.0,37.5,False,Pointer Move (Standard mouse)
1785569709.5417888,628,466,p1-block-2-trial-6-target-2,870.0,450.0,37.5,False,Pointer Move (Standard mouse)
1785569709.550169,658,466,p1-block-2-trial-6-target-2,870.0,450.0,37.5,False,Pointer Move (Standard mouse)
1785569709.556849,668,466,p1-block-2-trial-6-target-2,870.0,450.0,37.5,False,Pointer Move (Standard mouse)
1785569709.563421,701,466,p1-block-2-trial-6-target-2,870.0,450.0,37.5,False,Pointer Move (Standard mouse)
1785569709.572045,731,467,p1-block-2-trial-6-target-2,870.0,450.0,37.5,False,Pointer Move (Standard mouse)
1785569709.57856,757,469,p1-block-2-trial-6-target-2,870.0,450.0,37.5,False,Pointer Move (Standard mouse)
1785569709.5868642,778,469,p1-block-2-trial-6-target-2,870.0,450.0,37.5,False,Pointer Move (Standard mouse)
1785569709.59521,795,469,p1-block-2-trial-6-target-2,870.0,450.0,37.5,False,Pointer Move (Standard mouse)
1785569709.601699,802,470,p1-block-2-trial-6-target-2,870.0,450.0,37.5,False,Pointer Move (Standard mouse)
1785569709.611076,819,470,p1-block-2-trial-6-target-2,870.0,450.0,37.5,False,Pointer Move (Standard mouse)
1785569709.61646,838,470,p1-block-2-trial-6-target-2,870.0,450.0,37.5,False,Pointer Move (Standard mouse)
1785569709.6252842,849,470,p1-block-2-trial-6-target-2,870.0,450.0,37.5,False,Pointer Move (Standard mouse)
1785569709.631553,852,470,p1-block-2-trial-6-target-2,870.0,450.0,37.5,False,Pointer Move (Standard mouse)
1785569709.639967,854,470,p1-block-2-trial-6-target-2,870.0,450.0,37.5,False,Pointer Move (Standard mouse)
1785569709.647444,854,470,p1-block-2-trial-6-target-2,870.0,450.0,37.5,False,Pointer Move (Standard mouse)
1785569709.654478,854,470,p1-block-2-trial-6-target-2,870.0,450.0,37.5,False,Pointer Move (Standard mouse)
1785569709.690764,855,470,p1-block-2-trial-6-target-2,870.0,450.0,37.5,False,Pointer Move (Standard mouse)
1785569709.699405,855,470,p1-block-2-trial-6-target-2,870.0,450.0,37.5,False,Pointer Move (Standard mouse)
1785569709.708128,855,470,p1-block-2-trial-6-target-2,870.0,450.0,37.5,False,Pointer Move (Standard mouse)
1785569709.7141151,856,470,p1-block-2-trial-6-target-2,870.0,450.0,37.5,False,Pointer Move (Standard mouse)
1785569709.720643,856,470,p1-block-2-trial-6-target-2,870.0,450.0,37.5,False,Pointer Move (Standard mouse)
1785569709.735013,856,470,p1-block-2-trial-6-target-2,870.0,450.0,37.5,False,Pointer Move (Standard mouse)
1785569709.841364,857,470,p1-block-2-trial-6-target-2,870.0,450.0,37.5,False,Pointer Move (Standard mouse)
1785569709.864388,858,469,p1-block-2-trial-6-target-2,870.0,450.0,37.5,False,Pointer Move (Standard mouse)
1785569709.873237,859,469,p1-block-2-trial-6-target-2,870.0,450.0,37.5,False,Pointer Move (Standard mouse)
1785569709.88195,868,467,p1-block-2-trial-6-target-2,870.0,450.0,37.5,False,Pointer Move (Standard mouse)
1785569709.886077,871,466,p1-block-2-trial-6-target-2,870.0,450.0,37.5,False,Pointer Move (Standard mouse)
1785569709.892894,871,466,p1-block-2-trial-6-target-2,870.0,450.0,37.5,False,Pointer Move (Standard mouse)
1785569709.900578,875,464,p1-block-2-trial-6-target-2,870.0,450.0,37.5,False,Pointer Move (Standard mouse)
1785569709.9078348,875,464,p1-block-2-trial-6-target-2,870.0,450.0,37.5,False,Pointer Move (Standard mouse)
1785569709.915166,876,464,p1-block-2-trial-6-target-2,870.0,450.0,37.5,False,Pointer Move (Standard mouse)
1785569709.942471,876,464,p1-block-2-trial-6-target-2,870.0,450.0,37.5,False,Pointer Move (Standard mouse)
1785569709.960438,876,464,p1-block-2-trial-6-target-2,870.0,450.0,37.5,False,Pointer Move (Standard mouse)
1785569709.9998899,876,464,p1-block-2-trial-6-target-2,870.0,450.0,37.5,target_selected,target_selected
1785569710.005606,876,464,p1-block-2-trial-7-target-6,570.0,450.0,37.5,False,Pointer Move (Standard mouse)
1785569710.0896692,876,464,p1-block-2-trial-7-target-6,570.0,450.0,37.5,False,Pointer Move (Standard mouse)
1785569710.099774,874,464,p1-block-2-trial-7-target-6,570.0,450.0,37.5,False,Pointer Move (Standard mouse)
1785569710.104961,871,464,p1-block-2-trial-7-target-6,570.0,450.0,37.5,False,Pointer Move (Standard mouse)
1785569710.109392,866,464,p1-block-2-trial-7-target-6,570.0,450.0,37.5,False,Pointer Move (Standard mouse)
1785569710.119078,861,464,p1-block-2-trial-7-target-6,570.0,450.0,37.5,False,Pointer Move (Standard mouse)
1785569710.1256142,857,464,p1-block-2-trial-7-target-6,570.0,450.0,37.5,False,Pointer Move (Standard mouse)
1785569710.13478,852,464,p1-block-2-trial-7-target-6,570.0,450.0,37.5,False,Pointer Move (Standard mouse)
1785569710.1417658,847,465,p1-block-2-trial-7-target-6,570.0,450.0,37.5,False,Pointer Move (Standard mouse)
1785569710.148631,842,465,p1-block-2-trial-7-target-6,570.0,450.0,37.5,False,Pointer Move (Standard mouse)
1785569710.157714,837,465,p1-block-2-trial-7-target-6,570.0,450.0,37.5,False,Pointer Move (Standard mouse)
1785569710.1640708,830,466,p1-block-2-trial-7-target-6,570.0,450.0,37.5,False,Pointer Move (Standard mouse)
1785569710.172582,823,466,p1-block-2-trial-7-target-6,570.0,450.0,37.5,False,Pointer Move (Standard mouse)
1785569710.179117,818,466,p1-block-2-trial-7-target-6,570.0,450.0,37.5,False,Pointer Move (Standard mouse)
1785569710.193834,811,466,p1-block-2-trial-7-target-6,570.0,450.0,37.5,False,Pointer Move (Standard mouse)
1785569710.194964,803,466,p1-block-2-trial-7-target-6,570.0,450.0,37.5,False,Pointer Move (Standard mouse)
1785569710.201371,796,465,p1-block-2-trial-7-target-6,570.0,450.0,37.5,False,Pointer Move (Standard mouse)
1785569710.210025,784,463,p1-block-2-trial-7-target-6,570.0,450.0,37.5,False,Pointer Move (Standard mouse)
1785569710.216554,772,461,p1-block-2-trial-7-target-6,570.0,450.0,37.5,False,Pointer Move (Standard mouse)
1785569710.224824,756,456,p1-block-2-trial-7-target-6,570.0,450.0,37.5,False,Pointer Move (Standard mouse)
1785569710.2317371,739,452,p1-block-2-trial-7-target-6,570.0,450.0,37.5,False,Pointer Move (Standard mouse)
1785569710.240549,725,449,p1-block-2-trial-7-target-6,570.0,450.0,37.5,False,Pointer Move (Standard mouse)
1785569710.245846,713,446,p1-block-2-trial-7-target-6,570.0,450.0,37.5,False,Pointer Move (Standard mouse)
1785569710.255291,699,445,p1-block-2-trial-7-target-6,570.0,450.0,37.5,False,Pointer Move (Standard mouse)
1785569710.263547,685,445,p1-block-2-trial-7-target-6,570.0,450.0,37.5,False,Pointer Move (Standard mouse)
1785569710.2701812,682,445,p1-block-2-trial-7-target-6,570.0,450.0,37.5,False,Pointer Move (Standard mouse)
1785569710.277672,668,445,p1-block-2-trial-7-target-6,570.0,450.0,37.5,False,Pointer Move (Standard mouse)
1785569710.285218,667,445,p1-block-2-trial-7-target-6,570.0,450.0,37.5,False,Pointer Move (Standard mouse)
1785569710.292762,662,445,p1-block-2-trial-7-target-6,570.0,450.0,37.5,False,Pointer Move (Standard mouse)
1785569710.299924,658,446,p1-block-2-trial-7-target-6,570.0,450.0,37.5,False,Pointer Move (Standard mouse)
1785569710.307667,657,446,p1-block-2-trial-7-target-6,570.0,450.0,37.5,False,Pointer Move (Standard mouse)
1785569710.315357,652,447,p1-block-2-trial-7-target-6,570.0,450.0,37.5,False,Pointer Move (Standard mouse)
1785569710.3227782,651,447,p1-block-2-trial-7-target-6,570.0,450.0,37.5,False,Pointer Move (Standard mouse)
1785569710.330684,648,448,p1-block-2-trial-7-target-6,570.0,450.0,37.5,False,Pointer Move (Standard mouse)
1785569710.336289,644,448,p1-block-2-trial-7-target-6,570.0,450.0,37.5,False,Pointer Move (Standard mouse)
1785569710.345255,639,449,p1-block-2-trial-7-target-6,570.0,450.0,37.5,False,Pointer Move (Standard mouse)
1785569710.3512802,638,450,p1-block-2-trial-7-target-6,570.0,450.0,37.5,False,Pointer Move (Standard mouse)
1785569710.360747,637,450,p1-block-2-trial-7-target-6,570.0,450.0,37.5,False,Pointer Move (Standard mouse)
1785569710.365847,637,450,p1-block-2-trial-7-target-6,570.0,450.0,37.5,False,Pointer Move (Standard mouse)
1785569710.374468,636,450,p1-block-2-trial-7-target-6,570.0,450.0,37.5,False,Pointer Move (Standard mouse)
1785569710.381967,635,450,p1-block-2-trial-7-target-6,570.0,450.0,37.5,False,Pointer Move (Standard mouse)
1785569710.389992,635,450,p1-block-2-trial-7-target-6,570.0,450.0,37.5,False,Pointer Move (Standard mouse)
1785569710.3972669,635,450,p1-block-2-trial-7-target-6,570.0,450.0,37.5,False,Pointer Move (Standard mouse)
1785569710.404015,634,450,p1-block-2-trial-7-target-6,570.0,450.0,37.5,False,Pointer Move (Standard mouse)
1785569710.412745,632,450,p1-block-2-trial-7-target-6,570.0,450.0,37.5,False,Pointer Move (Standard mouse)
1785569710.420288,632,450,p1-block-2-trial-7-target-6,570.0,450.0,37.5,False,Pointer Move (Standard mouse)
1785569710.428542,627,452,p1-block-2-trial-7-target-6,570.0,450.0,37.5,False,Pointer Move (Standard mouse)
1785569710.436733,622,453,p1-block-2-trial-7-target-6,570.0,450.0,37.5,False,Pointer Move (Standard mouse)
1785569710.44549,617,455,p1-block-2-trial-7-target-6,570.0,450.0,37.5,False,Pointer Move (Standard mouse)
1785569710.448106,615,455,p1-block-2-trial-7-target-6,570.0,450.0,37.5,False,Pointer Move (Standard mouse)
1785569710.457502,606,456,p1-block-2-trial-7-target-6,570.0,450.0,37.5,False,Pointer Move (Standard mouse)
1785569710.463209,605,456,p1-block-2-trial-7-target-6,570.0,450.0,37.5,False,Pointer Move (Standard mouse)
1785569710.471154,598,457,p1-block-2-trial-7-target-6,570.0,450.0,37.5,False,Pointer Move (Standard mouse)
1785569710.479361,591,457,p1-block-2-trial-7-target-6,570.0,450.0,37.5,False,Pointer Move (Standard mouse)
1785569710.486329,588,458,p1-block-2-trial-7-target-6,570.0,450.0,37.5,False,Pointer Move (Standard mouse)
1785569710.4942322,586,458,p1-block-2-trial-7-target-6,570.0,450.0,37.5,False,Pointer Move (Standard mouse)
1785569710.50222,586,458,p1-block-2-trial-7-target-6,570.0,450.0,37.5,False,Pointer Move (Standard mouse)
1785569710.518923,585,458,p1-block-2-trial-7-target-6,570.0,450.0,37.5,False,Pointer Move (Standard mouse)
1785569710.5333388,585,459,p1-block-2-trial-7-target-6,570.0,450.0,37.5,False,Pointer Move (Standard mouse)
1785569710.549203,585,459,p1-block-2-trial-7-target-6,570.0,450.0,37.5,False,Pointer Move (Standard mouse)
1785569710.55279,584,459,p1-block-2-trial-7-target-6,570.0,450.0,37.5,False,Pointer Move (Standard mouse)
1785569710.57091,584,459,p1-block-2-trial-7-target-6,570.0,450.0,37.5,False,Pointer Move (Standard mouse)
1785569710.599763,584,459,p1-block-2-trial-7-target-6,570.0,450.0,37.5,False,Pointer Move (Standard mouse)
1785569710.66924,584,459,p1-block-2-trial-7-target-6,570.0,450.0,37.5,target_selected,target_selected
1785569710.678842,584,458,p1-block-2-trial-8-target-2,870.0,450.0,37.5,False,Pointer Move (Standard mouse)
1785569710.7880929,584,458,p1-block-2-trial-8-target-2,870.0,450.0,37.5,False,Pointer Move (Standard mouse)
1785569710.79597,585,458,p1-block-2-trial-8-target-2,870.0,450.0,37.5,False,Pointer Move (Standard mouse)
1785569710.801152,587,458,p1-block-2-trial-8-target-2,870.0,450.0,37.5,False,Pointer Move (Standard mouse)
1785569710.810297,588,458,p1-block-2-trial-8-target-2,870.0,450.0,37.5,False,Pointer Move (Standard mouse)
1785569710.8178,590,458,p1-block-2-trial-8-target-2,870.0,450.0,37.5,False,Pointer Move (Standard mouse)
1785569710.825282,593,457,p1-block-2-trial-8-target-2,870.0,450.0,37.5,False,Pointer Move (Standard mouse)
1785569710.8324711,596,456,p1-block-2-trial-8-target-2,870.0,450.0,37.5,False,Pointer Move (Standard mouse)
1785569710.839154,597,456,p1-block-2-trial-8-target-2,870.0,450.0,37.5,False,Pointer Move (Standard mouse)
1785569710.847368,599,455,p1-block-2-trial-8-target-2,870.0,450.0,37.5,False,Pointer Move (Standard mouse)
1785569710.853583,602,454,p1-block-2-trial-8-target-2,870.0,450.0,37.5,False,Pointer Move (Standard mouse)
1785569710.860242,605,453,p1-block-2-trial-8-target-2,870.0,450.0,37.5,False,Pointer Move (Standard mouse)
1785569710.8704908,610,452,p1-block-2-trial-8-target-2,870.0,450.0,37.5,False,Pointer Move (Standard mouse)
1785569710.8771882,619,450,p1-block-2-trial-8-target-2,870.0,450.0,37.5,False,Pointer Move (Standard mouse)
1785569710.88433,624,449,p1-block-2-trial-8-target-2,870.0,450.0,37.5,False,Pointer Move (Standard mouse)
1785569710.891928,634,446,p1-block-2-trial-8-target-2,870.0,450.0,37.5,False,Pointer Move (Standard mouse)
1785569710.899921,647,443,p1-block-2-trial-8-target-2,870.0,450.0,37.5,False,Pointer Move (Standard mouse)
1785569710.906537,659,441,p1-block-2-trial-8-target-2,870.0,450.0,37.5,False,Pointer Move (Standard mouse)
1785569710.915157,672,436,p1-block-2-trial-8-target-2,870.0,450.0,37.5,False,Pointer Move (Standard mouse)
1785569710.9227111,688,434,p1-block-2-trial-8-target-2,870.0,450.0,37.5,False,Pointer Move (Standard mouse)
1785569710.930367,700,431,p1-block-2-trial-8-target-2,870.0,450.0,37.5,False,Pointer Move (Standard mouse)
1785569710.937669,714,428,p1-block-2-trial-8-target-2,870.0,450.0,37.5,False,Pointer Move (Standard mouse)
1785569710.944562,731,425,p1-block-2-trial-8-target-2,870.0,450.0,37.5,False,Pointer Move (Standard mouse)
1785569710.9528089,740,425,p1-block-2-trial-8-target-2,870.0,450.0,37.5,False,Pointer Move (Standard mouse)
1785569710.9595861,757,422,p1-block-2-trial-8-target-2,870.0,450.0,37.5,False,Pointer Move (Standard mouse)
1785569710.966149,762,421,p1-block-2-trial-8-target-2,870.0,450.0,37.5,False,Pointer Move (Standard mouse)
1785569710.97395,769,421,p1-block-2-trial-8-target-2,870.0,450.0,37.5,False,Pointer Move (Standard mouse)
1785569710.981117,774,420,p1-block-2-trial-8-target-2,870.0,450.0,37.5,False,Pointer Move (Standard mouse)
1785569710.988425,776,420,p1-block-2-trial-8-target-2,870.0,450.0,37.5,False,Pointer Move (Standard mouse)
1785569710.995198,777,420,p1-block-2-trial-8-target-2,870.0,450.0,37.5,False,Pointer Move (Standard mouse)
1785569711.002731,778,419,p1-block-2-trial-8-target-2,870.0,450.0,37.5,False,Pointer Move (Standard mouse)
1785569711.010238,779,419,p1-block-2-trial-8-target-2,870.0,450.0,37.5,False,Pointer Move (Standard mouse)
1785569711.0180218,780,419,p1-block-2-trial-8-target-2,870.0,450.0,37.5,False,Pointer Move (Standard mouse)
1785569711.0256262,782,419,p1-block-2-trial-8-target-2,870.0,450.0,37.5,False,Pointer Move (Standard mouse)
1785569711.033112,783,419,p1-block-2-trial-8-target-2,870.0,450.0,37.5,False,Pointer Move (Standard mouse)
1785569711.041099,785,419,p1-block-2-trial-8-target-2,870.0,450.0,37.5,False,Pointer Move (Standard mouse)
1785569711.048574,788,419,p1-block-2-trial-8-target-2,870.0,450.0,37.5,False,Pointer Move (Standard mouse)
1785569711.0561438,792,419,p1-block-2-trial-8-target-2,870.0,450.0,37.5,False,Pointer Move (Standard mouse)
1785569711.063603,793,419,p1-block-2-trial-8-target-2,870.0,450.0,37.5,False,Pointer Move (Standard mouse)
1785569711.07099,795,419,p1-block-2-trial-8-target-2,870.0,450.0,37.5,False,Pointer Move (Standard mouse)
1785569711.078654,795,419,p1-block-2-trial-8-target-2,870.0,450.0,37.5,False,Pointer Move (Standard mouse)
1785569711.0860522,795,419,p1-block-2-trial-8-target-2,870.0,450.0,37.5,False,Pointer Move (Standard mouse)
1785569711.093707,796,419,p1-block-2-trial-8-target-2,870.0,450.0,37.5,False,Pointer Move (Standard mouse)
1785569711.101378,796,419,p1-block-2-trial-8-target-2,870.0,450.0,37.5,False,Pointer Move (Standard mouse)
1785569711.1091,797,419,p1-block-2-trial-8-target-2,870.0,450.0,37.5,False,Pointer Move (Standard mouse)
1785569711.116649,797,419,p1-block-2-trial-8-target-2,870.0,450.0,37.5,False,Pointer Move (Standard mouse)
1785569711.124068,799,419,p1-block-2-trial-8-target-2,870.0,450.0,37.5,False,Pointer Move (Standard mouse)
1785569711.131629,802,420,p1-block-2-trial-8-target-2,870.0,450.0,37.5,False,Pointer Move (Standard mouse)
1785569711.1390111,804,421,p1-block-2-trial-8-target-2,870.0,450.0,37.5,False,Pointer Move (Standard mouse)
1785569711.145994,805,421,p1-block-2-trial-8-target-2,870.0,450.0,37.5,False,Pointer Move (Standard mouse)
1785569711.152857,809,423,p1-block-2-trial-8-target-2,870.0,450.0,37.5,False,Pointer Move (Standard mouse)
1785569711.160248,809,423,p1-block-2-trial-8-target-2,870.0,450.0,37.5,False,Pointer Move (Standard mouse)
1785569711.169018,811,424,p1-block-2-trial-8-target-2,870.0,450.0,37.5,False,Pointer Move (Standard mouse)
1785569711.176715,811,425,p1-block-2-trial-8-target-2,870.0,450.0,37.5,False,Pointer Move (Standard mouse)
1785569711.183917,812,425,p1-block-2-trial-8-target-2,870.0,450.0,37.5,False,Pointer Move (Standard mouse)
1785569711.191113,813,426,p1-block-2-trial-8-target-2,870.0,450.0,37.5,False,Pointer Move (Standard mouse)
1785569711.199539,813,426,p1-block-2-trial-8-target-2,870.0,450.0,37.5,False,Pointer Move (Standard mouse)
1785569711.208905,814,427,p1-block-2-trial-8-target-2,870.0,450.0,37.5,False,Pointer Move (Standard mouse)
1785569711.215625,814,427,p1-block-2-trial-8-target-2,870.0,450.0,37.5,False,Pointer Move (Standard mouse)
1785569711.223567,818,430,p1-block-2-trial-8-target-2,870.0,450.0,37.5,False,Pointer Move (Standard mouse)
1785569711.229899,822,432,p1-block-2-trial-8-target-2,870.0,450.0,37.5,False,Pointer Move (Standard mouse)
1785569711.235868,825,433,p1-block-2-trial-8-target-2,870.0,450.0,37.5,False,Pointer Move (Standard mouse)
1785569711.246301,826,433,p1-block-2-trial-8-target-2,870.0,450.0,37.5,False,Pointer Move (Standard mouse)
1785569711.251064,831,435,p1-block-2-trial-8-target-2,870.0,450.0,37.5,False,Pointer Move (Standard mouse)
1785569711.2594671,834,437,p1-block-2-trial-8-target-2,870.0,450.0,37.5,False,Pointer Move (Standard mouse)
1785569711.2668211,838,438,p1-block-2-trial-8-target-2,870.0,450.0,37.5,False,Pointer Move (Standard mouse)
1785569711.272856,838,438,p1-block-2-trial-8-target-2,870.0,450.0,37.5,False,Pointer Move (Standard mouse)
1785569711.2822988,839,438,p1-block-2-trial-8-target-2,870.0,450.0,37.5,False,Pointer Move (Standard mouse)
1785569711.291017,839,438,p1-block-2-trial-8-target-2,870.0,450.0,37.5,False,Pointer Move (Standard mouse)
1785569711.2977788,839,439,p1-block-2-trial-8-target-2,870.0,450.0,37.5,False,Pointer Move (Standard mouse)
1785569711.441306,839,439,p1-block-2-trial-8-target-2,870.0,450.0,37.5,False,Pointer Move (Standard mouse)
1785569711.447579,840,439,p1-block-2-trial-8-target-2,870.0,450.0,37.5,False,Pointer Move (Standard mouse)
1785569711.4561,840,439,p1-block-2-trial-8-target-2,870.0,450.0,37.5,False,Pointer Move (Standard mouse)
1785569711.46211,841,439,p1-block-2-trial-8-target-2,870.0,450.0,37.5,False,Pointer Move (Standard mouse)
1785569711.4707022,843,439,p1-block-2-trial-8-target-2,870.0,450.0,37.5,False,Pointer Move (Standard mouse)
1785569711.476199,843,439,p1-block-2-trial-8-target-2,870.0,450.0,37.5,False,Pointer Move (Standard mouse)
1785569711.485436,845,439,p1-block-2-trial-8-target-2,870.0,450.0,37.5,False,Pointer Move (Standard mouse)
1785569711.492565,845,439,p1-block-2-trial-8-target-2,870.0,450.0,37.5,False,Pointer Move (Standard mouse)
1785569711.499934,846,439,p1-block-2-trial-8-target-2,870.0,450.0,37.5,False,Pointer Move (Standard mouse)
1785569711.5088708,846,439,p1-block-2-trial-8-target-2,870.0,450.0,37.5,False,Pointer Move (Standard mouse)
1785569711.599618,846,439,p1-block-2-trial-8-target-2,870.0,450.0,37.5,target_selected,target_selected
1785569711.693024,846,439,p1-block-2-trial-9-target-6,570.0,450.0,37.5,False,Pointer Move (Standard mouse)
1785569711.7030149,842,441,p1-block-2-trial-9-target-6,570.0,450.0,37.5,False,Pointer Move (Standard mouse)
1785569711.710793,839,442,p1-block-2-trial-9-target-6,570.0,450.0,37.5,False,Pointer Move (Standard mouse)
1785569711.718546,834,443,p1-block-2-trial-9-target-6,570.0,450.0,37.5,False,Pointer Move (Standard mouse)
1785569711.725662,827,444,p1-block-2-trial-9-target-6,570.0,450.0,37.5,False,Pointer Move (Standard mouse)
1785569711.732884,822,445,p1-block-2-trial-9-target-6,570.0,450.0,37.5,False,Pointer Move (Standard mouse)
1785569711.7403781,817,446,p1-block-2-trial-9-target-6,570.0,450.0,37.5,False,Pointer Move (Standard mouse)
1785569711.747712,814,446,p1-block-2-trial-9-target-6,570.0,450.0,37.5,False,Pointer Move (Standard mouse)
1785569711.7547572,807,446,p1-block-2-trial-9-target-6,570.0,450.0,37.5,False,Pointer Move (Standard mouse)
1785569711.7623549,802,447,p1-block-2-trial-9-target-6,570.0,450.0,37.5,False,Pointer Move (Standard mouse)
1785569711.769791,797,447,p1-block-2-trial-9-target-6,570.0,450.0,37.5,False,Pointer Move (Standard mouse)
1785569711.776486,790,447,p1-block-2-trial-9-target-6,570.0,450.0,37.5,False,Pointer Move (Standard mouse)
1785569711.7834291,783,447,p1-block-2-trial-9-target-6,570.0,450.0,37.5,False,Pointer Move (Standard mouse)
1785569711.7913978,780,447,p1-block-2-trial-9-target-6,570.0,450.0,37.5,False,Pointer Move (Standard mouse)
1785569711.801311,771,447,p1-block-2-trial-9-target-6,570.0,450.0,37.5,False,Pointer Move (Standard mouse)
1785569711.807549,759,447,p1-block-2-trial-9-target-6,570.0,450.0,37.5,False,Pointer Move (Standard mouse)
1785569711.8142998,754,447,p1-block-2-trial-9-target-6,570.0,450.0,37.5,False,Pointer Move (Standard mouse)
1785569711.8232589,740,447,p1-block-2-trial-9-target-6,570.0,450.0,37.5,False,Pointer Move (Standard mouse)
1785569711.829685,723,447,p1-block-2-trial-9-target-6,570.0,450.0,37.5,False,Pointer Move (Standard mouse)
1785569711.837844,716,447,p1-block-2-trial-9-target-6,570.0,450.0,37.5,False,Pointer Move (Standard mouse)
1785569711.844077,697,447,p1-block-2-trial-9-target-6,570.0,450.0,37.5,False,Pointer Move (Standard mouse)
1785569711.852278,678,447,p1-block-2-trial-9-target-6,570.0,450.0,37.5,False,Pointer Move (Standard mouse)
1785569711.861004,655,447,p1-block-2-trial-9-target-6,570.0,450.0,37.5,False,Pointer Move (Standard mouse)
1785569711.868532,647,447,p1-block-2-trial-9-target-6,570.0,450.0,37.5,False,Pointer Move (Standard mouse)
1785569711.875351,631,447,p1-block-2-trial-9-target-6,570.0,450.0,37.5,False,Pointer Move (Standard mouse)
1785569711.882335,607,447,p1-block-2-trial-9-target-6,570.0,450.0,37.5,False,Pointer Move (Standard mouse)
1785569711.8902452,595,447,p1-block-2-trial-9-target-6,570.0,450.0,37.5,False,Pointer Move (Standard mouse)
1785569711.8976269,584,447,p1-block-2-trial-9-target-6,570.0,450.0,37.5,False,Pointer Move (Standard mouse)
1785569711.905613,581,447,p1-block-2-trial-9-target-6,570.0,450.0,37.5,False,Pointer Move (Standard mouse)
1785569711.9140859,576,447,p1-block-2-trial-9-target-6,570.0,450.0,37.5,False,Pointer Move (Standard mouse)
1785569711.920699,571,447,p1-block-2-trial-9-target-6,570.0,450.0,37.5,False,Pointer Move (Standard mouse)
1785569711.92869,569,447,p1-block-2-trial-9-target-6,570.0,450.0,37.5,False,Pointer Move (Standard mouse)
1785569711.933583,569,448,p1-block-2-trial-9-target-6,570.0,450.0,37.5,False,Pointer Move (Standard mouse)
1785569711.943205,568,448,p1-block-2-trial-9-target-6,570.0,450.0,37.5,False,Pointer Move (Standard mouse)
1785569711.949439,568,448,p1-block-2-trial-9-target-6,570.0,450.0,37.5,False,Pointer Move (Standard mouse)
1785569711.958528,567,449,p1-block-2-trial-9-target-6,570.0,450.0,37.5,False,Pointer Move (Standard mouse)
1785569711.965255,565,450,p1-block-2-trial-9-target-6,570.0,450.0,37.5,False,Pointer Move (Standard mouse)
1785569711.972449,563,451,p1-block-2-trial-9-target-6,570.0,450.0,37.5,False,Pointer Move (Standard mouse)
1785569711.979253,560,452,p1-block-2-trial-9-target-6,570.0,450.0,37.5,False,Pointer Move (Standard mouse)
1785569711.985236,560,452,p1-block-2-trial-9-target-6,570.0,450.0,37.5,False,Pointer Move (Standard mouse)
1785569711.9927099,558,453,p1-block-2-trial-9-target-6,570.0,450.0,37.5,False,Pointer Move (Standard mouse)
1785569712.002251,557,453,p1-block-2-trial-9-target-6,570.0,450.0,37.5,False,Pointer Move (Standard mouse)
1785569712.0096169,556,453,p1-block-2-trial-9-target-6,570.0,450.0,37.5,False,Pointer Move (Standard mouse)
1785569712.019503,555,453,p1-block-2-trial-9-target-6,570.0,450.0,37.5,False,Pointer Move (Standard mouse)
1785569712.025661,555,453,p1-block-2-trial-9-target-6,570.0,450.0,37.5,False,Pointer Move (Standard mouse)
1785569712.03103,554,453,p1-block-2-trial-9-target-6,570.0,450.0,37.5,False,Pointer Move (Standard mouse)
1785569712.038332,554,453,p1-block-2-trial-9-target-6,570.0,450.0,37.5,False,Pointer Move (Standard mouse)
1785569712.053291,554,453,p1-block-2-trial-9-target-6,570.0,450.0,37.5,False,Pointer Move (Standard mouse)
1785569712.060778,553,453,p1-block-2-trial-9-target-6,570.0,450.0,37.5,False,Pointer Move (Standard mouse)
1785569712.067688,553,453,p1-block-2-trial-9-target-6,570.0,450.0,37.5,False,Pointer Move (Standard mouse)
1785569712.075434,553,453,p1-block-2-trial-9-target-6,570.0,450.0,37.5,False,Pointer Move (Standard mouse)
1785569712.106438,552,453,p1-block-2-trial-9-target-6,570.0,450.0,37.5,False,Pointer Move (Standard mouse)
1785569712.1605241,552,453,p1-block-2-trial-9-target-6,570.0,450.0,37.5,target_selected,target_selected
1785569712.287174,553,453,p1-block-2-trial-10-target-2,870.0,450.0,37.5,False,Pointer Move (Standard mouse)
1785569712.294715,553,453,p1-block-2-trial-10-target-2,870.0,450.0,37.5,False,Pointer Move (Standard mouse)
1785569712.302007,558,451,p1-block-2-trial-10-target-2,870.0,450.0,37.5,False,Pointer Move (Standard mouse)
1785569712.3101308,562,448,p1-block-2-trial-10-target-2,870.0,450.0,37.5,False,Pointer Move (Standard mouse)
1785569712.317325,564,448,p1-block-2-trial-10-target-2,870.0,450.0,37.5,False,Pointer Move (Standard mouse)
1785569712.3233862,569,446,p1-block-2-trial-10-target-2,870.0,450.0,37.5,False,Pointer Move (Standard mouse)
1785569712.332444,583,443,p1-block-2-trial-10-target-2,870.0,450.0,37.5,False,Pointer Move (Standard mouse)
1785569712.339848,591,442,p1-block-2-trial-10-target-2,870.0,450.0,37.5,False,Pointer Move (Standard mouse)
1785569712.347778,610,439,p1-block-2-trial-10-target-2,870.0,450.0,37.5,False,Pointer Move (Standard mouse)
1785569712.354649,631,439,p1-block-2-trial-10-target-2,870.0,450.0,37.5,False,Pointer Move (Standard mouse)
1785569712.362706,647,439,p1-block-2-trial-10-target-2,870.0,450.0,37.5,False,Pointer Move (Standard mouse)
1785569712.37017,669,439,p1-block-2-trial-10-target-2,870.0,450.0,37.5,False,Pointer Move (Standard mouse)
1785569712.37695,687,439,p1-block-2-trial-10-target-2,870.0,450.0,37.5,False,Pointer Move (Standard mouse)
1785569712.3853362,711,439,p1-block-2-trial-10-target-2,870.0,450.0,37.5,False,Pointer Move (Standard mouse)
1785569712.390883,723,439,p1-block-2-trial-10-target-2,870.0,450.0,37.5,False,Pointer Move (Standard mouse)
1785569712.3978581,744,439,p1-block-2-trial-10-target-2,870.0,450.0,37.5,False,Pointer Move (Standard mouse)
1785569712.405164,749,439,p1-block-2-trial-10-target-2,870.0,450.0,37.5,False,Pointer Move (Standard mouse)
1785569712.4148638,764,439,p1-block-2-trial-10-target-2,870.0,450.0,37.5,False,Pointer Move (Standard mouse)
1785569712.4213388,775,439,p1-block-2-trial-10-target-2,870.0,450.0,37.5,False,Pointer Move (Standard mouse)
1785569712.429125,780,439,p1-block-2-trial-10-target-2,870.0,450.0,37.5,False,Pointer Move (Standard mouse)
1785569712.435314,787,439,p1-block-2-trial-10-target-2,870.0,450.0,37.5,False,Pointer Move (Standard mouse)
1785569712.44277,794,439,p1-block-2-trial-10-target-2,870.0,450.0,37.5,False,Pointer Move (Standard mouse)
1785569712.450243,794,439,p1-block-2-trial-10-target-2,870.0,450.0,37.5,False,Pointer Move (Standard mouse)
1785569712.459127,803,438,p1-block-2-trial-10-target-2,870.0,450.0,37.5,False,Pointer Move (Standard mouse)
1785569712.468631,808,438,p1-block-2-trial-10-target-2,870.0,450.0,37.5,False,Pointer Move (Standard mouse)
1785569712.474079,811,437,p1-block-2-trial-10-target-2,870.0,450.0,37.5,False,Pointer Move (Standard mouse)
1785569712.4810739,812,437,p1-block-2-trial-10-target-2,870.0,450.0,37.5,False,Pointer Move (Standard mouse)
1785569712.4894688,817,436,p1-block-2-trial-10-target-2,870.0,450.0,37.5,False,Pointer Move (Standard mouse)
1785569712.495081,819,436,p1-block-2-trial-10-target-2,870.0,450.0,37.5,False,Pointer Move (Standard mouse)
1785569712.502986,820,436,p1-block-2-trial-10-target-2,870.0,450.0,37.5,False,Pointer Move (Standard mouse)
1785569712.5104709,820,436,p1-block-2-trial-10-target-2,870.0,450.0,37.5,False,Pointer Move (Standard mouse)
1785569712.5177112,821,436,p1-block-2-trial-10-target-2,870.0,450.0,37.5,False,Pointer Move (Standard mouse)
1785569712.541016,822,436,p1-block-2-trial-10-target-2,870.0,450.0,37.5,False,Pointer Move (Standard mouse)
1785569712.548508,822,436,p1-block-2-trial-10-target-2,870.0,450.0,37.5,False,Pointer Move (Standard mouse)
1785569712.556106,823,436,p1-block-2-trial-10-target-2,870.0,450.0,37.5,False,Pointer Move (Standard mouse)
1785569712.562622,829,437,p1-block-2-trial-10-target-2,870.0,450.0,37.5,False,Pointer Move (Standard mouse)
1785569712.570213,830,437,p1-block-2-trial-10-target-2,870.0,450.0,37.5,False,Pointer Move (Standard mouse)
1785569712.5777678,837,440,p1-block-2-trial-10-target-2,870.0,450.0,37.5,False,Pointer Move (Standard mouse)
1785569712.585679,842,441,p1-block-2-trial-10-target-2,870.0,450.0,37.5,False,Pointer Move (Standard mouse)
1785569712.5930638,847,441,p1-block-2-trial-10-target-2,870.0,450.0,37.5,False,Pointer Move (Standard mouse)
1785569712.601334,850,441,p1-block-2-trial-10-target-2,870.0,450.0,37.5,False,Pointer Move (Standard mouse)
1785569712.6090581,851,442,p1-block-2-trial-10-target-2,870.0,450.0,37.5,False,Pointer Move (Standard mouse)
1785569712.617391,851,442,p1-block-2-trial-10-target-2,870.0,450.0,37.5,False,Pointer Move (Standard mouse)
1785569712.623177,851,442,p1-block-2-trial-10-target-2,870.0,450.0,37.5,False,Pointer Move (Standard mouse)
1785569712.669395,852,442,p1-block-2-trial-10-target-2,870.0,450.0,37.5,False,Pointer Move (Standard mouse)
1785569712.677738,852,442,p1-block-2-trial-10-target-2,870.0,450.0,37.5,False,Pointer Move (Standard mouse)
1785569712.684376,853,442,p1-block-2-trial-10-target-2,870.0,450.0,37.5,False,Pointer Move (Standard mouse)
1785569712.6927528,853,442,p1-block-2-trial-10-target-2,870.0,450.0,37.5,False,Pointer Move (Standard mouse)
1785569712.699394,853,442,p1-block-2-trial-10-target-2,870.0,450.0,37.5,False,Pointer Move (Standard mouse)
1785569712.706051,854,442,p1-block-2-trial-10-target-2,870.0,450.0,37.5,False,Pointer Move (Standard mouse)
1785569712.715128,854,442,p1-block-2-trial-10-target-2,870.0,450.0,37.5,False,Pointer Move (Standard mouse)
1785569712.7229052,855,442,p1-block-2-trial-10-target-2,870.0,450.0,37.5,False,Pointer Move (Standard mouse)
1785569712.730179,855,442,p1-block-2-trial-10-target-2,870.0,450.0,37.5,False,Pointer Move (Standard mouse)
1785569712.736831,856,443,p1-block-2-trial-10-target-2,870.0,450.0,37.5,False,Pointer Move (Standard mouse)
1785569712.7459981,857,443,p1-block-2-trial-10-target-2,870.0,450.0,37.5,False,Pointer Move (Standard mouse)
1785569712.751861,857,443,p1-block-2-trial-10-target-2,870.0,450.0,37.5,False,Pointer Move (Standard mouse)
1785569712.7605178,858,443,p1-block-2-trial-10-target-2,870.0,450.0,37.5,False,Pointer Move (Standard mouse)
1785569712.767369,858,443,p1-block-2-trial-10-target-2,870.0,450.0,37.5,False,Pointer Move (Standard mouse)
1785569712.776011,859,443,p1-block-2-trial-10-target-2,870.0,450.0,37.5,False,Pointer Move (Standard mouse)
1785569712.8046432,859,443,p1-block-2-trial-10-target-2,870.0,450.0,37.5,False,Pointer Move (Standard mouse)
1785569712.85231,859,443,p1-block-2-trial-10-target-2,870.0,450.0,37.5,target_selected,target_selected
1785569712.9174201,859,444,p1-block-2-trial-11-target-6,570.0,450.0,37.5,False,Pointer Move (Standard mouse)
1785569712.923956,858,444,p1-block-2-trial-11-target-6,570.0,450.0,37.5,False,Pointer Move (Standard mouse)
1785569712.931073,857,444,p1-block-2-trial-11-target-6,570.0,450.0,37.5,False,Pointer Move (Standard mouse)
1785569712.938545,856,444,p1-block-2-trial-11-target-6,570.0,450.0,37.5,False,Pointer Move (Standard mouse)
1785569712.953346,851,445,p1-block-2-trial-11-target-6,570.0,450.0,37.5,False,Pointer Move (Standard mouse)
1785569712.953634,844,447,p1-block-2-trial-11-target-6,570.0,450.0,37.5,False,Pointer Move (Standard mouse)
1785569712.960691,837,448,p1-block-2-trial-11-target-6,570.0,450.0,37.5,False,Pointer Move (Standard mouse)
1785569712.967853,829,448,p1-block-2-trial-11-target-6,570.0,450.0,37.5,False,Pointer Move (Standard mouse)
1785569712.975415,817,449,p1-block-2-trial-11-target-6,570.0,450.0,37.5,False,Pointer Move (Standard mouse)
1785569712.9829361,806,450,p1-block-2-trial-11-target-6,570.0,450.0,37.5,False,Pointer Move (Standard mouse)
1785569712.990675,791,452,p1-block-2-trial-11-target-6,570.0,450.0,37.5,False,Pointer Move (Standard mouse)
1785569712.998558,784,452,p1-block-2-trial-11-target-6,570.0,450.0,37.5,False,Pointer Move (Standard mouse)
1785569713.006191,763,453,p1-block-2-trial-11-target-6,570.0,450.0,37.5,False,Pointer Move (Standard mouse)
1785569713.0140102,747,453,p1-block-2-trial-11-target-6,570.0,450.0,37.5,False,Pointer Move (Standard mouse)
1785569713.0217779,732,455,p1-block-2-trial-11-target-6,570.0,450.0,37.5,False,Pointer Move (Standard mouse)
1785569713.028682,721,455,p1-block-2-trial-11-target-6,570.0,450.0,37.5,False,Pointer Move (Standard mouse)
1785569713.035842,702,455,p1-block-2-trial-11-target-6,570.0,450.0,37.5,False,Pointer Move (Standard mouse)
1785569713.043489,697,455,p1-block-2-trial-11-target-6,570.0,450.0,37.5,False,Pointer Move (Standard mouse)
1785569713.051609,675,455,p1-block-2-trial-11-target-6,570.0,450.0,37.5,False,Pointer Move (Standard mouse)
1785569713.059173,659,455,p1-block-2-trial-11-target-6,570.0,450.0,37.5,False,Pointer Move (Standard mouse)
1785569713.066219,647,455,p1-block-2-trial-11-target-6,570.0,450.0,37.5,False,Pointer Move (Standard mouse)
1785569713.072855,635,452,p1-block-2-trial-11-target-6,570.0,450.0,37.5,False,Pointer Move (Standard mouse)
1785569713.080666,621,452,p1-block-2-trial-11-target-6,570.0,450.0,37.5,False,Pointer Move (Standard mouse)
1785569713.088545,614,451,p1-block-2-trial-11-target-6,570.0,450.0,37.5,False,Pointer Move (Standard mouse)
1785569713.095926,606,451,p1-block-2-trial-11-target-6,570.0,450.0,37.5,False,Pointer Move (Standard mouse)
1785569713.103321,597,451,p1-block-2-trial-11-target-6,570.0,450.0,37.5,False,Pointer Move (Standard mouse)
1785569713.111168,594,450,p1-block-2-trial-11-target-6,570.0,450.0,37.5,False,Pointer Move (Standard mouse)
1785569713.118618,592,450,p1-block-2-trial-11-target-6,570.0,450.0,37.5,False,Pointer Move (Standard mouse)
1785569713.1262,591,450,p1-block-2-trial-11-target-6,570.0,450.0,37.5,False,Pointer Move (Standard mouse)
1785569713.133248,591,450,p1-block-2-trial-11-target-6,570.0,450.0,37.5,False,Pointer Move (Standard mouse)
1785569713.141023,591,450,p1-block-2-trial-11-target-6,570.0,450.0,37.5,False,Pointer Move (Standard mouse)
1785569713.149237,590,450,p1-block-2-trial-11-target-6,570.0,450.0,37.5,False,Pointer Move (Standard mouse)
1785569713.156092,590,451,p1-block-2-trial-11-target-6,570.0,450.0,37.5,False,Pointer Move (Standard mouse)
1785569713.16469,589,451,p1-block-2-trial-11-target-6,570.0,450.0,37.5,False,Pointer Move (Standard mouse)
1785569713.171354,587,451,p1-block-2-trial-11-target-6,570.0,450.0,37.5,False,Pointer Move (Standard mouse)
1785569713.1786208,586,452,p1-block-2-trial-11-target-6,570.0,450.0,37.5,False,Pointer Move (Standard mouse)
1785569713.185889,584,452,p1-block-2-trial-11-target-6,570.0,450.0,37.5,False,Pointer Move (Standard mouse)
1785569713.19298,584,452,p1-block-2-trial-11-target-6,570.0,450.0,37.5,False,Pointer Move (Standard mouse)
1785569713.203867,580,452,p1-block-2-trial-11-target-6,570.0,450.0,37.5,False,Pointer Move (Standard mouse)
1785569713.2116952,579,452,p1-block-2-trial-11-target-6,570.0,450.0,37.5,False,Pointer Move (Standard mouse)
1785569713.216087,577,452,p1-block-2-trial-11-target-6,570.0,450.0,37.5,False,Pointer Move (Standard mouse)
1785569713.2233758,577,452,p1-block-2-trial-11-target-6,570.0,450.0,37.5,False,Pointer Move (Standard mouse)
1785569713.231936,575,452,p1-block-2-trial-11-target-6,570.0,450.0,37.5,False,Pointer Move (Standard mouse)
1785569713.247535,575,452,p1-block-2-trial-11-target-6,570.0,450.0,37.5,False,Pointer Move (Standard mouse)
1785569713.253153,574,452,p1-block-2-trial-11-target-6,570.0,450.0,37.5,False,Pointer Move (Standard mouse)
1785569713.261446,574,452,p1-block-2-trial-11-target-6,570.0,450.0,37.5,False,Pointer Move (Standard mouse)
1785569713.268502,573,452,p1-block-2-trial-11-target-6,570.0,450.0,37.5,False,Pointer Move (Standard mouse)
1785569713.275174,572,452,p1-block-2-trial-11-target-6,570.0,450.0,37.5,False,Pointer Move (Standard mouse)
1785569713.28278,568,452,p1-block-2-trial-11-target-6,570.0,450.0,37.5,False,Pointer Move (Standard mouse)
1785569713.2906492,568,452,p1-block-2-trial-11-target-6,570.0,450.0,37.5,False,Pointer Move (Standard mouse)
1785569713.299285,567,452,p1-block-2-trial-11-target-6,570.0,450.0,37.5,False,Pointer Move (Standard mouse)
1785569713.3056371,567,452,p1-block-2-trial-11-target-6,570.0,450.0,37.5,False,Pointer Move (Standard mouse)
1785569713.352175,566,452,p1-block-2-trial-11-target-6,570.0,450.0,37.5,False,Pointer Move (Standard mouse)
1785569713.3764951,566,452,p1-block-2-trial-11-target-6,570.0,450.0,37.5,False,Pointer Move (Standard mouse)
1785569713.3825111,566,452,p1-block-2-trial-11-target-6,570.0,450.0,37.5,False,Pointer Move (Standard mouse)
1785569713.389418,565,452,p1-block-2-trial-11-target-6,570.0,450.0,37.5,False,Pointer Move (Standard mouse)
1785569713.398626,565,452,p1-block-2-trial-11-target-6,570.0,450.0,37.5,False,Pointer Move (Standard mouse)
1785569713.419374,565,452,p1-block-2-trial-11-target-6,570.0,450.0,37.5,False,Pointer Move (Standard mouse)
1785569713.5035992,565,452,p1-block-2-trial-11-target-6,570.0,450.0,37.5,target_selected,target_selected
1785569713.6450071,565,452,p1-block-2-trial-12-target-2,870.0,450.0,37.5,False,Pointer Move (Standard mouse)
1785569713.6509042,567,452,p1-block-2-trial-12-target-2,870.0,450.0,37.5,False,Pointer Move (Standard mouse)
1785569713.658725,568,452,p1-block-2-trial-12-target-2,870.0,450.0,37.5,False,Pointer Move (Standard mouse)
1785569713.666383,570,452,p1-block-2-trial-12-target-2,870.0,450.0,37.5,False,Pointer Move (Standard mouse)
1785569713.673686,571,452,p1-block-2-trial-12-target-2,870.0,450.0,37.5,False,Pointer Move (Standard mouse)
1785569713.681105,575,452,p1-block-2-trial-12-target-2,870.0,450.0,37.5,False,Pointer Move (Standard mouse)
1785569713.690099,578,451,p1-block-2-trial-12-target-2,870.0,450.0,37.5,False,Pointer Move (Standard mouse)
1785569713.700869,583,451,p1-block-2-trial-12-target-2,870.0,450.0,37.5,False,Pointer Move (Standard mouse)
1785569713.706068,590,449,p1-block-2-trial-12-target-2,870.0,450.0,37.5,False,Pointer Move (Standard mouse)
1785569713.710717,597,447,p1-block-2-trial-12-target-2,870.0,450.0,37.5,False,Pointer Move (Standard mouse)
1785569713.717823,604,446,p1-block-2-trial-12-target-2,870.0,450.0,37.5,False,Pointer Move (Standard mouse)
1785569713.7252731,614,445,p1-block-2-trial-12-target-2,870.0,450.0,37.5,False,Pointer Move (Standard mouse)
1785569713.732967,621,445,p1-block-2-trial-12-target-2,870.0,450.0,37.5,False,Pointer Move (Standard mouse)
1785569713.741272,631,444,p1-block-2-trial-12-target-2,870.0,450.0,37.5,False,Pointer Move (Standard mouse)
1785569713.748468,643,442,p1-block-2-trial-12-target-2,870.0,450.0,37.5,False,Pointer Move (Standard mouse)
1785569713.7555451,647,442,p1-block-2-trial-12-target-2,870.0,450.0,37.5,False,Pointer Move (Standard mouse)
1785569713.762789,655,441,p1-block-2-trial-12-target-2,870.0,450.0,37.5,False,Pointer Move (Standard mouse)
1785569713.77032,665,440,p1-block-2-trial-12-target-2,870.0,450.0,37.5,False,Pointer Move (Standard mouse)
1785569713.777807,672,440,p1-block-2-trial-12-target-2,870.0,450.0,37.5,False,Pointer Move (Standard mouse)
1785569713.7855349,683,440,p1-block-2-trial-12-target-2,870.0,450.0,37.5,False,Pointer Move (Standard mouse)
1785569713.793128,695,439,p1-block-2-trial-12-target-2,870.0,450.0,37.5,False,Pointer Move (Standard mouse)
1785569713.801119,698,439,p1-block-2-trial-12-target-2,870.0,450.0,37.5,False,Pointer Move (Standard mouse)
1785569713.809058,714,439,p1-block-2-trial-12-target-2,870.0,450.0,37.5,False,Pointer Move (Standard mouse)
1785569713.816643,719,439,p1-block-2-trial-12-target-2,870.0,450.0,37.5,False,Pointer Move (Standard mouse)
1785569713.825375,732,439,p1-block-2-trial-12-target-2,870.0,450.0,37.5,False,Pointer Move (Standard mouse)
1785569713.831583,745,439,p1-block-2-trial-12-target-2,870.0,450.0,37.5,False,Pointer Move (Standard mouse)
1785569713.839038,748,438,p1-block-2-trial-12-target-2,870.0,450.0,37.5,False,Pointer Move (Standard mouse)
1785569713.846266,765,438,p1-block-2-trial-12-target-2,870.0,450.0,37.5,False,Pointer Move (Standard mouse)
1785569713.853708,777,438,p1-block-2-trial-12-target-2,870.0,450.0,37.5,False,Pointer Move (Standard mouse)
1785569713.8611672,788,438,p1-block-2-trial-12-target-2,870.0,450.0,37.5,False,Pointer Move (Standard mouse)
1785569713.8687549,798,438,p1-block-2-trial-12-target-2,870.0,450.0,37.5,False,Pointer Move (Standard mouse)
1785569713.87594,807,438,p1-block-2-trial-12-target-2,870.0,450.0,37.5,False,Pointer Move (Standard mouse)
1785569713.882935,817,439,p1-block-2-trial-12-target-2,870.0,450.0,37.5,False,Pointer Move (Standard mouse)
1785569713.890285,825,439,p1-block-2-trial-12-target-2,870.0,450.0,37.5,False,Pointer Move (Standard mouse)
1785569713.898132,829,439,p1-block-2-trial-12-target-2,870.0,450.0,37.5,False,Pointer Move (Standard mouse)
1785569713.9070652,836,440,p1-block-2-trial-12-target-2,870.0,450.0,37.5,False,Pointer Move (Standard mouse)
1785569713.913161,841,440,p1-block-2-trial-12-target-2,870.0,450.0,37.5,False,Pointer Move (Standard mouse)
1785569713.921271,846,441,p1-block-2-trial-12-target-2,870.0,450.0,37.5,False,Pointer Move (Standard mouse)
1785569713.928475,847,441,p1-block-2-trial-12-target-2,870.0,450.0,37.5,False,Pointer Move (Standard mouse)
1785569713.935222,848,441,p1-block-2-trial-12-target-2,870.0,450.0,37.5,False,Pointer Move (Standard mouse)
1785569713.9428868,849,441,p1-block-2-trial-12-target-2,870.0,450.0,37.5,False,Pointer Move (Standard mouse)
1785569713.952071,849,441,p1-block-2-trial-12-target-2,870.0,450.0,37.5,False,Pointer Move (Standard mouse)
1785569713.962086,850,441,p1-block-2-trial-12-target-2,870.0,450.0,37.5,False,Pointer Move (Standard mouse)
1785569713.988217,850,442,p1-block-2-trial-12-target-2,870.0,450.0,37.5,False,Pointer Move (Standard mouse)
1785569713.994889,850,442,p1-block-2-trial-12-target-2,870.0,450.0,37.5,False,Pointer Move (Standard mouse)
1785569714.010813,851,442,p1-block-2-trial-12-target-2,870.0,450.0,37.5,False,Pointer Move (Standard mouse)
1785569714.0190709,851,442,p1-block-2-trial-12-target-2,870.0,450.0,37.5,False,Pointer Move (Standard mouse)
1785569714.025507,851,442,p1-block-2-trial-12-target-2,870.0,450.0,37.5,False,Pointer Move (Standard mouse)
1785569714.041549,852,442,p1-block-2-trial-12-target-2,870.0,450.0,37.5,False,Pointer Move (Standard mouse)
1785569714.048416,852,442,p1-block-2-trial-12-target-2,870.0,450.0,37.5,False,Pointer Move (Standard mouse)
1785569714.0557141,852,442,p1-block-2-trial-12-target-2,870.0,450.0,37.5,False,Pointer Move (Standard mouse)
1785569714.06352,853,442,p1-block-2-trial-12-target-2,870.0,450.0,37.5,False,Pointer Move (Standard mouse)
1785569714.070177,853,442,p1-block-2-trial-12-target-2,870.0,450.0,37.5,False,Pointer Move (Standard mouse)
1785569714.077698,853,442,p1-block-2-trial-12-target-2,870.0,450.0,37.5,False,Pointer Move (Standard mouse)
1785569714.0864599,854,443,p1-block-2-trial-12-target-2,870.0,450.0,37.5,False,Pointer Move (Standard mouse)
1785569714.095773,856,443,p1-block-2-trial-12-target-2,870.0,450.0,37.5,False,Pointer Move (Standard mouse)
1785569714.101745,857,444,p1-block-2-trial-12-target-2,870.0,450.0,37.5,False,Pointer Move (Standard mouse)
1785569714.109182,858,444,p1-block-2-trial-12-target-2,870.0,450.0,37.5,False,Pointer Move (Standard mouse)
1785569714.116051,859,444,p1-block-2-trial-12-target-2,870.0,450.0,37.5,False,Pointer Move (Standard mouse)
1785569714.124251,859,444,p1-block-2-trial-12-target-2,870.0,450.0,37.5,False,Pointer Move (Standard mouse)
1785569714.131967,859,444,p1-block-2-trial-12-target-2,870.0,450.0,37.5,False,Pointer Move (Standard mouse)
1785569714.2150888,859,444,p1-block-2-trial-12-target-2,870.0,450.0,37.5,target_selected,target_selected
1785569714.223941,860,444,p1-block-2-trial-13-target-6,570.0,450.0,37.5,False,Pointer Move (Standard mouse)
1785569714.2966049,859,444,p1-block-2-trial-13-target-6,570.0,450.0,37.5,False,Pointer Move (Standard mouse)
1785569714.304502,859,445,p1-block-2-trial-13-target-6,570.0,450.0,37.5,False,Pointer Move (Standard mouse)
1785569714.3113868,854,446,p1-block-2-trial-13-target-6,570.0,450.0,37.5,False,Pointer Move (Standard mouse)
1785569714.319285,845,446,p1-block-2-trial-13-target-6,570.0,450.0,37.5,False,Pointer Move (Standard mouse)
1785569714.331758,833,446,p1-block-2-trial-13-target-6,570.0,450.0,37.5,False,Pointer Move (Standard mouse)
1785569714.335341,819,447,p1-block-2-trial-13-target-6,570.0,450.0,37.5,False,Pointer Move (Standard mouse)
1785569714.3420742,793,447,p1-block-2-trial-13-target-6,570.0,450.0,37.5,False,Pointer Move (Standard mouse)
1785569714.350241,778,447,p1-block-2-trial-13-target-6,570.0,450.0,37.5,False,Pointer Move (Standard mouse)
1785569714.356183,766,447,p1-block-2-trial-13-target-6,570.0,450.0,37.5,False,Pointer Move (Standard mouse)
1785569714.36551,740,447,p1-block-2-trial-13-target-6,570.0,450.0,37.5,False,Pointer Move (Standard mouse)
1785569714.3720372,733,447,p1-block-2-trial-13-target-6,570.0,450.0,37.5,False,Pointer Move (Standard mouse)
1785569714.381037,712,447,p1-block-2-trial-13-target-6,570.0,450.0,37.5,False,Pointer Move (Standard mouse)
1785569714.387983,700,447,p1-block-2-trial-13-target-6,570.0,450.0,37.5,False,Pointer Move (Standard mouse)
1785569714.394606,693,447,p1-block-2-trial-13-target-6,570.0,450.0,37.5,False,Pointer Move (Standard mouse)
1785569714.401417,690,447,p1-block-2-trial-13-target-6,570.0,450.0,37.5,False,Pointer Move (Standard mouse)
1785569714.409289,683,447,p1-block-2-trial-13-target-6,570.0,450.0,37.5,False,Pointer Move (Standard mouse)
1785569714.417588,679,447,p1-block-2-trial-13-target-6,570.0,450.0,37.5,False,Pointer Move (Standard mouse)
1785569714.424335,676,447,p1-block-2-trial-13-target-6,570.0,450.0,37.5,False,Pointer Move (Standard mouse)
1785569714.432689,671,448,p1-block-2-trial-13-target-6,570.0,450.0,37.5,False,Pointer Move (Standard mouse)
1785569714.440455,666,449,p1-block-2-trial-13-target-6,570.0,450.0,37.5,False,Pointer Move (Standard mouse)
1785569714.44595,661,449,p1-block-2-trial-13-target-6,570.0,450.0,37.5,False,Pointer Move (Standard mouse)
1785569714.452536,659,449,p1-block-2-trial-13-target-6,570.0,450.0,37.5,False,Pointer Move (Standard mouse)
1785569714.460904,656,449,p1-block-2-trial-13-target-6,570.0,450.0,37.5,False,Pointer Move (Standard mouse)
1785569714.4702778,653,449,p1-block-2-trial-13-target-6,570.0,450.0,37.5,False,Pointer Move (Standard mouse)
1785569714.475316,652,449,p1-block-2-trial-13-target-6,570.0,450.0,37.5,False,Pointer Move (Standard mouse)
1785569714.4844968,650,449,p1-block-2-trial-13-target-6,570.0,450.0,37.5,False,Pointer Move (Standard mouse)
1785569714.4911602,650,450,p1-block-2-trial-13-target-6,570.0,450.0,37.5,False,Pointer Move (Standard mouse)
1785569714.5003278,649,450,p1-block-2-trial-13-target-6,570.0,450.0,37.5,False,Pointer Move (Standard mouse)
1785569714.5072482,648,450,p1-block-2-trial-13-target-6,570.0,450.0,37.5,False,Pointer Move (Standard mouse)
1785569714.515753,645,450,p1-block-2-trial-13-target-6,570.0,450.0,37.5,False,Pointer Move (Standard mouse)
1785569714.52237,643,450,p1-block-2-trial-13-target-6,570.0,450.0,37.5,False,Pointer Move (Standard mouse)
1785569714.5290291,642,450,p1-block-2-trial-13-target-6,570.0,450.0,37.5,False,Pointer Move (Standard mouse)
1785569714.536843,638,451,p1-block-2-trial-13-target-6,570.0,450.0,37.5,False,Pointer Move (Standard mouse)
1785569714.543754,637,451,p1-block-2-trial-13-target-6,570.0,450.0,37.5,False,Pointer Move (Standard mouse)
1785569714.550055,634,451,p1-block-2-trial-13-target-6,570.0,450.0,37.5,False,Pointer Move (Standard mouse)
1785569714.557816,628,451,p1-block-2-trial-13-target-6,570.0,450.0,37.5,False,Pointer Move (Standard mouse)
1785569714.5669901,625,451,p1-block-2-trial-13-target-6,570.0,450.0,37.5,False,Pointer Move (Standard mouse)
1785569714.5746372,620,451,p1-block-2-trial-13-target-6,570.0,450.0,37.5,False,Pointer Move (Standard mouse)
1785569714.581304,619,451,p1-block-2-trial-13-target-6,570.0,450.0,37.5,False,Pointer Move (Standard mouse)
1785569714.589319,615,451,p1-block-2-trial-13-target-6,570.0,450.0,37.5,False,Pointer Move (Standard mouse)
1785569714.5962281,614,451,p1-block-2-trial-13-target-6,570.0,450.0,37.5,False,Pointer Move (Standard mouse)
1785569714.604465,614,451,p1-block-2-trial-13-target-6,570.0,450.0,37.5,False,Pointer Move (Standard mouse)
1785569714.6128309,613,451,p1-block-2-trial-13-target-6,570.0,450.0,37.5,False,Pointer Move (Standard mouse)
1785569714.61952,613,451,p1-block-2-trial-13-target-6,570.0,450.0,37.5,False,Pointer Move (Standard mouse)
1785569714.627685,613,451,p1-block-2-trial-13-target-6,570.0,450.0,37.5,False,Pointer Move (Standard mouse)
1785569714.633342,612,451,p1-block-2-trial-13-target-6,570.0,450.0,37.5,False,Pointer Move (Standard mouse)
1785569714.6422038,612,451,p1-block-2-trial-13-target-6,570.0,450.0,37.5,False,Pointer Move (Standard mouse)
1785569714.6488168,612,451,p1-block-2-trial-13-target-6,570.0,450.0,37.5,False,Pointer Move (Standard mouse)
1785569714.656974,611,451,p1-block-2-trial-13-target-6,570.0,450.0,37.5,False,Pointer Move (Standard mouse)
1785569714.665397,611,451,p1-block-2-trial-13-target-6,570.0,450.0,37.5,False,Pointer Move (Standard mouse)
1785569714.6723158,610,451,p1-block-2-trial-13-target-6,570.0,450.0,37.5,False,Pointer Move (Standard mouse)
1785569714.680286,608,451,p1-block-2-trial-13-target-6,570.0,450.0,37.5,False,Pointer Move (Standard mouse)
1785569714.6862772,605,451,p1-block-2-trial-13-target-6,570.0,450.0,37.5,False,Pointer Move (Standard mouse)
1785569714.69607,603,451,p1-block-2-trial-13-target-6,570.0,450.0,37.5,False,Pointer Move (Standard mouse)
1785569714.701859,600,451,p1-block-2-trial-13-target-6,570.0,450.0,37.5,False,Pointer Move (Standard mouse)
1785569714.7107022,599,451,p1-block-2-trial-13-target-6,570.0,450.0,37.5,False,Pointer Move (Standard mouse)
1785569714.7178931,598,451,p1-block-2-trial-13-target-6,570.0,450.0,37.5,False,Pointer Move (Standard mouse)
1785569714.7248142,596,451,p1-block-2-trial-13-target-6,570.0,450.0,37.5,False,Pointer Move (Standard mouse)
1785569714.732367,595,451,p1-block-2-trial-13-target-6,570.0,450.0,37.5,False,Pointer Move (Standard mouse)
1785569714.7391412,595,450,p1-block-2-trial-13-target-6,570.0,450.0,37.5,False,Pointer Move (Standard mouse)
1785569714.7470028,595,450,p1-block-2-trial-13-target-6,570.0,450.0,37.5,False,Pointer Move (Standard mouse)
1785569714.768872,594,450,p1-block-2-trial-13-target-6,570.0,450.0,37.5,False,Pointer Move (Standard mouse)
1785569714.798055,594,450,p1-block-2-trial-13-target-6,570.0,450.0,37.5,False,Pointer Move (Standard mouse)
1785569714.821249,594,450,p1-block-2-trial-13-target-6,570.0,450.0,37.5,False,Pointer Move (Standard mouse)
1785569714.89009,594,450,p1-block-2-trial-13-target-6,570.0,450.0,37.5,target_selected,target_selected
1785569715.017947,594,450,p1-block-2-trial-14-target-2,870.0,450.0,37.5,False,Pointer Move (Standard mouse)
1785569715.025994,595,450,p1-block-2-trial-14-target-2,870.0,450.0,37.5,False,Pointer Move (Standard mouse)
1785569715.032546,600,449,p1-block-2-trial-14-target-2,870.0,450.0,37.5,False,Pointer Move (Standard mouse)
1785569715.041412,608,448,p1-block-2-trial-14-target-2,870.0,450.0,37.5,False,Pointer Move (Standard mouse)
1785569715.0477881,617,447,p1-block-2-trial-14-target-2,870.0,450.0,37.5,False,Pointer Move (Standard mouse)
1785569715.0559812,638,444,p1-block-2-trial-14-target-2,870.0,450.0,37.5,False,Pointer Move (Standard mouse)
1785569715.0611231,653,442,p1-block-2-trial-14-target-2,870.0,450.0,37.5,False,Pointer Move (Standard mouse)
1785569715.0687082,676,441,p1-block-2-trial-14-target-2,870.0,450.0,37.5,False,Pointer Move (Standard mouse)
1785569715.076027,693,439,p1-block-2-trial-14-target-2,870.0,450.0,37.5,False,Pointer Move (Standard mouse)
1785569715.0831208,712,436,p1-block-2-trial-14-target-2,870.0,450.0,37.5,False,Pointer Move (Standard mouse)
1785569715.091232,730,435,p1-block-2-trial-14-target-2,870.0,450.0,37.5,False,Pointer Move (Standard mouse)
1785569715.098274,740,434,p1-block-2-trial-14-target-2,870.0,450.0,37.5,False,Pointer Move (Standard mouse)
1785569715.106145,752,431,p1-block-2-trial-14-target-2,870.0,450.0,37.5,False,Pointer Move (Standard mouse)
1785569715.113774,762,430,p1-block-2-trial-14-target-2,870.0,450.0,37.5,False,Pointer Move (Standard mouse)
1785569715.121472,769,427,p1-block-2-trial-14-target-2,870.0,450.0,37.5,False,Pointer Move (Standard mouse)
1785569715.1286862,771,427,p1-block-2-trial-14-target-2,870.0,450.0,37.5,False,Pointer Move (Standard mouse)
1785569715.13606,776,426,p1-block-2-trial-14-target-2,870.0,450.0,37.5,False,Pointer Move (Standard mouse)
1785569715.143596,781,426,p1-block-2-trial-14-target-2,870.0,450.0,37.5,False,Pointer Move (Standard mouse)
1785569715.151252,786,426,p1-block-2-trial-14-target-2,870.0,450.0,37.5,False,Pointer Move (Standard mouse)
1785569715.158576,793,426,p1-block-2-trial-14-target-2,870.0,450.0,37.5,False,Pointer Move (Standard mouse)
1785569715.166204,801,425,p1-block-2-trial-14-target-2,870.0,450.0,37.5,False,Pointer Move (Standard mouse)
1785569715.173645,810,425,p1-block-2-trial-14-target-2,870.0,450.0,37.5,False,Pointer Move (Standard mouse)
1785569715.18116,815,425,p1-block-2-trial-14-target-2,870.0,450.0,37.5,False,Pointer Move (Standard mouse)
1785569715.189287,825,425,p1-block-2-trial-14-target-2,870.0,450.0,37.5,False,Pointer Move (Standard mouse)
1785569715.196055,834,425,p1-block-2-trial-14-target-2,870.0,450.0,37.5,False,Pointer Move (Standard mouse)
1785569715.203618,841,426,p1-block-2-trial-14-target-2,870.0,450.0,37.5,False,Pointer Move (Standard mouse)
1785569715.211048,844,427,p1-block-2-trial-14-target-2,870.0,450.0,37.5,False,Pointer Move (Standard mouse)
1785569715.218533,845,427,p1-block-2-trial-14-target-2,870.0,450.0,37.5,False,Pointer Move (Standard mouse)
1785569715.226302,845,427,p1-block-2-trial-14-target-2,870.0,450.0,37.5,False,Pointer Move (Standard mouse)
1785569715.286474,845,427,p1-block-2-trial-14-target-2,870.0,450.0,37.5,False,Pointer Move (Standard mouse)
1785569715.2936609,845,427,p1-block-2-trial-14-target-2,870.0,450.0,37.5,False,Pointer Move (Standard mouse)
1785569715.332012,846,427,p1-block-2-trial-14-target-2,870.0,450.0,37.5,False,Pointer Move (Standard mouse)
1785569715.33851,846,427,p1-block-2-trial-14-target-2,870.0,450.0,37.5,False,Pointer Move (Standard mouse)
1785569715.346633,847,428,p1-block-2-trial-14-target-2,870.0,450.0,37.5,False,Pointer Move (Standard mouse)
1785569715.353046,847,428,p1-block-2-trial-14-target-2,870.0,450.0,37.5,False,Pointer Move (Standard mouse)
1785569715.361095,847,428,p1-block-2-trial-14-target-2,870.0,450.0,37.5,False,Pointer Move (Standard mouse)
1785569715.3685389,848,428,p1-block-2-trial-14-target-2,870.0,450.0,37.5,False,Pointer Move (Standard mouse)
1785569715.383917,850,428,p1-block-2-trial-14-target-2,870.0,450.0,37.5,False,Pointer Move (Standard mouse)
1785569715.3911538,850,429,p1-block-2-trial-14-target-2,870.0,450.0,37.5,False,Pointer Move (Standard mouse)
1785569715.3987,851,429,p1-block-2-trial-14-target-2,870.0,450.0,37.5,False,Pointer Move (Standard mouse)
1785569715.406931,852,429,p1-block-2-trial-14-target-2,870.0,450.0,37.5,False,Pointer Move (Standard mouse)
1785569715.414958,854,430,p1-block-2-trial-14-target-2,870.0,450.0,37.5,False,Pointer Move (Standard mouse)
1785569715.421854,855,430,p1-block-2-trial-14-target-2,870.0,450.0,37.5,False,Pointer Move (Standard mouse)
1785569715.430112,855,431,p1-block-2-trial-14-target-2,870.0,450.0,37.5,False,Pointer Move (Standard mouse)
1785569715.437546,856,431,p1-block-2-trial-14-target-2,870.0,450.0,37.5,False,Pointer Move (Standard mouse)
1785569715.4450948,856,431,p1-block-2-trial-14-target-2,870.0,450.0,37.5,False,Pointer Move (Standard mouse)
1785569715.452605,856,431,p1-block-2-trial-14-target-2,870.0,450.0,37.5,False,Pointer Move (Standard mouse)
1785569715.459436,857,432,p1-block-2-trial-14-target-2,870.0,450.0,37.5,False,Pointer Move (Standard mouse)
1785569715.489732,857,432,p1-block-2-trial-14-target-2,870.0,450.0,37.5,False,Pointer Move (Standard mouse)
1785569715.513192,857,432,p1-block-2-trial-14-target-2,870.0,450.0,37.5,False,Pointer Move (Standard mouse)
1785569715.5209432,857,432,p1-block-2-trial-14-target-2,870.0,450.0,37.5,False,Pointer Move (Standard mouse)
1785569715.558812,857,432,p1-block-2-trial-14-target-2,870.0,450.0,37.5,target_selected,target_selected
1785569715.655313,857,432,p1-block-2-trial-15-target-6,570.0,450.0,37.5,False,Pointer Move (Standard mouse)
1785569715.660872,857,433,p1-block-2-trial-15-target-6,570.0,450.0,37.5,False,Pointer Move (Standard mouse)
1785569715.668301,854,434,p1-block-2-trial-15-target-6,570.0,450.0,37.5,False,Pointer Move (Standard mouse)
1785569715.675654,849,434,p1-block-2-trial-15-target-6,570.0,450.0,37.5,False,Pointer Move (Standard mouse)
1785569715.683232,844,435,p1-block-2-trial-15-target-6,570.0,450.0,37.5,False,Pointer Move (Standard mouse)
1785569715.691103,831,437,p1-block-2-trial-15-target-6,570.0,450.0,37.5,False,Pointer Move (Standard mouse)
1785569715.6984582,828,437,p1-block-2-trial-15-target-6,570.0,450.0,37.5,False,Pointer Move (Standard mouse)
1785569715.70595,811,437,p1-block-2-trial-15-target-6,570.0,450.0,37.5,False,Pointer Move (Standard mouse)
1785569715.713252,799,437,p1-block-2-trial-15-target-6,570.0,450.0,37.5,False,Pointer Move (Standard mouse)
1785569715.720841,797,437,p1-block-2-trial-15-target-6,570.0,450.0,37.5,False,Pointer Move (Standard mouse)
1785569715.7277792,785,437,p1-block-2-trial-15-target-6,570.0,450.0,37.5,False,Pointer Move (Standard mouse)
1785569715.7353768,770,437,p1-block-2-trial-15-target-6,570.0,450.0,37.5,False,Pointer Move (Standard mouse)
1785569715.7441,766,437,p1-block-2-trial-15-target-6,570.0,450.0,37.5,False,Pointer Move (Standard mouse)
1785569715.7509062,756,437,p1-block-2-trial-15-target-6,570.0,450.0,37.5,False,Pointer Move (Standard mouse)
1785569715.7588322,747,437,p1-block-2-trial-15-target-6,570.0,450.0,37.5,False,Pointer Move (Standard mouse)
1785569715.766142,740,437,p1-block-2-trial-15-target-6,570.0,450.0,37.5,False,Pointer Move (Standard mouse)
1785569715.773537,730,435,p1-block-2-trial-15-target-6,570.0,450.0,37.5,False,Pointer Move (Standard mouse)
1785569715.7805922,723,434,p1-block-2-trial-15-target-6,570.0,450.0,37.5,False,Pointer Move (Standard mouse)
1785569715.7886562,715,434,p1-block-2-trial-15-target-6,570.0,450.0,37.5,False,Pointer Move (Standard mouse)
1785569715.796103,704,432,p1-block-2-trial-15-target-6,570.0,450.0,37.5,False,Pointer Move (Standard mouse)
1785569715.8051069,694,432,p1-block-2-trial-15-target-6,570.0,450.0,37.5,False,Pointer Move (Standard mouse)
1785569715.81272,685,432,p1-block-2-trial-15-target-6,570.0,450.0,37.5,False,Pointer Move (Standard mouse)
1785569715.819,675,432,p1-block-2-trial-15-target-6,570.0,450.0,37.5,False,Pointer Move (Standard mouse)
1785569715.826907,674,432,p1-block-2-trial-15-target-6,570.0,450.0,37.5,False,Pointer Move (Standard mouse)
1785569715.833483,667,432,p1-block-2-trial-15-target-6,570.0,450.0,37.5,False,Pointer Move (Standard mouse)
1785569715.842784,660,432,p1-block-2-trial-15-target-6,570.0,450.0,37.5,False,Pointer Move (Standard mouse)
1785569715.849292,655,432,p1-block-2-trial-15-target-6,570.0,450.0,37.5,False,Pointer Move (Standard mouse)
1785569715.8570821,650,432,p1-block-2-trial-15-target-6,570.0,450.0,37.5,False,Pointer Move (Standard mouse)
1785569715.864429,645,432,p1-block-2-trial-15-target-6,570.0,450.0,37.5,False,Pointer Move (Standard mouse)
1785569715.870919,640,432,p1-block-2-trial-15-target-6,570.0,450.0,37.5,False,Pointer Move (Standard mouse)
1785569715.877867,635,433,p1-block-2-trial-15-target-6,570.0,450.0,37.5,False,Pointer Move (Standard mouse)
1785569715.886326,624,434,p1-block-2-trial-15-target-6,570.0,450.0,37.5,False,Pointer Move (Standard mouse)
1785569715.894714,621,434,p1-block-2-trial-15-target-6,570.0,450.0,37.5,False,Pointer Move (Standard mouse)
1785569715.902636,612,434,p1-block-2-trial-15-target-6,570.0,450.0,37.5,False,Pointer Move (Standard mouse)
1785569715.9104362,612,434,p1-block-2-trial-15-target-6,570.0,450.0,37.5,False,Pointer Move (Standard mouse)
1785569715.916977,606,435,p1-block-2-trial-15-target-6,570.0,450.0,37.5,False,Pointer Move (Standard mouse)
1785569715.9240909,606,435,p1-block-2-trial-15-target-6,570.0,450.0,37.5,False,Pointer Move (Standard mouse)
1785569715.932825,605,435,p1-block-2-trial-15-target-6,570.0,450.0,37.5,False,Pointer Move (Standard mouse)
1785569715.939799,605,435,p1-block-2-trial-15-target-6,570.0,450.0,37.5,False,Pointer Move (Standard mouse)
1785569715.9689422,605,435,p1-block-2-trial-15-target-6,570.0,450.0,37.5,False,Pointer Move (Standard mouse)
1785569715.976106,604,435,p1-block-2-trial-15-target-6,570.0,450.0,37.5,False,Pointer Move (Standard mouse)
1785569715.983649,603,435,p1-block-2-trial-15-target-6,570.0,450.0,37.5,False,Pointer Move (Standard mouse)
1785569715.9910789,601,435,p1-block-2-trial-15-target-6,570.0,450.0,37.5,False,Pointer Move (Standard mouse)
1785569715.997741,596,436,p1-block-2-trial-15-target-6,570.0,450.0,37.5,False,Pointer Move (Standard mouse)
1785569716.005207,591,438,p1-block-2-trial-15-target-6,570.0,450.0,37.5,False,Pointer Move (Standard mouse)
1785569716.012762,588,438,p1-block-2-trial-15-target-6,570.0,450.0,37.5,False,Pointer Move (Standard mouse)
1785569716.021726,584,438,p1-block-2-trial-15-target-6,570.0,450.0,37.5,False,Pointer Move (Standard mouse)
1785569716.0289311,583,438,p1-block-2-trial-15-target-6,570.0,450.0,37.5,False,Pointer Move (Standard mouse)
1785569716.036237,582,438,p1-block-2-trial-15-target-6,570.0,450.0,37.5,False,Pointer Move (Standard mouse)
1785569716.043972,582,439,p1-block-2-trial-15-target-6,570.0,450.0,37.5,False,Pointer Move (Standard mouse)
1785569716.051096,582,439,p1-block-2-trial-15-target-6,570.0,450.0,37.5,False,Pointer Move (Standard mouse)
1785569716.0663738,581,439,p1-block-2-trial-15-target-6,570.0,450.0,37.5,False,Pointer Move (Standard mouse)
1785569716.073618,581,439,p1-block-2-trial-15-target-6,570.0,450.0,37.5,False,Pointer Move (Standard mouse)
1785569716.081239,581,439,p1-block-2-trial-15-target-6,570.0,450.0,37.5,False,Pointer Move (Standard mouse)
1785569716.088557,580,439,p1-block-2-trial-15-target-6,570.0,450.0,37.5,False,Pointer Move (Standard mouse)
1785569716.10374,580,440,p1-block-2-trial-15-target-6,570.0,450.0,37.5,False,Pointer Move (Standard mouse)
1785569716.111089,580,440,p1-block-2-trial-15-target-6,570.0,450.0,37.5,False,Pointer Move (Standard mouse)
1785569716.1188722,580,440,p1-block-2-trial-15-target-6,570.0,450.0,37.5,False,Pointer Move (Standard mouse)
1785569716.172562,580,440,p1-block-2-trial-15-target-6,570.0,450.0,37.5,target_selected,target_selected
1785569716.2904499,580,440,p1-block-2-trial-16-target-2,870.0,450.0,37.5,False,Pointer Move (Standard mouse)
1785569716.298271,582,441,p1-block-2-trial-16-target-2,870.0,450.0,37.5,False,Pointer Move (Standard mouse)
1785569716.3068001,583,441,p1-block-2-trial-16-target-2,870.0,450.0,37.5,False,Pointer Move (Standard mouse)
1785569716.3140101,587,441,p1-block-2-trial-16-target-2,870.0,450.0,37.5,False,Pointer Move (Standard mouse)
1785569716.323227,590,441,p1-block-2-trial-16-target-2,870.0,450.0,37.5,False,Pointer Move (Standard mouse)
1785569716.330614,595,441,p1-block-2-trial-16-target-2,870.0,450.0,37.5,False,Pointer Move (Standard mouse)
1785569716.337211,597,441,p1-block-2-trial-16-target-2,870.0,450.0,37.5,False,Pointer Move (Standard mouse)
1785569716.344705,604,442,p1-block-2-trial-16-target-2,870.0,450.0,37.5,False,Pointer Move (Standard mouse)
1785569716.3511128,614,442,p1-block-2-trial-16-target-2,870.0,450.0,37.5,False,Pointer Move (Standard mouse)
1785569716.359342,615,442,p1-block-2-trial-16-target-2,870.0,450.0,37.5,False,Pointer Move (Standard mouse)
1785569716.366045,626,442,p1-block-2-trial-16-target-2,870.0,450.0,37.5,False,Pointer Move (Standard mouse)
1785569716.374369,638,442,p1-block-2-trial-16-target-2,870.0,450.0,37.5,False,Pointer Move (Standard mouse)
1785569716.382252,650,442,p1-block-2-trial-16-target-2,870.0,450.0,37.5,False,Pointer Move (Standard mouse)
1785569716.3884401,657,442,p1-block-2-trial-16-target-2,870.0,450.0,37.5,False,Pointer Move (Standard mouse)
1785569716.3951418,669,442,p1-block-2-trial-16-target-2,870.0,450.0,37.5,False,Pointer Move (Standard mouse)
1785569716.4029582,683,442,p1-block-2-trial-16-target-2,870.0,450.0,37.5,False,Pointer Move (Standard mouse)
1785569716.412597,698,442,p1-block-2-trial-16-target-2,870.0,450.0,37.5,False,Pointer Move (Standard mouse)
1785569716.4179862,710,440,p1-block-2-trial-16-target-2,870.0,450.0,37.5,False,Pointer Move (Standard mouse)
1785569716.428558,724,439,p1-block-2-trial-16-target-2,870.0,450.0,37.5,False,Pointer Move (Standard mouse)
1785569716.434022,747,436,p1-block-2-trial-16-target-2,870.0,450.0,37.5,False,Pointer Move (Standard mouse)
1785569716.441678,764,435,p1-block-2-trial-16-target-2,870.0,450.0,37.5,False,Pointer Move (Standard mouse)
1785569716.450274,780,433,p1-block-2-trial-16-target-2,870.0,450.0,37.5,False,Pointer Move (Standard mouse)
1785569716.4570749,792,432,p1-block-2-trial-16-target-2,870.0,450.0,37.5,False,Pointer Move (Standard mouse)
1785569716.464345,809,432,p1-block-2-trial-16-target-2,870.0,450.0,37.5,False,Pointer Move (Standard mouse)
1785569716.471605,821,432,p1-block-2-trial-16-target-2,870.0,450.0,37.5,False,Pointer Move (Standard mouse)
1785569716.480125,835,432,p1-block-2-trial-16-target-2,870.0,450.0,37.5,False,Pointer Move (Standard mouse)
1785569716.487107,847,432,p1-block-2-trial-16-target-2,870.0,450.0,37.5,False,Pointer Move (Standard mouse)
1785569716.4940002,859,432,p1-block-2-trial-16-target-2,870.0,450.0,37.5,False,Pointer Move (Standard mouse)
1785569716.5020921,866,432,p1-block-2-trial-16-target-2,870.0,450.0,37.5,False,Pointer Move (Standard mouse)
1785569716.51022,875,433,p1-block-2-trial-16-target-2,870.0,450.0,37.5,False,Pointer Move (Standard mouse)
1785569716.518486,880,433,p1-block-2-trial-16-target-2,870.0,450.0,37.5,False,Pointer Move (Standard mouse)
1785569716.524522,883,434,p1-block-2-trial-16-target-2,870.0,450.0,37.5,False,Pointer Move (Standard mouse)
1785569716.533718,886,434,p1-block-2-trial-16-target-2,870.0,450.0,37.5,False,Pointer Move (Standard mouse)
1785569716.538913,890,435,p1-block-2-trial-16-target-2,870.0,450.0,37.5,False,Pointer Move (Standard mouse)
1785569716.54736,890,435,p1-block-2-trial-16-target-2,870.0,450.0,37.5,False,Pointer Move (Standard mouse)
1785569716.5545862,895,435,p1-block-2-trial-16-target-2,870.0,450.0,37.5,False,Pointer Move (Standard mouse)
1785569716.563454,904,436,p1-block-2-trial-16-target-2,870.0,450.0,37.5,False,Pointer Move (Standard mouse)
1785569716.570092,913,437,p1-block-2-trial-16-target-2,870.0,450.0,37.5,False,Pointer Move (Standard mouse)
1785569716.576941,919,439,p1-block-2-trial-16-target-2,870.0,450.0,37.5,False,Pointer Move (Standard mouse)
1785569716.5849369,926,441,p1-block-2-trial-16-target-2,870.0,450.0,37.5,False,Pointer Move (Standard mouse)
1785569716.591097,930,442,p1-block-2-trial-16-target-2,870.0,450.0,37.5,False,Pointer Move (Standard mouse)
1785569716.5976949,933,442,p1-block-2-trial-16-target-2,870.0,450.0,37.5,False,Pointer Move (Standard mouse)
1785569716.6073,933,442,p1-block-2-trial-16-target-2,870.0,450.0,37.5,False,Pointer Move (Standard mouse)
1785569716.72772,933,442,p1-block-2-trial-16-target-2,870.0,450.0,37.5,False,Pointer Move (Standard mouse)
1785569716.7501671,933,442,p1-block-2-trial-16-target-2,870.0,450.0,37.5,False,Pointer Move (Standard mouse)
1785569716.75731,932,442,p1-block-2-trial-16-target-2,870.0,450.0,37.5,False,Pointer Move (Standard mouse)
1785569716.765249,929,444,p1-block-2-trial-16-target-2,870.0,450.0,37.5,False,Pointer Move (Standard mouse)
1785569716.772359,927,444,p1-block-2-trial-16-target-2,870.0,450.0,37.5,False,Pointer Move (Standard mouse)
1785569716.7792552,920,445,p1-block-2-trial-16-target-2,870.0,450.0,37.5,False,Pointer Move (Standard mouse)
1785569716.785988,914,446,p1-block-2-trial-16-target-2,870.0,450.0,37.5,False,Pointer Move (Standard mouse)
1785569716.792789,905,448,p1-block-2-trial-16-target-2,870.0,450.0,37.5,False,Pointer Move (Standard mouse)
1785569716.8006752,893,449,p1-block-2-trial-16-target-2,870.0,450.0,37.5,False,Pointer Move (Standard mouse)
1785569716.808268,890,449,p1-block-2-trial-16-target-2,870.0,450.0,37.5,False,Pointer Move (Standard mouse)
1785569716.815642,874,452,p1-block-2-trial-16-target-2,870.0,450.0,37.5,False,Pointer Move (Standard mouse)
1785569716.822695,864,452,p1-block-2-trial-16-target-2,870.0,450.0,37.5,False,Pointer Move (Standard mouse)
1785569716.830579,855,453,p1-block-2-trial-16-target-2,870.0,450.0,37.5,False,Pointer Move (Standard mouse)
1785569716.838084,850,453,p1-block-2-trial-16-target-2,870.0,450.0,37.5,False,Pointer Move (Standard mouse)
1785569716.8459442,845,453,p1-block-2-trial-16-target-2,870.0,450.0,37.5,False,Pointer Move (Standard mouse)
1785569716.8534331,840,453,p1-block-2-trial-16-target-2,870.0,450.0,37.5,False,Pointer Move (Standard mouse)
1785569716.860723,835,453,p1-block-2-trial-16-target-2,870.0,450.0,37.5,False,Pointer Move (Standard mouse)
1785569716.868871,831,453,p1-block-2-trial-16-target-2,870.0,450.0,37.5,False,Pointer Move (Standard mouse)
1785569716.876359,830,453,p1-block-2-trial-16-target-2,870.0,450.0,37.5,False,Pointer Move (Standard mouse)
1785569716.8845608,830,453,p1-block-2-trial-16-target-2,870.0,450.0,37.5,False,Pointer Move (Standard mouse)
1785569716.8921092,829,453,p1-block-2-trial-16-target-2,870.0,450.0,37.5,False,Pointer Move (Standard mouse)
1785569716.89937,828,453,p1-block-2-trial-16-target-2,870.0,450.0,37.5,False,Pointer Move (Standard mouse)
1785569716.9072928,827,453,p1-block-2-trial-16-target-2,870.0,450.0,37.5,False,Pointer Move (Standard mouse)
1785569716.9395251,827,452,p1-block-2-trial-16-target-2,870.0,450.0,37.5,False,Pointer Move (Standard mouse)
1785569716.9671931,827,452,p1-block-2-trial-16-target-2,870.0,450.0,37.5,False,Pointer Move (Standard mouse)
1785569716.974844,828,452,p1-block-2-trial-16-target-2,870.0,450.0,37.5,False,Pointer Move (Standard mouse)
1785569716.981216,828,452,p1-block-2-trial-16-target-2,870.0,450.0,37.5,False,Pointer Move (Standard mouse)
1785569717.131632,828,452,p1-block-2-trial-16-target-2,870.0,450.0,37.5,False,Pointer Move (Standard mouse)
1785569717.1393752,829,451,p1-block-2-trial-16-target-2,870.0,450.0,37.5,False,Pointer Move (Standard mouse)
1785569717.14556,830,451,p1-block-2-trial-16-target-2,870.0,450.0,37.5,False,Pointer Move (Standard mouse)
1785569717.153069,831,451,p1-block-2-trial-16-target-2,870.0,450.0,37.5,False,Pointer Move (Standard mouse)
1785569717.160867,831,450,p1-block-2-trial-16-target-2,870.0,450.0,37.5,False,Pointer Move (Standard mouse)
1785569717.1681411,833,450,p1-block-2-trial-16-target-2,870.0,450.0,37.5,False,Pointer Move (Standard mouse)
1785569717.1774201,834,450,p1-block-2-trial-16-target-2,870.0,450.0,37.5,False,Pointer Move (Standard mouse)
1785569717.1828768,834,450,p1-block-2-trial-16-target-2,870.0,450.0,37.5,False,Pointer Move (Standard mouse)
1785569717.1908321,835,450,p1-block-2-trial-16-target-2,870.0,450.0,37.5,False,Pointer Move (Standard mouse)
1785569717.198394,835,450,p1-block-2-trial-16-target-2,870.0,450.0,37.5,False,Pointer Move (Standard mouse)
1785569717.2059221,836,450,p1-block-2-trial-16-target-2,870.0,450.0,37.5,False,Pointer Move (Standard mouse)
1785569717.2136152,837,450,p1-block-2-trial-16-target-2,870.0,450.0,37.5,False,Pointer Move (Standard mouse)
1785569717.222841,837,449,p1-block-2-trial-16-target-2,870.0,450.0,37.5,False,Pointer Move (Standard mouse)
1785569717.229244,837,449,p1-block-2-trial-16-target-2,870.0,450.0,37.5,False,Pointer Move (Standard mouse)
1785569717.235757,838,449,p1-block-2-trial-16-target-2,870.0,450.0,37.5,False,Pointer Move (Standard mouse)
1785569717.251254,838,449,p1-block-2-trial-16-target-2,870.0,450.0,37.5,False,Pointer Move (Standard mouse)
1785569717.2575848,839,449,p1-block-2-trial-16-target-2,870.0,450.0,37.5,False,Pointer Move (Standard mouse)
1785569717.265759,839,449,p1-block-2-trial-16-target-2,870.0,450.0,37.5,False,Pointer Move (Standard mouse)
1785569717.2732852,840,449,p1-block-2-trial-16-target-2,870.0,450.0,37.5,False,Pointer Move (Standard mouse)
1785569717.2809222,840,449,p1-block-2-trial-16-target-2,870.0,450.0,37.5,False,Pointer Move (Standard mouse)
1785569717.2883148,841,449,p1-block-2-trial-16-target-2,870.0,450.0,37.5,False,Pointer Move (Standard mouse)
1785569717.296257,841,449,p1-block-2-trial-16-target-2,870.0,450.0,37.5,False,Pointer Move (Standard mouse)
1785569717.310477,842,449,p1-block-2-trial-16-target-2,870.0,450.0,37.5,False,Pointer Move (Standard mouse)
1785569717.356797,842,448,p1-block-2-trial-16-target-2,870.0,450.0,37.5,False,Pointer Move (Standard mouse)
1785569717.36416,842,448,p1-block-2-trial-16-target-2,870.0,450.0,37.5,False,Pointer Move (Standard mouse)
1785569717.388461,842,448,p1-block-2-trial-16-target-2,870.0,450.0,37.5,False,Pointer Move (Standard mouse)
1785569717.44241,842,448,p1-block-2-trial-16-target-2,870.0,450.0,37.5,target_selected,target_selected
1785569717.4516952,843,448,p1-block-3-trial-1-target-7,543.0,273.0,22.5,False,Pointer Move (Standard mouse)
1785569717.535895,843,449,p1-block-3-trial-1-target-7,543.0,273.0,22.5,False,Pointer Move (Standard mouse)
1785569717.5446038,842,449,p1-block-3-trial-1-target-7,543.0,273.0,22.5,False,Pointer Move (Standard mouse)
1785569717.550715,842,449,p1-block-3-trial-1-target-7,543.0,273.0,22.5,False,Pointer Move (Standard mouse)
1785569717.557769,840,449,p1-block-3-trial-1-target-7,543.0,273.0,22.5,False,Pointer Move (Standard mouse)
1785569717.566286,839,449,p1-block-3-trial-1-target-7,543.0,273.0,22.5,False,Pointer Move (Standard mouse)
1785569717.574367,838,449,p1-block-3-trial-1-target-7,543.0,273.0,22.5,False,Pointer Move (Standard mouse)
1785569717.581307,834,449,p1-block-3-trial-1-target-7,543.0,273.0,22.5,False,Pointer Move (Standard mouse)
1785569717.5885582,829,450,p1-block-3-trial-1-target-7,543.0,273.0,22.5,False,Pointer Move (Standard mouse)
1785569717.596361,824,451,p1-block-3-trial-1-target-7,543.0,273.0,22.5,False,Pointer Move (Standard mouse)
1785569717.6042361,819,451,p1-block-3-trial-1-target-7,543.0,273.0,22.5,False,Pointer Move (Standard mouse)
1785569717.611716,818,451,p1-block-3-trial-1-target-7,543.0,273.0,22.5,False,Pointer Move (Standard mouse)
1785569717.618655,812,451,p1-block-3-trial-1-target-7,543.0,273.0,22.5,False,Pointer Move (Standard mouse)
1785569717.6265988,805,452,p1-block-3-trial-1-target-7,543.0,273.0,22.5,False,Pointer Move (Standard mouse)
1785569717.633346,796,452,p1-block-3-trial-1-target-7,543.0,273.0,22.5,False,Pointer Move (Standard mouse)
1785569717.641655,782,452,p1-block-3-trial-1-target-7,543.0,273.0,22.5,False,Pointer Move (Standard mouse)
1785569717.648447,768,452,p1-block-3-trial-1-target-7,543.0,273.0,22.5,False,Pointer Move (Standard mouse)
1785569717.655995,760,449,p1-block-3-trial-1-target-7,543.0,273.0,22.5,False,Pointer Move (Standard mouse)
1785569717.663614,746,449,p1-block-3-trial-1-target-7,543.0,273.0,22.5,False,Pointer Move (Standard mouse)
1785569717.6709702,737,448,p1-block-3-trial-1-target-7,543.0,273.0,22.5,False,Pointer Move (Standard mouse)
1785569717.6788108,724,448,p1-block-3-trial-1-target-7,543.0,273.0,22.5,False,Pointer Move (Standard mouse)
1785569717.685838,712,447,p1-block-3-trial-1-target-7,543.0,273.0,22.5,False,Pointer Move (Standard mouse)
1785569717.692723,701,447,p1-block-3-trial-1-target-7,543.0,273.0,22.5,False,Pointer Move (Standard mouse)
1785569717.700226,687,447,p1-block-3-trial-1-target-7,543.0,273.0,22.5,False,Pointer Move (Standard mouse)
1785569717.7080839,679,447,p1-block-3-trial-1-target-7,543.0,273.0,22.5,False,Pointer Move (Standard mouse)
1785569717.715701,674,447,p1-block-3-trial-1-target-7,543.0,273.0,22.5,False,Pointer Move (Standard mouse)
1785569717.723207,669,447,p1-block-3-trial-1-target-7,543.0,273.0,22.5,False,Pointer Move (Standard mouse)
1785569717.7314298,665,448,p1-block-3-trial-1-target-7,543.0,273.0,22.5,False,Pointer Move (Standard mouse)
1785569717.739118,665,448,p1-block-3-trial-1-target-7,543.0,273.0,22.5,False,Pointer Move (Standard mouse)
1785569717.748994,664,448,p1-block-3-trial-1-target-7,543.0,273.0,22.5,False,Pointer Move (Standard mouse)
1785569717.754735,664,448,p1-block-3-trial-1-target-7,543.0,273.0,22.5,False,Pointer Move (Standard mouse)
1785569717.761337,663,448,p1-block-3-trial-1-target-7,543.0,273.0,22.5,False,Pointer Move (Standard mouse)
1785569717.771004,662,448,p1-block-3-trial-1-target-7,543.0,273.0,22.5,False,Pointer Move (Standard mouse)
1785569717.776664,662,448,p1-block-3-trial-1-target-7,543.0,273.0,22.5,False,Pointer Move (Standard mouse)
1785569717.791879,661,448,p1-block-3-trial-1-target-7,543.0,273.0,22.5,False,Pointer Move (Standard mouse)
1785569717.80778,661,448,p1-block-3-trial-1-target-7,543.0,273.0,22.5,False,Pointer Move (Standard mouse)
1785569717.814836,661,448,p1-block-3-trial-1-target-7,543.0,273.0,22.5,False,Pointer Move (Standard mouse)
1785569717.822291,660,448,p1-block-3-trial-1-target-7,543.0,273.0,22.5,False,Pointer Move (Standard mouse)
1785569717.8311648,659,448,p1-block-3-trial-1-target-7,543.0,273.0,22.5,False,Pointer Move (Standard mouse)
1785569717.8382,658,448,p1-block-3-trial-1-target-7,543.0,273.0,22.5,False,Pointer Move (Standard mouse)
1785569717.8446348,656,448,p1-block-3-trial-1-target-7,543.0,273.0,22.5,False,Pointer Move (Standard mouse)
1785569717.85231,653,448,p1-block-3-trial-1-target-7,543.0,273.0,22.5,False,Pointer Move (Standard mouse)
1785569717.868373,651,448,p1-block-3-trial-1-target-7,543.0,273.0,22.5,False,Pointer Move (Standard mouse)
1785569717.880488,651,448,p1-block-3-trial-1-target-7,543.0,273.0,22.5,False,Pointer Move (Standard mouse)
1785569717.896652,651,448,p1-block-3-trial-1-target-7,543.0,273.0,22.5,False,Pointer Move (Standard mouse)
1785569717.904682,651,447,p1-block-3-trial-1-target-7,543.0,273.0,22.5,False,Pointer Move (Standard mouse)
1785569717.9126642,651,447,p1-block-3-trial-1-target-7,543.0,273.0,22.5,False,Pointer Move (Standard mouse)
1785569717.919996,651,445,p1-block-3-trial-1-target-7,543.0,273.0,22.5,False,Pointer Move (Standard mouse)
1785569717.925973,650,443,p1-block-3-trial-1-target-7,543.0,273.0,22.5,False,Pointer Move (Standard mouse)
1785569717.933028,648,440,p1-block-3-trial-1-target-7,543.0,273.0,22.5,False,Pointer Move (Standard mouse)
1785569717.940537,646,433,p1-block-3-trial-1-target-7,543.0,273.0,22.5,False,Pointer Move (Standard mouse)
1785569717.948673,642,425,p1-block-3-trial-1-target-7,543.0,273.0,22.5,False,Pointer Move (Standard mouse)
1785569717.956318,638,413,p1-block-3-trial-1-target-7,543.0,273.0,22.5,False,Pointer Move (Standard mouse)
1785569717.963938,635,404,p1-block-3-trial-1-target-7,543.0,273.0,22.5,False,Pointer Move (Standard mouse)
1785569717.971167,628,392,p1-block-3-trial-1-target-7,543.0,273.0,22.5,False,Pointer Move (Standard mouse)
1785569717.982603,623,383,p1-block-3-trial-1-target-7,543.0,273.0,22.5,False,Pointer Move (Standard mouse)
1785569717.986988,617,372,p1-block-3-trial-1-target-7,543.0,273.0,22.5,False,Pointer Move (Standard mouse)
1785569717.992644,613,365,p1-block-3-trial-1-target-7,543.0,273.0,22.5,False,Pointer Move (Standard mouse)
1785569717.999889,602,350,p1-block-3-trial-1-target-7,543.0,273.0,22.5,False,Pointer Move (Standard mouse)
1785569718.007732,594,336,p1-block-3-trial-1-target-7,543.0,273.0,22.5,False,Pointer Move (Standard mouse)
1785569718.015637,589,326,p1-block-3-trial-1-target-7,543.0,273.0,22.5,False,Pointer Move (Standard mouse)
1785569718.022735,586,319,p1-block-3-trial-1-target-7,543.0,273.0,22.5,False,Pointer Move (Standard mouse)
1785569718.030184,586,319,p1-block-3-trial-1-target-7,543.0,273.0,22.5,False,Pointer Move (Standard mouse)
1785569718.0380092,585,315,p1-block-3-trial-1-target-7,543.0,273.0,22.5,False,Pointer Move (Standard mouse)
1785569718.0453272,585,315,p1-block-3-trial-1-target-7,543.0,273.0,22.5,False,Pointer Move (Standard mouse)
1785569718.052696,585,315,p1-block-3-trial-1-target-7,543.0,273.0,22.5,False,Pointer Move (Standard mouse)
1785569718.060836,585,314,p1-block-3-trial-1-target-7,543.0,273.0,22.5,False,Pointer Move (Standard mouse)
1785569718.098932,585,314,p1-block-3-trial-1-target-7,543.0,273.0,22.5,False,Pointer Move (Standard mouse)
1785569718.1067798,584,314,p1-block-3-trial-1-target-7,543.0,273.0,22.5,False,Pointer Move (Standard mouse)
1785569718.1140292,584,314,p1-block-3-trial-1-target-7,543.0,273.0,22.5,False,Pointer Move (Standard mouse)
1785569718.121581,582,313,p1-block-3-trial-1-target-7,543.0,273.0,22.5,False,Pointer Move (Standard mouse)
1785569718.128999,582,312,p1-block-3-trial-1-target-7,543.0,273.0,22.5,False,Pointer Move (Standard mouse)
1785569718.136436,581,311,p1-block-3-trial-1-target-7,543.0,273.0,22.5,False,Pointer Move (Standard mouse)
1785569718.1438432,580,311,p1-block-3-trial-1-target-7,543.0,273.0,22.5,False,Pointer Move (Standard mouse)
1785569718.1506088,580,310,p1-block-3-trial-1-target-7,543.0,273.0,22.5,False,Pointer Move (Standard mouse)
1785569718.157851,579,310,p1-block-3-trial-1-target-7,543.0,273.0,22.5,False,Pointer Move (Standard mouse)
1785569718.1658938,579,309,p1-block-3-trial-1-target-7,543.0,273.0,22.5,False,Pointer Move (Standard mouse)
1785569718.1735659,578,309,p1-block-3-trial-1-target-7,543.0,273.0,22.5,False,Pointer Move (Standard mouse)
1785569718.182147,576,309,p1-block-3-trial-1-target-7,543.0,273.0,22.5,False,Pointer Move (Standard mouse)
1785569718.188831,573,307,p1-block-3-trial-1-target-7,543.0,273.0,22.5,False,Pointer Move (Standard mouse)
1785569718.195765,572,307,p1-block-3-trial-1-target-7,543.0,273.0,22.5,False,Pointer Move (Standard mouse)
1785569718.203379,572,306,p1-block-3-trial-1-target-7,543.0,273.0,22.5,False,Pointer Move (Standard mouse)
1785569718.2104719,571,306,p1-block-3-trial-1-target-7,543.0,273.0,22.5,False,Pointer Move (Standard mouse)
1785569718.21822,571,306,p1-block-3-trial-1-target-7,543.0,273.0,22.5,False,Pointer Move (Standard mouse)
1785569718.225891,570,305,p1-block-3-trial-1-target-7,543.0,273.0,22.5,False,Pointer Move (Standard mouse)
1785569718.241775,570,305,p1-block-3-trial-1-target-7,543.0,273.0,22.5,False,Pointer Move (Standard mouse)
1785569718.2489789,570,304,p1-block-3-trial-1-target-7,543.0,273.0,22.5,False,Pointer Move (Standard mouse)
1785569718.2560158,568,303,p1-block-3-trial-1-target-7,543.0,273.0,22.5,False,Pointer Move (Standard mouse)
1785569718.264201,567,300,p1-block-3-trial-1-target-7,543.0,273.0,22.5,False,Pointer Move (Standard mouse)
1785569718.2713962,566,298,p1-block-3-trial-1-target-7,543.0,273.0,22.5,False,Pointer Move (Standard mouse)
1785569718.2785401,562,297,p1-block-3-trial-1-target-7,543.0,273.0,22.5,False,Pointer Move (Standard mouse)
1785569718.2860649,562,296,p1-block-3-trial-1-target-7,543.0,273.0,22.5,False,Pointer Move (Standard mouse)
1785569718.293608,560,296,p1-block-3-trial-1-target-7,543.0,273.0,22.5,False,Pointer Move (Standard mouse)
1785569718.3011048,560,295,p1-block-3-trial-1-target-7,543.0,273.0,22.5,False,Pointer Move (Standard mouse)
1785569718.3085928,560,295,p1-block-3-trial-1-target-7,543.0,273.0,22.5,False,Pointer Move (Standard mouse)
1785569718.323731,560,295,p1-block-3-trial-1-target-7,543.0,273.0,22.5,False,Pointer Move (Standard mouse)
1785569718.331504,559,294,p1-block-3-trial-1-target-7,543.0,273.0,22.5,False,Pointer Move (Standard mouse)
1785569718.338602,559,294,p1-block-3-trial-1-target-7,543.0,273.0,22.5,False,Pointer Move (Standard mouse)
1785569718.346334,559,294,p1-block-3-trial-1-target-7,543.0,273.0,22.5,False,Pointer Move (Standard mouse)
1785569718.361417,559,294,p1-block-3-trial-1-target-7,543.0,273.0,22.5,False,Pointer Move (Standard mouse)
1785569718.3685691,559,293,p1-block-3-trial-1-target-7,543.0,273.0,22.5,False,Pointer Move (Standard mouse)
1785569718.3836539,558,293,p1-block-3-trial-1-target-7,543.0,273.0,22.5,False,Pointer Move (Standard mouse)
1785569718.4140139,558,293,p1-block-3-trial-1-target-7,543.0,273.0,22.5,False,Pointer Move (Standard mouse)
1785569718.4590359,558,292,p1-block-3-trial-1-target-7,543.0,273.0,22.5,False,Pointer Move (Standard mouse)
1785569718.65279,558,292,p1-block-3-trial-1-target-7,543.0,273.0,22.5,False,Pointer Move (Standard mouse)
1785569718.661547,558,291,p1-block-3-trial-1-target-7,543.0,273.0,22.5,False,Pointer Move (Standard mouse)
1785569718.669864,558,291,p1-block-3-trial-1-target-7,543.0,273.0,22.5,False,Pointer Move (Standard mouse)
1785569718.676673,558,290,p1-block-3-trial-1-target-7,543.0,273.0,22.5,False,Pointer Move (Standard mouse)
1785569718.684181,558,290,p1-block-3-trial-1-target-7,543.0,273.0,22.5,False,Pointer Move (Standard mouse)
1785569718.691126,558,288,p1-block-3-trial-1-target-7,543.0,273.0,22.5,False,Pointer Move (Standard mouse)
1785569718.698805,558,287,p1-block-3-trial-1-target-7,543.0,273.0,22.5,False,Pointer Move (Standard mouse)
1785569718.707115,557,287,p1-block-3-trial-1-target-7,543.0,273.0,22.5,False,Pointer Move (Standard mouse)
1785569718.714004,557,286,p1-block-3-trial-1-target-7,543.0,273.0,22.5,False,Pointer Move (Standard mouse)
1785569718.7214808,557,286,p1-block-3-trial-1-target-7,543.0,273.0,22.5,False,Pointer Move (Standard mouse)
1785569718.729845,557,285,p1-block-3-trial-1-target-7,543.0,273.0,22.5,False,Pointer Move (Standard mouse)
1785569718.736779,556,285,p1-block-3-trial-1-target-7,543.0,273.0,22.5,False,Pointer Move (Standard mouse)
1785569718.7441962,556,285,p1-block-3-trial-1-target-7,543.0,273.0,22.5,False,Pointer Move (Standard mouse)
1785569718.751214,556,285,p1-block-3-trial-1-target-7,543.0,273.0,22.5,False,Pointer Move (Standard mouse)
1785569718.7587311,556,284,p1-block-3-trial-1-target-7,543.0,273.0,22.5,False,Pointer Move (Standard mouse)
1785569718.766054,556,284,p1-block-3-trial-1-target-7,543.0,273.0,22.5,False,Pointer Move (Standard mouse)
1785569718.7735412,555,283,p1-block-3-trial-1-target-7,543.0,273.0,22.5,False,Pointer Move (Standard mouse)
1785569718.781054,555,283,p1-block-3-trial-1-target-7,543.0,273.0,22.5,False,Pointer Move (Standard mouse)
1785569718.788501,555,283,p1-block-3-trial-1-target-7,543.0,273.0,22.5,False,Pointer Move (Standard mouse)
1785569718.795574,555,282,p1-block-3-trial-1-target-7,543.0,273.0,22.5,False,Pointer Move (Standard mouse)
1785569718.81218,554,282,p1-block-3-trial-1-target-7,543.0,273.0,22.5,False,Pointer Move (Standard mouse)
1785569718.834062,554,281,p1-block-3-trial-1-target-7,543.0,273.0,22.5,False,Pointer Move (Standard mouse)
1785569718.862884,554,281,p1-block-3-trial-1-target-7,543.0,273.0,22.5,False,Pointer Move (Standard mouse)
1785569718.871088,554,281,p1-block-3-trial-1-target-7,543.0,273.0,22.5,False,Pointer Move (Standard mouse)
1785569718.925161,554,281,p1-block-3-trial-1-target-7,543.0,273.0,22.5,target_selected,target_selected
1785569719.030415,554,281,p1-block-3-trial-2-target-3,897.0,627.0,22.5,False,Pointer Move (Standard mouse)
1785569719.0380049,554,282,p1-block-3-trial-2-target-3,897.0,627.0,22.5,False,Pointer Move (Standard mouse)
1785569719.043995,555,287,p1-block-3-trial-2-target-3,897.0,627.0,22.5,False,Pointer Move (Standard mouse)
1785569719.051075,557,292,p1-block-3-trial-2-target-3,897.0,627.0,22.5,False,Pointer Move (Standard mouse)
1785569719.0596008,558,294,p1-block-3-trial-2-target-3,897.0,627.0,22.5,False,Pointer Move (Standard mouse)
1785569719.067971,563,303,p1-block-3-trial-2-target-3,897.0,627.0,22.5,False,Pointer Move (Standard mouse)
1785569719.074634,571,314,p1-block-3-trial-2-target-3,897.0,627.0,22.5,False,Pointer Move (Standard mouse)
1785569719.082039,581,328,p1-block-3-trial-2-target-3,897.0,627.0,22.5,False,Pointer Move (Standard mouse)
1785569719.090199,591,338,p1-block-3-trial-2-target-3,897.0,627.0,22.5,False,Pointer Move (Standard mouse)
1785569719.09583,602,352,p1-block-3-trial-2-target-3,897.0,627.0,22.5,False,Pointer Move (Standard mouse)
1785569719.104287,626,374,p1-block-3-trial-2-target-3,897.0,627.0,22.5,False,Pointer Move (Standard mouse)
1785569719.111851,642,389,p1-block-3-trial-2-target-3,897.0,627.0,22.5,False,Pointer Move (Standard mouse)
1785569719.1202629,662,406,p1-block-3-trial-2-target-3,897.0,627.0,22.5,False,Pointer Move (Standard mouse)
1785569719.1276422,684,423,p1-block-3-trial-2-target-3,897.0,627.0,22.5,False,Pointer Move (Standard mouse)
1785569719.1341188,700,436,p1-block-3-trial-2-target-3,897.0,627.0,22.5,False,Pointer Move (Standard mouse)
1785569719.142914,717,451,p1-block-3-trial-2-target-3,897.0,627.0,22.5,False,Pointer Move (Standard mouse)
1785569719.149487,740,470,p1-block-3-trial-2-target-3,897.0,627.0,22.5,False,Pointer Move (Standard mouse)
1785569719.1561532,756,485,p1-block-3-trial-2-target-3,897.0,627.0,22.5,False,Pointer Move (Standard mouse)
1785569719.163542,771,498,p1-block-3-trial-2-target-3,897.0,627.0,22.5,False,Pointer Move (Standard mouse)
1785569719.171201,780,507,p1-block-3-trial-2-target-3,897.0,627.0,22.5,False,Pointer Move (Standard mouse)
1785569719.178592,800,524,p1-block-3-trial-2-target-3,897.0,627.0,22.5,False,Pointer Move (Standard mouse)
1785569719.1877592,812,535,p1-block-3-trial-2-target-3,897.0,627.0,22.5,False,Pointer Move (Standard mouse)
1785569719.195915,833,554,p1-block-3-trial-2-target-3,897.0,627.0,22.5,False,Pointer Move (Standard mouse)
1785569719.2015638,845,565,p1-block-3-trial-2-target-3,897.0,627.0,22.5,False,Pointer Move (Standard mouse)
1785569719.211138,866,584,p1-block-3-trial-2-target-3,897.0,627.0,22.5,False,Pointer Move (Standard mouse)
1785569719.216843,877,594,p1-block-3-trial-2-target-3,897.0,627.0,22.5,False,Pointer Move (Standard mouse)
1785569719.224261,888,603,p1-block-3-trial-2-target-3,897.0,627.0,22.5,False,Pointer Move (Standard mouse)
1785569719.23254,903,616,p1-block-3-trial-2-target-3,897.0,627.0,22.5,False,Pointer Move (Standard mouse)
1785569719.239616,916,628,p1-block-3-trial-2-target-3,897.0,627.0,22.5,False,Pointer Move (Standard mouse)
1785569719.247683,924,636,p1-block-3-trial-2-target-3,897.0,627.0,22.5,False,Pointer Move (Standard mouse)
1785569719.253729,928,640,p1-block-3-trial-2-target-3,897.0,627.0,22.5,False,Pointer Move (Standard mouse)
1785569719.260133,935,646,p1-block-3-trial-2-target-3,897.0,627.0,22.5,False,Pointer Move (Standard mouse)
1785569719.268874,936,647,p1-block-3-trial-2-target-3,897.0,627.0,22.5,False,Pointer Move (Standard mouse)
1785569719.277877,939,651,p1-block-3-trial-2-target-3,897.0,627.0,22.5,False,Pointer Move (Standard mouse)
1785569719.2851882,941,652,p1-block-3-trial-2-target-3,897.0,627.0,22.5,False,Pointer Move (Standard mouse)
1785569719.2926972,941,652,p1-block-3-trial-2-target-3,897.0,627.0,22.5,False,Pointer Move (Standard mouse)
1785569719.300176,942,653,p1-block-3-trial-2-target-3,897.0,627.0,22.5,False,Pointer Move (Standard mouse)
1785569719.3071759,942,653,p1-block-3-trial-2-target-3,897.0,627.0,22.5,False,Pointer Move (Standard mouse)
1785569719.315713,942,653,p1-block-3-trial-2-target-3,897.0,627.0,22.5,False,Pointer Move (Standard mouse)
1785569719.322221,943,654,p1-block-3-trial-2-target-3,897.0,627.0,22.5,False,Pointer Move (Standard mouse)
1785569719.330583,943,654,p1-block-3-trial-2-target-3,897.0,627.0,22.5,False,Pointer Move (Standard mouse)
1785569719.338816,943,654,p1-block-3-trial-2-target-3,897.0,627.0,22.5,False,Pointer Move (Standard mouse)
1785569719.347018,943,654,p1-block-3-trial-2-target-3,897.0,627.0,22.5,False,Pointer Move (Standard mouse)
1785569719.472404,943,654,p1-block-3-trial-2-target-3,897.0,627.0,22.5,False,Pointer Move (Standard mouse)
1785569719.479167,942,654,p1-block-3-trial-2-target-3,897.0,627.0,22.5,False,Pointer Move (Standard mouse)
1785569719.485974,933,649,p1-block-3-trial-2-target-3,897.0,627.0,22.5,False,Pointer Move (Standard mouse)
1785569719.494036,931,647,p1-block-3-trial-2-target-3,897.0,627.0,22.5,False,Pointer Move (Standard mouse)
1785569719.501458,922,640,p1-block-3-trial-2-target-3,897.0,627.0,22.5,False,Pointer Move (Standard mouse)
1785569719.50882,914,634,p1-block-3-trial-2-target-3,897.0,627.0,22.5,False,Pointer Move (Standard mouse)
1785569719.516133,913,633,p1-block-3-trial-2-target-3,897.0,627.0,22.5,False,Pointer Move (Standard mouse)
1785569719.523535,912,633,p1-block-3-trial-2-target-3,897.0,627.0,22.5,False,Pointer Move (Standard mouse)
1785569719.531344,911,631,p1-block-3-trial-2-target-3,897.0,627.0,22.5,False,Pointer Move (Standard mouse)
1785569719.538582,910,630,p1-block-3-trial-2-target-3,897.0,627.0,22.5,False,Pointer Move (Standard mouse)
1785569719.546261,908,629,p1-block-3-trial-2-target-3,897.0,627.0,22.5,False,Pointer Move (Standard mouse)
1785569719.553032,908,628,p1-block-3-trial-2-target-3,897.0,627.0,22.5,False,Pointer Move (Standard mouse)
1785569719.5610082,908,628,p1-block-3-trial-2-target-3,897.0,627.0,22.5,False,Pointer Move (Standard mouse)
1785569719.56848,908,628,p1-block-3-trial-2-target-3,897.0,627.0,22.5,False,Pointer Move (Standard mouse)
1785569719.576017,907,627,p1-block-3-trial-2-target-3,897.0,627.0,22.5,False,Pointer Move (Standard mouse)
1785569719.583318,907,627,p1-block-3-trial-2-target-3,897.0,627.0,22.5,False,Pointer Move (Standard mouse)
1785569719.5902,907,626,p1-block-3-trial-2-target-3,897.0,627.0,22.5,False,Pointer Move (Standard mouse)
1785569719.597698,906,626,p1-block-3-trial-2-target-3,897.0,627.0,22.5,False,Pointer Move (Standard mouse)
1785569719.606017,906,626,p1-block-3-trial-2-target-3,897.0,627.0,22.5,False,Pointer Move (Standard mouse)
1785569719.6135511,906,625,p1-block-3-trial-2-target-3,897.0,627.0,22.5,False,Pointer Move (Standard mouse)
1785569719.620998,905,625,p1-block-3-trial-2-target-3,897.0,627.0,22.5,False,Pointer Move (Standard mouse)
1785569719.6292028,905,625,p1-block-3-trial-2-target-3,897.0,627.0,22.5,False,Pointer Move (Standard mouse)
1785569719.6367319,905,624,p1-block-3-trial-2-target-3,897.0,627.0,22.5,False,Pointer Move (Standard mouse)
1785569719.644078,904,624,p1-block-3-trial-2-target-3,897.0,627.0,22.5,False,Pointer Move (Standard mouse)
1785569719.651137,903,624,p1-block-3-trial-2-target-3,897.0,627.0,22.5,False,Pointer Move (Standard mouse)
1785569719.658551,903,623,p1-block-3-trial-2-target-3,897.0,627.0,22.5,False,Pointer Move (Standard mouse)
1785569719.665246,903,623,p1-block-3-trial-2-target-3,897.0,627.0,22.5,False,Pointer Move (Standard mouse)
1785569719.673076,903,623,p1-block-3-trial-2-target-3,897.0,627.0,22.5,False,Pointer Move (Standard mouse)
1785569719.751085,903,623,p1-block-3-trial-2-target-3,897.0,627.0,22.5,target_selected,target_selected
1785569719.853184,902,623,p1-block-3-trial-3-target-7,543.0,273.0,22.5,False,Pointer Move (Standard mouse)
1785569719.863157,897,620,p1-block-3-trial-3-target-7,543.0,273.0,22.5,False,Pointer Move (Standard mouse)
1785569719.869909,890,615,p1-block-3-trial-3-target-7,543.0,273.0,22.5,False,Pointer Move (Standard mouse)
1785569719.876441,881,607,p1-block-3-trial-3-target-7,543.0,273.0,22.5,False,Pointer Move (Standard mouse)
1785569719.885411,873,602,p1-block-3-trial-3-target-7,543.0,273.0,22.5,False,Pointer Move (Standard mouse)
1785569719.892721,858,589,p1-block-3-trial-3-target-7,543.0,273.0,22.5,False,Pointer Move (Standard mouse)
1785569719.900706,847,576,p1-block-3-trial-3-target-7,543.0,273.0,22.5,False,Pointer Move (Standard mouse)
1785569719.905646,832,559,p1-block-3-trial-3-target-7,543.0,273.0,22.5,False,Pointer Move (Standard mouse)
1785569719.915744,817,544,p1-block-3-trial-3-target-7,543.0,273.0,22.5,False,Pointer Move (Standard mouse)
1785569719.92144,802,529,p1-block-3-trial-3-target-7,543.0,273.0,22.5,False,Pointer Move (Standard mouse)
1785569719.9314601,758,488,p1-block-3-trial-3-target-7,543.0,273.0,22.5,False,Pointer Move (Standard mouse)
1785569719.937676,738,464,p1-block-3-trial-3-target-7,543.0,273.0,22.5,False,Pointer Move (Standard mouse)
1785569719.945549,725,448,p1-block-3-trial-3-target-7,543.0,273.0,22.5,False,Pointer Move (Standard mouse)
1785569719.953426,708,423,p1-block-3-trial-3-target-7,543.0,273.0,22.5,False,Pointer Move (Standard mouse)
1785569719.95874,682,383,p1-block-3-trial-3-target-7,543.0,273.0,22.5,False,Pointer Move (Standard mouse)
1785569719.968514,666,363,p1-block-3-trial-3-target-7,543.0,273.0,22.5,False,Pointer Move (Standard mouse)
1785569719.974459,656,349,p1-block-3-trial-3-target-7,543.0,273.0,22.5,False,Pointer Move (Standard mouse)
1785569719.9801989,651,338,p1-block-3-trial-3-target-7,543.0,273.0,22.5,False,Pointer Move (Standard mouse)
1785569719.98855,649,333,p1-block-3-trial-3-target-7,543.0,273.0,22.5,False,Pointer Move (Standard mouse)
1785569719.998038,646,326,p1-block-3-trial-3-target-7,543.0,273.0,22.5,False,Pointer Move (Standard mouse)
1785569720.004388,645,326,p1-block-3-trial-3-target-7,543.0,273.0,22.5,False,Pointer Move (Standard mouse)
1785569720.012238,644,324,p1-block-3-trial-3-target-7,543.0,273.0,22.5,False,Pointer Move (Standard mouse)
1785569720.020084,643,323,p1-block-3-trial-3-target-7,543.0,273.0,22.5,False,Pointer Move (Standard mouse)
1785569720.026818,642,321,p1-block-3-trial-3-target-7,543.0,273.0,22.5,False,Pointer Move (Standard mouse)
1785569720.03512,642,321,p1-block-3-trial-3-target-7,543.0,273.0,22.5,False,Pointer Move (Standard mouse)
1785569720.043461,641,320,p1-block-3-trial-3-target-7,543.0,273.0,22.5,False,Pointer Move (Standard mouse)
1785569720.050069,640,319,p1-block-3-trial-3-target-7,543.0,273.0,22.5,False,Pointer Move (Standard mouse)
1785569720.0576708,639,318,p1-block-3-trial-3-target-7,543.0,273.0,22.5,False,Pointer Move (Standard mouse)
1785569720.0642931,637,316,p1-block-3-trial-3-target-7,543.0,273.0,22.5,False,Pointer Move (Standard mouse)
1785569720.072181,633,312,p1-block-3-trial-3-target-7,543.0,273.0,22.5,False,Pointer Move (Standard mouse)
1785569720.078801,630,309,p1-block-3-trial-3-target-7,543.0,273.0,22.5,False,Pointer Move (Standard mouse)
1785569720.087445,629,308,p1-block-3-trial-3-target-7,543.0,273.0,22.5,False,Pointer Move (Standard mouse)
1785569720.0941482,628,308,p1-block-3-trial-3-target-7,543.0,273.0,22.5,False,Pointer Move (Standard mouse)
1785569720.100064,626,307,p1-block-3-trial-3-target-7,543.0,273.0,22.5,False,Pointer Move (Standard mouse)
1785569720.107873,626,306,p1-block-3-trial-3-target-7,543.0,273.0,22.5,False,Pointer Move (Standard mouse)
1785569720.115229,625,306,p1-block-3-trial-3-target-7,543.0,273.0,22.5,False,Pointer Move (Standard mouse)
1785569720.123178,625,306,p1-block-3-trial-3-target-7,543.0,273.0,22.5,False,Pointer Move (Standard mouse)
1785569720.130461,625,305,p1-block-3-trial-3-target-7,543.0,273.0,22.5,False,Pointer Move (Standard mouse)
1785569720.1382642,624,305,p1-block-3-trial-3-target-7,543.0,273.0,22.5,False,Pointer Move (Standard mouse)
1785569720.145951,624,305,p1-block-3-trial-3-target-7,543.0,273.0,22.5,False,Pointer Move (Standard mouse)
1785569720.16049,624,305,p1-block-3-trial-3-target-7,543.0,273.0,22.5,False,Pointer Move (Standard mouse)
1785569720.16765,622,305,p1-block-3-trial-3-target-7,543.0,273.0,22.5,False,Pointer Move (Standard mouse)
1785569720.1754339,617,305,p1-block-3-trial-3-target-7,543.0,273.0,22.5,False,Pointer Move (Standard mouse)
1785569720.183021,616,305,p1-block-3-trial-3-target-7,543.0,273.0,22.5,False,Pointer Move (Standard mouse)
1785569720.1907442,611,306,p1-block-3-trial-3-target-7,543.0,273.0,22.5,False,Pointer Move (Standard mouse)
1785569720.199038,606,307,p1-block-3-trial-3-target-7,543.0,273.0,22.5,False,Pointer Move (Standard mouse)
1785569720.206122,601,307,p1-block-3-trial-3-target-7,543.0,273.0,22.5,False,Pointer Move (Standard mouse)
1785569720.21412,598,308,p1-block-3-trial-3-target-7,543.0,273.0,22.5,False,Pointer Move (Standard mouse)
1785569720.221492,593,308,p1-block-3-trial-3-target-7,543.0,273.0,22.5,False,Pointer Move (Standard mouse)
1785569720.2288709,589,309,p1-block-3-trial-3-target-7,543.0,273.0,22.5,False,Pointer Move (Standard mouse)
1785569720.235709,589,309,p1-block-3-trial-3-target-7,543.0,273.0,22.5,False,Pointer Move (Standard mouse)
1785569720.24417,589,309,p1-block-3-trial-3-target-7,543.0,273.0,22.5,False,Pointer Move (Standard mouse)
1785569720.2503622,588,309,p1-block-3-trial-3-target-7,543.0,273.0,22.5,False,Pointer Move (Standard mouse)
1785569720.2585459,588,309,p1-block-3-trial-3-target-7,543.0,273.0,22.5,False,Pointer Move (Standard mouse)
1785569720.273612,588,309,p1-block-3-trial-3-target-7,543.0,273.0,22.5,False,Pointer Move (Standard mouse)
1785569720.303241,587,309,p1-block-3-trial-3-target-7,543.0,273.0,22.5,False,Pointer Move (Standard mouse)
1785569720.310624,587,309,p1-block-3-trial-3-target-7,543.0,273.0,22.5,False,Pointer Move (Standard mouse)
1785569720.318351,586,308,p1-block-3-trial-3-target-7,543.0,273.0,22.5,False,Pointer Move (Standard mouse)
1785569720.325612,584,307,p1-block-3-trial-3-target-7,543.0,273.0,22.5,False,Pointer Move (Standard mouse)
1785569720.333075,584,306,p1-block-3-trial-3-target-7,543.0,273.0,22.5,False,Pointer Move (Standard mouse)
1785569720.3411279,582,306,p1-block-3-trial-3-target-7,543.0,273.0,22.5,False,Pointer Move (Standard mouse)
1785569720.348118,581,304,p1-block-3-trial-3-target-7,543.0,273.0,22.5,False,Pointer Move (Standard mouse)
1785569720.355566,580,304,p1-block-3-trial-3-target-7,543.0,273.0,22.5,False,Pointer Move (Standard mouse)
1785569720.363345,580,303,p1-block-3-trial-3-target-7,543.0,273.0,22.5,False,Pointer Move (Standard mouse)
1785569720.370193,580,303,p1-block-3-trial-3-target-7,543.0,273.0,22.5,False,Pointer Move (Standard mouse)
1785569720.378726,579,303,p1-block-3-trial-3-target-7,543.0,273.0,22.5,False,Pointer Move (Standard mouse)
1785569720.3852549,579,302,p1-block-3-trial-3-target-7,543.0,273.0,22.5,False,Pointer Move (Standard mouse)
1785569720.3931499,579,302,p1-block-3-trial-3-target-7,543.0,273.0,22.5,False,Pointer Move (Standard mouse)
1785569720.400251,578,301,p1-block-3-trial-3-target-7,543.0,273.0,22.5,False,Pointer Move (Standard mouse)
1785569720.4077718,577,300,p1-block-3-trial-3-target-7,543.0,273.0,22.5,False,Pointer Move (Standard mouse)
1785569720.415228,577,299,p1-block-3-trial-3-target-7,543.0,273.0,22.5,False,Pointer Move (Standard mouse)
1785569720.423007,573,298,p1-block-3-trial-3-target-7,543.0,273.0,22.5,False,Pointer Move (Standard mouse)
1785569720.430057,572,297,p1-block-3-trial-3-target-7,543.0,273.0,22.5,False,Pointer Move (Standard mouse)
1785569720.4379652,568,295,p1-block-3-trial-3-target-7,543.0,273.0,22.5,False,Pointer Move (Standard mouse)
1785569720.445363,568,295,p1-block-3-trial-3-target-7,543.0,273.0,22.5,False,Pointer Move (Standard mouse)
1785569720.453099,566,294,p1-block-3-trial-3-target-7,543.0,273.0,22.5,False,Pointer Move (Standard mouse)
1785569720.4606678,565,293,p1-block-3-trial-3-target-7,543.0,273.0,22.5,False,Pointer Move (Standard mouse)
1785569720.4681249,564,292,p1-block-3-trial-3-target-7,543.0,273.0,22.5,False,Pointer Move (Standard mouse)
1785569720.47565,564,292,p1-block-3-trial-3-target-7,543.0,273.0,22.5,False,Pointer Move (Standard mouse)
1785569720.48334,563,292,p1-block-3-trial-3-target-7,543.0,273.0,22.5,False,Pointer Move (Standard mouse)
1785569720.498708,563,292,p1-block-3-trial-3-target-7,543.0,273.0,22.5,False,Pointer Move (Standard mouse)
1785569720.5512378,563,292,p1-block-3-trial-3-target-7,543.0,273.0,22.5,False,Pointer Move (Standard mouse)
1785569720.56356,562,291,p1-block-3-trial-3-target-7,543.0,273.0,22.5,False,Pointer Move (Standard mouse)
1785569720.565949,562,291,p1-block-3-trial-3-target-7,543.0,273.0,22.5,False,Pointer Move (Standard mouse)
1785569720.573718,561,290,p1-block-3-trial-3-target-7,543.0,273.0,22.5,False,Pointer Move (Standard mouse)
1785569720.581085,560,288,p1-block-3-trial-3-target-7,543.0,273.0,22.5,False,Pointer Move (Standard mouse)
1785569720.587809,559,288,p1-block-3-trial-3-target-7,543.0,273.0,22.5,False,Pointer Move (Standard mouse)
1785569720.595537,559,287,p1-block-3-trial-3-target-7,543.0,273.0,22.5,False,Pointer Move (Standard mouse)
1785569720.602897,558,287,p1-block-3-trial-3-target-7,543.0,273.0,22.5,False,Pointer Move (Standard mouse)
1785569720.6101341,558,286,p1-block-3-trial-3-target-7,543.0,273.0,22.5,False,Pointer Move (Standard mouse)
1785569720.617876,558,286,p1-block-3-trial-3-target-7,543.0,273.0,22.5,False,Pointer Move (Standard mouse)
1785569720.625237,558,286,p1-block-3-trial-3-target-7,543.0,273.0,22.5,False,Pointer Move (Standard mouse)
1785569720.641402,557,286,p1-block-3-trial-3-target-7,543.0,273.0,22.5,False,Pointer Move (Standard mouse)
1785569720.648232,557,285,p1-block-3-trial-3-target-7,543.0,273.0,22.5,False,Pointer Move (Standard mouse)
1785569720.662952,557,285,p1-block-3-trial-3-target-7,543.0,273.0,22.5,False,Pointer Move (Standard mouse)
1785569720.670379,557,284,p1-block-3-trial-3-target-7,543.0,273.0,22.5,False,Pointer Move (Standard mouse)
1785569720.686049,557,284,p1-block-3-trial-3-target-7,543.0,273.0,22.5,False,Pointer Move (Standard mouse)
1785569720.6944058,557,283,p1-block-3-trial-3-target-7,543.0,273.0,22.5,False,Pointer Move (Standard mouse)
1785569720.703391,557,283,p1-block-3-trial-3-target-7,543.0,273.0,22.5,False,Pointer Move (Standard mouse)
1785569720.7094898,556,281,p1-block-3-trial-3-target-7,543.0,273.0,22.5,False,Pointer Move (Standard mouse)
1785569720.7175941,556,280,p1-block-3-trial-3-target-7,543.0,273.0,22.5,False,Pointer Move (Standard mouse)
1785569720.7247722,556,280,p1-block-3-trial-3-target-7,543.0,273.0,22.5,False,Pointer Move (Standard mouse)
1785569720.7403378,556,279,p1-block-3-trial-3-target-7,543.0,273.0,22.5,False,Pointer Move (Standard mouse)
1785569720.778833,556,279,p1-block-3-trial-3-target-7,543.0,273.0,22.5,target_selected,target_selected
1785569720.919601,556,280,p1-block-3-trial-4-target-3,897.0,627.0,22.5,False,Pointer Move (Standard mouse)
1785569720.930592,556,280,p1-block-3-trial-4-target-3,897.0,627.0,22.5,False,Pointer Move (Standard mouse)
1785569720.9339929,556,282,p1-block-3-trial-4-target-3,897.0,627.0,22.5,False,Pointer Move (Standard mouse)
1785569720.9433331,559,288,p1-block-3-trial-4-target-3,897.0,627.0,22.5,False,Pointer Move (Standard mouse)
1785569720.949397,564,296,p1-block-3-trial-4-target-3,897.0,627.0,22.5,False,Pointer Move (Standard mouse)
1785569720.957195,570,305,p1-block-3-trial-4-target-3,897.0,627.0,22.5,False,Pointer Move (Standard mouse)
1785569720.964899,580,318,p1-block-3-trial-4-target-3,897.0,627.0,22.5,False,Pointer Move (Standard mouse)
1785569720.972689,588,325,p1-block-3-trial-4-target-3,897.0,627.0,22.5,False,Pointer Move (Standard mouse)
1785569720.981534,600,338,p1-block-3-trial-4-target-3,897.0,627.0,22.5,False,Pointer Move (Standard mouse)
1785569720.986602,614,353,p1-block-3-trial-4-target-3,897.0,627.0,22.5,False,Pointer Move (Standard mouse)
1785569720.995032,624,364,p1-block-3-trial-4-target-3,897.0,627.0,22.5,False,Pointer Move (Standard mouse)
1785569721.00043,642,383,p1-block-3-trial-4-target-3,897.0,627.0,22.5,False,Pointer Move (Standard mouse)
1785569721.008055,661,402,p1-block-3-trial-4-target-3,897.0,627.0,22.5,False,Pointer Move (Standard mouse)
1785569721.015789,679,418,p1-block-3-trial-4-target-3,897.0,627.0,22.5,False,Pointer Move (Standard mouse)
1785569721.0232441,692,431,p1-block-3-trial-4-target-3,897.0,627.0,22.5,False,Pointer Move (Standard mouse)
1785569721.0317938,710,447,p1-block-3-trial-4-target-3,897.0,627.0,22.5,False,Pointer Move (Standard mouse)
1785569721.0386329,723,460,p1-block-3-trial-4-target-3,897.0,627.0,22.5,False,Pointer Move (Standard mouse)
1785569721.048525,742,482,p1-block-3-trial-4-target-3,897.0,627.0,22.5,False,Pointer Move (Standard mouse)
1785569721.0534961,759,502,p1-block-3-trial-4-target-3,897.0,627.0,22.5,False,Pointer Move (Standard mouse)
1785569721.0602272,774,520,p1-block-3-trial-4-target-3,897.0,627.0,22.5,False,Pointer Move (Standard mouse)
1785569721.068888,785,533,p1-block-3-trial-4-target-3,897.0,627.0,22.5,False,Pointer Move (Standard mouse)
1785569721.075522,804,553,p1-block-3-trial-4-target-3,897.0,627.0,22.5,False,Pointer Move (Standard mouse)
1785569721.0828621,812,564,p1-block-3-trial-4-target-3,897.0,627.0,22.5,False,Pointer Move (Standard mouse)
1785569721.090662,830,586,p1-block-3-trial-4-target-3,897.0,627.0,22.5,False,Pointer Move (Standard mouse)
1785569721.0980978,847,604,p1-block-3-trial-4-target-3,897.0,627.0,22.5,False,Pointer Move (Standard mouse)
1785569721.106606,854,613,p1-block-3-trial-4-target-3,897.0,627.0,22.5,False,Pointer Move (Standard mouse)
1785569721.115469,869,628,p1-block-3-trial-4-target-3,897.0,627.0,22.5,False,Pointer Move (Standard mouse)
1785569721.1226492,880,639,p1-block-3-trial-4-target-3,897.0,627.0,22.5,False,Pointer Move (Standard mouse)
1785569721.130013,889,647,p1-block-3-trial-4-target-3,897.0,627.0,22.5,False,Pointer Move (Standard mouse)
1785569721.136704,893,650,p1-block-3-trial-4-target-3,897.0,627.0,22.5,False,Pointer Move (Standard mouse)
1785569721.143291,897,652,p1-block-3-trial-4-target-3,897.0,627.0,22.5,False,Pointer Move (Standard mouse)
1785569721.1507149,897,652,p1-block-3-trial-4-target-3,897.0,627.0,22.5,False,Pointer Move (Standard mouse)
1785569721.158149,897,652,p1-block-3-trial-4-target-3,897.0,627.0,22.5,False,Pointer Move (Standard mouse)
1785569721.165608,897,653,p1-block-3-trial-4-target-3,897.0,627.0,22.5,False,Pointer Move (Standard mouse)
1785569721.188819,898,653,p1-block-3-trial-4-target-3,897.0,627.0,22.5,False,Pointer Move (Standard mouse)
1785569721.219968,898,653,p1-block-3-trial-4-target-3,897.0,627.0,22.5,False,Pointer Move (Standard mouse)
1785569721.22556,898,653,p1-block-3-trial-4-target-3,897.0,627.0,22.5,False,Pointer Move (Standard mouse)
1785569721.23379,900,653,p1-block-3-trial-4-target-3,897.0,627.0,22.5,False,Pointer Move (Standard mouse)
1785569721.241129,901,653,p1-block-3-trial-4-target-3,897.0,627.0,22.5,False,Pointer Move (Standard mouse)
1785569721.2486231,904,653,p1-block-3-trial-4-target-3,897.0,627.0,22.5,False,Pointer Move (Standard mouse)
1785569721.256217,905,654,p1-block-3-trial-4-target-3,897.0,627.0,22.5,False,Pointer Move (Standard mouse)
1785569721.263584,905,654,p1-block-3-trial-4-target-3,897.0,627.0,22.5,False,Pointer Move (Standard mouse)
1785569721.2710059,906,654,p1-block-3-trial-4-target-3,897.0,627.0,22.5,False,Pointer Move (Standard mouse)
1785569721.278592,906,655,p1-block-3-trial-4-target-3,897.0,627.0,22.5,False,Pointer Move (Standard mouse)
1785569721.2860742,906,655,p1-block-3-trial-4-target-3,897.0,627.0,22.5,False,Pointer Move (Standard mouse)
1785569721.361881,906,655,p1-block-3-trial-4-target-3,897.0,627.0,22.5,False,Pointer Move (Standard mouse)
1785569721.368433,907,654,p1-block-3-trial-4-target-3,897.0,627.0,22.5,False,Pointer Move (Standard mouse)
1785569721.375086,907,651,p1-block-3-trial-4-target-3,897.0,627.0,22.5,False,Pointer Move (Standard mouse)
1785569721.38276,907,650,p1-block-3-trial-4-target-3,897.0,627.0,22.5,False,Pointer Move (Standard mouse)
1785569721.3904,907,649,p1-block-3-trial-4-target-3,897.0,627.0,22.5,False,Pointer Move (Standard mouse)
1785569721.398083,907,646,p1-block-3-trial-4-target-3,897.0,627.0,22.5,False,Pointer Move (Standard mouse)
1785569721.406087,906,645,p1-block-3-trial-4-target-3,897.0,627.0,22.5,False,Pointer Move (Standard mouse)
1785569721.414774,904,640,p1-block-3-trial-4-target-3,897.0,627.0,22.5,False,Pointer Move (Standard mouse)
1785569721.421462,904,639,p1-block-3-trial-4-target-3,897.0,627.0,22.5,False,Pointer Move (Standard mouse)
1785569721.429912,904,638,p1-block-3-trial-4-target-3,897.0,627.0,22.5,False,Pointer Move (Standard mouse)
1785569721.4364002,904,637,p1-block-3-trial-4-target-3,897.0,627.0,22.5,False,Pointer Move (Standard mouse)
1785569721.44484,903,637,p1-block-3-trial-4-target-3,897.0,627.0,22.5,False,Pointer Move (Standard mouse)
1785569721.4529102,902,636,p1-block-3-trial-4-target-3,897.0,627.0,22.5,False,Pointer Move (Standard mouse)
1785569721.459502,902,636,p1-block-3-trial-4-target-3,897.0,627.0,22.5,False,Pointer Move (Standard mouse)
1785569721.4668381,901,636,p1-block-3-trial-4-target-3,897.0,627.0,22.5,False,Pointer Move (Standard mouse)
1785569721.473509,901,636,p1-block-3-trial-4-target-3,897.0,627.0,22.5,False,Pointer Move (Standard mouse)
1785569721.488996,901,635,p1-block-3-trial-4-target-3,897.0,627.0,22.5,False,Pointer Move (Standard mouse)
1785569721.518333,901,635,p1-block-3-trial-4-target-3,897.0,627.0,22.5,False,Pointer Move (Standard mouse)
1785569721.564199,901,635,p1-block-3-trial-4-target-3,897.0,627.0,22.5,False,Pointer Move (Standard mouse)
1785569721.6166432,901,635,p1-block-3-trial-4-target-3,897.0,627.0,22.5,target_selected,target_selected
1785569721.713086,899,635,p1-block-3-trial-5-target-7,543.0,273.0,22.5,False,Pointer Move (Standard mouse)
1785569721.721175,898,635,p1-block-3-trial-5-target-7,543.0,273.0,22.5,False,Pointer Move (Standard mouse)
1785569721.729512,893,634,p1-block-3-trial-5-target-7,543.0,273.0,22.5,False,Pointer Move (Standard mouse)
1785569721.737386,888,629,p1-block-3-trial-5-target-7,543.0,273.0,22.5,False,Pointer Move (Standard mouse)
1785569721.744302,880,624,p1-block-3-trial-5-target-7,543.0,273.0,22.5,False,Pointer Move (Standard mouse)
1785569721.7515461,871,616,p1-block-3-trial-5-target-7,543.0,273.0,22.5,False,Pointer Move (Standard mouse)
1785569721.758833,865,610,p1-block-3-trial-5-target-7,543.0,273.0,22.5,False,Pointer Move (Standard mouse)
1785569721.767376,854,601,p1-block-3-trial-5-target-7,543.0,273.0,22.5,False,Pointer Move (Standard mouse)
1785569721.7735791,846,594,p1-block-3-trial-5-target-7,543.0,273.0,22.5,False,Pointer Move (Standard mouse)
1785569721.781327,837,588,p1-block-3-trial-5-target-7,543.0,273.0,22.5,False,Pointer Move (Standard mouse)
1785569721.78877,826,575,p1-block-3-trial-5-target-7,543.0,273.0,22.5,False,Pointer Move (Standard mouse)
1785569721.7966359,813,562,p1-block-3-trial-5-target-7,543.0,273.0,22.5,False,Pointer Move (Standard mouse)
1785569721.803776,798,549,p1-block-3-trial-5-target-7,543.0,273.0,22.5,False,Pointer Move (Standard mouse)
1785569721.8104599,782,534,p1-block-3-trial-5-target-7,543.0,273.0,22.5,False,Pointer Move (Standard mouse)
1785569721.8183858,769,524,p1-block-3-trial-5-target-7,543.0,273.0,22.5,False,Pointer Move (Standard mouse)
1785569721.825375,763,519,p1-block-3-trial-5-target-7,543.0,273.0,22.5,False,Pointer Move (Standard mouse)
1785569721.8336508,747,508,p1-block-3-trial-5-target-7,543.0,273.0,22.5,False,Pointer Move (Standard mouse)
1785569721.8404841,743,502,p1-block-3-trial-5-target-7,543.0,273.0,22.5,False,Pointer Move (Standard mouse)
1785569721.848556,739,493,p1-block-3-trial-5-target-7,543.0,273.0,22.5,False,Pointer Move (Standard mouse)
1785569721.8558238,737,488,p1-block-3-trial-5-target-7,543.0,273.0,22.5,False,Pointer Move (Standard mouse)
1785569721.863314,733,481,p1-block-3-trial-5-target-7,543.0,273.0,22.5,False,Pointer Move (Standard mouse)
1785569721.870844,732,476,p1-block-3-trial-5-target-7,543.0,273.0,22.5,False,Pointer Move (Standard mouse)
1785569721.877316,730,471,p1-block-3-trial-5-target-7,543.0,273.0,22.5,False,Pointer Move (Standard mouse)
1785569721.8848698,729,468,p1-block-3-trial-5-target-7,543.0,273.0,22.5,False,Pointer Move (Standard mouse)
1785569721.892235,726,464,p1-block-3-trial-5-target-7,543.0,273.0,22.5,False,Pointer Move (Standard mouse)
1785569721.9002519,723,460,p1-block-3-trial-5-target-7,543.0,273.0,22.5,False,Pointer Move (Standard mouse)
1785569721.9075022,720,455,p1-block-3-trial-5-target-7,543.0,273.0,22.5,False,Pointer Move (Standard mouse)
1785569721.916103,716,451,p1-block-3-trial-5-target-7,543.0,273.0,22.5,False,Pointer Move (Standard mouse)
1785569721.923439,712,443,p1-block-3-trial-5-target-7,543.0,273.0,22.5,False,Pointer Move (Standard mouse)
1785569721.931155,705,437,p1-block-3-trial-5-target-7,543.0,273.0,22.5,False,Pointer Move (Standard mouse)
1785569721.9387991,702,433,p1-block-3-trial-5-target-7,543.0,273.0,22.5,False,Pointer Move (Standard mouse)
1785569721.9461272,695,425,p1-block-3-trial-5-target-7,543.0,273.0,22.5,False,Pointer Move (Standard mouse)
1785569721.953585,689,419,p1-block-3-trial-5-target-7,543.0,273.0,22.5,False,Pointer Move (Standard mouse)
1785569721.961328,682,410,p1-block-3-trial-5-target-7,543.0,273.0,22.5,False,Pointer Move (Standard mouse)
1785569721.9679549,676,404,p1-block-3-trial-5-target-7,543.0,273.0,22.5,False,Pointer Move (Standard mouse)
1785569721.975372,675,403,p1-block-3-trial-5-target-7,543.0,273.0,22.5,False,Pointer Move (Standard mouse)
1785569721.983167,671,399,p1-block-3-trial-5-target-7,543.0,273.0,22.5,False,Pointer Move (Standard mouse)
1785569721.990548,668,395,p1-block-3-trial-5-target-7,543.0,273.0,22.5,False,Pointer Move (Standard mouse)
1785569721.998441,666,393,p1-block-3-trial-5-target-7,543.0,273.0,22.5,False,Pointer Move (Standard mouse)
1785569722.005731,663,390,p1-block-3-trial-5-target-7,543.0,273.0,22.5,False,Pointer Move (Standard mouse)
1785569722.014957,662,390,p1-block-3-trial-5-target-7,543.0,273.0,22.5,False,Pointer Move (Standard mouse)
1785569722.021514,660,387,p1-block-3-trial-5-target-7,543.0,273.0,22.5,False,Pointer Move (Standard mouse)
1785569722.0302348,659,386,p1-block-3-trial-5-target-7,543.0,273.0,22.5,False,Pointer Move (Standard mouse)
1785569722.0375428,654,382,p1-block-3-trial-5-target-7,543.0,273.0,22.5,False,Pointer Move (Standard mouse)
1785569722.044745,648,377,p1-block-3-trial-5-target-7,543.0,273.0,22.5,False,Pointer Move (Standard mouse)
1785569722.0518668,645,375,p1-block-3-trial-5-target-7,543.0,273.0,22.5,False,Pointer Move (Standard mouse)
1785569722.058511,639,369,p1-block-3-trial-5-target-7,543.0,273.0,22.5,False,Pointer Move (Standard mouse)
1785569722.067987,627,360,p1-block-3-trial-5-target-7,543.0,273.0,22.5,False,Pointer Move (Standard mouse)
1785569722.073823,614,353,p1-block-3-trial-5-target-7,543.0,273.0,22.5,False,Pointer Move (Standard mouse)
1785569722.083798,605,347,p1-block-3-trial-5-target-7,543.0,273.0,22.5,False,Pointer Move (Standard mouse)
1785569722.0906298,591,338,p1-block-3-trial-5-target-7,543.0,273.0,22.5,False,Pointer Move (Standard mouse)
1785569722.098194,575,330,p1-block-3-trial-5-target-7,543.0,273.0,22.5,False,Pointer Move (Standard mouse)
1785569722.105571,563,321,p1-block-3-trial-5-target-7,543.0,273.0,22.5,False,Pointer Move (Standard mouse)
1785569722.112184,552,316,p1-block-3-trial-5-target-7,543.0,273.0,22.5,False,Pointer Move (Standard mouse)
1785569722.120992,543,311,p1-block-3-trial-5-target-7,543.0,273.0,22.5,False,Pointer Move (Standard mouse)
1785569722.1261508,536,305,p1-block-3-trial-5-target-7,543.0,273.0,22.5,False,Pointer Move (Standard mouse)
1785569722.133792,535,303,p1-block-3-trial-5-target-7,543.0,273.0,22.5,False,Pointer Move (Standard mouse)
1785569722.142256,529,299,p1-block-3-trial-5-target-7,543.0,273.0,22.5,False,Pointer Move (Standard mouse)
1785569722.149445,525,293,p1-block-3-trial-5-target-7,543.0,273.0,22.5,False,Pointer Move (Standard mouse)
1785569722.156251,520,287,p1-block-3-trial-5-target-7,543.0,273.0,22.5,False,Pointer Move (Standard mouse)
1785569722.163501,519,286,p1-block-3-trial-5-target-7,543.0,273.0,22.5,False,Pointer Move (Standard mouse)
1785569722.170518,518,286,p1-block-3-trial-5-target-7,543.0,273.0,22.5,False,Pointer Move (Standard mouse)
1785569722.1781209,518,285,p1-block-3-trial-5-target-7,543.0,273.0,22.5,False,Pointer Move (Standard mouse)
1785569722.185996,517,285,p1-block-3-trial-5-target-7,543.0,273.0,22.5,False,Pointer Move (Standard mouse)
1785569722.193624,517,284,p1-block-3-trial-5-target-7,543.0,273.0,22.5,False,Pointer Move (Standard mouse)
1785569722.201047,516,284,p1-block-3-trial-5-target-7,543.0,273.0,22.5,False,Pointer Move (Standard mouse)
1785569722.208931,516,283,p1-block-3-trial-5-target-7,543.0,273.0,22.5,False,Pointer Move (Standard mouse)
1785569722.216175,516,282,p1-block-3-trial-5-target-7,543.0,273.0,22.5,False,Pointer Move (Standard mouse)
1785569722.2235231,515,282,p1-block-3-trial-5-target-7,543.0,273.0,22.5,False,Pointer Move (Standard mouse)
1785569722.2313159,515,282,p1-block-3-trial-5-target-7,543.0,273.0,22.5,False,Pointer Move (Standard mouse)
1785569722.239645,515,281,p1-block-3-trial-5-target-7,543.0,273.0,22.5,False,Pointer Move (Standard mouse)
1785569722.246327,515,281,p1-block-3-trial-5-target-7,543.0,273.0,22.5,False,Pointer Move (Standard mouse)
1785569722.252892,515,280,p1-block-3-trial-5-target-7,543.0,273.0,22.5,False,Pointer Move (Standard mouse)
1785569722.260248,515,280,p1-block-3-trial-5-target-7,543.0,273.0,22.5,False,Pointer Move (Standard mouse)
1785569722.2676868,514,280,p1-block-3-trial-5-target-7,543.0,273.0,22.5,False,Pointer Move (Standard mouse)
1785569722.30592,515,280,p1-block-3-trial-5-target-7,543.0,273.0,22.5,False,Pointer Move (Standard mouse)
1785569722.313971,515,279,p1-block-3-trial-5-target-7,543.0,273.0,22.5,False,Pointer Move (Standard mouse)
1785569722.321545,517,279,p1-block-3-trial-5-target-7,543.0,273.0,22.5,False,Pointer Move (Standard mouse)
1785569722.32924,518,279,p1-block-3-trial-5-target-7,543.0,273.0,22.5,False,Pointer Move (Standard mouse)
1785569722.336468,524,279,p1-block-3-trial-5-target-7,543.0,273.0,22.5,False,Pointer Move (Standard mouse)
1785569722.343999,527,279,p1-block-3-trial-5-target-7,543.0,273.0,22.5,False,Pointer Move (Standard mouse)
1785569722.3510149,528,279,p1-block-3-trial-5-target-7,543.0,273.0,22.5,False,Pointer Move (Standard mouse)
1785569722.359024,528,279,p1-block-3-trial-5-target-7,543.0,273.0,22.5,False,Pointer Move (Standard mouse)
1785569722.3654451,529,279,p1-block-3-trial-5-target-7,543.0,273.0,22.5,False,Pointer Move (Standard mouse)
1785569722.373051,529,279,p1-block-3-trial-5-target-7,543.0,273.0,22.5,False,Pointer Move (Standard mouse)
1785569722.389015,530,279,p1-block-3-trial-5-target-7,543.0,273.0,22.5,False,Pointer Move (Standard mouse)
1785569722.3956249,530,279,p1-block-3-trial-5-target-7,543.0,273.0,22.5,False,Pointer Move (Standard mouse)
1785569722.403563,530,280,p1-block-3-trial-5-target-7,543.0,273.0,22.5,False,Pointer Move (Standard mouse)
1785569722.418994,531,280,p1-block-3-trial-5-target-7,543.0,273.0,22.5,False,Pointer Move (Standard mouse)
1785569722.433619,531,280,p1-block-3-trial-5-target-7,543.0,273.0,22.5,False,Pointer Move (Standard mouse)
1785569722.440293,532,280,p1-block-3-trial-5-target-7,543.0,273.0,22.5,False,Pointer Move (Standard mouse)
1785569722.448127,532,280,p1-block-3-trial-5-target-7,543.0,273.0,22.5,False,Pointer Move (Standard mouse)
1785569722.455722,532,280,p1-block-3-trial-5-target-7,543.0,273.0,22.5,False,Pointer Move (Standard mouse)
1785569722.4711602,533,280,p1-block-3-trial-5-target-7,543.0,273.0,22.5,False,Pointer Move (Standard mouse)
1785569722.4859788,533,280,p1-block-3-trial-5-target-7,543.0,273.0,22.5,False,Pointer Move (Standard mouse)
1785569722.6008499,533,280,p1-block-3-trial-5-target-7,543.0,273.0,22.5,target_selected,target_selected
1785569722.6881611,533,280,p1-block-3-trial-6-target-3,897.0,627.0,22.5,False,Pointer Move (Standard mouse)
1785569722.6956532,534,283,p1-block-3-trial-6-target-3,897.0,627.0,22.5,False,Pointer Move (Standard mouse)
1785569722.702678,535,287,p1-block-3-trial-6-target-3,897.0,627.0,22.5,False,Pointer Move (Standard mouse)
1785569722.710159,537,290,p1-block-3-trial-6-target-3,897.0,627.0,22.5,False,Pointer Move (Standard mouse)
1785569722.717698,542,297,p1-block-3-trial-6-target-3,897.0,627.0,22.5,False,Pointer Move (Standard mouse)
1785569722.725505,547,306,p1-block-3-trial-6-target-3,897.0,627.0,22.5,False,Pointer Move (Standard mouse)
1785569722.73315,555,314,p1-block-3-trial-6-target-3,897.0,627.0,22.5,False,Pointer Move (Standard mouse)
1785569722.74156,566,327,p1-block-3-trial-6-target-3,897.0,627.0,22.5,False,Pointer Move (Standard mouse)
1785569722.748224,578,340,p1-block-3-trial-6-target-3,897.0,627.0,22.5,False,Pointer Move (Standard mouse)
1785569722.755279,593,353,p1-block-3-trial-6-target-3,897.0,627.0,22.5,False,Pointer Move (Standard mouse)
1785569722.763096,606,366,p1-block-3-trial-6-target-3,897.0,627.0,22.5,False,Pointer Move (Standard mouse)
1785569722.7706728,624,383,p1-block-3-trial-6-target-3,897.0,627.0,22.5,False,Pointer Move (Standard mouse)
1785569722.77816,633,391,p1-block-3-trial-6-target-3,897.0,627.0,22.5,False,Pointer Move (Standard mouse)
1785569722.785648,655,411,p1-block-3-trial-6-target-3,897.0,627.0,22.5,False,Pointer Move (Standard mouse)
1785569722.7938502,673,428,p1-block-3-trial-6-target-3,897.0,627.0,22.5,False,Pointer Move (Standard mouse)
1785569722.801297,685,439,p1-block-3-trial-6-target-3,897.0,627.0,22.5,False,Pointer Move (Standard mouse)
1785569722.8086011,694,447,p1-block-3-trial-6-target-3,897.0,627.0,22.5,False,Pointer Move (Standard mouse)
1785569722.815568,701,454,p1-block-3-trial-6-target-3,897.0,627.0,22.5,False,Pointer Move (Standard mouse)
1785569722.825002,713,463,p1-block-3-trial-6-target-3,897.0,627.0,22.5,False,Pointer Move (Standard mouse)
1785569722.8310971,725,473,p1-block-3-trial-6-target-3,897.0,627.0,22.5,False,Pointer Move (Standard mouse)
1785569722.839206,736,480,p1-block-3-trial-6-target-3,897.0,627.0,22.5,False,Pointer Move (Standard mouse)
1785569722.846615,739,482,p1-block-3-trial-6-target-3,897.0,627.0,22.5,False,Pointer Move (Standard mouse)
1785569722.85457,746,489,p1-block-3-trial-6-target-3,897.0,627.0,22.5,False,Pointer Move (Standard mouse)
1785569722.8604622,755,494,p1-block-3-trial-6-target-3,897.0,627.0,22.5,False,Pointer Move (Standard mouse)
1785569722.868242,764,499,p1-block-3-trial-6-target-3,897.0,627.0,22.5,False,Pointer Move (Standard mouse)
1785569722.876232,773,504,p1-block-3-trial-6-target-3,897.0,627.0,22.5,False,Pointer Move (Standard mouse)
1785569722.883656,783,509,p1-block-3-trial-6-target-3,897.0,627.0,22.5,False,Pointer Move (Standard mouse)
1785569722.8910642,790,513,p1-block-3-trial-6-target-3,897.0,627.0,22.5,False,Pointer Move (Standard mouse)
1785569722.8985999,801,519,p1-block-3-trial-6-target-3,897.0,627.0,22.5,False,Pointer Move (Standard mouse)
1785569722.9072719,810,524,p1-block-3-trial-6-target-3,897.0,627.0,22.5,False,Pointer Move (Standard mouse)
1785569722.9148328,819,531,p1-block-3-trial-6-target-3,897.0,627.0,22.5,False,Pointer Move (Standard mouse)
1785569722.921512,828,539,p1-block-3-trial-6-target-3,897.0,627.0,22.5,False,Pointer Move (Standard mouse)
1785569722.9290721,834,544,p1-block-3-trial-6-target-3,897.0,627.0,22.5,False,Pointer Move (Standard mouse)
1785569722.936558,840,548,p1-block-3-trial-6-target-3,897.0,627.0,22.5,False,Pointer Move (Standard mouse)
1785569722.943994,845,553,p1-block-3-trial-6-target-3,897.0,627.0,22.5,False,Pointer Move (Standard mouse)
1785569722.950839,849,556,p1-block-3-trial-6-target-3,897.0,627.0,22.5,False,Pointer Move (Standard mouse)
1785569722.957731,851,557,p1-block-3-trial-6-target-3,897.0,627.0,22.5,False,Pointer Move (Standard mouse)
1785569722.965306,851,558,p1-block-3-trial-6-target-3,897.0,627.0,22.5,False,Pointer Move (Standard mouse)
1785569722.973135,854,560,p1-block-3-trial-6-target-3,897.0,627.0,22.5,False,Pointer Move (Standard mouse)
1785569722.9808462,854,561,p1-block-3-trial-6-target-3,897.0,627.0,22.5,False,Pointer Move (Standard mouse)
1785569722.9880462,857,563,p1-block-3-trial-6-target-3,897.0,627.0,22.5,False,Pointer Move (Standard mouse)
1785569722.996863,863,568,p1-block-3-trial-6-target-3,897.0,627.0,22.5,False,Pointer Move (Standard mouse)
1785569723.003475,869,574,p1-block-3-trial-6-target-3,897.0,627.0,22.5,False,Pointer Move (Standard mouse)
1785569723.017164,873,578,p1-block-3-trial-6-target-3,897.0,627.0,22.5,False,Pointer Move (Standard mouse)
1785569723.0183418,874,579,p1-block-3-trial-6-target-3,897.0,627.0,22.5,False,Pointer Move (Standard mouse)
1785569723.025055,878,583,p1-block-3-trial-6-target-3,897.0,627.0,22.5,False,Pointer Move (Standard mouse)
1785569723.033546,880,584,p1-block-3-trial-6-target-3,897.0,627.0,22.5,False,Pointer Move (Standard mouse)
1785569723.041147,882,587,p1-block-3-trial-6-target-3,897.0,627.0,22.5,False,Pointer Move (Standard mouse)
1785569723.048544,882,587,p1-block-3-trial-6-target-3,897.0,627.0,22.5,False,Pointer Move (Standard mouse)
1785569723.056031,883,588,p1-block-3-trial-6-target-3,897.0,627.0,22.5,False,Pointer Move (Standard mouse)
1785569723.0635881,883,588,p1-block-3-trial-6-target-3,897.0,627.0,22.5,False,Pointer Move (Standard mouse)
1785569723.071094,884,590,p1-block-3-trial-6-target-3,897.0,627.0,22.5,False,Pointer Move (Standard mouse)
1785569723.078777,884,591,p1-block-3-trial-6-target-3,897.0,627.0,22.5,False,Pointer Move (Standard mouse)
1785569723.0855548,884,591,p1-block-3-trial-6-target-3,897.0,627.0,22.5,False,Pointer Move (Standard mouse)
1785569723.09318,884,592,p1-block-3-trial-6-target-3,897.0,627.0,22.5,False,Pointer Move (Standard mouse)
1785569723.101032,885,592,p1-block-3-trial-6-target-3,897.0,627.0,22.5,False,Pointer Move (Standard mouse)
1785569723.1086369,885,593,p1-block-3-trial-6-target-3,897.0,627.0,22.5,False,Pointer Move (Standard mouse)
1785569723.1162071,885,594,p1-block-3-trial-6-target-3,897.0,627.0,22.5,False,Pointer Move (Standard mouse)
1785569723.1236181,885,594,p1-block-3-trial-6-target-3,897.0,627.0,22.5,False,Pointer Move (Standard mouse)
1785569723.1314628,885,595,p1-block-3-trial-6-target-3,897.0,627.0,22.5,False,Pointer Move (Standard mouse)
1785569723.1387699,886,596,p1-block-3-trial-6-target-3,897.0,627.0,22.5,False,Pointer Move (Standard mouse)
1785569723.146555,886,599,p1-block-3-trial-6-target-3,897.0,627.0,22.5,False,Pointer Move (Standard mouse)
1785569723.15352,886,601,p1-block-3-trial-6-target-3,897.0,627.0,22.5,False,Pointer Move (Standard mouse)
1785569723.1611211,887,604,p1-block-3-trial-6-target-3,897.0,627.0,22.5,False,Pointer Move (Standard mouse)
1785569723.16852,887,605,p1-block-3-trial-6-target-3,897.0,627.0,22.5,False,Pointer Move (Standard mouse)
1785569723.1761138,888,607,p1-block-3-trial-6-target-3,897.0,627.0,22.5,False,Pointer Move (Standard mouse)
1785569723.183525,888,607,p1-block-3-trial-6-target-3,897.0,627.0,22.5,False,Pointer Move (Standard mouse)
1785569723.191226,888,609,p1-block-3-trial-6-target-3,897.0,627.0,22.5,False,Pointer Move (Standard mouse)
1785569723.198744,888,610,p1-block-3-trial-6-target-3,897.0,627.0,22.5,False,Pointer Move (Standard mouse)
1785569723.2065768,888,610,p1-block-3-trial-6-target-3,897.0,627.0,22.5,False,Pointer Move (Standard mouse)
1785569723.215082,888,611,p1-block-3-trial-6-target-3,897.0,627.0,22.5,False,Pointer Move (Standard mouse)
1785569723.2232058,888,611,p1-block-3-trial-6-target-3,897.0,627.0,22.5,False,Pointer Move (Standard mouse)
1785569723.253281,888,612,p1-block-3-trial-6-target-3,897.0,627.0,22.5,False,Pointer Move (Standard mouse)
1785569723.3134878,888,612,p1-block-3-trial-6-target-3,897.0,627.0,22.5,False,Pointer Move (Standard mouse)
1785569723.319552,888,613,p1-block-3-trial-6-target-3,897.0,627.0,22.5,False,Pointer Move (Standard mouse)
1785569723.3277519,888,614,p1-block-3-trial-6-target-3,897.0,627.0,22.5,False,Pointer Move (Standard mouse)
1785569723.3358788,888,614,p1-block-3-trial-6-target-3,897.0,627.0,22.5,False,Pointer Move (Standard mouse)
1785569723.3416681,888,615,p1-block-3-trial-6-target-3,897.0,627.0,22.5,False,Pointer Move (Standard mouse)
1785569723.350147,889,615,p1-block-3-trial-6-target-3,897.0,627.0,22.5,False,Pointer Move (Standard mouse)
1785569723.3559098,889,616,p1-block-3-trial-6-target-3,897.0,627.0,22.5,False,Pointer Move (Standard mouse)
1785569723.363492,889,616,p1-block-3-trial-6-target-3,897.0,627.0,22.5,False,Pointer Move (Standard mouse)
1785569723.388651,889,616,p1-block-3-trial-6-target-3,897.0,627.0,22.5,False,Pointer Move (Standard mouse)
1785569723.403191,889,616,p1-block-3-trial-6-target-3,897.0,627.0,22.5,target_selected,target_selected
1785569723.536255,888,616,p1-block-3-trial-7-target-7,543.0,273.0,22.5,False,Pointer Move (Standard mouse)
1785569723.544532,888,616,p1-block-3-trial-7-target-7,543.0,273.0,22.5,False,Pointer Move (Standard mouse)
1785569723.55107,882,611,p1-block-3-trial-7-target-7,543.0,273.0,22.5,False,Pointer Move (Standard mouse)
1785569723.5578,881,610,p1-block-3-trial-7-target-7,543.0,273.0,22.5,False,Pointer Move (Standard mouse)
1785569723.5652359,880,610,p1-block-3-trial-7-target-7,543.0,273.0,22.5,False,Pointer Move (Standard mouse)
1785569723.5729558,877,608,p1-block-3-trial-7-target-7,543.0,273.0,22.5,False,Pointer Move (Standard mouse)
1785569723.5805938,871,604,p1-block-3-trial-7-target-7,543.0,273.0,22.5,False,Pointer Move (Standard mouse)
1785569723.588001,866,601,p1-block-3-trial-7-target-7,543.0,273.0,22.5,False,Pointer Move (Standard mouse)
1785569723.595754,865,600,p1-block-3-trial-7-target-7,543.0,273.0,22.5,False,Pointer Move (Standard mouse)
1785569723.603488,858,597,p1-block-3-trial-7-target-7,543.0,273.0,22.5,False,Pointer Move (Standard mouse)
1785569723.6114938,851,592,p1-block-3-trial-7-target-7,543.0,273.0,22.5,False,Pointer Move (Standard mouse)
1785569723.618481,835,581,p1-block-3-trial-7-target-7,543.0,273.0,22.5,False,Pointer Move (Standard mouse)
1785569723.625997,822,572,p1-block-3-trial-7-target-7,543.0,273.0,22.5,False,Pointer Move (Standard mouse)
1785569723.633603,814,564,p1-block-3-trial-7-target-7,543.0,273.0,22.5,False,Pointer Move (Standard mouse)
1785569723.641141,801,554,p1-block-3-trial-7-target-7,543.0,273.0,22.5,False,Pointer Move (Standard mouse)
1785569723.648349,784,542,p1-block-3-trial-7-target-7,543.0,273.0,22.5,False,Pointer Move (Standard mouse)
1785569723.6552908,769,530,p1-block-3-trial-7-target-7,543.0,273.0,22.5,False,Pointer Move (Standard mouse)
1785569723.663219,753,517,p1-block-3-trial-7-target-7,543.0,273.0,22.5,False,Pointer Move (Standard mouse)
1785569723.672603,738,505,p1-block-3-trial-7-target-7,543.0,273.0,22.5,False,Pointer Move (Standard mouse)
1785569723.68034,725,494,p1-block-3-trial-7-target-7,543.0,273.0,22.5,False,Pointer Move (Standard mouse)
1785569723.6890712,707,477,p1-block-3-trial-7-target-7,543.0,273.0,22.5,False,Pointer Move (Standard mouse)
1785569723.697048,687,457,p1-block-3-trial-7-target-7,543.0,273.0,22.5,False,Pointer Move (Standard mouse)
1785569723.7022011,670,439,p1-block-3-trial-7-target-7,543.0,273.0,22.5,False,Pointer Move (Standard mouse)
1785569723.712058,657,424,p1-block-3-trial-7-target-7,543.0,273.0,22.5,False,Pointer Move (Standard mouse)
1785569723.7178628,640,406,p1-block-3-trial-7-target-7,543.0,273.0,22.5,False,Pointer Move (Standard mouse)
1785569723.725261,631,396,p1-block-3-trial-7-target-7,543.0,273.0,22.5,False,Pointer Move (Standard mouse)
1785569723.732162,623,387,p1-block-3-trial-7-target-7,543.0,273.0,22.5,False,Pointer Move (Standard mouse)
1785569723.742034,618,380,p1-block-3-trial-7-target-7,543.0,273.0,22.5,False,Pointer Move (Standard mouse)
1785569723.747593,612,372,p1-block-3-trial-7-target-7,543.0,273.0,22.5,False,Pointer Move (Standard mouse)
1785569723.753686,609,365,p1-block-3-trial-7-target-7,543.0,273.0,22.5,False,Pointer Move (Standard mouse)
1785569723.761211,609,365,p1-block-3-trial-7-target-7,543.0,273.0,22.5,False,Pointer Move (Standard mouse)
1785569723.767752,608,361,p1-block-3-trial-7-target-7,543.0,273.0,22.5,False,Pointer Move (Standard mouse)
1785569723.775564,608,361,p1-block-3-trial-7-target-7,543.0,273.0,22.5,False,Pointer Move (Standard mouse)
1785569723.782741,608,360,p1-block-3-trial-7-target-7,543.0,273.0,22.5,False,Pointer Move (Standard mouse)
1785569723.790151,608,360,p1-block-3-trial-7-target-7,543.0,273.0,22.5,False,Pointer Move (Standard mouse)
1785569723.798243,608,359,p1-block-3-trial-7-target-7,543.0,273.0,22.5,False,Pointer Move (Standard mouse)
1785569723.8056781,607,358,p1-block-3-trial-7-target-7,543.0,273.0,22.5,False,Pointer Move (Standard mouse)
1785569723.813217,606,357,p1-block-3-trial-7-target-7,543.0,273.0,22.5,False,Pointer Move (Standard mouse)
1785569723.8209379,606,355,p1-block-3-trial-7-target-7,543.0,273.0,22.5,False,Pointer Move (Standard mouse)
1785569723.828733,605,352,p1-block-3-trial-7-target-7,543.0,273.0,22.5,False,Pointer Move (Standard mouse)
1785569723.83603,604,348,p1-block-3-trial-7-target-7,543.0,273.0,22.5,False,Pointer Move (Standard mouse)
1785569723.844065,603,343,p1-block-3-trial-7-target-7,543.0,273.0,22.5,False,Pointer Move (Standard mouse)
1785569723.851029,602,338,p1-block-3-trial-7-target-7,543.0,273.0,22.5,False,Pointer Move (Standard mouse)
1785569723.8586528,602,337,p1-block-3-trial-7-target-7,543.0,273.0,22.5,False,Pointer Move (Standard mouse)
1785569723.865986,601,335,p1-block-3-trial-7-target-7,543.0,273.0,22.5,False,Pointer Move (Standard mouse)
1785569723.873544,599,332,p1-block-3-trial-7-target-7,543.0,273.0,22.5,False,Pointer Move (Standard mouse)
1785569723.881452,599,331,p1-block-3-trial-7-target-7,543.0,273.0,22.5,False,Pointer Move (Standard mouse)
1785569723.888132,597,330,p1-block-3-trial-7-target-7,543.0,273.0,22.5,False,Pointer Move (Standard mouse)
1785569723.895453,593,324,p1-block-3-trial-7-target-7,543.0,273.0,22.5,False,Pointer Move (Standard mouse)
1785569723.902632,593,323,p1-block-3-trial-7-target-7,543.0,273.0,22.5,False,Pointer Move (Standard mouse)
1785569723.9105291,589,319,p1-block-3-trial-7-target-7,543.0,273.0,22.5,False,Pointer Move (Standard mouse)
1785569723.918637,585,315,p1-block-3-trial-7-target-7,543.0,273.0,22.5,False,Pointer Move (Standard mouse)
1785569723.9251819,578,309,p1-block-3-trial-7-target-7,543.0,273.0,22.5,False,Pointer Move (Standard mouse)
1785569723.932789,577,308,p1-block-3-trial-7-target-7,543.0,273.0,22.5,False,Pointer Move (Standard mouse)
1785569723.940162,569,303,p1-block-3-trial-7-target-7,543.0,273.0,22.5,False,Pointer Move (Standard mouse)
1785569723.948135,561,300,p1-block-3-trial-7-target-7,543.0,273.0,22.5,False,Pointer Move (Standard mouse)
1785569723.955363,552,294,p1-block-3-trial-7-target-7,543.0,273.0,22.5,False,Pointer Move (Standard mouse)
1785569723.963377,541,291,p1-block-3-trial-7-target-7,543.0,273.0,22.5,False,Pointer Move (Standard mouse)
1785569723.970898,532,284,p1-block-3-trial-7-target-7,543.0,273.0,22.5,False,Pointer Move (Standard mouse)
1785569723.977911,525,279,p1-block-3-trial-7-target-7,543.0,273.0,22.5,False,Pointer Move (Standard mouse)
1785569723.985399,521,276,p1-block-3-trial-7-target-7,543.0,273.0,22.5,False,Pointer Move (Standard mouse)
1785569723.993001,517,273,p1-block-3-trial-7-target-7,543.0,273.0,22.5,False,Pointer Move (Standard mouse)
1785569724.0001411,515,272,p1-block-3-trial-7-target-7,543.0,273.0,22.5,False,Pointer Move (Standard mouse)
1785569724.007245,514,270,p1-block-3-trial-7-target-7,543.0,273.0,22.5,False,Pointer Move (Standard mouse)
1785569724.015025,514,270,p1-block-3-trial-7-target-7,543.0,273.0,22.5,False,Pointer Move (Standard mouse)
1785569724.022838,513,270,p1-block-3-trial-7-target-7,543.0,273.0,22.5,False,Pointer Move (Standard mouse)
1785569724.0304499,513,269,p1-block-3-trial-7-target-7,543.0,273.0,22.5,False,Pointer Move (Standard mouse)
1785569724.037777,513,269,p1-block-3-trial-7-target-7,543.0,273.0,22.5,False,Pointer Move (Standard mouse)
1785569724.052927,513,269,p1-block-3-trial-7-target-7,543.0,273.0,22.5,False,Pointer Move (Standard mouse)
1785569724.0603142,513,269,p1-block-3-trial-7-target-7,543.0,273.0,22.5,False,Pointer Move (Standard mouse)
1785569724.166275,513,268,p1-block-3-trial-7-target-7,543.0,273.0,22.5,False,Pointer Move (Standard mouse)
1785569724.173354,513,268,p1-block-3-trial-7-target-7,543.0,273.0,22.5,False,Pointer Move (Standard mouse)
1785569724.188479,513,268,p1-block-3-trial-7-target-7,543.0,273.0,22.5,False,Pointer Move (Standard mouse)
1785569724.195795,513,268,p1-block-3-trial-7-target-7,543.0,273.0,22.5,False,Pointer Move (Standard mouse)
1785569724.203251,514,268,p1-block-3-trial-7-target-7,543.0,273.0,22.5,False,Pointer Move (Standard mouse)
1785569724.2114,515,268,p1-block-3-trial-7-target-7,543.0,273.0,22.5,False,Pointer Move (Standard mouse)
1785569724.218936,516,268,p1-block-3-trial-7-target-7,543.0,273.0,22.5,False,Pointer Move (Standard mouse)
1785569724.225842,517,268,p1-block-3-trial-7-target-7,543.0,273.0,22.5,False,Pointer Move (Standard mouse)
1785569724.233782,518,268,p1-block-3-trial-7-target-7,543.0,273.0,22.5,False,Pointer Move (Standard mouse)
1785569724.240941,518,269,p1-block-3-trial-7-target-7,543.0,273.0,22.5,False,Pointer Move (Standard mouse)
1785569724.2480829,519,269,p1-block-3-trial-7-target-7,543.0,273.0,22.5,False,Pointer Move (Standard mouse)
1785569724.2560132,520,269,p1-block-3-trial-7-target-7,543.0,273.0,22.5,False,Pointer Move (Standard mouse)
1785569724.2630248,520,270,p1-block-3-trial-7-target-7,543.0,273.0,22.5,False,Pointer Move (Standard mouse)
1785569724.27137,521,270,p1-block-3-trial-7-target-7,543.0,273.0,22.5,False,Pointer Move (Standard mouse)
1785569724.27794,522,271,p1-block-3-trial-7-target-7,543.0,273.0,22.5,False,Pointer Move (Standard mouse)
1785569724.28536,525,272,p1-block-3-trial-7-target-7,543.0,273.0,22.5,False,Pointer Move (Standard mouse)
1785569724.293119,527,273,p1-block-3-trial-7-target-7,543.0,273.0,22.5,False,Pointer Move (Standard mouse)
1785569724.3012931,528,274,p1-block-3-trial-7-target-7,543.0,273.0,22.5,False,Pointer Move (Standard mouse)
1785569724.3094862,531,274,p1-block-3-trial-7-target-7,543.0,273.0,22.5,False,Pointer Move (Standard mouse)
1785569724.3163211,532,275,p1-block-3-trial-7-target-7,543.0,273.0,22.5,False,Pointer Move (Standard mouse)
1785569724.3249779,533,275,p1-block-3-trial-7-target-7,543.0,273.0,22.5,False,Pointer Move (Standard mouse)
1785569724.339637,533,275,p1-block-3-trial-7-target-7,543.0,273.0,22.5,False,Pointer Move (Standard mouse)
1785569724.375116,533,275,p1-block-3-trial-7-target-7,543.0,273.0,22.5,False,Pointer Move (Standard mouse)
1785569724.4553778,533,275,p1-block-3-trial-7-target-7,543.0,273.0,22.5,target_selected,target_selected
1785569724.561712,533,276,p1-block-3-trial-8-target-3,897.0,627.0,22.5,False,Pointer Move (Standard mouse)
1785569724.571733,534,277,p1-block-3-trial-8-target-3,897.0,627.0,22.5,False,Pointer Move (Standard mouse)
1785569724.5782862,534,280,p1-block-3-trial-8-target-3,897.0,627.0,22.5,False,Pointer Move (Standard mouse)
1785569724.585967,535,282,p1-block-3-trial-8-target-3,897.0,627.0,22.5,False,Pointer Move (Standard mouse)
1785569724.595458,537,285,p1-block-3-trial-8-target-3,897.0,627.0,22.5,False,Pointer Move (Standard mouse)
1785569724.6023638,542,292,p1-block-3-trial-8-target-3,897.0,627.0,22.5,False,Pointer Move (Standard mouse)
1785569724.609461,548,301,p1-block-3-trial-8-target-3,897.0,627.0,22.5,False,Pointer Move (Standard mouse)
1785569724.6169012,550,303,p1-block-3-trial-8-target-3,897.0,627.0,22.5,False,Pointer Move (Standard mouse)
1785569724.625267,561,316,p1-block-3-trial-8-target-3,897.0,627.0,22.5,False,Pointer Move (Standard mouse)
1785569724.63148,571,329,p1-block-3-trial-8-target-3,897.0,627.0,22.5,False,Pointer Move (Standard mouse)
1785569724.640044,579,340,p1-block-3-trial-8-target-3,897.0,627.0,22.5,False,Pointer Move (Standard mouse)
1785569724.646919,596,360,p1-block-3-trial-8-target-3,897.0,627.0,22.5,False,Pointer Move (Standard mouse)
1785569724.654798,613,380,p1-block-3-trial-8-target-3,897.0,627.0,22.5,False,Pointer Move (Standard mouse)
1785569724.6620438,623,391,p1-block-3-trial-8-target-3,897.0,627.0,22.5,False,Pointer Move (Standard mouse)
1785569724.6694589,645,414,p1-block-3-trial-8-target-3,897.0,627.0,22.5,False,Pointer Move (Standard mouse)
1785569724.676975,663,433,p1-block-3-trial-8-target-3,897.0,627.0,22.5,False,Pointer Move (Standard mouse)
1785569724.682831,674,446,p1-block-3-trial-8-target-3,897.0,627.0,22.5,False,Pointer Move (Standard mouse)
1785569724.693643,696,469,p1-block-3-trial-8-target-3,897.0,627.0,22.5,False,Pointer Move (Standard mouse)
1785569724.6986299,713,483,p1-block-3-trial-8-target-3,897.0,627.0,22.5,False,Pointer Move (Standard mouse)
1785569724.708867,722,489,p1-block-3-trial-8-target-3,897.0,627.0,22.5,False,Pointer Move (Standard mouse)
1785569724.714932,735,499,p1-block-3-trial-8-target-3,897.0,627.0,22.5,False,Pointer Move (Standard mouse)
1785569724.722514,748,510,p1-block-3-trial-8-target-3,897.0,627.0,22.5,False,Pointer Move (Standard mouse)
1785569724.730012,754,517,p1-block-3-trial-8-target-3,897.0,627.0,22.5,False,Pointer Move (Standard mouse)
1785569724.736535,763,525,p1-block-3-trial-8-target-3,897.0,627.0,22.5,False,Pointer Move (Standard mouse)
1785569724.74502,769,531,p1-block-3-trial-8-target-3,897.0,627.0,22.5,False,Pointer Move (Standard mouse)
1785569724.751998,777,539,p1-block-3-trial-8-target-3,897.0,627.0,22.5,False,Pointer Move (Standard mouse)
1785569724.759427,786,545,p1-block-3-trial-8-target-3,897.0,627.0,22.5,False,Pointer Move (Standard mouse)
1785569724.766906,793,551,p1-block-3-trial-8-target-3,897.0,627.0,22.5,False,Pointer Move (Standard mouse)
1785569724.7728279,801,557,p1-block-3-trial-8-target-3,897.0,627.0,22.5,False,Pointer Move (Standard mouse)
1785569724.780558,803,560,p1-block-3-trial-8-target-3,897.0,627.0,22.5,False,Pointer Move (Standard mouse)
1785569724.7881322,814,566,p1-block-3-trial-8-target-3,897.0,627.0,22.5,False,Pointer Move (Standard mouse)
1785569724.79526,826,573,p1-block-3-trial-8-target-3,897.0,627.0,22.5,False,Pointer Move (Standard mouse)
1785569724.8024771,837,578,p1-block-3-trial-8-target-3,897.0,627.0,22.5,False,Pointer Move (Standard mouse)
1785569724.810634,842,582,p1-block-3-trial-8-target-3,897.0,627.0,22.5,False,Pointer Move (Standard mouse)
1785569724.817912,850,585,p1-block-3-trial-8-target-3,897.0,627.0,22.5,False,Pointer Move (Standard mouse)
1785569724.825218,855,588,p1-block-3-trial-8-target-3,897.0,627.0,22.5,False,Pointer Move (Standard mouse)
1785569724.832833,861,589,p1-block-3-trial-8-target-3,897.0,627.0,22.5,False,Pointer Move (Standard mouse)
1785569724.840441,861,590,p1-block-3-trial-8-target-3,897.0,627.0,22.5,False,Pointer Move (Standard mouse)
1785569724.8477619,863,591,p1-block-3-trial-8-target-3,897.0,627.0,22.5,False,Pointer Move (Standard mouse)
1785569724.855358,864,591,p1-block-3-trial-8-target-3,897.0,627.0,22.5,False,Pointer Move (Standard mouse)
1785569724.8629608,865,591,p1-block-3-trial-8-target-3,897.0,627.0,22.5,False,Pointer Move (Standard mouse)
1785569724.8705752,867,592,p1-block-3-trial-8-target-3,897.0,627.0,22.5,False,Pointer Move (Standard mouse)
1785569724.877988,867,592,p1-block-3-trial-8-target-3,897.0,627.0,22.5,False,Pointer Move (Standard mouse)
1785569724.885498,868,592,p1-block-3-trial-8-target-3,897.0,627.0,22.5,False,Pointer Move (Standard mouse)
1785569724.892969,871,593,p1-block-3-trial-8-target-3,897.0,627.0,22.5,False,Pointer Move (Standard mouse)
1785569724.900373,875,594,p1-block-3-trial-8-target-3,897.0,627.0,22.5,False,Pointer Move (Standard mouse)
1785569724.907837,882,597,p1-block-3-trial-8-target-3,897.0,627.0,22.5,False,Pointer Move (Standard mouse)
1785569724.9152331,887,600,p1-block-3-trial-8-target-3,897.0,627.0,22.5,False,Pointer Move (Standard mouse)
1785569724.922839,892,604,p1-block-3-trial-8-target-3,897.0,627.0,22.5,False,Pointer Move (Standard mouse)
1785569724.93058,897,607,p1-block-3-trial-8-target-3,897.0,627.0,22.5,False,Pointer Move (Standard mouse)
1785569724.938221,898,608,p1-block-3-trial-8-target-3,897.0,627.0,22.5,False,Pointer Move (Standard mouse)
1785569724.9449542,900,609,p1-block-3-trial-8-target-3,897.0,627.0,22.5,False,Pointer Move (Standard mouse)
1785569724.9532428,900,610,p1-block-3-trial-8-target-3,897.0,627.0,22.5,False,Pointer Move (Standard mouse)
1785569724.960373,900,610,p1-block-3-trial-8-target-3,897.0,627.0,22.5,False,Pointer Move (Standard mouse)
1785569724.967906,900,610,p1-block-3-trial-8-target-3,897.0,627.0,22.5,False,Pointer Move (Standard mouse)
1785569724.9758642,900,611,p1-block-3-trial-8-target-3,897.0,627.0,22.5,False,Pointer Move (Standard mouse)
1785569724.9833012,900,611,p1-block-3-trial-8-target-3,897.0,627.0,22.5,False,Pointer Move (Standard mouse)
1785569724.998451,900,612,p1-block-3-trial-8-target-3,897.0,627.0,22.5,False,Pointer Move (Standard mouse)
1785569725.013545,900,612,p1-block-3-trial-8-target-3,897.0,627.0,22.5,False,Pointer Move (Standard mouse)
1785569725.0207272,900,613,p1-block-3-trial-8-target-3,897.0,627.0,22.5,False,Pointer Move (Standard mouse)
1785569725.028278,901,613,p1-block-3-trial-8-target-3,897.0,627.0,22.5,False,Pointer Move (Standard mouse)
1785569725.0357602,901,613,p1-block-3-trial-8-target-3,897.0,627.0,22.5,False,Pointer Move (Standard mouse)
1785569725.0433862,901,613,p1-block-3-trial-8-target-3,897.0,627.0,22.5,False,Pointer Move (Standard mouse)
1785569725.057545,901,614,p1-block-3-trial-8-target-3,897.0,627.0,22.5,False,Pointer Move (Standard mouse)
1785569725.0649862,901,614,p1-block-3-trial-8-target-3,897.0,627.0,22.5,False,Pointer Move (Standard mouse)
1785569725.072542,901,615,p1-block-3-trial-8-target-3,897.0,627.0,22.5,False,Pointer Move (Standard mouse)
1785569725.080609,901,615,p1-block-3-trial-8-target-3,897.0,627.0,22.5,False,Pointer Move (Standard mouse)
1785569725.08856,901,616,p1-block-3-trial-8-target-3,897.0,627.0,22.5,False,Pointer Move (Standard mouse)
1785569725.095398,901,616,p1-block-3-trial-8-target-3,897.0,627.0,22.5,False,Pointer Move (Standard mouse)
1785569725.102303,901,616,p1-block-3-trial-8-target-3,897.0,627.0,22.5,False,Pointer Move (Standard mouse)
1785569725.1177118,901,617,p1-block-3-trial-8-target-3,897.0,627.0,22.5,False,Pointer Move (Standard mouse)
1785569725.125597,901,617,p1-block-3-trial-8-target-3,897.0,627.0,22.5,False,Pointer Move (Standard mouse)
1785569725.133106,901,617,p1-block-3-trial-8-target-3,897.0,627.0,22.5,False,Pointer Move (Standard mouse)
1785569725.140202,901,618,p1-block-3-trial-8-target-3,897.0,627.0,22.5,False,Pointer Move (Standard mouse)
1785569725.147944,901,618,p1-block-3-trial-8-target-3,897.0,627.0,22.5,False,Pointer Move (Standard mouse)
1785569725.1560051,901,618,p1-block-3-trial-8-target-3,897.0,627.0,22.5,False,Pointer Move (Standard mouse)
1785569725.163071,900,618,p1-block-3-trial-8-target-3,897.0,627.0,22.5,False,Pointer Move (Standard mouse)
1785569725.170401,900,619,p1-block-3-trial-8-target-3,897.0,627.0,22.5,False,Pointer Move (Standard mouse)
1785569725.217487,900,619,p1-block-3-trial-8-target-3,897.0,627.0,22.5,target_selected,target_selected
1785569725.3047838,900,619,p1-block-3-trial-9-target-7,543.0,273.0,22.5,False,Pointer Move (Standard mouse)
1785569725.314343,896,615,p1-block-3-trial-9-target-7,543.0,273.0,22.5,False,Pointer Move (Standard mouse)
1785569725.321791,893,612,p1-block-3-trial-9-target-7,543.0,273.0,22.5,False,Pointer Move (Standard mouse)
1785569725.329108,882,599,p1-block-3-trial-9-target-7,543.0,273.0,22.5,False,Pointer Move (Standard mouse)
1785569725.3371892,875,593,p1-block-3-trial-9-target-7,543.0,273.0,22.5,False,Pointer Move (Standard mouse)
1785569725.342859,863,585,p1-block-3-trial-9-target-7,543.0,273.0,22.5,False,Pointer Move (Standard mouse)
1785569725.349826,856,577,p1-block-3-trial-9-target-7,543.0,273.0,22.5,False,Pointer Move (Standard mouse)
1785569725.3578181,843,567,p1-block-3-trial-9-target-7,543.0,273.0,22.5,False,Pointer Move (Standard mouse)
1785569725.365815,821,547,p1-block-3-trial-9-target-7,543.0,273.0,22.5,False,Pointer Move (Standard mouse)
1785569725.372894,806,534,p1-block-3-trial-9-target-7,543.0,273.0,22.5,False,Pointer Move (Standard mouse)
1785569725.37995,797,526,p1-block-3-trial-9-target-7,543.0,273.0,22.5,False,Pointer Move (Standard mouse)
1785569725.38725,786,514,p1-block-3-trial-9-target-7,543.0,273.0,22.5,False,Pointer Move (Standard mouse)
1785569725.394746,777,508,p1-block-3-trial-9-target-7,543.0,273.0,22.5,False,Pointer Move (Standard mouse)
1785569725.402403,769,498,p1-block-3-trial-9-target-7,543.0,273.0,22.5,False,Pointer Move (Standard mouse)
1785569725.409961,762,492,p1-block-3-trial-9-target-7,543.0,273.0,22.5,False,Pointer Move (Standard mouse)
1785569725.417772,756,483,p1-block-3-trial-9-target-7,543.0,273.0,22.5,False,Pointer Move (Standard mouse)
1785569725.425364,749,473,p1-block-3-trial-9-target-7,543.0,273.0,22.5,False,Pointer Move (Standard mouse)
1785569725.432891,742,460,p1-block-3-trial-9-target-7,543.0,273.0,22.5,False,Pointer Move (Standard mouse)
1785569725.440524,734,448,p1-block-3-trial-9-target-7,543.0,273.0,22.5,False,Pointer Move (Standard mouse)
1785569725.4476328,719,426,p1-block-3-trial-9-target-7,543.0,273.0,22.5,False,Pointer Move (Standard mouse)
1785569725.455401,709,415,p1-block-3-trial-9-target-7,543.0,273.0,22.5,False,Pointer Move (Standard mouse)
1785569725.4631171,694,397,p1-block-3-trial-9-target-7,543.0,273.0,22.5,False,Pointer Move (Standard mouse)
1785569725.470685,684,386,p1-block-3-trial-9-target-7,543.0,273.0,22.5,False,Pointer Move (Standard mouse)
1785569725.478144,673,376,p1-block-3-trial-9-target-7,543.0,273.0,22.5,False,Pointer Move (Standard mouse)
1785569725.485496,652,359,p1-block-3-trial-9-target-7,543.0,273.0,22.5,False,Pointer Move (Standard mouse)
1785569725.4924648,641,350,p1-block-3-trial-9-target-7,543.0,273.0,22.5,False,Pointer Move (Standard mouse)
1785569725.500252,633,343,p1-block-3-trial-9-target-7,543.0,273.0,22.5,False,Pointer Move (Standard mouse)
1785569725.507773,624,335,p1-block-3-trial-9-target-7,543.0,273.0,22.5,False,Pointer Move (Standard mouse)
1785569725.51531,613,326,p1-block-3-trial-9-target-7,543.0,273.0,22.5,False,Pointer Move (Standard mouse)
1785569725.5231318,612,325,p1-block-3-trial-9-target-7,543.0,273.0,22.5,False,Pointer Move (Standard mouse)
1785569725.530781,609,321,p1-block-3-trial-9-target-7,543.0,273.0,22.5,False,Pointer Move (Standard mouse)
1785569725.5385332,609,321,p1-block-3-trial-9-target-7,543.0,273.0,22.5,False,Pointer Move (Standard mouse)
1785569725.545192,609,320,p1-block-3-trial-9-target-7,543.0,273.0,22.5,False,Pointer Move (Standard mouse)
1785569725.560819,608,320,p1-block-3-trial-9-target-7,543.0,273.0,22.5,False,Pointer Move (Standard mouse)
1785569725.586098,608,320,p1-block-3-trial-9-target-7,543.0,273.0,22.5,False,Pointer Move (Standard mouse)
1785569725.591978,608,320,p1-block-3-trial-9-target-7,543.0,273.0,22.5,False,Pointer Move (Standard mouse)
1785569725.6015801,608,319,p1-block-3-trial-9-target-7,543.0,273.0,22.5,False,Pointer Move (Standard mouse)
1785569725.606543,607,318,p1-block-3-trial-9-target-7,543.0,273.0,22.5,False,Pointer Move (Standard mouse)
1785569725.615736,607,318,p1-block-3-trial-9-target-7,543.0,273.0,22.5,False,Pointer Move (Standard mouse)
1785569725.623279,606,317,p1-block-3-trial-9-target-7,543.0,273.0,22.5,False,Pointer Move (Standard mouse)
1785569725.630762,606,317,p1-block-3-trial-9-target-7,543.0,273.0,22.5,False,Pointer Move (Standard mouse)
1785569725.639332,605,316,p1-block-3-trial-9-target-7,543.0,273.0,22.5,False,Pointer Move (Standard mouse)
1785569725.6432471,605,316,p1-block-3-trial-9-target-7,543.0,273.0,22.5,False,Pointer Move (Standard mouse)
1785569725.650581,605,315,p1-block-3-trial-9-target-7,543.0,273.0,22.5,False,Pointer Move (Standard mouse)
1785569725.6588092,604,314,p1-block-3-trial-9-target-7,543.0,273.0,22.5,False,Pointer Move (Standard mouse)
1785569725.667994,604,313,p1-block-3-trial-9-target-7,543.0,273.0,22.5,False,Pointer Move (Standard mouse)
1785569725.673339,603,313,p1-block-3-trial-9-target-7,543.0,273.0,22.5,False,Pointer Move (Standard mouse)
1785569725.680863,603,312,p1-block-3-trial-9-target-7,543.0,273.0,22.5,False,Pointer Move (Standard mouse)
1785569725.688003,602,312,p1-block-3-trial-9-target-7,543.0,273.0,22.5,False,Pointer Move (Standard mouse)
1785569725.6964202,601,311,p1-block-3-trial-9-target-7,543.0,273.0,22.5,False,Pointer Move (Standard mouse)
1785569725.704035,600,311,p1-block-3-trial-9-target-7,543.0,273.0,22.5,False,Pointer Move (Standard mouse)
1785569725.711908,596,308,p1-block-3-trial-9-target-7,543.0,273.0,22.5,False,Pointer Move (Standard mouse)
1785569725.7187169,591,305,p1-block-3-trial-9-target-7,543.0,273.0,22.5,False,Pointer Move (Standard mouse)
1785569725.725253,584,300,p1-block-3-trial-9-target-7,543.0,273.0,22.5,False,Pointer Move (Standard mouse)
1785569725.733759,581,298,p1-block-3-trial-9-target-7,543.0,273.0,22.5,False,Pointer Move (Standard mouse)
1785569725.7409952,568,288,p1-block-3-trial-9-target-7,543.0,273.0,22.5,False,Pointer Move (Standard mouse)
1785569725.748278,555,281,p1-block-3-trial-9-target-7,543.0,273.0,22.5,False,Pointer Move (Standard mouse)
1785569725.755605,548,275,p1-block-3-trial-9-target-7,543.0,273.0,22.5,False,Pointer Move (Standard mouse)
1785569725.763572,541,270,p1-block-3-trial-9-target-7,543.0,273.0,22.5,False,Pointer Move (Standard mouse)
1785569725.771878,535,266,p1-block-3-trial-9-target-7,543.0,273.0,22.5,False,Pointer Move (Standard mouse)
1785569725.77874,531,262,p1-block-3-trial-9-target-7,543.0,273.0,22.5,False,Pointer Move (Standard mouse)
1785569725.785781,527,259,p1-block-3-trial-9-target-7,543.0,273.0,22.5,False,Pointer Move (Standard mouse)
1785569725.793776,526,258,p1-block-3-trial-9-target-7,543.0,273.0,22.5,False,Pointer Move (Standard mouse)
1785569725.8014872,525,257,p1-block-3-trial-9-target-7,543.0,273.0,22.5,False,Pointer Move (Standard mouse)
1785569725.808746,525,256,p1-block-3-trial-9-target-7,543.0,273.0,22.5,False,Pointer Move (Standard mouse)
1785569725.8231628,525,256,p1-block-3-trial-9-target-7,543.0,273.0,22.5,False,Pointer Move (Standard mouse)
1785569725.867788,525,256,p1-block-3-trial-9-target-7,543.0,273.0,22.5,False,Pointer Move (Standard mouse)
1785569726.148051,525,256,p1-block-3-trial-9-target-7,543.0,273.0,22.5,False,Pointer Move (Standard mouse)
1785569726.153632,525,256,p1-block-3-trial-9-target-7,543.0,273.0,22.5,False,Pointer Move (Standard mouse)
1785569726.1628642,527,260,p1-block-3-trial-9-target-7,543.0,273.0,22.5,False,Pointer Move (Standard mouse)
1785569726.171013,530,265,p1-block-3-trial-9-target-7,543.0,273.0,22.5,False,Pointer Move (Standard mouse)
1785569726.1778371,536,271,p1-block-3-trial-9-target-7,543.0,273.0,22.5,False,Pointer Move (Standard mouse)
1785569726.185994,542,280,p1-block-3-trial-9-target-7,543.0,273.0,22.5,False,Pointer Move (Standard mouse)
1785569726.194082,547,286,p1-block-3-trial-9-target-7,543.0,273.0,22.5,False,Pointer Move (Standard mouse)
1785569726.200532,558,299,p1-block-3-trial-9-target-7,543.0,273.0,22.5,False,Pointer Move (Standard mouse)
1785569726.2070138,573,313,p1-block-3-trial-9-target-7,543.0,273.0,22.5,False,Pointer Move (Standard mouse)
1785569726.217152,588,327,p1-block-3-trial-9-target-7,543.0,273.0,22.5,False,Pointer Move (Standard mouse)
1785569726.221447,608,342,p1-block-3-trial-9-target-7,543.0,273.0,22.5,False,Pointer Move (Standard mouse)
1785569726.2303889,619,353,p1-block-3-trial-9-target-7,543.0,273.0,22.5,False,Pointer Move (Standard mouse)
1785569726.237826,641,370,p1-block-3-trial-9-target-7,543.0,273.0,22.5,False,Pointer Move (Standard mouse)
1785569726.246793,662,389,p1-block-3-trial-9-target-7,543.0,273.0,22.5,False,Pointer Move (Standard mouse)
1785569726.252096,686,407,p1-block-3-trial-9-target-7,543.0,273.0,22.5,False,Pointer Move (Standard mouse)
1785569726.2698,713,432,p1-block-3-trial-9-target-7,543.0,273.0,22.5,False,Pointer Move (Standard mouse)
1785569726.273577,733,449,p1-block-3-trial-9-target-7,543.0,273.0,22.5,False,Pointer Move (Standard mouse)
1785569726.284121,749,462,p1-block-3-trial-9-target-7,543.0,273.0,22.5,False,Pointer Move (Standard mouse)
1785569726.29054,764,477,p1-block-3-trial-9-target-7,543.0,273.0,22.5,False,Pointer Move (Standard mouse)
1785569726.296928,776,488,p1-block-3-trial-9-target-7,543.0,273.0,22.5,False,Pointer Move (Standard mouse)
1785569726.3059819,792,503,p1-block-3-trial-9-target-7,543.0,273.0,22.5,False,Pointer Move (Standard mouse)
1785569726.3143601,804,516,p1-block-3-trial-9-target-7,543.0,273.0,22.5,False,Pointer Move (Standard mouse)
1785569726.3201752,810,522,p1-block-3-trial-9-target-7,543.0,273.0,22.5,False,Pointer Move (Standard mouse)
1785569726.3255439,816,528,p1-block-3-trial-9-target-7,543.0,273.0,22.5,False,Pointer Move (Standard mouse)
1785569726.3341901,820,534,p1-block-3-trial-9-target-7,543.0,273.0,22.5,False,Pointer Move (Standard mouse)
1785569726.3421881,823,539,p1-block-3-trial-9-target-7,543.0,273.0,22.5,False,Pointer Move (Standard mouse)
1785569726.348086,828,547,p1-block-3-trial-9-target-7,543.0,273.0,22.5,False,Pointer Move (Standard mouse)
1785569726.356877,829,547,p1-block-3-trial-9-target-7,543.0,273.0,22.5,False,Pointer Move (Standard mouse)
1785569726.365206,832,552,p1-block-3-trial-9-target-7,543.0,273.0,22.5,False,Pointer Move (Standard mouse)
1785569726.372926,835,556,p1-block-3-trial-9-target-7,543.0,273.0,22.5,False,Pointer Move (Standard mouse)
1785569726.382736,838,559,p1-block-3-trial-9-target-7,543.0,273.0,22.5,False,Pointer Move (Standard mouse)
1785569726.387172,841,564,p1-block-3-trial-9-target-7,543.0,273.0,22.5,False,Pointer Move (Standard mouse)
1785569726.393894,845,570,p1-block-3-trial-9-target-7,543.0,273.0,22.5,False,Pointer Move (Standard mouse)
1785569726.4023402,849,576,p1-block-3-trial-9-target-7,543.0,273.0,22.5,False,Pointer Move (Standard mouse)
1785569726.4088662,853,582,p1-block-3-trial-9-target-7,543.0,273.0,22.5,False,Pointer Move (Standard mouse)
1785569726.417163,858,588,p1-block-3-trial-9-target-7,543.0,273.0,22.5,False,Pointer Move (Standard mouse)
1785569726.424429,861,592,p1-block-3-trial-9-target-7,543.0,273.0,22.5,False,Pointer Move (Standard mouse)
1785569726.432707,867,598,p1-block-3-trial-9-target-7,543.0,273.0,22.5,False,Pointer Move (Standard mouse)
1785569726.44011,871,602,p1-block-3-trial-9-target-7,543.0,273.0,22.5,False,Pointer Move (Standard mouse)
1785569726.447219,873,605,p1-block-3-trial-9-target-7,543.0,273.0,22.5,False,Pointer Move (Standard mouse)
1785569726.454675,874,605,p1-block-3-trial-9-target-7,543.0,273.0,22.5,False,Pointer Move (Standard mouse)
1785569726.461922,874,606,p1-block-3-trial-9-target-7,543.0,273.0,22.5,False,Pointer Move (Standard mouse)
1785569726.470169,875,607,p1-block-3-trial-9-target-7,543.0,273.0,22.5,False,Pointer Move (Standard mouse)
1785569726.4852,875,607,p1-block-3-trial-9-target-7,543.0,273.0,22.5,False,Pointer Move (Standard mouse)
1785569726.500601,875,607,p1-block-3-trial-9-target-7,543.0,273.0,22.5,False,Pointer Move (Standard mouse)
1785569726.507589,876,607,p1-block-3-trial-9-target-7,543.0,273.0,22.5,False,Pointer Move (Standard mouse)
1785569726.513807,877,608,p1-block-3-trial-9-target-7,543.0,273.0,22.5,False,Pointer Move (Standard mouse)
1785569726.5225651,877,608,p1-block-3-trial-9-target-7,543.0,273.0,22.5,False,Pointer Move (Standard mouse)
1785569726.528041,878,608,p1-block-3-trial-9-target-7,543.0,273.0,22.5,False,Pointer Move (Standard mouse)
1785569726.5375302,878,608,p1-block-3-trial-9-target-7,543.0,273.0,22.5,False,Pointer Move (Standard mouse)
1785569726.5434911,878,608,p1-block-3-trial-9-target-7,543.0,273.0,22.5,False,Pointer Move (Standard mouse)
1785569726.552191,879,608,p1-block-3-trial-9-target-7,543.0,273.0,22.5,False,Pointer Move (Standard mouse)
1785569726.568513,879,609,p1-block-3-trial-9-target-7,543.0,273.0,22.5,False,Pointer Move (Standard mouse)
1785569726.5810938,879,609,p1-block-3-trial-9-target-7,543.0,273.0,22.5,False,Pointer Move (Standard mouse)
1785569726.5968719,880,609,p1-block-3-trial-9-target-7,543.0,273.0,22.5,False,Pointer Move (Standard mouse)
1785569726.605112,880,609,p1-block-3-trial-9-target-7,543.0,273.0,22.5,False,Pointer Move (Standard mouse)
1785569726.6132832,881,610,p1-block-3-trial-9-target-7,543.0,273.0,22.5,False,Pointer Move (Standard mouse)
1785569726.620667,882,611,p1-block-3-trial-9-target-7,543.0,273.0,22.5,False,Pointer Move (Standard mouse)
1785569726.628126,883,612,p1-block-3-trial-9-target-7,543.0,273.0,22.5,False,Pointer Move (Standard mouse)
1785569726.634235,884,613,p1-block-3-trial-9-target-7,543.0,273.0,22.5,False,Pointer Move (Standard mouse)
1785569726.64176,887,615,p1-block-3-trial-9-target-7,543.0,273.0,22.5,False,Pointer Move (Standard mouse)
1785569726.648627,891,619,p1-block-3-trial-9-target-7,543.0,273.0,22.5,False,Pointer Move (Standard mouse)
1785569726.656241,895,623,p1-block-3-trial-9-target-7,543.0,273.0,22.5,False,Pointer Move (Standard mouse)
1785569726.663608,899,627,p1-block-3-trial-9-target-7,543.0,273.0,22.5,False,Pointer Move (Standard mouse)
1785569726.671037,900,628,p1-block-3-trial-9-target-7,543.0,273.0,22.5,False,Pointer Move (Standard mouse)
1785569726.678668,901,628,p1-block-3-trial-9-target-7,543.0,273.0,22.5,False,Pointer Move (Standard mouse)
1785569726.6860778,901,629,p1-block-3-trial-9-target-7,543.0,273.0,22.5,False,Pointer Move (Standard mouse)
1785569726.694968,901,629,p1-block-3-trial-9-target-7,543.0,273.0,22.5,False,Pointer Move (Standard mouse)
1785569726.711872,901,629,p1-block-3-trial-9-target-7,543.0,273.0,22.5,False,Pointer Move (Standard mouse)
1785569726.723213,901,630,p1-block-3-trial-9-target-7,543.0,273.0,22.5,False,Pointer Move (Standard mouse)
1785569726.761537,901,630,p1-block-3-trial-9-target-7,543.0,273.0,22.5,False,Pointer Move (Standard mouse)
1785569726.76854,901,630,p1-block-3-trial-9-target-7,543.0,273.0,22.5,False,Pointer Move (Standard mouse)
1785569726.776269,901,630,p1-block-3-trial-9-target-7,543.0,273.0,22.5,False,Pointer Move (Standard mouse)
1785569726.791646,901,631,p1-block-3-trial-9-target-7,543.0,273.0,22.5,False,Pointer Move (Standard mouse)
1785569726.852198,901,631,p1-block-3-trial-9-target-7,543.0,273.0,22.5,False,Pointer Move (Standard mouse)
1785569726.85868,900,631,p1-block-3-trial-9-target-7,543.0,273.0,22.5,False,Pointer Move (Standard mouse)
1785569726.866102,894,626,p1-block-3-trial-9-target-7,543.0,273.0,22.5,False,Pointer Move (Standard mouse)
1785569726.8736699,887,620,p1-block-3-trial-9-target-7,543.0,273.0,22.5,False,Pointer Move (Standard mouse)
1785569726.8811789,881,616,p1-block-3-trial-9-target-7,543.0,273.0,22.5,False,Pointer Move (Standard mouse)
1785569726.8880901,867,604,p1-block-3-trial-9-target-7,543.0,273.0,22.5,False,Pointer Move (Standard mouse)
1785569726.896105,852,589,p1-block-3-trial-9-target-7,543.0,273.0,22.5,False,Pointer Move (Standard mouse)
1785569726.903712,828,564,p1-block-3-trial-9-target-7,543.0,273.0,22.5,False,Pointer Move (Standard mouse)
1785569726.917793,810,539,p1-block-3-trial-9-target-7,543.0,273.0,22.5,False,Pointer Move (Standard mouse)
1785569726.921705,793,519,p1-block-3-trial-9-target-7,543.0,273.0,22.5,False,Pointer Move (Standard mouse)
1785569726.9255319,746,468,p1-block-3-trial-9-target-7,543.0,273.0,22.5,False,Pointer Move (Standard mouse)
1785569726.9342148,722,446,p1-block-3-trial-9-target-7,543.0,273.0,22.5,False,Pointer Move (Standard mouse)
1785569726.9410062,704,429,p1-block-3-trial-9-target-7,543.0,273.0,22.5,False,Pointer Move (Standard mouse)
1785569726.947878,673,399,p1-block-3-trial-9-target-7,543.0,273.0,22.5,False,Pointer Move (Standard mouse)
1785569726.955241,651,376,p1-block-3-trial-9-target-7,543.0,273.0,22.5,False,Pointer Move (Standard mouse)
1785569726.96267,629,352,p1-block-3-trial-9-target-7,543.0,273.0,22.5,False,Pointer Move (Standard mouse)
1785569726.970145,609,329,p1-block-3-trial-9-target-7,543.0,273.0,22.5,False,Pointer Move (Standard mouse)
1785569726.978241,599,320,p1-block-3-trial-9-target-7,543.0,273.0,22.5,False,Pointer Move (Standard mouse)
1785569726.985694,582,295,p1-block-3-trial-9-target-7,543.0,273.0,22.5,False,Pointer Move (Standard mouse)
1785569726.993531,574,282,p1-block-3-trial-9-target-7,543.0,273.0,22.5,False,Pointer Move (Standard mouse)
1785569727.001045,562,259,p1-block-3-trial-9-target-7,543.0,273.0,22.5,False,Pointer Move (Standard mouse)
1785569727.007859,560,254,p1-block-3-trial-9-target-7,543.0,273.0,22.5,False,Pointer Move (Standard mouse)
1785569727.0154638,556,247,p1-block-3-trial-9-target-7,543.0,273.0,22.5,False,Pointer Move (Standard mouse)
1785569727.023036,556,246,p1-block-3-trial-9-target-7,543.0,273.0,22.5,False,Pointer Move (Standard mouse)
1785569727.0310242,555,245,p1-block-3-trial-9-target-7,543.0,273.0,22.5,False,Pointer Move (Standard mouse)
1785569727.038698,555,245,p1-block-3-trial-9-target-7,543.0,273.0,22.5,False,Pointer Move (Standard mouse)
1785569727.046052,555,244,p1-block-3-trial-9-target-7,543.0,273.0,22.5,False,Pointer Move (Standard mouse)
1785569727.053609,555,243,p1-block-3-trial-9-target-7,543.0,273.0,22.5,False,Pointer Move (Standard mouse)
1785569727.061132,555,243,p1-block-3-trial-9-target-7,543.0,273.0,22.5,False,Pointer Move (Standard mouse)
1785569727.0860748,555,242,p1-block-3-trial-9-target-7,543.0,273.0,22.5,False,Pointer Move (Standard mouse)
1785569727.0920372,554,242,p1-block-3-trial-9-target-7,543.0,273.0,22.5,False,Pointer Move (Standard mouse)
1785569727.100267,554,242,p1-block-3-trial-9-target-7,543.0,273.0,22.5,False,Pointer Move (Standard mouse)
1785569727.20325,554,242,p1-block-3-trial-9-target-7,543.0,273.0,22.5,False,Pointer Move (Standard mouse)
1785569727.228157,553,242,p1-block-3-trial-9-target-7,543.0,273.0,22.5,False,Pointer Move (Standard mouse)
1785569727.2350929,553,242,p1-block-3-trial-9-target-7,543.0,273.0,22.5,False,Pointer Move (Standard mouse)
1785569727.241628,552,242,p1-block-3-trial-9-target-7,543.0,273.0,22.5,False,Pointer Move (Standard mouse)
1785569727.2494211,552,242,p1-block-3-trial-9-target-7,543.0,273.0,22.5,False,Pointer Move (Standard mouse)
1785569727.2556212,551,243,p1-block-3-trial-9-target-7,543.0,273.0,22.5,False,Pointer Move (Standard mouse)
1785569727.2640011,550,244,p1-block-3-trial-9-target-7,543.0,273.0,22.5,False,Pointer Move (Standard mouse)
1785569727.271219,550,245,p1-block-3-trial-9-target-7,543.0,273.0,22.5,False,Pointer Move (Standard mouse)
1785569727.2784371,549,245,p1-block-3-trial-9-target-7,543.0,273.0,22.5,False,Pointer Move (Standard mouse)
1785569727.285631,549,249,p1-block-3-trial-9-target-7,543.0,273.0,22.5,False,Pointer Move (Standard mouse)
1785569727.2926369,548,252,p1-block-3-trial-9-target-7,543.0,273.0,22.5,False,Pointer Move (Standard mouse)
1785569727.300768,547,255,p1-block-3-trial-9-target-7,543.0,273.0,22.5,False,Pointer Move (Standard mouse)
1785569727.307589,547,256,p1-block-3-trial-9-target-7,543.0,273.0,22.5,False,Pointer Move (Standard mouse)
1785569727.315549,546,258,p1-block-3-trial-9-target-7,543.0,273.0,22.5,False,Pointer Move (Standard mouse)
1785569727.322952,546,258,p1-block-3-trial-9-target-7,543.0,273.0,22.5,False,Pointer Move (Standard mouse)
1785569727.330146,546,260,p1-block-3-trial-9-target-7,543.0,273.0,22.5,False,Pointer Move (Standard mouse)
1785569727.337527,546,260,p1-block-3-trial-9-target-7,543.0,273.0,22.5,False,Pointer Move (Standard mouse)
1785569727.346211,546,261,p1-block-3-trial-9-target-7,543.0,273.0,22.5,False,Pointer Move (Standard mouse)
1785569727.352839,546,261,p1-block-3-trial-9-target-7,543.0,273.0,22.5,False,Pointer Move (Standard mouse)
1785569727.360734,546,261,p1-block-3-trial-9-target-7,543.0,273.0,22.5,False,Pointer Move (Standard mouse)
1785569727.40718,546,262,p1-block-3-trial-9-target-7,543.0,273.0,22.5,False,Pointer Move (Standard mouse)
1785569727.430285,546,262,p1-block-3-trial-9-target-7,543.0,273.0,22.5,False,Pointer Move (Standard mouse)
1785569727.456157,546,262,p1-block-3-trial-9-target-7,543.0,273.0,22.5,False,Pointer Move (Standard mouse)
1785569727.458976,546,263,p1-block-3-trial-9-target-7,543.0,273.0,22.5,False,Pointer Move (Standard mouse)
1785569727.482872,546,263,p1-block-3-trial-9-target-7,543.0,273.0,22.5,target_selected,target_selected
1785569727.4908779,546,263,p1-block-3-trial-10-target-3,897.0,627.0,22.5,False,Pointer Move (Standard mouse)
1785569727.581613,546,264,p1-block-3-trial-10-target-3,897.0,627.0,22.5,False,Pointer Move (Standard mouse)
1785569727.587289,546,264,p1-block-3-trial-10-target-3,897.0,627.0,22.5,False,Pointer Move (Standard mouse)
1785569727.596286,546,265,p1-block-3-trial-10-target-3,897.0,627.0,22.5,False,Pointer Move (Standard mouse)
1785569727.601413,546,265,p1-block-3-trial-10-target-3,897.0,627.0,22.5,False,Pointer Move (Standard mouse)
1785569727.609728,546,265,p1-block-3-trial-10-target-3,897.0,627.0,22.5,False,Pointer Move (Standard mouse)
1785569727.617471,546,266,p1-block-3-trial-10-target-3,897.0,627.0,22.5,False,Pointer Move (Standard mouse)
1785569727.625964,547,267,p1-block-3-trial-10-target-3,897.0,627.0,22.5,False,Pointer Move (Standard mouse)
1785569727.632816,548,269,p1-block-3-trial-10-target-3,897.0,627.0,22.5,False,Pointer Move (Standard mouse)
1785569727.64005,551,273,p1-block-3-trial-10-target-3,897.0,627.0,22.5,False,Pointer Move (Standard mouse)
1785569727.647261,555,279,p1-block-3-trial-10-target-3,897.0,627.0,22.5,False,Pointer Move (Standard mouse)
1785569727.6538959,560,284,p1-block-3-trial-10-target-3,897.0,627.0,22.5,False,Pointer Move (Standard mouse)
1785569727.661039,566,292,p1-block-3-trial-10-target-3,897.0,627.0,22.5,False,Pointer Move (Standard mouse)
1785569727.6683981,574,301,p1-block-3-trial-10-target-3,897.0,627.0,22.5,False,Pointer Move (Standard mouse)
1785569727.675204,578,305,p1-block-3-trial-10-target-3,897.0,627.0,22.5,False,Pointer Move (Standard mouse)
1785569727.683712,592,321,p1-block-3-trial-10-target-3,897.0,627.0,22.5,False,Pointer Move (Standard mouse)
1785569727.690513,600,331,p1-block-3-trial-10-target-3,897.0,627.0,22.5,False,Pointer Move (Standard mouse)
1785569727.6980789,609,344,p1-block-3-trial-10-target-3,897.0,627.0,22.5,False,Pointer Move (Standard mouse)
1785569727.705732,621,358,p1-block-3-trial-10-target-3,897.0,627.0,22.5,False,Pointer Move (Standard mouse)
1785569727.713634,634,374,p1-block-3-trial-10-target-3,897.0,627.0,22.5,False,Pointer Move (Standard mouse)
1785569727.721086,648,391,p1-block-3-trial-10-target-3,897.0,627.0,22.5,False,Pointer Move (Standard mouse)
1785569727.728778,670,411,p1-block-3-trial-10-target-3,897.0,627.0,22.5,False,Pointer Move (Standard mouse)
1785569727.736193,681,421,p1-block-3-trial-10-target-3,897.0,627.0,22.5,False,Pointer Move (Standard mouse)
1785569727.743307,703,441,p1-block-3-trial-10-target-3,897.0,627.0,22.5,False,Pointer Move (Standard mouse)
1785569727.7504058,719,456,p1-block-3-trial-10-target-3,897.0,627.0,22.5,False,Pointer Move (Standard mouse)
1785569727.758168,732,469,p1-block-3-trial-10-target-3,897.0,627.0,22.5,False,Pointer Move (Standard mouse)
1785569727.765602,755,489,p1-block-3-trial-10-target-3,897.0,627.0,22.5,False,Pointer Move (Standard mouse)
1785569727.7731159,774,507,p1-block-3-trial-10-target-3,897.0,627.0,22.5,False,Pointer Move (Standard mouse)
1785569727.780756,788,521,p1-block-3-trial-10-target-3,897.0,627.0,22.5,False,Pointer Move (Standard mouse)
1785569727.788378,801,532,p1-block-3-trial-10-target-3,897.0,627.0,22.5,False,Pointer Move (Standard mouse)
1785569727.796428,812,542,p1-block-3-trial-10-target-3,897.0,627.0,22.5,False,Pointer Move (Standard mouse)
1785569727.8031948,820,548,p1-block-3-trial-10-target-3,897.0,627.0,22.5,False,Pointer Move (Standard mouse)
1785569727.811358,829,554,p1-block-3-trial-10-target-3,897.0,627.0,22.5,False,Pointer Move (Standard mouse)
1785569727.819144,836,559,p1-block-3-trial-10-target-3,897.0,627.0,22.5,False,Pointer Move (Standard mouse)
1785569727.8256488,841,562,p1-block-3-trial-10-target-3,897.0,627.0,22.5,False,Pointer Move (Standard mouse)
1785569727.833719,842,563,p1-block-3-trial-10-target-3,897.0,627.0,22.5,False,Pointer Move (Standard mouse)
1785569727.841465,843,564,p1-block-3-trial-10-target-3,897.0,627.0,22.5,False,Pointer Move (Standard mouse)
1785569727.8493629,845,565,p1-block-3-trial-10-target-3,897.0,627.0,22.5,False,Pointer Move (Standard mouse)
1785569727.856173,846,565,p1-block-3-trial-10-target-3,897.0,627.0,22.5,False,Pointer Move (Standard mouse)
1785569727.863629,846,566,p1-block-3-trial-10-target-3,897.0,627.0,22.5,False,Pointer Move (Standard mouse)
1785569727.8710752,847,566,p1-block-3-trial-10-target-3,897.0,627.0,22.5,False,Pointer Move (Standard mouse)
1785569727.878749,847,566,p1-block-3-trial-10-target-3,897.0,627.0,22.5,False,Pointer Move (Standard mouse)
1785569727.894206,847,567,p1-block-3-trial-10-target-3,897.0,627.0,22.5,False,Pointer Move (Standard mouse)
1785569727.9011042,847,567,p1-block-3-trial-10-target-3,897.0,627.0,22.5,False,Pointer Move (Standard mouse)
1785569727.9099588,848,567,p1-block-3-trial-10-target-3,897.0,627.0,22.5,False,Pointer Move (Standard mouse)
1785569727.916675,850,568,p1-block-3-trial-10-target-3,897.0,627.0,22.5,False,Pointer Move (Standard mouse)
1785569727.9234471,850,569,p1-block-3-trial-10-target-3,897.0,627.0,22.5,False,Pointer Move (Standard mouse)
1785569727.930624,854,572,p1-block-3-trial-10-target-3,897.0,627.0,22.5,False,Pointer Move (Standard mouse)
1785569727.9390268,861,574,p1-block-3-trial-10-target-3,897.0,627.0,22.5,False,Pointer Move (Standard mouse)
1785569727.9457018,867,579,p1-block-3-trial-10-target-3,897.0,627.0,22.5,False,Pointer Move (Standard mouse)
1785569727.954632,868,579,p1-block-3-trial-10-target-3,897.0,627.0,22.5,False,Pointer Move (Standard mouse)
1785569727.9620008,869,580,p1-block-3-trial-10-target-3,897.0,627.0,22.5,False,Pointer Move (Standard mouse)
1785569727.968837,871,581,p1-block-3-trial-10-target-3,897.0,627.0,22.5,False,Pointer Move (Standard mouse)
1785569727.976193,871,582,p1-block-3-trial-10-target-3,897.0,627.0,22.5,False,Pointer Move (Standard mouse)
1785569727.984084,872,582,p1-block-3-trial-10-target-3,897.0,627.0,22.5,False,Pointer Move (Standard mouse)
1785569727.99171,872,582,p1-block-3-trial-10-target-3,897.0,627.0,22.5,False,Pointer Move (Standard mouse)
1785569728.01316,872,583,p1-block-3-trial-10-target-3,897.0,627.0,22.5,False,Pointer Move (Standard mouse)
1785569728.023772,872,583,p1-block-3-trial-10-target-3,897.0,627.0,22.5,False,Pointer Move (Standard mouse)
1785569728.0281658,872,583,p1-block-3-trial-10-target-3,897.0,627.0,22.5,False,Pointer Move (Standard mouse)
1785569728.0356941,872,584,p1-block-3-trial-10-target-3,897.0,627.0,22.5,False,Pointer Move (Standard mouse)
1785569728.048952,873,584,p1-block-3-trial-10-target-3,897.0,627.0,22.5,False,Pointer Move (Standard mouse)
1785569728.050123,874,586,p1-block-3-trial-10-target-3,897.0,627.0,22.5,False,Pointer Move (Standard mouse)
1785569728.057764,875,589,p1-block-3-trial-10-target-3,897.0,627.0,22.5,False,Pointer Move (Standard mouse)
1785569728.065423,878,592,p1-block-3-trial-10-target-3,897.0,627.0,22.5,False,Pointer Move (Standard mouse)
1785569728.072875,879,595,p1-block-3-trial-10-target-3,897.0,627.0,22.5,False,Pointer Move (Standard mouse)
1785569728.0806122,883,600,p1-block-3-trial-10-target-3,897.0,627.0,22.5,False,Pointer Move (Standard mouse)
1785569728.087876,883,602,p1-block-3-trial-10-target-3,897.0,627.0,22.5,False,Pointer Move (Standard mouse)
1785569728.095505,884,603,p1-block-3-trial-10-target-3,897.0,627.0,22.5,False,Pointer Move (Standard mouse)
1785569728.102496,885,605,p1-block-3-trial-10-target-3,897.0,627.0,22.5,False,Pointer Move (Standard mouse)
1785569728.110368,885,606,p1-block-3-trial-10-target-3,897.0,627.0,22.5,False,Pointer Move (Standard mouse)
1785569728.118142,885,606,p1-block-3-trial-10-target-3,897.0,627.0,22.5,False,Pointer Move (Standard mouse)
1785569728.125676,886,607,p1-block-3-trial-10-target-3,897.0,627.0,22.5,False,Pointer Move (Standard mouse)
1785569728.13375,886,609,p1-block-3-trial-10-target-3,897.0,627.0,22.5,False,Pointer Move (Standard mouse)
1785569728.140704,886,609,p1-block-3-trial-10-target-3,897.0,627.0,22.5,False,Pointer Move (Standard mouse)
1785569728.1488938,887,610,p1-block-3-trial-10-target-3,897.0,627.0,22.5,False,Pointer Move (Standard mouse)
1785569728.156087,887,611,p1-block-3-trial-10-target-3,897.0,627.0,22.5,False,Pointer Move (Standard mouse)
1785569728.1639209,888,611,p1-block-3-trial-10-target-3,897.0,627.0,22.5,False,Pointer Move (Standard mouse)
1785569728.171123,888,611,p1-block-3-trial-10-target-3,897.0,627.0,22.5,False,Pointer Move (Standard mouse)
1785569728.1796422,888,612,p1-block-3-trial-10-target-3,897.0,627.0,22.5,False,Pointer Move (Standard mouse)
1785569728.185271,889,613,p1-block-3-trial-10-target-3,897.0,627.0,22.5,False,Pointer Move (Standard mouse)
1785569728.202792,889,613,p1-block-3-trial-10-target-3,897.0,627.0,22.5,False,Pointer Move (Standard mouse)
1785569728.216397,889,613,p1-block-3-trial-10-target-3,897.0,627.0,22.5,False,Pointer Move (Standard mouse)
1785569728.223117,889,614,p1-block-3-trial-10-target-3,897.0,627.0,22.5,False,Pointer Move (Standard mouse)
1785569728.24634,890,614,p1-block-3-trial-10-target-3,897.0,627.0,22.5,False,Pointer Move (Standard mouse)
1785569728.253654,890,614,p1-block-3-trial-10-target-3,897.0,627.0,22.5,False,Pointer Move (Standard mouse)
1785569728.260653,890,614,p1-block-3-trial-10-target-3,897.0,627.0,22.5,False,Pointer Move (Standard mouse)
1785569728.267755,890,615,p1-block-3-trial-10-target-3,897.0,627.0,22.5,False,Pointer Move (Standard mouse)
1785569728.275136,890,615,p1-block-3-trial-10-target-3,897.0,627.0,22.5,False,Pointer Move (Standard mouse)
1785569728.2832,890,615,p1-block-3-trial-10-target-3,897.0,627.0,22.5,False,Pointer Move (Standard mouse)
1785569728.298485,890,616,p1-block-3-trial-10-target-3,897.0,627.0,22.5,False,Pointer Move (Standard mouse)
1785569728.305656,890,616,p1-block-3-trial-10-target-3,897.0,627.0,22.5,False,Pointer Move (Standard mouse)
1785569728.312665,891,616,p1-block-3-trial-10-target-3,897.0,627.0,22.5,False,Pointer Move (Standard mouse)
1785569728.327793,891,617,p1-block-3-trial-10-target-3,897.0,627.0,22.5,False,Pointer Move (Standard mouse)
1785569728.350927,891,617,p1-block-3-trial-10-target-3,897.0,627.0,22.5,target_selected,target_selected
1785569728.362845,891,617,p1-block-3-trial-11-target-7,543.0,273.0,22.5,False,Pointer Move (Standard mouse)
1785569728.486306,891,616,p1-block-3-trial-11-target-7,543.0,273.0,22.5,False,Pointer Move (Standard mouse)
1785569728.494221,890,616,p1-block-3-trial-11-target-7,543.0,273.0,22.5,False,Pointer Move (Standard mouse)
1785569728.501024,886,610,p1-block-3-trial-11-target-7,543.0,273.0,22.5,False,Pointer Move (Standard mouse)
1785569728.509333,881,605,p1-block-3-trial-11-target-7,543.0,273.0,22.5,False,Pointer Move (Standard mouse)
1785569728.5183392,875,597,p1-block-3-trial-11-target-7,543.0,273.0,22.5,False,Pointer Move (Standard mouse)
1785569728.523102,869,590,p1-block-3-trial-11-target-7,543.0,273.0,22.5,False,Pointer Move (Standard mouse)
1785569728.53056,861,581,p1-block-3-trial-11-target-7,543.0,273.0,22.5,False,Pointer Move (Standard mouse)
1785569728.5376441,856,573,p1-block-3-trial-11-target-7,543.0,273.0,22.5,False,Pointer Move (Standard mouse)
1785569728.545206,841,553,p1-block-3-trial-11-target-7,543.0,273.0,22.5,False,Pointer Move (Standard mouse)
1785569728.552557,833,544,p1-block-3-trial-11-target-7,543.0,273.0,22.5,False,Pointer Move (Standard mouse)
1785569728.560543,816,519,p1-block-3-trial-11-target-7,543.0,273.0,22.5,False,Pointer Move (Standard mouse)
1785569728.568636,806,506,p1-block-3-trial-11-target-7,543.0,273.0,22.5,False,Pointer Move (Standard mouse)
1785569728.576906,791,487,p1-block-3-trial-11-target-7,543.0,273.0,22.5,False,Pointer Move (Standard mouse)
1785569728.5837839,781,477,p1-block-3-trial-11-target-7,543.0,273.0,22.5,False,Pointer Move (Standard mouse)
1785569728.591241,764,457,p1-block-3-trial-11-target-7,543.0,273.0,22.5,False,Pointer Move (Standard mouse)
1785569728.59859,755,446,p1-block-3-trial-11-target-7,543.0,273.0,22.5,False,Pointer Move (Standard mouse)
1785569728.6052108,741,430,p1-block-3-trial-11-target-7,543.0,273.0,22.5,False,Pointer Move (Standard mouse)
1785569728.614443,733,419,p1-block-3-trial-11-target-7,543.0,273.0,22.5,False,Pointer Move (Standard mouse)
1785569728.620961,718,397,p1-block-3-trial-11-target-7,543.0,273.0,22.5,False,Pointer Move (Standard mouse)
1785569728.6283479,704,381,p1-block-3-trial-11-target-7,543.0,273.0,22.5,False,Pointer Move (Standard mouse)
1785569728.637158,684,361,p1-block-3-trial-11-target-7,543.0,273.0,22.5,False,Pointer Move (Standard mouse)
1785569728.643341,661,340,p1-block-3-trial-11-target-7,543.0,273.0,22.5,False,Pointer Move (Standard mouse)
1785569728.6513689,641,322,p1-block-3-trial-11-target-7,543.0,273.0,22.5,False,Pointer Move (Standard mouse)
1785569728.659782,626,309,p1-block-3-trial-11-target-7,543.0,273.0,22.5,False,Pointer Move (Standard mouse)
1785569728.666315,604,289,p1-block-3-trial-11-target-7,543.0,273.0,22.5,False,Pointer Move (Standard mouse)
1785569728.674857,595,281,p1-block-3-trial-11-target-7,543.0,273.0,22.5,False,Pointer Move (Standard mouse)
1785569728.680865,583,269,p1-block-3-trial-11-target-7,543.0,273.0,22.5,False,Pointer Move (Standard mouse)
1785569728.6888561,576,263,p1-block-3-trial-11-target-7,543.0,273.0,22.5,False,Pointer Move (Standard mouse)
1785569728.695961,572,260,p1-block-3-trial-11-target-7,543.0,273.0,22.5,False,Pointer Move (Standard mouse)
1785569728.703895,571,260,p1-block-3-trial-11-target-7,543.0,273.0,22.5,False,Pointer Move (Standard mouse)
1785569728.7115252,571,259,p1-block-3-trial-11-target-7,543.0,273.0,22.5,False,Pointer Move (Standard mouse)
1785569728.719262,571,259,p1-block-3-trial-11-target-7,543.0,273.0,22.5,False,Pointer Move (Standard mouse)
1785569728.7268102,571,259,p1-block-3-trial-11-target-7,543.0,273.0,22.5,False,Pointer Move (Standard mouse)
1785569728.755105,571,259,p1-block-3-trial-11-target-7,543.0,273.0,22.5,False,Pointer Move (Standard mouse)
1785569728.763097,570,259,p1-block-3-trial-11-target-7,543.0,273.0,22.5,False,Pointer Move (Standard mouse)
1785569728.77069,570,258,p1-block-3-trial-11-target-7,543.0,273.0,22.5,False,Pointer Move (Standard mouse)
1785569728.777612,569,257,p1-block-3-trial-11-target-7,543.0,273.0,22.5,False,Pointer Move (Standard mouse)
1785569728.785214,569,257,p1-block-3-trial-11-target-7,543.0,273.0,22.5,False,Pointer Move (Standard mouse)
1785569728.79329,568,257,p1-block-3-trial-11-target-7,543.0,273.0,22.5,False,Pointer Move (Standard mouse)
1785569728.8010209,566,256,p1-block-3-trial-11-target-7,543.0,273.0,22.5,False,Pointer Move (Standard mouse)
1785569728.8082418,564,253,p1-block-3-trial-11-target-7,543.0,273.0,22.5,False,Pointer Move (Standard mouse)
1785569728.81541,563,253,p1-block-3-trial-11-target-7,543.0,273.0,22.5,False,Pointer Move (Standard mouse)
1785569728.8226402,560,252,p1-block-3-trial-11-target-7,543.0,273.0,22.5,False,Pointer Move (Standard mouse)
1785569728.830243,558,251,p1-block-3-trial-11-target-7,543.0,273.0,22.5,False,Pointer Move (Standard mouse)
1785569728.838645,557,250,p1-block-3-trial-11-target-7,543.0,273.0,22.5,False,Pointer Move (Standard mouse)
1785569728.8463922,555,249,p1-block-3-trial-11-target-7,543.0,273.0,22.5,False,Pointer Move (Standard mouse)
1785569728.853471,555,249,p1-block-3-trial-11-target-7,543.0,273.0,22.5,False,Pointer Move (Standard mouse)
1785569728.8612711,554,249,p1-block-3-trial-11-target-7,543.0,273.0,22.5,False,Pointer Move (Standard mouse)
1785569728.868573,553,249,p1-block-3-trial-11-target-7,543.0,273.0,22.5,False,Pointer Move (Standard mouse)
1785569728.928373,553,249,p1-block-3-trial-11-target-7,543.0,273.0,22.5,False,Pointer Move (Standard mouse)
1785569728.93637,553,249,p1-block-3-trial-11-target-7,543.0,273.0,22.5,False,Pointer Move (Standard mouse)
1785569728.943258,553,250,p1-block-3-trial-11-target-7,543.0,273.0,22.5,False,Pointer Move (Standard mouse)
1785569728.951123,553,250,p1-block-3-trial-11-target-7,543.0,273.0,22.5,False,Pointer Move (Standard mouse)
1785569728.958432,552,251,p1-block-3-trial-11-target-7,543.0,273.0,22.5,False,Pointer Move (Standard mouse)
1785569728.9657578,552,252,p1-block-3-trial-11-target-7,543.0,273.0,22.5,False,Pointer Move (Standard mouse)
1785569728.972672,552,252,p1-block-3-trial-11-target-7,543.0,273.0,22.5,False,Pointer Move (Standard mouse)
1785569728.981128,552,254,p1-block-3-trial-11-target-7,543.0,273.0,22.5,False,Pointer Move (Standard mouse)
1785569728.987575,552,255,p1-block-3-trial-11-target-7,543.0,273.0,22.5,False,Pointer Move (Standard mouse)
1785569728.995119,551,256,p1-block-3-trial-11-target-7,543.0,273.0,22.5,False,Pointer Move (Standard mouse)
1785569729.002959,551,257,p1-block-3-trial-11-target-7,543.0,273.0,22.5,False,Pointer Move (Standard mouse)
1785569729.01089,551,258,p1-block-3-trial-11-target-7,543.0,273.0,22.5,False,Pointer Move (Standard mouse)
1785569729.018368,551,258,p1-block-3-trial-11-target-7,543.0,273.0,22.5,False,Pointer Move (Standard mouse)
1785569729.026429,551,259,p1-block-3-trial-11-target-7,543.0,273.0,22.5,False,Pointer Move (Standard mouse)
1785569729.03301,551,259,p1-block-3-trial-11-target-7,543.0,273.0,22.5,False,Pointer Move (Standard mouse)
1785569729.042637,551,260,p1-block-3-trial-11-target-7,543.0,273.0,22.5,False,Pointer Move (Standard mouse)
1785569729.0493271,551,260,p1-block-3-trial-11-target-7,543.0,273.0,22.5,False,Pointer Move (Standard mouse)
1785569729.0549572,551,260,p1-block-3-trial-11-target-7,543.0,273.0,22.5,False,Pointer Move (Standard mouse)
1785569729.063514,551,261,p1-block-3-trial-11-target-7,543.0,273.0,22.5,False,Pointer Move (Standard mouse)
1785569729.070876,551,261,p1-block-3-trial-11-target-7,543.0,273.0,22.5,False,Pointer Move (Standard mouse)
1785569729.079133,551,261,p1-block-3-trial-11-target-7,543.0,273.0,22.5,False,Pointer Move (Standard mouse)
1785569729.085535,551,262,p1-block-3-trial-11-target-7,543.0,273.0,22.5,False,Pointer Move (Standard mouse)
1785569729.092447,551,262,p1-block-3-trial-11-target-7,543.0,273.0,22.5,False,Pointer Move (Standard mouse)
1785569729.100338,551,263,p1-block-3-trial-11-target-7,543.0,273.0,22.5,False,Pointer Move (Standard mouse)
1785569729.109231,551,263,p1-block-3-trial-11-target-7,543.0,273.0,22.5,False,Pointer Move (Standard mouse)
1785569729.1153002,551,263,p1-block-3-trial-11-target-7,543.0,273.0,22.5,False,Pointer Move (Standard mouse)
1785569729.122773,551,264,p1-block-3-trial-11-target-7,543.0,273.0,22.5,False,Pointer Move (Standard mouse)
1785569729.138286,551,264,p1-block-3-trial-11-target-7,543.0,273.0,22.5,False,Pointer Move (Standard mouse)
1785569729.191305,551,264,p1-block-3-trial-11-target-7,543.0,273.0,22.5,target_selected,target_selected
1785569729.281297,551,264,p1-block-3-trial-12-target-3,897.0,627.0,22.5,False,Pointer Move (Standard mouse)
1785569729.288177,551,264,p1-block-3-trial-12-target-3,897.0,627.0,22.5,False,Pointer Move (Standard mouse)
1785569729.295409,552,264,p1-block-3-trial-12-target-3,897.0,627.0,22.5,False,Pointer Move (Standard mouse)
1785569729.30318,552,265,p1-block-3-trial-12-target-3,897.0,627.0,22.5,False,Pointer Move (Standard mouse)
1785569729.31071,553,265,p1-block-3-trial-12-target-3,897.0,627.0,22.5,False,Pointer Move (Standard mouse)
1785569729.318082,554,265,p1-block-3-trial-12-target-3,897.0,627.0,22.5,False,Pointer Move (Standard mouse)
1785569729.326153,555,266,p1-block-3-trial-12-target-3,897.0,627.0,22.5,False,Pointer Move (Standard mouse)
1785569729.33318,557,266,p1-block-3-trial-12-target-3,897.0,627.0,22.5,False,Pointer Move (Standard mouse)
1785569729.3418071,560,267,p1-block-3-trial-12-target-3,897.0,627.0,22.5,False,Pointer Move (Standard mouse)
1785569729.347373,564,271,p1-block-3-trial-12-target-3,897.0,627.0,22.5,False,Pointer Move (Standard mouse)
1785569729.3556302,571,274,p1-block-3-trial-12-target-3,897.0,627.0,22.5,False,Pointer Move (Standard mouse)
1785569729.362727,580,279,p1-block-3-trial-12-target-3,897.0,627.0,22.5,False,Pointer Move (Standard mouse)
1785569729.370393,586,284,p1-block-3-trial-12-target-3,897.0,627.0,22.5,False,Pointer Move (Standard mouse)
1785569729.377766,596,289,p1-block-3-trial-12-target-3,897.0,627.0,22.5,False,Pointer Move (Standard mouse)
1785569729.385466,605,297,p1-block-3-trial-12-target-3,897.0,627.0,22.5,False,Pointer Move (Standard mouse)
1785569729.392538,620,307,p1-block-3-trial-12-target-3,897.0,627.0,22.5,False,Pointer Move (Standard mouse)
1785569729.400182,629,315,p1-block-3-trial-12-target-3,897.0,627.0,22.5,False,Pointer Move (Standard mouse)
1785569729.407597,638,323,p1-block-3-trial-12-target-3,897.0,627.0,22.5,False,Pointer Move (Standard mouse)
1785569729.415487,651,332,p1-block-3-trial-12-target-3,897.0,627.0,22.5,False,Pointer Move (Standard mouse)
1785569729.423198,657,338,p1-block-3-trial-12-target-3,897.0,627.0,22.5,False,Pointer Move (Standard mouse)
1785569729.4303029,668,348,p1-block-3-trial-12-target-3,897.0,627.0,22.5,False,Pointer Move (Standard mouse)
1785569729.437684,676,355,p1-block-3-trial-12-target-3,897.0,627.0,22.5,False,Pointer Move (Standard mouse)
1785569729.445206,684,363,p1-block-3-trial-12-target-3,897.0,627.0,22.5,False,Pointer Move (Standard mouse)
1785569729.452254,693,372,p1-block-3-trial-12-target-3,897.0,627.0,22.5,False,Pointer Move (Standard mouse)
1785569729.459626,702,382,p1-block-3-trial-12-target-3,897.0,627.0,22.5,False,Pointer Move (Standard mouse)
1785569729.4678762,712,391,p1-block-3-trial-12-target-3,897.0,627.0,22.5,False,Pointer Move (Standard mouse)
1785569729.474884,723,404,p1-block-3-trial-12-target-3,897.0,627.0,22.5,False,Pointer Move (Standard mouse)
1785569729.482421,733,414,p1-block-3-trial-12-target-3,897.0,627.0,22.5,False,Pointer Move (Standard mouse)
1785569729.490295,743,426,p1-block-3-trial-12-target-3,897.0,627.0,22.5,False,Pointer Move (Standard mouse)
1785569729.497707,754,438,p1-block-3-trial-12-target-3,897.0,627.0,22.5,False,Pointer Move (Standard mouse)
1785569729.505558,764,449,p1-block-3-trial-12-target-3,897.0,627.0,22.5,False,Pointer Move (Standard mouse)
1785569729.512619,773,460,p1-block-3-trial-12-target-3,897.0,627.0,22.5,False,Pointer Move (Standard mouse)
1785569729.5201228,786,473,p1-block-3-trial-12-target-3,897.0,627.0,22.5,False,Pointer Move (Standard mouse)
1785569729.527949,796,482,p1-block-3-trial-12-target-3,897.0,627.0,22.5,False,Pointer Move (Standard mouse)
1785569729.5358999,801,490,p1-block-3-trial-12-target-3,897.0,627.0,22.5,False,Pointer Move (Standard mouse)
1785569729.5437078,807,499,p1-block-3-trial-12-target-3,897.0,627.0,22.5,False,Pointer Move (Standard mouse)
1785569729.550304,814,508,p1-block-3-trial-12-target-3,897.0,627.0,22.5,False,Pointer Move (Standard mouse)
1785569729.557536,815,509,p1-block-3-trial-12-target-3,897.0,627.0,22.5,False,Pointer Move (Standard mouse)
1785569729.567789,822,518,p1-block-3-trial-12-target-3,897.0,627.0,22.5,False,Pointer Move (Standard mouse)
1785569729.576014,828,527,p1-block-3-trial-12-target-3,897.0,627.0,22.5,False,Pointer Move (Standard mouse)
1785569729.582635,831,529,p1-block-3-trial-12-target-3,897.0,627.0,22.5,False,Pointer Move (Standard mouse)
1785569729.589812,839,540,p1-block-3-trial-12-target-3,897.0,627.0,22.5,False,Pointer Move (Standard mouse)
1785569729.595961,843,546,p1-block-3-trial-12-target-3,897.0,627.0,22.5,False,Pointer Move (Standard mouse)
1785569729.603765,844,548,p1-block-3-trial-12-target-3,897.0,627.0,22.5,False,Pointer Move (Standard mouse)
1785569729.6106298,849,553,p1-block-3-trial-12-target-3,897.0,627.0,22.5,False,Pointer Move (Standard mouse)
1785569729.620492,851,556,p1-block-3-trial-12-target-3,897.0,627.0,22.5,False,Pointer Move (Standard mouse)
1785569729.627721,853,557,p1-block-3-trial-12-target-3,897.0,627.0,22.5,False,Pointer Move (Standard mouse)
1785569729.6355681,853,558,p1-block-3-trial-12-target-3,897.0,627.0,22.5,False,Pointer Move (Standard mouse)
1785569729.649101,853,558,p1-block-3-trial-12-target-3,897.0,627.0,22.5,False,Pointer Move (Standard mouse)
1785569729.663017,853,559,p1-block-3-trial-12-target-3,897.0,627.0,22.5,False,Pointer Move (Standard mouse)
1785569729.678249,853,559,p1-block-3-trial-12-target-3,897.0,627.0,22.5,False,Pointer Move (Standard mouse)
1785569729.68683,853,560,p1-block-3-trial-12-target-3,897.0,627.0,22.5,False,Pointer Move (Standard mouse)
1785569729.694122,854,560,p1-block-3-trial-12-target-3,897.0,627.0,22.5,False,Pointer Move (Standard mouse)
1785569729.7013152,854,561,p1-block-3-trial-12-target-3,897.0,627.0,22.5,False,Pointer Move (Standard mouse)
1785569729.708263,854,562,p1-block-3-trial-12-target-3,897.0,627.0,22.5,False,Pointer Move (Standard mouse)
1785569729.7155042,854,563,p1-block-3-trial-12-target-3,897.0,627.0,22.5,False,Pointer Move (Standard mouse)
1785569729.722591,854,564,p1-block-3-trial-12-target-3,897.0,627.0,22.5,False,Pointer Move (Standard mouse)
1785569729.730277,855,565,p1-block-3-trial-12-target-3,897.0,627.0,22.5,False,Pointer Move (Standard mouse)
1785569729.7382898,855,570,p1-block-3-trial-12-target-3,897.0,627.0,22.5,False,Pointer Move (Standard mouse)
1785569729.7457862,857,572,p1-block-3-trial-12-target-3,897.0,627.0,22.5,False,Pointer Move (Standard mouse)
1785569729.7533839,857,575,p1-block-3-trial-12-target-3,897.0,627.0,22.5,False,Pointer Move (Standard mouse)
1785569729.7614841,858,576,p1-block-3-trial-12-target-3,897.0,627.0,22.5,False,Pointer Move (Standard mouse)
1785569729.768975,859,577,p1-block-3-trial-12-target-3,897.0,627.0,22.5,False,Pointer Move (Standard mouse)
1785569729.776762,859,578,p1-block-3-trial-12-target-3,897.0,627.0,22.5,False,Pointer Move (Standard mouse)
1785569729.783435,861,580,p1-block-3-trial-12-target-3,897.0,627.0,22.5,False,Pointer Move (Standard mouse)
1785569729.7907999,863,582,p1-block-3-trial-12-target-3,897.0,627.0,22.5,False,Pointer Move (Standard mouse)
1785569729.7979178,865,583,p1-block-3-trial-12-target-3,897.0,627.0,22.5,False,Pointer Move (Standard mouse)
1785569729.804945,865,584,p1-block-3-trial-12-target-3,897.0,627.0,22.5,False,Pointer Move (Standard mouse)
1785569729.8126981,866,584,p1-block-3-trial-12-target-3,897.0,627.0,22.5,False,Pointer Move (Standard mouse)
1785569729.820076,867,585,p1-block-3-trial-12-target-3,897.0,627.0,22.5,False,Pointer Move (Standard mouse)
1785569729.8282208,868,586,p1-block-3-trial-12-target-3,897.0,627.0,22.5,False,Pointer Move (Standard mouse)
1785569729.8358452,868,587,p1-block-3-trial-12-target-3,897.0,627.0,22.5,False,Pointer Move (Standard mouse)
1785569729.843221,869,587,p1-block-3-trial-12-target-3,897.0,627.0,22.5,False,Pointer Move (Standard mouse)
1785569729.850626,869,588,p1-block-3-trial-12-target-3,897.0,627.0,22.5,False,Pointer Move (Standard mouse)
1785569729.85752,869,588,p1-block-3-trial-12-target-3,897.0,627.0,22.5,False,Pointer Move (Standard mouse)
1785569729.865705,869,588,p1-block-3-trial-12-target-3,897.0,627.0,22.5,False,Pointer Move (Standard mouse)
1785569729.881412,869,589,p1-block-3-trial-12-target-3,897.0,627.0,22.5,False,Pointer Move (Standard mouse)
1785569729.89552,870,590,p1-block-3-trial-12-target-3,897.0,627.0,22.5,False,Pointer Move (Standard mouse)
1785569729.902795,870,590,p1-block-3-trial-12-target-3,897.0,627.0,22.5,False,Pointer Move (Standard mouse)
1785569729.910508,870,591,p1-block-3-trial-12-target-3,897.0,627.0,22.5,False,Pointer Move (Standard mouse)
1785569729.918859,871,592,p1-block-3-trial-12-target-3,897.0,627.0,22.5,False,Pointer Move (Standard mouse)
1785569729.926338,871,592,p1-block-3-trial-12-target-3,897.0,627.0,22.5,False,Pointer Move (Standard mouse)
1785569729.933826,872,593,p1-block-3-trial-12-target-3,897.0,627.0,22.5,False,Pointer Move (Standard mouse)
1785569729.94134,873,594,p1-block-3-trial-12-target-3,897.0,627.0,22.5,False,Pointer Move (Standard mouse)
1785569729.948895,874,595,p1-block-3-trial-12-target-3,897.0,627.0,22.5,False,Pointer Move (Standard mouse)
1785569729.956735,874,596,p1-block-3-trial-12-target-3,897.0,627.0,22.5,False,Pointer Move (Standard mouse)
1785569729.963136,874,596,p1-block-3-trial-12-target-3,897.0,627.0,22.5,False,Pointer Move (Standard mouse)
1785569729.9699972,875,597,p1-block-3-trial-12-target-3,897.0,627.0,22.5,False,Pointer Move (Standard mouse)
1785569729.9780931,875,598,p1-block-3-trial-12-target-3,897.0,627.0,22.5,False,Pointer Move (Standard mouse)
1785569729.985933,875,598,p1-block-3-trial-12-target-3,897.0,627.0,22.5,False,Pointer Move (Standard mouse)
1785569729.992883,875,599,p1-block-3-trial-12-target-3,897.0,627.0,22.5,False,Pointer Move (Standard mouse)
1785569730.001002,875,599,p1-block-3-trial-12-target-3,897.0,627.0,22.5,False,Pointer Move (Standard mouse)
1785569730.007883,876,600,p1-block-3-trial-12-target-3,897.0,627.0,22.5,False,Pointer Move (Standard mouse)
1785569730.015552,876,600,p1-block-3-trial-12-target-3,897.0,627.0,22.5,False,Pointer Move (Standard mouse)
1785569730.023255,876,601,p1-block-3-trial-12-target-3,897.0,627.0,22.5,False,Pointer Move (Standard mouse)
1785569730.030606,876,601,p1-block-3-trial-12-target-3,897.0,627.0,22.5,False,Pointer Move (Standard mouse)
1785569730.0462542,877,603,p1-block-3-trial-12-target-3,897.0,627.0,22.5,False,Pointer Move (Standard mouse)
1785569730.0535839,877,603,p1-block-3-trial-12-target-3,897.0,627.0,22.5,False,Pointer Move (Standard mouse)
1785569730.061019,879,605,p1-block-3-trial-12-target-3,897.0,627.0,22.5,False,Pointer Move (Standard mouse)
1785569730.0680718,880,606,p1-block-3-trial-12-target-3,897.0,627.0,22.5,False,Pointer Move (Standard mouse)
1785569730.076287,880,607,p1-block-3-trial-12-target-3,897.0,627.0,22.5,False,Pointer Move (Standard mouse)
1785569730.083466,881,608,p1-block-3-trial-12-target-3,897.0,627.0,22.5,False,Pointer Move (Standard mouse)
1785569730.0908191,881,608,p1-block-3-trial-12-target-3,897.0,627.0,22.5,False,Pointer Move (Standard mouse)
1785569730.099653,881,609,p1-block-3-trial-12-target-3,897.0,627.0,22.5,False,Pointer Move (Standard mouse)
1785569730.107796,882,609,p1-block-3-trial-12-target-3,897.0,627.0,22.5,False,Pointer Move (Standard mouse)
1785569730.1141279,882,609,p1-block-3-trial-12-target-3,897.0,627.0,22.5,False,Pointer Move (Standard mouse)
1785569730.1205518,883,610,p1-block-3-trial-12-target-3,897.0,627.0,22.5,False,Pointer Move (Standard mouse)
1785569730.1284711,883,610,p1-block-3-trial-12-target-3,897.0,627.0,22.5,False,Pointer Move (Standard mouse)
1785569730.1361878,883,611,p1-block-3-trial-12-target-3,897.0,627.0,22.5,False,Pointer Move (Standard mouse)
1785569730.143602,884,613,p1-block-3-trial-12-target-3,897.0,627.0,22.5,False,Pointer Move (Standard mouse)
1785569730.1511009,885,616,p1-block-3-trial-12-target-3,897.0,627.0,22.5,False,Pointer Move (Standard mouse)
1785569730.158582,886,619,p1-block-3-trial-12-target-3,897.0,627.0,22.5,False,Pointer Move (Standard mouse)
1785569730.166064,887,624,p1-block-3-trial-12-target-3,897.0,627.0,22.5,False,Pointer Move (Standard mouse)
1785569730.1736572,888,625,p1-block-3-trial-12-target-3,897.0,627.0,22.5,False,Pointer Move (Standard mouse)
1785569730.181082,888,628,p1-block-3-trial-12-target-3,897.0,627.0,22.5,False,Pointer Move (Standard mouse)
1785569730.1885629,889,631,p1-block-3-trial-12-target-3,897.0,627.0,22.5,False,Pointer Move (Standard mouse)
1785569730.1960902,890,635,p1-block-3-trial-12-target-3,897.0,627.0,22.5,False,Pointer Move (Standard mouse)
1785569730.203897,891,636,p1-block-3-trial-12-target-3,897.0,627.0,22.5,False,Pointer Move (Standard mouse)
1785569730.211568,891,638,p1-block-3-trial-12-target-3,897.0,627.0,22.5,False,Pointer Move (Standard mouse)
1785569730.218933,892,639,p1-block-3-trial-12-target-3,897.0,627.0,22.5,False,Pointer Move (Standard mouse)
1785569730.2265432,892,640,p1-block-3-trial-12-target-3,897.0,627.0,22.5,False,Pointer Move (Standard mouse)
1785569730.2339609,893,641,p1-block-3-trial-12-target-3,897.0,627.0,22.5,False,Pointer Move (Standard mouse)
1785569730.241475,893,641,p1-block-3-trial-12-target-3,897.0,627.0,22.5,False,Pointer Move (Standard mouse)
1785569730.256782,893,641,p1-block-3-trial-12-target-3,897.0,627.0,22.5,False,Pointer Move (Standard mouse)
1785569730.317804,893,641,p1-block-3-trial-12-target-3,897.0,627.0,22.5,target_selected,target_selected
1785569730.3440409,894,641,p1-block-3-trial-13-target-7,543.0,273.0,22.5,False,Pointer Move (Standard mouse)
1785569730.4442618,893,641,p1-block-3-trial-13-target-7,543.0,273.0,22.5,False,Pointer Move (Standard mouse)
1785569730.4506729,893,640,p1-block-3-trial-13-target-7,543.0,273.0,22.5,False,Pointer Move (Standard mouse)
1785569730.45876,892,639,p1-block-3-trial-13-target-7,543.0,273.0,22.5,False,Pointer Move (Standard mouse)
1785569730.4660969,891,636,p1-block-3-trial-13-target-7,543.0,273.0,22.5,False,Pointer Move (Standard mouse)
1785569730.473307,888,632,p1-block-3-trial-13-target-7,543.0,273.0,22.5,False,Pointer Move (Standard mouse)
1785569730.482511,885,627,p1-block-3-trial-13-target-7,543.0,273.0,22.5,False,Pointer Move (Standard mouse)
1785569730.492327,883,624,p1-block-3-trial-13-target-7,543.0,273.0,22.5,False,Pointer Move (Standard mouse)
1785569730.495698,877,617,p1-block-3-trial-13-target-7,543.0,273.0,22.5,False,Pointer Move (Standard mouse)
1785569730.504259,873,613,p1-block-3-trial-13-target-7,543.0,273.0,22.5,False,Pointer Move (Standard mouse)
1785569730.51119,870,610,p1-block-3-trial-13-target-7,543.0,273.0,22.5,False,Pointer Move (Standard mouse)
1785569730.519122,862,601,p1-block-3-trial-13-target-7,543.0,273.0,22.5,False,Pointer Move (Standard mouse)
1785569730.525871,854,591,p1-block-3-trial-13-target-7,543.0,273.0,22.5,False,Pointer Move (Standard mouse)
1785569730.5331929,845,583,p1-block-3-trial-13-target-7,543.0,273.0,22.5,False,Pointer Move (Standard mouse)
1785569730.540889,832,570,p1-block-3-trial-13-target-7,543.0,273.0,22.5,False,Pointer Move (Standard mouse)
1785569730.5484989,817,559,p1-block-3-trial-13-target-7,543.0,273.0,22.5,False,Pointer Move (Standard mouse)
1785569730.555531,806,549,p1-block-3-trial-13-target-7,543.0,273.0,22.5,False,Pointer Move (Standard mouse)
1785569730.5631208,786,532,p1-block-3-trial-13-target-7,543.0,273.0,22.5,False,Pointer Move (Standard mouse)
1785569730.570988,768,517,p1-block-3-trial-13-target-7,543.0,273.0,22.5,False,Pointer Move (Standard mouse)
1785569730.578597,759,511,p1-block-3-trial-13-target-7,543.0,273.0,22.5,False,Pointer Move (Standard mouse)
1785569730.586436,739,491,p1-block-3-trial-13-target-7,543.0,273.0,22.5,False,Pointer Move (Standard mouse)
1785569730.594468,730,483,p1-block-3-trial-13-target-7,543.0,273.0,22.5,False,Pointer Move (Standard mouse)
1785569730.601582,711,463,p1-block-3-trial-13-target-7,543.0,273.0,22.5,False,Pointer Move (Standard mouse)
1785569730.608365,697,449,p1-block-3-trial-13-target-7,543.0,273.0,22.5,False,Pointer Move (Standard mouse)
1785569730.616383,689,442,p1-block-3-trial-13-target-7,543.0,273.0,22.5,False,Pointer Move (Standard mouse)
1785569730.622762,671,423,p1-block-3-trial-13-target-7,543.0,273.0,22.5,False,Pointer Move (Standard mouse)
1785569730.630304,652,408,p1-block-3-trial-13-target-7,543.0,273.0,22.5,False,Pointer Move (Standard mouse)
1785569730.638884,636,392,p1-block-3-trial-13-target-7,543.0,273.0,22.5,False,Pointer Move (Standard mouse)
1785569730.64589,625,382,p1-block-3-trial-13-target-7,543.0,273.0,22.5,False,Pointer Move (Standard mouse)
1785569730.6538181,601,362,p1-block-3-trial-13-target-7,543.0,273.0,22.5,False,Pointer Move (Standard mouse)
1785569730.661173,578,345,p1-block-3-trial-13-target-7,543.0,273.0,22.5,False,Pointer Move (Standard mouse)
1785569730.668397,560,331,p1-block-3-trial-13-target-7,543.0,273.0,22.5,False,Pointer Move (Standard mouse)
1785569730.6761441,544,318,p1-block-3-trial-13-target-7,543.0,273.0,22.5,False,Pointer Move (Standard mouse)
1785569730.6836119,529,303,p1-block-3-trial-13-target-7,543.0,273.0,22.5,False,Pointer Move (Standard mouse)
1785569730.6911879,516,290,p1-block-3-trial-13-target-7,543.0,273.0,22.5,False,Pointer Move (Standard mouse)
1785569730.6987462,510,282,p1-block-3-trial-13-target-7,543.0,273.0,22.5,False,Pointer Move (Standard mouse)
1785569730.70608,508,279,p1-block-3-trial-13-target-7,543.0,273.0,22.5,False,Pointer Move (Standard mouse)
1785569730.713593,508,278,p1-block-3-trial-13-target-7,543.0,273.0,22.5,False,Pointer Move (Standard mouse)
1785569730.7209768,507,278,p1-block-3-trial-13-target-7,543.0,273.0,22.5,False,Pointer Move (Standard mouse)
1785569730.818843,507,278,p1-block-3-trial-13-target-7,543.0,273.0,22.5,False,Pointer Move (Standard mouse)
1785569730.825964,508,277,p1-block-3-trial-13-target-7,543.0,273.0,22.5,False,Pointer Move (Standard mouse)
1785569730.8345878,508,277,p1-block-3-trial-13-target-7,543.0,273.0,22.5,False,Pointer Move (Standard mouse)
1785569730.841138,509,276,p1-block-3-trial-13-target-7,543.0,273.0,22.5,False,Pointer Move (Standard mouse)
1785569730.848782,510,275,p1-block-3-trial-13-target-7,543.0,273.0,22.5,False,Pointer Move (Standard mouse)
1785569730.8560798,511,275,p1-block-3-trial-13-target-7,543.0,273.0,22.5,False,Pointer Move (Standard mouse)
1785569730.8629901,513,274,p1-block-3-trial-13-target-7,543.0,273.0,22.5,False,Pointer Move (Standard mouse)
1785569730.8703911,513,274,p1-block-3-trial-13-target-7,543.0,273.0,22.5,False,Pointer Move (Standard mouse)
1785569730.8784409,515,273,p1-block-3-trial-13-target-7,543.0,273.0,22.5,False,Pointer Move (Standard mouse)
1785569730.885361,516,272,p1-block-3-trial-13-target-7,543.0,273.0,22.5,False,Pointer Move (Standard mouse)
1785569730.892965,517,272,p1-block-3-trial-13-target-7,543.0,273.0,22.5,False,Pointer Move (Standard mouse)
1785569730.9013638,518,271,p1-block-3-trial-13-target-7,543.0,273.0,22.5,False,Pointer Move (Standard mouse)
1785569730.908393,519,271,p1-block-3-trial-13-target-7,543.0,273.0,22.5,False,Pointer Move (Standard mouse)
1785569730.917023,519,271,p1-block-3-trial-13-target-7,543.0,273.0,22.5,False,Pointer Move (Standard mouse)
1785569730.924513,520,271,p1-block-3-trial-13-target-7,543.0,273.0,22.5,False,Pointer Move (Standard mouse)
1785569730.932436,521,271,p1-block-3-trial-13-target-7,543.0,273.0,22.5,False,Pointer Move (Standard mouse)
1785569730.939612,521,271,p1-block-3-trial-13-target-7,543.0,273.0,22.5,False,Pointer Move (Standard mouse)
1785569730.9475148,523,271,p1-block-3-trial-13-target-7,543.0,273.0,22.5,False,Pointer Move (Standard mouse)
1785569730.953133,526,271,p1-block-3-trial-13-target-7,543.0,273.0,22.5,False,Pointer Move (Standard mouse)
1785569730.961354,529,272,p1-block-3-trial-13-target-7,543.0,273.0,22.5,False,Pointer Move (Standard mouse)
1785569730.9703748,530,272,p1-block-3-trial-13-target-7,543.0,273.0,22.5,False,Pointer Move (Standard mouse)
1785569730.977271,531,273,p1-block-3-trial-13-target-7,543.0,273.0,22.5,False,Pointer Move (Standard mouse)
1785569730.983603,532,273,p1-block-3-trial-13-target-7,543.0,273.0,22.5,False,Pointer Move (Standard mouse)
1785569730.99173,533,273,p1-block-3-trial-13-target-7,543.0,273.0,22.5,False,Pointer Move (Standard mouse)
1785569730.999628,534,273,p1-block-3-trial-13-target-7,543.0,273.0,22.5,False,Pointer Move (Standard mouse)
1785569731.0069098,534,274,p1-block-3-trial-13-target-7,543.0,273.0,22.5,False,Pointer Move (Standard mouse)
1785569731.143615,534,274,p1-block-3-trial-13-target-7,543.0,273.0,22.5,target_selected,target_selected
1785569731.23103,534,274,p1-block-3-trial-14-target-3,897.0,627.0,22.5,False,Pointer Move (Standard mouse)
1785569731.238932,534,275,p1-block-3-trial-14-target-3,897.0,627.0,22.5,False,Pointer Move (Standard mouse)
1785569731.246208,535,280,p1-block-3-trial-14-target-3,897.0,627.0,22.5,False,Pointer Move (Standard mouse)
1785569731.2553332,536,283,p1-block-3-trial-14-target-3,897.0,627.0,22.5,False,Pointer Move (Standard mouse)
1785569731.2614982,537,285,p1-block-3-trial-14-target-3,897.0,627.0,22.5,False,Pointer Move (Standard mouse)
1785569731.268948,538,288,p1-block-3-trial-14-target-3,897.0,627.0,22.5,False,Pointer Move (Standard mouse)
1785569731.2761111,541,293,p1-block-3-trial-14-target-3,897.0,627.0,22.5,False,Pointer Move (Standard mouse)
1785569731.285982,546,301,p1-block-3-trial-14-target-3,897.0,627.0,22.5,False,Pointer Move (Standard mouse)
1785569731.290723,547,302,p1-block-3-trial-14-target-3,897.0,627.0,22.5,False,Pointer Move (Standard mouse)
1785569731.297879,554,315,p1-block-3-trial-14-target-3,897.0,627.0,22.5,False,Pointer Move (Standard mouse)
1785569731.305253,561,325,p1-block-3-trial-14-target-3,897.0,627.0,22.5,False,Pointer Move (Standard mouse)
1785569731.31313,568,338,p1-block-3-trial-14-target-3,897.0,627.0,22.5,False,Pointer Move (Standard mouse)
1785569731.320543,576,354,p1-block-3-trial-14-target-3,897.0,627.0,22.5,False,Pointer Move (Standard mouse)
1785569731.3281028,582,364,p1-block-3-trial-14-target-3,897.0,627.0,22.5,False,Pointer Move (Standard mouse)
1785569731.3360178,592,390,p1-block-3-trial-14-target-3,897.0,627.0,22.5,False,Pointer Move (Standard mouse)
1785569731.343743,601,408,p1-block-3-trial-14-target-3,897.0,627.0,22.5,False,Pointer Move (Standard mouse)
1785569731.35126,603,413,p1-block-3-trial-14-target-3,897.0,627.0,22.5,False,Pointer Move (Standard mouse)
1785569731.358388,611,431,p1-block-3-trial-14-target-3,897.0,627.0,22.5,False,Pointer Move (Standard mouse)
1785569731.3657799,619,446,p1-block-3-trial-14-target-3,897.0,627.0,22.5,False,Pointer Move (Standard mouse)
1785569731.37335,624,457,p1-block-3-trial-14-target-3,897.0,627.0,22.5,False,Pointer Move (Standard mouse)
1785569731.380127,630,464,p1-block-3-trial-14-target-3,897.0,627.0,22.5,False,Pointer Move (Standard mouse)
1785569731.3876748,637,470,p1-block-3-trial-14-target-3,897.0,627.0,22.5,False,Pointer Move (Standard mouse)
1785569731.3952792,639,473,p1-block-3-trial-14-target-3,897.0,627.0,22.5,False,Pointer Move (Standard mouse)
1785569731.404831,643,476,p1-block-3-trial-14-target-3,897.0,627.0,22.5,False,Pointer Move (Standard mouse)
1785569731.411325,649,480,p1-block-3-trial-14-target-3,897.0,627.0,22.5,False,Pointer Move (Standard mouse)
1785569731.420338,655,486,p1-block-3-trial-14-target-3,897.0,627.0,22.5,False,Pointer Move (Standard mouse)
1785569731.4272761,659,490,p1-block-3-trial-14-target-3,897.0,627.0,22.5,False,Pointer Move (Standard mouse)
1785569731.4344032,666,496,p1-block-3-trial-14-target-3,897.0,627.0,22.5,False,Pointer Move (Standard mouse)
1785569731.442243,675,502,p1-block-3-trial-14-target-3,897.0,627.0,22.5,False,Pointer Move (Standard mouse)
1785569731.4500659,688,509,p1-block-3-trial-14-target-3,897.0,627.0,22.5,False,Pointer Move (Standard mouse)
1785569731.4565,695,512,p1-block-3-trial-14-target-3,897.0,627.0,22.5,False,Pointer Move (Standard mouse)
1785569731.4634812,711,520,p1-block-3-trial-14-target-3,897.0,627.0,22.5,False,Pointer Move (Standard mouse)
1785569731.470346,723,527,p1-block-3-trial-14-target-3,897.0,627.0,22.5,False,Pointer Move (Standard mouse)
1785569731.477938,737,534,p1-block-3-trial-14-target-3,897.0,627.0,22.5,False,Pointer Move (Standard mouse)
1785569731.485698,753,541,p1-block-3-trial-14-target-3,897.0,627.0,22.5,False,Pointer Move (Standard mouse)
1785569731.493269,769,550,p1-block-3-trial-14-target-3,897.0,627.0,22.5,False,Pointer Move (Standard mouse)
1785569731.500598,783,558,p1-block-3-trial-14-target-3,897.0,627.0,22.5,False,Pointer Move (Standard mouse)
1785569731.508796,786,560,p1-block-3-trial-14-target-3,897.0,627.0,22.5,False,Pointer Move (Standard mouse)
1785569731.51727,797,566,p1-block-3-trial-14-target-3,897.0,627.0,22.5,False,Pointer Move (Standard mouse)
1785569731.524756,802,568,p1-block-3-trial-14-target-3,897.0,627.0,22.5,False,Pointer Move (Standard mouse)
1785569731.5314062,811,572,p1-block-3-trial-14-target-3,897.0,627.0,22.5,False,Pointer Move (Standard mouse)
1785569731.5382311,817,577,p1-block-3-trial-14-target-3,897.0,627.0,22.5,False,Pointer Move (Standard mouse)
1785569731.5455968,820,578,p1-block-3-trial-14-target-3,897.0,627.0,22.5,False,Pointer Move (Standard mouse)
1785569731.554175,826,583,p1-block-3-trial-14-target-3,897.0,627.0,22.5,False,Pointer Move (Standard mouse)
1785569731.561475,828,585,p1-block-3-trial-14-target-3,897.0,627.0,22.5,False,Pointer Move (Standard mouse)
1785569731.57097,831,588,p1-block-3-trial-14-target-3,897.0,627.0,22.5,False,Pointer Move (Standard mouse)
1785569731.5759249,832,589,p1-block-3-trial-14-target-3,897.0,627.0,22.5,False,Pointer Move (Standard mouse)
1785569731.5872178,833,590,p1-block-3-trial-14-target-3,897.0,627.0,22.5,False,Pointer Move (Standard mouse)
1785569731.59129,834,592,p1-block-3-trial-14-target-3,897.0,627.0,22.5,False,Pointer Move (Standard mouse)
1785569731.600977,835,593,p1-block-3-trial-14-target-3,897.0,627.0,22.5,False,Pointer Move (Standard mouse)
1785569731.608501,835,593,p1-block-3-trial-14-target-3,897.0,627.0,22.5,False,Pointer Move (Standard mouse)
1785569731.6143801,835,594,p1-block-3-trial-14-target-3,897.0,627.0,22.5,False,Pointer Move (Standard mouse)
1785569731.6222541,836,595,p1-block-3-trial-14-target-3,897.0,627.0,22.5,False,Pointer Move (Standard mouse)
1785569731.628196,836,596,p1-block-3-trial-14-target-3,897.0,627.0,22.5,False,Pointer Move (Standard mouse)
1785569731.636008,837,598,p1-block-3-trial-14-target-3,897.0,627.0,22.5,False,Pointer Move (Standard mouse)
1785569731.644306,839,601,p1-block-3-trial-14-target-3,897.0,627.0,22.5,False,Pointer Move (Standard mouse)
1785569731.6508002,841,603,p1-block-3-trial-14-target-3,897.0,627.0,22.5,False,Pointer Move (Standard mouse)
1785569731.658237,844,606,p1-block-3-trial-14-target-3,897.0,627.0,22.5,False,Pointer Move (Standard mouse)
1785569731.665926,846,608,p1-block-3-trial-14-target-3,897.0,627.0,22.5,False,Pointer Move (Standard mouse)
1785569731.6733959,850,609,p1-block-3-trial-14-target-3,897.0,627.0,22.5,False,Pointer Move (Standard mouse)
1785569731.6808782,855,611,p1-block-3-trial-14-target-3,897.0,627.0,22.5,False,Pointer Move (Standard mouse)
1785569731.688019,858,613,p1-block-3-trial-14-target-3,897.0,627.0,22.5,False,Pointer Move (Standard mouse)
1785569731.695837,859,613,p1-block-3-trial-14-target-3,897.0,627.0,22.5,False,Pointer Move (Standard mouse)
1785569731.7035038,859,614,p1-block-3-trial-14-target-3,897.0,627.0,22.5,False,Pointer Move (Standard mouse)
1785569731.7112901,859,614,p1-block-3-trial-14-target-3,897.0,627.0,22.5,False,Pointer Move (Standard mouse)
1785569731.7187681,859,615,p1-block-3-trial-14-target-3,897.0,627.0,22.5,False,Pointer Move (Standard mouse)
1785569731.726285,860,615,p1-block-3-trial-14-target-3,897.0,627.0,22.5,False,Pointer Move (Standard mouse)
1785569731.73374,860,616,p1-block-3-trial-14-target-3,897.0,627.0,22.5,False,Pointer Move (Standard mouse)
1785569731.741174,862,617,p1-block-3-trial-14-target-3,897.0,627.0,22.5,False,Pointer Move (Standard mouse)
1785569731.748287,863,617,p1-block-3-trial-14-target-3,897.0,627.0,22.5,False,Pointer Move (Standard mouse)
1785569731.756109,864,617,p1-block-3-trial-14-target-3,897.0,627.0,22.5,False,Pointer Move (Standard mouse)
1785569731.763263,867,618,p1-block-3-trial-14-target-3,897.0,627.0,22.5,False,Pointer Move (Standard mouse)
1785569731.770886,869,619,p1-block-3-trial-14-target-3,897.0,627.0,22.5,False,Pointer Move (Standard mouse)
1785569731.7787771,869,619,p1-block-3-trial-14-target-3,897.0,627.0,22.5,False,Pointer Move (Standard mouse)
1785569731.785911,870,619,p1-block-3-trial-14-target-3,897.0,627.0,22.5,False,Pointer Move (Standard mouse)
1785569731.79307,870,619,p1-block-3-trial-14-target-3,897.0,627.0,22.5,False,Pointer Move (Standard mouse)
1785569731.822824,870,619,p1-block-3-trial-14-target-3,897.0,627.0,22.5,False,Pointer Move (Standard mouse)
1785569731.830954,871,619,p1-block-3-trial-14-target-3,897.0,627.0,22.5,False,Pointer Move (Standard mouse)
1785569731.8385868,872,619,p1-block-3-trial-14-target-3,897.0,627.0,22.5,False,Pointer Move (Standard mouse)
1785569731.846452,876,619,p1-block-3-trial-14-target-3,897.0,627.0,22.5,False,Pointer Move (Standard mouse)
1785569731.853825,879,619,p1-block-3-trial-14-target-3,897.0,627.0,22.5,False,Pointer Move (Standard mouse)
1785569731.861312,882,618,p1-block-3-trial-14-target-3,897.0,627.0,22.5,False,Pointer Move (Standard mouse)
1785569731.8680599,883,618,p1-block-3-trial-14-target-3,897.0,627.0,22.5,False,Pointer Move (Standard mouse)
1785569731.87573,886,617,p1-block-3-trial-14-target-3,897.0,627.0,22.5,False,Pointer Move (Standard mouse)
1785569731.8831098,889,617,p1-block-3-trial-14-target-3,897.0,627.0,22.5,False,Pointer Move (Standard mouse)
1785569731.8904881,890,617,p1-block-3-trial-14-target-3,897.0,627.0,22.5,False,Pointer Move (Standard mouse)
1785569731.9218519,891,617,p1-block-3-trial-14-target-3,897.0,627.0,22.5,False,Pointer Move (Standard mouse)
1785569731.928925,892,618,p1-block-3-trial-14-target-3,897.0,627.0,22.5,False,Pointer Move (Standard mouse)
1785569731.9363441,894,618,p1-block-3-trial-14-target-3,897.0,627.0,22.5,False,Pointer Move (Standard mouse)
1785569731.944106,894,618,p1-block-3-trial-14-target-3,897.0,627.0,22.5,False,Pointer Move (Standard mouse)
1785569731.952715,895,619,p1-block-3-trial-14-target-3,897.0,627.0,22.5,False,Pointer Move (Standard mouse)
1785569731.95946,896,619,p1-block-3-trial-14-target-3,897.0,627.0,22.5,False,Pointer Move (Standard mouse)
1785569731.966948,896,620,p1-block-3-trial-14-target-3,897.0,627.0,22.5,False,Pointer Move (Standard mouse)
1785569731.9740381,896,620,p1-block-3-trial-14-target-3,897.0,627.0,22.5,False,Pointer Move (Standard mouse)
1785569731.989954,897,620,p1-block-3-trial-14-target-3,897.0,627.0,22.5,False,Pointer Move (Standard mouse)
1785569732.02656,897,620,p1-block-3-trial-14-target-3,897.0,627.0,22.5,False,Pointer Move (Standard mouse)
1785569732.03516,897,620,p1-block-3-trial-14-target-3,897.0,627.0,22.5,False,Pointer Move (Standard mouse)
1785569732.042151,898,620,p1-block-3-trial-14-target-3,897.0,627.0,22.5,False,Pointer Move (Standard mouse)
1785569732.048139,898,620,p1-block-3-trial-14-target-3,897.0,627.0,22.5,False,Pointer Move (Standard mouse)
1785569732.0559921,899,620,p1-block-3-trial-14-target-3,897.0,627.0,22.5,False,Pointer Move (Standard mouse)
1785569732.072573,899,620,p1-block-3-trial-14-target-3,897.0,627.0,22.5,False,Pointer Move (Standard mouse)
1785569732.087404,899,620,p1-block-3-trial-14-target-3,897.0,627.0,22.5,False,Pointer Move (Standard mouse)
1785569732.111053,899,620,p1-block-3-trial-14-target-3,897.0,627.0,22.5,target_selected,target_selected
1785569732.119134,900,620,p1-block-3-trial-15-target-7,543.0,273.0,22.5,False,Pointer Move (Standard mouse)
1785569732.123044,900,620,p1-block-3-trial-15-target-7,543.0,273.0,22.5,False,Pointer Move (Standard mouse)
1785569732.146114,900,621,p1-block-3-trial-15-target-7,543.0,273.0,22.5,False,Pointer Move (Standard mouse)
1785569732.200238,900,621,p1-block-3-trial-15-target-7,543.0,273.0,22.5,False,Pointer Move (Standard mouse)
1785569732.208334,899,621,p1-block-3-trial-15-target-7,543.0,273.0,22.5,False,Pointer Move (Standard mouse)
1785569732.2163122,897,621,p1-block-3-trial-15-target-7,543.0,273.0,22.5,False,Pointer Move (Standard mouse)
1785569732.222338,889,621,p1-block-3-trial-15-target-7,543.0,273.0,22.5,False,Pointer Move (Standard mouse)
1785569732.230696,880,619,p1-block-3-trial-15-target-7,543.0,273.0,22.5,False,Pointer Move (Standard mouse)
1785569732.238902,870,618,p1-block-3-trial-15-target-7,543.0,273.0,22.5,False,Pointer Move (Standard mouse)
1785569732.243978,860,617,p1-block-3-trial-15-target-7,543.0,273.0,22.5,False,Pointer Move (Standard mouse)
1785569732.254011,846,615,p1-block-3-trial-15-target-7,543.0,273.0,22.5,False,Pointer Move (Standard mouse)
1785569732.259459,834,614,p1-block-3-trial-15-target-7,543.0,273.0,22.5,False,Pointer Move (Standard mouse)
1785569732.2665842,825,612,p1-block-3-trial-15-target-7,543.0,273.0,22.5,False,Pointer Move (Standard mouse)
1785569732.274859,817,608,p1-block-3-trial-15-target-7,543.0,273.0,22.5,False,Pointer Move (Standard mouse)
1785569732.2821681,809,602,p1-block-3-trial-15-target-7,543.0,273.0,22.5,False,Pointer Move (Standard mouse)
1785569732.288788,808,601,p1-block-3-trial-15-target-7,543.0,273.0,22.5,False,Pointer Move (Standard mouse)
1785569732.296031,800,590,p1-block-3-trial-15-target-7,543.0,273.0,22.5,False,Pointer Move (Standard mouse)
1785569732.303508,799,587,p1-block-3-trial-15-target-7,543.0,273.0,22.5,False,Pointer Move (Standard mouse)
1785569732.311417,790,571,p1-block-3-trial-15-target-7,543.0,273.0,22.5,False,Pointer Move (Standard mouse)
1785569732.3186,781,555,p1-block-3-trial-15-target-7,543.0,273.0,22.5,False,Pointer Move (Standard mouse)
1785569732.326612,772,539,p1-block-3-trial-15-target-7,543.0,273.0,22.5,False,Pointer Move (Standard mouse)
1785569732.334213,767,529,p1-block-3-trial-15-target-7,543.0,273.0,22.5,False,Pointer Move (Standard mouse)
1785569732.3416262,759,513,p1-block-3-trial-15-target-7,543.0,273.0,22.5,False,Pointer Move (Standard mouse)
1785569732.3491998,743,485,p1-block-3-trial-15-target-7,543.0,273.0,22.5,False,Pointer Move (Standard mouse)
1785569732.356257,734,467,p1-block-3-trial-15-target-7,543.0,273.0,22.5,False,Pointer Move (Standard mouse)
1785569732.3639731,731,460,p1-block-3-trial-15-target-7,543.0,273.0,22.5,False,Pointer Move (Standard mouse)
1785569732.3712482,722,442,p1-block-3-trial-15-target-7,543.0,273.0,22.5,False,Pointer Move (Standard mouse)
1785569732.3788002,717,432,p1-block-3-trial-15-target-7,543.0,273.0,22.5,False,Pointer Move (Standard mouse)
1785569732.386548,714,424,p1-block-3-trial-15-target-7,543.0,273.0,22.5,False,Pointer Move (Standard mouse)
1785569732.393942,712,413,p1-block-3-trial-15-target-7,543.0,273.0,22.5,False,Pointer Move (Standard mouse)
1785569732.40096,709,406,p1-block-3-trial-15-target-7,543.0,273.0,22.5,False,Pointer Move (Standard mouse)
1785569732.409091,709,406,p1-block-3-trial-15-target-7,543.0,273.0,22.5,False,Pointer Move (Standard mouse)
1785569732.415925,708,401,p1-block-3-trial-15-target-7,543.0,273.0,22.5,False,Pointer Move (Standard mouse)
1785569732.423249,708,399,p1-block-3-trial-15-target-7,543.0,273.0,22.5,False,Pointer Move (Standard mouse)
1785569732.4306922,707,398,p1-block-3-trial-15-target-7,543.0,273.0,22.5,False,Pointer Move (Standard mouse)
1785569732.438704,707,398,p1-block-3-trial-15-target-7,543.0,273.0,22.5,False,Pointer Move (Standard mouse)
1785569732.446343,706,397,p1-block-3-trial-15-target-7,543.0,273.0,22.5,False,Pointer Move (Standard mouse)
1785569732.45326,706,396,p1-block-3-trial-15-target-7,543.0,273.0,22.5,False,Pointer Move (Standard mouse)
1785569732.460525,705,394,p1-block-3-trial-15-target-7,543.0,273.0,22.5,False,Pointer Move (Standard mouse)
1785569732.468504,705,394,p1-block-3-trial-15-target-7,543.0,273.0,22.5,False,Pointer Move (Standard mouse)
1785569732.475349,704,392,p1-block-3-trial-15-target-7,543.0,273.0,22.5,False,Pointer Move (Standard mouse)
1785569732.483592,703,389,p1-block-3-trial-15-target-7,543.0,273.0,22.5,False,Pointer Move (Standard mouse)
1785569732.4905448,703,388,p1-block-3-trial-15-target-7,543.0,273.0,22.5,False,Pointer Move (Standard mouse)
1785569732.498635,700,386,p1-block-3-trial-15-target-7,543.0,273.0,22.5,False,Pointer Move (Standard mouse)
1785569732.506064,700,385,p1-block-3-trial-15-target-7,543.0,273.0,22.5,False,Pointer Move (Standard mouse)
1785569732.512783,699,384,p1-block-3-trial-15-target-7,543.0,273.0,22.5,False,Pointer Move (Standard mouse)
1785569732.520378,696,380,p1-block-3-trial-15-target-7,543.0,273.0,22.5,False,Pointer Move (Standard mouse)
1785569732.527882,692,377,p1-block-3-trial-15-target-7,543.0,273.0,22.5,False,Pointer Move (Standard mouse)
1785569732.537359,690,375,p1-block-3-trial-15-target-7,543.0,273.0,22.5,False,Pointer Move (Standard mouse)
1785569732.545481,685,372,p1-block-3-trial-15-target-7,543.0,273.0,22.5,False,Pointer Move (Standard mouse)
1785569732.551046,684,371,p1-block-3-trial-15-target-7,543.0,273.0,22.5,False,Pointer Move (Standard mouse)
1785569732.559556,677,366,p1-block-3-trial-15-target-7,543.0,273.0,22.5,False,Pointer Move (Standard mouse)
1785569732.566887,673,362,p1-block-3-trial-15-target-7,543.0,273.0,22.5,False,Pointer Move (Standard mouse)
1785569732.573934,669,360,p1-block-3-trial-15-target-7,543.0,273.0,22.5,False,Pointer Move (Standard mouse)
1785569732.582279,665,357,p1-block-3-trial-15-target-7,543.0,273.0,22.5,False,Pointer Move (Standard mouse)
1785569732.589039,661,354,p1-block-3-trial-15-target-7,543.0,273.0,22.5,False,Pointer Move (Standard mouse)
1785569732.5976288,657,350,p1-block-3-trial-15-target-7,543.0,273.0,22.5,False,Pointer Move (Standard mouse)
1785569732.603436,650,344,p1-block-3-trial-15-target-7,543.0,273.0,22.5,False,Pointer Move (Standard mouse)
1785569732.6125078,640,336,p1-block-3-trial-15-target-7,543.0,273.0,22.5,False,Pointer Move (Standard mouse)
1785569732.620058,631,329,p1-block-3-trial-15-target-7,543.0,273.0,22.5,False,Pointer Move (Standard mouse)
1785569732.627852,619,324,p1-block-3-trial-15-target-7,543.0,273.0,22.5,False,Pointer Move (Standard mouse)
1785569732.635506,612,321,p1-block-3-trial-15-target-7,543.0,273.0,22.5,False,Pointer Move (Standard mouse)
1785569732.6427698,600,315,p1-block-3-trial-15-target-7,543.0,273.0,22.5,False,Pointer Move (Standard mouse)
1785569732.650597,590,310,p1-block-3-trial-15-target-7,543.0,273.0,22.5,False,Pointer Move (Standard mouse)
1785569732.657734,580,306,p1-block-3-trial-15-target-7,543.0,273.0,22.5,False,Pointer Move (Standard mouse)
1785569732.665408,575,303,p1-block-3-trial-15-target-7,543.0,273.0,22.5,False,Pointer Move (Standard mouse)
1785569732.6715462,567,298,p1-block-3-trial-15-target-7,543.0,273.0,22.5,False,Pointer Move (Standard mouse)
1785569732.680309,567,298,p1-block-3-trial-15-target-7,543.0,273.0,22.5,False,Pointer Move (Standard mouse)
1785569732.6876428,565,297,p1-block-3-trial-15-target-7,543.0,273.0,22.5,False,Pointer Move (Standard mouse)
1785569732.694579,563,296,p1-block-3-trial-15-target-7,543.0,273.0,22.5,False,Pointer Move (Standard mouse)
1785569732.70275,563,295,p1-block-3-trial-15-target-7,543.0,273.0,22.5,False,Pointer Move (Standard mouse)
1785569732.7077131,562,295,p1-block-3-trial-15-target-7,543.0,273.0,22.5,False,Pointer Move (Standard mouse)
1785569732.717303,562,294,p1-block-3-trial-15-target-7,543.0,273.0,22.5,False,Pointer Move (Standard mouse)
1785569732.723812,562,294,p1-block-3-trial-15-target-7,543.0,273.0,22.5,False,Pointer Move (Standard mouse)
1785569732.733097,561,294,p1-block-3-trial-15-target-7,543.0,273.0,22.5,False,Pointer Move (Standard mouse)
1785569732.7402592,561,294,p1-block-3-trial-15-target-7,543.0,273.0,22.5,False,Pointer Move (Standard mouse)
1785569732.747835,560,294,p1-block-3-trial-15-target-7,543.0,273.0,22.5,False,Pointer Move (Standard mouse)
1785569732.756059,559,294,p1-block-3-trial-15-target-7,543.0,273.0,22.5,False,Pointer Move (Standard mouse)
1785569732.76192,559,294,p1-block-3-trial-15-target-7,543.0,273.0,22.5,False,Pointer Move (Standard mouse)
1785569732.7702668,557,293,p1-block-3-trial-15-target-7,543.0,273.0,22.5,False,Pointer Move (Standard mouse)
1785569732.776227,556,293,p1-block-3-trial-15-target-7,543.0,273.0,22.5,False,Pointer Move (Standard mouse)
1785569732.784,555,293,p1-block-3-trial-15-target-7,543.0,273.0,22.5,False,Pointer Move (Standard mouse)
1785569732.792246,554,292,p1-block-3-trial-15-target-7,543.0,273.0,22.5,False,Pointer Move (Standard mouse)
1785569732.799341,554,292,p1-block-3-trial-15-target-7,543.0,273.0,22.5,False,Pointer Move (Standard mouse)
1785569732.806172,553,292,p1-block-3-trial-15-target-7,543.0,273.0,22.5,False,Pointer Move (Standard mouse)
1785569732.812895,553,292,p1-block-3-trial-15-target-7,543.0,273.0,22.5,False,Pointer Move (Standard mouse)
1785569732.8203049,553,292,p1-block-3-trial-15-target-7,543.0,273.0,22.5,False,Pointer Move (Standard mouse)
1785569732.828018,553,291,p1-block-3-trial-15-target-7,543.0,273.0,22.5,False,Pointer Move (Standard mouse)
1785569732.858901,553,291,p1-block-3-trial-15-target-7,543.0,273.0,22.5,False,Pointer Move (Standard mouse)
1785569732.9269838,553,291,p1-block-3-trial-15-target-7,543.0,273.0,22.5,False,Pointer Move (Standard mouse)
1785569732.949711,552,290,p1-block-3-trial-15-target-7,543.0,273.0,22.5,False,Pointer Move (Standard mouse)
1785569732.95597,552,290,p1-block-3-trial-15-target-7,543.0,273.0,22.5,False,Pointer Move (Standard mouse)
1785569732.964751,552,290,p1-block-3-trial-15-target-7,543.0,273.0,22.5,False,Pointer Move (Standard mouse)
1785569732.971852,552,289,p1-block-3-trial-15-target-7,543.0,273.0,22.5,False,Pointer Move (Standard mouse)
1785569732.979407,552,289,p1-block-3-trial-15-target-7,543.0,273.0,22.5,False,Pointer Move (Standard mouse)
1785569733.047453,552,289,p1-block-3-trial-15-target-7,543.0,273.0,22.5,False,Pointer Move (Standard mouse)
1785569733.06392,552,289,p1-block-3-trial-15-target-7,543.0,273.0,22.5,target_selected,target_selected
1785569733.082567,552,288,p1-block-3-trial-16-target-3,897.0,627.0,22.5,False,Pointer Move (Standard mouse)
1785569733.1216562,551,288,p1-block-3-trial-16-target-3,897.0,627.0,22.5,False,Pointer Move (Standard mouse)
1785569733.144161,551,288,p1-block-3-trial-16-target-3,897.0,627.0,22.5,False,Pointer Move (Standard mouse)
1785569733.153408,551,288,p1-block-3-trial-16-target-3,897.0,627.0,22.5,False,Pointer Move (Standard mouse)
1785569733.212306,551,288,p1-block-3-trial-16-target-3,897.0,627.0,22.5,False,Pointer Move (Standard mouse)
1785569733.219276,551,289,p1-block-3-trial-16-target-3,897.0,627.0,22.5,False,Pointer Move (Standard mouse)
1785569733.226572,556,298,p1-block-3-trial-16-target-3,897.0,627.0,22.5,False,Pointer Move (Standard mouse)
1785569733.233987,556,298,p1-block-3-trial-16-target-3,897.0,627.0,22.5,False,Pointer Move (Standard mouse)
1785569733.241904,566,309,p1-block-3-trial-16-target-3,897.0,627.0,22.5,False,Pointer Move (Standard mouse)
1785569733.2504199,574,319,p1-block-3-trial-16-target-3,897.0,627.0,22.5,False,Pointer Move (Standard mouse)
1785569733.256858,584,328,p1-block-3-trial-16-target-3,897.0,627.0,22.5,False,Pointer Move (Standard mouse)
1785569733.2639859,593,338,p1-block-3-trial-16-target-3,897.0,627.0,22.5,False,Pointer Move (Standard mouse)
1785569733.271308,603,349,p1-block-3-trial-16-target-3,897.0,627.0,22.5,False,Pointer Move (Standard mouse)
1785569733.278809,629,368,p1-block-3-trial-16-target-3,897.0,627.0,22.5,False,Pointer Move (Standard mouse)
1785569733.286133,644,381,p1-block-3-trial-16-target-3,897.0,627.0,22.5,False,Pointer Move (Standard mouse)
1785569733.293778,662,396,p1-block-3-trial-16-target-3,897.0,627.0,22.5,False,Pointer Move (Standard mouse)
1785569733.3008971,691,420,p1-block-3-trial-16-target-3,897.0,627.0,22.5,False,Pointer Move (Standard mouse)
1785569733.308039,704,431,p1-block-3-trial-16-target-3,897.0,627.0,22.5,False,Pointer Move (Standard mouse)
1785569733.315527,725,450,p1-block-3-trial-16-target-3,897.0,627.0,22.5,False,Pointer Move (Standard mouse)
1785569733.3230798,744,468,p1-block-3-trial-16-target-3,897.0,627.0,22.5,False,Pointer Move (Standard mouse)
1785569733.331451,757,481,p1-block-3-trial-16-target-3,897.0,627.0,22.5,False,Pointer Move (Standard mouse)
1785569733.3385322,777,498,p1-block-3-trial-16-target-3,897.0,627.0,22.5,False,Pointer Move (Standard mouse)
1785569733.3460648,797,515,p1-block-3-trial-16-target-3,897.0,627.0,22.5,False,Pointer Move (Standard mouse)
1785569733.353622,805,524,p1-block-3-trial-16-target-3,897.0,627.0,22.5,False,Pointer Move (Standard mouse)
1785569733.361072,823,541,p1-block-3-trial-16-target-3,897.0,627.0,22.5,False,Pointer Move (Standard mouse)
1785569733.368717,838,554,p1-block-3-trial-16-target-3,897.0,627.0,22.5,False,Pointer Move (Standard mouse)
1785569733.3760839,841,558,p1-block-3-trial-16-target-3,897.0,627.0,22.5,False,Pointer Move (Standard mouse)
1785569733.3835368,854,571,p1-block-3-trial-16-target-3,897.0,627.0,22.5,False,Pointer Move (Standard mouse)
1785569733.391083,858,577,p1-block-3-trial-16-target-3,897.0,627.0,22.5,False,Pointer Move (Standard mouse)
1785569733.398693,868,588,p1-block-3-trial-16-target-3,897.0,627.0,22.5,False,Pointer Move (Standard mouse)
1785569733.406187,869,590,p1-block-3-trial-16-target-3,897.0,627.0,22.5,False,Pointer Move (Standard mouse)
1785569733.413962,873,595,p1-block-3-trial-16-target-3,897.0,627.0,22.5,False,Pointer Move (Standard mouse)
1785569733.420269,880,604,p1-block-3-trial-16-target-3,897.0,627.0,22.5,False,Pointer Move (Standard mouse)
1785569733.427941,882,607,p1-block-3-trial-16-target-3,897.0,627.0,22.5,False,Pointer Move (Standard mouse)
1785569733.435767,885,611,p1-block-3-trial-16-target-3,897.0,627.0,22.5,False,Pointer Move (Standard mouse)
1785569733.443292,886,611,p1-block-3-trial-16-target-3,897.0,627.0,22.5,False,Pointer Move (Standard mouse)
1785569733.450681,886,612,p1-block-3-trial-16-target-3,897.0,627.0,22.5,False,Pointer Move (Standard mouse)
1785569733.4826071,886,612,p1-block-3-trial-16-target-3,897.0,627.0,22.5,False,Pointer Move (Standard mouse)
1785569733.488221,886,612,p1-block-3-trial-16-target-3,897.0,627.0,22.5,False,Pointer Move (Standard mouse)
1785569733.49605,886,612,p1-block-3-trial-16-target-3,897.0,627.0,22.5,False,Pointer Move (Standard mouse)
1785569733.502274,886,613,p1-block-3-trial-16-target-3,897.0,627.0,22.5,False,Pointer Move (Standard mouse)
1785569733.510881,887,613,p1-block-3-trial-16-target-3,897.0,627.0,22.5,False,Pointer Move (Standard mouse)
1785569733.5185049,887,613,p1-block-3-trial-16-target-3,897.0,627.0,22.5,False,Pointer Move (Standard mouse)
1785569733.541565,887,613,p1-block-3-trial-16-target-3,897.0,627.0,22.5,False,Pointer Move (Standard mouse)
1785569733.625273,887,614,p1-block-3-trial-16-target-3,897.0,627.0,22.5,False,Pointer Move (Standard mouse)
1785569733.647147,887,614,p1-block-3-trial-16-target-3,897.0,627.0,22.5,False,Pointer Move (Standard mouse)
1785569733.65462,888,614,p1-block-3-trial-16-target-3,897.0,627.0,22.5,False,Pointer Move (Standard mouse)
1785569733.661881,888,615,p1-block-3-trial-16-target-3,897.0,627.0,22.5,False,Pointer Move (Standard mouse)
1785569733.670242,889,615,p1-block-3-trial-16-target-3,897.0,627.0,22.5,False,Pointer Move (Standard mouse)
1785569733.6777449,889,616,p1-block-3-trial-16-target-3,897.0,627.0,22.5,False,Pointer Move (Standard mouse)
1785569733.729751,889,616,p1-block-3-trial-16-target-3,897.0,627.0,22.5,target_selected,target_selected
1785574729.1872919,1029,550,p02-block-1-trial-1-target-0,720.0,250.0,30.0,False,Pointer Move (unknown)
1785574729.1946099,1024,548,p02-block-1-trial-1-target-0,720.0,250.0,30.0,False,Pointer Move (unknown)
1785574729.202372,1016,543,p02-block-1-trial-1-target-0,720.0,250.0,30.0,False,Pointer Move (unknown)
1785574729.210909,1009,538,p02-block-1-trial-1-target-0,720.0,250.0,30.0,False,Pointer Move (unknown)
1785574729.218723,996,531,p02-block-1-trial-1-target-0,720.0,250.0,30.0,False,Pointer Move (unknown)
1785574729.226905,983,521,p02-block-1-trial-1-target-0,720.0,250.0,30.0,False,Pointer Move (unknown)
1785574729.2349372,972,510,p02-block-1-trial-1-target-0,720.0,250.0,30.0,False,Pointer Move (unknown)
1785574729.243078,957,495,p02-block-1-trial-1-target-0,720.0,250.0,30.0,False,Pointer Move (unknown)
1785574729.2510772,941,477,p02-block-1-trial-1-target-0,720.0,250.0,30.0,False,Pointer Move (unknown)
1785574729.2711732,917,447,p02-block-1-trial-1-target-0,720.0,250.0,30.0,False,Pointer Move (unknown)
1785574729.2769752,903,427,p02-block-1-trial-1-target-0,720.0,250.0,30.0,False,Pointer Move (unknown)
1785574729.283537,889,407,p02-block-1-trial-1-target-0,720.0,250.0,30.0,False,Pointer Move (unknown)
1785574729.2919621,866,371,p02-block-1-trial-1-target-0,720.0,250.0,30.0,False,Pointer Move (unknown)
1785574729.299823,850,341,p02-block-1-trial-1-target-0,720.0,250.0,30.0,False,Pointer Move (unknown)
1785574729.307731,844,330,p02-block-1-trial-1-target-0,720.0,250.0,30.0,False,Pointer Move (unknown)
1785574729.3156538,831,304,p02-block-1-trial-1-target-0,720.0,250.0,30.0,False,Pointer Move (unknown)
1785574729.323672,820,277,p02-block-1-trial-1-target-0,720.0,250.0,30.0,False,Pointer Move (unknown)
1785574729.331945,810,251,p02-block-1-trial-1-target-0,720.0,250.0,30.0,False,Pointer Move (unknown)
1785574729.339944,807,240,p02-block-1-trial-1-target-0,720.0,250.0,30.0,False,Pointer Move (unknown)
1785574729.615891,806,240,p02-block-1-trial-1-target-0,720.0,250.0,30.0,False,Pointer Move (unknown)
1785574729.623987,799,240,p02-block-1-trial-1-target-0,720.0,250.0,30.0,False,Pointer Move (unknown)
1785574729.631542,791,240,p02-block-1-trial-1-target-0,720.0,250.0,30.0,False,Pointer Move (unknown)
1785574729.6397362,784,241,p02-block-1-trial-1-target-0,720.0,250.0,30.0,False,Pointer Move (unknown)
1785574729.647567,779,242,p02-block-1-trial-1-target-0,720.0,250.0,30.0,False,Pointer Move (unknown)
1785574729.655602,770,243,p02-block-1-trial-1-target-0,720.0,250.0,30.0,False,Pointer Move (unknown)
1785574729.663681,762,244,p02-block-1-trial-1-target-0,720.0,250.0,30.0,False,Pointer Move (unknown)
1785574729.6721761,753,244,p02-block-1-trial-1-target-0,720.0,250.0,30.0,False,Pointer Move (unknown)
1785574729.6806731,746,245,p02-block-1-trial-1-target-0,720.0,250.0,30.0,False,Pointer Move (unknown)
1785574729.688493,741,245,p02-block-1-trial-1-target-0,720.0,250.0,30.0,False,Pointer Move (unknown)
1785574729.6972532,738,245,p02-block-1-trial-1-target-0,720.0,250.0,30.0,False,Pointer Move (unknown)
1785574729.704619,735,245,p02-block-1-trial-1-target-0,720.0,250.0,30.0,False,Pointer Move (unknown)
1785574729.712426,733,245,p02-block-1-trial-1-target-0,720.0,250.0,30.0,False,Pointer Move (unknown)
1785574729.720376,732,245,p02-block-1-trial-1-target-0,720.0,250.0,30.0,False,Pointer Move (unknown)
1785574729.728682,731,245,p02-block-1-trial-1-target-0,720.0,250.0,30.0,False,Pointer Move (unknown)
1785574729.7371771,730,245,p02-block-1-trial-1-target-0,720.0,250.0,30.0,False,Pointer Move (unknown)
1785574729.745208,729,245,p02-block-1-trial-1-target-0,720.0,250.0,30.0,False,Pointer Move (unknown)
1785574729.753134,729,245,p02-block-1-trial-1-target-0,720.0,250.0,30.0,False,Pointer Move (unknown)
1785574729.760996,728,245,p02-block-1-trial-1-target-0,720.0,250.0,30.0,False,Pointer Move (unknown)
1785574729.769055,728,245,p02-block-1-trial-1-target-0,720.0,250.0,30.0,False,Pointer Move (unknown)
1785574729.77749,727,245,p02-block-1-trial-1-target-0,720.0,250.0,30.0,False,Pointer Move (unknown)
1785574729.7857301,727,245,p02-block-1-trial-1-target-0,720.0,250.0,30.0,False,Pointer Move (unknown)
1785574729.793886,726,245,p02-block-1-trial-1-target-0,720.0,250.0,30.0,False,Pointer Move (unknown)
1785574729.801928,726,245,p02-block-1-trial-1-target-0,720.0,250.0,30.0,False,Pointer Move (unknown)
1785574729.817898,726,245,p02-block-1-trial-1-target-0,720.0,250.0,30.0,False,Pointer Move (unknown)
1785574729.850085,725,245,p02-block-1-trial-1-target-0,720.0,250.0,30.0,False,Pointer Move (unknown)
1785574729.918258,725,245,p02-block-1-trial-1-target-0,720.0,250.0,30.0,target_selected,target_selected
1785574730.2474189,725,247,p02-block-1-trial-2-target-4,720.0,650.0,30.0,False,Pointer Move (unknown)
1785574730.255808,725,268,p02-block-1-trial-2-target-4,720.0,650.0,30.0,False,Pointer Move (unknown)
1785574730.2640269,725,288,p02-block-1-trial-2-target-4,720.0,650.0,30.0,False,Pointer Move (unknown)
1785574730.272009,725,312,p02-block-1-trial-2-target-4,720.0,650.0,30.0,False,Pointer Move (unknown)
1785574730.2800572,725,332,p02-block-1-trial-2-target-4,720.0,650.0,30.0,False,Pointer Move (unknown)
1785574730.287951,725,374,p02-block-1-trial-2-target-4,720.0,650.0,30.0,False,Pointer Move (unknown)
1785574730.296533,725,420,p02-block-1-trial-2-target-4,720.0,650.0,30.0,False,Pointer Move (unknown)
1785574730.3047411,727,444,p02-block-1-trial-2-target-4,720.0,650.0,30.0,False,Pointer Move (unknown)
1785574730.3123982,727,486,p02-block-1-trial-2-target-4,720.0,650.0,30.0,False,Pointer Move (unknown)
1785574730.321318,730,522,p02-block-1-trial-2-target-4,720.0,650.0,30.0,False,Pointer Move (unknown)
1785574730.3286421,732,559,p02-block-1-trial-2-target-4,720.0,650.0,30.0,False,Pointer Move (unknown)
1785574730.337437,732,591,p02-block-1-trial-2-target-4,720.0,650.0,30.0,False,Pointer Move (unknown)
1785574730.344699,732,615,p02-block-1-trial-2-target-4,720.0,650.0,30.0,False,Pointer Move (unknown)
1785574730.353274,732,635,p02-block-1-trial-2-target-4,720.0,650.0,30.0,False,Pointer Move (unknown)
1785574730.36063,732,641,p02-block-1-trial-2-target-4,720.0,650.0,30.0,False,Pointer Move (unknown)
1785574730.368684,732,658,p02-block-1-trial-2-target-4,720.0,650.0,30.0,False,Pointer Move (unknown)
1785574730.3768609,732,670,p02-block-1-trial-2-target-4,720.0,650.0,30.0,False,Pointer Move (unknown)
1785574730.385586,732,681,p02-block-1-trial-2-target-4,720.0,650.0,30.0,False,Pointer Move (unknown)
1785574730.393101,732,687,p02-block-1-trial-2-target-4,720.0,650.0,30.0,False,Pointer Move (unknown)
1785574730.401817,732,694,p02-block-1-trial-2-target-4,720.0,650.0,30.0,False,Pointer Move (unknown)
1785574730.412023,732,700,p02-block-1-trial-2-target-4,720.0,650.0,30.0,False,Pointer Move (unknown)
1785574730.4170911,732,704,p02-block-1-trial-2-target-4,720.0,650.0,30.0,False,Pointer Move (unknown)
1785574730.4249861,732,707,p02-block-1-trial-2-target-4,720.0,650.0,30.0,False,Pointer Move (unknown)
1785574730.433516,732,709,p02-block-1-trial-2-target-4,720.0,650.0,30.0,False,Pointer Move (unknown)
1785574730.441034,732,711,p02-block-1-trial-2-target-4,720.0,650.0,30.0,False,Pointer Move (unknown)
1785574730.449141,732,712,p02-block-1-trial-2-target-4,720.0,650.0,30.0,False,Pointer Move (unknown)
1785574730.45774,732,713,p02-block-1-trial-2-target-4,720.0,650.0,30.0,False,Pointer Move (unknown)
1785574730.4652958,732,714,p02-block-1-trial-2-target-4,720.0,650.0,30.0,False,Pointer Move (unknown)
1785574730.473921,732,715,p02-block-1-trial-2-target-4,720.0,650.0,30.0,False,Pointer Move (unknown)
1785574730.481547,732,717,p02-block-1-trial-2-target-4,720.0,650.0,30.0,False,Pointer Move (unknown)
1785574730.490093,732,719,p02-block-1-trial-2-target-4,720.0,650.0,30.0,False,Pointer Move (unknown)
1785574730.498158,732,720,p02-block-1-trial-2-target-4,720.0,650.0,30.0,False,Pointer Move (unknown)
1785574730.50651,732,721,p02-block-1-trial-2-target-4,720.0,650.0,30.0,False,Pointer Move (unknown)
1785574730.5145128,732,722,p02-block-1-trial-2-target-4,720.0,650.0,30.0,False,Pointer Move (unknown)
1785574730.523011,732,723,p02-block-1-trial-2-target-4,720.0,650.0,30.0,False,Pointer Move (unknown)
1785574730.5298932,732,723,p02-block-1-trial-2-target-4,720.0,650.0,30.0,False,Pointer Move (unknown)
1785574730.538805,732,723,p02-block-1-trial-2-target-4,720.0,650.0,30.0,False,Pointer Move (unknown)
1785574730.546219,732,724,p02-block-1-trial-2-target-4,720.0,650.0,30.0,False,Pointer Move (unknown)
1785574730.5546901,732,724,p02-block-1-trial-2-target-4,720.0,650.0,30.0,False,Pointer Move (unknown)
1785574730.636213,732,724,p02-block-1-trial-2-target-4,720.0,650.0,30.0,False,Pointer Move (unknown)
1785574730.643827,732,722,p02-block-1-trial-2-target-4,720.0,650.0,30.0,False,Pointer Move (unknown)
1785574730.651647,732,721,p02-block-1-trial-2-target-4,720.0,650.0,30.0,False,Pointer Move (unknown)
1785574730.6604218,732,717,p02-block-1-trial-2-target-4,720.0,650.0,30.0,False,Pointer Move (unknown)
1785574730.667406,732,715,p02-block-1-trial-2-target-4,720.0,650.0,30.0,False,Pointer Move (unknown)
1785574730.675426,732,713,p02-block-1-trial-2-target-4,720.0,650.0,30.0,False,Pointer Move (unknown)
1785574730.6836858,731,711,p02-block-1-trial-2-target-4,720.0,650.0,30.0,False,Pointer Move (unknown)
1785574730.691286,731,709,p02-block-1-trial-2-target-4,720.0,650.0,30.0,False,Pointer Move (unknown)
1785574730.6999009,730,707,p02-block-1-trial-2-target-4,720.0,650.0,30.0,False,Pointer Move (unknown)
1785574730.708234,730,705,p02-block-1-trial-2-target-4,720.0,650.0,30.0,False,Pointer Move (unknown)
1785574730.7165241,730,703,p02-block-1-trial-2-target-4,720.0,650.0,30.0,False,Pointer Move (unknown)
1785574730.724552,730,702,p02-block-1-trial-2-target-4,720.0,650.0,30.0,False,Pointer Move (unknown)
1785574730.732341,730,701,p02-block-1-trial-2-target-4,720.0,650.0,30.0,False,Pointer Move (unknown)
1785574730.7407181,730,700,p02-block-1-trial-2-target-4,720.0,650.0,30.0,False,Pointer Move (unknown)
1785574730.749411,730,699,p02-block-1-trial-2-target-4,720.0,650.0,30.0,False,Pointer Move (unknown)
1785574730.757647,730,699,p02-block-1-trial-2-target-4,720.0,650.0,30.0,False,Pointer Move (unknown)
1785574730.7648609,730,698,p02-block-1-trial-2-target-4,720.0,650.0,30.0,False,Pointer Move (unknown)
1785574730.773376,730,697,p02-block-1-trial-2-target-4,720.0,650.0,30.0,False,Pointer Move (unknown)
1785574730.781266,730,695,p02-block-1-trial-2-target-4,720.0,650.0,30.0,False,Pointer Move (unknown)
1785574730.789341,730,693,p02-block-1-trial-2-target-4,720.0,650.0,30.0,False,Pointer Move (unknown)
1785574730.797249,729,689,p02-block-1-trial-2-target-4,720.0,650.0,30.0,False,Pointer Move (unknown)
1785574730.805907,729,687,p02-block-1-trial-2-target-4,720.0,650.0,30.0,False,Pointer Move (unknown)
1785574730.813798,728,684,p02-block-1-trial-2-target-4,720.0,650.0,30.0,False,Pointer Move (unknown)
1785574730.8210611,728,681,p02-block-1-trial-2-target-4,720.0,650.0,30.0,False,Pointer Move (unknown)
1785574730.82938,727,678,p02-block-1-trial-2-target-4,720.0,650.0,30.0,False,Pointer Move (unknown)
1785574730.837131,727,676,p02-block-1-trial-2-target-4,720.0,650.0,30.0,False,Pointer Move (unknown)
1785574730.8462982,727,674,p02-block-1-trial-2-target-4,720.0,650.0,30.0,False,Pointer Move (unknown)
1785574730.853857,726,672,p02-block-1-trial-2-target-4,720.0,650.0,30.0,False,Pointer Move (unknown)
1785574730.862612,726,670,p02-block-1-trial-2-target-4,720.0,650.0,30.0,False,Pointer Move (unknown)
1785574730.870839,725,669,p02-block-1-trial-2-target-4,720.0,650.0,30.0,False,Pointer Move (unknown)
1785574730.878985,725,667,p02-block-1-trial-2-target-4,720.0,650.0,30.0,False,Pointer Move (unknown)
1785574730.8862221,725,667,p02-block-1-trial-2-target-4,720.0,650.0,30.0,False,Pointer Move (unknown)
1785574730.8948832,725,667,p02-block-1-trial-2-target-4,720.0,650.0,30.0,False,Pointer Move (unknown)
1785574730.902865,725,666,p02-block-1-trial-2-target-4,720.0,650.0,30.0,False,Pointer Move (unknown)
1785574730.918591,725,666,p02-block-1-trial-2-target-4,720.0,650.0,30.0,False,Pointer Move (unknown)
1785574730.926359,725,666,p02-block-1-trial-2-target-4,720.0,650.0,30.0,False,Pointer Move (unknown)
1785574730.9429262,725,665,p02-block-1-trial-2-target-4,720.0,650.0,30.0,False,Pointer Move (unknown)
1785574730.951663,725,665,p02-block-1-trial-2-target-4,720.0,650.0,30.0,False,Pointer Move (unknown)
1785574730.9595299,725,665,p02-block-1-trial-2-target-4,720.0,650.0,30.0,False,Pointer Move (unknown)
1785574730.966562,724,663,p02-block-1-trial-2-target-4,720.0,650.0,30.0,False,Pointer Move (unknown)
1785574730.975285,724,662,p02-block-1-trial-2-target-4,720.0,650.0,30.0,False,Pointer Move (unknown)
1785574730.983341,724,662,p02-block-1-trial-2-target-4,720.0,650.0,30.0,False,Pointer Move (unknown)
1785574730.9911392,724,661,p02-block-1-trial-2-target-4,720.0,650.0,30.0,False,Pointer Move (unknown)
1785574730.999259,723,661,p02-block-1-trial-2-target-4,720.0,650.0,30.0,False,Pointer Move (unknown)
1785574731.007812,723,660,p02-block-1-trial-2-target-4,720.0,650.0,30.0,False,Pointer Move (unknown)
1785574731.015483,723,660,p02-block-1-trial-2-target-4,720.0,650.0,30.0,False,Pointer Move (unknown)
1785574731.035136,723,660,p02-block-1-trial-2-target-4,720.0,650.0,30.0,target_selected,target_selected
1785574731.380045,723,659,p02-block-1-trial-3-target-0,720.0,250.0,30.0,False,Pointer Move (unknown)
1785574731.3880289,723,652,p02-block-1-trial-3-target-0,720.0,250.0,30.0,False,Pointer Move (unknown)
1785574731.3962271,723,641,p02-block-1-trial-3-target-0,720.0,250.0,30.0,False,Pointer Move (unknown)
1785574731.404552,723,624,p02-block-1-trial-3-target-0,720.0,250.0,30.0,False,Pointer Move (unknown)
1785574731.411956,723,604,p02-block-1-trial-3-target-0,720.0,250.0,30.0,False,Pointer Move (unknown)
1785574731.420293,721,580,p02-block-1-trial-3-target-0,720.0,250.0,30.0,False,Pointer Move (unknown)
1785574731.428279,721,552,p02-block-1-trial-3-target-0,720.0,250.0,30.0,False,Pointer Move (unknown)
1785574731.4366488,717,520,p02-block-1-trial-3-target-0,720.0,250.0,30.0,False,Pointer Move (unknown)
1785574731.444597,717,492,p02-block-1-trial-3-target-0,720.0,250.0,30.0,False,Pointer Move (unknown)
1785574731.452696,717,464,p02-block-1-trial-3-target-0,720.0,250.0,30.0,False,Pointer Move (unknown)
1785574731.460356,715,436,p02-block-1-trial-3-target-0,720.0,250.0,30.0,False,Pointer Move (unknown)
1785574731.468561,715,412,p02-block-1-trial-3-target-0,720.0,250.0,30.0,False,Pointer Move (unknown)
1785574731.4771378,715,389,p02-block-1-trial-3-target-0,720.0,250.0,30.0,False,Pointer Move (unknown)
1785574731.485215,715,369,p02-block-1-trial-3-target-0,720.0,250.0,30.0,False,Pointer Move (unknown)
1785574731.493591,715,362,p02-block-1-trial-3-target-0,720.0,250.0,30.0,False,Pointer Move (unknown)
1785574731.5012548,715,348,p02-block-1-trial-3-target-0,720.0,250.0,30.0,False,Pointer Move (unknown)
1785574731.5090828,715,337,p02-block-1-trial-3-target-0,720.0,250.0,30.0,False,Pointer Move (unknown)
1785574731.517368,715,326,p02-block-1-trial-3-target-0,720.0,250.0,30.0,False,Pointer Move (unknown)
1785574731.5257878,715,317,p02-block-1-trial-3-target-0,720.0,250.0,30.0,False,Pointer Move (unknown)
1785574731.5333729,715,310,p02-block-1-trial-3-target-0,720.0,250.0,30.0,False,Pointer Move (unknown)
1785574731.541282,715,304,p02-block-1-trial-3-target-0,720.0,250.0,30.0,False,Pointer Move (unknown)
1785574731.549654,715,299,p02-block-1-trial-3-target-0,720.0,250.0,30.0,False,Pointer Move (unknown)
1785574731.557724,715,294,p02-block-1-trial-3-target-0,720.0,250.0,30.0,False,Pointer Move (unknown)
1785574731.5654411,715,289,p02-block-1-trial-3-target-0,720.0,250.0,30.0,False,Pointer Move (unknown)
1785574731.574323,715,286,p02-block-1-trial-3-target-0,720.0,250.0,30.0,False,Pointer Move (unknown)
1785574731.581738,715,283,p02-block-1-trial-3-target-0,720.0,250.0,30.0,False,Pointer Move (unknown)
1785574731.5904698,715,280,p02-block-1-trial-3-target-0,720.0,250.0,30.0,False,Pointer Move (unknown)
1785574731.598125,715,278,p02-block-1-trial-3-target-0,720.0,250.0,30.0,False,Pointer Move (unknown)
1785574731.605681,715,274,p02-block-1-trial-3-target-0,720.0,250.0,30.0,False,Pointer Move (unknown)
1785574731.614068,715,272,p02-block-1-trial-3-target-0,720.0,250.0,30.0,False,Pointer Move (unknown)
1785574731.6222148,715,271,p02-block-1-trial-3-target-0,720.0,250.0,30.0,False,Pointer Move (unknown)
1785574731.630568,715,269,p02-block-1-trial-3-target-0,720.0,250.0,30.0,False,Pointer Move (unknown)
1785574731.638697,715,268,p02-block-1-trial-3-target-0,720.0,250.0,30.0,False,Pointer Move (unknown)
1785574731.646943,715,266,p02-block-1-trial-3-target-0,720.0,250.0,30.0,False,Pointer Move (unknown)
1785574731.654924,715,265,p02-block-1-trial-3-target-0,720.0,250.0,30.0,False,Pointer Move (unknown)
1785574731.663219,715,264,p02-block-1-trial-3-target-0,720.0,250.0,30.0,False,Pointer Move (unknown)
1785574731.670283,715,262,p02-block-1-trial-3-target-0,720.0,250.0,30.0,False,Pointer Move (unknown)
1785574731.679469,715,261,p02-block-1-trial-3-target-0,720.0,250.0,30.0,False,Pointer Move (unknown)
1785574731.687646,715,260,p02-block-1-trial-3-target-0,720.0,250.0,30.0,False,Pointer Move (unknown)
1785574731.696108,715,260,p02-block-1-trial-3-target-0,720.0,250.0,30.0,False,Pointer Move (unknown)
1785574731.703105,715,258,p02-block-1-trial-3-target-0,720.0,250.0,30.0,False,Pointer Move (unknown)
1785574731.711655,715,258,p02-block-1-trial-3-target-0,720.0,250.0,30.0,False,Pointer Move (unknown)
1785574731.718591,715,258,p02-block-1-trial-3-target-0,720.0,250.0,30.0,False,Pointer Move (unknown)
1785574731.726551,715,257,p02-block-1-trial-3-target-0,720.0,250.0,30.0,False,Pointer Move (unknown)
1785574731.744294,715,257,p02-block-1-trial-3-target-0,720.0,250.0,30.0,False,Pointer Move (unknown)
1785574731.865531,715,257,p02-block-1-trial-3-target-0,720.0,250.0,30.0,False,Pointer Move (unknown)
1785574731.890374,715,257,p02-block-1-trial-3-target-0,720.0,250.0,30.0,False,Pointer Move (unknown)
1785574731.913692,716,257,p02-block-1-trial-3-target-0,720.0,250.0,30.0,False,Pointer Move (unknown)
1785574731.952215,716,257,p02-block-1-trial-3-target-0,720.0,250.0,30.0,target_selected,target_selected
1785574732.584887,716,257,p02-block-1-trial-4-target-4,720.0,650.0,30.0,False,Pointer Move (unknown)
1785574732.641065,716,257,p02-block-1-trial-4-target-4,720.0,650.0,30.0,False,Pointer Move (unknown)
1785574732.6493728,716,258,p02-block-1-trial-4-target-4,720.0,650.0,30.0,False,Pointer Move (unknown)
1785574732.657275,716,258,p02-block-1-trial-4-target-4,720.0,650.0,30.0,False,Pointer Move (unknown)
1785574732.665482,716,258,p02-block-1-trial-4-target-4,720.0,650.0,30.0,False,Pointer Move (unknown)
1785574732.673814,716,259,p02-block-1-trial-4-target-4,720.0,650.0,30.0,False,Pointer Move (unknown)
1785574732.6815,716,259,p02-block-1-trial-4-target-4,720.0,650.0,30.0,False,Pointer Move (unknown)
1785574732.691329,716,260,p02-block-1-trial-4-target-4,720.0,650.0,30.0,False,Pointer Move (unknown)
1785574732.697651,716,261,p02-block-1-trial-4-target-4,720.0,650.0,30.0,False,Pointer Move (unknown)
1785574732.7058501,716,262,p02-block-1-trial-4-target-4,720.0,650.0,30.0,False,Pointer Move (unknown)
1785574732.7140129,716,264,p02-block-1-trial-4-target-4,720.0,650.0,30.0,False,Pointer Move (unknown)
1785574732.721914,716,268,p02-block-1-trial-4-target-4,720.0,650.0,30.0,False,Pointer Move (unknown)
1785574732.730192,716,274,p02-block-1-trial-4-target-4,720.0,650.0,30.0,False,Pointer Move (unknown)
1785574732.7376268,716,281,p02-block-1-trial-4-target-4,720.0,650.0,30.0,False,Pointer Move (unknown)
1785574732.745814,716,292,p02-block-1-trial-4-target-4,720.0,650.0,30.0,False,Pointer Move (unknown)
1785574732.754008,716,303,p02-block-1-trial-4-target-4,720.0,650.0,30.0,False,Pointer Move (unknown)
1785574732.7617831,716,320,p02-block-1-trial-4-target-4,720.0,650.0,30.0,False,Pointer Move (unknown)
1785574732.770666,716,340,p02-block-1-trial-4-target-4,720.0,650.0,30.0,False,Pointer Move (unknown)
1785574732.7788339,716,360,p02-block-1-trial-4-target-4,720.0,650.0,30.0,False,Pointer Move (unknown)
1785574732.7870479,716,381,p02-block-1-trial-4-target-4,720.0,650.0,30.0,False,Pointer Move (unknown)
1785574732.794844,716,404,p02-block-1-trial-4-target-4,720.0,650.0,30.0,False,Pointer Move (unknown)
1785574732.802799,716,428,p02-block-1-trial-4-target-4,720.0,650.0,30.0,False,Pointer Move (unknown)
1785574732.8109288,716,452,p02-block-1-trial-4-target-4,720.0,650.0,30.0,False,Pointer Move (unknown)
1785574732.819156,718,472,p02-block-1-trial-4-target-4,720.0,650.0,30.0,False,Pointer Move (unknown)
1785574732.827414,718,493,p02-block-1-trial-4-target-4,720.0,650.0,30.0,False,Pointer Move (unknown)
1785574732.835072,719,513,p02-block-1-trial-4-target-4,720.0,650.0,30.0,False,Pointer Move (unknown)
1785574732.842926,719,530,p02-block-1-trial-4-target-4,720.0,650.0,30.0,False,Pointer Move (unknown)
1785574732.851567,719,547,p02-block-1-trial-4-target-4,720.0,650.0,30.0,False,Pointer Move (unknown)
1785574732.859735,721,561,p02-block-1-trial-4-target-4,720.0,650.0,30.0,False,Pointer Move (unknown)
1785574732.867455,721,578,p02-block-1-trial-4-target-4,720.0,650.0,30.0,False,Pointer Move (unknown)
1785574732.875535,721,584,p02-block-1-trial-4-target-4,720.0,650.0,30.0,False,Pointer Move (unknown)
1785574732.884049,721,595,p02-block-1-trial-4-target-4,720.0,650.0,30.0,False,Pointer Move (unknown)
1785574732.8916109,721,607,p02-block-1-trial-4-target-4,720.0,650.0,30.0,False,Pointer Move (unknown)
1785574732.899889,721,615,p02-block-1-trial-4-target-4,720.0,650.0,30.0,False,Pointer Move (unknown)
1785574732.907872,722,622,p02-block-1-trial-4-target-4,720.0,650.0,30.0,False,Pointer Move (unknown)
1785574732.915936,722,625,p02-block-1-trial-4-target-4,720.0,650.0,30.0,False,Pointer Move (unknown)
1785574732.924042,722,628,p02-block-1-trial-4-target-4,720.0,650.0,30.0,False,Pointer Move (unknown)
1785574732.933831,723,629,p02-block-1-trial-4-target-4,720.0,650.0,30.0,False,Pointer Move (unknown)
1785574732.940306,723,631,p02-block-1-trial-4-target-4,720.0,650.0,30.0,False,Pointer Move (unknown)
1785574732.948074,723,632,p02-block-1-trial-4-target-4,720.0,650.0,30.0,False,Pointer Move (unknown)
1785574732.9566138,723,632,p02-block-1-trial-4-target-4,720.0,650.0,30.0,False,Pointer Move (unknown)
1785574732.96459,723,632,p02-block-1-trial-4-target-4,720.0,650.0,30.0,False,Pointer Move (unknown)
1785574732.989311,723,633,p02-block-1-trial-4-target-4,720.0,650.0,30.0,False,Pointer Move (unknown)
1785574733.0053911,723,633,p02-block-1-trial-4-target-4,720.0,650.0,30.0,False,Pointer Move (unknown)
1785574733.0132082,723,633,p02-block-1-trial-4-target-4,720.0,650.0,30.0,False,Pointer Move (unknown)
1785574733.021353,723,634,p02-block-1-trial-4-target-4,720.0,650.0,30.0,False,Pointer Move (unknown)
1785574733.0295238,723,634,p02-block-1-trial-4-target-4,720.0,650.0,30.0,False,Pointer Move (unknown)
1785574733.0375779,723,634,p02-block-1-trial-4-target-4,720.0,650.0,30.0,False,Pointer Move (unknown)
1785574733.0458062,723,635,p02-block-1-trial-4-target-4,720.0,650.0,30.0,False,Pointer Move (unknown)
1785574733.053963,723,637,p02-block-1-trial-4-target-4,720.0,650.0,30.0,False,Pointer Move (unknown)
1785574733.061541,723,639,p02-block-1-trial-4-target-4,720.0,650.0,30.0,False,Pointer Move (unknown)
1785574733.0701592,723,641,p02-block-1-trial-4-target-4,720.0,650.0,30.0,False,Pointer Move (unknown)
1785574733.077878,723,644,p02-block-1-trial-4-target-4,720.0,650.0,30.0,False,Pointer Move (unknown)
1785574733.086102,723,647,p02-block-1-trial-4-target-4,720.0,650.0,30.0,False,Pointer Move (unknown)
1785574733.094593,722,650,p02-block-1-trial-4-target-4,720.0,650.0,30.0,False,Pointer Move (unknown)
1785574733.1024,721,655,p02-block-1-trial-4-target-4,720.0,650.0,30.0,False,Pointer Move (unknown)
1785574733.10976,720,658,p02-block-1-trial-4-target-4,720.0,650.0,30.0,False,Pointer Move (unknown)
1785574733.11845,718,662,p02-block-1-trial-4-target-4,720.0,650.0,30.0,False,Pointer Move (unknown)
1785574733.1266098,717,664,p02-block-1-trial-4-target-4,720.0,650.0,30.0,False,Pointer Move (unknown)
1785574733.135136,716,666,p02-block-1-trial-4-target-4,720.0,650.0,30.0,False,Pointer Move (unknown)
1785574733.142103,715,667,p02-block-1-trial-4-target-4,720.0,650.0,30.0,False,Pointer Move (unknown)
1785574733.150066,714,668,p02-block-1-trial-4-target-4,720.0,650.0,30.0,False,Pointer Move (unknown)
1785574733.158941,714,668,p02-block-1-trial-4-target-4,720.0,650.0,30.0,False,Pointer Move (unknown)
1785574733.1660979,714,668,p02-block-1-trial-4-target-4,720.0,650.0,30.0,False,Pointer Move (unknown)
1785574733.174743,714,669,p02-block-1-trial-4-target-4,720.0,650.0,30.0,False,Pointer Move (unknown)
1785574733.1830459,714,669,p02-block-1-trial-4-target-4,720.0,650.0,30.0,False,Pointer Move (unknown)
1785574733.1916108,713,670,p02-block-1-trial-4-target-4,720.0,650.0,30.0,False,Pointer Move (unknown)
1785574733.199009,713,670,p02-block-1-trial-4-target-4,720.0,650.0,30.0,False,Pointer Move (unknown)
1785574733.2070138,713,670,p02-block-1-trial-4-target-4,720.0,650.0,30.0,False,Pointer Move (unknown)
1785574733.23156,713,670,p02-block-1-trial-4-target-4,720.0,650.0,30.0,False,Pointer Move (unknown)
1785574733.2479072,712,670,p02-block-1-trial-4-target-4,720.0,650.0,30.0,False,Pointer Move (unknown)
1785574733.2721212,712,670,p02-block-1-trial-4-target-4,720.0,650.0,30.0,False,Pointer Move (unknown)
1785574733.289691,712,670,p02-block-1-trial-4-target-4,720.0,650.0,30.0,False,Pointer Move (unknown)
1785574733.305255,711,670,p02-block-1-trial-4-target-4,720.0,650.0,30.0,False,Pointer Move (unknown)
1785574733.321255,711,670,p02-block-1-trial-4-target-4,720.0,650.0,30.0,False,Pointer Move (unknown)
1785574733.328814,711,670,p02-block-1-trial-4-target-4,720.0,650.0,30.0,False,Pointer Move (unknown)
1785574733.337002,710,669,p02-block-1-trial-4-target-4,720.0,650.0,30.0,False,Pointer Move (unknown)
1785574733.345033,710,669,p02-block-1-trial-4-target-4,720.0,650.0,30.0,False,Pointer Move (unknown)
1785574733.352885,709,668,p02-block-1-trial-4-target-4,720.0,650.0,30.0,False,Pointer Move (unknown)
1785574733.360918,709,667,p02-block-1-trial-4-target-4,720.0,650.0,30.0,False,Pointer Move (unknown)
1785574733.3690538,709,666,p02-block-1-trial-4-target-4,720.0,650.0,30.0,False,Pointer Move (unknown)
1785574733.3775449,708,665,p02-block-1-trial-4-target-4,720.0,650.0,30.0,False,Pointer Move (unknown)
1785574733.385341,708,664,p02-block-1-trial-4-target-4,720.0,650.0,30.0,False,Pointer Move (unknown)
1785574733.3936698,707,663,p02-block-1-trial-4-target-4,720.0,650.0,30.0,False,Pointer Move (unknown)
1785574733.401345,707,663,p02-block-1-trial-4-target-4,720.0,650.0,30.0,False,Pointer Move (unknown)
1785574733.40958,707,662,p02-block-1-trial-4-target-4,720.0,650.0,30.0,False,Pointer Move (unknown)
1785574733.426044,707,662,p02-block-1-trial-4-target-4,720.0,650.0,30.0,False,Pointer Move (unknown)
1785574733.433481,706,662,p02-block-1-trial-4-target-4,720.0,650.0,30.0,False,Pointer Move (unknown)
1785574733.449322,706,662,p02-block-1-trial-4-target-4,720.0,650.0,30.0,False,Pointer Move (unknown)
1785574733.466039,706,662,p02-block-1-trial-4-target-4,720.0,650.0,30.0,False,Pointer Move (unknown)
1785574733.481971,705,662,p02-block-1-trial-4-target-4,720.0,650.0,30.0,False,Pointer Move (unknown)
1785574733.498511,705,662,p02-block-1-trial-4-target-4,720.0,650.0,30.0,False,Pointer Move (unknown)
1785574733.522675,705,662,p02-block-1-trial-4-target-4,720.0,650.0,30.0,False,Pointer Move (unknown)
1785574733.5551202,705,662,p02-block-1-trial-4-target-4,720.0,650.0,30.0,False,Pointer Move (unknown)
1785574733.5713222,705,661,p02-block-1-trial-4-target-4,720.0,650.0,30.0,False,Pointer Move (unknown)
1785574733.601621,705,661,p02-block-1-trial-4-target-4,720.0,650.0,30.0,target_selected,target_selected
1785574734.089152,705,661,p02-block-1-trial-5-target-0,720.0,250.0,30.0,False,Pointer Move (unknown)
1785574734.557893,705,661,p02-block-1-trial-5-target-0,720.0,250.0,30.0,False,Pointer Move (unknown)
1785574735.795393,705,661,p02-block-1-trial-5-target-0,720.0,250.0,30.0,False,Pointer Move (unknown)
1785574735.803052,705,660,p02-block-1-trial-5-target-0,720.0,250.0,30.0,False,Pointer Move (unknown)
1785574735.811111,705,660,p02-block-1-trial-5-target-0,720.0,250.0,30.0,False,Pointer Move (unknown)
1785574735.8236501,705,659,p02-block-1-trial-5-target-0,720.0,250.0,30.0,False,Pointer Move (unknown)
1785574735.827273,705,658,p02-block-1-trial-5-target-0,720.0,250.0,30.0,False,Pointer Move (unknown)
1785574735.835184,705,656,p02-block-1-trial-5-target-0,720.0,250.0,30.0,False,Pointer Move (unknown)
1785574735.842923,705,655,p02-block-1-trial-5-target-0,720.0,250.0,30.0,False,Pointer Move (unknown)
1785574735.851246,705,653,p02-block-1-trial-5-target-0,720.0,250.0,30.0,False,Pointer Move (unknown)
1785574735.859251,705,651,p02-block-1-trial-5-target-0,720.0,250.0,30.0,False,Pointer Move (unknown)
1785574735.866963,705,648,p02-block-1-trial-5-target-0,720.0,250.0,30.0,False,Pointer Move (unknown)
1785574735.8754292,705,643,p02-block-1-trial-5-target-0,720.0,250.0,30.0,False,Pointer Move (unknown)
1785574735.88345,705,636,p02-block-1-trial-5-target-0,720.0,250.0,30.0,False,Pointer Move (unknown)
1785574735.89152,706,630,p02-block-1-trial-5-target-0,720.0,250.0,30.0,False,Pointer Move (unknown)
1785574735.8999412,708,621,p02-block-1-trial-5-target-0,720.0,250.0,30.0,False,Pointer Move (unknown)
1785574735.907883,711,612,p02-block-1-trial-5-target-0,720.0,250.0,30.0,False,Pointer Move (unknown)
1785574735.9158568,714,601,p02-block-1-trial-5-target-0,720.0,250.0,30.0,False,Pointer Move (unknown)
1785574735.923912,717,590,p02-block-1-trial-5-target-0,720.0,250.0,30.0,False,Pointer Move (unknown)
1785574735.932239,721,578,p02-block-1-trial-5-target-0,720.0,250.0,30.0,False,Pointer Move (unknown)
1785574735.940088,725,565,p02-block-1-trial-5-target-0,720.0,250.0,30.0,False,Pointer Move (unknown)
1785574735.947977,726,560,p02-block-1-trial-5-target-0,720.0,250.0,30.0,False,Pointer Move (unknown)
1785574735.9561589,731,549,p02-block-1-trial-5-target-0,720.0,250.0,30.0,False,Pointer Move (unknown)
1785574735.9646661,736,532,p02-block-1-trial-5-target-0,720.0,250.0,30.0,False,Pointer Move (unknown)
1785574735.972645,737,527,p02-block-1-trial-5-target-0,720.0,250.0,30.0,False,Pointer Move (unknown)
1785574735.980599,742,510,p02-block-1-trial-5-target-0,720.0,250.0,30.0,False,Pointer Move (unknown)
1785574735.98893,744,499,p02-block-1-trial-5-target-0,720.0,250.0,30.0,False,Pointer Move (unknown)
1785574735.996989,746,490,p02-block-1-trial-5-target-0,720.0,250.0,30.0,False,Pointer Move (unknown)
1785574736.0049028,749,476,p02-block-1-trial-5-target-0,720.0,250.0,30.0,False,Pointer Move (unknown)
1785574736.013145,750,462,p02-block-1-trial-5-target-0,720.0,250.0,30.0,False,Pointer Move (unknown)
1785574736.0209222,752,448,p02-block-1-trial-5-target-0,720.0,250.0,30.0,False,Pointer Move (unknown)
1785574736.02897,755,431,p02-block-1-trial-5-target-0,720.0,250.0,30.0,False,Pointer Move (unknown)
1785574736.037306,757,414,p02-block-1-trial-5-target-0,720.0,250.0,30.0,False,Pointer Move (unknown)
1785574736.045096,761,394,p02-block-1-trial-5-target-0,720.0,250.0,30.0,False,Pointer Move (unknown)
1785574736.053442,762,374,p02-block-1-trial-5-target-0,720.0,250.0,30.0,False,Pointer Move (unknown)
1785574736.0611851,766,354,p02-block-1-trial-5-target-0,720.0,250.0,30.0,False,Pointer Move (unknown)
1785574736.069443,770,337,p02-block-1-trial-5-target-0,720.0,250.0,30.0,False,Pointer Move (unknown)
1785574736.077267,771,320,p02-block-1-trial-5-target-0,720.0,250.0,30.0,False,Pointer Move (unknown)
1785574736.0857542,772,313,p02-block-1-trial-5-target-0,720.0,250.0,30.0,False,Pointer Move (unknown)
1785574736.094275,774,305,p02-block-1-trial-5-target-0,720.0,250.0,30.0,False,Pointer Move (unknown)
1785574736.102176,775,296,p02-block-1-trial-5-target-0,720.0,250.0,30.0,False,Pointer Move (unknown)
1785574736.110281,776,289,p02-block-1-trial-5-target-0,720.0,250.0,30.0,False,Pointer Move (unknown)
1785574736.118207,777,286,p02-block-1-trial-5-target-0,720.0,250.0,30.0,False,Pointer Move (unknown)
1785574736.126664,777,284,p02-block-1-trial-5-target-0,720.0,250.0,30.0,False,Pointer Move (unknown)
1785574736.1341178,777,283,p02-block-1-trial-5-target-0,720.0,250.0,30.0,False,Pointer Move (unknown)
1785574736.142272,778,282,p02-block-1-trial-5-target-0,720.0,250.0,30.0,False,Pointer Move (unknown)
1785574736.150584,778,281,p02-block-1-trial-5-target-0,720.0,250.0,30.0,False,Pointer Move (unknown)
1785574736.1666539,778,281,p02-block-1-trial-5-target-0,720.0,250.0,30.0,False,Pointer Move (unknown)
1785574736.190717,778,281,p02-block-1-trial-5-target-0,720.0,250.0,30.0,False,Pointer Move (unknown)
1785574736.207298,778,280,p02-block-1-trial-5-target-0,720.0,250.0,30.0,False,Pointer Move (unknown)
1785574736.2153568,778,280,p02-block-1-trial-5-target-0,720.0,250.0,30.0,False,Pointer Move (unknown)
1785574736.223198,776,280,p02-block-1-trial-5-target-0,720.0,250.0,30.0,False,Pointer Move (unknown)
1785574736.2314088,776,280,p02-block-1-trial-5-target-0,720.0,250.0,30.0,False,Pointer Move (unknown)
1785574736.239391,775,280,p02-block-1-trial-5-target-0,720.0,250.0,30.0,False,Pointer Move (unknown)
1785574736.247568,774,279,p02-block-1-trial-5-target-0,720.0,250.0,30.0,False,Pointer Move (unknown)
1785574736.2558668,773,279,p02-block-1-trial-5-target-0,720.0,250.0,30.0,False,Pointer Move (unknown)
1785574736.263505,772,277,p02-block-1-trial-5-target-0,720.0,250.0,30.0,False,Pointer Move (unknown)
1785574736.2719,771,276,p02-block-1-trial-5-target-0,720.0,250.0,30.0,False,Pointer Move (unknown)
1785574736.2803562,770,275,p02-block-1-trial-5-target-0,720.0,250.0,30.0,False,Pointer Move (unknown)
1785574736.289251,769,274,p02-block-1-trial-5-target-0,720.0,250.0,30.0,False,Pointer Move (unknown)
1785574736.296653,767,273,p02-block-1-trial-5-target-0,720.0,250.0,30.0,False,Pointer Move (unknown)
1785574736.3046,765,271,p02-block-1-trial-5-target-0,720.0,250.0,30.0,False,Pointer Move (unknown)
1785574736.312327,763,270,p02-block-1-trial-5-target-0,720.0,250.0,30.0,False,Pointer Move (unknown)
1785574736.320645,761,267,p02-block-1-trial-5-target-0,720.0,250.0,30.0,False,Pointer Move (unknown)
1785574736.328618,758,265,p02-block-1-trial-5-target-0,720.0,250.0,30.0,False,Pointer Move (unknown)
1785574736.336651,756,262,p02-block-1-trial-5-target-0,720.0,250.0,30.0,False,Pointer Move (unknown)
1785574736.344681,755,260,p02-block-1-trial-5-target-0,720.0,250.0,30.0,False,Pointer Move (unknown)
1785574736.352743,751,257,p02-block-1-trial-5-target-0,720.0,250.0,30.0,False,Pointer Move (unknown)
1785574736.360956,750,255,p02-block-1-trial-5-target-0,720.0,250.0,30.0,False,Pointer Move (unknown)
1785574736.3691142,748,254,p02-block-1-trial-5-target-0,720.0,250.0,30.0,False,Pointer Move (unknown)
1785574736.377117,745,252,p02-block-1-trial-5-target-0,720.0,250.0,30.0,False,Pointer Move (unknown)
1785574736.385139,744,251,p02-block-1-trial-5-target-0,720.0,250.0,30.0,False,Pointer Move (unknown)
1785574736.393224,742,249,p02-block-1-trial-5-target-0,720.0,250.0,30.0,False,Pointer Move (unknown)
1785574736.400856,740,247,p02-block-1-trial-5-target-0,720.0,250.0,30.0,False,Pointer Move (unknown)
1785574736.409086,739,246,p02-block-1-trial-5-target-0,720.0,250.0,30.0,False,Pointer Move (unknown)
1785574736.416957,737,244,p02-block-1-trial-5-target-0,720.0,250.0,30.0,False,Pointer Move (unknown)
1785574736.42532,735,242,p02-block-1-trial-5-target-0,720.0,250.0,30.0,False,Pointer Move (unknown)
1785574736.4338071,734,240,p02-block-1-trial-5-target-0,720.0,250.0,30.0,False,Pointer Move (unknown)
1785574736.441812,733,239,p02-block-1-trial-5-target-0,720.0,250.0,30.0,False,Pointer Move (unknown)
1785574736.450243,732,238,p02-block-1-trial-5-target-0,720.0,250.0,30.0,False,Pointer Move (unknown)
1785574736.4580429,730,236,p02-block-1-trial-5-target-0,720.0,250.0,30.0,False,Pointer Move (unknown)
1785574736.465918,730,235,p02-block-1-trial-5-target-0,720.0,250.0,30.0,False,Pointer Move (unknown)
1785574736.474068,729,234,p02-block-1-trial-5-target-0,720.0,250.0,30.0,False,Pointer Move (unknown)
1785574736.4821901,728,234,p02-block-1-trial-5-target-0,720.0,250.0,30.0,False,Pointer Move (unknown)
1785574736.490666,728,233,p02-block-1-trial-5-target-0,720.0,250.0,30.0,False,Pointer Move (unknown)
1785574736.4983191,728,232,p02-block-1-trial-5-target-0,720.0,250.0,30.0,False,Pointer Move (unknown)
1785574736.506952,727,232,p02-block-1-trial-5-target-0,720.0,250.0,30.0,False,Pointer Move (unknown)
1785574736.5144079,727,232,p02-block-1-trial-5-target-0,720.0,250.0,30.0,False,Pointer Move (unknown)
1785574736.523009,727,232,p02-block-1-trial-5-target-0,720.0,250.0,30.0,False,Pointer Move (unknown)
1785574736.531646,727,232,p02-block-1-trial-5-target-0,720.0,250.0,30.0,False,Pointer Move (unknown)
1785574736.538826,727,231,p02-block-1-trial-5-target-0,720.0,250.0,30.0,False,Pointer Move (unknown)
1785574736.619839,727,231,p02-block-1-trial-5-target-0,720.0,250.0,30.0,target_selected,target_selected
1785574737.1948018,727,232,p02-block-1-trial-6-target-4,720.0,650.0,30.0,False,Pointer Move (unknown)
1785574737.2020018,727,239,p02-block-1-trial-6-target-4,720.0,650.0,30.0,False,Pointer Move (unknown)
1785574737.2100952,727,245,p02-block-1-trial-6-target-4,720.0,650.0,30.0,False,Pointer Move (unknown)
1785574737.218125,727,250,p02-block-1-trial-6-target-4,720.0,650.0,30.0,False,Pointer Move (unknown)
1785574737.226194,727,264,p02-block-1-trial-6-target-4,720.0,650.0,30.0,False,Pointer Move (unknown)
1785574737.234124,727,275,p02-block-1-trial-6-target-4,720.0,650.0,30.0,False,Pointer Move (unknown)
1785574737.242379,727,286,p02-block-1-trial-6-target-4,720.0,650.0,30.0,False,Pointer Move (unknown)
1785574737.2504451,725,300,p02-block-1-trial-6-target-4,720.0,650.0,30.0,False,Pointer Move (unknown)
1785574737.258555,725,317,p02-block-1-trial-6-target-4,720.0,650.0,30.0,False,Pointer Move (unknown)
1785574737.266693,725,334,p02-block-1-trial-6-target-4,720.0,650.0,30.0,False,Pointer Move (unknown)
1785574737.275428,723,351,p02-block-1-trial-6-target-4,720.0,650.0,30.0,False,Pointer Move (unknown)
1785574737.2828128,722,371,p02-block-1-trial-6-target-4,720.0,650.0,30.0,False,Pointer Move (unknown)
1785574737.2910159,720,388,p02-block-1-trial-6-target-4,720.0,650.0,30.0,False,Pointer Move (unknown)
1785574737.29901,719,395,p02-block-1-trial-6-target-4,720.0,650.0,30.0,False,Pointer Move (unknown)
1785574737.30714,719,409,p02-block-1-trial-6-target-4,720.0,650.0,30.0,False,Pointer Move (unknown)
1785574737.315118,717,420,p02-block-1-trial-6-target-4,720.0,650.0,30.0,False,Pointer Move (unknown)
1785574737.323213,716,428,p02-block-1-trial-6-target-4,720.0,650.0,30.0,False,Pointer Move (unknown)
1785574737.33139,716,435,p02-block-1-trial-6-target-4,720.0,650.0,30.0,False,Pointer Move (unknown)
1785574737.339455,715,442,p02-block-1-trial-6-target-4,720.0,650.0,30.0,False,Pointer Move (unknown)
1785574737.3474529,715,446,p02-block-1-trial-6-target-4,720.0,650.0,30.0,False,Pointer Move (unknown)
1785574737.355561,715,450,p02-block-1-trial-6-target-4,720.0,650.0,30.0,False,Pointer Move (unknown)
1785574737.363838,715,453,p02-block-1-trial-6-target-4,720.0,650.0,30.0,False,Pointer Move (unknown)
1785574737.371758,715,456,p02-block-1-trial-6-target-4,720.0,650.0,30.0,False,Pointer Move (unknown)
1785574737.379966,715,458,p02-block-1-trial-6-target-4,720.0,650.0,30.0,False,Pointer Move (unknown)
1785574737.387777,715,460,p02-block-1-trial-6-target-4,720.0,650.0,30.0,False,Pointer Move (unknown)
1785574737.396003,715,461,p02-block-1-trial-6-target-4,720.0,650.0,30.0,False,Pointer Move (unknown)
1785574737.403918,715,462,p02-block-1-trial-6-target-4,720.0,650.0,30.0,False,Pointer Move (unknown)
1785574737.412339,715,463,p02-block-1-trial-6-target-4,720.0,650.0,30.0,False,Pointer Move (unknown)
1785574737.4205282,715,464,p02-block-1-trial-6-target-4,720.0,650.0,30.0,False,Pointer Move (unknown)
1785574737.428709,715,464,p02-block-1-trial-6-target-4,720.0,650.0,30.0,False,Pointer Move (unknown)
1785574737.4365702,715,465,p02-block-1-trial-6-target-4,720.0,650.0,30.0,False,Pointer Move (unknown)
1785574737.44448,715,465,p02-block-1-trial-6-target-4,720.0,650.0,30.0,False,Pointer Move (unknown)
1785574737.468843,715,465,p02-block-1-trial-6-target-4,720.0,650.0,30.0,False,Pointer Move (unknown)
1785574737.477796,714,465,p02-block-1-trial-6-target-4,720.0,650.0,30.0,False,Pointer Move (unknown)
1785574738.995368,714,466,p02-block-1-trial-6-target-4,720.0,650.0,30.0,False,Pointer Move (unknown)
1785574738.997951,714,475,p02-block-1-trial-6-target-4,720.0,650.0,30.0,False,Pointer Move (unknown)
1785574739.006103,714,492,p02-block-1-trial-6-target-4,720.0,650.0,30.0,False,Pointer Move (unknown)
1785574739.0136828,714,544,p02-block-1-trial-6-target-4,720.0,650.0,30.0,False,Pointer Move (unknown)
1785574739.022036,710,576,p02-block-1-trial-6-target-4,720.0,650.0,30.0,False,Pointer Move (unknown)
1785574739.0318878,710,628,p02-block-1-trial-6-target-4,720.0,650.0,30.0,False,Pointer Move (unknown)
1785574739.038594,710,652,p02-block-1-trial-6-target-4,720.0,650.0,30.0,False,Pointer Move (unknown)
1785574739.0463638,710,689,p02-block-1-trial-6-target-4,720.0,650.0,30.0,False,Pointer Move (unknown)
1785574739.0553238,710,702,p02-block-1-trial-6-target-4,720.0,650.0,30.0,False,Pointer Move (unknown)
1785574739.0627148,710,726,p02-block-1-trial-6-target-4,720.0,650.0,30.0,False,Pointer Move (unknown)
1785574739.0702631,710,747,p02-block-1-trial-6-target-4,720.0,650.0,30.0,False,Pointer Move (unknown)
1785574739.078648,710,758,p02-block-1-trial-6-target-4,720.0,650.0,30.0,False,Pointer Move (unknown)
1785574739.088264,710,766,p02-block-1-trial-6-target-4,720.0,650.0,30.0,False,Pointer Move (unknown)
1785574739.0952,710,770,p02-block-1-trial-6-target-4,720.0,650.0,30.0,False,Pointer Move (unknown)
1785574739.103401,710,772,p02-block-1-trial-6-target-4,720.0,650.0,30.0,False,Pointer Move (unknown)
1785574739.110904,710,773,p02-block-1-trial-6-target-4,720.0,650.0,30.0,False,Pointer Move (unknown)
1785574739.11845,710,774,p02-block-1-trial-6-target-4,720.0,650.0,30.0,False,Pointer Move (unknown)
1785574739.1274428,710,774,p02-block-1-trial-6-target-4,720.0,650.0,30.0,False,Pointer Move (unknown)
1785574739.1351922,710,775,p02-block-1-trial-6-target-4,720.0,650.0,30.0,False,Pointer Move (unknown)
1785574739.264478,710,774,p02-block-1-trial-6-target-4,720.0,650.0,30.0,False,Pointer Move (unknown)
1785574739.282836,710,774,p02-block-1-trial-6-target-4,720.0,650.0,30.0,False,Pointer Move (unknown)
1785574739.289336,710,774,p02-block-1-trial-6-target-4,720.0,650.0,30.0,False,Pointer Move (unknown)
1785574739.297303,711,773,p02-block-1-trial-6-target-4,720.0,650.0,30.0,False,Pointer Move (unknown)
1785574739.305347,711,773,p02-block-1-trial-6-target-4,720.0,650.0,30.0,False,Pointer Move (unknown)
1785574739.313374,711,772,p02-block-1-trial-6-target-4,720.0,650.0,30.0,False,Pointer Move (unknown)
1785574739.321253,711,770,p02-block-1-trial-6-target-4,720.0,650.0,30.0,False,Pointer Move (unknown)
1785574739.3300202,711,768,p02-block-1-trial-6-target-4,720.0,650.0,30.0,False,Pointer Move (unknown)
1785574739.337779,711,766,p02-block-1-trial-6-target-4,720.0,650.0,30.0,False,Pointer Move (unknown)
1785574739.345642,711,763,p02-block-1-trial-6-target-4,720.0,650.0,30.0,False,Pointer Move (unknown)
1785574739.353834,711,759,p02-block-1-trial-6-target-4,720.0,650.0,30.0,False,Pointer Move (unknown)
1785574739.361992,711,756,p02-block-1-trial-6-target-4,720.0,650.0,30.0,False,Pointer Move (unknown)
1785574739.369212,711,751,p02-block-1-trial-6-target-4,720.0,650.0,30.0,False,Pointer Move (unknown)
1785574739.3772612,711,748,p02-block-1-trial-6-target-4,720.0,650.0,30.0,False,Pointer Move (unknown)
1785574739.386006,711,743,p02-block-1-trial-6-target-4,720.0,650.0,30.0,False,Pointer Move (unknown)
1785574739.3945339,711,740,p02-block-1-trial-6-target-4,720.0,650.0,30.0,False,Pointer Move (unknown)
1785574739.4023418,711,735,p02-block-1-trial-6-target-4,720.0,650.0,30.0,False,Pointer Move (unknown)
1785574739.410093,711,732,p02-block-1-trial-6-target-4,720.0,650.0,30.0,False,Pointer Move (unknown)
1785574739.4188612,711,729,p02-block-1-trial-6-target-4,720.0,650.0,30.0,False,Pointer Move (unknown)
1785574739.4272609,711,727,p02-block-1-trial-6-target-4,720.0,650.0,30.0,False,Pointer Move (unknown)
1785574739.433803,711,725,p02-block-1-trial-6-target-4,720.0,650.0,30.0,False,Pointer Move (unknown)
1785574739.4417229,711,723,p02-block-1-trial-6-target-4,720.0,650.0,30.0,False,Pointer Move (unknown)
1785574739.4495559,711,722,p02-block-1-trial-6-target-4,720.0,650.0,30.0,False,Pointer Move (unknown)
1785574739.4578009,711,721,p02-block-1-trial-6-target-4,720.0,650.0,30.0,False,Pointer Move (unknown)
1785574739.466343,711,719,p02-block-1-trial-6-target-4,720.0,650.0,30.0,False,Pointer Move (unknown)
1785574739.474741,712,718,p02-block-1-trial-6-target-4,720.0,650.0,30.0,False,Pointer Move (unknown)
1785574739.4829571,712,716,p02-block-1-trial-6-target-4,720.0,650.0,30.0,False,Pointer Move (unknown)
1785574739.490743,712,715,p02-block-1-trial-6-target-4,720.0,650.0,30.0,False,Pointer Move (unknown)
1785574739.498681,713,713,p02-block-1-trial-6-target-4,720.0,650.0,30.0,False,Pointer Move (unknown)
1785574739.5068202,713,712,p02-block-1-trial-6-target-4,720.0,650.0,30.0,False,Pointer Move (unknown)
1785574739.516118,713,710,p02-block-1-trial-6-target-4,720.0,650.0,30.0,False,Pointer Move (unknown)
1785574739.523608,714,709,p02-block-1-trial-6-target-4,720.0,650.0,30.0,False,Pointer Move (unknown)
1785574739.531042,714,708,p02-block-1-trial-6-target-4,720.0,650.0,30.0,False,Pointer Move (unknown)
1785574739.539056,715,707,p02-block-1-trial-6-target-4,720.0,650.0,30.0,False,Pointer Move (unknown)
1785574739.547224,715,706,p02-block-1-trial-6-target-4,720.0,650.0,30.0,False,Pointer Move (unknown)
1785574739.555368,716,705,p02-block-1-trial-6-target-4,720.0,650.0,30.0,False,Pointer Move (unknown)
1785574739.563981,716,705,p02-block-1-trial-6-target-4,720.0,650.0,30.0,False,Pointer Move (unknown)
1785574739.572311,716,704,p02-block-1-trial-6-target-4,720.0,650.0,30.0,False,Pointer Move (unknown)
1785574739.580242,716,703,p02-block-1-trial-6-target-4,720.0,650.0,30.0,False,Pointer Move (unknown)
1785574739.587987,716,702,p02-block-1-trial-6-target-4,720.0,650.0,30.0,False,Pointer Move (unknown)
1785574739.5953238,716,701,p02-block-1-trial-6-target-4,720.0,650.0,30.0,False,Pointer Move (unknown)
1785574739.604138,716,700,p02-block-1-trial-6-target-4,720.0,650.0,30.0,False,Pointer Move (unknown)
1785574739.6124601,716,700,p02-block-1-trial-6-target-4,720.0,650.0,30.0,False,Pointer Move (unknown)
1785574739.6205592,717,699,p02-block-1-trial-6-target-4,720.0,650.0,30.0,False,Pointer Move (unknown)
1785574739.628576,717,698,p02-block-1-trial-6-target-4,720.0,650.0,30.0,False,Pointer Move (unknown)
1785574739.636588,717,697,p02-block-1-trial-6-target-4,720.0,650.0,30.0,False,Pointer Move (unknown)
1785574739.644795,717,696,p02-block-1-trial-6-target-4,720.0,650.0,30.0,False,Pointer Move (unknown)
1785574739.652979,717,695,p02-block-1-trial-6-target-4,720.0,650.0,30.0,False,Pointer Move (unknown)
1785574739.660626,717,694,p02-block-1-trial-6-target-4,720.0,650.0,30.0,False,Pointer Move (unknown)
1785574739.699332,719,687,p02-block-1-trial-6-target-4,720.0,650.0,30.0,False,Pointer Move (unknown)
1785574739.700584,719,684,p02-block-1-trial-6-target-4,720.0,650.0,30.0,False,Pointer Move (unknown)
1785574739.708608,719,682,p02-block-1-trial-6-target-4,720.0,650.0,30.0,False,Pointer Move (unknown)
1785574739.7165709,720,678,p02-block-1-trial-6-target-4,720.0,650.0,30.0,False,Pointer Move (unknown)
1785574739.7247832,721,676,p02-block-1-trial-6-target-4,720.0,650.0,30.0,False,Pointer Move (unknown)
1785574739.732816,722,674,p02-block-1-trial-6-target-4,720.0,650.0,30.0,False,Pointer Move (unknown)
1785574739.740847,722,672,p02-block-1-trial-6-target-4,720.0,650.0,30.0,False,Pointer Move (unknown)
1785574739.750349,722,671,p02-block-1-trial-6-target-4,720.0,650.0,30.0,False,Pointer Move (unknown)
1785574739.75754,723,669,p02-block-1-trial-6-target-4,720.0,650.0,30.0,False,Pointer Move (unknown)
1785574739.76598,723,668,p02-block-1-trial-6-target-4,720.0,650.0,30.0,False,Pointer Move (unknown)
1785574739.774152,723,668,p02-block-1-trial-6-target-4,720.0,650.0,30.0,False,Pointer Move (unknown)
1785574739.781675,723,667,p02-block-1-trial-6-target-4,720.0,650.0,30.0,False,Pointer Move (unknown)
1785574739.790495,723,666,p02-block-1-trial-6-target-4,720.0,650.0,30.0,False,Pointer Move (unknown)
1785574739.798323,723,666,p02-block-1-trial-6-target-4,720.0,650.0,30.0,False,Pointer Move (unknown)
1785574739.835741,723,666,p02-block-1-trial-6-target-4,720.0,650.0,30.0,target_selected,target_selected
1785574739.855188,723,666,p02-block-1-trial-7-target-0,720.0,250.0,30.0,False,Pointer Move (unknown)
1785574740.2349708,723,665,p02-block-1-trial-7-target-0,720.0,250.0,30.0,False,Pointer Move (unknown)
1785574740.2431371,723,657,p02-block-1-trial-7-target-0,720.0,250.0,30.0,False,Pointer Move (unknown)
1785574740.251481,723,646,p02-block-1-trial-7-target-0,720.0,250.0,30.0,False,Pointer Move (unknown)
1785574740.2594292,722,629,p02-block-1-trial-7-target-0,720.0,250.0,30.0,False,Pointer Move (unknown)
1785574740.26757,720,612,p02-block-1-trial-7-target-0,720.0,250.0,30.0,False,Pointer Move (unknown)
1785574740.2754612,718,595,p02-block-1-trial-7-target-0,720.0,250.0,30.0,False,Pointer Move (unknown)
1785574740.283684,718,575,p02-block-1-trial-7-target-0,720.0,250.0,30.0,False,Pointer Move (unknown)
1785574740.292043,717,558,p02-block-1-trial-7-target-0,720.0,250.0,30.0,False,Pointer Move (unknown)
1785574740.299501,717,537,p02-block-1-trial-7-target-0,720.0,250.0,30.0,False,Pointer Move (unknown)
1785574740.308117,717,517,p02-block-1-trial-7-target-0,720.0,250.0,30.0,False,Pointer Move (unknown)
1785574740.315619,717,500,p02-block-1-trial-7-target-0,720.0,250.0,30.0,False,Pointer Move (unknown)
1785574740.323838,717,480,p02-block-1-trial-7-target-0,720.0,250.0,30.0,False,Pointer Move (unknown)
1785574740.332143,717,460,p02-block-1-trial-7-target-0,720.0,250.0,30.0,False,Pointer Move (unknown)
1785574740.340201,717,440,p02-block-1-trial-7-target-0,720.0,250.0,30.0,False,Pointer Move (unknown)
1785574740.348094,717,420,p02-block-1-trial-7-target-0,720.0,250.0,30.0,False,Pointer Move (unknown)
1785574740.3562298,717,399,p02-block-1-trial-7-target-0,720.0,250.0,30.0,False,Pointer Move (unknown)
1785574740.3646772,717,379,p02-block-1-trial-7-target-0,720.0,250.0,30.0,False,Pointer Move (unknown)
1785574740.372947,717,359,p02-block-1-trial-7-target-0,720.0,250.0,30.0,False,Pointer Move (unknown)
1785574740.38079,717,342,p02-block-1-trial-7-target-0,720.0,250.0,30.0,False,Pointer Move (unknown)
1785574740.388624,717,337,p02-block-1-trial-7-target-0,720.0,250.0,30.0,False,Pointer Move (unknown)
1785574740.3970711,717,323,p02-block-1-trial-7-target-0,720.0,250.0,30.0,False,Pointer Move (unknown)
1785574740.405175,717,312,p02-block-1-trial-7-target-0,720.0,250.0,30.0,False,Pointer Move (unknown)
1785574740.413206,717,305,p02-block-1-trial-7-target-0,720.0,250.0,30.0,False,Pointer Move (unknown)
1785574740.421539,717,299,p02-block-1-trial-7-target-0,720.0,250.0,30.0,False,Pointer Move (unknown)
1785574740.429522,717,292,p02-block-1-trial-7-target-0,720.0,250.0,30.0,False,Pointer Move (unknown)
1785574740.4372349,717,287,p02-block-1-trial-7-target-0,720.0,250.0,30.0,False,Pointer Move (unknown)
1785574740.445322,717,284,p02-block-1-trial-7-target-0,720.0,250.0,30.0,False,Pointer Move (unknown)
1785574740.453414,717,281,p02-block-1-trial-7-target-0,720.0,250.0,30.0,False,Pointer Move (unknown)
1785574740.466626,717,278,p02-block-1-trial-7-target-0,720.0,250.0,30.0,False,Pointer Move (unknown)
1785574740.4688709,717,274,p02-block-1-trial-7-target-0,720.0,250.0,30.0,False,Pointer Move (unknown)
1785574740.4772868,717,271,p02-block-1-trial-7-target-0,720.0,250.0,30.0,False,Pointer Move (unknown)
1785574740.48535,717,268,p02-block-1-trial-7-target-0,720.0,250.0,30.0,False,Pointer Move (unknown)
1785574740.4950342,717,263,p02-block-1-trial-7-target-0,720.0,250.0,30.0,False,Pointer Move (unknown)
1785574740.502166,718,260,p02-block-1-trial-7-target-0,720.0,250.0,30.0,False,Pointer Move (unknown)
1785574740.5102131,719,256,p02-block-1-trial-7-target-0,720.0,250.0,30.0,False,Pointer Move (unknown)
1785574740.518071,720,253,p02-block-1-trial-7-target-0,720.0,250.0,30.0,False,Pointer Move (unknown)
1785574740.52607,721,250,p02-block-1-trial-7-target-0,720.0,250.0,30.0,False,Pointer Move (unknown)
1785574740.53398,721,248,p02-block-1-trial-7-target-0,720.0,250.0,30.0,False,Pointer Move (unknown)
1785574740.542141,722,246,p02-block-1-trial-7-target-0,720.0,250.0,30.0,False,Pointer Move (unknown)
1785574740.550598,723,244,p02-block-1-trial-7-target-0,720.0,250.0,30.0,False,Pointer Move (unknown)
1785574740.558191,723,243,p02-block-1-trial-7-target-0,720.0,250.0,30.0,False,Pointer Move (unknown)
1785574740.566516,723,242,p02-block-1-trial-7-target-0,720.0,250.0,30.0,False,Pointer Move (unknown)
1785574740.574573,724,241,p02-block-1-trial-7-target-0,720.0,250.0,30.0,False,Pointer Move (unknown)
1785574740.582928,724,240,p02-block-1-trial-7-target-0,720.0,250.0,30.0,False,Pointer Move (unknown)
1785574740.5912588,724,239,p02-block-1-trial-7-target-0,720.0,250.0,30.0,False,Pointer Move (unknown)
1785574740.598367,724,239,p02-block-1-trial-7-target-0,720.0,250.0,30.0,False,Pointer Move (unknown)
1785574740.608191,725,239,p02-block-1-trial-7-target-0,720.0,250.0,30.0,False,Pointer Move (unknown)
1785574740.6156192,725,238,p02-block-1-trial-7-target-0,720.0,250.0,30.0,False,Pointer Move (unknown)
1785574740.622504,725,238,p02-block-1-trial-7-target-0,720.0,250.0,30.0,False,Pointer Move (unknown)
1785574740.631016,725,238,p02-block-1-trial-7-target-0,720.0,250.0,30.0,False,Pointer Move (unknown)
1785574740.6398919,725,238,p02-block-1-trial-7-target-0,720.0,250.0,30.0,False,Pointer Move (unknown)
1785574740.7346728,725,238,p02-block-1-trial-7-target-0,720.0,250.0,30.0,target_selected,target_selected
1785574741.1264472,725,238,p02-block-1-trial-8-target-4,720.0,650.0,30.0,False,Pointer Move (unknown)
1785574741.1329122,725,245,p02-block-1-trial-8-target-4,720.0,650.0,30.0,False,Pointer Move (unknown)
1785574741.1408901,725,254,p02-block-1-trial-8-target-4,720.0,650.0,30.0,False,Pointer Move (unknown)
1785574741.149185,725,271,p02-block-1-trial-8-target-4,720.0,650.0,30.0,False,Pointer Move (unknown)
1785574741.156953,725,291,p02-block-1-trial-8-target-4,720.0,650.0,30.0,False,Pointer Move (unknown)
1785574741.1648881,725,315,p02-block-1-trial-8-target-4,720.0,650.0,30.0,False,Pointer Move (unknown)
1785574741.172884,725,343,p02-block-1-trial-8-target-4,720.0,650.0,30.0,False,Pointer Move (unknown)
1785574741.181112,725,370,p02-block-1-trial-8-target-4,720.0,650.0,30.0,False,Pointer Move (unknown)
1785574741.190149,725,402,p02-block-1-trial-8-target-4,720.0,650.0,30.0,False,Pointer Move (unknown)
1785574741.1982028,723,426,p02-block-1-trial-8-target-4,720.0,650.0,30.0,False,Pointer Move (unknown)
1785574741.206094,723,435,p02-block-1-trial-8-target-4,720.0,650.0,30.0,False,Pointer Move (unknown)
1785574741.213321,720,455,p02-block-1-trial-8-target-4,720.0,650.0,30.0,False,Pointer Move (unknown)
1785574741.221052,718,469,p02-block-1-trial-8-target-4,720.0,650.0,30.0,False,Pointer Move (unknown)
1785574741.230166,717,483,p02-block-1-trial-8-target-4,720.0,650.0,30.0,False,Pointer Move (unknown)
1785574741.2376251,715,492,p02-block-1-trial-8-target-4,720.0,650.0,30.0,False,Pointer Move (unknown)
1785574741.245387,714,498,p02-block-1-trial-8-target-4,720.0,650.0,30.0,False,Pointer Move (unknown)
1785574741.253155,713,505,p02-block-1-trial-8-target-4,720.0,650.0,30.0,False,Pointer Move (unknown)
1785574741.261666,712,510,p02-block-1-trial-8-target-4,720.0,650.0,30.0,False,Pointer Move (unknown)
1785574741.2698371,712,513,p02-block-1-trial-8-target-4,720.0,650.0,30.0,False,Pointer Move (unknown)
1785574741.277964,712,516,p02-block-1-trial-8-target-4,720.0,650.0,30.0,False,Pointer Move (unknown)
1785574741.2856681,711,518,p02-block-1-trial-8-target-4,720.0,650.0,30.0,False,Pointer Move (unknown)
1785574741.293569,711,520,p02-block-1-trial-8-target-4,720.0,650.0,30.0,False,Pointer Move (unknown)
1785574741.302325,711,522,p02-block-1-trial-8-target-4,720.0,650.0,30.0,False,Pointer Move (unknown)
1785574741.3100202,711,524,p02-block-1-trial-8-target-4,720.0,650.0,30.0,False,Pointer Move (unknown)
1785574741.319268,711,525,p02-block-1-trial-8-target-4,720.0,650.0,30.0,False,Pointer Move (unknown)
1785574741.32589,711,526,p02-block-1-trial-8-target-4,720.0,650.0,30.0,False,Pointer Move (unknown)
1785574741.334474,711,528,p02-block-1-trial-8-target-4,720.0,650.0,30.0,False,Pointer Move (unknown)
1785574741.342829,711,528,p02-block-1-trial-8-target-4,720.0,650.0,30.0,False,Pointer Move (unknown)
1785574741.350697,711,528,p02-block-1-trial-8-target-4,720.0,650.0,30.0,False,Pointer Move (unknown)
1785574741.359355,711,529,p02-block-1-trial-8-target-4,720.0,650.0,30.0,False,Pointer Move (unknown)
1785574741.36682,711,529,p02-block-1-trial-8-target-4,720.0,650.0,30.0,False,Pointer Move (unknown)
1785574741.37474,711,530,p02-block-1-trial-8-target-4,720.0,650.0,30.0,False,Pointer Move (unknown)
1785574741.383449,711,531,p02-block-1-trial-8-target-4,720.0,650.0,30.0,False,Pointer Move (unknown)
1785574741.391341,711,532,p02-block-1-trial-8-target-4,720.0,650.0,30.0,False,Pointer Move (unknown)
1785574741.400416,711,534,p02-block-1-trial-8-target-4,720.0,650.0,30.0,False,Pointer Move (unknown)
1785574741.406977,711,536,p02-block-1-trial-8-target-4,720.0,650.0,30.0,False,Pointer Move (unknown)
1785574741.416517,711,538,p02-block-1-trial-8-target-4,720.0,650.0,30.0,False,Pointer Move (unknown)
1785574741.424839,711,541,p02-block-1-trial-8-target-4,720.0,650.0,30.0,False,Pointer Move (unknown)
1785574741.4313102,711,545,p02-block-1-trial-8-target-4,720.0,650.0,30.0,False,Pointer Move (unknown)
1785574741.441149,711,548,p02-block-1-trial-8-target-4,720.0,650.0,30.0,False,Pointer Move (unknown)
1785574741.4482958,712,551,p02-block-1-trial-8-target-4,720.0,650.0,30.0,False,Pointer Move (unknown)
1785574741.455408,712,553,p02-block-1-trial-8-target-4,720.0,650.0,30.0,False,Pointer Move (unknown)
1785574741.4634628,713,556,p02-block-1-trial-8-target-4,720.0,650.0,30.0,False,Pointer Move (unknown)
1785574741.473513,713,558,p02-block-1-trial-8-target-4,720.0,650.0,30.0,False,Pointer Move (unknown)
1785574741.481049,714,562,p02-block-1-trial-8-target-4,720.0,650.0,30.0,False,Pointer Move (unknown)
1785574741.487815,714,564,p02-block-1-trial-8-target-4,720.0,650.0,30.0,False,Pointer Move (unknown)
1785574741.496537,714,567,p02-block-1-trial-8-target-4,720.0,650.0,30.0,False,Pointer Move (unknown)
1785574741.504575,715,570,p02-block-1-trial-8-target-4,720.0,650.0,30.0,False,Pointer Move (unknown)
1785574741.512157,715,572,p02-block-1-trial-8-target-4,720.0,650.0,30.0,False,Pointer Move (unknown)
1785574741.5204601,716,575,p02-block-1-trial-8-target-4,720.0,650.0,30.0,False,Pointer Move (unknown)
1785574741.529065,716,579,p02-block-1-trial-8-target-4,720.0,650.0,30.0,False,Pointer Move (unknown)
1785574741.537018,716,582,p02-block-1-trial-8-target-4,720.0,650.0,30.0,False,Pointer Move (unknown)
1785574741.545265,717,585,p02-block-1-trial-8-target-4,720.0,650.0,30.0,False,Pointer Move (unknown)
1785574741.5547268,717,588,p02-block-1-trial-8-target-4,720.0,650.0,30.0,False,Pointer Move (unknown)
1785574741.560788,718,593,p02-block-1-trial-8-target-4,720.0,650.0,30.0,False,Pointer Move (unknown)
1785574741.5697632,719,596,p02-block-1-trial-8-target-4,720.0,650.0,30.0,False,Pointer Move (unknown)
1785574741.578152,720,600,p02-block-1-trial-8-target-4,720.0,650.0,30.0,False,Pointer Move (unknown)
1785574741.584605,720,603,p02-block-1-trial-8-target-4,720.0,650.0,30.0,False,Pointer Move (unknown)
1785574741.594409,721,606,p02-block-1-trial-8-target-4,720.0,650.0,30.0,False,Pointer Move (unknown)
1785574741.601697,721,609,p02-block-1-trial-8-target-4,720.0,650.0,30.0,False,Pointer Move (unknown)
1785574741.608623,722,611,p02-block-1-trial-8-target-4,720.0,650.0,30.0,False,Pointer Move (unknown)
1785574741.616975,723,613,p02-block-1-trial-8-target-4,720.0,650.0,30.0,False,Pointer Move (unknown)
1785574741.625521,723,617,p02-block-1-trial-8-target-4,720.0,650.0,30.0,False,Pointer Move (unknown)
1785574741.6333172,723,619,p02-block-1-trial-8-target-4,720.0,650.0,30.0,False,Pointer Move (unknown)
1785574741.641144,724,621,p02-block-1-trial-8-target-4,720.0,650.0,30.0,False,Pointer Move (unknown)
1785574741.6492338,725,622,p02-block-1-trial-8-target-4,720.0,650.0,30.0,False,Pointer Move (unknown)
1785574741.658539,725,624,p02-block-1-trial-8-target-4,720.0,650.0,30.0,False,Pointer Move (unknown)
1785574741.666482,726,626,p02-block-1-trial-8-target-4,720.0,650.0,30.0,False,Pointer Move (unknown)
1785574741.6749802,727,628,p02-block-1-trial-8-target-4,720.0,650.0,30.0,False,Pointer Move (unknown)
1785574741.68272,727,629,p02-block-1-trial-8-target-4,720.0,650.0,30.0,False,Pointer Move (unknown)
1785574741.6904771,727,631,p02-block-1-trial-8-target-4,720.0,650.0,30.0,False,Pointer Move (unknown)
1785574741.6992698,728,632,p02-block-1-trial-8-target-4,720.0,650.0,30.0,False,Pointer Move (unknown)
1785574741.706859,728,632,p02-block-1-trial-8-target-4,720.0,650.0,30.0,False,Pointer Move (unknown)
1785574741.714802,728,633,p02-block-1-trial-8-target-4,720.0,650.0,30.0,False,Pointer Move (unknown)
1785574741.722964,728,634,p02-block-1-trial-8-target-4,720.0,650.0,30.0,False,Pointer Move (unknown)
1785574741.731652,728,634,p02-block-1-trial-8-target-4,720.0,650.0,30.0,False,Pointer Move (unknown)
1785574741.7390132,728,634,p02-block-1-trial-8-target-4,720.0,650.0,30.0,False,Pointer Move (unknown)
1785574741.7473931,728,635,p02-block-1-trial-8-target-4,720.0,650.0,30.0,False,Pointer Move (unknown)
1785574741.755169,728,635,p02-block-1-trial-8-target-4,720.0,650.0,30.0,False,Pointer Move (unknown)
1785574741.7630699,728,636,p02-block-1-trial-8-target-4,720.0,650.0,30.0,False,Pointer Move (unknown)
1785574741.779444,728,636,p02-block-1-trial-8-target-4,720.0,650.0,30.0,False,Pointer Move (unknown)
1785574741.795829,728,636,p02-block-1-trial-8-target-4,720.0,650.0,30.0,False,Pointer Move (unknown)
1785574741.811795,728,637,p02-block-1-trial-8-target-4,720.0,650.0,30.0,False,Pointer Move (unknown)
1785574741.820769,728,637,p02-block-1-trial-8-target-4,720.0,650.0,30.0,False,Pointer Move (unknown)
1785574741.851634,728,637,p02-block-1-trial-8-target-4,720.0,650.0,30.0,target_selected,target_selected
1785574741.869993,728,637,p02-block-1-trial-9-target-0,720.0,250.0,30.0,False,Pointer Move (unknown)
1785574742.2327008,728,637,p02-block-1-trial-9-target-0,720.0,250.0,30.0,False,Pointer Move (unknown)
1785574742.241121,728,632,p02-block-1-trial-9-target-0,720.0,250.0,30.0,False,Pointer Move (unknown)
1785574742.2486541,728,625,p02-block-1-trial-9-target-0,720.0,250.0,30.0,False,Pointer Move (unknown)
1785574742.256212,728,616,p02-block-1-trial-9-target-0,720.0,250.0,30.0,False,Pointer Move (unknown)
1785574742.263932,728,602,p02-block-1-trial-9-target-0,720.0,250.0,30.0,False,Pointer Move (unknown)
1785574742.272029,728,591,p02-block-1-trial-9-target-0,720.0,250.0,30.0,False,Pointer Move (unknown)
1785574742.2800791,728,574,p02-block-1-trial-9-target-0,720.0,250.0,30.0,False,Pointer Move (unknown)
1785574742.288747,728,557,p02-block-1-trial-9-target-0,720.0,250.0,30.0,False,Pointer Move (unknown)
1785574742.2970188,728,544,p02-block-1-trial-9-target-0,720.0,250.0,30.0,False,Pointer Move (unknown)
1785574742.30493,729,539,p02-block-1-trial-9-target-0,720.0,250.0,30.0,False,Pointer Move (unknown)
1785574742.313351,731,515,p02-block-1-trial-9-target-0,720.0,250.0,30.0,False,Pointer Move (unknown)
1785574742.321331,732,510,p02-block-1-trial-9-target-0,720.0,250.0,30.0,False,Pointer Move (unknown)
1785574742.3293571,733,499,p02-block-1-trial-9-target-0,720.0,250.0,30.0,False,Pointer Move (unknown)
1785574742.337376,735,482,p02-block-1-trial-9-target-0,720.0,250.0,30.0,False,Pointer Move (unknown)
1785574742.345162,736,477,p02-block-1-trial-9-target-0,720.0,250.0,30.0,False,Pointer Move (unknown)
1785574742.353089,738,461,p02-block-1-trial-9-target-0,720.0,250.0,30.0,False,Pointer Move (unknown)
1785574742.3611672,738,452,p02-block-1-trial-9-target-0,720.0,250.0,30.0,False,Pointer Move (unknown)
1785574742.369052,738,443,p02-block-1-trial-9-target-0,720.0,250.0,30.0,False,Pointer Move (unknown)
1785574742.377285,738,438,p02-block-1-trial-9-target-0,720.0,250.0,30.0,False,Pointer Move (unknown)
1785574742.385559,738,429,p02-block-1-trial-9-target-0,720.0,250.0,30.0,False,Pointer Move (unknown)
1785574742.39379,738,421,p02-block-1-trial-9-target-0,720.0,250.0,30.0,False,Pointer Move (unknown)
1785574742.401949,738,412,p02-block-1-trial-9-target-0,720.0,250.0,30.0,False,Pointer Move (unknown)
1785574742.409825,739,403,p02-block-1-trial-9-target-0,720.0,250.0,30.0,False,Pointer Move (unknown)
1785574742.4180522,739,397,p02-block-1-trial-9-target-0,720.0,250.0,30.0,False,Pointer Move (unknown)
1785574742.425987,739,388,p02-block-1-trial-9-target-0,720.0,250.0,30.0,False,Pointer Move (unknown)
1785574742.43352,739,383,p02-block-1-trial-9-target-0,720.0,250.0,30.0,False,Pointer Move (unknown)
1785574742.4423912,739,374,p02-block-1-trial-9-target-0,720.0,250.0,30.0,False,Pointer Move (unknown)
1785574742.450282,739,368,p02-block-1-trial-9-target-0,720.0,250.0,30.0,False,Pointer Move (unknown)
1785574742.458391,740,363,p02-block-1-trial-9-target-0,720.0,250.0,30.0,False,Pointer Move (unknown)
1785574742.467374,740,358,p02-block-1-trial-9-target-0,720.0,250.0,30.0,False,Pointer Move (unknown)
1785574742.474839,740,353,p02-block-1-trial-9-target-0,720.0,250.0,30.0,False,Pointer Move (unknown)
1785574742.482513,741,350,p02-block-1-trial-9-target-0,720.0,250.0,30.0,False,Pointer Move (unknown)
1785574742.490434,741,347,p02-block-1-trial-9-target-0,720.0,250.0,30.0,False,Pointer Move (unknown)
1785574742.498131,741,344,p02-block-1-trial-9-target-0,720.0,250.0,30.0,False,Pointer Move (unknown)
1785574742.5063648,741,342,p02-block-1-trial-9-target-0,720.0,250.0,30.0,False,Pointer Move (unknown)
1785574742.514465,742,338,p02-block-1-trial-9-target-0,720.0,250.0,30.0,False,Pointer Move (unknown)
1785574742.522366,742,336,p02-block-1-trial-9-target-0,720.0,250.0,30.0,False,Pointer Move (unknown)
1785574742.530421,742,333,p02-block-1-trial-9-target-0,720.0,250.0,30.0,False,Pointer Move (unknown)
1785574742.5385752,743,330,p02-block-1-trial-9-target-0,720.0,250.0,30.0,False,Pointer Move (unknown)
1785574742.5474381,743,327,p02-block-1-trial-9-target-0,720.0,250.0,30.0,False,Pointer Move (unknown)
1785574742.555367,744,323,p02-block-1-trial-9-target-0,720.0,250.0,30.0,False,Pointer Move (unknown)
1785574742.563617,744,320,p02-block-1-trial-9-target-0,720.0,250.0,30.0,False,Pointer Move (unknown)
1785574742.5716312,744,317,p02-block-1-trial-9-target-0,720.0,250.0,30.0,False,Pointer Move (unknown)
1785574742.579339,744,310,p02-block-1-trial-9-target-0,720.0,250.0,30.0,False,Pointer Move (unknown)
1785574742.587766,744,301,p02-block-1-trial-9-target-0,720.0,250.0,30.0,False,Pointer Move (unknown)
1785574742.596298,744,295,p02-block-1-trial-9-target-0,720.0,250.0,30.0,False,Pointer Move (unknown)
1785574742.6043441,744,286,p02-block-1-trial-9-target-0,720.0,250.0,30.0,False,Pointer Move (unknown)
1785574742.612502,744,275,p02-block-1-trial-9-target-0,720.0,250.0,30.0,False,Pointer Move (unknown)
1785574742.620398,744,272,p02-block-1-trial-9-target-0,720.0,250.0,30.0,False,Pointer Move (unknown)
1785574742.627915,744,263,p02-block-1-trial-9-target-0,720.0,250.0,30.0,False,Pointer Move (unknown)
1785574742.636578,744,256,p02-block-1-trial-9-target-0,720.0,250.0,30.0,False,Pointer Move (unknown)
1785574742.6445582,745,250,p02-block-1-trial-9-target-0,720.0,250.0,30.0,False,Pointer Move (unknown)
1785574742.6540859,745,245,p02-block-1-trial-9-target-0,720.0,250.0,30.0,False,Pointer Move (unknown)
1785574742.661084,745,242,p02-block-1-trial-9-target-0,720.0,250.0,30.0,False,Pointer Move (unknown)
1785574742.669177,745,240,p02-block-1-trial-9-target-0,720.0,250.0,30.0,False,Pointer Move (unknown)
1785574742.677402,745,239,p02-block-1-trial-9-target-0,720.0,250.0,30.0,False,Pointer Move (unknown)
1785574742.6843781,745,238,p02-block-1-trial-9-target-0,720.0,250.0,30.0,False,Pointer Move (unknown)
1785574742.6925771,745,236,p02-block-1-trial-9-target-0,720.0,250.0,30.0,False,Pointer Move (unknown)
1785574742.701599,745,236,p02-block-1-trial-9-target-0,720.0,250.0,30.0,False,Pointer Move (unknown)
1785574742.70908,745,236,p02-block-1-trial-9-target-0,720.0,250.0,30.0,False,Pointer Move (unknown)
1785574742.717098,745,235,p02-block-1-trial-9-target-0,720.0,250.0,30.0,False,Pointer Move (unknown)
1785574742.733987,745,235,p02-block-1-trial-9-target-0,720.0,250.0,30.0,False,Pointer Move (unknown)
1785574742.749992,745,235,p02-block-1-trial-9-target-0,720.0,250.0,30.0,False,Pointer Move (unknown)
1785574742.84682,745,235,p02-block-1-trial-9-target-0,720.0,250.0,30.0,False,Pointer Move (unknown)
1785574742.885067,745,235,p02-block-1-trial-9-target-0,720.0,250.0,30.0,target_selected,target_selected
1785574742.894484,745,235,p02-block-1-trial-10-target-4,720.0,650.0,30.0,False,Pointer Move (unknown)
1785574743.1633039,745,235,p02-block-1-trial-10-target-4,720.0,650.0,30.0,False,Pointer Move (unknown)
1785574743.170239,745,252,p02-block-1-trial-10-target-4,720.0,650.0,30.0,False,Pointer Move (unknown)
1785574743.178147,745,276,p02-block-1-trial-10-target-4,720.0,650.0,30.0,False,Pointer Move (unknown)
1785574743.18618,742,308,p02-block-1-trial-10-target-4,720.0,650.0,30.0,False,Pointer Move (unknown)
1785574743.194205,742,329,p02-block-1-trial-10-target-4,720.0,650.0,30.0,False,Pointer Move (unknown)
1785574743.2033541,740,359,p02-block-1-trial-10-target-4,720.0,650.0,30.0,False,Pointer Move (unknown)
1785574743.2104561,735,396,p02-block-1-trial-10-target-4,720.0,650.0,30.0,False,Pointer Move (unknown)
1785574743.21877,728,466,p02-block-1-trial-10-target-4,720.0,650.0,30.0,False,Pointer Move (unknown)
1785574743.227026,723,508,p02-block-1-trial-10-target-4,720.0,650.0,30.0,False,Pointer Move (unknown)
1785574743.234933,719,540,p02-block-1-trial-10-target-4,720.0,650.0,30.0,False,Pointer Move (unknown)
1785574743.2422452,717,557,p02-block-1-trial-10-target-4,720.0,650.0,30.0,False,Pointer Move (unknown)
1785574743.25058,712,589,p02-block-1-trial-10-target-4,720.0,650.0,30.0,False,Pointer Move (unknown)
1785574743.258395,706,617,p02-block-1-trial-10-target-4,720.0,650.0,30.0,False,Pointer Move (unknown)
1785574743.267468,700,641,p02-block-1-trial-10-target-4,720.0,650.0,30.0,False,Pointer Move (unknown)
1785574743.275542,694,665,p02-block-1-trial-10-target-4,720.0,650.0,30.0,False,Pointer Move (unknown)
1785574743.284657,684,686,p02-block-1-trial-10-target-4,720.0,650.0,30.0,False,Pointer Move (unknown)
1785574743.291688,683,693,p02-block-1-trial-10-target-4,720.0,650.0,30.0,False,Pointer Move (unknown)
1785574743.299883,680,704,p02-block-1-trial-10-target-4,720.0,650.0,30.0,False,Pointer Move (unknown)
1785574743.307641,676,713,p02-block-1-trial-10-target-4,720.0,650.0,30.0,False,Pointer Move (unknown)
1785574743.3161511,674,720,p02-block-1-trial-10-target-4,720.0,650.0,30.0,False,Pointer Move (unknown)
1785574743.324508,672,726,p02-block-1-trial-10-target-4,720.0,650.0,30.0,False,Pointer Move (unknown)
1785574743.332551,671,728,p02-block-1-trial-10-target-4,720.0,650.0,30.0,False,Pointer Move (unknown)
1785574743.3406389,671,730,p02-block-1-trial-10-target-4,720.0,650.0,30.0,False,Pointer Move (unknown)
1785574743.3488011,670,731,p02-block-1-trial-10-target-4,720.0,650.0,30.0,False,Pointer Move (unknown)
1785574743.3567622,670,732,p02-block-1-trial-10-target-4,720.0,650.0,30.0,False,Pointer Move (unknown)
1785574743.3648589,669,732,p02-block-1-trial-10-target-4,720.0,650.0,30.0,False,Pointer Move (unknown)
1785574743.372959,669,733,p02-block-1-trial-10-target-4,720.0,650.0,30.0,False,Pointer Move (unknown)
1785574743.380949,669,733,p02-block-1-trial-10-target-4,720.0,650.0,30.0,False,Pointer Move (unknown)
1785574743.4616032,669,733,p02-block-1-trial-10-target-4,720.0,650.0,30.0,False,Pointer Move (unknown)
1785574743.4697971,669,732,p02-block-1-trial-10-target-4,720.0,650.0,30.0,False,Pointer Move (unknown)
1785574743.477437,670,732,p02-block-1-trial-10-target-4,720.0,650.0,30.0,False,Pointer Move (unknown)
1785574743.485344,670,731,p02-block-1-trial-10-target-4,720.0,650.0,30.0,False,Pointer Move (unknown)
1785574743.493522,670,731,p02-block-1-trial-10-target-4,720.0,650.0,30.0,False,Pointer Move (unknown)
1785574743.501641,671,731,p02-block-1-trial-10-target-4,720.0,650.0,30.0,False,Pointer Move (unknown)
1785574743.5099032,671,730,p02-block-1-trial-10-target-4,720.0,650.0,30.0,False,Pointer Move (unknown)
1785574743.517992,672,730,p02-block-1-trial-10-target-4,720.0,650.0,30.0,False,Pointer Move (unknown)
1785574743.5261598,673,729,p02-block-1-trial-10-target-4,720.0,650.0,30.0,False,Pointer Move (unknown)
1785574743.5340958,676,726,p02-block-1-trial-10-target-4,720.0,650.0,30.0,False,Pointer Move (unknown)
1785574743.541787,680,723,p02-block-1-trial-10-target-4,720.0,650.0,30.0,False,Pointer Move (unknown)
1785574743.550148,682,721,p02-block-1-trial-10-target-4,720.0,650.0,30.0,False,Pointer Move (unknown)
1785574743.558107,686,718,p02-block-1-trial-10-target-4,720.0,650.0,30.0,False,Pointer Move (unknown)
1785574743.5663931,690,714,p02-block-1-trial-10-target-4,720.0,650.0,30.0,False,Pointer Move (unknown)
1785574743.574718,694,711,p02-block-1-trial-10-target-4,720.0,650.0,30.0,False,Pointer Move (unknown)
1785574743.582398,696,708,p02-block-1-trial-10-target-4,720.0,650.0,30.0,False,Pointer Move (unknown)
1785574743.590493,700,705,p02-block-1-trial-10-target-4,720.0,650.0,30.0,False,Pointer Move (unknown)
1785574743.598506,703,701,p02-block-1-trial-10-target-4,720.0,650.0,30.0,False,Pointer Move (unknown)
1785574743.606834,706,698,p02-block-1-trial-10-target-4,720.0,650.0,30.0,False,Pointer Move (unknown)
1785574743.6415548,712,692,p02-block-1-trial-10-target-4,720.0,650.0,30.0,False,Pointer Move (unknown)
1785574743.6471832,713,691,p02-block-1-trial-10-target-4,720.0,650.0,30.0,False,Pointer Move (unknown)
1785574743.6547651,714,689,p02-block-1-trial-10-target-4,720.0,650.0,30.0,False,Pointer Move (unknown)
1785574743.6639118,715,687,p02-block-1-trial-10-target-4,720.0,650.0,30.0,False,Pointer Move (unknown)
1785574743.67192,716,686,p02-block-1-trial-10-target-4,720.0,650.0,30.0,False,Pointer Move (unknown)
1785574743.679879,716,685,p02-block-1-trial-10-target-4,720.0,650.0,30.0,False,Pointer Move (unknown)
1785574743.687218,717,684,p02-block-1-trial-10-target-4,720.0,650.0,30.0,False,Pointer Move (unknown)
1785574743.696531,718,683,p02-block-1-trial-10-target-4,720.0,650.0,30.0,False,Pointer Move (unknown)
1785574743.703893,719,682,p02-block-1-trial-10-target-4,720.0,650.0,30.0,False,Pointer Move (unknown)
1785574743.71228,719,681,p02-block-1-trial-10-target-4,720.0,650.0,30.0,False,Pointer Move (unknown)
1785574743.7206988,720,681,p02-block-1-trial-10-target-4,720.0,650.0,30.0,False,Pointer Move (unknown)
1785574743.728458,720,680,p02-block-1-trial-10-target-4,720.0,650.0,30.0,False,Pointer Move (unknown)
1785574743.736871,721,679,p02-block-1-trial-10-target-4,720.0,650.0,30.0,False,Pointer Move (unknown)
1785574743.744833,721,679,p02-block-1-trial-10-target-4,720.0,650.0,30.0,False,Pointer Move (unknown)
1785574743.7529442,721,679,p02-block-1-trial-10-target-4,720.0,650.0,30.0,False,Pointer Move (unknown)
1785574743.760755,721,678,p02-block-1-trial-10-target-4,720.0,650.0,30.0,False,Pointer Move (unknown)
1785574743.769005,721,678,p02-block-1-trial-10-target-4,720.0,650.0,30.0,False,Pointer Move (unknown)
1785574743.776936,721,677,p02-block-1-trial-10-target-4,720.0,650.0,30.0,False,Pointer Move (unknown)
1785574743.785453,722,677,p02-block-1-trial-10-target-4,720.0,650.0,30.0,False,Pointer Move (unknown)
1785574743.801184,722,677,p02-block-1-trial-10-target-4,720.0,650.0,30.0,False,Pointer Move (unknown)
1785574743.816975,722,676,p02-block-1-trial-10-target-4,720.0,650.0,30.0,False,Pointer Move (unknown)
1785574743.833196,722,676,p02-block-1-trial-10-target-4,720.0,650.0,30.0,False,Pointer Move (unknown)
1785574743.841111,722,676,p02-block-1-trial-10-target-4,720.0,650.0,30.0,False,Pointer Move (unknown)
1785574743.8576362,722,675,p02-block-1-trial-10-target-4,720.0,650.0,30.0,False,Pointer Move (unknown)
1785574743.884654,722,675,p02-block-1-trial-10-target-4,720.0,650.0,30.0,target_selected,target_selected
1785574744.2301629,722,675,p02-block-1-trial-11-target-0,720.0,250.0,30.0,False,Pointer Move (unknown)
1785574744.239072,722,666,p02-block-1-trial-11-target-0,720.0,250.0,30.0,False,Pointer Move (unknown)
1785574744.2465541,722,652,p02-block-1-trial-11-target-0,720.0,250.0,30.0,False,Pointer Move (unknown)
1785574744.254785,720,635,p02-block-1-trial-11-target-0,720.0,250.0,30.0,False,Pointer Move (unknown)
1785574744.262893,715,615,p02-block-1-trial-11-target-0,720.0,250.0,30.0,False,Pointer Move (unknown)
1785574744.270829,711,591,p02-block-1-trial-11-target-0,720.0,250.0,30.0,False,Pointer Move (unknown)
1785574744.278099,709,571,p02-block-1-trial-11-target-0,720.0,250.0,30.0,False,Pointer Move (unknown)
1785574744.286268,705,547,p02-block-1-trial-11-target-0,720.0,250.0,30.0,False,Pointer Move (unknown)
1785574744.294719,701,527,p02-block-1-trial-11-target-0,720.0,250.0,30.0,False,Pointer Move (unknown)
1785574744.303211,699,507,p02-block-1-trial-11-target-0,720.0,250.0,30.0,False,Pointer Move (unknown)
1785574744.310922,698,490,p02-block-1-trial-11-target-0,720.0,250.0,30.0,False,Pointer Move (unknown)
1785574744.318929,698,476,p02-block-1-trial-11-target-0,720.0,250.0,30.0,False,Pointer Move (unknown)
1785574744.3271859,697,471,p02-block-1-trial-11-target-0,720.0,250.0,30.0,False,Pointer Move (unknown)
1785574744.3351848,697,457,p02-block-1-trial-11-target-0,720.0,250.0,30.0,False,Pointer Move (unknown)
1785574744.3432078,695,448,p02-block-1-trial-11-target-0,720.0,250.0,30.0,False,Pointer Move (unknown)
1785574744.35132,695,440,p02-block-1-trial-11-target-0,720.0,250.0,30.0,False,Pointer Move (unknown)
1785574744.3589911,694,433,p02-block-1-trial-11-target-0,720.0,250.0,30.0,False,Pointer Move (unknown)
1785574744.367231,694,426,p02-block-1-trial-11-target-0,720.0,250.0,30.0,False,Pointer Move (unknown)
1785574744.3752692,693,422,p02-block-1-trial-11-target-0,720.0,250.0,30.0,False,Pointer Move (unknown)
1785574744.3836071,693,418,p02-block-1-trial-11-target-0,720.0,250.0,30.0,False,Pointer Move (unknown)
1785574744.391159,692,415,p02-block-1-trial-11-target-0,720.0,250.0,30.0,False,Pointer Move (unknown)
1785574744.400477,691,410,p02-block-1-trial-11-target-0,720.0,250.0,30.0,False,Pointer Move (unknown)
1785574744.408053,691,407,p02-block-1-trial-11-target-0,720.0,250.0,30.0,False,Pointer Move (unknown)
1785574744.4155982,691,402,p02-block-1-trial-11-target-0,720.0,250.0,30.0,False,Pointer Move (unknown)
1785574744.423799,691,397,p02-block-1-trial-11-target-0,720.0,250.0,30.0,False,Pointer Move (unknown)
1785574744.431466,691,393,p02-block-1-trial-11-target-0,720.0,250.0,30.0,False,Pointer Move (unknown)
1785574744.439611,690,388,p02-block-1-trial-11-target-0,720.0,250.0,30.0,False,Pointer Move (unknown)
1785574744.447695,690,381,p02-block-1-trial-11-target-0,720.0,250.0,30.0,False,Pointer Move (unknown)
1785574744.456673,689,376,p02-block-1-trial-11-target-0,720.0,250.0,30.0,False,Pointer Move (unknown)
1785574744.4654,689,370,p02-block-1-trial-11-target-0,720.0,250.0,30.0,False,Pointer Move (unknown)
1785574744.472673,689,365,p02-block-1-trial-11-target-0,720.0,250.0,30.0,False,Pointer Move (unknown)
1785574744.480556,689,358,p02-block-1-trial-11-target-0,720.0,250.0,30.0,False,Pointer Move (unknown)
1785574744.4894211,689,354,p02-block-1-trial-11-target-0,720.0,250.0,30.0,False,Pointer Move (unknown)
1785574744.496537,689,350,p02-block-1-trial-11-target-0,720.0,250.0,30.0,False,Pointer Move (unknown)
1785574744.5044448,689,347,p02-block-1-trial-11-target-0,720.0,250.0,30.0,False,Pointer Move (unknown)
1785574744.512577,689,344,p02-block-1-trial-11-target-0,720.0,250.0,30.0,False,Pointer Move (unknown)
1785574744.52112,689,342,p02-block-1-trial-11-target-0,720.0,250.0,30.0,False,Pointer Move (unknown)
1785574744.529464,689,340,p02-block-1-trial-11-target-0,720.0,250.0,30.0,False,Pointer Move (unknown)
1785574744.5375261,689,339,p02-block-1-trial-11-target-0,720.0,250.0,30.0,False,Pointer Move (unknown)
1785574744.544522,689,337,p02-block-1-trial-11-target-0,720.0,250.0,30.0,False,Pointer Move (unknown)
1785574744.553053,689,336,p02-block-1-trial-11-target-0,720.0,250.0,30.0,False,Pointer Move (unknown)
1785574744.561197,689,334,p02-block-1-trial-11-target-0,720.0,250.0,30.0,False,Pointer Move (unknown)
1785574744.569428,689,332,p02-block-1-trial-11-target-0,720.0,250.0,30.0,False,Pointer Move (unknown)
1785574744.5779462,689,330,p02-block-1-trial-11-target-0,720.0,250.0,30.0,False,Pointer Move (unknown)
1785574744.585651,689,326,p02-block-1-trial-11-target-0,720.0,250.0,30.0,False,Pointer Move (unknown)
1785574744.5931442,689,323,p02-block-1-trial-11-target-0,720.0,250.0,30.0,False,Pointer Move (unknown)
1785574744.602017,690,320,p02-block-1-trial-11-target-0,720.0,250.0,30.0,False,Pointer Move (unknown)
1785574744.610421,692,315,p02-block-1-trial-11-target-0,720.0,250.0,30.0,False,Pointer Move (unknown)
1785574744.618405,693,312,p02-block-1-trial-11-target-0,720.0,250.0,30.0,False,Pointer Move (unknown)
1785574744.6270049,695,307,p02-block-1-trial-11-target-0,720.0,250.0,30.0,False,Pointer Move (unknown)
1785574744.635048,696,304,p02-block-1-trial-11-target-0,720.0,250.0,30.0,False,Pointer Move (unknown)
1785574744.642186,697,301,p02-block-1-trial-11-target-0,720.0,250.0,30.0,False,Pointer Move (unknown)
1785574744.650101,698,297,p02-block-1-trial-11-target-0,720.0,250.0,30.0,False,Pointer Move (unknown)
1785574744.6583822,699,295,p02-block-1-trial-11-target-0,720.0,250.0,30.0,False,Pointer Move (unknown)
1785574744.666156,700,292,p02-block-1-trial-11-target-0,720.0,250.0,30.0,False,Pointer Move (unknown)
1785574744.6741078,701,290,p02-block-1-trial-11-target-0,720.0,250.0,30.0,False,Pointer Move (unknown)
1785574744.6820831,702,288,p02-block-1-trial-11-target-0,720.0,250.0,30.0,False,Pointer Move (unknown)
1785574744.690135,702,287,p02-block-1-trial-11-target-0,720.0,250.0,30.0,False,Pointer Move (unknown)
1785574744.698255,703,285,p02-block-1-trial-11-target-0,720.0,250.0,30.0,False,Pointer Move (unknown)
1785574744.7063282,703,284,p02-block-1-trial-11-target-0,720.0,250.0,30.0,False,Pointer Move (unknown)
1785574744.714447,704,283,p02-block-1-trial-11-target-0,720.0,250.0,30.0,False,Pointer Move (unknown)
1785574744.7224479,704,282,p02-block-1-trial-11-target-0,720.0,250.0,30.0,False,Pointer Move (unknown)
1785574744.7312262,705,281,p02-block-1-trial-11-target-0,720.0,250.0,30.0,False,Pointer Move (unknown)
1785574744.740884,705,280,p02-block-1-trial-11-target-0,720.0,250.0,30.0,False,Pointer Move (unknown)
1785574744.7477288,706,278,p02-block-1-trial-11-target-0,720.0,250.0,30.0,False,Pointer Move (unknown)
1785574744.75562,707,277,p02-block-1-trial-11-target-0,720.0,250.0,30.0,False,Pointer Move (unknown)
1785574744.763304,707,276,p02-block-1-trial-11-target-0,720.0,250.0,30.0,False,Pointer Move (unknown)
1785574744.77126,708,275,p02-block-1-trial-11-target-0,720.0,250.0,30.0,False,Pointer Move (unknown)
1785574744.7793941,708,274,p02-block-1-trial-11-target-0,720.0,250.0,30.0,False,Pointer Move (unknown)
1785574744.7871208,709,272,p02-block-1-trial-11-target-0,720.0,250.0,30.0,False,Pointer Move (unknown)
1785574744.795964,709,270,p02-block-1-trial-11-target-0,720.0,250.0,30.0,False,Pointer Move (unknown)
1785574744.8033102,710,269,p02-block-1-trial-11-target-0,720.0,250.0,30.0,False,Pointer Move (unknown)
1785574744.811584,710,269,p02-block-1-trial-11-target-0,720.0,250.0,30.0,False,Pointer Move (unknown)
1785574744.820632,710,268,p02-block-1-trial-11-target-0,720.0,250.0,30.0,False,Pointer Move (unknown)
1785574744.8284118,711,268,p02-block-1-trial-11-target-0,720.0,250.0,30.0,False,Pointer Move (unknown)
1785574744.837315,711,267,p02-block-1-trial-11-target-0,720.0,250.0,30.0,False,Pointer Move (unknown)
1785574744.84393,712,267,p02-block-1-trial-11-target-0,720.0,250.0,30.0,False,Pointer Move (unknown)
1785574744.852006,712,266,p02-block-1-trial-11-target-0,720.0,250.0,30.0,False,Pointer Move (unknown)
1785574744.860886,712,265,p02-block-1-trial-11-target-0,720.0,250.0,30.0,False,Pointer Move (unknown)
1785574744.868165,712,265,p02-block-1-trial-11-target-0,720.0,250.0,30.0,False,Pointer Move (unknown)
1785574744.8763678,712,265,p02-block-1-trial-11-target-0,720.0,250.0,30.0,False,Pointer Move (unknown)
1785574744.8842099,713,264,p02-block-1-trial-11-target-0,720.0,250.0,30.0,False,Pointer Move (unknown)
1785574744.892184,713,264,p02-block-1-trial-11-target-0,720.0,250.0,30.0,False,Pointer Move (unknown)
1785574744.9006479,713,264,p02-block-1-trial-11-target-0,720.0,250.0,30.0,False,Pointer Move (unknown)
1785574744.908905,713,263,p02-block-1-trial-11-target-0,720.0,250.0,30.0,False,Pointer Move (unknown)
1785574744.916762,713,263,p02-block-1-trial-11-target-0,720.0,250.0,30.0,False,Pointer Move (unknown)
1785574744.9335349,714,263,p02-block-1-trial-11-target-0,720.0,250.0,30.0,False,Pointer Move (unknown)
1785574744.941967,714,262,p02-block-1-trial-11-target-0,720.0,250.0,30.0,False,Pointer Move (unknown)
1785574745.001936,714,262,p02-block-1-trial-11-target-0,720.0,250.0,30.0,target_selected,target_selected
1785574745.451624,714,263,p02-block-1-trial-12-target-4,720.0,650.0,30.0,False,Pointer Move (unknown)
1785574745.459233,714,272,p02-block-1-trial-12-target-4,720.0,650.0,30.0,False,Pointer Move (unknown)
1785574745.468246,714,285,p02-block-1-trial-12-target-4,720.0,650.0,30.0,False,Pointer Move (unknown)
1785574745.476192,717,306,p02-block-1-trial-12-target-4,720.0,650.0,30.0,False,Pointer Move (unknown)
1785574745.4833338,719,323,p02-block-1-trial-12-target-4,720.0,650.0,30.0,False,Pointer Move (unknown)
1785574745.4968379,724,364,p02-block-1-trial-12-target-4,720.0,650.0,30.0,False,Pointer Move (unknown)
1785574745.4994571,727,406,p02-block-1-trial-12-target-4,720.0,650.0,30.0,False,Pointer Move (unknown)
1785574745.507593,729,426,p02-block-1-trial-12-target-4,720.0,650.0,30.0,False,Pointer Move (unknown)
1785574745.515553,731,467,p02-block-1-trial-12-target-4,720.0,650.0,30.0,False,Pointer Move (unknown)
1785574745.52418,731,504,p02-block-1-trial-12-target-4,720.0,650.0,30.0,False,Pointer Move (unknown)
1785574745.531896,731,536,p02-block-1-trial-12-target-4,720.0,650.0,30.0,False,Pointer Move (unknown)
1785574745.5399501,731,564,p02-block-1-trial-12-target-4,720.0,650.0,30.0,False,Pointer Move (unknown)
1785574745.549462,731,591,p02-block-1-trial-12-target-4,720.0,650.0,30.0,False,Pointer Move (unknown)
1785574745.556284,731,612,p02-block-1-trial-12-target-4,720.0,650.0,30.0,False,Pointer Move (unknown)
1785574745.5647922,731,632,p02-block-1-trial-12-target-4,720.0,650.0,30.0,False,Pointer Move (unknown)
1785574745.572725,731,649,p02-block-1-trial-12-target-4,720.0,650.0,30.0,False,Pointer Move (unknown)
1785574745.579938,731,655,p02-block-1-trial-12-target-4,720.0,650.0,30.0,False,Pointer Move (unknown)
1785574745.5891771,731,667,p02-block-1-trial-12-target-4,720.0,650.0,30.0,False,Pointer Move (unknown)
1785574745.596469,731,675,p02-block-1-trial-12-target-4,720.0,650.0,30.0,False,Pointer Move (unknown)
1785574745.604671,731,684,p02-block-1-trial-12-target-4,720.0,650.0,30.0,False,Pointer Move (unknown)
1785574745.6128619,731,689,p02-block-1-trial-12-target-4,720.0,650.0,30.0,False,Pointer Move (unknown)
1785574745.620629,731,694,p02-block-1-trial-12-target-4,720.0,650.0,30.0,False,Pointer Move (unknown)
1785574745.629173,731,696,p02-block-1-trial-12-target-4,720.0,650.0,30.0,False,Pointer Move (unknown)
1785574745.637548,732,698,p02-block-1-trial-12-target-4,720.0,650.0,30.0,False,Pointer Move (unknown)
1785574745.645437,732,699,p02-block-1-trial-12-target-4,720.0,650.0,30.0,False,Pointer Move (unknown)
1785574745.653675,732,700,p02-block-1-trial-12-target-4,720.0,650.0,30.0,False,Pointer Move (unknown)
1785574745.6612968,732,700,p02-block-1-trial-12-target-4,720.0,650.0,30.0,False,Pointer Move (unknown)
1785574745.66959,732,701,p02-block-1-trial-12-target-4,720.0,650.0,30.0,False,Pointer Move (unknown)
1785574745.863669,732,701,p02-block-1-trial-12-target-4,720.0,650.0,30.0,False,Pointer Move (unknown)
1785574745.872041,732,701,p02-block-1-trial-12-target-4,720.0,650.0,30.0,False,Pointer Move (unknown)
1785574745.8800588,731,700,p02-block-1-trial-12-target-4,720.0,650.0,30.0,False,Pointer Move (unknown)
1785574745.889251,731,698,p02-block-1-trial-12-target-4,720.0,650.0,30.0,False,Pointer Move (unknown)
1785574745.895631,730,696,p02-block-1-trial-12-target-4,720.0,650.0,30.0,False,Pointer Move (unknown)
1785574745.903316,729,693,p02-block-1-trial-12-target-4,720.0,650.0,30.0,False,Pointer Move (unknown)
1785574745.9115741,729,691,p02-block-1-trial-12-target-4,720.0,650.0,30.0,False,Pointer Move (unknown)
1785574745.9203541,729,688,p02-block-1-trial-12-target-4,720.0,650.0,30.0,False,Pointer Move (unknown)
1785574745.9278731,728,686,p02-block-1-trial-12-target-4,720.0,650.0,30.0,False,Pointer Move (unknown)
1785574745.936299,728,684,p02-block-1-trial-12-target-4,720.0,650.0,30.0,False,Pointer Move (unknown)
1785574745.944578,728,682,p02-block-1-trial-12-target-4,720.0,650.0,30.0,False,Pointer Move (unknown)
1785574745.952826,728,680,p02-block-1-trial-12-target-4,720.0,650.0,30.0,False,Pointer Move (unknown)
1785574745.960791,728,680,p02-block-1-trial-12-target-4,720.0,650.0,30.0,False,Pointer Move (unknown)
1785574745.968338,728,678,p02-block-1-trial-12-target-4,720.0,650.0,30.0,False,Pointer Move (unknown)
1785574745.977025,728,678,p02-block-1-trial-12-target-4,720.0,650.0,30.0,False,Pointer Move (unknown)
1785574745.984576,728,678,p02-block-1-trial-12-target-4,720.0,650.0,30.0,False,Pointer Move (unknown)
1785574745.993,728,677,p02-block-1-trial-12-target-4,720.0,650.0,30.0,False,Pointer Move (unknown)
1785574746.0006669,728,677,p02-block-1-trial-12-target-4,720.0,650.0,30.0,False,Pointer Move (unknown)
1785574746.017248,728,677,p02-block-1-trial-12-target-4,720.0,650.0,30.0,False,Pointer Move (unknown)
1785574746.024996,728,676,p02-block-1-trial-12-target-4,720.0,650.0,30.0,False,Pointer Move (unknown)
1785574746.0411258,728,676,p02-block-1-trial-12-target-4,720.0,650.0,30.0,False,Pointer Move (unknown)
1785574746.049029,728,676,p02-block-1-trial-12-target-4,720.0,650.0,30.0,False,Pointer Move (unknown)
1785574746.057108,728,675,p02-block-1-trial-12-target-4,720.0,650.0,30.0,False,Pointer Move (unknown)
1785574746.065017,728,674,p02-block-1-trial-12-target-4,720.0,650.0,30.0,False,Pointer Move (unknown)
1785574746.073335,728,674,p02-block-1-trial-12-target-4,720.0,650.0,30.0,False,Pointer Move (unknown)
1785574746.081675,727,673,p02-block-1-trial-12-target-4,720.0,650.0,30.0,False,Pointer Move (unknown)
1785574746.0898418,727,672,p02-block-1-trial-12-target-4,720.0,650.0,30.0,False,Pointer Move (unknown)
1785574746.0974998,727,671,p02-block-1-trial-12-target-4,720.0,650.0,30.0,False,Pointer Move (unknown)
1785574746.1058502,727,669,p02-block-1-trial-12-target-4,720.0,650.0,30.0,False,Pointer Move (unknown)
1785574746.114243,726,669,p02-block-1-trial-12-target-4,720.0,650.0,30.0,False,Pointer Move (unknown)
1785574746.121973,726,668,p02-block-1-trial-12-target-4,720.0,650.0,30.0,False,Pointer Move (unknown)
1785574746.130429,726,667,p02-block-1-trial-12-target-4,720.0,650.0,30.0,False,Pointer Move (unknown)
1785574746.138537,725,666,p02-block-1-trial-12-target-4,720.0,650.0,30.0,False,Pointer Move (unknown)
1785574746.14622,725,665,p02-block-1-trial-12-target-4,720.0,650.0,30.0,False,Pointer Move (unknown)
1785574746.154326,725,665,p02-block-1-trial-12-target-4,720.0,650.0,30.0,False,Pointer Move (unknown)
1785574746.162008,724,663,p02-block-1-trial-12-target-4,720.0,650.0,30.0,False,Pointer Move (unknown)
1785574746.170103,724,663,p02-block-1-trial-12-target-4,720.0,650.0,30.0,False,Pointer Move (unknown)
1785574746.1782882,724,662,p02-block-1-trial-12-target-4,720.0,650.0,30.0,False,Pointer Move (unknown)
1785574746.186477,724,662,p02-block-1-trial-12-target-4,720.0,650.0,30.0,False,Pointer Move (unknown)
1785574746.194457,724,661,p02-block-1-trial-12-target-4,720.0,650.0,30.0,False,Pointer Move (unknown)
1785574746.203676,723,661,p02-block-1-trial-12-target-4,720.0,650.0,30.0,False,Pointer Move (unknown)
1785574746.2196438,723,661,p02-block-1-trial-12-target-4,720.0,650.0,30.0,False,Pointer Move (unknown)
1785574746.236286,723,661,p02-block-1-trial-12-target-4,720.0,650.0,30.0,False,Pointer Move (unknown)
1785574746.260104,722,661,p02-block-1-trial-12-target-4,720.0,650.0,30.0,False,Pointer Move (unknown)
1785574746.292502,722,661,p02-block-1-trial-12-target-4,720.0,650.0,30.0,False,Pointer Move (unknown)
1785574746.332809,722,661,p02-block-1-trial-12-target-4,720.0,650.0,30.0,False,Pointer Move (unknown)
1785574746.373457,721,661,p02-block-1-trial-12-target-4,720.0,650.0,30.0,False,Pointer Move (unknown)
1785574746.575457,721,661,p02-block-1-trial-12-target-4,720.0,650.0,30.0,False,Pointer Move (unknown)
1785574746.6561742,721,661,p02-block-1-trial-12-target-4,720.0,650.0,30.0,False,Pointer Move (unknown)
1785574746.866268,721,661,p02-block-1-trial-12-target-4,720.0,650.0,30.0,False,Pointer Move (unknown)
1785574746.914979,721,661,p02-block-1-trial-12-target-4,720.0,650.0,30.0,False,Pointer Move (unknown)
1785574746.947316,720,661,p02-block-1-trial-12-target-4,720.0,650.0,30.0,False,Pointer Move (unknown)
1785574746.979798,720,661,p02-block-1-trial-12-target-4,720.0,650.0,30.0,False,Pointer Move (unknown)
1785574747.2148,720,661,p02-block-1-trial-12-target-4,720.0,650.0,30.0,False,Pointer Move (unknown)
1785574747.238625,720,661,p02-block-1-trial-12-target-4,720.0,650.0,30.0,False,Pointer Move (unknown)
1785574747.262721,719,661,p02-block-1-trial-12-target-4,720.0,650.0,30.0,False,Pointer Move (unknown)
1785574747.29536,719,661,p02-block-1-trial-12-target-4,720.0,650.0,30.0,False,Pointer Move (unknown)
1785574747.37593,719,661,p02-block-1-trial-12-target-4,720.0,650.0,30.0,False,Pointer Move (unknown)
1785574747.42535,718,661,p02-block-1-trial-12-target-4,720.0,650.0,30.0,False,Pointer Move (unknown)
1785574747.4641972,718,661,p02-block-1-trial-12-target-4,720.0,650.0,30.0,False,Pointer Move (unknown)
1785574747.496408,718,661,p02-block-1-trial-12-target-4,720.0,650.0,30.0,False,Pointer Move (unknown)
1785574747.5048902,718,661,p02-block-1-trial-12-target-4,720.0,650.0,30.0,False,Pointer Move (unknown)
1785574747.512362,718,660,p02-block-1-trial-12-target-4,720.0,650.0,30.0,False,Pointer Move (unknown)
1785574747.5208042,718,660,p02-block-1-trial-12-target-4,720.0,650.0,30.0,False,Pointer Move (unknown)
1785574747.528877,718,660,p02-block-1-trial-12-target-4,720.0,650.0,30.0,False,Pointer Move (unknown)
1785574747.5370162,718,658,p02-block-1-trial-12-target-4,720.0,650.0,30.0,False,Pointer Move (unknown)
1785574747.545184,717,658,p02-block-1-trial-12-target-4,720.0,650.0,30.0,False,Pointer Move (unknown)
1785574747.5527658,717,658,p02-block-1-trial-12-target-4,720.0,650.0,30.0,False,Pointer Move (unknown)
1785574747.561101,717,658,p02-block-1-trial-12-target-4,720.0,650.0,30.0,False,Pointer Move (unknown)
1785574747.577352,716,657,p02-block-1-trial-12-target-4,720.0,650.0,30.0,False,Pointer Move (unknown)
1785574747.586299,716,657,p02-block-1-trial-12-target-4,720.0,650.0,30.0,False,Pointer Move (unknown)
1785574747.594212,716,657,p02-block-1-trial-12-target-4,720.0,650.0,30.0,False,Pointer Move (unknown)
1785574747.6025631,716,657,p02-block-1-trial-12-target-4,720.0,650.0,30.0,False,Pointer Move (unknown)
1785574747.611237,715,656,p02-block-1-trial-12-target-4,720.0,650.0,30.0,False,Pointer Move (unknown)
1785574747.6183622,715,656,p02-block-1-trial-12-target-4,720.0,650.0,30.0,False,Pointer Move (unknown)
1785574747.6264052,715,655,p02-block-1-trial-12-target-4,720.0,650.0,30.0,False,Pointer Move (unknown)
1785574747.634445,714,655,p02-block-1-trial-12-target-4,720.0,650.0,30.0,False,Pointer Move (unknown)
1785574747.6428318,714,655,p02-block-1-trial-12-target-4,720.0,650.0,30.0,False,Pointer Move (unknown)
1785574747.651409,713,655,p02-block-1-trial-12-target-4,720.0,650.0,30.0,False,Pointer Move (unknown)
1785574747.6582289,712,654,p02-block-1-trial-12-target-4,720.0,650.0,30.0,False,Pointer Move (unknown)
1785574747.666265,711,654,p02-block-1-trial-12-target-4,720.0,650.0,30.0,False,Pointer Move (unknown)
1785574747.6755798,711,653,p02-block-1-trial-12-target-4,720.0,650.0,30.0,False,Pointer Move (unknown)
1785574747.6829708,711,653,p02-block-1-trial-12-target-4,720.0,650.0,30.0,False,Pointer Move (unknown)
1785574747.6916401,709,652,p02-block-1-trial-12-target-4,720.0,650.0,30.0,False,Pointer Move (unknown)
1785574747.699274,709,652,p02-block-1-trial-12-target-4,720.0,650.0,30.0,False,Pointer Move (unknown)
1785574747.706673,708,651,p02-block-1-trial-12-target-4,720.0,650.0,30.0,False,Pointer Move (unknown)
1785574747.715301,708,651,p02-block-1-trial-12-target-4,720.0,650.0,30.0,False,Pointer Move (unknown)
1785574747.723676,707,650,p02-block-1-trial-12-target-4,720.0,650.0,30.0,False,Pointer Move (unknown)
1785574747.731762,706,650,p02-block-1-trial-12-target-4,720.0,650.0,30.0,False,Pointer Move (unknown)
1785574747.7402072,706,650,p02-block-1-trial-12-target-4,720.0,650.0,30.0,False,Pointer Move (unknown)
1785574747.7479758,706,649,p02-block-1-trial-12-target-4,720.0,650.0,30.0,False,Pointer Move (unknown)
1785574747.7554638,705,649,p02-block-1-trial-12-target-4,720.0,650.0,30.0,False,Pointer Move (unknown)
1785574747.7633438,705,648,p02-block-1-trial-12-target-4,720.0,650.0,30.0,False,Pointer Move (unknown)
1785574747.7718122,705,648,p02-block-1-trial-12-target-4,720.0,650.0,30.0,False,Pointer Move (unknown)
1785574747.9030132,705,648,p02-block-1-trial-12-target-4,720.0,650.0,30.0,target_selected,target_selected
1785574748.363415,705,648,p02-block-1-trial-13-target-0,720.0,250.0,30.0,False,Pointer Move (unknown)
1785574748.3713129,705,643,p02-block-1-trial-13-target-0,720.0,250.0,30.0,False,Pointer Move (unknown)
1785574748.379304,705,639,p02-block-1-trial-13-target-0,720.0,250.0,30.0,False,Pointer Move (unknown)
1785574748.387464,705,625,p02-block-1-trial-13-target-0,720.0,250.0,30.0,False,Pointer Move (unknown)
1785574748.395475,705,608,p02-block-1-trial-13-target-0,720.0,250.0,30.0,False,Pointer Move (unknown)
1785574748.403441,705,571,p02-block-1-trial-13-target-0,720.0,250.0,30.0,False,Pointer Move (unknown)
1785574748.4113972,705,539,p02-block-1-trial-13-target-0,720.0,250.0,30.0,False,Pointer Move (unknown)
1785574748.4190762,703,502,p02-block-1-trial-13-target-0,720.0,250.0,30.0,False,Pointer Move (unknown)
1785574748.4279208,701,486,p02-block-1-trial-13-target-0,720.0,250.0,30.0,False,Pointer Move (unknown)
1785574748.4354408,698,449,p02-block-1-trial-13-target-0,720.0,250.0,30.0,False,Pointer Move (unknown)
1785574748.4436622,698,421,p02-block-1-trial-13-target-0,720.0,250.0,30.0,False,Pointer Move (unknown)
1785574748.4518101,696,393,p02-block-1-trial-13-target-0,720.0,250.0,30.0,False,Pointer Move (unknown)
1785574748.459847,696,385,p02-block-1-trial-13-target-0,720.0,250.0,30.0,False,Pointer Move (unknown)
1785574748.468719,696,368,p02-block-1-trial-13-target-0,720.0,250.0,30.0,False,Pointer Move (unknown)
1785574748.476513,696,356,p02-block-1-trial-13-target-0,720.0,250.0,30.0,False,Pointer Move (unknown)
1785574748.484492,696,348,p02-block-1-trial-13-target-0,720.0,250.0,30.0,False,Pointer Move (unknown)
1785574748.4924889,696,341,p02-block-1-trial-13-target-0,720.0,250.0,30.0,False,Pointer Move (unknown)
1785574748.5006678,696,336,p02-block-1-trial-13-target-0,720.0,250.0,30.0,False,Pointer Move (unknown)
1785574748.5086799,696,333,p02-block-1-trial-13-target-0,720.0,250.0,30.0,False,Pointer Move (unknown)
1785574748.516742,696,330,p02-block-1-trial-13-target-0,720.0,250.0,30.0,False,Pointer Move (unknown)
1785574748.52429,696,328,p02-block-1-trial-13-target-0,720.0,250.0,30.0,False,Pointer Move (unknown)
1785574748.532695,696,326,p02-block-1-trial-13-target-0,720.0,250.0,30.0,False,Pointer Move (unknown)
1785574748.540695,696,324,p02-block-1-trial-13-target-0,720.0,250.0,30.0,False,Pointer Move (unknown)
1785574748.548358,696,322,p02-block-1-trial-13-target-0,720.0,250.0,30.0,False,Pointer Move (unknown)
1785574748.5561001,695,321,p02-block-1-trial-13-target-0,720.0,250.0,30.0,False,Pointer Move (unknown)
1785574748.564233,695,319,p02-block-1-trial-13-target-0,720.0,250.0,30.0,False,Pointer Move (unknown)
1785574748.572256,695,317,p02-block-1-trial-13-target-0,720.0,250.0,30.0,False,Pointer Move (unknown)
1785574748.580333,695,315,p02-block-1-trial-13-target-0,720.0,250.0,30.0,False,Pointer Move (unknown)
1785574748.588212,694,313,p02-block-1-trial-13-target-0,720.0,250.0,30.0,False,Pointer Move (unknown)
1785574748.59626,694,311,p02-block-1-trial-13-target-0,720.0,250.0,30.0,False,Pointer Move (unknown)
1785574748.6046321,694,307,p02-block-1-trial-13-target-0,720.0,250.0,30.0,False,Pointer Move (unknown)
1785574748.6127858,694,305,p02-block-1-trial-13-target-0,720.0,250.0,30.0,False,Pointer Move (unknown)
1785574748.620977,694,302,p02-block-1-trial-13-target-0,720.0,250.0,30.0,False,Pointer Move (unknown)
1785574748.6287,694,300,p02-block-1-trial-13-target-0,720.0,250.0,30.0,False,Pointer Move (unknown)
1785574748.637045,694,298,p02-block-1-trial-13-target-0,720.0,250.0,30.0,False,Pointer Move (unknown)
1785574748.646281,693,295,p02-block-1-trial-13-target-0,720.0,250.0,30.0,False,Pointer Move (unknown)
1785574748.6541681,693,293,p02-block-1-trial-13-target-0,720.0,250.0,30.0,False,Pointer Move (unknown)
1785574748.662015,693,291,p02-block-1-trial-13-target-0,720.0,250.0,30.0,False,Pointer Move (unknown)
1785574748.6693928,692,289,p02-block-1-trial-13-target-0,720.0,250.0,30.0,False,Pointer Move (unknown)
1785574748.6771772,692,287,p02-block-1-trial-13-target-0,720.0,250.0,30.0,False,Pointer Move (unknown)
1785574748.6856031,692,285,p02-block-1-trial-13-target-0,720.0,250.0,30.0,False,Pointer Move (unknown)
1785574748.6936,692,283,p02-block-1-trial-13-target-0,720.0,250.0,30.0,False,Pointer Move (unknown)
1785574748.701768,692,282,p02-block-1-trial-13-target-0,720.0,250.0,30.0,False,Pointer Move (unknown)
1785574748.709582,692,280,p02-block-1-trial-13-target-0,720.0,250.0,30.0,False,Pointer Move (unknown)
1785574748.718497,692,278,p02-block-1-trial-13-target-0,720.0,250.0,30.0,False,Pointer Move (unknown)
1785574748.726161,692,276,p02-block-1-trial-13-target-0,720.0,250.0,30.0,False,Pointer Move (unknown)
1785574748.734286,692,275,p02-block-1-trial-13-target-0,720.0,250.0,30.0,False,Pointer Move (unknown)
1785574748.74194,692,273,p02-block-1-trial-13-target-0,720.0,250.0,30.0,False,Pointer Move (unknown)
1785574748.75062,692,271,p02-block-1-trial-13-target-0,720.0,250.0,30.0,False,Pointer Move (unknown)
1785574748.7581282,692,267,p02-block-1-trial-13-target-0,720.0,250.0,30.0,False,Pointer Move (unknown)
1785574748.7659452,692,265,p02-block-1-trial-13-target-0,720.0,250.0,30.0,False,Pointer Move (unknown)
1785574748.7742121,692,262,p02-block-1-trial-13-target-0,720.0,250.0,30.0,False,Pointer Move (unknown)
1785574748.782302,692,260,p02-block-1-trial-13-target-0,720.0,250.0,30.0,False,Pointer Move (unknown)
1785574748.790433,692,257,p02-block-1-trial-13-target-0,720.0,250.0,30.0,False,Pointer Move (unknown)
1785574748.7986062,692,255,p02-block-1-trial-13-target-0,720.0,250.0,30.0,False,Pointer Move (unknown)
1785574748.807167,692,252,p02-block-1-trial-13-target-0,720.0,250.0,30.0,False,Pointer Move (unknown)
1785574748.8153,692,250,p02-block-1-trial-13-target-0,720.0,250.0,30.0,False,Pointer Move (unknown)
1785574748.8227131,692,248,p02-block-1-trial-13-target-0,720.0,250.0,30.0,False,Pointer Move (unknown)
1785574748.831002,692,244,p02-block-1-trial-13-target-0,720.0,250.0,30.0,False,Pointer Move (unknown)
1785574748.8388412,692,242,p02-block-1-trial-13-target-0,720.0,250.0,30.0,False,Pointer Move (unknown)
1785574748.84713,692,240,p02-block-1-trial-13-target-0,720.0,250.0,30.0,False,Pointer Move (unknown)
1785574748.855036,692,239,p02-block-1-trial-13-target-0,720.0,250.0,30.0,False,Pointer Move (unknown)
1785574748.8638191,692,238,p02-block-1-trial-13-target-0,720.0,250.0,30.0,False,Pointer Move (unknown)
1785574748.871938,693,237,p02-block-1-trial-13-target-0,720.0,250.0,30.0,False,Pointer Move (unknown)
1785574748.8799412,693,237,p02-block-1-trial-13-target-0,720.0,250.0,30.0,False,Pointer Move (unknown)
1785574748.887718,693,236,p02-block-1-trial-13-target-0,720.0,250.0,30.0,False,Pointer Move (unknown)
1785574748.895678,693,236,p02-block-1-trial-13-target-0,720.0,250.0,30.0,False,Pointer Move (unknown)
1785574748.904043,694,236,p02-block-1-trial-13-target-0,720.0,250.0,30.0,False,Pointer Move (unknown)
1785574748.920446,694,236,p02-block-1-trial-13-target-0,720.0,250.0,30.0,False,Pointer Move (unknown)
1785574748.9283469,694,235,p02-block-1-trial-13-target-0,720.0,250.0,30.0,False,Pointer Move (unknown)
1785574748.936576,695,235,p02-block-1-trial-13-target-0,720.0,250.0,30.0,False,Pointer Move (unknown)
1785574748.944721,695,235,p02-block-1-trial-13-target-0,720.0,250.0,30.0,False,Pointer Move (unknown)
1785574748.952669,696,235,p02-block-1-trial-13-target-0,720.0,250.0,30.0,False,Pointer Move (unknown)
1785574748.9609401,696,235,p02-block-1-trial-13-target-0,720.0,250.0,30.0,False,Pointer Move (unknown)
1785574748.969253,698,235,p02-block-1-trial-13-target-0,720.0,250.0,30.0,False,Pointer Move (unknown)
1785574748.97678,699,235,p02-block-1-trial-13-target-0,720.0,250.0,30.0,False,Pointer Move (unknown)
1785574748.984834,701,235,p02-block-1-trial-13-target-0,720.0,250.0,30.0,False,Pointer Move (unknown)
1785574748.99299,703,235,p02-block-1-trial-13-target-0,720.0,250.0,30.0,False,Pointer Move (unknown)
1785574749.0008068,705,235,p02-block-1-trial-13-target-0,720.0,250.0,30.0,False,Pointer Move (unknown)
1785574749.009237,708,235,p02-block-1-trial-13-target-0,720.0,250.0,30.0,False,Pointer Move (unknown)
1785574749.01757,709,235,p02-block-1-trial-13-target-0,720.0,250.0,30.0,False,Pointer Move (unknown)
1785574749.026266,711,235,p02-block-1-trial-13-target-0,720.0,250.0,30.0,False,Pointer Move (unknown)
1785574749.0338979,712,235,p02-block-1-trial-13-target-0,720.0,250.0,30.0,False,Pointer Move (unknown)
1785574749.041089,713,235,p02-block-1-trial-13-target-0,720.0,250.0,30.0,False,Pointer Move (unknown)
1785574749.0497549,714,235,p02-block-1-trial-13-target-0,720.0,250.0,30.0,False,Pointer Move (unknown)
1785574749.057607,714,235,p02-block-1-trial-13-target-0,720.0,250.0,30.0,False,Pointer Move (unknown)
1785574749.066018,714,235,p02-block-1-trial-13-target-0,720.0,250.0,30.0,False,Pointer Move (unknown)
1785574749.0743449,715,235,p02-block-1-trial-13-target-0,720.0,250.0,30.0,False,Pointer Move (unknown)
1785574749.0820851,715,235,p02-block-1-trial-13-target-0,720.0,250.0,30.0,False,Pointer Move (unknown)
1785574749.101512,715,235,p02-block-1-trial-13-target-0,720.0,250.0,30.0,target_selected,target_selected
1785574749.118479,715,235,p02-block-1-trial-14-target-4,720.0,650.0,30.0,False,Pointer Move (unknown)
1785574749.42165,715,235,p02-block-1-trial-14-target-4,720.0,650.0,30.0,False,Pointer Move (unknown)
1785574749.4299982,715,242,p02-block-1-trial-14-target-4,720.0,650.0,30.0,False,Pointer Move (unknown)
1785574749.4374242,715,250,p02-block-1-trial-14-target-4,720.0,650.0,30.0,False,Pointer Move (unknown)
1785574749.445338,715,264,p02-block-1-trial-14-target-4,720.0,650.0,30.0,False,Pointer Move (unknown)
1785574749.453832,715,288,p02-block-1-trial-14-target-4,720.0,650.0,30.0,False,Pointer Move (unknown)
1785574749.462301,715,325,p02-block-1-trial-14-target-4,720.0,650.0,30.0,False,Pointer Move (unknown)
1785574749.470935,711,361,p02-block-1-trial-14-target-4,720.0,650.0,30.0,False,Pointer Move (unknown)
1785574749.477761,707,381,p02-block-1-trial-14-target-4,720.0,650.0,30.0,False,Pointer Move (unknown)
1785574749.486096,702,418,p02-block-1-trial-14-target-4,720.0,650.0,30.0,False,Pointer Move (unknown)
1785574749.4954,697,450,p02-block-1-trial-14-target-4,720.0,650.0,30.0,False,Pointer Move (unknown)
1785574749.502699,693,482,p02-block-1-trial-14-target-4,720.0,650.0,30.0,False,Pointer Move (unknown)
1785574749.510962,689,506,p02-block-1-trial-14-target-4,720.0,650.0,30.0,False,Pointer Move (unknown)
1785574749.518502,687,530,p02-block-1-trial-14-target-4,720.0,650.0,30.0,False,Pointer Move (unknown)
1785574749.5269508,685,547,p02-block-1-trial-14-target-4,720.0,650.0,30.0,False,Pointer Move (unknown)
1785574749.535002,684,553,p02-block-1-trial-14-target-4,720.0,650.0,30.0,False,Pointer Move (unknown)
1785574749.543442,684,567,p02-block-1-trial-14-target-4,720.0,650.0,30.0,False,Pointer Move (unknown)
1785574749.551734,683,578,p02-block-1-trial-14-target-4,720.0,650.0,30.0,False,Pointer Move (unknown)
1785574749.5596192,683,587,p02-block-1-trial-14-target-4,720.0,650.0,30.0,False,Pointer Move (unknown)
1785574749.5681531,683,594,p02-block-1-trial-14-target-4,720.0,650.0,30.0,False,Pointer Move (unknown)
1785574749.575697,683,600,p02-block-1-trial-14-target-4,720.0,650.0,30.0,False,Pointer Move (unknown)
1785574749.58369,683,604,p02-block-1-trial-14-target-4,720.0,650.0,30.0,False,Pointer Move (unknown)
1785574749.591455,683,608,p02-block-1-trial-14-target-4,720.0,650.0,30.0,False,Pointer Move (unknown)
1785574749.599735,683,610,p02-block-1-trial-14-target-4,720.0,650.0,30.0,False,Pointer Move (unknown)
1785574749.607809,683,612,p02-block-1-trial-14-target-4,720.0,650.0,30.0,False,Pointer Move (unknown)
1785574749.615248,683,613,p02-block-1-trial-14-target-4,720.0,650.0,30.0,False,Pointer Move (unknown)
1785574749.6234891,683,615,p02-block-1-trial-14-target-4,720.0,650.0,30.0,False,Pointer Move (unknown)
1785574749.6322181,683,615,p02-block-1-trial-14-target-4,720.0,650.0,30.0,False,Pointer Move (unknown)
1785574749.639938,683,615,p02-block-1-trial-14-target-4,720.0,650.0,30.0,False,Pointer Move (unknown)
1785574749.648256,683,616,p02-block-1-trial-14-target-4,720.0,650.0,30.0,False,Pointer Move (unknown)
1785574749.65622,683,616,p02-block-1-trial-14-target-4,720.0,650.0,30.0,False,Pointer Move (unknown)
1785574749.664159,683,616,p02-block-1-trial-14-target-4,720.0,650.0,30.0,False,Pointer Move (unknown)
1785574749.680625,683,617,p02-block-1-trial-14-target-4,720.0,650.0,30.0,False,Pointer Move (unknown)
1785574749.6890502,683,617,p02-block-1-trial-14-target-4,720.0,650.0,30.0,False,Pointer Move (unknown)
1785574749.696827,683,617,p02-block-1-trial-14-target-4,720.0,650.0,30.0,False,Pointer Move (unknown)
1785574749.7048728,684,618,p02-block-1-trial-14-target-4,720.0,650.0,30.0,False,Pointer Move (unknown)
1785574749.712578,684,619,p02-block-1-trial-14-target-4,720.0,650.0,30.0,False,Pointer Move (unknown)
1785574749.7206872,685,620,p02-block-1-trial-14-target-4,720.0,650.0,30.0,False,Pointer Move (unknown)
1785574749.729219,686,620,p02-block-1-trial-14-target-4,720.0,650.0,30.0,False,Pointer Move (unknown)
1785574749.7373471,687,621,p02-block-1-trial-14-target-4,720.0,650.0,30.0,False,Pointer Move (unknown)
1785574749.745367,687,622,p02-block-1-trial-14-target-4,720.0,650.0,30.0,False,Pointer Move (unknown)
1785574749.752835,688,622,p02-block-1-trial-14-target-4,720.0,650.0,30.0,False,Pointer Move (unknown)
1785574749.761083,688,623,p02-block-1-trial-14-target-4,720.0,650.0,30.0,False,Pointer Move (unknown)
1785574749.769583,688,623,p02-block-1-trial-14-target-4,720.0,650.0,30.0,False,Pointer Move (unknown)
1785574749.777568,689,623,p02-block-1-trial-14-target-4,720.0,650.0,30.0,False,Pointer Move (unknown)
1785574749.785496,689,623,p02-block-1-trial-14-target-4,720.0,650.0,30.0,False,Pointer Move (unknown)
1785574749.7938108,689,623,p02-block-1-trial-14-target-4,720.0,650.0,30.0,False,Pointer Move (unknown)
1785574749.801461,690,623,p02-block-1-trial-14-target-4,720.0,650.0,30.0,False,Pointer Move (unknown)
1785574749.809083,690,623,p02-block-1-trial-14-target-4,720.0,650.0,30.0,False,Pointer Move (unknown)
1785574749.8171442,691,623,p02-block-1-trial-14-target-4,720.0,650.0,30.0,False,Pointer Move (unknown)
1785574749.825189,691,623,p02-block-1-trial-14-target-4,720.0,650.0,30.0,False,Pointer Move (unknown)
1785574749.8336,691,624,p02-block-1-trial-14-target-4,720.0,650.0,30.0,False,Pointer Move (unknown)
1785574749.842287,692,624,p02-block-1-trial-14-target-4,720.0,650.0,30.0,False,Pointer Move (unknown)
1785574749.8498769,693,624,p02-block-1-trial-14-target-4,720.0,650.0,30.0,False,Pointer Move (unknown)
1785574749.858686,694,625,p02-block-1-trial-14-target-4,720.0,650.0,30.0,False,Pointer Move (unknown)
1785574749.866785,695,625,p02-block-1-trial-14-target-4,720.0,650.0,30.0,False,Pointer Move (unknown)
1785574749.874913,697,625,p02-block-1-trial-14-target-4,720.0,650.0,30.0,False,Pointer Move (unknown)
1785574749.882439,698,626,p02-block-1-trial-14-target-4,720.0,650.0,30.0,False,Pointer Move (unknown)
1785574749.8909461,700,626,p02-block-1-trial-14-target-4,720.0,650.0,30.0,False,Pointer Move (unknown)
1785574749.8983412,702,627,p02-block-1-trial-14-target-4,720.0,650.0,30.0,False,Pointer Move (unknown)
1785574749.906283,704,628,p02-block-1-trial-14-target-4,720.0,650.0,30.0,False,Pointer Move (unknown)
1785574749.915048,706,630,p02-block-1-trial-14-target-4,720.0,650.0,30.0,False,Pointer Move (unknown)
1785574749.923809,707,631,p02-block-1-trial-14-target-4,720.0,650.0,30.0,False,Pointer Move (unknown)
1785574749.9310532,709,632,p02-block-1-trial-14-target-4,720.0,650.0,30.0,False,Pointer Move (unknown)
1785574749.93893,710,633,p02-block-1-trial-14-target-4,720.0,650.0,30.0,False,Pointer Move (unknown)
1785574749.947146,711,634,p02-block-1-trial-14-target-4,720.0,650.0,30.0,False,Pointer Move (unknown)
1785574749.9551098,712,635,p02-block-1-trial-14-target-4,720.0,650.0,30.0,False,Pointer Move (unknown)
1785574749.962712,713,636,p02-block-1-trial-14-target-4,720.0,650.0,30.0,False,Pointer Move (unknown)
1785574749.9712079,713,637,p02-block-1-trial-14-target-4,720.0,650.0,30.0,False,Pointer Move (unknown)
1785574749.978977,714,638,p02-block-1-trial-14-target-4,720.0,650.0,30.0,False,Pointer Move (unknown)
1785574749.98823,714,638,p02-block-1-trial-14-target-4,720.0,650.0,30.0,False,Pointer Move (unknown)
1785574749.996091,714,639,p02-block-1-trial-14-target-4,720.0,650.0,30.0,False,Pointer Move (unknown)
1785574750.0041559,715,639,p02-block-1-trial-14-target-4,720.0,650.0,30.0,False,Pointer Move (unknown)
1785574750.03603,715,639,p02-block-1-trial-14-target-4,720.0,650.0,30.0,target_selected,target_selected
1785574750.044401,715,639,p02-block-1-trial-15-target-0,720.0,250.0,30.0,False,Pointer Move (unknown)
1785574750.361015,715,639,p02-block-1-trial-15-target-0,720.0,250.0,30.0,False,Pointer Move (unknown)
1785574750.368476,715,630,p02-block-1-trial-15-target-0,720.0,250.0,30.0,False,Pointer Move (unknown)
1785574750.377204,715,619,p02-block-1-trial-15-target-0,720.0,250.0,30.0,False,Pointer Move (unknown)
1785574750.384564,715,602,p02-block-1-trial-15-target-0,720.0,250.0,30.0,False,Pointer Move (unknown)
1785574750.393019,715,582,p02-block-1-trial-15-target-0,720.0,250.0,30.0,False,Pointer Move (unknown)
1785574750.4009302,717,554,p02-block-1-trial-15-target-0,720.0,250.0,30.0,False,Pointer Move (unknown)
1785574750.4087691,719,526,p02-block-1-trial-15-target-0,720.0,250.0,30.0,False,Pointer Move (unknown)
1785574750.416885,721,494,p02-block-1-trial-15-target-0,720.0,250.0,30.0,False,Pointer Move (unknown)
1785574750.4251451,725,466,p02-block-1-trial-15-target-0,720.0,250.0,30.0,False,Pointer Move (unknown)
1785574750.433311,728,434,p02-block-1-trial-15-target-0,720.0,250.0,30.0,False,Pointer Move (unknown)
1785574750.441298,732,410,p02-block-1-trial-15-target-0,720.0,250.0,30.0,False,Pointer Move (unknown)
1785574750.4491751,734,390,p02-block-1-trial-15-target-0,720.0,250.0,30.0,False,Pointer Move (unknown)
1785574750.457105,737,370,p02-block-1-trial-15-target-0,720.0,250.0,30.0,False,Pointer Move (unknown)
1785574750.464969,739,353,p02-block-1-trial-15-target-0,720.0,250.0,30.0,False,Pointer Move (unknown)
1785574750.4731772,740,346,p02-block-1-trial-15-target-0,720.0,250.0,30.0,False,Pointer Move (unknown)
1785574750.480963,742,332,p02-block-1-trial-15-target-0,720.0,250.0,30.0,False,Pointer Move (unknown)
1785574750.489127,743,321,p02-block-1-trial-15-target-0,720.0,250.0,30.0,False,Pointer Move (unknown)
1785574750.4971662,744,312,p02-block-1-trial-15-target-0,720.0,250.0,30.0,False,Pointer Move (unknown)
1785574750.5051498,745,304,p02-block-1-trial-15-target-0,720.0,250.0,30.0,False,Pointer Move (unknown)
1785574750.514254,745,297,p02-block-1-trial-15-target-0,720.0,250.0,30.0,False,Pointer Move (unknown)
1785574750.5270011,746,292,p02-block-1-trial-15-target-0,720.0,250.0,30.0,False,Pointer Move (unknown)
1785574750.5293791,747,287,p02-block-1-trial-15-target-0,720.0,250.0,30.0,False,Pointer Move (unknown)
1785574750.5371761,747,283,p02-block-1-trial-15-target-0,720.0,250.0,30.0,False,Pointer Move (unknown)
1785574750.545269,748,279,p02-block-1-trial-15-target-0,720.0,250.0,30.0,False,Pointer Move (unknown)
1785574750.553389,748,276,p02-block-1-trial-15-target-0,720.0,250.0,30.0,False,Pointer Move (unknown)
1785574750.5618298,749,273,p02-block-1-trial-15-target-0,720.0,250.0,30.0,False,Pointer Move (unknown)
1785574750.570297,750,271,p02-block-1-trial-15-target-0,720.0,250.0,30.0,False,Pointer Move (unknown)
1785574750.577769,750,269,p02-block-1-trial-15-target-0,720.0,250.0,30.0,False,Pointer Move (unknown)
1785574750.58564,750,268,p02-block-1-trial-15-target-0,720.0,250.0,30.0,False,Pointer Move (unknown)
1785574750.593605,751,267,p02-block-1-trial-15-target-0,720.0,250.0,30.0,False,Pointer Move (unknown)
1785574750.602648,751,266,p02-block-1-trial-15-target-0,720.0,250.0,30.0,False,Pointer Move (unknown)
1785574750.610718,751,265,p02-block-1-trial-15-target-0,720.0,250.0,30.0,False,Pointer Move (unknown)
1785574750.618954,751,264,p02-block-1-trial-15-target-0,720.0,250.0,30.0,False,Pointer Move (unknown)
1785574750.626731,752,264,p02-block-1-trial-15-target-0,720.0,250.0,30.0,False,Pointer Move (unknown)
1785574750.635092,752,263,p02-block-1-trial-15-target-0,720.0,250.0,30.0,False,Pointer Move (unknown)
1785574750.642402,752,263,p02-block-1-trial-15-target-0,720.0,250.0,30.0,False,Pointer Move (unknown)
1785574750.650501,752,263,p02-block-1-trial-15-target-0,720.0,250.0,30.0,False,Pointer Move (unknown)
1785574750.659065,752,262,p02-block-1-trial-15-target-0,720.0,250.0,30.0,False,Pointer Move (unknown)
1785574750.6671941,752,262,p02-block-1-trial-15-target-0,720.0,250.0,30.0,False,Pointer Move (unknown)
1785574750.683198,752,262,p02-block-1-trial-15-target-0,720.0,250.0,30.0,False,Pointer Move (unknown)
1785574750.6997042,752,261,p02-block-1-trial-15-target-0,720.0,250.0,30.0,False,Pointer Move (unknown)
1785574750.732364,752,261,p02-block-1-trial-15-target-0,720.0,250.0,30.0,False,Pointer Move (unknown)
1785574750.756289,751,261,p02-block-1-trial-15-target-0,720.0,250.0,30.0,False,Pointer Move (unknown)
1785574750.7641332,750,261,p02-block-1-trial-15-target-0,720.0,250.0,30.0,False,Pointer Move (unknown)
1785574750.772161,750,261,p02-block-1-trial-15-target-0,720.0,250.0,30.0,False,Pointer Move (unknown)
1785574750.779787,749,261,p02-block-1-trial-15-target-0,720.0,250.0,30.0,False,Pointer Move (unknown)
1785574750.788298,748,261,p02-block-1-trial-15-target-0,720.0,250.0,30.0,False,Pointer Move (unknown)
1785574750.796649,747,261,p02-block-1-trial-15-target-0,720.0,250.0,30.0,False,Pointer Move (unknown)
1785574750.8043609,746,261,p02-block-1-trial-15-target-0,720.0,250.0,30.0,False,Pointer Move (unknown)
1785574750.812342,745,261,p02-block-1-trial-15-target-0,720.0,250.0,30.0,False,Pointer Move (unknown)
1785574750.8206,744,261,p02-block-1-trial-15-target-0,720.0,250.0,30.0,False,Pointer Move (unknown)
1785574750.828379,743,260,p02-block-1-trial-15-target-0,720.0,250.0,30.0,False,Pointer Move (unknown)
1785574750.836257,742,260,p02-block-1-trial-15-target-0,720.0,250.0,30.0,False,Pointer Move (unknown)
1785574750.84462,741,259,p02-block-1-trial-15-target-0,720.0,250.0,30.0,False,Pointer Move (unknown)
1785574750.852596,741,259,p02-block-1-trial-15-target-0,720.0,250.0,30.0,False,Pointer Move (unknown)
1785574750.860896,740,259,p02-block-1-trial-15-target-0,720.0,250.0,30.0,False,Pointer Move (unknown)
1785574750.869109,740,259,p02-block-1-trial-15-target-0,720.0,250.0,30.0,False,Pointer Move (unknown)
1785574750.902035,740,259,p02-block-1-trial-15-target-0,720.0,250.0,30.0,target_selected,target_selected
1785574750.909765,740,259,p02-block-1-trial-16-target-4,720.0,650.0,30.0,False,Pointer Move (unknown)
1785574751.233052,740,260,p02-block-1-trial-16-target-4,720.0,650.0,30.0,False,Pointer Move (unknown)
1785574751.240822,740,267,p02-block-1-trial-16-target-4,720.0,650.0,30.0,False,Pointer Move (unknown)
1785574751.248703,740,278,p02-block-1-trial-16-target-4,720.0,650.0,30.0,False,Pointer Move (unknown)
1785574751.256821,740,289,p02-block-1-trial-16-target-4,720.0,650.0,30.0,False,Pointer Move (unknown)
1785574751.265005,740,303,p02-block-1-trial-16-target-4,720.0,650.0,30.0,False,Pointer Move (unknown)
1785574751.273522,740,331,p02-block-1-trial-16-target-4,720.0,650.0,30.0,False,Pointer Move (unknown)
1785574751.280709,740,355,p02-block-1-trial-16-target-4,720.0,650.0,30.0,False,Pointer Move (unknown)
1785574751.289301,740,382,p02-block-1-trial-16-target-4,720.0,650.0,30.0,False,Pointer Move (unknown)
1785574751.2978292,738,406,p02-block-1-trial-16-target-4,720.0,650.0,30.0,False,Pointer Move (unknown)
1785574751.305999,738,434,p02-block-1-trial-16-target-4,720.0,650.0,30.0,False,Pointer Move (unknown)
1785574751.314503,738,454,p02-block-1-trial-16-target-4,720.0,650.0,30.0,False,Pointer Move (unknown)
1785574751.321891,736,474,p02-block-1-trial-16-target-4,720.0,650.0,30.0,False,Pointer Move (unknown)
1785574751.3300748,735,481,p02-block-1-trial-16-target-4,720.0,650.0,30.0,False,Pointer Move (unknown)
1785574751.338068,735,495,p02-block-1-trial-16-target-4,720.0,650.0,30.0,False,Pointer Move (unknown)
1785574751.3464231,733,506,p02-block-1-trial-16-target-4,720.0,650.0,30.0,False,Pointer Move (unknown)
1785574751.353665,733,515,p02-block-1-trial-16-target-4,720.0,650.0,30.0,False,Pointer Move (unknown)
1785574751.3626518,733,521,p02-block-1-trial-16-target-4,720.0,650.0,30.0,False,Pointer Move (unknown)
1785574751.3702888,733,528,p02-block-1-trial-16-target-4,720.0,650.0,30.0,False,Pointer Move (unknown)
1785574751.378143,733,531,p02-block-1-trial-16-target-4,720.0,650.0,30.0,False,Pointer Move (unknown)
1785574751.386257,733,535,p02-block-1-trial-16-target-4,720.0,650.0,30.0,False,Pointer Move (unknown)
1785574751.3941472,733,538,p02-block-1-trial-16-target-4,720.0,650.0,30.0,False,Pointer Move (unknown)
1785574751.4026082,733,540,p02-block-1-trial-16-target-4,720.0,650.0,30.0,False,Pointer Move (unknown)
1785574751.410775,733,543,p02-block-1-trial-16-target-4,720.0,650.0,30.0,False,Pointer Move (unknown)
1785574751.418976,733,545,p02-block-1-trial-16-target-4,720.0,650.0,30.0,False,Pointer Move (unknown)
1785574751.427186,733,547,p02-block-1-trial-16-target-4,720.0,650.0,30.0,False,Pointer Move (unknown)
1785574751.4352078,733,550,p02-block-1-trial-16-target-4,720.0,650.0,30.0,False,Pointer Move (unknown)
1785574751.4436102,733,552,p02-block-1-trial-16-target-4,720.0,650.0,30.0,False,Pointer Move (unknown)
1785574751.451573,733,554,p02-block-1-trial-16-target-4,720.0,650.0,30.0,False,Pointer Move (unknown)
1785574751.4595442,733,558,p02-block-1-trial-16-target-4,720.0,650.0,30.0,False,Pointer Move (unknown)
1785574751.467932,733,560,p02-block-1-trial-16-target-4,720.0,650.0,30.0,False,Pointer Move (unknown)
1785574751.4757938,734,563,p02-block-1-trial-16-target-4,720.0,650.0,30.0,False,Pointer Move (unknown)
1785574751.483616,734,566,p02-block-1-trial-16-target-4,720.0,650.0,30.0,False,Pointer Move (unknown)
1785574751.491752,734,569,p02-block-1-trial-16-target-4,720.0,650.0,30.0,False,Pointer Move (unknown)
1785574751.499707,735,571,p02-block-1-trial-16-target-4,720.0,650.0,30.0,False,Pointer Move (unknown)
1785574751.507841,735,575,p02-block-1-trial-16-target-4,720.0,650.0,30.0,False,Pointer Move (unknown)
1785574751.515863,736,577,p02-block-1-trial-16-target-4,720.0,650.0,30.0,False,Pointer Move (unknown)
1785574751.524159,736,579,p02-block-1-trial-16-target-4,720.0,650.0,30.0,False,Pointer Move (unknown)
1785574751.532352,736,581,p02-block-1-trial-16-target-4,720.0,650.0,30.0,False,Pointer Move (unknown)
1785574751.540192,736,582,p02-block-1-trial-16-target-4,720.0,650.0,30.0,False,Pointer Move (unknown)
1785574751.5481641,736,583,p02-block-1-trial-16-target-4,720.0,650.0,30.0,False,Pointer Move (unknown)
1785574751.5562701,736,584,p02-block-1-trial-16-target-4,720.0,650.0,30.0,False,Pointer Move (unknown)
1785574751.564311,736,584,p02-block-1-trial-16-target-4,720.0,650.0,30.0,False,Pointer Move (unknown)
1785574751.572624,736,585,p02-block-1-trial-16-target-4,720.0,650.0,30.0,False,Pointer Move (unknown)
1785574751.58069,736,585,p02-block-1-trial-16-target-4,720.0,650.0,30.0,False,Pointer Move (unknown)
1785574751.5888,736,585,p02-block-1-trial-16-target-4,720.0,650.0,30.0,False,Pointer Move (unknown)
1785574751.596832,736,586,p02-block-1-trial-16-target-4,720.0,650.0,30.0,False,Pointer Move (unknown)
1785574751.6054568,736,586,p02-block-1-trial-16-target-4,720.0,650.0,30.0,False,Pointer Move (unknown)
1785574751.6130078,736,587,p02-block-1-trial-16-target-4,720.0,650.0,30.0,False,Pointer Move (unknown)
1785574751.6210089,736,589,p02-block-1-trial-16-target-4,720.0,650.0,30.0,False,Pointer Move (unknown)
1785574751.630516,736,591,p02-block-1-trial-16-target-4,720.0,650.0,30.0,False,Pointer Move (unknown)
1785574751.6374002,736,593,p02-block-1-trial-16-target-4,720.0,650.0,30.0,False,Pointer Move (unknown)
1785574751.6454542,736,596,p02-block-1-trial-16-target-4,720.0,650.0,30.0,False,Pointer Move (unknown)
1785574751.6543932,736,598,p02-block-1-trial-16-target-4,720.0,650.0,30.0,False,Pointer Move (unknown)
1785574751.661609,736,603,p02-block-1-trial-16-target-4,720.0,650.0,30.0,False,Pointer Move (unknown)
1785574751.669678,736,606,p02-block-1-trial-16-target-4,720.0,650.0,30.0,False,Pointer Move (unknown)
1785574751.677726,735,611,p02-block-1-trial-16-target-4,720.0,650.0,30.0,False,Pointer Move (unknown)
1785574751.6864982,734,614,p02-block-1-trial-16-target-4,720.0,650.0,30.0,False,Pointer Move (unknown)
1785574751.694039,733,619,p02-block-1-trial-16-target-4,720.0,650.0,30.0,False,Pointer Move (unknown)
1785574751.701987,732,624,p02-block-1-trial-16-target-4,720.0,650.0,30.0,False,Pointer Move (unknown)
1785574751.710193,731,629,p02-block-1-trial-16-target-4,720.0,650.0,30.0,False,Pointer Move (unknown)
1785574751.719119,730,632,p02-block-1-trial-16-target-4,720.0,650.0,30.0,False,Pointer Move (unknown)
1785574751.7262678,729,634,p02-block-1-trial-16-target-4,720.0,650.0,30.0,False,Pointer Move (unknown)
1785574751.7347682,729,636,p02-block-1-trial-16-target-4,720.0,650.0,30.0,False,Pointer Move (unknown)
1785574751.742628,729,638,p02-block-1-trial-16-target-4,720.0,650.0,30.0,False,Pointer Move (unknown)
1785574751.750586,728,639,p02-block-1-trial-16-target-4,720.0,650.0,30.0,False,Pointer Move (unknown)
1785574751.758634,728,640,p02-block-1-trial-16-target-4,720.0,650.0,30.0,False,Pointer Move (unknown)
1785574751.7668228,728,640,p02-block-1-trial-16-target-4,720.0,650.0,30.0,False,Pointer Move (unknown)
1785574751.774813,728,640,p02-block-1-trial-16-target-4,720.0,650.0,30.0,False,Pointer Move (unknown)
1785574751.7829409,728,641,p02-block-1-trial-16-target-4,720.0,650.0,30.0,False,Pointer Move (unknown)
1785574751.7913501,728,641,p02-block-1-trial-16-target-4,720.0,650.0,30.0,False,Pointer Move (unknown)
1785574751.8073092,728,641,p02-block-1-trial-16-target-4,720.0,650.0,30.0,False,Pointer Move (unknown)
1785574751.81543,727,641,p02-block-1-trial-16-target-4,720.0,650.0,30.0,False,Pointer Move (unknown)
1785574751.823491,727,642,p02-block-1-trial-16-target-4,720.0,650.0,30.0,False,Pointer Move (unknown)
1785574751.839684,727,642,p02-block-1-trial-16-target-4,720.0,650.0,30.0,False,Pointer Move (unknown)
1785574751.847747,727,642,p02-block-1-trial-16-target-4,720.0,650.0,30.0,False,Pointer Move (unknown)
1785574751.869262,727,642,p02-block-1-trial-16-target-4,720.0,650.0,30.0,target_selected,target_selected
1785574754.452781,727,642,p02-block-2-trial-1-target-6,470.0,450.0,22.5,False,Pointer Move (unknown)
1785574754.453538,727,642,p02-block-2-trial-1-target-6,470.0,450.0,22.5,False,Pointer Move (unknown)
1785574754.460751,727,641,p02-block-2-trial-1-target-6,470.0,450.0,22.5,False,Pointer Move (unknown)
1785574754.4690828,727,641,p02-block-2-trial-1-target-6,470.0,450.0,22.5,False,Pointer Move (unknown)
1785574754.476588,727,641,p02-block-2-trial-1-target-6,470.0,450.0,22.5,False,Pointer Move (unknown)
1785574754.484729,726,640,p02-block-2-trial-1-target-6,470.0,450.0,22.5,False,Pointer Move (unknown)
1785574754.492616,725,638,p02-block-2-trial-1-target-6,470.0,450.0,22.5,False,Pointer Move (unknown)
1785574754.501596,721,634,p02-block-2-trial-1-target-6,470.0,450.0,22.5,False,Pointer Move (unknown)
1785574754.509025,718,631,p02-block-2-trial-1-target-6,470.0,450.0,22.5,False,Pointer Move (unknown)
1785574754.5171578,712,625,p02-block-2-trial-1-target-6,470.0,450.0,22.5,False,Pointer Move (unknown)
1785574754.525376,706,619,p02-block-2-trial-1-target-6,470.0,450.0,22.5,False,Pointer Move (unknown)
1785574754.533203,700,613,p02-block-2-trial-1-target-6,470.0,450.0,22.5,False,Pointer Move (unknown)
1785574754.5415602,692,606,p02-block-2-trial-1-target-6,470.0,450.0,22.5,False,Pointer Move (unknown)
1785574754.5495539,684,598,p02-block-2-trial-1-target-6,470.0,450.0,22.5,False,Pointer Move (unknown)
1785574754.557334,675,590,p02-block-2-trial-1-target-6,470.0,450.0,22.5,False,Pointer Move (unknown)
1785574754.5658271,673,586,p02-block-2-trial-1-target-6,470.0,450.0,22.5,False,Pointer Move (unknown)
1785574754.5739121,659,574,p02-block-2-trial-1-target-6,470.0,450.0,22.5,False,Pointer Move (unknown)
1785574754.58145,656,570,p02-block-2-trial-1-target-6,470.0,450.0,22.5,False,Pointer Move (unknown)
1785574754.5900202,650,564,p02-block-2-trial-1-target-6,470.0,450.0,22.5,False,Pointer Move (unknown)
1785574754.597386,644,556,p02-block-2-trial-1-target-6,470.0,450.0,22.5,False,Pointer Move (unknown)
1785574754.606405,634,546,p02-block-2-trial-1-target-6,470.0,450.0,22.5,False,Pointer Move (unknown)
1785574754.6140091,632,542,p02-block-2-trial-1-target-6,470.0,450.0,22.5,False,Pointer Move (unknown)
1785574754.622324,625,536,p02-block-2-trial-1-target-6,470.0,450.0,22.5,False,Pointer Move (unknown)
1785574754.6298041,621,530,p02-block-2-trial-1-target-6,470.0,450.0,22.5,False,Pointer Move (unknown)
1785574754.6375418,615,526,p02-block-2-trial-1-target-6,470.0,450.0,22.5,False,Pointer Move (unknown)
1785574754.645907,611,520,p02-block-2-trial-1-target-6,470.0,450.0,22.5,False,Pointer Move (unknown)
1785574754.6539772,607,516,p02-block-2-trial-1-target-6,470.0,450.0,22.5,False,Pointer Move (unknown)
1785574754.6620731,604,512,p02-block-2-trial-1-target-6,470.0,450.0,22.5,False,Pointer Move (unknown)
1785574754.669844,600,510,p02-block-2-trial-1-target-6,470.0,450.0,22.5,False,Pointer Move (unknown)
1785574754.677801,598,507,p02-block-2-trial-1-target-6,470.0,450.0,22.5,False,Pointer Move (unknown)
1785574754.686282,597,506,p02-block-2-trial-1-target-6,470.0,450.0,22.5,False,Pointer Move (unknown)
1785574754.695028,595,504,p02-block-2-trial-1-target-6,470.0,450.0,22.5,False,Pointer Move (unknown)
1785574754.703161,593,503,p02-block-2-trial-1-target-6,470.0,450.0,22.5,False,Pointer Move (unknown)
1785574754.710913,591,502,p02-block-2-trial-1-target-6,470.0,450.0,22.5,False,Pointer Move (unknown)
1785574754.7188601,589,501,p02-block-2-trial-1-target-6,470.0,450.0,22.5,False,Pointer Move (unknown)
1785574754.7280052,588,500,p02-block-2-trial-1-target-6,470.0,450.0,22.5,False,Pointer Move (unknown)
1785574754.7359512,586,499,p02-block-2-trial-1-target-6,470.0,450.0,22.5,False,Pointer Move (unknown)
1785574754.7431,583,499,p02-block-2-trial-1-target-6,470.0,450.0,22.5,False,Pointer Move (unknown)
1785574754.751189,581,499,p02-block-2-trial-1-target-6,470.0,450.0,22.5,False,Pointer Move (unknown)
1785574754.758922,578,497,p02-block-2-trial-1-target-6,470.0,450.0,22.5,False,Pointer Move (unknown)
1785574754.767617,575,496,p02-block-2-trial-1-target-6,470.0,450.0,22.5,False,Pointer Move (unknown)
1785574754.775331,571,496,p02-block-2-trial-1-target-6,470.0,450.0,22.5,False,Pointer Move (unknown)
1785574754.783597,568,495,p02-block-2-trial-1-target-6,470.0,450.0,22.5,False,Pointer Move (unknown)
1785574754.791729,565,493,p02-block-2-trial-1-target-6,470.0,450.0,22.5,False,Pointer Move (unknown)
1785574754.799455,560,492,p02-block-2-trial-1-target-6,470.0,450.0,22.5,False,Pointer Move (unknown)
1785574754.8077729,557,490,p02-block-2-trial-1-target-6,470.0,450.0,22.5,False,Pointer Move (unknown)
1785574754.815736,554,489,p02-block-2-trial-1-target-6,470.0,450.0,22.5,False,Pointer Move (unknown)
1785574754.823663,550,487,p02-block-2-trial-1-target-6,470.0,450.0,22.5,False,Pointer Move (unknown)
1785574754.8317661,546,484,p02-block-2-trial-1-target-6,470.0,450.0,22.5,False,Pointer Move (unknown)
1785574754.839869,543,483,p02-block-2-trial-1-target-6,470.0,450.0,22.5,False,Pointer Move (unknown)
1785574754.848232,539,480,p02-block-2-trial-1-target-6,470.0,450.0,22.5,False,Pointer Move (unknown)
1785574754.856341,536,477,p02-block-2-trial-1-target-6,470.0,450.0,22.5,False,Pointer Move (unknown)
1785574754.864832,533,475,p02-block-2-trial-1-target-6,470.0,450.0,22.5,False,Pointer Move (unknown)
1785574754.872648,530,473,p02-block-2-trial-1-target-6,470.0,450.0,22.5,False,Pointer Move (unknown)
1785574754.880512,527,469,p02-block-2-trial-1-target-6,470.0,450.0,22.5,False,Pointer Move (unknown)
1785574754.888675,523,466,p02-block-2-trial-1-target-6,470.0,450.0,22.5,False,Pointer Move (unknown)
1785574754.896375,521,464,p02-block-2-trial-1-target-6,470.0,450.0,22.5,False,Pointer Move (unknown)
1785574754.9045818,518,461,p02-block-2-trial-1-target-6,470.0,450.0,22.5,False,Pointer Move (unknown)
1785574754.91284,514,458,p02-block-2-trial-1-target-6,470.0,450.0,22.5,False,Pointer Move (unknown)
1785574754.921396,512,456,p02-block-2-trial-1-target-6,470.0,450.0,22.5,False,Pointer Move (unknown)
1785574754.929101,510,455,p02-block-2-trial-1-target-6,470.0,450.0,22.5,False,Pointer Move (unknown)
1785574754.93823,508,453,p02-block-2-trial-1-target-6,470.0,450.0,22.5,False,Pointer Move (unknown)
1785574754.945625,506,452,p02-block-2-trial-1-target-6,470.0,450.0,22.5,False,Pointer Move (unknown)
1785574754.95349,505,451,p02-block-2-trial-1-target-6,470.0,450.0,22.5,False,Pointer Move (unknown)
1785574754.96156,504,450,p02-block-2-trial-1-target-6,470.0,450.0,22.5,False,Pointer Move (unknown)
1785574754.9701,503,449,p02-block-2-trial-1-target-6,470.0,450.0,22.5,False,Pointer Move (unknown)
1785574754.9780889,502,449,p02-block-2-trial-1-target-6,470.0,450.0,22.5,False,Pointer Move (unknown)
1785574754.985805,501,448,p02-block-2-trial-1-target-6,470.0,450.0,22.5,False,Pointer Move (unknown)
1785574754.993282,500,448,p02-block-2-trial-1-target-6,470.0,450.0,22.5,False,Pointer Move (unknown)
1785574755.003247,499,447,p02-block-2-trial-1-target-6,470.0,450.0,22.5,False,Pointer Move (unknown)
1785574755.010835,498,447,p02-block-2-trial-1-target-6,470.0,450.0,22.5,False,Pointer Move (unknown)
1785574755.0177212,498,446,p02-block-2-trial-1-target-6,470.0,450.0,22.5,False,Pointer Move (unknown)
1785574755.025512,497,446,p02-block-2-trial-1-target-6,470.0,450.0,22.5,False,Pointer Move (unknown)
1785574755.033851,496,446,p02-block-2-trial-1-target-6,470.0,450.0,22.5,False,Pointer Move (unknown)
1785574755.0417159,495,446,p02-block-2-trial-1-target-6,470.0,450.0,22.5,False,Pointer Move (unknown)
1785574755.050551,494,446,p02-block-2-trial-1-target-6,470.0,450.0,22.5,False,Pointer Move (unknown)
1785574755.058193,493,445,p02-block-2-trial-1-target-6,470.0,450.0,22.5,False,Pointer Move (unknown)
1785574755.066519,492,445,p02-block-2-trial-1-target-6,470.0,450.0,22.5,False,Pointer Move (unknown)
1785574755.0743349,491,445,p02-block-2-trial-1-target-6,470.0,450.0,22.5,False,Pointer Move (unknown)
1785574755.083174,491,445,p02-block-2-trial-1-target-6,470.0,450.0,22.5,False,Pointer Move (unknown)
1785574755.090587,490,444,p02-block-2-trial-1-target-6,470.0,450.0,22.5,False,Pointer Move (unknown)
1785574755.0994492,489,444,p02-block-2-trial-1-target-6,470.0,450.0,22.5,False,Pointer Move (unknown)
1785574755.106988,488,443,p02-block-2-trial-1-target-6,470.0,450.0,22.5,False,Pointer Move (unknown)
1785574755.117918,487,443,p02-block-2-trial-1-target-6,470.0,450.0,22.5,False,Pointer Move (unknown)
1785574755.13562,487,443,p02-block-2-trial-1-target-6,470.0,450.0,22.5,target_selected,target_selected
1785574755.150731,487,443,p02-block-2-trial-2-target-2,970.0,450.0,22.5,False,Pointer Move (unknown)
1785574755.334178,488,443,p02-block-2-trial-2-target-2,970.0,450.0,22.5,False,Pointer Move (unknown)
1785574755.340779,501,443,p02-block-2-trial-2-target-2,970.0,450.0,22.5,False,Pointer Move (unknown)
1785574755.348903,510,443,p02-block-2-trial-2-target-2,970.0,450.0,22.5,False,Pointer Move (unknown)
1785574755.356976,542,443,p02-block-2-trial-2-target-2,970.0,450.0,22.5,False,Pointer Move (unknown)
1785574755.3651829,570,443,p02-block-2-trial-2-target-2,970.0,450.0,22.5,False,Pointer Move (unknown)
1785574755.372958,607,443,p02-block-2-trial-2-target-2,970.0,450.0,22.5,False,Pointer Move (unknown)
1785574755.3813848,653,443,p02-block-2-trial-2-target-2,970.0,450.0,22.5,False,Pointer Move (unknown)
1785574755.389298,695,443,p02-block-2-trial-2-target-2,970.0,450.0,22.5,False,Pointer Move (unknown)
1785574755.397943,742,443,p02-block-2-trial-2-target-2,970.0,450.0,22.5,False,Pointer Move (unknown)
1785574755.4055831,788,443,p02-block-2-trial-2-target-2,970.0,450.0,22.5,False,Pointer Move (unknown)
1785574755.414187,802,443,p02-block-2-trial-2-target-2,970.0,450.0,22.5,False,Pointer Move (unknown)
1785574755.422063,844,443,p02-block-2-trial-2-target-2,970.0,450.0,22.5,False,Pointer Move (unknown)
1785574755.430777,880,443,p02-block-2-trial-2-target-2,970.0,450.0,22.5,False,Pointer Move (unknown)
1785574755.438449,908,443,p02-block-2-trial-2-target-2,970.0,450.0,22.5,False,Pointer Move (unknown)
1785574755.44667,936,443,p02-block-2-trial-2-target-2,970.0,450.0,22.5,False,Pointer Move (unknown)
1785574755.4544482,960,443,p02-block-2-trial-2-target-2,970.0,450.0,22.5,False,Pointer Move (unknown)
1785574755.462792,980,443,p02-block-2-trial-2-target-2,970.0,450.0,22.5,False,Pointer Move (unknown)
1785574755.469985,985,443,p02-block-2-trial-2-target-2,970.0,450.0,22.5,False,Pointer Move (unknown)
1785574755.478131,999,443,p02-block-2-trial-2-target-2,970.0,450.0,22.5,False,Pointer Move (unknown)
1785574755.486275,1010,446,p02-block-2-trial-2-target-2,970.0,450.0,22.5,False,Pointer Move (unknown)
1785574755.493865,1021,446,p02-block-2-trial-2-target-2,970.0,450.0,22.5,False,Pointer Move (unknown)
1785574755.502214,1028,446,p02-block-2-trial-2-target-2,970.0,450.0,22.5,False,Pointer Move (unknown)
1785574755.5098681,1032,447,p02-block-2-trial-2-target-2,970.0,450.0,22.5,False,Pointer Move (unknown)
1785574755.5178728,1037,447,p02-block-2-trial-2-target-2,970.0,450.0,22.5,False,Pointer Move (unknown)
1785574755.526112,1040,447,p02-block-2-trial-2-target-2,970.0,450.0,22.5,False,Pointer Move (unknown)
1785574755.534411,1044,447,p02-block-2-trial-2-target-2,970.0,450.0,22.5,False,Pointer Move (unknown)
1785574755.54301,1046,447,p02-block-2-trial-2-target-2,970.0,450.0,22.5,False,Pointer Move (unknown)
1785574755.554145,1048,447,p02-block-2-trial-2-target-2,970.0,450.0,22.5,False,Pointer Move (unknown)
1785574755.559126,1050,447,p02-block-2-trial-2-target-2,970.0,450.0,22.5,False,Pointer Move (unknown)
1785574755.566954,1051,447,p02-block-2-trial-2-target-2,970.0,450.0,22.5,False,Pointer Move (unknown)
1785574755.575063,1052,447,p02-block-2-trial-2-target-2,970.0,450.0,22.5,False,Pointer Move (unknown)
1785574755.583304,1052,447,p02-block-2-trial-2-target-2,970.0,450.0,22.5,False,Pointer Move (unknown)
1785574755.5913558,1053,447,p02-block-2-trial-2-target-2,970.0,450.0,22.5,False,Pointer Move (unknown)
1785574755.599246,1053,447,p02-block-2-trial-2-target-2,970.0,450.0,22.5,False,Pointer Move (unknown)
1785574755.607313,1053,447,p02-block-2-trial-2-target-2,970.0,450.0,22.5,False,Pointer Move (unknown)
1785574755.61592,1054,447,p02-block-2-trial-2-target-2,970.0,450.0,22.5,False,Pointer Move (unknown)
1785574755.623945,1054,447,p02-block-2-trial-2-target-2,970.0,450.0,22.5,False,Pointer Move (unknown)
1785574755.63154,1055,447,p02-block-2-trial-2-target-2,970.0,450.0,22.5,False,Pointer Move (unknown)
1785574755.639484,1055,447,p02-block-2-trial-2-target-2,970.0,450.0,22.5,False,Pointer Move (unknown)
1785574755.647524,1056,447,p02-block-2-trial-2-target-2,970.0,450.0,22.5,False,Pointer Move (unknown)
1785574755.6556249,1056,447,p02-block-2-trial-2-target-2,970.0,450.0,22.5,False,Pointer Move (unknown)
1785574755.664269,1057,447,p02-block-2-trial-2-target-2,970.0,450.0,22.5,False,Pointer Move (unknown)
1785574755.672951,1057,447,p02-block-2-trial-2-target-2,970.0,450.0,22.5,False,Pointer Move (unknown)
1785574755.680589,1057,447,p02-block-2-trial-2-target-2,970.0,450.0,22.5,False,Pointer Move (unknown)
1785574755.689256,1058,447,p02-block-2-trial-2-target-2,970.0,450.0,22.5,False,Pointer Move (unknown)
1785574755.7049348,1058,447,p02-block-2-trial-2-target-2,970.0,450.0,22.5,False,Pointer Move (unknown)
1785574755.769734,1058,447,p02-block-2-trial-2-target-2,970.0,450.0,22.5,False,Pointer Move (unknown)
1785574755.777969,1056,447,p02-block-2-trial-2-target-2,970.0,450.0,22.5,False,Pointer Move (unknown)
1785574755.78641,1054,447,p02-block-2-trial-2-target-2,970.0,450.0,22.5,False,Pointer Move (unknown)
1785574755.793996,1052,447,p02-block-2-trial-2-target-2,970.0,450.0,22.5,False,Pointer Move (unknown)
1785574755.802221,1050,447,p02-block-2-trial-2-target-2,970.0,450.0,22.5,False,Pointer Move (unknown)
1785574755.8104,1047,447,p02-block-2-trial-2-target-2,970.0,450.0,22.5,False,Pointer Move (unknown)
1785574755.819223,1045,447,p02-block-2-trial-2-target-2,970.0,450.0,22.5,False,Pointer Move (unknown)
1785574755.826994,1043,447,p02-block-2-trial-2-target-2,970.0,450.0,22.5,False,Pointer Move (unknown)
1785574755.835026,1041,447,p02-block-2-trial-2-target-2,970.0,450.0,22.5,False,Pointer Move (unknown)
1785574755.8425379,1038,447,p02-block-2-trial-2-target-2,970.0,450.0,22.5,False,Pointer Move (unknown)
1785574755.851253,1036,447,p02-block-2-trial-2-target-2,970.0,450.0,22.5,False,Pointer Move (unknown)
1785574755.859178,1034,447,p02-block-2-trial-2-target-2,970.0,450.0,22.5,False,Pointer Move (unknown)
1785574755.866587,1031,447,p02-block-2-trial-2-target-2,970.0,450.0,22.5,False,Pointer Move (unknown)
1785574755.8750021,1029,447,p02-block-2-trial-2-target-2,970.0,450.0,22.5,False,Pointer Move (unknown)
1785574755.882101,1025,447,p02-block-2-trial-2-target-2,970.0,450.0,22.5,False,Pointer Move (unknown)
1785574755.891138,1022,447,p02-block-2-trial-2-target-2,970.0,450.0,22.5,False,Pointer Move (unknown)
1785574755.898905,1019,447,p02-block-2-trial-2-target-2,970.0,450.0,22.5,False,Pointer Move (unknown)
1785574755.906958,1016,447,p02-block-2-trial-2-target-2,970.0,450.0,22.5,False,Pointer Move (unknown)
1785574755.915023,1012,447,p02-block-2-trial-2-target-2,970.0,450.0,22.5,False,Pointer Move (unknown)
1785574755.9229062,1010,447,p02-block-2-trial-2-target-2,970.0,450.0,22.5,False,Pointer Move (unknown)
1785574755.931946,1007,447,p02-block-2-trial-2-target-2,970.0,450.0,22.5,False,Pointer Move (unknown)
1785574755.93947,1005,447,p02-block-2-trial-2-target-2,970.0,450.0,22.5,False,Pointer Move (unknown)
1785574755.948355,1002,447,p02-block-2-trial-2-target-2,970.0,450.0,22.5,False,Pointer Move (unknown)
1785574755.955774,1001,447,p02-block-2-trial-2-target-2,970.0,450.0,22.5,False,Pointer Move (unknown)
1785574755.9647622,999,447,p02-block-2-trial-2-target-2,970.0,450.0,22.5,False,Pointer Move (unknown)
1785574755.972356,998,447,p02-block-2-trial-2-target-2,970.0,450.0,22.5,False,Pointer Move (unknown)
1785574755.9797661,997,447,p02-block-2-trial-2-target-2,970.0,450.0,22.5,False,Pointer Move (unknown)
1785574755.988218,996,447,p02-block-2-trial-2-target-2,970.0,450.0,22.5,False,Pointer Move (unknown)
1785574755.995471,995,447,p02-block-2-trial-2-target-2,970.0,450.0,22.5,False,Pointer Move (unknown)
1785574756.003924,995,447,p02-block-2-trial-2-target-2,970.0,450.0,22.5,False,Pointer Move (unknown)
1785574756.011512,994,447,p02-block-2-trial-2-target-2,970.0,450.0,22.5,False,Pointer Move (unknown)
1785574756.020243,994,447,p02-block-2-trial-2-target-2,970.0,450.0,22.5,False,Pointer Move (unknown)
1785574756.0278862,994,447,p02-block-2-trial-2-target-2,970.0,450.0,22.5,False,Pointer Move (unknown)
1785574756.036423,993,447,p02-block-2-trial-2-target-2,970.0,450.0,22.5,False,Pointer Move (unknown)
1785574756.044672,993,447,p02-block-2-trial-2-target-2,970.0,450.0,22.5,False,Pointer Move (unknown)
1785574756.053083,993,447,p02-block-2-trial-2-target-2,970.0,450.0,22.5,False,Pointer Move (unknown)
1785574756.060928,992,447,p02-block-2-trial-2-target-2,970.0,450.0,22.5,False,Pointer Move (unknown)
1785574756.077292,992,447,p02-block-2-trial-2-target-2,970.0,450.0,22.5,False,Pointer Move (unknown)
1785574756.102226,992,447,p02-block-2-trial-2-target-2,970.0,450.0,22.5,target_selected,target_selected
1785574756.1208372,992,447,p02-block-2-trial-3-target-6,470.0,450.0,22.5,False,Pointer Move (unknown)
1785574756.40911,991,447,p02-block-2-trial-3-target-6,470.0,450.0,22.5,False,Pointer Move (unknown)
1785574756.417229,987,447,p02-block-2-trial-3-target-6,470.0,450.0,22.5,False,Pointer Move (unknown)
1785574756.4252968,982,447,p02-block-2-trial-3-target-6,470.0,450.0,22.5,False,Pointer Move (unknown)
1785574756.433509,968,447,p02-block-2-trial-3-target-6,470.0,450.0,22.5,False,Pointer Move (unknown)
1785574756.440917,951,447,p02-block-2-trial-3-target-6,470.0,450.0,22.5,False,Pointer Move (unknown)
1785574756.449842,934,447,p02-block-2-trial-3-target-6,470.0,450.0,22.5,False,Pointer Move (unknown)
1785574756.4576519,914,447,p02-block-2-trial-3-target-6,470.0,450.0,22.5,False,Pointer Move (unknown)
1785574756.465444,894,447,p02-block-2-trial-3-target-6,470.0,450.0,22.5,False,Pointer Move (unknown)
1785574756.474004,870,447,p02-block-2-trial-3-target-6,470.0,450.0,22.5,False,Pointer Move (unknown)
1785574756.481606,846,447,p02-block-2-trial-3-target-6,470.0,450.0,22.5,False,Pointer Move (unknown)
1785574756.489635,822,447,p02-block-2-trial-3-target-6,470.0,450.0,22.5,False,Pointer Move (unknown)
1785574756.49765,798,447,p02-block-2-trial-3-target-6,470.0,450.0,22.5,False,Pointer Move (unknown)
1785574756.506104,774,445,p02-block-2-trial-3-target-6,470.0,450.0,22.5,False,Pointer Move (unknown)
1785574756.5141618,750,445,p02-block-2-trial-3-target-6,470.0,450.0,22.5,False,Pointer Move (unknown)
1785574756.521853,726,443,p02-block-2-trial-3-target-6,470.0,450.0,22.5,False,Pointer Move (unknown)
1785574756.5304801,703,439,p02-block-2-trial-3-target-6,470.0,450.0,22.5,False,Pointer Move (unknown)
1785574756.53865,682,437,p02-block-2-trial-3-target-6,470.0,450.0,22.5,False,Pointer Move (unknown)
1785574756.546253,665,433,p02-block-2-trial-3-target-6,470.0,450.0,22.5,False,Pointer Move (unknown)
1785574756.554589,651,432,p02-block-2-trial-3-target-6,470.0,450.0,22.5,False,Pointer Move (unknown)
1785574756.562933,645,431,p02-block-2-trial-3-target-6,470.0,450.0,22.5,False,Pointer Move (unknown)
1785574756.570911,634,429,p02-block-2-trial-3-target-6,470.0,450.0,22.5,False,Pointer Move (unknown)
1785574756.578584,622,428,p02-block-2-trial-3-target-6,470.0,450.0,22.5,False,Pointer Move (unknown)
1785574756.586648,616,427,p02-block-2-trial-3-target-6,470.0,450.0,22.5,False,Pointer Move (unknown)
1785574756.59496,607,424,p02-block-2-trial-3-target-6,470.0,450.0,22.5,False,Pointer Move (unknown)
1785574756.6032798,600,424,p02-block-2-trial-3-target-6,470.0,450.0,22.5,False,Pointer Move (unknown)
1785574756.611248,594,423,p02-block-2-trial-3-target-6,470.0,450.0,22.5,False,Pointer Move (unknown)
1785574756.619466,583,422,p02-block-2-trial-3-target-6,470.0,450.0,22.5,False,Pointer Move (unknown)
1785574756.627329,579,421,p02-block-2-trial-3-target-6,470.0,450.0,22.5,False,Pointer Move (unknown)
1785574756.635967,568,420,p02-block-2-trial-3-target-6,470.0,450.0,22.5,False,Pointer Move (unknown)
1785574756.643787,563,420,p02-block-2-trial-3-target-6,470.0,450.0,22.5,False,Pointer Move (unknown)
1785574756.651638,557,420,p02-block-2-trial-3-target-6,470.0,450.0,22.5,False,Pointer Move (unknown)
1785574756.66023,550,418,p02-block-2-trial-3-target-6,470.0,450.0,22.5,False,Pointer Move (unknown)
1785574756.668128,541,418,p02-block-2-trial-3-target-6,470.0,450.0,22.5,False,Pointer Move (unknown)
1785574756.676542,535,418,p02-block-2-trial-3-target-6,470.0,450.0,22.5,False,Pointer Move (unknown)
1785574756.6857831,530,418,p02-block-2-trial-3-target-6,470.0,450.0,22.5,False,Pointer Move (unknown)
1785574756.69277,525,418,p02-block-2-trial-3-target-6,470.0,450.0,22.5,False,Pointer Move (unknown)
1785574756.700004,522,418,p02-block-2-trial-3-target-6,470.0,450.0,22.5,False,Pointer Move (unknown)
1785574756.708044,520,418,p02-block-2-trial-3-target-6,470.0,450.0,22.5,False,Pointer Move (unknown)
1785574756.716913,518,418,p02-block-2-trial-3-target-6,470.0,450.0,22.5,False,Pointer Move (unknown)
1785574756.7254982,516,418,p02-block-2-trial-3-target-6,470.0,450.0,22.5,False,Pointer Move (unknown)
1785574756.733331,515,418,p02-block-2-trial-3-target-6,470.0,450.0,22.5,False,Pointer Move (unknown)
1785574756.7404559,514,418,p02-block-2-trial-3-target-6,470.0,450.0,22.5,False,Pointer Move (unknown)
1785574756.748511,513,418,p02-block-2-trial-3-target-6,470.0,450.0,22.5,False,Pointer Move (unknown)
1785574756.756594,512,418,p02-block-2-trial-3-target-6,470.0,450.0,22.5,False,Pointer Move (unknown)
1785574756.764746,511,419,p02-block-2-trial-3-target-6,470.0,450.0,22.5,False,Pointer Move (unknown)
1785574756.772588,511,419,p02-block-2-trial-3-target-6,470.0,450.0,22.5,False,Pointer Move (unknown)
1785574756.780598,511,420,p02-block-2-trial-3-target-6,470.0,450.0,22.5,False,Pointer Move (unknown)
1785574756.789114,511,420,p02-block-2-trial-3-target-6,470.0,450.0,22.5,False,Pointer Move (unknown)
1785574756.797135,510,421,p02-block-2-trial-3-target-6,470.0,450.0,22.5,False,Pointer Move (unknown)
1785574756.8057642,510,422,p02-block-2-trial-3-target-6,470.0,450.0,22.5,False,Pointer Move (unknown)
1785574756.813078,509,422,p02-block-2-trial-3-target-6,470.0,450.0,22.5,False,Pointer Move (unknown)
1785574756.821366,509,423,p02-block-2-trial-3-target-6,470.0,450.0,22.5,False,Pointer Move (unknown)
1785574756.830039,509,424,p02-block-2-trial-3-target-6,470.0,450.0,22.5,False,Pointer Move (unknown)
1785574756.838198,508,425,p02-block-2-trial-3-target-6,470.0,450.0,22.5,False,Pointer Move (unknown)
1785574756.845576,508,426,p02-block-2-trial-3-target-6,470.0,450.0,22.5,False,Pointer Move (unknown)
1785574756.853915,507,427,p02-block-2-trial-3-target-6,470.0,450.0,22.5,False,Pointer Move (unknown)
1785574756.8622432,506,428,p02-block-2-trial-3-target-6,470.0,450.0,22.5,False,Pointer Move (unknown)
1785574756.870077,505,429,p02-block-2-trial-3-target-6,470.0,450.0,22.5,False,Pointer Move (unknown)
1785574756.878026,504,430,p02-block-2-trial-3-target-6,470.0,450.0,22.5,False,Pointer Move (unknown)
1785574756.8861508,503,431,p02-block-2-trial-3-target-6,470.0,450.0,22.5,False,Pointer Move (unknown)
1785574756.8939378,502,432,p02-block-2-trial-3-target-6,470.0,450.0,22.5,False,Pointer Move (unknown)
1785574756.902154,501,432,p02-block-2-trial-3-target-6,470.0,450.0,22.5,False,Pointer Move (unknown)
1785574756.909997,500,433,p02-block-2-trial-3-target-6,470.0,450.0,22.5,False,Pointer Move (unknown)
1785574756.919232,499,434,p02-block-2-trial-3-target-6,470.0,450.0,22.5,False,Pointer Move (unknown)
1785574756.926296,497,435,p02-block-2-trial-3-target-6,470.0,450.0,22.5,False,Pointer Move (unknown)
1785574756.934535,496,436,p02-block-2-trial-3-target-6,470.0,450.0,22.5,False,Pointer Move (unknown)
1785574756.942965,494,439,p02-block-2-trial-3-target-6,470.0,450.0,22.5,False,Pointer Move (unknown)
1785574756.9509718,492,440,p02-block-2-trial-3-target-6,470.0,450.0,22.5,False,Pointer Move (unknown)
1785574756.959339,489,442,p02-block-2-trial-3-target-6,470.0,450.0,22.5,False,Pointer Move (unknown)
1785574756.967881,486,444,p02-block-2-trial-3-target-6,470.0,450.0,22.5,False,Pointer Move (unknown)
1785574756.9751942,484,446,p02-block-2-trial-3-target-6,470.0,450.0,22.5,False,Pointer Move (unknown)
1785574756.9838378,481,447,p02-block-2-trial-3-target-6,470.0,450.0,22.5,False,Pointer Move (unknown)
1785574756.9913778,479,449,p02-block-2-trial-3-target-6,470.0,450.0,22.5,False,Pointer Move (unknown)
1785574756.9998562,477,450,p02-block-2-trial-3-target-6,470.0,450.0,22.5,False,Pointer Move (unknown)
1785574757.0074399,475,451,p02-block-2-trial-3-target-6,470.0,450.0,22.5,False,Pointer Move (unknown)
1785574757.0154939,474,451,p02-block-2-trial-3-target-6,470.0,450.0,22.5,False,Pointer Move (unknown)
1785574757.0240571,473,452,p02-block-2-trial-3-target-6,470.0,450.0,22.5,False,Pointer Move (unknown)
1785574757.032133,472,452,p02-block-2-trial-3-target-6,470.0,450.0,22.5,False,Pointer Move (unknown)
1785574757.0405939,471,452,p02-block-2-trial-3-target-6,470.0,450.0,22.5,False,Pointer Move (unknown)
1785574757.048295,471,452,p02-block-2-trial-3-target-6,470.0,450.0,22.5,False,Pointer Move (unknown)
1785574757.055864,470,452,p02-block-2-trial-3-target-6,470.0,450.0,22.5,False,Pointer Move (unknown)
1785574757.064181,470,452,p02-block-2-trial-3-target-6,470.0,450.0,22.5,False,Pointer Move (unknown)
1785574757.080419,470,452,p02-block-2-trial-3-target-6,470.0,450.0,22.5,False,Pointer Move (unknown)
1785574757.135092,470,452,p02-block-2-trial-3-target-6,470.0,450.0,22.5,target_selected,target_selected
1785574757.290645,470,452,p02-block-2-trial-4-target-2,970.0,450.0,22.5,False,Pointer Move (unknown)
1785574757.298959,473,452,p02-block-2-trial-4-target-2,970.0,450.0,22.5,False,Pointer Move (unknown)
1785574757.309064,479,452,p02-block-2-trial-4-target-2,970.0,450.0,22.5,False,Pointer Move (unknown)
1785574757.315745,488,452,p02-block-2-trial-4-target-2,970.0,450.0,22.5,False,Pointer Move (unknown)
1785574757.3236852,499,452,p02-block-2-trial-4-target-2,970.0,450.0,22.5,False,Pointer Move (unknown)
1785574757.332065,516,452,p02-block-2-trial-4-target-2,970.0,450.0,22.5,False,Pointer Move (unknown)
1785574757.340138,533,452,p02-block-2-trial-4-target-2,970.0,450.0,22.5,False,Pointer Move (unknown)
1785574757.347711,553,452,p02-block-2-trial-4-target-2,970.0,450.0,22.5,False,Pointer Move (unknown)
1785574757.355437,577,452,p02-block-2-trial-4-target-2,970.0,450.0,22.5,False,Pointer Move (unknown)
1785574757.363939,601,452,p02-block-2-trial-4-target-2,970.0,450.0,22.5,False,Pointer Move (unknown)
1785574757.373,625,452,p02-block-2-trial-4-target-2,970.0,450.0,22.5,False,Pointer Move (unknown)
1785574757.3802629,645,452,p02-block-2-trial-4-target-2,970.0,450.0,22.5,False,Pointer Move (unknown)
1785574757.3886778,673,452,p02-block-2-trial-4-target-2,970.0,450.0,22.5,False,Pointer Move (unknown)
1785574757.396523,697,452,p02-block-2-trial-4-target-2,970.0,450.0,22.5,False,Pointer Move (unknown)
1785574757.404178,721,452,p02-block-2-trial-4-target-2,970.0,450.0,22.5,False,Pointer Move (unknown)
1785574757.4124281,745,452,p02-block-2-trial-4-target-2,970.0,450.0,22.5,False,Pointer Move (unknown)
1785574757.4200058,765,452,p02-block-2-trial-4-target-2,970.0,450.0,22.5,False,Pointer Move (unknown)
1785574757.42834,785,452,p02-block-2-trial-4-target-2,970.0,450.0,22.5,False,Pointer Move (unknown)
1785574757.437595,805,452,p02-block-2-trial-4-target-2,970.0,450.0,22.5,False,Pointer Move (unknown)
1785574757.4444318,826,452,p02-block-2-trial-4-target-2,970.0,450.0,22.5,False,Pointer Move (unknown)
1785574757.4524548,843,452,p02-block-2-trial-4-target-2,970.0,450.0,22.5,False,Pointer Move (unknown)
1785574757.461239,857,454,p02-block-2-trial-4-target-2,970.0,450.0,22.5,False,Pointer Move (unknown)
1785574757.468446,863,454,p02-block-2-trial-4-target-2,970.0,450.0,22.5,False,Pointer Move (unknown)
1785574757.476706,872,454,p02-block-2-trial-4-target-2,970.0,450.0,22.5,False,Pointer Move (unknown)
1785574757.4858298,883,455,p02-block-2-trial-4-target-2,970.0,450.0,22.5,False,Pointer Move (unknown)
1785574757.493488,888,455,p02-block-2-trial-4-target-2,970.0,450.0,22.5,False,Pointer Move (unknown)
1785574757.5010638,893,456,p02-block-2-trial-4-target-2,970.0,450.0,22.5,False,Pointer Move (unknown)
1785574757.50915,896,456,p02-block-2-trial-4-target-2,970.0,450.0,22.5,False,Pointer Move (unknown)
1785574757.5172212,899,456,p02-block-2-trial-4-target-2,970.0,450.0,22.5,False,Pointer Move (unknown)
1785574757.530244,901,456,p02-block-2-trial-4-target-2,970.0,450.0,22.5,False,Pointer Move (unknown)
1785574757.53322,904,456,p02-block-2-trial-4-target-2,970.0,450.0,22.5,False,Pointer Move (unknown)
1785574757.5409951,906,456,p02-block-2-trial-4-target-2,970.0,450.0,22.5,False,Pointer Move (unknown)
1785574757.549289,908,456,p02-block-2-trial-4-target-2,970.0,450.0,22.5,False,Pointer Move (unknown)
1785574757.557339,910,456,p02-block-2-trial-4-target-2,970.0,450.0,22.5,False,Pointer Move (unknown)
1785574757.565425,912,456,p02-block-2-trial-4-target-2,970.0,450.0,22.5,False,Pointer Move (unknown)
1785574757.5730538,913,457,p02-block-2-trial-4-target-2,970.0,450.0,22.5,False,Pointer Move (unknown)
1785574757.581952,915,457,p02-block-2-trial-4-target-2,970.0,450.0,22.5,False,Pointer Move (unknown)
1785574757.5895522,917,458,p02-block-2-trial-4-target-2,970.0,450.0,22.5,False,Pointer Move (unknown)
1785574757.597379,921,458,p02-block-2-trial-4-target-2,970.0,450.0,22.5,False,Pointer Move (unknown)
1785574757.6059709,923,458,p02-block-2-trial-4-target-2,970.0,450.0,22.5,False,Pointer Move (unknown)
1785574757.613811,925,458,p02-block-2-trial-4-target-2,970.0,450.0,22.5,False,Pointer Move (unknown)
1785574757.622132,928,458,p02-block-2-trial-4-target-2,970.0,450.0,22.5,False,Pointer Move (unknown)
1785574757.630304,930,458,p02-block-2-trial-4-target-2,970.0,450.0,22.5,False,Pointer Move (unknown)
1785574757.63848,933,459,p02-block-2-trial-4-target-2,970.0,450.0,22.5,False,Pointer Move (unknown)
1785574757.646421,936,459,p02-block-2-trial-4-target-2,970.0,450.0,22.5,False,Pointer Move (unknown)
1785574757.65424,938,460,p02-block-2-trial-4-target-2,970.0,450.0,22.5,False,Pointer Move (unknown)
1785574757.6625652,942,460,p02-block-2-trial-4-target-2,970.0,450.0,22.5,False,Pointer Move (unknown)
1785574757.6702778,944,461,p02-block-2-trial-4-target-2,970.0,450.0,22.5,False,Pointer Move (unknown)
1785574757.6788101,946,461,p02-block-2-trial-4-target-2,970.0,450.0,22.5,False,Pointer Move (unknown)
1785574757.687256,948,461,p02-block-2-trial-4-target-2,970.0,450.0,22.5,False,Pointer Move (unknown)
1785574757.694495,950,461,p02-block-2-trial-4-target-2,970.0,450.0,22.5,False,Pointer Move (unknown)
1785574757.702775,952,461,p02-block-2-trial-4-target-2,970.0,450.0,22.5,False,Pointer Move (unknown)
1785574757.711297,954,461,p02-block-2-trial-4-target-2,970.0,450.0,22.5,False,Pointer Move (unknown)
1785574757.719233,957,462,p02-block-2-trial-4-target-2,970.0,450.0,22.5,False,Pointer Move (unknown)
1785574757.727788,959,462,p02-block-2-trial-4-target-2,970.0,450.0,22.5,False,Pointer Move (unknown)
1785574757.7361438,961,462,p02-block-2-trial-4-target-2,970.0,450.0,22.5,False,Pointer Move (unknown)
1785574757.7434611,962,462,p02-block-2-trial-4-target-2,970.0,450.0,22.5,False,Pointer Move (unknown)
1785574757.751869,964,463,p02-block-2-trial-4-target-2,970.0,450.0,22.5,False,Pointer Move (unknown)
1785574757.759573,965,463,p02-block-2-trial-4-target-2,970.0,450.0,22.5,False,Pointer Move (unknown)
1785574757.767688,967,463,p02-block-2-trial-4-target-2,970.0,450.0,22.5,False,Pointer Move (unknown)
1785574757.7757518,968,463,p02-block-2-trial-4-target-2,970.0,450.0,22.5,False,Pointer Move (unknown)
1785574757.783971,969,463,p02-block-2-trial-4-target-2,970.0,450.0,22.5,False,Pointer Move (unknown)
1785574757.791992,970,463,p02-block-2-trial-4-target-2,970.0,450.0,22.5,False,Pointer Move (unknown)
1785574757.8002508,971,463,p02-block-2-trial-4-target-2,970.0,450.0,22.5,False,Pointer Move (unknown)
1785574757.808361,972,463,p02-block-2-trial-4-target-2,970.0,450.0,22.5,False,Pointer Move (unknown)
1785574757.817261,973,463,p02-block-2-trial-4-target-2,970.0,450.0,22.5,False,Pointer Move (unknown)
1785574757.824817,974,463,p02-block-2-trial-4-target-2,970.0,450.0,22.5,False,Pointer Move (unknown)
1785574757.832445,974,463,p02-block-2-trial-4-target-2,970.0,450.0,22.5,False,Pointer Move (unknown)
1785574757.840426,975,463,p02-block-2-trial-4-target-2,970.0,450.0,22.5,False,Pointer Move (unknown)
1785574757.849247,975,463,p02-block-2-trial-4-target-2,970.0,450.0,22.5,False,Pointer Move (unknown)
1785574757.8572018,975,463,p02-block-2-trial-4-target-2,970.0,450.0,22.5,False,Pointer Move (unknown)
1785574757.882453,976,463,p02-block-2-trial-4-target-2,970.0,450.0,22.5,False,Pointer Move (unknown)
1785574757.934889,976,463,p02-block-2-trial-4-target-2,970.0,450.0,22.5,target_selected,target_selected
1785574758.1888618,975,463,p02-block-2-trial-5-target-6,470.0,450.0,22.5,False,Pointer Move (unknown)
1785574758.19666,972,463,p02-block-2-trial-5-target-6,470.0,450.0,22.5,False,Pointer Move (unknown)
1785574758.203598,969,463,p02-block-2-trial-5-target-6,470.0,450.0,22.5,False,Pointer Move (unknown)
1785574758.212126,962,463,p02-block-2-trial-5-target-6,470.0,450.0,22.5,False,Pointer Move (unknown)
1785574758.220138,953,463,p02-block-2-trial-5-target-6,470.0,450.0,22.5,False,Pointer Move (unknown)
1785574758.228108,942,463,p02-block-2-trial-5-target-6,470.0,450.0,22.5,False,Pointer Move (unknown)
1785574758.235949,931,463,p02-block-2-trial-5-target-6,470.0,450.0,22.5,False,Pointer Move (unknown)
1785574758.244309,917,463,p02-block-2-trial-5-target-6,470.0,450.0,22.5,False,Pointer Move (unknown)
1785574758.252838,900,463,p02-block-2-trial-5-target-6,470.0,450.0,22.5,False,Pointer Move (unknown)
1785574758.2610261,880,463,p02-block-2-trial-5-target-6,470.0,450.0,22.5,False,Pointer Move (unknown)
1785574758.268924,856,463,p02-block-2-trial-5-target-6,470.0,450.0,22.5,False,Pointer Move (unknown)
1785574758.277199,836,463,p02-block-2-trial-5-target-6,470.0,450.0,22.5,False,Pointer Move (unknown)
1785574758.2858188,812,463,p02-block-2-trial-5-target-6,470.0,450.0,22.5,False,Pointer Move (unknown)
1785574758.293429,784,463,p02-block-2-trial-5-target-6,470.0,450.0,22.5,False,Pointer Move (unknown)
1785574758.301719,764,463,p02-block-2-trial-5-target-6,470.0,450.0,22.5,False,Pointer Move (unknown)
1785574758.310057,736,463,p02-block-2-trial-5-target-6,470.0,450.0,22.5,False,Pointer Move (unknown)
1785574758.317337,708,463,p02-block-2-trial-5-target-6,470.0,450.0,22.5,False,Pointer Move (unknown)
1785574758.325419,680,461,p02-block-2-trial-5-target-6,470.0,450.0,22.5,False,Pointer Move (unknown)
1785574758.333167,657,457,p02-block-2-trial-5-target-6,470.0,450.0,22.5,False,Pointer Move (unknown)
1785574758.3411782,629,454,p02-block-2-trial-5-target-6,470.0,450.0,22.5,False,Pointer Move (unknown)
1785574758.34954,609,453,p02-block-2-trial-5-target-6,470.0,450.0,22.5,False,Pointer Move (unknown)
1785574758.3573482,585,451,p02-block-2-trial-5-target-6,470.0,450.0,22.5,False,Pointer Move (unknown)
1785574758.365818,564,449,p02-block-2-trial-5-target-6,470.0,450.0,22.5,False,Pointer Move (unknown)
1785574758.3747,548,447,p02-block-2-trial-5-target-6,470.0,450.0,22.5,False,Pointer Move (unknown)
1785574758.382059,534,446,p02-block-2-trial-5-target-6,470.0,450.0,22.5,False,Pointer Move (unknown)
1785574758.3903968,527,444,p02-block-2-trial-5-target-6,470.0,450.0,22.5,False,Pointer Move (unknown)
1785574758.3979762,516,443,p02-block-2-trial-5-target-6,470.0,450.0,22.5,False,Pointer Move (unknown)
1785574758.406671,507,442,p02-block-2-trial-5-target-6,470.0,450.0,22.5,False,Pointer Move (unknown)
1785574758.4151292,501,441,p02-block-2-trial-5-target-6,470.0,450.0,22.5,False,Pointer Move (unknown)
1785574758.4224799,496,441,p02-block-2-trial-5-target-6,470.0,450.0,22.5,False,Pointer Move (unknown)
1785574758.430721,491,440,p02-block-2-trial-5-target-6,470.0,450.0,22.5,False,Pointer Move (unknown)
1785574758.437995,489,439,p02-block-2-trial-5-target-6,470.0,450.0,22.5,False,Pointer Move (unknown)
1785574758.446392,487,439,p02-block-2-trial-5-target-6,470.0,450.0,22.5,False,Pointer Move (unknown)
1785574758.455513,486,439,p02-block-2-trial-5-target-6,470.0,450.0,22.5,False,Pointer Move (unknown)
1785574758.463222,485,439,p02-block-2-trial-5-target-6,470.0,450.0,22.5,False,Pointer Move (unknown)
1785574758.4711711,485,439,p02-block-2-trial-5-target-6,470.0,450.0,22.5,False,Pointer Move (unknown)
1785574758.4794528,484,439,p02-block-2-trial-5-target-6,470.0,450.0,22.5,False,Pointer Move (unknown)
1785574758.487333,484,439,p02-block-2-trial-5-target-6,470.0,450.0,22.5,False,Pointer Move (unknown)
1785574758.505218,483,439,p02-block-2-trial-5-target-6,470.0,450.0,22.5,False,Pointer Move (unknown)
1785574758.5210009,483,439,p02-block-2-trial-5-target-6,470.0,450.0,22.5,False,Pointer Move (unknown)
1785574758.536483,483,439,p02-block-2-trial-5-target-6,470.0,450.0,22.5,False,Pointer Move (unknown)
1785574758.5460658,482,439,p02-block-2-trial-5-target-6,470.0,450.0,22.5,False,Pointer Move (unknown)
1785574758.560888,482,439,p02-block-2-trial-5-target-6,470.0,450.0,22.5,False,Pointer Move (unknown)
1785574758.717487,479,439,p02-block-2-trial-5-target-6,470.0,450.0,22.5,False,Pointer Move (unknown)
1785574758.7175438,479,439,p02-block-2-trial-5-target-6,470.0,450.0,22.5,target_selected,target_selected
1785574758.85067,484,439,p02-block-2-trial-6-target-2,970.0,450.0,22.5,False,Pointer Move (unknown)
1785574758.8587022,495,439,p02-block-2-trial-6-target-2,970.0,450.0,22.5,False,Pointer Move (unknown)
1785574758.868906,503,439,p02-block-2-trial-6-target-2,970.0,450.0,22.5,False,Pointer Move (unknown)
1785574758.87489,520,439,p02-block-2-trial-6-target-2,970.0,450.0,22.5,False,Pointer Move (unknown)
1785574758.882543,537,439,p02-block-2-trial-6-target-2,970.0,450.0,22.5,False,Pointer Move (unknown)
1785574758.890985,561,439,p02-block-2-trial-6-target-2,970.0,450.0,22.5,False,Pointer Move (unknown)
1785574758.900073,585,439,p02-block-2-trial-6-target-2,970.0,450.0,22.5,False,Pointer Move (unknown)
1785574758.907147,609,439,p02-block-2-trial-6-target-2,970.0,450.0,22.5,False,Pointer Move (unknown)
1785574758.9155872,637,439,p02-block-2-trial-6-target-2,970.0,450.0,22.5,False,Pointer Move (unknown)
1785574758.923723,657,439,p02-block-2-trial-6-target-2,970.0,450.0,22.5,False,Pointer Move (unknown)
1785574758.933517,681,439,p02-block-2-trial-6-target-2,970.0,450.0,22.5,False,Pointer Move (unknown)
1785574758.940394,705,439,p02-block-2-trial-6-target-2,970.0,450.0,22.5,False,Pointer Move (unknown)
1785574758.948419,729,441,p02-block-2-trial-6-target-2,970.0,450.0,22.5,False,Pointer Move (unknown)
1785574758.9565709,753,445,p02-block-2-trial-6-target-2,970.0,450.0,22.5,False,Pointer Move (unknown)
1785574758.967703,769,445,p02-block-2-trial-6-target-2,970.0,450.0,22.5,False,Pointer Move (unknown)
1785574758.972656,786,449,p02-block-2-trial-6-target-2,970.0,450.0,22.5,False,Pointer Move (unknown)
1785574758.981222,803,452,p02-block-2-trial-6-target-2,970.0,450.0,22.5,False,Pointer Move (unknown)
1785574758.988885,817,453,p02-block-2-trial-6-target-2,970.0,450.0,22.5,False,Pointer Move (unknown)
1785574758.9972742,828,455,p02-block-2-trial-6-target-2,970.0,450.0,22.5,False,Pointer Move (unknown)
1785574759.0049138,832,456,p02-block-2-trial-6-target-2,970.0,450.0,22.5,False,Pointer Move (unknown)
1785574759.013001,843,457,p02-block-2-trial-6-target-2,970.0,450.0,22.5,False,Pointer Move (unknown)
1785574759.020873,852,458,p02-block-2-trial-6-target-2,970.0,450.0,22.5,False,Pointer Move (unknown)
1785574759.028992,858,458,p02-block-2-trial-6-target-2,970.0,450.0,22.5,False,Pointer Move (unknown)
1785574759.036992,865,459,p02-block-2-trial-6-target-2,970.0,450.0,22.5,False,Pointer Move (unknown)
1785574759.045152,868,460,p02-block-2-trial-6-target-2,970.0,450.0,22.5,False,Pointer Move (unknown)
1785574759.0532448,873,460,p02-block-2-trial-6-target-2,970.0,450.0,22.5,False,Pointer Move (unknown)
1785574759.061507,876,460,p02-block-2-trial-6-target-2,970.0,450.0,22.5,False,Pointer Move (unknown)
1785574759.069216,879,461,p02-block-2-trial-6-target-2,970.0,450.0,22.5,False,Pointer Move (unknown)
1785574759.077572,883,461,p02-block-2-trial-6-target-2,970.0,450.0,22.5,False,Pointer Move (unknown)
1785574759.0858371,885,461,p02-block-2-trial-6-target-2,970.0,450.0,22.5,False,Pointer Move (unknown)
1785574759.093633,888,461,p02-block-2-trial-6-target-2,970.0,450.0,22.5,False,Pointer Move (unknown)
1785574759.105972,890,462,p02-block-2-trial-6-target-2,970.0,450.0,22.5,False,Pointer Move (unknown)
1785574759.1101649,891,462,p02-block-2-trial-6-target-2,970.0,450.0,22.5,False,Pointer Move (unknown)
1785574759.1179242,893,462,p02-block-2-trial-6-target-2,970.0,450.0,22.5,False,Pointer Move (unknown)
1785574759.125547,894,462,p02-block-2-trial-6-target-2,970.0,450.0,22.5,False,Pointer Move (unknown)
1785574759.133882,896,462,p02-block-2-trial-6-target-2,970.0,450.0,22.5,False,Pointer Move (unknown)
1785574759.142217,897,462,p02-block-2-trial-6-target-2,970.0,450.0,22.5,False,Pointer Move (unknown)
1785574759.1504772,897,462,p02-block-2-trial-6-target-2,970.0,450.0,22.5,False,Pointer Move (unknown)
1785574759.158585,898,462,p02-block-2-trial-6-target-2,970.0,450.0,22.5,False,Pointer Move (unknown)
1785574759.166892,899,462,p02-block-2-trial-6-target-2,970.0,450.0,22.5,False,Pointer Move (unknown)
1785574759.1751812,900,462,p02-block-2-trial-6-target-2,970.0,450.0,22.5,False,Pointer Move (unknown)
1785574759.183071,900,462,p02-block-2-trial-6-target-2,970.0,450.0,22.5,False,Pointer Move (unknown)
1785574759.190659,901,462,p02-block-2-trial-6-target-2,970.0,450.0,22.5,False,Pointer Move (unknown)
1785574759.201161,901,462,p02-block-2-trial-6-target-2,970.0,450.0,22.5,False,Pointer Move (unknown)
1785574759.206937,901,462,p02-block-2-trial-6-target-2,970.0,450.0,22.5,False,Pointer Move (unknown)
1785574759.2152882,902,462,p02-block-2-trial-6-target-2,970.0,450.0,22.5,False,Pointer Move (unknown)
1785574759.22306,902,462,p02-block-2-trial-6-target-2,970.0,450.0,22.5,False,Pointer Move (unknown)
1785574759.233876,902,462,p02-block-2-trial-6-target-2,970.0,450.0,22.5,False,Pointer Move (unknown)
1785574759.23875,903,462,p02-block-2-trial-6-target-2,970.0,450.0,22.5,False,Pointer Move (unknown)
1785574759.2470982,903,462,p02-block-2-trial-6-target-2,970.0,450.0,22.5,False,Pointer Move (unknown)
1785574759.2590232,904,462,p02-block-2-trial-6-target-2,970.0,450.0,22.5,False,Pointer Move (unknown)
1785574759.267863,905,462,p02-block-2-trial-6-target-2,970.0,450.0,22.5,False,Pointer Move (unknown)
1785574759.2716851,905,462,p02-block-2-trial-6-target-2,970.0,450.0,22.5,False,Pointer Move (unknown)
1785574759.2796218,906,462,p02-block-2-trial-6-target-2,970.0,450.0,22.5,False,Pointer Move (unknown)
1785574759.287544,906,462,p02-block-2-trial-6-target-2,970.0,450.0,22.5,False,Pointer Move (unknown)
1785574759.2962072,907,462,p02-block-2-trial-6-target-2,970.0,450.0,22.5,False,Pointer Move (unknown)
1785574759.3040981,907,462,p02-block-2-trial-6-target-2,970.0,450.0,22.5,False,Pointer Move (unknown)
1785574759.312381,908,462,p02-block-2-trial-6-target-2,970.0,450.0,22.5,False,Pointer Move (unknown)
1785574759.3201878,908,462,p02-block-2-trial-6-target-2,970.0,450.0,22.5,False,Pointer Move (unknown)
1785574759.327965,908,462,p02-block-2-trial-6-target-2,970.0,450.0,22.5,False,Pointer Move (unknown)
1785574759.3363168,909,462,p02-block-2-trial-6-target-2,970.0,450.0,22.5,False,Pointer Move (unknown)
1785574759.368542,909,461,p02-block-2-trial-6-target-2,970.0,450.0,22.5,False,Pointer Move (unknown)
1785574759.37653,909,461,p02-block-2-trial-6-target-2,970.0,450.0,22.5,False,Pointer Move (unknown)
1785574759.385312,909,461,p02-block-2-trial-6-target-2,970.0,450.0,22.5,False,Pointer Move (unknown)
1785574759.392813,909,460,p02-block-2-trial-6-target-2,970.0,450.0,22.5,False,Pointer Move (unknown)
1785574759.4058292,909,459,p02-block-2-trial-6-target-2,970.0,450.0,22.5,False,Pointer Move (unknown)
1785574759.408968,909,459,p02-block-2-trial-6-target-2,970.0,450.0,22.5,False,Pointer Move (unknown)
1785574759.418551,909,458,p02-block-2-trial-6-target-2,970.0,450.0,22.5,False,Pointer Move (unknown)
1785574759.424896,909,457,p02-block-2-trial-6-target-2,970.0,450.0,22.5,False,Pointer Move (unknown)
1785574759.4342752,908,457,p02-block-2-trial-6-target-2,970.0,450.0,22.5,False,Pointer Move (unknown)
1785574759.441683,908,457,p02-block-2-trial-6-target-2,970.0,450.0,22.5,False,Pointer Move (unknown)
1785574759.449149,908,456,p02-block-2-trial-6-target-2,970.0,450.0,22.5,False,Pointer Move (unknown)
1785574759.4661582,908,456,p02-block-2-trial-6-target-2,970.0,450.0,22.5,False,Pointer Move (unknown)
1785574759.4817631,908,456,p02-block-2-trial-6-target-2,970.0,450.0,22.5,False,Pointer Move (unknown)
1785574759.514003,908,455,p02-block-2-trial-6-target-2,970.0,450.0,22.5,False,Pointer Move (unknown)
1785574759.588143,908,455,p02-block-2-trial-6-target-2,970.0,450.0,22.5,False,Pointer Move (unknown)
1785574759.5950248,909,455,p02-block-2-trial-6-target-2,970.0,450.0,22.5,False,Pointer Move (unknown)
1785574759.6029692,909,455,p02-block-2-trial-6-target-2,970.0,450.0,22.5,False,Pointer Move (unknown)
1785574759.610946,909,455,p02-block-2-trial-6-target-2,970.0,450.0,22.5,False,Pointer Move (unknown)
1785574759.618985,910,455,p02-block-2-trial-6-target-2,970.0,450.0,22.5,False,Pointer Move (unknown)
1785574759.635534,910,455,p02-block-2-trial-6-target-2,970.0,450.0,22.5,False,Pointer Move (unknown)
1785574759.64337,910,455,p02-block-2-trial-6-target-2,970.0,450.0,22.5,False,Pointer Move (unknown)
1785574759.65083,910,455,p02-block-2-trial-6-target-2,970.0,450.0,22.5,False,Pointer Move (unknown)
1785574759.668006,911,454,p02-block-2-trial-6-target-2,970.0,450.0,22.5,False,Pointer Move (unknown)
1785574759.6758761,911,454,p02-block-2-trial-6-target-2,970.0,450.0,22.5,False,Pointer Move (unknown)
1785574759.683858,911,454,p02-block-2-trial-6-target-2,970.0,450.0,22.5,False,Pointer Move (unknown)
1785574759.692307,911,452,p02-block-2-trial-6-target-2,970.0,450.0,22.5,False,Pointer Move (unknown)
1785574759.700254,911,451,p02-block-2-trial-6-target-2,970.0,450.0,22.5,False,Pointer Move (unknown)
1785574759.710099,912,450,p02-block-2-trial-6-target-2,970.0,450.0,22.5,False,Pointer Move (unknown)
1785574759.7167192,912,448,p02-block-2-trial-6-target-2,970.0,450.0,22.5,False,Pointer Move (unknown)
1785574759.7246678,912,447,p02-block-2-trial-6-target-2,970.0,450.0,22.5,False,Pointer Move (unknown)
1785574759.732664,912,445,p02-block-2-trial-6-target-2,970.0,450.0,22.5,False,Pointer Move (unknown)
1785574759.741235,912,443,p02-block-2-trial-6-target-2,970.0,450.0,22.5,False,Pointer Move (unknown)
1785574759.749276,912,440,p02-block-2-trial-6-target-2,970.0,450.0,22.5,False,Pointer Move (unknown)
1785574759.757826,912,438,p02-block-2-trial-6-target-2,970.0,450.0,22.5,False,Pointer Move (unknown)
1785574759.765068,912,435,p02-block-2-trial-6-target-2,970.0,450.0,22.5,False,Pointer Move (unknown)
1785574759.773107,912,433,p02-block-2-trial-6-target-2,970.0,450.0,22.5,False,Pointer Move (unknown)
1785574759.781267,912,430,p02-block-2-trial-6-target-2,970.0,450.0,22.5,False,Pointer Move (unknown)
1785574759.789828,912,428,p02-block-2-trial-6-target-2,970.0,450.0,22.5,False,Pointer Move (unknown)
1785574759.7976289,912,424,p02-block-2-trial-6-target-2,970.0,450.0,22.5,False,Pointer Move (unknown)
1785574759.8060641,912,422,p02-block-2-trial-6-target-2,970.0,450.0,22.5,False,Pointer Move (unknown)
1785574759.8142002,912,420,p02-block-2-trial-6-target-2,970.0,450.0,22.5,False,Pointer Move (unknown)
1785574759.8223119,912,418,p02-block-2-trial-6-target-2,970.0,450.0,22.5,False,Pointer Move (unknown)
1785574759.8304472,912,416,p02-block-2-trial-6-target-2,970.0,450.0,22.5,False,Pointer Move (unknown)
1785574759.838745,911,415,p02-block-2-trial-6-target-2,970.0,450.0,22.5,False,Pointer Move (unknown)
1785574759.847074,911,413,p02-block-2-trial-6-target-2,970.0,450.0,22.5,False,Pointer Move (unknown)
1785574759.854538,911,412,p02-block-2-trial-6-target-2,970.0,450.0,22.5,False,Pointer Move (unknown)
1785574759.863513,911,411,p02-block-2-trial-6-target-2,970.0,450.0,22.5,False,Pointer Move (unknown)
1785574759.871381,911,410,p02-block-2-trial-6-target-2,970.0,450.0,22.5,False,Pointer Move (unknown)
1785574759.87904,910,409,p02-block-2-trial-6-target-2,970.0,450.0,22.5,False,Pointer Move (unknown)
1785574759.8867772,910,408,p02-block-2-trial-6-target-2,970.0,450.0,22.5,False,Pointer Move (unknown)
1785574759.8947468,910,407,p02-block-2-trial-6-target-2,970.0,450.0,22.5,False,Pointer Move (unknown)
1785574759.902293,910,406,p02-block-2-trial-6-target-2,970.0,450.0,22.5,False,Pointer Move (unknown)
1785574759.910741,910,405,p02-block-2-trial-6-target-2,970.0,450.0,22.5,False,Pointer Move (unknown)
1785574759.919061,910,403,p02-block-2-trial-6-target-2,970.0,450.0,22.5,False,Pointer Move (unknown)
1785574759.926741,910,402,p02-block-2-trial-6-target-2,970.0,450.0,22.5,False,Pointer Move (unknown)
1785574759.934989,909,401,p02-block-2-trial-6-target-2,970.0,450.0,22.5,False,Pointer Move (unknown)
1785574759.942474,909,399,p02-block-2-trial-6-target-2,970.0,450.0,22.5,False,Pointer Move (unknown)
1785574761.124353,905,371,p02-block-2-trial-6-target-2,970.0,450.0,22.5,False,Pointer Move (unknown)
1785574761.13972,905,371,p02-block-2-trial-6-target-2,970.0,450.0,22.5,False,Pointer Move (unknown)
1785574761.14836,904,371,p02-block-2-trial-6-target-2,970.0,450.0,22.5,False,Pointer Move (unknown)
1785574761.156152,904,371,p02-block-2-trial-6-target-2,970.0,450.0,22.5,False,Pointer Move (unknown)
1785574761.1645792,904,371,p02-block-2-trial-6-target-2,970.0,450.0,22.5,False,Pointer Move (unknown)
1785574761.1730602,903,371,p02-block-2-trial-6-target-2,970.0,450.0,22.5,False,Pointer Move (unknown)
1785574761.1807518,902,372,p02-block-2-trial-6-target-2,970.0,450.0,22.5,False,Pointer Move (unknown)
1785574761.1888,901,372,p02-block-2-trial-6-target-2,970.0,450.0,22.5,False,Pointer Move (unknown)
1785574761.197102,899,372,p02-block-2-trial-6-target-2,970.0,450.0,22.5,False,Pointer Move (unknown)
1785574761.2058969,898,372,p02-block-2-trial-6-target-2,970.0,450.0,22.5,False,Pointer Move (unknown)
1785574761.212831,896,372,p02-block-2-trial-6-target-2,970.0,450.0,22.5,False,Pointer Move (unknown)
1785574761.221045,894,372,p02-block-2-trial-6-target-2,970.0,450.0,22.5,False,Pointer Move (unknown)
1785574761.229734,892,372,p02-block-2-trial-6-target-2,970.0,450.0,22.5,False,Pointer Move (unknown)
1785574761.2381,889,372,p02-block-2-trial-6-target-2,970.0,450.0,22.5,False,Pointer Move (unknown)
1785574761.245832,886,372,p02-block-2-trial-6-target-2,970.0,450.0,22.5,False,Pointer Move (unknown)
1785574761.253073,877,374,p02-block-2-trial-6-target-2,970.0,450.0,22.5,False,Pointer Move (unknown)
1785574761.262135,872,375,p02-block-2-trial-6-target-2,970.0,450.0,22.5,False,Pointer Move (unknown)
1785574761.2694201,864,376,p02-block-2-trial-6-target-2,970.0,450.0,22.5,False,Pointer Move (unknown)
1785574761.2783139,855,377,p02-block-2-trial-6-target-2,970.0,450.0,22.5,False,Pointer Move (unknown)
1785574761.286714,844,380,p02-block-2-trial-6-target-2,970.0,450.0,22.5,False,Pointer Move (unknown)
1785574761.294654,833,384,p02-block-2-trial-6-target-2,970.0,450.0,22.5,False,Pointer Move (unknown)
1785574761.3025122,829,387,p02-block-2-trial-6-target-2,970.0,450.0,22.5,False,Pointer Move (unknown)
1785574761.3097441,820,391,p02-block-2-trial-6-target-2,970.0,450.0,22.5,False,Pointer Move (unknown)
1785574761.3181791,814,395,p02-block-2-trial-6-target-2,970.0,450.0,22.5,False,Pointer Move (unknown)
1785574761.326752,809,400,p02-block-2-trial-6-target-2,970.0,450.0,22.5,False,Pointer Move (unknown)
1785574761.3352919,805,402,p02-block-2-trial-6-target-2,970.0,450.0,22.5,False,Pointer Move (unknown)
1785574761.3427,802,406,p02-block-2-trial-6-target-2,970.0,450.0,22.5,False,Pointer Move (unknown)
1785574761.3500001,801,408,p02-block-2-trial-6-target-2,970.0,450.0,22.5,False,Pointer Move (unknown)
1785574761.3583858,800,410,p02-block-2-trial-6-target-2,970.0,450.0,22.5,False,Pointer Move (unknown)
1785574761.3665369,799,414,p02-block-2-trial-6-target-2,970.0,450.0,22.5,False,Pointer Move (unknown)
1785574761.374933,799,416,p02-block-2-trial-6-target-2,970.0,450.0,22.5,False,Pointer Move (unknown)
1785574761.383439,799,418,p02-block-2-trial-6-target-2,970.0,450.0,22.5,False,Pointer Move (unknown)
1785574761.391496,799,420,p02-block-2-trial-6-target-2,970.0,450.0,22.5,False,Pointer Move (unknown)
1785574761.398262,799,422,p02-block-2-trial-6-target-2,970.0,450.0,22.5,False,Pointer Move (unknown)
1785574761.408103,799,424,p02-block-2-trial-6-target-2,970.0,450.0,22.5,False,Pointer Move (unknown)
1785574761.415437,799,427,p02-block-2-trial-6-target-2,970.0,450.0,22.5,False,Pointer Move (unknown)
1785574761.4233081,799,429,p02-block-2-trial-6-target-2,970.0,450.0,22.5,False,Pointer Move (unknown)
1785574761.4311302,799,432,p02-block-2-trial-6-target-2,970.0,450.0,22.5,False,Pointer Move (unknown)
1785574761.438995,801,434,p02-block-2-trial-6-target-2,970.0,450.0,22.5,False,Pointer Move (unknown)
1785574761.447636,806,440,p02-block-2-trial-6-target-2,970.0,450.0,22.5,False,Pointer Move (unknown)
1785574761.455446,809,443,p02-block-2-trial-6-target-2,970.0,450.0,22.5,False,Pointer Move (unknown)
1785574761.463459,816,446,p02-block-2-trial-6-target-2,970.0,450.0,22.5,False,Pointer Move (unknown)
1785574761.47122,823,449,p02-block-2-trial-6-target-2,970.0,450.0,22.5,False,Pointer Move (unknown)
1785574761.4798238,834,452,p02-block-2-trial-6-target-2,970.0,450.0,22.5,False,Pointer Move (unknown)
1785574761.48768,843,454,p02-block-2-trial-6-target-2,970.0,450.0,22.5,False,Pointer Move (unknown)
1785574761.496089,849,455,p02-block-2-trial-6-target-2,970.0,450.0,22.5,False,Pointer Move (unknown)
1785574761.504089,858,456,p02-block-2-trial-6-target-2,970.0,450.0,22.5,False,Pointer Move (unknown)
1785574761.5120661,869,457,p02-block-2-trial-6-target-2,970.0,450.0,22.5,False,Pointer Move (unknown)
1785574761.521844,878,457,p02-block-2-trial-6-target-2,970.0,450.0,22.5,False,Pointer Move (unknown)
1785574761.529272,884,457,p02-block-2-trial-6-target-2,970.0,450.0,22.5,False,Pointer Move (unknown)
1785574761.537222,891,457,p02-block-2-trial-6-target-2,970.0,450.0,22.5,False,Pointer Move (unknown)
1785574761.5446458,898,457,p02-block-2-trial-6-target-2,970.0,450.0,22.5,False,Pointer Move (unknown)
1785574761.553387,902,457,p02-block-2-trial-6-target-2,970.0,450.0,22.5,False,Pointer Move (unknown)
1785574761.561524,907,458,p02-block-2-trial-6-target-2,970.0,450.0,22.5,False,Pointer Move (unknown)
1785574761.569586,912,458,p02-block-2-trial-6-target-2,970.0,450.0,22.5,False,Pointer Move (unknown)
1785574761.578291,915,459,p02-block-2-trial-6-target-2,970.0,450.0,22.5,False,Pointer Move (unknown)
1785574761.586067,917,459,p02-block-2-trial-6-target-2,970.0,450.0,22.5,False,Pointer Move (unknown)
1785574761.593981,921,460,p02-block-2-trial-6-target-2,970.0,450.0,22.5,False,Pointer Move (unknown)
1785574761.601421,923,461,p02-block-2-trial-6-target-2,970.0,450.0,22.5,False,Pointer Move (unknown)
1785574761.609799,924,461,p02-block-2-trial-6-target-2,970.0,450.0,22.5,False,Pointer Move (unknown)
1785574761.617846,926,461,p02-block-2-trial-6-target-2,970.0,450.0,22.5,False,Pointer Move (unknown)
1785574761.6260102,927,462,p02-block-2-trial-6-target-2,970.0,450.0,22.5,False,Pointer Move (unknown)
1785574761.634146,928,462,p02-block-2-trial-6-target-2,970.0,450.0,22.5,False,Pointer Move (unknown)
1785574761.642611,929,462,p02-block-2-trial-6-target-2,970.0,450.0,22.5,False,Pointer Move (unknown)
1785574761.650628,929,462,p02-block-2-trial-6-target-2,970.0,450.0,22.5,False,Pointer Move (unknown)
1785574761.65823,930,463,p02-block-2-trial-6-target-2,970.0,450.0,22.5,False,Pointer Move (unknown)
1785574761.666441,931,463,p02-block-2-trial-6-target-2,970.0,450.0,22.5,False,Pointer Move (unknown)
1785574761.673845,932,463,p02-block-2-trial-6-target-2,970.0,450.0,22.5,False,Pointer Move (unknown)
1785574761.6818502,933,464,p02-block-2-trial-6-target-2,970.0,450.0,22.5,False,Pointer Move (unknown)
1785574761.690175,934,464,p02-block-2-trial-6-target-2,970.0,450.0,22.5,False,Pointer Move (unknown)
1785574761.6986601,935,464,p02-block-2-trial-6-target-2,970.0,450.0,22.5,False,Pointer Move (unknown)
1785574761.706818,936,464,p02-block-2-trial-6-target-2,970.0,450.0,22.5,False,Pointer Move (unknown)
1785574761.714956,937,465,p02-block-2-trial-6-target-2,970.0,450.0,22.5,False,Pointer Move (unknown)
1785574761.7229881,938,465,p02-block-2-trial-6-target-2,970.0,450.0,22.5,False,Pointer Move (unknown)
1785574761.731023,939,466,p02-block-2-trial-6-target-2,970.0,450.0,22.5,False,Pointer Move (unknown)
1785574761.7379992,940,466,p02-block-2-trial-6-target-2,970.0,450.0,22.5,False,Pointer Move (unknown)
1785574761.7462049,942,466,p02-block-2-trial-6-target-2,970.0,450.0,22.5,False,Pointer Move (unknown)
1785574761.7544162,943,466,p02-block-2-trial-6-target-2,970.0,450.0,22.5,False,Pointer Move (unknown)
1785574761.7626948,944,467,p02-block-2-trial-6-target-2,970.0,450.0,22.5,False,Pointer Move (unknown)
1785574761.771024,946,467,p02-block-2-trial-6-target-2,970.0,450.0,22.5,False,Pointer Move (unknown)
1785574761.7787268,947,467,p02-block-2-trial-6-target-2,970.0,450.0,22.5,False,Pointer Move (unknown)
1785574761.78657,949,468,p02-block-2-trial-6-target-2,970.0,450.0,22.5,False,Pointer Move (unknown)
1785574761.79465,951,468,p02-block-2-trial-6-target-2,970.0,450.0,22.5,False,Pointer Move (unknown)
1785574761.802921,953,468,p02-block-2-trial-6-target-2,970.0,450.0,22.5,False,Pointer Move (unknown)
1785574761.811743,955,468,p02-block-2-trial-6-target-2,970.0,450.0,22.5,False,Pointer Move (unknown)
1785574761.819813,957,468,p02-block-2-trial-6-target-2,970.0,450.0,22.5,False,Pointer Move (unknown)
1785574761.82795,960,468,p02-block-2-trial-6-target-2,970.0,450.0,22.5,False,Pointer Move (unknown)
1785574761.8356009,962,468,p02-block-2-trial-6-target-2,970.0,450.0,22.5,False,Pointer Move (unknown)
1785574761.8435872,963,468,p02-block-2-trial-6-target-2,970.0,450.0,22.5,False,Pointer Move (unknown)
1785574761.852442,965,468,p02-block-2-trial-6-target-2,970.0,450.0,22.5,False,Pointer Move (unknown)
1785574761.860509,967,468,p02-block-2-trial-6-target-2,970.0,450.0,22.5,False,Pointer Move (unknown)
1785574761.868614,968,468,p02-block-2-trial-6-target-2,970.0,450.0,22.5,False,Pointer Move (unknown)
1785574761.8766341,969,468,p02-block-2-trial-6-target-2,970.0,450.0,22.5,False,Pointer Move (unknown)
1785574761.884802,969,468,p02-block-2-trial-6-target-2,970.0,450.0,22.5,False,Pointer Move (unknown)
1785574761.892874,969,468,p02-block-2-trial-6-target-2,970.0,450.0,22.5,False,Pointer Move (unknown)
1785574761.900904,970,468,p02-block-2-trial-6-target-2,970.0,450.0,22.5,False,Pointer Move (unknown)
1785574761.908891,970,468,p02-block-2-trial-6-target-2,970.0,450.0,22.5,False,Pointer Move (unknown)
1785574761.916676,971,468,p02-block-2-trial-6-target-2,970.0,450.0,22.5,False,Pointer Move (unknown)
1785574761.923939,971,468,p02-block-2-trial-6-target-2,970.0,450.0,22.5,False,Pointer Move (unknown)
1785574761.932251,971,468,p02-block-2-trial-6-target-2,970.0,450.0,22.5,False,Pointer Move (unknown)
1785574761.940684,971,468,p02-block-2-trial-6-target-2,970.0,450.0,22.5,False,Pointer Move (unknown)
1785574761.948661,971,467,p02-block-2-trial-6-target-2,970.0,450.0,22.5,False,Pointer Move (unknown)
1785574761.956485,971,467,p02-block-2-trial-6-target-2,970.0,450.0,22.5,False,Pointer Move (unknown)
1785574761.9859068,971,467,p02-block-2-trial-6-target-2,970.0,450.0,22.5,target_selected,target_selected
1785574762.003096,971,467,p02-block-2-trial-7-target-6,470.0,450.0,22.5,False,Pointer Move (unknown)
1785574762.451641,971,467,p02-block-2-trial-7-target-6,470.0,450.0,22.5,False,Pointer Move (unknown)
1785574762.458755,964,467,p02-block-2-trial-7-target-6,470.0,450.0,22.5,False,Pointer Move (unknown)
1785574762.4667368,944,467,p02-block-2-trial-7-target-6,470.0,450.0,22.5,False,Pointer Move (unknown)
1785574762.4763079,924,467,p02-block-2-trial-7-target-6,470.0,450.0,22.5,False,Pointer Move (unknown)
1785574762.482826,907,467,p02-block-2-trial-7-target-6,470.0,450.0,22.5,False,Pointer Move (unknown)
1785574762.490517,860,467,p02-block-2-trial-7-target-6,470.0,450.0,22.5,False,Pointer Move (unknown)
1785574762.499273,819,467,p02-block-2-trial-7-target-6,470.0,450.0,22.5,False,Pointer Move (unknown)
1785574762.5079749,777,467,p02-block-2-trial-7-target-6,470.0,450.0,22.5,False,Pointer Move (unknown)
1785574762.515753,760,467,p02-block-2-trial-7-target-6,470.0,450.0,22.5,False,Pointer Move (unknown)
1785574762.523541,728,467,p02-block-2-trial-7-target-6,470.0,450.0,22.5,False,Pointer Move (unknown)
1785574762.5310369,717,467,p02-block-2-trial-7-target-6,470.0,450.0,22.5,False,Pointer Move (unknown)
1785574762.539198,697,467,p02-block-2-trial-7-target-6,470.0,450.0,22.5,False,Pointer Move (unknown)
1785574762.547572,680,467,p02-block-2-trial-7-target-6,470.0,450.0,22.5,False,Pointer Move (unknown)
1785574762.556011,668,467,p02-block-2-trial-7-target-6,470.0,450.0,22.5,False,Pointer Move (unknown)
1785574762.5638,662,465,p02-block-2-trial-7-target-6,470.0,450.0,22.5,False,Pointer Move (unknown)
1785574762.571593,655,465,p02-block-2-trial-7-target-6,470.0,450.0,22.5,False,Pointer Move (unknown)
1785574762.580311,650,465,p02-block-2-trial-7-target-6,470.0,450.0,22.5,False,Pointer Move (unknown)
1785574762.58939,647,465,p02-block-2-trial-7-target-6,470.0,450.0,22.5,False,Pointer Move (unknown)
1785574762.595893,642,465,p02-block-2-trial-7-target-6,470.0,450.0,22.5,False,Pointer Move (unknown)
1785574762.60395,639,465,p02-block-2-trial-7-target-6,470.0,450.0,22.5,False,Pointer Move (unknown)
1785574762.611858,634,465,p02-block-2-trial-7-target-6,470.0,450.0,22.5,False,Pointer Move (unknown)
1785574762.620688,631,464,p02-block-2-trial-7-target-6,470.0,450.0,22.5,False,Pointer Move (unknown)
1785574762.6288562,626,463,p02-block-2-trial-7-target-6,470.0,450.0,22.5,False,Pointer Move (unknown)
1785574762.636765,623,462,p02-block-2-trial-7-target-6,470.0,450.0,22.5,False,Pointer Move (unknown)
1785574762.644397,618,462,p02-block-2-trial-7-target-6,470.0,450.0,22.5,False,Pointer Move (unknown)
1785574762.652679,615,461,p02-block-2-trial-7-target-6,470.0,450.0,22.5,False,Pointer Move (unknown)
1785574762.66146,612,460,p02-block-2-trial-7-target-6,470.0,450.0,22.5,False,Pointer Move (unknown)
1785574762.669603,609,459,p02-block-2-trial-7-target-6,470.0,450.0,22.5,False,Pointer Move (unknown)
1785574762.676904,604,459,p02-block-2-trial-7-target-6,470.0,450.0,22.5,False,Pointer Move (unknown)
1785574762.685449,601,459,p02-block-2-trial-7-target-6,470.0,450.0,22.5,False,Pointer Move (unknown)
1785574762.692872,597,459,p02-block-2-trial-7-target-6,470.0,450.0,22.5,False,Pointer Move (unknown)
1785574762.7020679,592,458,p02-block-2-trial-7-target-6,470.0,450.0,22.5,False,Pointer Move (unknown)
1785574762.710617,584,458,p02-block-2-trial-7-target-6,470.0,450.0,22.5,False,Pointer Move (unknown)
1785574762.71799,580,458,p02-block-2-trial-7-target-6,470.0,450.0,22.5,False,Pointer Move (unknown)
1785574762.7251892,574,458,p02-block-2-trial-7-target-6,470.0,450.0,22.5,False,Pointer Move (unknown)
1785574762.7341068,569,458,p02-block-2-trial-7-target-6,470.0,450.0,22.5,False,Pointer Move (unknown)
1785574762.7421088,562,458,p02-block-2-trial-7-target-6,470.0,450.0,22.5,False,Pointer Move (unknown)
1785574762.749584,558,458,p02-block-2-trial-7-target-6,470.0,450.0,22.5,False,Pointer Move (unknown)
1785574762.757607,551,458,p02-block-2-trial-7-target-6,470.0,450.0,22.5,False,Pointer Move (unknown)
1785574762.7663512,546,458,p02-block-2-trial-7-target-6,470.0,450.0,22.5,False,Pointer Move (unknown)
1785574762.7738209,541,458,p02-block-2-trial-7-target-6,470.0,450.0,22.5,False,Pointer Move (unknown)
1785574762.7817569,538,458,p02-block-2-trial-7-target-6,470.0,450.0,22.5,False,Pointer Move (unknown)
1785574762.78975,533,458,p02-block-2-trial-7-target-6,470.0,450.0,22.5,False,Pointer Move (unknown)
1785574762.7987661,530,458,p02-block-2-trial-7-target-6,470.0,450.0,22.5,False,Pointer Move (unknown)
1785574762.806741,527,458,p02-block-2-trial-7-target-6,470.0,450.0,22.5,False,Pointer Move (unknown)
1785574762.8142872,524,459,p02-block-2-trial-7-target-6,470.0,450.0,22.5,False,Pointer Move (unknown)
1785574762.822696,519,459,p02-block-2-trial-7-target-6,470.0,450.0,22.5,False,Pointer Move (unknown)
1785574762.8311849,510,461,p02-block-2-trial-7-target-6,470.0,450.0,22.5,False,Pointer Move (unknown)
1785574762.8393412,505,462,p02-block-2-trial-7-target-6,470.0,450.0,22.5,False,Pointer Move (unknown)
1785574762.84671,501,463,p02-block-2-trial-7-target-6,470.0,450.0,22.5,False,Pointer Move (unknown)
1785574762.854878,496,463,p02-block-2-trial-7-target-6,470.0,450.0,22.5,False,Pointer Move (unknown)
1785574762.863057,491,464,p02-block-2-trial-7-target-6,470.0,450.0,22.5,False,Pointer Move (unknown)
1785574762.871671,486,464,p02-block-2-trial-7-target-6,470.0,450.0,22.5,False,Pointer Move (unknown)
1785574762.8790662,484,464,p02-block-2-trial-7-target-6,470.0,450.0,22.5,False,Pointer Move (unknown)
1785574762.8877308,482,464,p02-block-2-trial-7-target-6,470.0,450.0,22.5,False,Pointer Move (unknown)
1785574762.8957598,480,464,p02-block-2-trial-7-target-6,470.0,450.0,22.5,False,Pointer Move (unknown)
1785574762.904109,480,464,p02-block-2-trial-7-target-6,470.0,450.0,22.5,False,Pointer Move (unknown)
1785574762.911448,479,464,p02-block-2-trial-7-target-6,470.0,450.0,22.5,False,Pointer Move (unknown)
1785574762.919173,479,464,p02-block-2-trial-7-target-6,470.0,450.0,22.5,False,Pointer Move (unknown)
1785574762.9362628,479,464,p02-block-2-trial-7-target-6,470.0,450.0,22.5,False,Pointer Move (unknown)
1785574762.9443488,479,463,p02-block-2-trial-7-target-6,470.0,450.0,22.5,False,Pointer Move (unknown)
1785574762.9614139,479,463,p02-block-2-trial-7-target-6,470.0,450.0,22.5,False,Pointer Move (unknown)
1785574762.969003,479,463,p02-block-2-trial-7-target-6,470.0,450.0,22.5,False,Pointer Move (unknown)
1785574762.9846568,479,462,p02-block-2-trial-7-target-6,470.0,450.0,22.5,False,Pointer Move (unknown)
1785574763.002101,479,462,p02-block-2-trial-7-target-6,470.0,450.0,22.5,target_selected,target_selected
1785574763.461674,481,462,p02-block-2-trial-8-target-2,970.0,450.0,22.5,False,Pointer Move (unknown)
1785574763.469823,494,462,p02-block-2-trial-8-target-2,970.0,450.0,22.5,False,Pointer Move (unknown)
1785574763.4770648,511,462,p02-block-2-trial-8-target-2,970.0,450.0,22.5,False,Pointer Move (unknown)
1785574763.485665,525,462,p02-block-2-trial-8-target-2,970.0,450.0,22.5,False,Pointer Move (unknown)
1785574763.493488,539,462,p02-block-2-trial-8-target-2,970.0,450.0,22.5,False,Pointer Move (unknown)
1785574763.501332,553,462,p02-block-2-trial-8-target-2,970.0,450.0,22.5,False,Pointer Move (unknown)
1785574763.509407,585,462,p02-block-2-trial-8-target-2,970.0,450.0,22.5,False,Pointer Move (unknown)
1785574763.5172439,602,462,p02-block-2-trial-8-target-2,970.0,450.0,22.5,False,Pointer Move (unknown)
1785574763.525394,639,462,p02-block-2-trial-8-target-2,970.0,450.0,22.5,False,Pointer Move (unknown)
1785574763.5342011,667,462,p02-block-2-trial-8-target-2,970.0,450.0,22.5,False,Pointer Move (unknown)
1785574763.541436,699,462,p02-block-2-trial-8-target-2,970.0,450.0,22.5,False,Pointer Move (unknown)
1785574763.5497322,726,462,p02-block-2-trial-8-target-2,970.0,450.0,22.5,False,Pointer Move (unknown)
1785574763.557987,754,462,p02-block-2-trial-8-target-2,970.0,450.0,22.5,False,Pointer Move (unknown)
1785574763.565723,778,464,p02-block-2-trial-8-target-2,970.0,450.0,22.5,False,Pointer Move (unknown)
1785574763.574568,802,466,p02-block-2-trial-8-target-2,970.0,450.0,22.5,False,Pointer Move (unknown)
1785574763.581606,822,468,p02-block-2-trial-8-target-2,970.0,450.0,22.5,False,Pointer Move (unknown)
1785574763.590178,829,468,p02-block-2-trial-8-target-2,970.0,450.0,22.5,False,Pointer Move (unknown)
1785574763.598145,843,470,p02-block-2-trial-8-target-2,970.0,450.0,22.5,False,Pointer Move (unknown)
1785574763.607023,854,470,p02-block-2-trial-8-target-2,970.0,450.0,22.5,False,Pointer Move (unknown)
1785574763.614027,863,470,p02-block-2-trial-8-target-2,970.0,450.0,22.5,False,Pointer Move (unknown)
1785574763.62337,867,470,p02-block-2-trial-8-target-2,970.0,450.0,22.5,False,Pointer Move (unknown)
1785574763.634516,872,470,p02-block-2-trial-8-target-2,970.0,450.0,22.5,False,Pointer Move (unknown)
1785574763.638648,875,470,p02-block-2-trial-8-target-2,970.0,450.0,22.5,False,Pointer Move (unknown)
1785574763.64681,876,470,p02-block-2-trial-8-target-2,970.0,450.0,22.5,False,Pointer Move (unknown)
1785574763.655092,878,470,p02-block-2-trial-8-target-2,970.0,450.0,22.5,False,Pointer Move (unknown)
1785574763.6629162,879,470,p02-block-2-trial-8-target-2,970.0,450.0,22.5,False,Pointer Move (unknown)
1785574763.6726599,880,470,p02-block-2-trial-8-target-2,970.0,450.0,22.5,False,Pointer Move (unknown)
1785574763.6787572,881,470,p02-block-2-trial-8-target-2,970.0,450.0,22.5,False,Pointer Move (unknown)
1785574763.6874392,882,470,p02-block-2-trial-8-target-2,970.0,450.0,22.5,False,Pointer Move (unknown)
1785574763.695125,883,470,p02-block-2-trial-8-target-2,970.0,450.0,22.5,False,Pointer Move (unknown)
1785574763.703493,884,470,p02-block-2-trial-8-target-2,970.0,450.0,22.5,False,Pointer Move (unknown)
1785574763.712575,885,469,p02-block-2-trial-8-target-2,970.0,450.0,22.5,False,Pointer Move (unknown)
1785574763.7201679,887,469,p02-block-2-trial-8-target-2,970.0,450.0,22.5,False,Pointer Move (unknown)
1785574763.727776,890,468,p02-block-2-trial-8-target-2,970.0,450.0,22.5,False,Pointer Move (unknown)
1785574763.736362,892,468,p02-block-2-trial-8-target-2,970.0,450.0,22.5,False,Pointer Move (unknown)
1785574763.744305,894,468,p02-block-2-trial-8-target-2,970.0,450.0,22.5,False,Pointer Move (unknown)
1785574763.756692,897,468,p02-block-2-trial-8-target-2,970.0,450.0,22.5,False,Pointer Move (unknown)
1785574763.759788,899,468,p02-block-2-trial-8-target-2,970.0,450.0,22.5,False,Pointer Move (unknown)
1785574763.7676642,902,468,p02-block-2-trial-8-target-2,970.0,450.0,22.5,False,Pointer Move (unknown)
1785574763.7755919,904,467,p02-block-2-trial-8-target-2,970.0,450.0,22.5,False,Pointer Move (unknown)
1785574763.783415,907,467,p02-block-2-trial-8-target-2,970.0,450.0,22.5,False,Pointer Move (unknown)
1785574763.7920818,911,467,p02-block-2-trial-8-target-2,970.0,450.0,22.5,False,Pointer Move (unknown)
1785574763.800308,914,467,p02-block-2-trial-8-target-2,970.0,450.0,22.5,False,Pointer Move (unknown)
1785574763.808373,917,467,p02-block-2-trial-8-target-2,970.0,450.0,22.5,False,Pointer Move (unknown)
1785574763.8163042,920,467,p02-block-2-trial-8-target-2,970.0,450.0,22.5,False,Pointer Move (unknown)
1785574763.82464,924,467,p02-block-2-trial-8-target-2,970.0,450.0,22.5,False,Pointer Move (unknown)
1785574763.833023,927,467,p02-block-2-trial-8-target-2,970.0,450.0,22.5,False,Pointer Move (unknown)
1785574763.8408298,929,467,p02-block-2-trial-8-target-2,970.0,450.0,22.5,False,Pointer Move (unknown)
1785574763.848526,932,467,p02-block-2-trial-8-target-2,970.0,450.0,22.5,False,Pointer Move (unknown)
1785574763.85743,935,467,p02-block-2-trial-8-target-2,970.0,450.0,22.5,False,Pointer Move (unknown)
1785574763.865435,939,467,p02-block-2-trial-8-target-2,970.0,450.0,22.5,False,Pointer Move (unknown)
1785574763.8734689,942,467,p02-block-2-trial-8-target-2,970.0,450.0,22.5,False,Pointer Move (unknown)
1785574763.881275,947,467,p02-block-2-trial-8-target-2,970.0,450.0,22.5,False,Pointer Move (unknown)
1785574763.890156,952,467,p02-block-2-trial-8-target-2,970.0,450.0,22.5,False,Pointer Move (unknown)
1785574763.897312,956,468,p02-block-2-trial-8-target-2,970.0,450.0,22.5,False,Pointer Move (unknown)
1785574763.906801,961,468,p02-block-2-trial-8-target-2,970.0,450.0,22.5,False,Pointer Move (unknown)
1785574763.914009,966,469,p02-block-2-trial-8-target-2,970.0,450.0,22.5,False,Pointer Move (unknown)
1785574763.923875,971,470,p02-block-2-trial-8-target-2,970.0,450.0,22.5,False,Pointer Move (unknown)
1785574763.930377,975,471,p02-block-2-trial-8-target-2,970.0,450.0,22.5,False,Pointer Move (unknown)
1785574763.938709,977,471,p02-block-2-trial-8-target-2,970.0,450.0,22.5,False,Pointer Move (unknown)
1785574763.946454,979,471,p02-block-2-trial-8-target-2,970.0,450.0,22.5,False,Pointer Move (unknown)
1785574763.954902,981,471,p02-block-2-trial-8-target-2,970.0,450.0,22.5,False,Pointer Move (unknown)
1785574763.962799,983,471,p02-block-2-trial-8-target-2,970.0,450.0,22.5,False,Pointer Move (unknown)
1785574763.970537,984,472,p02-block-2-trial-8-target-2,970.0,450.0,22.5,False,Pointer Move (unknown)
1785574763.977949,984,472,p02-block-2-trial-8-target-2,970.0,450.0,22.5,False,Pointer Move (unknown)
1785574763.987055,984,472,p02-block-2-trial-8-target-2,970.0,450.0,22.5,False,Pointer Move (unknown)
1785574763.9953961,985,472,p02-block-2-trial-8-target-2,970.0,450.0,22.5,False,Pointer Move (unknown)
1785574764.1006541,985,472,p02-block-2-trial-8-target-2,970.0,450.0,22.5,False,Pointer Move (unknown)
1785574764.1169522,985,471,p02-block-2-trial-8-target-2,970.0,450.0,22.5,False,Pointer Move (unknown)
1785574764.1327949,985,471,p02-block-2-trial-8-target-2,970.0,450.0,22.5,False,Pointer Move (unknown)
1785574764.157242,985,471,p02-block-2-trial-8-target-2,970.0,450.0,22.5,False,Pointer Move (unknown)
1785574764.375911,984,471,p02-block-2-trial-8-target-2,970.0,450.0,22.5,False,Pointer Move (unknown)
1785574764.383818,973,471,p02-block-2-trial-8-target-2,970.0,450.0,22.5,False,Pointer Move (unknown)
1785574764.749859,973,470,p02-block-2-trial-8-target-2,970.0,450.0,22.5,False,Pointer Move (unknown)
1785574764.755987,973,469,p02-block-2-trial-8-target-2,970.0,450.0,22.5,False,Pointer Move (unknown)
1785574764.7641,973,467,p02-block-2-trial-8-target-2,970.0,450.0,22.5,False,Pointer Move (unknown)
1785574764.771302,973,465,p02-block-2-trial-8-target-2,970.0,450.0,22.5,False,Pointer Move (unknown)
1785574764.7805629,973,464,p02-block-2-trial-8-target-2,970.0,450.0,22.5,False,Pointer Move (unknown)
1785574764.787848,973,462,p02-block-2-trial-8-target-2,970.0,450.0,22.5,False,Pointer Move (unknown)
1785574764.7956638,973,461,p02-block-2-trial-8-target-2,970.0,450.0,22.5,False,Pointer Move (unknown)
1785574764.80404,973,460,p02-block-2-trial-8-target-2,970.0,450.0,22.5,False,Pointer Move (unknown)
1785574764.8114161,973,459,p02-block-2-trial-8-target-2,970.0,450.0,22.5,False,Pointer Move (unknown)
1785574764.8201542,973,459,p02-block-2-trial-8-target-2,970.0,450.0,22.5,False,Pointer Move (unknown)
1785574764.8359401,973,458,p02-block-2-trial-8-target-2,970.0,450.0,22.5,False,Pointer Move (unknown)
1785574764.88591,973,458,p02-block-2-trial-8-target-2,970.0,450.0,22.5,target_selected,target_selected
1785574765.476182,971,458,p02-block-2-trial-9-target-6,470.0,450.0,22.5,False,Pointer Move (unknown)
1785574765.483806,965,458,p02-block-2-trial-9-target-6,470.0,450.0,22.5,False,Pointer Move (unknown)
1785574765.492055,941,460,p02-block-2-trial-9-target-6,470.0,450.0,22.5,False,Pointer Move (unknown)
1785574765.499837,899,468,p02-block-2-trial-9-target-6,470.0,450.0,22.5,False,Pointer Move (unknown)
1785574765.507244,847,480,p02-block-2-trial-9-target-6,470.0,450.0,22.5,False,Pointer Move (unknown)
1785574765.51649,770,490,p02-block-2-trial-9-target-6,470.0,450.0,22.5,False,Pointer Move (unknown)
1785574765.523134,686,501,p02-block-2-trial-9-target-6,470.0,450.0,22.5,False,Pointer Move (unknown)
1785574765.531248,634,504,p02-block-2-trial-9-target-6,470.0,450.0,22.5,False,Pointer Move (unknown)
1785574765.5398521,601,504,p02-block-2-trial-9-target-6,470.0,450.0,22.5,False,Pointer Move (unknown)
1785574765.547797,578,504,p02-block-2-trial-9-target-6,470.0,450.0,22.5,False,Pointer Move (unknown)
1785574765.55597,536,504,p02-block-2-trial-9-target-6,470.0,450.0,22.5,False,Pointer Move (unknown)
1785574765.564409,499,504,p02-block-2-trial-9-target-6,470.0,450.0,22.5,False,Pointer Move (unknown)
1785574765.572614,479,504,p02-block-2-trial-9-target-6,470.0,450.0,22.5,False,Pointer Move (unknown)
1785574765.58068,465,504,p02-block-2-trial-9-target-6,470.0,450.0,22.5,False,Pointer Move (unknown)
1785574765.588937,457,504,p02-block-2-trial-9-target-6,470.0,450.0,22.5,False,Pointer Move (unknown)
1785574765.596725,452,504,p02-block-2-trial-9-target-6,470.0,450.0,22.5,False,Pointer Move (unknown)
1785574765.604952,450,504,p02-block-2-trial-9-target-6,470.0,450.0,22.5,False,Pointer Move (unknown)
1785574765.6219919,448,503,p02-block-2-trial-9-target-6,470.0,450.0,22.5,False,Pointer Move (unknown)
1785574765.6279502,448,503,p02-block-2-trial-9-target-6,470.0,450.0,22.5,False,Pointer Move (unknown)
1785574765.637054,448,502,p02-block-2-trial-9-target-6,470.0,450.0,22.5,False,Pointer Move (unknown)
1785574765.645715,448,502,p02-block-2-trial-9-target-6,470.0,450.0,22.5,False,Pointer Move (unknown)
1785574765.654023,447,501,p02-block-2-trial-9-target-6,470.0,450.0,22.5,False,Pointer Move (unknown)
1785574765.660413,447,501,p02-block-2-trial-9-target-6,470.0,450.0,22.5,False,Pointer Move (unknown)
1785574765.6685498,447,501,p02-block-2-trial-9-target-6,470.0,450.0,22.5,False,Pointer Move (unknown)
1785574765.676743,447,501,p02-block-2-trial-9-target-6,470.0,450.0,22.5,False,Pointer Move (unknown)
1785574765.6845582,447,500,p02-block-2-trial-9-target-6,470.0,450.0,22.5,False,Pointer Move (unknown)
1785574765.701287,447,500,p02-block-2-trial-9-target-6,470.0,450.0,22.5,False,Pointer Move (unknown)
1785574765.710048,447,500,p02-block-2-trial-9-target-6,470.0,450.0,22.5,False,Pointer Move (unknown)
1785574765.7181199,447,499,p02-block-2-trial-9-target-6,470.0,450.0,22.5,False,Pointer Move (unknown)
1785574765.72614,447,499,p02-block-2-trial-9-target-6,470.0,450.0,22.5,False,Pointer Move (unknown)
1785574765.7422779,447,499,p02-block-2-trial-9-target-6,470.0,450.0,22.5,False,Pointer Move (unknown)
1785574765.7505019,447,498,p02-block-2-trial-9-target-6,470.0,450.0,22.5,False,Pointer Move (unknown)
1785574765.766411,447,498,p02-block-2-trial-9-target-6,470.0,450.0,22.5,False,Pointer Move (unknown)
1785574765.77476,447,497,p02-block-2-trial-9-target-6,470.0,450.0,22.5,False,Pointer Move (unknown)
1785574765.782531,447,497,p02-block-2-trial-9-target-6,470.0,450.0,22.5,False,Pointer Move (unknown)
1785574765.7899141,447,497,p02-block-2-trial-9-target-6,470.0,450.0,22.5,False,Pointer Move (unknown)
1785574765.7979531,447,496,p02-block-2-trial-9-target-6,470.0,450.0,22.5,False,Pointer Move (unknown)
1785574765.806721,447,495,p02-block-2-trial-9-target-6,470.0,450.0,22.5,False,Pointer Move (unknown)
1785574765.814948,447,495,p02-block-2-trial-9-target-6,470.0,450.0,22.5,False,Pointer Move (unknown)
1785574765.8224409,447,494,p02-block-2-trial-9-target-6,470.0,450.0,22.5,False,Pointer Move (unknown)
1785574765.830488,447,493,p02-block-2-trial-9-target-6,470.0,450.0,22.5,False,Pointer Move (unknown)
1785574765.838325,447,492,p02-block-2-trial-9-target-6,470.0,450.0,22.5,False,Pointer Move (unknown)
1785574765.8470988,447,491,p02-block-2-trial-9-target-6,470.0,450.0,22.5,False,Pointer Move (unknown)
1785574765.855702,447,490,p02-block-2-trial-9-target-6,470.0,450.0,22.5,False,Pointer Move (unknown)
1785574765.863635,447,489,p02-block-2-trial-9-target-6,470.0,450.0,22.5,False,Pointer Move (unknown)
1785574765.871532,447,487,p02-block-2-trial-9-target-6,470.0,450.0,22.5,False,Pointer Move (unknown)
1785574765.879481,447,485,p02-block-2-trial-9-target-6,470.0,450.0,22.5,False,Pointer Move (unknown)
1785574765.888937,447,484,p02-block-2-trial-9-target-6,470.0,450.0,22.5,False,Pointer Move (unknown)
1785574765.8961248,447,481,p02-block-2-trial-9-target-6,470.0,450.0,22.5,False,Pointer Move (unknown)
1785574765.9046159,447,480,p02-block-2-trial-9-target-6,470.0,450.0,22.5,False,Pointer Move (unknown)
1785574765.911916,447,478,p02-block-2-trial-9-target-6,470.0,450.0,22.5,False,Pointer Move (unknown)
1785574765.919399,447,477,p02-block-2-trial-9-target-6,470.0,450.0,22.5,False,Pointer Move (unknown)
1785574765.928061,447,475,p02-block-2-trial-9-target-6,470.0,450.0,22.5,False,Pointer Move (unknown)
1785574765.935756,447,474,p02-block-2-trial-9-target-6,470.0,450.0,22.5,False,Pointer Move (unknown)
1785574765.943516,448,473,p02-block-2-trial-9-target-6,470.0,450.0,22.5,False,Pointer Move (unknown)
1785574765.951896,448,471,p02-block-2-trial-9-target-6,470.0,450.0,22.5,False,Pointer Move (unknown)
1785574765.960555,450,470,p02-block-2-trial-9-target-6,470.0,450.0,22.5,False,Pointer Move (unknown)
1785574765.970164,451,469,p02-block-2-trial-9-target-6,470.0,450.0,22.5,False,Pointer Move (unknown)
1785574765.977695,454,466,p02-block-2-trial-9-target-6,470.0,450.0,22.5,False,Pointer Move (unknown)
1785574765.9855292,456,465,p02-block-2-trial-9-target-6,470.0,450.0,22.5,False,Pointer Move (unknown)
1785574765.992813,458,464,p02-block-2-trial-9-target-6,470.0,450.0,22.5,False,Pointer Move (unknown)
1785574766.0002,461,462,p02-block-2-trial-9-target-6,470.0,450.0,22.5,False,Pointer Move (unknown)
1785574766.00876,464,461,p02-block-2-trial-9-target-6,470.0,450.0,22.5,False,Pointer Move (unknown)
1785574766.0170612,468,460,p02-block-2-trial-9-target-6,470.0,450.0,22.5,False,Pointer Move (unknown)
1785574766.0244439,471,459,p02-block-2-trial-9-target-6,470.0,450.0,22.5,False,Pointer Move (unknown)
1785574766.0325482,474,458,p02-block-2-trial-9-target-6,470.0,450.0,22.5,False,Pointer Move (unknown)
1785574766.0409431,477,457,p02-block-2-trial-9-target-6,470.0,450.0,22.5,False,Pointer Move (unknown)
1785574766.0500522,479,457,p02-block-2-trial-9-target-6,470.0,450.0,22.5,False,Pointer Move (unknown)
1785574766.056919,483,456,p02-block-2-trial-9-target-6,470.0,450.0,22.5,False,Pointer Move (unknown)
1785574766.064899,485,456,p02-block-2-trial-9-target-6,470.0,450.0,22.5,False,Pointer Move (unknown)
1785574766.072864,486,456,p02-block-2-trial-9-target-6,470.0,450.0,22.5,False,Pointer Move (unknown)
1785574766.0812092,488,456,p02-block-2-trial-9-target-6,470.0,450.0,22.5,False,Pointer Move (unknown)
1785574766.0892959,489,456,p02-block-2-trial-9-target-6,470.0,450.0,22.5,False,Pointer Move (unknown)
1785574766.098251,490,456,p02-block-2-trial-9-target-6,470.0,450.0,22.5,False,Pointer Move (unknown)
1785574766.105237,490,456,p02-block-2-trial-9-target-6,470.0,450.0,22.5,False,Pointer Move (unknown)
1785574766.113654,491,456,p02-block-2-trial-9-target-6,470.0,450.0,22.5,False,Pointer Move (unknown)
1785574766.121539,491,456,p02-block-2-trial-9-target-6,470.0,450.0,22.5,False,Pointer Move (unknown)
1785574766.1305401,491,456,p02-block-2-trial-9-target-6,470.0,450.0,22.5,False,Pointer Move (unknown)
1785574766.153719,492,456,p02-block-2-trial-9-target-6,470.0,450.0,22.5,False,Pointer Move (unknown)
1785574766.712047,492,456,p02-block-2-trial-9-target-6,470.0,450.0,22.5,False,Pointer Move (unknown)
1785574766.73623,492,456,p02-block-2-trial-9-target-6,470.0,450.0,22.5,False,Pointer Move (unknown)
1785574766.768769,492,457,p02-block-2-trial-9-target-6,470.0,450.0,22.5,False,Pointer Move (unknown)
1785574767.2721002,492,457,p02-block-2-trial-9-target-6,470.0,450.0,22.5,False,Pointer Move (unknown)
1785574767.294341,492,457,p02-block-2-trial-9-target-6,470.0,450.0,22.5,False,Pointer Move (unknown)
1785574767.326676,492,457,p02-block-2-trial-9-target-6,470.0,450.0,22.5,False,Pointer Move (unknown)
1785574767.374936,492,458,p02-block-2-trial-9-target-6,470.0,450.0,22.5,False,Pointer Move (unknown)
1785574767.42357,492,458,p02-block-2-trial-9-target-6,470.0,450.0,22.5,False,Pointer Move (unknown)
1785574767.431533,492,458,p02-block-2-trial-9-target-6,470.0,450.0,22.5,False,Pointer Move (unknown)
1785574769.148273,492,458,p02-block-2-trial-9-target-6,470.0,450.0,22.5,False,Pointer Move (unknown)
1785574769.1558259,493,458,p02-block-2-trial-9-target-6,470.0,450.0,22.5,False,Pointer Move (unknown)
1785574769.163082,494,458,p02-block-2-trial-9-target-6,470.0,450.0,22.5,False,Pointer Move (unknown)
1785574769.172204,495,458,p02-block-2-trial-9-target-6,470.0,450.0,22.5,False,Pointer Move (unknown)
1785574769.178995,497,458,p02-block-2-trial-9-target-6,470.0,450.0,22.5,False,Pointer Move (unknown)
1785574769.187289,499,459,p02-block-2-trial-9-target-6,470.0,450.0,22.5,False,Pointer Move (unknown)
1785574769.195194,505,460,p02-block-2-trial-9-target-6,470.0,450.0,22.5,False,Pointer Move (unknown)
1785574769.203548,510,460,p02-block-2-trial-9-target-6,470.0,450.0,22.5,False,Pointer Move (unknown)
1785574769.2118511,519,461,p02-block-2-trial-9-target-6,470.0,450.0,22.5,False,Pointer Move (unknown)
1785574769.218965,530,463,p02-block-2-trial-9-target-6,470.0,450.0,22.5,False,Pointer Move (unknown)
1785574769.2269719,544,463,p02-block-2-trial-9-target-6,470.0,450.0,22.5,False,Pointer Move (unknown)
1785574769.235399,561,464,p02-block-2-trial-9-target-6,470.0,450.0,22.5,False,Pointer Move (unknown)
1785574769.243428,575,466,p02-block-2-trial-9-target-6,470.0,450.0,22.5,False,Pointer Move (unknown)
1785574769.251922,591,466,p02-block-2-trial-9-target-6,470.0,450.0,22.5,False,Pointer Move (unknown)
1785574769.2605922,596,466,p02-block-2-trial-9-target-6,470.0,450.0,22.5,False,Pointer Move (unknown)
1785574769.268358,610,467,p02-block-2-trial-9-target-6,470.0,450.0,22.5,False,Pointer Move (unknown)
1785574769.275925,619,467,p02-block-2-trial-9-target-6,470.0,450.0,22.5,False,Pointer Move (unknown)
1785574769.285165,628,467,p02-block-2-trial-9-target-6,470.0,450.0,22.5,False,Pointer Move (unknown)
1785574769.2917938,634,468,p02-block-2-trial-9-target-6,470.0,450.0,22.5,False,Pointer Move (unknown)
1785574769.299849,641,468,p02-block-2-trial-9-target-6,470.0,450.0,22.5,False,Pointer Move (unknown)
1785574769.308398,646,468,p02-block-2-trial-9-target-6,470.0,450.0,22.5,False,Pointer Move (unknown)
1785574769.316586,649,468,p02-block-2-trial-9-target-6,470.0,450.0,22.5,False,Pointer Move (unknown)
1785574769.323968,651,468,p02-block-2-trial-9-target-6,470.0,450.0,22.5,False,Pointer Move (unknown)
1785574769.332413,653,468,p02-block-2-trial-9-target-6,470.0,450.0,22.5,False,Pointer Move (unknown)
1785574769.3404338,654,468,p02-block-2-trial-9-target-6,470.0,450.0,22.5,False,Pointer Move (unknown)
1785574769.3486452,654,468,p02-block-2-trial-9-target-6,470.0,450.0,22.5,False,Pointer Move (unknown)
1785574769.35744,655,468,p02-block-2-trial-9-target-6,470.0,450.0,22.5,False,Pointer Move (unknown)
1785574769.36674,656,468,p02-block-2-trial-9-target-6,470.0,450.0,22.5,False,Pointer Move (unknown)
1785574769.373766,656,468,p02-block-2-trial-9-target-6,470.0,450.0,22.5,False,Pointer Move (unknown)
1785574769.3808808,656,468,p02-block-2-trial-9-target-6,470.0,450.0,22.5,False,Pointer Move (unknown)
1785574769.405921,657,468,p02-block-2-trial-9-target-6,470.0,450.0,22.5,False,Pointer Move (unknown)
1785574769.4784372,657,468,p02-block-2-trial-9-target-6,470.0,450.0,22.5,False,Pointer Move (unknown)
1785574769.486919,655,468,p02-block-2-trial-9-target-6,470.0,450.0,22.5,False,Pointer Move (unknown)
1785574769.494755,652,468,p02-block-2-trial-9-target-6,470.0,450.0,22.5,False,Pointer Move (unknown)
1785574769.502996,650,468,p02-block-2-trial-9-target-6,470.0,450.0,22.5,False,Pointer Move (unknown)
1785574769.5114398,647,468,p02-block-2-trial-9-target-6,470.0,450.0,22.5,False,Pointer Move (unknown)
1785574769.518168,644,468,p02-block-2-trial-9-target-6,470.0,450.0,22.5,False,Pointer Move (unknown)
1785574769.5265238,639,468,p02-block-2-trial-9-target-6,470.0,450.0,22.5,False,Pointer Move (unknown)
1785574769.534503,630,467,p02-block-2-trial-9-target-6,470.0,450.0,22.5,False,Pointer Move (unknown)
1785574769.542867,624,466,p02-block-2-trial-9-target-6,470.0,450.0,22.5,False,Pointer Move (unknown)
1785574769.55145,617,465,p02-block-2-trial-9-target-6,470.0,450.0,22.5,False,Pointer Move (unknown)
1785574769.5585809,608,464,p02-block-2-trial-9-target-6,470.0,450.0,22.5,False,Pointer Move (unknown)
1785574769.5669289,599,462,p02-block-2-trial-9-target-6,470.0,450.0,22.5,False,Pointer Move (unknown)
1785574769.575265,595,462,p02-block-2-trial-9-target-6,470.0,450.0,22.5,False,Pointer Move (unknown)
1785574769.5831969,586,461,p02-block-2-trial-9-target-6,470.0,450.0,22.5,False,Pointer Move (unknown)
1785574769.591375,577,460,p02-block-2-trial-9-target-6,470.0,450.0,22.5,False,Pointer Move (unknown)
1785574769.599168,571,459,p02-block-2-trial-9-target-6,470.0,450.0,22.5,False,Pointer Move (unknown)
1785574769.607241,564,459,p02-block-2-trial-9-target-6,470.0,450.0,22.5,False,Pointer Move (unknown)
1785574769.615266,557,458,p02-block-2-trial-9-target-6,470.0,450.0,22.5,False,Pointer Move (unknown)
1785574769.62357,551,458,p02-block-2-trial-9-target-6,470.0,450.0,22.5,False,Pointer Move (unknown)
1785574769.631904,544,458,p02-block-2-trial-9-target-6,470.0,450.0,22.5,False,Pointer Move (unknown)
1785574769.640224,539,458,p02-block-2-trial-9-target-6,470.0,450.0,22.5,False,Pointer Move (unknown)
1785574769.6481228,534,458,p02-block-2-trial-9-target-6,470.0,450.0,22.5,False,Pointer Move (unknown)
1785574769.65714,530,458,p02-block-2-trial-9-target-6,470.0,450.0,22.5,False,Pointer Move (unknown)
1785574769.6647549,525,458,p02-block-2-trial-9-target-6,470.0,450.0,22.5,False,Pointer Move (unknown)
1785574769.673295,520,458,p02-block-2-trial-9-target-6,470.0,450.0,22.5,False,Pointer Move (unknown)
1785574769.6802418,517,458,p02-block-2-trial-9-target-6,470.0,450.0,22.5,False,Pointer Move (unknown)
1785574769.6889422,515,458,p02-block-2-trial-9-target-6,470.0,450.0,22.5,False,Pointer Move (unknown)
1785574769.696976,513,458,p02-block-2-trial-9-target-6,470.0,450.0,22.5,False,Pointer Move (unknown)
1785574769.7049978,511,458,p02-block-2-trial-9-target-6,470.0,450.0,22.5,False,Pointer Move (unknown)
1785574769.713239,510,458,p02-block-2-trial-9-target-6,470.0,450.0,22.5,False,Pointer Move (unknown)
1785574769.722176,509,458,p02-block-2-trial-9-target-6,470.0,450.0,22.5,False,Pointer Move (unknown)
1785574769.729921,508,458,p02-block-2-trial-9-target-6,470.0,450.0,22.5,False,Pointer Move (unknown)
1785574769.7381692,507,458,p02-block-2-trial-9-target-6,470.0,450.0,22.5,False,Pointer Move (unknown)
1785574769.7456472,506,458,p02-block-2-trial-9-target-6,470.0,450.0,22.5,False,Pointer Move (unknown)
1785574769.752544,505,458,p02-block-2-trial-9-target-6,470.0,450.0,22.5,False,Pointer Move (unknown)
1785574769.761183,504,458,p02-block-2-trial-9-target-6,470.0,450.0,22.5,False,Pointer Move (unknown)
1785574769.769053,503,458,p02-block-2-trial-9-target-6,470.0,450.0,22.5,False,Pointer Move (unknown)
1785574769.777556,502,458,p02-block-2-trial-9-target-6,470.0,450.0,22.5,False,Pointer Move (unknown)
1785574769.785839,501,458,p02-block-2-trial-9-target-6,470.0,450.0,22.5,False,Pointer Move (unknown)
1785574769.793715,500,458,p02-block-2-trial-9-target-6,470.0,450.0,22.5,False,Pointer Move (unknown)
1785574769.8016279,499,458,p02-block-2-trial-9-target-6,470.0,450.0,22.5,False,Pointer Move (unknown)
1785574769.811139,498,458,p02-block-2-trial-9-target-6,470.0,450.0,22.5,False,Pointer Move (unknown)
1785574769.819075,497,458,p02-block-2-trial-9-target-6,470.0,450.0,22.5,False,Pointer Move (unknown)
1785574769.8266702,496,458,p02-block-2-trial-9-target-6,470.0,450.0,22.5,False,Pointer Move (unknown)
1785574769.83485,495,458,p02-block-2-trial-9-target-6,470.0,450.0,22.5,False,Pointer Move (unknown)
1785574769.841829,494,458,p02-block-2-trial-9-target-6,470.0,450.0,22.5,False,Pointer Move (unknown)
1785574769.849775,493,458,p02-block-2-trial-9-target-6,470.0,450.0,22.5,False,Pointer Move (unknown)
1785574769.858269,491,458,p02-block-2-trial-9-target-6,470.0,450.0,22.5,False,Pointer Move (unknown)
1785574769.866287,490,458,p02-block-2-trial-9-target-6,470.0,450.0,22.5,False,Pointer Move (unknown)
1785574769.874932,489,458,p02-block-2-trial-9-target-6,470.0,450.0,22.5,False,Pointer Move (unknown)
1785574769.882537,488,457,p02-block-2-trial-9-target-6,470.0,450.0,22.5,False,Pointer Move (unknown)
1785574769.8914719,488,457,p02-block-2-trial-9-target-6,470.0,450.0,22.5,False,Pointer Move (unknown)
1785574769.898912,487,457,p02-block-2-trial-9-target-6,470.0,450.0,22.5,False,Pointer Move (unknown)
1785574769.907555,486,456,p02-block-2-trial-9-target-6,470.0,450.0,22.5,False,Pointer Move (unknown)
1785574769.915759,486,456,p02-block-2-trial-9-target-6,470.0,450.0,22.5,False,Pointer Move (unknown)
1785574769.923363,486,456,p02-block-2-trial-9-target-6,470.0,450.0,22.5,False,Pointer Move (unknown)
1785574769.9539149,486,456,p02-block-2-trial-9-target-6,470.0,450.0,22.5,target_selected,target_selected
1785574770.345463,487,456,p02-block-2-trial-10-target-2,970.0,450.0,22.5,False,Pointer Move (unknown)
1785574770.352742,494,456,p02-block-2-trial-10-target-2,970.0,450.0,22.5,False,Pointer Move (unknown)
1785574770.359873,503,456,p02-block-2-trial-10-target-2,970.0,450.0,22.5,False,Pointer Move (unknown)
1785574770.367745,514,456,p02-block-2-trial-10-target-2,970.0,450.0,22.5,False,Pointer Move (unknown)
1785574770.375587,534,456,p02-block-2-trial-10-target-2,970.0,450.0,22.5,False,Pointer Move (unknown)
1785574770.385565,558,458,p02-block-2-trial-10-target-2,970.0,450.0,22.5,False,Pointer Move (unknown)
1785574770.392409,585,460,p02-block-2-trial-10-target-2,970.0,450.0,22.5,False,Pointer Move (unknown)
1785574770.400807,613,462,p02-block-2-trial-10-target-2,970.0,450.0,22.5,False,Pointer Move (unknown)
1785574770.408235,637,466,p02-block-2-trial-10-target-2,970.0,450.0,22.5,False,Pointer Move (unknown)
1785574770.415949,665,468,p02-block-2-trial-10-target-2,970.0,450.0,22.5,False,Pointer Move (unknown)
1785574770.424164,689,470,p02-block-2-trial-10-target-2,970.0,450.0,22.5,False,Pointer Move (unknown)
1785574770.431645,709,474,p02-block-2-trial-10-target-2,970.0,450.0,22.5,False,Pointer Move (unknown)
1785574770.440137,729,476,p02-block-2-trial-10-target-2,970.0,450.0,22.5,False,Pointer Move (unknown)
1785574770.448637,746,478,p02-block-2-trial-10-target-2,970.0,450.0,22.5,False,Pointer Move (unknown)
1785574770.456296,753,479,p02-block-2-trial-10-target-2,970.0,450.0,22.5,False,Pointer Move (unknown)
1785574770.4645162,767,480,p02-block-2-trial-10-target-2,970.0,450.0,22.5,False,Pointer Move (unknown)
1785574770.472957,778,480,p02-block-2-trial-10-target-2,970.0,450.0,22.5,False,Pointer Move (unknown)
1785574770.4810188,787,480,p02-block-2-trial-10-target-2,970.0,450.0,22.5,False,Pointer Move (unknown)
1785574770.489493,793,481,p02-block-2-trial-10-target-2,970.0,450.0,22.5,False,Pointer Move (unknown)
1785574770.498065,798,481,p02-block-2-trial-10-target-2,970.0,450.0,22.5,False,Pointer Move (unknown)
1785574770.5057259,803,481,p02-block-2-trial-10-target-2,970.0,450.0,22.5,False,Pointer Move (unknown)
1785574770.5137699,808,481,p02-block-2-trial-10-target-2,970.0,450.0,22.5,False,Pointer Move (unknown)
1785574770.521157,811,481,p02-block-2-trial-10-target-2,970.0,450.0,22.5,False,Pointer Move (unknown)
1785574770.5291898,814,481,p02-block-2-trial-10-target-2,970.0,450.0,22.5,False,Pointer Move (unknown)
1785574770.537528,817,482,p02-block-2-trial-10-target-2,970.0,450.0,22.5,False,Pointer Move (unknown)
1785574770.545604,819,482,p02-block-2-trial-10-target-2,970.0,450.0,22.5,False,Pointer Move (unknown)
1785574770.553589,823,482,p02-block-2-trial-10-target-2,970.0,450.0,22.5,False,Pointer Move (unknown)
1785574770.561839,826,482,p02-block-2-trial-10-target-2,970.0,450.0,22.5,False,Pointer Move (unknown)
1785574770.5697951,829,482,p02-block-2-trial-10-target-2,970.0,450.0,22.5,False,Pointer Move (unknown)
1785574770.5776498,831,482,p02-block-2-trial-10-target-2,970.0,450.0,22.5,False,Pointer Move (unknown)
1785574770.585634,834,483,p02-block-2-trial-10-target-2,970.0,450.0,22.5,False,Pointer Move (unknown)
1785574770.59418,836,483,p02-block-2-trial-10-target-2,970.0,450.0,22.5,False,Pointer Move (unknown)
1785574770.602168,840,483,p02-block-2-trial-10-target-2,970.0,450.0,22.5,False,Pointer Move (unknown)
1785574770.610236,842,484,p02-block-2-trial-10-target-2,970.0,450.0,22.5,False,Pointer Move (unknown)
1785574770.6188958,845,484,p02-block-2-trial-10-target-2,970.0,450.0,22.5,False,Pointer Move (unknown)
1785574770.6272728,847,484,p02-block-2-trial-10-target-2,970.0,450.0,22.5,False,Pointer Move (unknown)
1785574770.635322,849,484,p02-block-2-trial-10-target-2,970.0,450.0,22.5,False,Pointer Move (unknown)
1785574770.645004,851,484,p02-block-2-trial-10-target-2,970.0,450.0,22.5,False,Pointer Move (unknown)
1785574770.661577,855,484,p02-block-2-trial-10-target-2,970.0,450.0,22.5,False,Pointer Move (unknown)
1785574770.666621,857,484,p02-block-2-trial-10-target-2,970.0,450.0,22.5,False,Pointer Move (unknown)
1785574770.6756952,859,484,p02-block-2-trial-10-target-2,970.0,450.0,22.5,False,Pointer Move (unknown)
1785574770.6830258,861,484,p02-block-2-trial-10-target-2,970.0,450.0,22.5,False,Pointer Move (unknown)
1785574770.691148,864,484,p02-block-2-trial-10-target-2,970.0,450.0,22.5,False,Pointer Move (unknown)
1785574770.699285,867,484,p02-block-2-trial-10-target-2,970.0,450.0,22.5,False,Pointer Move (unknown)
1785574770.707701,869,484,p02-block-2-trial-10-target-2,970.0,450.0,22.5,False,Pointer Move (unknown)
1785574770.715658,873,484,p02-block-2-trial-10-target-2,970.0,450.0,22.5,False,Pointer Move (unknown)
1785574770.723457,876,484,p02-block-2-trial-10-target-2,970.0,450.0,22.5,False,Pointer Move (unknown)
1785574770.7314749,879,484,p02-block-2-trial-10-target-2,970.0,450.0,22.5,False,Pointer Move (unknown)
1785574770.739248,884,484,p02-block-2-trial-10-target-2,970.0,450.0,22.5,False,Pointer Move (unknown)
1785574770.748383,887,484,p02-block-2-trial-10-target-2,970.0,450.0,22.5,False,Pointer Move (unknown)
1785574770.755285,892,484,p02-block-2-trial-10-target-2,970.0,450.0,22.5,False,Pointer Move (unknown)
1785574770.762858,897,484,p02-block-2-trial-10-target-2,970.0,450.0,22.5,False,Pointer Move (unknown)
1785574770.770981,903,484,p02-block-2-trial-10-target-2,970.0,450.0,22.5,False,Pointer Move (unknown)
1785574770.779179,908,484,p02-block-2-trial-10-target-2,970.0,450.0,22.5,False,Pointer Move (unknown)
1785574770.7875772,915,484,p02-block-2-trial-10-target-2,970.0,450.0,22.5,False,Pointer Move (unknown)
1785574770.795507,921,484,p02-block-2-trial-10-target-2,970.0,450.0,22.5,False,Pointer Move (unknown)
1785574770.803796,928,483,p02-block-2-trial-10-target-2,970.0,450.0,22.5,False,Pointer Move (unknown)
1785574770.8116632,933,482,p02-block-2-trial-10-target-2,970.0,450.0,22.5,False,Pointer Move (unknown)
1785574770.819723,938,482,p02-block-2-trial-10-target-2,970.0,450.0,22.5,False,Pointer Move (unknown)
1785574770.8278809,944,481,p02-block-2-trial-10-target-2,970.0,450.0,22.5,False,Pointer Move (unknown)
1785574770.836073,949,480,p02-block-2-trial-10-target-2,970.0,450.0,22.5,False,Pointer Move (unknown)
1785574770.844287,952,479,p02-block-2-trial-10-target-2,970.0,450.0,22.5,False,Pointer Move (unknown)
1785574770.853033,956,479,p02-block-2-trial-10-target-2,970.0,450.0,22.5,False,Pointer Move (unknown)
1785574770.860794,960,478,p02-block-2-trial-10-target-2,970.0,450.0,22.5,False,Pointer Move (unknown)
1785574770.869555,962,478,p02-block-2-trial-10-target-2,970.0,450.0,22.5,False,Pointer Move (unknown)
1785574770.877988,966,477,p02-block-2-trial-10-target-2,970.0,450.0,22.5,False,Pointer Move (unknown)
1785574770.885497,969,476,p02-block-2-trial-10-target-2,970.0,450.0,22.5,False,Pointer Move (unknown)
1785574770.894092,971,475,p02-block-2-trial-10-target-2,970.0,450.0,22.5,False,Pointer Move (unknown)
1785574770.902198,974,475,p02-block-2-trial-10-target-2,970.0,450.0,22.5,False,Pointer Move (unknown)
1785574770.910448,976,475,p02-block-2-trial-10-target-2,970.0,450.0,22.5,False,Pointer Move (unknown)
1785574770.9181828,978,474,p02-block-2-trial-10-target-2,970.0,450.0,22.5,False,Pointer Move (unknown)
1785574770.925656,979,473,p02-block-2-trial-10-target-2,970.0,450.0,22.5,False,Pointer Move (unknown)
1785574770.933739,980,473,p02-block-2-trial-10-target-2,970.0,450.0,22.5,False,Pointer Move (unknown)
1785574770.941819,981,473,p02-block-2-trial-10-target-2,970.0,450.0,22.5,False,Pointer Move (unknown)
1785574770.950748,982,473,p02-block-2-trial-10-target-2,970.0,450.0,22.5,False,Pointer Move (unknown)
1785574770.958596,982,473,p02-block-2-trial-10-target-2,970.0,450.0,22.5,False,Pointer Move (unknown)
1785574770.966754,982,473,p02-block-2-trial-10-target-2,970.0,450.0,22.5,False,Pointer Move (unknown)
1785574770.975279,983,473,p02-block-2-trial-10-target-2,970.0,450.0,22.5,False,Pointer Move (unknown)
1785574770.983093,983,473,p02-block-2-trial-10-target-2,970.0,450.0,22.5,False,Pointer Move (unknown)
1785574771.0155342,983,472,p02-block-2-trial-10-target-2,970.0,450.0,22.5,False,Pointer Move (unknown)
1785574771.031709,983,472,p02-block-2-trial-10-target-2,970.0,450.0,22.5,False,Pointer Move (unknown)
1785574771.047272,983,472,p02-block-2-trial-10-target-2,970.0,450.0,22.5,False,Pointer Move (unknown)
1785574771.054917,983,471,p02-block-2-trial-10-target-2,970.0,450.0,22.5,False,Pointer Move (unknown)
1785574771.0633018,983,471,p02-block-2-trial-10-target-2,970.0,450.0,22.5,False,Pointer Move (unknown)
1785574771.071295,983,470,p02-block-2-trial-10-target-2,970.0,450.0,22.5,False,Pointer Move (unknown)
1785574771.07916,983,470,p02-block-2-trial-10-target-2,970.0,450.0,22.5,False,Pointer Move (unknown)
1785574771.087392,983,470,p02-block-2-trial-10-target-2,970.0,450.0,22.5,False,Pointer Move (unknown)
1785574771.095516,983,469,p02-block-2-trial-10-target-2,970.0,450.0,22.5,False,Pointer Move (unknown)
1785574771.10398,982,468,p02-block-2-trial-10-target-2,970.0,450.0,22.5,False,Pointer Move (unknown)
1785574771.112019,982,468,p02-block-2-trial-10-target-2,970.0,450.0,22.5,False,Pointer Move (unknown)
1785574771.1196501,982,468,p02-block-2-trial-10-target-2,970.0,450.0,22.5,False,Pointer Move (unknown)
1785574771.127978,982,467,p02-block-2-trial-10-target-2,970.0,450.0,22.5,False,Pointer Move (unknown)
1785574771.135651,981,467,p02-block-2-trial-10-target-2,970.0,450.0,22.5,False,Pointer Move (unknown)
1785574771.143965,981,466,p02-block-2-trial-10-target-2,970.0,450.0,22.5,False,Pointer Move (unknown)
1785574771.152456,981,466,p02-block-2-trial-10-target-2,970.0,450.0,22.5,False,Pointer Move (unknown)
1785574771.1687338,981,466,p02-block-2-trial-10-target-2,970.0,450.0,22.5,False,Pointer Move (unknown)
1785574771.176696,981,465,p02-block-2-trial-10-target-2,970.0,450.0,22.5,False,Pointer Move (unknown)
1785574771.1841679,981,465,p02-block-2-trial-10-target-2,970.0,450.0,22.5,False,Pointer Move (unknown)
1785574771.192906,981,465,p02-block-2-trial-10-target-2,970.0,450.0,22.5,False,Pointer Move (unknown)
1785574771.20127,981,464,p02-block-2-trial-10-target-2,970.0,450.0,22.5,False,Pointer Move (unknown)
1785574771.2090602,981,463,p02-block-2-trial-10-target-2,970.0,450.0,22.5,False,Pointer Move (unknown)
1785574771.217388,981,463,p02-block-2-trial-10-target-2,970.0,450.0,22.5,False,Pointer Move (unknown)
1785574771.224597,981,462,p02-block-2-trial-10-target-2,970.0,450.0,22.5,False,Pointer Move (unknown)
1785574771.2328289,981,460,p02-block-2-trial-10-target-2,970.0,450.0,22.5,False,Pointer Move (unknown)
1785574771.240952,981,459,p02-block-2-trial-10-target-2,970.0,450.0,22.5,False,Pointer Move (unknown)
1785574771.248905,980,458,p02-block-2-trial-10-target-2,970.0,450.0,22.5,False,Pointer Move (unknown)
1785574771.2568488,980,456,p02-block-2-trial-10-target-2,970.0,450.0,22.5,False,Pointer Move (unknown)
1785574771.265428,980,455,p02-block-2-trial-10-target-2,970.0,450.0,22.5,False,Pointer Move (unknown)
1785574771.2734232,980,454,p02-block-2-trial-10-target-2,970.0,450.0,22.5,False,Pointer Move (unknown)
1785574771.281465,979,454,p02-block-2-trial-10-target-2,970.0,450.0,22.5,False,Pointer Move (unknown)
1785574771.2896261,979,454,p02-block-2-trial-10-target-2,970.0,450.0,22.5,False,Pointer Move (unknown)
1785574771.298003,979,453,p02-block-2-trial-10-target-2,970.0,450.0,22.5,False,Pointer Move (unknown)
1785574771.3190541,979,453,p02-block-2-trial-10-target-2,970.0,450.0,22.5,target_selected,target_selected
1785574771.343265,979,453,p02-block-2-trial-11-target-6,470.0,450.0,22.5,False,Pointer Move (unknown)
1785574772.0438,979,453,p02-block-2-trial-11-target-6,470.0,450.0,22.5,False,Pointer Move (unknown)
1785574772.0502348,974,453,p02-block-2-trial-11-target-6,470.0,450.0,22.5,False,Pointer Move (unknown)
1785574772.058559,967,454,p02-block-2-trial-11-target-6,470.0,450.0,22.5,False,Pointer Move (unknown)
1785574772.0657861,956,458,p02-block-2-trial-11-target-6,470.0,450.0,22.5,False,Pointer Move (unknown)
1785574772.074045,945,464,p02-block-2-trial-11-target-6,470.0,450.0,22.5,False,Pointer Move (unknown)
1785574772.08221,931,469,p02-block-2-trial-11-target-6,470.0,450.0,22.5,False,Pointer Move (unknown)
1785574772.091846,914,474,p02-block-2-trial-11-target-6,470.0,450.0,22.5,False,Pointer Move (unknown)
1785574772.0980082,897,479,p02-block-2-trial-11-target-6,470.0,450.0,22.5,False,Pointer Move (unknown)
1785574772.106147,880,484,p02-block-2-trial-11-target-6,470.0,450.0,22.5,False,Pointer Move (unknown)
1785574772.114335,863,487,p02-block-2-trial-11-target-6,470.0,450.0,22.5,False,Pointer Move (unknown)
1785574772.1228201,847,492,p02-block-2-trial-11-target-6,470.0,450.0,22.5,False,Pointer Move (unknown)
1785574772.130233,830,494,p02-block-2-trial-11-target-6,470.0,450.0,22.5,False,Pointer Move (unknown)
1785574772.138701,813,497,p02-block-2-trial-11-target-6,470.0,450.0,22.5,False,Pointer Move (unknown)
1785574772.146812,796,499,p02-block-2-trial-11-target-6,470.0,450.0,22.5,False,Pointer Move (unknown)
1785574772.1548018,782,502,p02-block-2-trial-11-target-6,470.0,450.0,22.5,False,Pointer Move (unknown)
1785574772.163636,775,503,p02-block-2-trial-11-target-6,470.0,450.0,22.5,False,Pointer Move (unknown)
1785574772.171273,764,503,p02-block-2-trial-11-target-6,470.0,450.0,22.5,False,Pointer Move (unknown)
1785574772.179127,753,503,p02-block-2-trial-11-target-6,470.0,450.0,22.5,False,Pointer Move (unknown)
1785574772.187278,746,503,p02-block-2-trial-11-target-6,470.0,450.0,22.5,False,Pointer Move (unknown)
1785574772.1951418,738,503,p02-block-2-trial-11-target-6,470.0,450.0,22.5,False,Pointer Move (unknown)
1785574772.203537,733,503,p02-block-2-trial-11-target-6,470.0,450.0,22.5,False,Pointer Move (unknown)
1785574772.211689,728,503,p02-block-2-trial-11-target-6,470.0,450.0,22.5,False,Pointer Move (unknown)
1785574772.219855,723,503,p02-block-2-trial-11-target-6,470.0,450.0,22.5,False,Pointer Move (unknown)
1785574772.228437,720,503,p02-block-2-trial-11-target-6,470.0,450.0,22.5,False,Pointer Move (unknown)
1785574772.23665,717,503,p02-block-2-trial-11-target-6,470.0,450.0,22.5,False,Pointer Move (unknown)
1785574772.2446961,713,503,p02-block-2-trial-11-target-6,470.0,450.0,22.5,False,Pointer Move (unknown)
1785574772.2523038,710,503,p02-block-2-trial-11-target-6,470.0,450.0,22.5,False,Pointer Move (unknown)
1785574772.260726,707,503,p02-block-2-trial-11-target-6,470.0,450.0,22.5,False,Pointer Move (unknown)
1785574772.268789,702,503,p02-block-2-trial-11-target-6,470.0,450.0,22.5,False,Pointer Move (unknown)
1785574772.2764642,699,503,p02-block-2-trial-11-target-6,470.0,450.0,22.5,False,Pointer Move (unknown)
1785574772.2844641,694,503,p02-block-2-trial-11-target-6,470.0,450.0,22.5,False,Pointer Move (unknown)
1785574772.292712,689,502,p02-block-2-trial-11-target-6,470.0,450.0,22.5,False,Pointer Move (unknown)
1785574772.301286,684,501,p02-block-2-trial-11-target-6,470.0,450.0,22.5,False,Pointer Move (unknown)
1785574772.3086631,680,500,p02-block-2-trial-11-target-6,470.0,450.0,22.5,False,Pointer Move (unknown)
1785574772.31699,673,499,p02-block-2-trial-11-target-6,470.0,450.0,22.5,False,Pointer Move (unknown)
1785574772.325304,668,498,p02-block-2-trial-11-target-6,470.0,450.0,22.5,False,Pointer Move (unknown)
1785574772.33341,663,497,p02-block-2-trial-11-target-6,470.0,450.0,22.5,False,Pointer Move (unknown)
1785574772.342093,659,496,p02-block-2-trial-11-target-6,470.0,450.0,22.5,False,Pointer Move (unknown)
1785574772.3497658,652,494,p02-block-2-trial-11-target-6,470.0,450.0,22.5,False,Pointer Move (unknown)
1785574772.357846,647,493,p02-block-2-trial-11-target-6,470.0,450.0,22.5,False,Pointer Move (unknown)
1785574772.3651452,642,491,p02-block-2-trial-11-target-6,470.0,450.0,22.5,False,Pointer Move (unknown)
1785574772.3733912,631,488,p02-block-2-trial-11-target-6,470.0,450.0,22.5,False,Pointer Move (unknown)
1785574772.382049,628,488,p02-block-2-trial-11-target-6,470.0,450.0,22.5,False,Pointer Move (unknown)
1785574772.3903081,621,485,p02-block-2-trial-11-target-6,470.0,450.0,22.5,False,Pointer Move (unknown)
1785574772.398099,615,483,p02-block-2-trial-11-target-6,470.0,450.0,22.5,False,Pointer Move (unknown)
1785574772.405782,608,480,p02-block-2-trial-11-target-6,470.0,450.0,22.5,False,Pointer Move (unknown)
1785574772.4136589,597,476,p02-block-2-trial-11-target-6,470.0,450.0,22.5,False,Pointer Move (unknown)
1785574772.421725,594,475,p02-block-2-trial-11-target-6,470.0,450.0,22.5,False,Pointer Move (unknown)
1785574772.42975,587,473,p02-block-2-trial-11-target-6,470.0,450.0,22.5,False,Pointer Move (unknown)
1785574772.437699,582,471,p02-block-2-trial-11-target-6,470.0,450.0,22.5,False,Pointer Move (unknown)
1785574772.446155,576,467,p02-block-2-trial-11-target-6,470.0,450.0,22.5,False,Pointer Move (unknown)
1785574772.4541252,569,466,p02-block-2-trial-11-target-6,470.0,450.0,22.5,False,Pointer Move (unknown)
1785574772.462173,564,464,p02-block-2-trial-11-target-6,470.0,450.0,22.5,False,Pointer Move (unknown)
1785574772.4701812,553,462,p02-block-2-trial-11-target-6,470.0,450.0,22.5,False,Pointer Move (unknown)
1785574772.4782348,544,459,p02-block-2-trial-11-target-6,470.0,450.0,22.5,False,Pointer Move (unknown)
1785574772.486846,536,457,p02-block-2-trial-11-target-6,470.0,450.0,22.5,False,Pointer Move (unknown)
1785574772.494854,527,454,p02-block-2-trial-11-target-6,470.0,450.0,22.5,False,Pointer Move (unknown)
1785574772.5036428,518,452,p02-block-2-trial-11-target-6,470.0,450.0,22.5,False,Pointer Move (unknown)
1785574772.511616,515,450,p02-block-2-trial-11-target-6,470.0,450.0,22.5,False,Pointer Move (unknown)
1785574772.518788,508,449,p02-block-2-trial-11-target-6,470.0,450.0,22.5,False,Pointer Move (unknown)
1785574772.527086,499,446,p02-block-2-trial-11-target-6,470.0,450.0,22.5,False,Pointer Move (unknown)
1785574772.534698,495,444,p02-block-2-trial-11-target-6,470.0,450.0,22.5,False,Pointer Move (unknown)
1785574772.542902,490,443,p02-block-2-trial-11-target-6,470.0,450.0,22.5,False,Pointer Move (unknown)
1785574772.551119,485,443,p02-block-2-trial-11-target-6,470.0,450.0,22.5,False,Pointer Move (unknown)
1785574772.559293,483,442,p02-block-2-trial-11-target-6,470.0,450.0,22.5,False,Pointer Move (unknown)
1785574772.567383,480,440,p02-block-2-trial-11-target-6,470.0,450.0,22.5,False,Pointer Move (unknown)
1785574772.575335,478,440,p02-block-2-trial-11-target-6,470.0,450.0,22.5,False,Pointer Move (unknown)
1785574772.583363,476,440,p02-block-2-trial-11-target-6,470.0,450.0,22.5,False,Pointer Move (unknown)
1785574772.5918,475,439,p02-block-2-trial-11-target-6,470.0,450.0,22.5,False,Pointer Move (unknown)
1785574772.5998878,474,438,p02-block-2-trial-11-target-6,470.0,450.0,22.5,False,Pointer Move (unknown)
1785574772.609477,472,438,p02-block-2-trial-11-target-6,470.0,450.0,22.5,False,Pointer Move (unknown)
1785574772.616727,471,437,p02-block-2-trial-11-target-6,470.0,450.0,22.5,False,Pointer Move (unknown)
1785574772.624704,469,437,p02-block-2-trial-11-target-6,470.0,450.0,22.5,False,Pointer Move (unknown)
1785574772.632326,468,436,p02-block-2-trial-11-target-6,470.0,450.0,22.5,False,Pointer Move (unknown)
1785574772.641004,467,436,p02-block-2-trial-11-target-6,470.0,450.0,22.5,False,Pointer Move (unknown)
1785574772.648787,465,436,p02-block-2-trial-11-target-6,470.0,450.0,22.5,False,Pointer Move (unknown)
1785574772.6570392,465,435,p02-block-2-trial-11-target-6,470.0,450.0,22.5,False,Pointer Move (unknown)
1785574772.6648881,464,435,p02-block-2-trial-11-target-6,470.0,450.0,22.5,False,Pointer Move (unknown)
1785574772.673175,463,435,p02-block-2-trial-11-target-6,470.0,450.0,22.5,False,Pointer Move (unknown)
1785574772.681539,463,435,p02-block-2-trial-11-target-6,470.0,450.0,22.5,False,Pointer Move (unknown)
1785574772.6895201,462,434,p02-block-2-trial-11-target-6,470.0,450.0,22.5,False,Pointer Move (unknown)
1785574772.69694,462,434,p02-block-2-trial-11-target-6,470.0,450.0,22.5,False,Pointer Move (unknown)
1785574772.713402,462,434,p02-block-2-trial-11-target-6,470.0,450.0,22.5,False,Pointer Move (unknown)
1785574772.721331,462,434,p02-block-2-trial-11-target-6,470.0,450.0,22.5,False,Pointer Move (unknown)
1785574772.730131,461,434,p02-block-2-trial-11-target-6,470.0,450.0,22.5,False,Pointer Move (unknown)
1785574772.786227,461,434,p02-block-2-trial-11-target-6,470.0,450.0,22.5,target_selected,target_selected
1785574773.555719,461,433,p02-block-2-trial-12-target-2,970.0,450.0,22.5,False,Pointer Move (unknown)
1785574775.917137,461,433,p02-block-2-trial-12-target-2,970.0,450.0,22.5,False,Pointer Move (unknown)
1785574775.94931,462,433,p02-block-2-trial-12-target-2,970.0,450.0,22.5,False,Pointer Move (unknown)
1785574775.973857,462,433,p02-block-2-trial-12-target-2,970.0,450.0,22.5,False,Pointer Move (unknown)
1785574775.998632,462,433,p02-block-2-trial-12-target-2,970.0,450.0,22.5,False,Pointer Move (unknown)
1785574776.0045178,463,433,p02-block-2-trial-12-target-2,970.0,450.0,22.5,False,Pointer Move (unknown)
1785574776.02245,463,433,p02-block-2-trial-12-target-2,970.0,450.0,22.5,False,Pointer Move (unknown)
1785574776.029553,463,433,p02-block-2-trial-12-target-2,970.0,450.0,22.5,False,Pointer Move (unknown)
1785574776.038431,464,433,p02-block-2-trial-12-target-2,970.0,450.0,22.5,False,Pointer Move (unknown)
1785574776.046058,465,433,p02-block-2-trial-12-target-2,970.0,450.0,22.5,False,Pointer Move (unknown)
1785574776.0531578,466,433,p02-block-2-trial-12-target-2,970.0,450.0,22.5,False,Pointer Move (unknown)
1785574776.062599,467,433,p02-block-2-trial-12-target-2,970.0,450.0,22.5,False,Pointer Move (unknown)
1785574776.069344,468,433,p02-block-2-trial-12-target-2,970.0,450.0,22.5,False,Pointer Move (unknown)
1785574776.078057,469,433,p02-block-2-trial-12-target-2,970.0,450.0,22.5,False,Pointer Move (unknown)
1785574776.085502,470,433,p02-block-2-trial-12-target-2,970.0,450.0,22.5,False,Pointer Move (unknown)
1785574776.0941482,471,433,p02-block-2-trial-12-target-2,970.0,450.0,22.5,False,Pointer Move (unknown)
1785574776.101708,472,433,p02-block-2-trial-12-target-2,970.0,450.0,22.5,False,Pointer Move (unknown)
1785574776.109782,473,432,p02-block-2-trial-12-target-2,970.0,450.0,22.5,False,Pointer Move (unknown)
1785574776.118693,473,432,p02-block-2-trial-12-target-2,970.0,450.0,22.5,False,Pointer Move (unknown)
1785574776.126741,474,432,p02-block-2-trial-12-target-2,970.0,450.0,22.5,False,Pointer Move (unknown)
1785574776.134751,475,432,p02-block-2-trial-12-target-2,970.0,450.0,22.5,False,Pointer Move (unknown)
1785574776.1427882,475,432,p02-block-2-trial-12-target-2,970.0,450.0,22.5,False,Pointer Move (unknown)
1785574776.150911,476,432,p02-block-2-trial-12-target-2,970.0,450.0,22.5,False,Pointer Move (unknown)
1785574776.1589499,476,432,p02-block-2-trial-12-target-2,970.0,450.0,22.5,False,Pointer Move (unknown)
1785574776.175136,476,432,p02-block-2-trial-12-target-2,970.0,450.0,22.5,False,Pointer Move (unknown)
1785574776.183087,476,431,p02-block-2-trial-12-target-2,970.0,450.0,22.5,False,Pointer Move (unknown)
1785574776.208003,477,431,p02-block-2-trial-12-target-2,970.0,450.0,22.5,False,Pointer Move (unknown)
1785574776.223552,477,431,p02-block-2-trial-12-target-2,970.0,450.0,22.5,False,Pointer Move (unknown)
1785574776.2399292,477,431,p02-block-2-trial-12-target-2,970.0,450.0,22.5,False,Pointer Move (unknown)
1785574776.247935,478,431,p02-block-2-trial-12-target-2,970.0,450.0,22.5,False,Pointer Move (unknown)
1785574776.256106,480,431,p02-block-2-trial-12-target-2,970.0,450.0,22.5,False,Pointer Move (unknown)
1785574776.2641861,483,431,p02-block-2-trial-12-target-2,970.0,450.0,22.5,False,Pointer Move (unknown)
1785574776.2715032,486,431,p02-block-2-trial-12-target-2,970.0,450.0,22.5,False,Pointer Move (unknown)
1785574776.2796001,493,431,p02-block-2-trial-12-target-2,970.0,450.0,22.5,False,Pointer Move (unknown)
1785574776.287931,502,431,p02-block-2-trial-12-target-2,970.0,450.0,22.5,False,Pointer Move (unknown)
1785574776.295734,513,431,p02-block-2-trial-12-target-2,970.0,450.0,22.5,False,Pointer Move (unknown)
1785574776.3037162,527,431,p02-block-2-trial-12-target-2,970.0,450.0,22.5,False,Pointer Move (unknown)
1785574776.311638,559,429,p02-block-2-trial-12-target-2,970.0,450.0,22.5,False,Pointer Move (unknown)
1785574776.32003,586,427,p02-block-2-trial-12-target-2,970.0,450.0,22.5,False,Pointer Move (unknown)
1785574776.328233,603,425,p02-block-2-trial-12-target-2,970.0,450.0,22.5,False,Pointer Move (unknown)
1785574776.336323,656,419,p02-block-2-trial-12-target-2,970.0,450.0,22.5,False,Pointer Move (unknown)
1785574776.345602,692,417,p02-block-2-trial-12-target-2,970.0,450.0,22.5,False,Pointer Move (unknown)
1785574776.353444,734,412,p02-block-2-trial-12-target-2,970.0,450.0,22.5,False,Pointer Move (unknown)
1785574776.3613381,751,412,p02-block-2-trial-12-target-2,970.0,450.0,22.5,False,Pointer Move (unknown)
1785574776.368962,792,409,p02-block-2-trial-12-target-2,970.0,450.0,22.5,False,Pointer Move (unknown)
1785574776.3763971,824,407,p02-block-2-trial-12-target-2,970.0,450.0,22.5,False,Pointer Move (unknown)
1785574776.3844008,852,405,p02-block-2-trial-12-target-2,970.0,450.0,22.5,False,Pointer Move (unknown)
1785574776.392543,876,403,p02-block-2-trial-12-target-2,970.0,450.0,22.5,False,Pointer Move (unknown)
1785574776.400915,896,403,p02-block-2-trial-12-target-2,970.0,450.0,22.5,False,Pointer Move (unknown)
1785574776.4093802,903,403,p02-block-2-trial-12-target-2,970.0,450.0,22.5,False,Pointer Move (unknown)
1785574776.417262,917,403,p02-block-2-trial-12-target-2,970.0,450.0,22.5,False,Pointer Move (unknown)
1785574776.4258199,928,401,p02-block-2-trial-12-target-2,970.0,450.0,22.5,False,Pointer Move (unknown)
1785574776.434742,934,401,p02-block-2-trial-12-target-2,970.0,450.0,22.5,False,Pointer Move (unknown)
1785574776.442534,939,401,p02-block-2-trial-12-target-2,970.0,450.0,22.5,False,Pointer Move (unknown)
1785574776.449485,944,401,p02-block-2-trial-12-target-2,970.0,450.0,22.5,False,Pointer Move (unknown)
1785574776.4574862,947,400,p02-block-2-trial-12-target-2,970.0,450.0,22.5,False,Pointer Move (unknown)
1785574776.466191,949,400,p02-block-2-trial-12-target-2,970.0,450.0,22.5,False,Pointer Move (unknown)
1785574776.474305,951,400,p02-block-2-trial-12-target-2,970.0,450.0,22.5,False,Pointer Move (unknown)
1785574776.4834712,952,400,p02-block-2-trial-12-target-2,970.0,450.0,22.5,False,Pointer Move (unknown)
1785574776.4902909,954,400,p02-block-2-trial-12-target-2,970.0,450.0,22.5,False,Pointer Move (unknown)
1785574776.498663,956,400,p02-block-2-trial-12-target-2,970.0,450.0,22.5,False,Pointer Move (unknown)
1785574776.50672,957,400,p02-block-2-trial-12-target-2,970.0,450.0,22.5,False,Pointer Move (unknown)
1785574776.514775,958,400,p02-block-2-trial-12-target-2,970.0,450.0,22.5,False,Pointer Move (unknown)
1785574776.522722,960,400,p02-block-2-trial-12-target-2,970.0,450.0,22.5,False,Pointer Move (unknown)
1785574776.530933,961,400,p02-block-2-trial-12-target-2,970.0,450.0,22.5,False,Pointer Move (unknown)
1785574776.5391738,962,400,p02-block-2-trial-12-target-2,970.0,450.0,22.5,False,Pointer Move (unknown)
1785574776.54745,963,400,p02-block-2-trial-12-target-2,970.0,450.0,22.5,False,Pointer Move (unknown)
1785574776.554283,963,400,p02-block-2-trial-12-target-2,970.0,450.0,22.5,False,Pointer Move (unknown)
1785574776.562274,964,401,p02-block-2-trial-12-target-2,970.0,450.0,22.5,False,Pointer Move (unknown)
1785574776.571129,965,401,p02-block-2-trial-12-target-2,970.0,450.0,22.5,False,Pointer Move (unknown)
1785574776.578903,966,402,p02-block-2-trial-12-target-2,970.0,450.0,22.5,False,Pointer Move (unknown)
1785574776.5866182,967,402,p02-block-2-trial-12-target-2,970.0,450.0,22.5,False,Pointer Move (unknown)
1785574776.594746,968,403,p02-block-2-trial-12-target-2,970.0,450.0,22.5,False,Pointer Move (unknown)
1785574776.602684,969,404,p02-block-2-trial-12-target-2,970.0,450.0,22.5,False,Pointer Move (unknown)
1785574776.611228,970,405,p02-block-2-trial-12-target-2,970.0,450.0,22.5,False,Pointer Move (unknown)
1785574776.619018,971,407,p02-block-2-trial-12-target-2,970.0,450.0,22.5,False,Pointer Move (unknown)
1785574776.62708,972,408,p02-block-2-trial-12-target-2,970.0,450.0,22.5,False,Pointer Move (unknown)
1785574776.635126,973,410,p02-block-2-trial-12-target-2,970.0,450.0,22.5,False,Pointer Move (unknown)
1785574776.643519,974,411,p02-block-2-trial-12-target-2,970.0,450.0,22.5,False,Pointer Move (unknown)
1785574776.6517918,976,413,p02-block-2-trial-12-target-2,970.0,450.0,22.5,False,Pointer Move (unknown)
1785574776.660455,977,414,p02-block-2-trial-12-target-2,970.0,450.0,22.5,False,Pointer Move (unknown)
1785574776.668538,977,416,p02-block-2-trial-12-target-2,970.0,450.0,22.5,False,Pointer Move (unknown)
1785574776.676606,979,418,p02-block-2-trial-12-target-2,970.0,450.0,22.5,False,Pointer Move (unknown)
1785574776.6846652,979,420,p02-block-2-trial-12-target-2,970.0,450.0,22.5,False,Pointer Move (unknown)
1785574776.692836,980,423,p02-block-2-trial-12-target-2,970.0,450.0,22.5,False,Pointer Move (unknown)
1785574776.701022,981,425,p02-block-2-trial-12-target-2,970.0,450.0,22.5,False,Pointer Move (unknown)
1785574776.710103,981,428,p02-block-2-trial-12-target-2,970.0,450.0,22.5,False,Pointer Move (unknown)
1785574776.71712,981,431,p02-block-2-trial-12-target-2,970.0,450.0,22.5,False,Pointer Move (unknown)
1785574776.7256389,981,433,p02-block-2-trial-12-target-2,970.0,450.0,22.5,False,Pointer Move (unknown)
1785574776.734263,981,437,p02-block-2-trial-12-target-2,970.0,450.0,22.5,False,Pointer Move (unknown)
1785574776.741408,981,439,p02-block-2-trial-12-target-2,970.0,450.0,22.5,False,Pointer Move (unknown)
1785574776.748408,981,442,p02-block-2-trial-12-target-2,970.0,450.0,22.5,False,Pointer Move (unknown)
1785574776.757226,981,444,p02-block-2-trial-12-target-2,970.0,450.0,22.5,False,Pointer Move (unknown)
1785574776.7653959,981,446,p02-block-2-trial-12-target-2,970.0,450.0,22.5,False,Pointer Move (unknown)
1785574776.772695,981,447,p02-block-2-trial-12-target-2,970.0,450.0,22.5,False,Pointer Move (unknown)
1785574776.780724,980,449,p02-block-2-trial-12-target-2,970.0,450.0,22.5,False,Pointer Move (unknown)
1785574776.789043,979,450,p02-block-2-trial-12-target-2,970.0,450.0,22.5,False,Pointer Move (unknown)
1785574776.796661,979,450,p02-block-2-trial-12-target-2,970.0,450.0,22.5,False,Pointer Move (unknown)
1785574776.8058949,978,451,p02-block-2-trial-12-target-2,970.0,450.0,22.5,False,Pointer Move (unknown)
1785574776.8136342,978,452,p02-block-2-trial-12-target-2,970.0,450.0,22.5,False,Pointer Move (unknown)
1785574776.8213608,977,452,p02-block-2-trial-12-target-2,970.0,450.0,22.5,False,Pointer Move (unknown)
1785574776.8297338,977,453,p02-block-2-trial-12-target-2,970.0,450.0,22.5,False,Pointer Move (unknown)
1785574776.837427,977,453,p02-block-2-trial-12-target-2,970.0,450.0,22.5,False,Pointer Move (unknown)
1785574776.845417,977,453,p02-block-2-trial-12-target-2,970.0,450.0,22.5,False,Pointer Move (unknown)
1785574776.8542678,976,454,p02-block-2-trial-12-target-2,970.0,450.0,22.5,False,Pointer Move (unknown)
1785574776.8707871,976,454,p02-block-2-trial-12-target-2,970.0,450.0,22.5,False,Pointer Move (unknown)
1785574776.878738,976,454,p02-block-2-trial-12-target-2,970.0,450.0,22.5,False,Pointer Move (unknown)
1785574776.887257,975,455,p02-block-2-trial-12-target-2,970.0,450.0,22.5,False,Pointer Move (unknown)
1785574776.919035,975,455,p02-block-2-trial-12-target-2,970.0,450.0,22.5,target_selected,target_selected
1785574776.941178,975,455,p02-block-2-trial-13-target-6,470.0,450.0,22.5,False,Pointer Move (unknown)
1785574777.348743,974,455,p02-block-2-trial-13-target-6,470.0,450.0,22.5,False,Pointer Move (unknown)
1785574777.356103,963,455,p02-block-2-trial-13-target-6,470.0,450.0,22.5,False,Pointer Move (unknown)
1785574777.364287,949,455,p02-block-2-trial-13-target-6,470.0,450.0,22.5,False,Pointer Move (unknown)
1785574777.37221,921,455,p02-block-2-trial-13-target-6,470.0,450.0,22.5,False,Pointer Move (unknown)
1785574777.3802571,884,455,p02-block-2-trial-13-target-6,470.0,450.0,22.5,False,Pointer Move (unknown)
1785574777.388213,848,455,p02-block-2-trial-13-target-6,470.0,450.0,22.5,False,Pointer Move (unknown)
1785574777.396887,827,457,p02-block-2-trial-13-target-6,470.0,450.0,22.5,False,Pointer Move (unknown)
1785574777.403459,791,459,p02-block-2-trial-13-target-6,470.0,450.0,22.5,False,Pointer Move (unknown)
1785574777.412246,754,462,p02-block-2-trial-13-target-6,470.0,450.0,22.5,False,Pointer Move (unknown)
1785574777.420622,722,464,p02-block-2-trial-13-target-6,470.0,450.0,22.5,False,Pointer Move (unknown)
1785574777.4285262,694,466,p02-block-2-trial-13-target-6,470.0,450.0,22.5,False,Pointer Move (unknown)
1785574777.4367218,685,466,p02-block-2-trial-13-target-6,470.0,450.0,22.5,False,Pointer Move (unknown)
1785574777.445235,669,466,p02-block-2-trial-13-target-6,470.0,450.0,22.5,False,Pointer Move (unknown)
1785574777.453826,652,466,p02-block-2-trial-13-target-6,470.0,450.0,22.5,False,Pointer Move (unknown)
1785574777.46102,640,466,p02-block-2-trial-13-target-6,470.0,450.0,22.5,False,Pointer Move (unknown)
1785574777.468431,632,466,p02-block-2-trial-13-target-6,470.0,450.0,22.5,False,Pointer Move (unknown)
1785574777.477712,623,466,p02-block-2-trial-13-target-6,470.0,450.0,22.5,False,Pointer Move (unknown)
1785574777.486089,616,466,p02-block-2-trial-13-target-6,470.0,450.0,22.5,False,Pointer Move (unknown)
1785574777.494199,610,466,p02-block-2-trial-13-target-6,470.0,450.0,22.5,False,Pointer Move (unknown)
1785574777.501656,605,466,p02-block-2-trial-13-target-6,470.0,450.0,22.5,False,Pointer Move (unknown)
1785574777.5094972,600,466,p02-block-2-trial-13-target-6,470.0,450.0,22.5,False,Pointer Move (unknown)
1785574777.5174148,595,466,p02-block-2-trial-13-target-6,470.0,450.0,22.5,False,Pointer Move (unknown)
1785574777.525242,592,466,p02-block-2-trial-13-target-6,470.0,450.0,22.5,False,Pointer Move (unknown)
1785574777.5332842,589,465,p02-block-2-trial-13-target-6,470.0,450.0,22.5,False,Pointer Move (unknown)
1785574777.541261,586,465,p02-block-2-trial-13-target-6,470.0,450.0,22.5,False,Pointer Move (unknown)
1785574777.550323,582,464,p02-block-2-trial-13-target-6,470.0,450.0,22.5,False,Pointer Move (unknown)
1785574777.559098,578,463,p02-block-2-trial-13-target-6,470.0,450.0,22.5,False,Pointer Move (unknown)
1785574777.566321,574,462,p02-block-2-trial-13-target-6,470.0,450.0,22.5,False,Pointer Move (unknown)
1785574777.5744152,571,461,p02-block-2-trial-13-target-6,470.0,450.0,22.5,False,Pointer Move (unknown)
1785574777.586316,568,460,p02-block-2-trial-13-target-6,470.0,450.0,22.5,False,Pointer Move (unknown)
1785574777.5901408,565,459,p02-block-2-trial-13-target-6,470.0,450.0,22.5,False,Pointer Move (unknown)
1785574777.598092,560,459,p02-block-2-trial-13-target-6,470.0,450.0,22.5,False,Pointer Move (unknown)
1785574777.606417,556,458,p02-block-2-trial-13-target-6,470.0,450.0,22.5,False,Pointer Move (unknown)
1785574777.613732,553,456,p02-block-2-trial-13-target-6,470.0,450.0,22.5,False,Pointer Move (unknown)
1785574777.622678,548,455,p02-block-2-trial-13-target-6,470.0,450.0,22.5,False,Pointer Move (unknown)
1785574777.63092,545,454,p02-block-2-trial-13-target-6,470.0,450.0,22.5,False,Pointer Move (unknown)
1785574777.63937,540,453,p02-block-2-trial-13-target-6,470.0,450.0,22.5,False,Pointer Move (unknown)
1785574777.6475542,537,452,p02-block-2-trial-13-target-6,470.0,450.0,22.5,False,Pointer Move (unknown)
1785574777.655172,534,451,p02-block-2-trial-13-target-6,470.0,450.0,22.5,False,Pointer Move (unknown)
1785574777.663012,529,449,p02-block-2-trial-13-target-6,470.0,450.0,22.5,False,Pointer Move (unknown)
1785574777.6709828,526,448,p02-block-2-trial-13-target-6,470.0,450.0,22.5,False,Pointer Move (unknown)
1785574777.678714,523,447,p02-block-2-trial-13-target-6,470.0,450.0,22.5,False,Pointer Move (unknown)
1785574777.6865642,519,446,p02-block-2-trial-13-target-6,470.0,450.0,22.5,False,Pointer Move (unknown)
1785574777.694999,517,444,p02-block-2-trial-13-target-6,470.0,450.0,22.5,False,Pointer Move (unknown)
1785574777.703066,514,444,p02-block-2-trial-13-target-6,470.0,450.0,22.5,False,Pointer Move (unknown)
1785574777.711215,512,442,p02-block-2-trial-13-target-6,470.0,450.0,22.5,False,Pointer Move (unknown)
1785574777.719556,509,441,p02-block-2-trial-13-target-6,470.0,450.0,22.5,False,Pointer Move (unknown)
1785574777.727895,507,441,p02-block-2-trial-13-target-6,470.0,450.0,22.5,False,Pointer Move (unknown)
1785574777.7358341,505,440,p02-block-2-trial-13-target-6,470.0,450.0,22.5,False,Pointer Move (unknown)
1785574777.743638,503,439,p02-block-2-trial-13-target-6,470.0,450.0,22.5,False,Pointer Move (unknown)
1785574777.751668,501,438,p02-block-2-trial-13-target-6,470.0,450.0,22.5,False,Pointer Move (unknown)
1785574777.7597141,499,438,p02-block-2-trial-13-target-6,470.0,450.0,22.5,False,Pointer Move (unknown)
1785574777.768189,498,438,p02-block-2-trial-13-target-6,470.0,450.0,22.5,False,Pointer Move (unknown)
1785574777.776525,496,437,p02-block-2-trial-13-target-6,470.0,450.0,22.5,False,Pointer Move (unknown)
1785574777.784859,495,437,p02-block-2-trial-13-target-6,470.0,450.0,22.5,False,Pointer Move (unknown)
1785574777.7932851,494,436,p02-block-2-trial-13-target-6,470.0,450.0,22.5,False,Pointer Move (unknown)
1785574777.8015842,493,436,p02-block-2-trial-13-target-6,470.0,450.0,22.5,False,Pointer Move (unknown)
1785574777.8089411,492,436,p02-block-2-trial-13-target-6,470.0,450.0,22.5,False,Pointer Move (unknown)
1785574777.816797,491,436,p02-block-2-trial-13-target-6,470.0,450.0,22.5,False,Pointer Move (unknown)
1785574777.825661,491,436,p02-block-2-trial-13-target-6,470.0,450.0,22.5,False,Pointer Move (unknown)
1785574777.834041,490,436,p02-block-2-trial-13-target-6,470.0,450.0,22.5,False,Pointer Move (unknown)
1785574777.868551,490,436,p02-block-2-trial-13-target-6,470.0,450.0,22.5,False,Pointer Move (unknown)
1785574778.747829,490,436,p02-block-2-trial-13-target-6,470.0,450.0,22.5,False,Pointer Move (unknown)
1785574778.7552261,491,436,p02-block-2-trial-13-target-6,470.0,450.0,22.5,False,Pointer Move (unknown)
1785574778.763226,491,436,p02-block-2-trial-13-target-6,470.0,450.0,22.5,False,Pointer Move (unknown)
1785574778.772083,491,436,p02-block-2-trial-13-target-6,470.0,450.0,22.5,False,Pointer Move (unknown)
1785574778.7789629,492,437,p02-block-2-trial-13-target-6,470.0,450.0,22.5,False,Pointer Move (unknown)
1785574778.786317,494,437,p02-block-2-trial-13-target-6,470.0,450.0,22.5,False,Pointer Move (unknown)
1785574778.7949262,496,437,p02-block-2-trial-13-target-6,470.0,450.0,22.5,False,Pointer Move (unknown)
1785574778.802911,502,438,p02-block-2-trial-13-target-6,470.0,450.0,22.5,False,Pointer Move (unknown)
1785574778.8109288,506,439,p02-block-2-trial-13-target-6,470.0,450.0,22.5,False,Pointer Move (unknown)
1785574778.818736,514,440,p02-block-2-trial-13-target-6,470.0,450.0,22.5,False,Pointer Move (unknown)
1785574778.826808,521,441,p02-block-2-trial-13-target-6,470.0,450.0,22.5,False,Pointer Move (unknown)
1785574778.834934,528,443,p02-block-2-trial-13-target-6,470.0,450.0,22.5,False,Pointer Move (unknown)
1785574778.843314,532,444,p02-block-2-trial-13-target-6,470.0,450.0,22.5,False,Pointer Move (unknown)
1785574778.851564,546,445,p02-block-2-trial-13-target-6,470.0,450.0,22.5,False,Pointer Move (unknown)
1785574778.860106,557,446,p02-block-2-trial-13-target-6,470.0,450.0,22.5,False,Pointer Move (unknown)
1785574778.868225,569,448,p02-block-2-trial-13-target-6,470.0,450.0,22.5,False,Pointer Move (unknown)
1785574778.876481,580,449,p02-block-2-trial-13-target-6,470.0,450.0,22.5,False,Pointer Move (unknown)
1785574778.88451,594,452,p02-block-2-trial-13-target-6,470.0,450.0,22.5,False,Pointer Move (unknown)
1785574778.892392,608,454,p02-block-2-trial-13-target-6,470.0,450.0,22.5,False,Pointer Move (unknown)
1785574778.900587,621,457,p02-block-2-trial-13-target-6,470.0,450.0,22.5,False,Pointer Move (unknown)
1785574778.90848,635,460,p02-block-2-trial-13-target-6,470.0,450.0,22.5,False,Pointer Move (unknown)
1785574778.916712,652,463,p02-block-2-trial-13-target-6,470.0,450.0,22.5,False,Pointer Move (unknown)
1785574778.924875,666,468,p02-block-2-trial-13-target-6,470.0,450.0,22.5,False,Pointer Move (unknown)
1785574778.9328,683,471,p02-block-2-trial-13-target-6,470.0,450.0,22.5,False,Pointer Move (unknown)
1785574778.940256,700,477,p02-block-2-trial-13-target-6,470.0,450.0,22.5,False,Pointer Move (unknown)
1785574778.948412,714,481,p02-block-2-trial-13-target-6,470.0,450.0,22.5,False,Pointer Move (unknown)
1785574778.956508,731,485,p02-block-2-trial-13-target-6,470.0,450.0,22.5,False,Pointer Move (unknown)
1785574778.965318,736,486,p02-block-2-trial-13-target-6,470.0,450.0,22.5,False,Pointer Move (unknown)
1785574778.973516,759,494,p02-block-2-trial-13-target-6,470.0,450.0,22.5,False,Pointer Move (unknown)
1785574778.9814332,764,495,p02-block-2-trial-13-target-6,470.0,450.0,22.5,False,Pointer Move (unknown)
1785574778.9896672,773,499,p02-block-2-trial-13-target-6,470.0,450.0,22.5,False,Pointer Move (unknown)
1785574778.9971242,782,502,p02-block-2-trial-13-target-6,470.0,450.0,22.5,False,Pointer Move (unknown)
1785574779.0052211,788,504,p02-block-2-trial-13-target-6,470.0,450.0,22.5,False,Pointer Move (unknown)
1785574779.012651,797,506,p02-block-2-trial-13-target-6,470.0,450.0,22.5,False,Pointer Move (unknown)
1785574779.020952,804,509,p02-block-2-trial-13-target-6,470.0,450.0,22.5,False,Pointer Move (unknown)
1785574779.029259,810,511,p02-block-2-trial-13-target-6,470.0,450.0,22.5,False,Pointer Move (unknown)
1785574779.037611,822,515,p02-block-2-trial-13-target-6,470.0,450.0,22.5,False,Pointer Move (unknown)
1785574779.046041,825,516,p02-block-2-trial-13-target-6,470.0,450.0,22.5,False,Pointer Move (unknown)
1785574779.053313,834,517,p02-block-2-trial-13-target-6,470.0,450.0,22.5,False,Pointer Move (unknown)
1785574779.061292,840,519,p02-block-2-trial-13-target-6,470.0,450.0,22.5,False,Pointer Move (unknown)
1785574779.0694132,847,521,p02-block-2-trial-13-target-6,470.0,450.0,22.5,False,Pointer Move (unknown)
1785574779.078162,853,522,p02-block-2-trial-13-target-6,470.0,450.0,22.5,False,Pointer Move (unknown)
1785574779.085716,860,524,p02-block-2-trial-13-target-6,470.0,450.0,22.5,False,Pointer Move (unknown)
1785574779.094261,865,525,p02-block-2-trial-13-target-6,470.0,450.0,22.5,False,Pointer Move (unknown)
1785574779.1017191,870,526,p02-block-2-trial-13-target-6,470.0,450.0,22.5,False,Pointer Move (unknown)
1785574779.10978,876,528,p02-block-2-trial-13-target-6,470.0,450.0,22.5,False,Pointer Move (unknown)
1785574779.118304,879,528,p02-block-2-trial-13-target-6,470.0,450.0,22.5,False,Pointer Move (unknown)
1785574779.1268501,884,529,p02-block-2-trial-13-target-6,470.0,450.0,22.5,False,Pointer Move (unknown)
1785574779.13596,889,530,p02-block-2-trial-13-target-6,470.0,450.0,22.5,False,Pointer Move (unknown)
1785574779.1425998,892,531,p02-block-2-trial-13-target-6,470.0,450.0,22.5,False,Pointer Move (unknown)
1785574779.1513212,896,531,p02-block-2-trial-13-target-6,470.0,450.0,22.5,False,Pointer Move (unknown)
1785574779.158747,899,532,p02-block-2-trial-13-target-6,470.0,450.0,22.5,False,Pointer Move (unknown)
1785574779.16704,902,532,p02-block-2-trial-13-target-6,470.0,450.0,22.5,False,Pointer Move (unknown)
1785574779.174847,904,532,p02-block-2-trial-13-target-6,470.0,450.0,22.5,False,Pointer Move (unknown)
1785574779.182921,905,532,p02-block-2-trial-13-target-6,470.0,450.0,22.5,False,Pointer Move (unknown)
1785574779.19062,907,532,p02-block-2-trial-13-target-6,470.0,450.0,22.5,False,Pointer Move (unknown)
1785574779.199015,908,532,p02-block-2-trial-13-target-6,470.0,450.0,22.5,False,Pointer Move (unknown)
1785574779.207801,909,532,p02-block-2-trial-13-target-6,470.0,450.0,22.5,False,Pointer Move (unknown)
1785574779.216197,910,532,p02-block-2-trial-13-target-6,470.0,450.0,22.5,False,Pointer Move (unknown)
1785574779.224007,910,532,p02-block-2-trial-13-target-6,470.0,450.0,22.5,False,Pointer Move (unknown)
1785574779.23216,910,532,p02-block-2-trial-13-target-6,470.0,450.0,22.5,False,Pointer Move (unknown)
1785574779.239838,911,532,p02-block-2-trial-13-target-6,470.0,450.0,22.5,False,Pointer Move (unknown)
1785574779.247474,912,532,p02-block-2-trial-13-target-6,470.0,450.0,22.5,False,Pointer Move (unknown)
1785574779.255328,912,532,p02-block-2-trial-13-target-6,470.0,450.0,22.5,False,Pointer Move (unknown)
1785574779.263934,913,532,p02-block-2-trial-13-target-6,470.0,450.0,22.5,False,Pointer Move (unknown)
1785574779.272038,914,532,p02-block-2-trial-13-target-6,470.0,450.0,22.5,False,Pointer Move (unknown)
1785574779.280359,915,531,p02-block-2-trial-13-target-6,470.0,450.0,22.5,False,Pointer Move (unknown)
1785574779.2878451,916,531,p02-block-2-trial-13-target-6,470.0,450.0,22.5,False,Pointer Move (unknown)
1785574779.295667,918,530,p02-block-2-trial-13-target-6,470.0,450.0,22.5,False,Pointer Move (unknown)
1785574779.30368,920,530,p02-block-2-trial-13-target-6,470.0,450.0,22.5,False,Pointer Move (unknown)
1785574779.312271,921,528,p02-block-2-trial-13-target-6,470.0,450.0,22.5,False,Pointer Move (unknown)
1785574779.3203058,924,528,p02-block-2-trial-13-target-6,470.0,450.0,22.5,False,Pointer Move (unknown)
1785574779.328104,926,526,p02-block-2-trial-13-target-6,470.0,450.0,22.5,False,Pointer Move (unknown)
1785574779.3364322,928,525,p02-block-2-trial-13-target-6,470.0,450.0,22.5,False,Pointer Move (unknown)
1785574779.34773,930,524,p02-block-2-trial-13-target-6,470.0,450.0,22.5,False,Pointer Move (unknown)
1785574779.352399,933,522,p02-block-2-trial-13-target-6,470.0,450.0,22.5,False,Pointer Move (unknown)
1785574779.3611789,935,521,p02-block-2-trial-13-target-6,470.0,450.0,22.5,False,Pointer Move (unknown)
1785574779.3687549,938,518,p02-block-2-trial-13-target-6,470.0,450.0,22.5,False,Pointer Move (unknown)
1785574779.377245,940,516,p02-block-2-trial-13-target-6,470.0,450.0,22.5,False,Pointer Move (unknown)
1785574779.3850539,941,515,p02-block-2-trial-13-target-6,470.0,450.0,22.5,False,Pointer Move (unknown)
1785574779.394052,942,513,p02-block-2-trial-13-target-6,470.0,450.0,22.5,False,Pointer Move (unknown)
1785574779.4011378,944,512,p02-block-2-trial-13-target-6,470.0,450.0,22.5,False,Pointer Move (unknown)
1785574779.409149,944,511,p02-block-2-trial-13-target-6,470.0,450.0,22.5,False,Pointer Move (unknown)
1785574779.417331,945,509,p02-block-2-trial-13-target-6,470.0,450.0,22.5,False,Pointer Move (unknown)
1785574779.4257438,945,508,p02-block-2-trial-13-target-6,470.0,450.0,22.5,False,Pointer Move (unknown)
1785574779.433742,945,507,p02-block-2-trial-13-target-6,470.0,450.0,22.5,False,Pointer Move (unknown)
1785574779.4414961,945,506,p02-block-2-trial-13-target-6,470.0,450.0,22.5,False,Pointer Move (unknown)
1785574779.4496992,945,506,p02-block-2-trial-13-target-6,470.0,450.0,22.5,False,Pointer Move (unknown)
1785574779.457951,945,505,p02-block-2-trial-13-target-6,470.0,450.0,22.5,False,Pointer Move (unknown)
1785574779.466177,944,505,p02-block-2-trial-13-target-6,470.0,450.0,22.5,False,Pointer Move (unknown)
1785574779.474321,941,503,p02-block-2-trial-13-target-6,470.0,450.0,22.5,False,Pointer Move (unknown)
1785574779.4837801,936,502,p02-block-2-trial-13-target-6,470.0,450.0,22.5,False,Pointer Move (unknown)
1785574779.490429,927,501,p02-block-2-trial-13-target-6,470.0,450.0,22.5,False,Pointer Move (unknown)
1785574779.4982882,903,499,p02-block-2-trial-13-target-6,470.0,450.0,22.5,False,Pointer Move (unknown)
1785574779.50629,879,497,p02-block-2-trial-13-target-6,470.0,450.0,22.5,False,Pointer Move (unknown)
1785574779.514459,866,495,p02-block-2-trial-13-target-6,470.0,450.0,22.5,False,Pointer Move (unknown)
1785574779.523082,834,493,p02-block-2-trial-13-target-6,470.0,450.0,22.5,False,Pointer Move (unknown)
1785574779.532032,775,490,p02-block-2-trial-13-target-6,470.0,450.0,22.5,False,Pointer Move (unknown)
1785574779.539256,739,485,p02-block-2-trial-13-target-6,470.0,450.0,22.5,False,Pointer Move (unknown)
1785574779.54718,719,483,p02-block-2-trial-13-target-6,470.0,450.0,22.5,False,Pointer Move (unknown)
1785574779.5556521,682,481,p02-block-2-trial-13-target-6,470.0,450.0,22.5,False,Pointer Move (unknown)
1785574779.563514,650,476,p02-block-2-trial-13-target-6,470.0,450.0,22.5,False,Pointer Move (unknown)
1785574779.571624,618,472,p02-block-2-trial-13-target-6,470.0,450.0,22.5,False,Pointer Move (unknown)
1785574779.592051,590,470,p02-block-2-trial-13-target-6,470.0,450.0,22.5,False,Pointer Move (unknown)
1785574779.592237,571,468,p02-block-2-trial-13-target-6,470.0,450.0,22.5,False,Pointer Move (unknown)
1785574779.593913,551,466,p02-block-2-trial-13-target-6,470.0,450.0,22.5,False,Pointer Move (unknown)
1785574779.6020129,534,465,p02-block-2-trial-13-target-6,470.0,450.0,22.5,False,Pointer Move (unknown)
1785574779.609916,517,463,p02-block-2-trial-13-target-6,470.0,450.0,22.5,False,Pointer Move (unknown)
1785574779.617971,512,463,p02-block-2-trial-13-target-6,470.0,450.0,22.5,False,Pointer Move (unknown)
1785574779.626338,501,461,p02-block-2-trial-13-target-6,470.0,450.0,22.5,False,Pointer Move (unknown)
1785574779.6359282,490,461,p02-block-2-trial-13-target-6,470.0,450.0,22.5,False,Pointer Move (unknown)
1785574779.644629,481,461,p02-block-2-trial-13-target-6,470.0,450.0,22.5,False,Pointer Move (unknown)
1785574779.652645,475,461,p02-block-2-trial-13-target-6,470.0,450.0,22.5,False,Pointer Move (unknown)
1785574779.660537,468,461,p02-block-2-trial-13-target-6,470.0,450.0,22.5,False,Pointer Move (unknown)
1785574779.668882,463,461,p02-block-2-trial-13-target-6,470.0,450.0,22.5,False,Pointer Move (unknown)
1785574779.676207,459,461,p02-block-2-trial-13-target-6,470.0,450.0,22.5,False,Pointer Move (unknown)
1785574779.683973,454,461,p02-block-2-trial-13-target-6,470.0,450.0,22.5,False,Pointer Move (unknown)
1785574779.6927738,451,461,p02-block-2-trial-13-target-6,470.0,450.0,22.5,False,Pointer Move (unknown)
1785574779.7003672,447,461,p02-block-2-trial-13-target-6,470.0,450.0,22.5,False,Pointer Move (unknown)
1785574779.70848,445,461,p02-block-2-trial-13-target-6,470.0,450.0,22.5,False,Pointer Move (unknown)
1785574779.716609,443,460,p02-block-2-trial-13-target-6,470.0,450.0,22.5,False,Pointer Move (unknown)
1785574779.725248,441,459,p02-block-2-trial-13-target-6,470.0,450.0,22.5,False,Pointer Move (unknown)
1785574779.733391,440,459,p02-block-2-trial-13-target-6,470.0,450.0,22.5,False,Pointer Move (unknown)
1785574779.741411,439,459,p02-block-2-trial-13-target-6,470.0,450.0,22.5,False,Pointer Move (unknown)
1785574779.749581,438,458,p02-block-2-trial-13-target-6,470.0,450.0,22.5,False,Pointer Move (unknown)
1785574779.758394,438,458,p02-block-2-trial-13-target-6,470.0,450.0,22.5,False,Pointer Move (unknown)
1785574779.766088,437,458,p02-block-2-trial-13-target-6,470.0,450.0,22.5,False,Pointer Move (unknown)
1785574779.7733262,436,457,p02-block-2-trial-13-target-6,470.0,450.0,22.5,False,Pointer Move (unknown)
1785574779.781939,436,457,p02-block-2-trial-13-target-6,470.0,450.0,22.5,False,Pointer Move (unknown)
1785574779.790863,436,457,p02-block-2-trial-13-target-6,470.0,450.0,22.5,False,Pointer Move (unknown)
1785574779.806305,435,456,p02-block-2-trial-13-target-6,470.0,450.0,22.5,False,Pointer Move (unknown)
1785574779.8137212,435,456,p02-block-2-trial-13-target-6,470.0,450.0,22.5,False,Pointer Move (unknown)
1785574779.822428,435,455,p02-block-2-trial-13-target-6,470.0,450.0,22.5,False,Pointer Move (unknown)
1785574779.829708,435,455,p02-block-2-trial-13-target-6,470.0,450.0,22.5,False,Pointer Move (unknown)
1785574779.837499,435,455,p02-block-2-trial-13-target-6,470.0,450.0,22.5,False,Pointer Move (unknown)
1785574779.845981,435,454,p02-block-2-trial-13-target-6,470.0,450.0,22.5,False,Pointer Move (unknown)
1785574779.854021,435,454,p02-block-2-trial-13-target-6,470.0,450.0,22.5,False,Pointer Move (unknown)
1785574779.861912,435,454,p02-block-2-trial-13-target-6,470.0,450.0,22.5,False,Pointer Move (unknown)
1785574779.869935,435,453,p02-block-2-trial-13-target-6,470.0,450.0,22.5,False,Pointer Move (unknown)
1785574779.8866692,435,453,p02-block-2-trial-13-target-6,470.0,450.0,22.5,False,Pointer Move (unknown)
1785574779.894778,435,452,p02-block-2-trial-13-target-6,470.0,450.0,22.5,False,Pointer Move (unknown)
1785574779.903289,435,452,p02-block-2-trial-13-target-6,470.0,450.0,22.5,False,Pointer Move (unknown)
1785574779.911308,436,452,p02-block-2-trial-13-target-6,470.0,450.0,22.5,False,Pointer Move (unknown)
1785574779.918814,436,452,p02-block-2-trial-13-target-6,470.0,450.0,22.5,False,Pointer Move (unknown)
1785574779.92748,436,452,p02-block-2-trial-13-target-6,470.0,450.0,22.5,False,Pointer Move (unknown)
1785574779.93552,437,452,p02-block-2-trial-13-target-6,470.0,450.0,22.5,False,Pointer Move (unknown)
1785574779.9435678,437,452,p02-block-2-trial-13-target-6,470.0,450.0,22.5,False,Pointer Move (unknown)
1785574779.951329,437,452,p02-block-2-trial-13-target-6,470.0,450.0,22.5,False,Pointer Move (unknown)
1785574779.9593658,439,452,p02-block-2-trial-13-target-6,470.0,450.0,22.5,False,Pointer Move (unknown)
1785574779.9672441,439,452,p02-block-2-trial-13-target-6,470.0,450.0,22.5,False,Pointer Move (unknown)
1785574779.975181,440,452,p02-block-2-trial-13-target-6,470.0,450.0,22.5,False,Pointer Move (unknown)
1785574779.997824,442,453,p02-block-2-trial-13-target-6,470.0,450.0,22.5,False,Pointer Move (unknown)
1785574779.999806,443,453,p02-block-2-trial-13-target-6,470.0,450.0,22.5,False,Pointer Move (unknown)
1785574780.0079732,443,454,p02-block-2-trial-13-target-6,470.0,450.0,22.5,False,Pointer Move (unknown)
1785574780.015172,445,454,p02-block-2-trial-13-target-6,470.0,450.0,22.5,False,Pointer Move (unknown)
1785574780.023913,446,455,p02-block-2-trial-13-target-6,470.0,450.0,22.5,False,Pointer Move (unknown)
1785574780.031776,446,455,p02-block-2-trial-13-target-6,470.0,450.0,22.5,False,Pointer Move (unknown)
1785574780.039818,447,455,p02-block-2-trial-13-target-6,470.0,450.0,22.5,False,Pointer Move (unknown)
1785574780.048548,448,456,p02-block-2-trial-13-target-6,470.0,450.0,22.5,False,Pointer Move (unknown)
1785574780.056096,448,456,p02-block-2-trial-13-target-6,470.0,450.0,22.5,False,Pointer Move (unknown)
1785574780.064097,449,457,p02-block-2-trial-13-target-6,470.0,450.0,22.5,False,Pointer Move (unknown)
1785574780.0721622,450,457,p02-block-2-trial-13-target-6,470.0,450.0,22.5,False,Pointer Move (unknown)
1785574780.080459,451,458,p02-block-2-trial-13-target-6,470.0,450.0,22.5,False,Pointer Move (unknown)
1785574780.0885718,451,458,p02-block-2-trial-13-target-6,470.0,450.0,22.5,False,Pointer Move (unknown)
1785574780.0966148,452,459,p02-block-2-trial-13-target-6,470.0,450.0,22.5,False,Pointer Move (unknown)
1785574780.104634,453,459,p02-block-2-trial-13-target-6,470.0,450.0,22.5,False,Pointer Move (unknown)
1785574780.112629,453,459,p02-block-2-trial-13-target-6,470.0,450.0,22.5,False,Pointer Move (unknown)
1785574780.120842,453,459,p02-block-2-trial-13-target-6,470.0,450.0,22.5,False,Pointer Move (unknown)
1785574780.1292648,454,459,p02-block-2-trial-13-target-6,470.0,450.0,22.5,False,Pointer Move (unknown)
1785574780.137656,455,459,p02-block-2-trial-13-target-6,470.0,450.0,22.5,False,Pointer Move (unknown)
1785574780.145946,455,459,p02-block-2-trial-13-target-6,470.0,450.0,22.5,False,Pointer Move (unknown)
1785574780.154046,456,460,p02-block-2-trial-13-target-6,470.0,450.0,22.5,False,Pointer Move (unknown)
1785574780.161299,456,460,p02-block-2-trial-13-target-6,470.0,450.0,22.5,False,Pointer Move (unknown)
1785574780.16934,456,460,p02-block-2-trial-13-target-6,470.0,450.0,22.5,False,Pointer Move (unknown)
1785574780.177145,457,460,p02-block-2-trial-13-target-6,470.0,450.0,22.5,False,Pointer Move (unknown)
1785574780.185434,457,460,p02-block-2-trial-13-target-6,470.0,450.0,22.5,False,Pointer Move (unknown)
1785574780.1935182,458,460,p02-block-2-trial-13-target-6,470.0,450.0,22.5,False,Pointer Move (unknown)
1785574780.218483,458,460,p02-block-2-trial-13-target-6,470.0,450.0,22.5,target_selected,target_selected
1785574780.2347991,458,460,p02-block-2-trial-14-target-2,970.0,450.0,22.5,False,Pointer Move (unknown)
1785574780.6154501,458,460,p02-block-2-trial-14-target-2,970.0,450.0,22.5,False,Pointer Move (unknown)
1785574780.6234071,463,460,p02-block-2-trial-14-target-2,970.0,450.0,22.5,False,Pointer Move (unknown)
1785574780.630635,470,460,p02-block-2-trial-14-target-2,970.0,450.0,22.5,False,Pointer Move (unknown)
1785574780.6390378,481,460,p02-block-2-trial-14-target-2,970.0,450.0,22.5,False,Pointer Move (unknown)
1785574780.651586,492,460,p02-block-2-trial-14-target-2,970.0,450.0,22.5,False,Pointer Move (unknown)
1785574780.6540742,509,460,p02-block-2-trial-14-target-2,970.0,450.0,22.5,False,Pointer Move (unknown)
1785574780.662967,523,460,p02-block-2-trial-14-target-2,970.0,450.0,22.5,False,Pointer Move (unknown)
1785574780.670828,543,458,p02-block-2-trial-14-target-2,970.0,450.0,22.5,False,Pointer Move (unknown)
1785574780.679051,560,456,p02-block-2-trial-14-target-2,970.0,450.0,22.5,False,Pointer Move (unknown)
1785574780.687752,580,454,p02-block-2-trial-14-target-2,970.0,450.0,22.5,False,Pointer Move (unknown)
1785574780.695364,600,453,p02-block-2-trial-14-target-2,970.0,450.0,22.5,False,Pointer Move (unknown)
1785574780.703423,621,451,p02-block-2-trial-14-target-2,970.0,450.0,22.5,False,Pointer Move (unknown)
1785574780.711586,641,451,p02-block-2-trial-14-target-2,970.0,450.0,22.5,False,Pointer Move (unknown)
1785574780.7202299,658,451,p02-block-2-trial-14-target-2,970.0,450.0,22.5,False,Pointer Move (unknown)
1785574780.733799,675,451,p02-block-2-trial-14-target-2,970.0,450.0,22.5,False,Pointer Move (unknown)
1785574780.735408,689,451,p02-block-2-trial-14-target-2,970.0,450.0,22.5,False,Pointer Move (unknown)
1785574780.743237,703,451,p02-block-2-trial-14-target-2,970.0,450.0,22.5,False,Pointer Move (unknown)
1785574780.751798,714,451,p02-block-2-trial-14-target-2,970.0,450.0,22.5,False,Pointer Move (unknown)
1785574780.759567,725,451,p02-block-2-trial-14-target-2,970.0,450.0,22.5,False,Pointer Move (unknown)
1785574780.767838,739,451,p02-block-2-trial-14-target-2,970.0,450.0,22.5,False,Pointer Move (unknown)
1785574780.7772741,747,451,p02-block-2-trial-14-target-2,970.0,450.0,22.5,False,Pointer Move (unknown)
1785574780.7847722,758,451,p02-block-2-trial-14-target-2,970.0,450.0,22.5,False,Pointer Move (unknown)
1785574780.7929568,763,451,p02-block-2-trial-14-target-2,970.0,450.0,22.5,False,Pointer Move (unknown)
1785574780.800386,772,451,p02-block-2-trial-14-target-2,970.0,450.0,22.5,False,Pointer Move (unknown)
1785574780.809314,779,451,p02-block-2-trial-14-target-2,970.0,450.0,22.5,False,Pointer Move (unknown)
1785574780.816653,787,452,p02-block-2-trial-14-target-2,970.0,450.0,22.5,False,Pointer Move (unknown)
1785574780.8245142,792,452,p02-block-2-trial-14-target-2,970.0,450.0,22.5,False,Pointer Move (unknown)
1785574780.832937,797,453,p02-block-2-trial-14-target-2,970.0,450.0,22.5,False,Pointer Move (unknown)
1785574780.841092,802,454,p02-block-2-trial-14-target-2,970.0,450.0,22.5,False,Pointer Move (unknown)
1785574780.849335,806,454,p02-block-2-trial-14-target-2,970.0,450.0,22.5,False,Pointer Move (unknown)
1785574780.857075,810,454,p02-block-2-trial-14-target-2,970.0,450.0,22.5,False,Pointer Move (unknown)
1785574780.865152,813,455,p02-block-2-trial-14-target-2,970.0,450.0,22.5,False,Pointer Move (unknown)
1785574780.8737311,815,455,p02-block-2-trial-14-target-2,970.0,450.0,22.5,False,Pointer Move (unknown)
1785574780.881632,818,456,p02-block-2-trial-14-target-2,970.0,450.0,22.5,False,Pointer Move (unknown)
1785574780.8894022,821,456,p02-block-2-trial-14-target-2,970.0,450.0,22.5,False,Pointer Move (unknown)
1785574780.898326,825,456,p02-block-2-trial-14-target-2,970.0,450.0,22.5,False,Pointer Move (unknown)
1785574780.906326,828,456,p02-block-2-trial-14-target-2,970.0,450.0,22.5,False,Pointer Move (unknown)
1785574780.913731,831,456,p02-block-2-trial-14-target-2,970.0,450.0,22.5,False,Pointer Move (unknown)
1785574780.922517,834,456,p02-block-2-trial-14-target-2,970.0,450.0,22.5,False,Pointer Move (unknown)
1785574780.92936,838,457,p02-block-2-trial-14-target-2,970.0,450.0,22.5,False,Pointer Move (unknown)
1785574780.937684,841,457,p02-block-2-trial-14-target-2,970.0,450.0,22.5,False,Pointer Move (unknown)
1785574780.9455712,846,458,p02-block-2-trial-14-target-2,970.0,450.0,22.5,False,Pointer Move (unknown)
1785574780.9542332,849,458,p02-block-2-trial-14-target-2,970.0,450.0,22.5,False,Pointer Move (unknown)
1785574780.962091,854,459,p02-block-2-trial-14-target-2,970.0,450.0,22.5,False,Pointer Move (unknown)
1785574780.970125,857,459,p02-block-2-trial-14-target-2,970.0,450.0,22.5,False,Pointer Move (unknown)
1785574780.977987,862,460,p02-block-2-trial-14-target-2,970.0,450.0,22.5,False,Pointer Move (unknown)
1785574780.987679,865,460,p02-block-2-trial-14-target-2,970.0,450.0,22.5,False,Pointer Move (unknown)
1785574780.994945,870,460,p02-block-2-trial-14-target-2,970.0,450.0,22.5,False,Pointer Move (unknown)
1785574781.002804,875,461,p02-block-2-trial-14-target-2,970.0,450.0,22.5,False,Pointer Move (unknown)
1785574781.01071,878,461,p02-block-2-trial-14-target-2,970.0,450.0,22.5,False,Pointer Move (unknown)
1785574781.018945,883,461,p02-block-2-trial-14-target-2,970.0,450.0,22.5,False,Pointer Move (unknown)
1785574781.0325382,887,461,p02-block-2-trial-14-target-2,970.0,450.0,22.5,False,Pointer Move (unknown)
1785574781.035952,892,461,p02-block-2-trial-14-target-2,970.0,450.0,22.5,False,Pointer Move (unknown)
1785574781.042145,897,461,p02-block-2-trial-14-target-2,970.0,450.0,22.5,False,Pointer Move (unknown)
1785574781.0501819,902,461,p02-block-2-trial-14-target-2,970.0,450.0,22.5,False,Pointer Move (unknown)
1785574781.0597792,905,461,p02-block-2-trial-14-target-2,970.0,450.0,22.5,False,Pointer Move (unknown)
1785574781.067174,908,461,p02-block-2-trial-14-target-2,970.0,450.0,22.5,False,Pointer Move (unknown)
1785574781.07838,911,461,p02-block-2-trial-14-target-2,970.0,450.0,22.5,False,Pointer Move (unknown)
1785574781.082977,915,461,p02-block-2-trial-14-target-2,970.0,450.0,22.5,False,Pointer Move (unknown)
1785574781.091239,917,461,p02-block-2-trial-14-target-2,970.0,450.0,22.5,False,Pointer Move (unknown)
1785574781.099709,920,461,p02-block-2-trial-14-target-2,970.0,450.0,22.5,False,Pointer Move (unknown)
1785574781.107446,922,461,p02-block-2-trial-14-target-2,970.0,450.0,22.5,False,Pointer Move (unknown)
1785574781.115773,924,460,p02-block-2-trial-14-target-2,970.0,450.0,22.5,False,Pointer Move (unknown)
1785574781.124193,926,460,p02-block-2-trial-14-target-2,970.0,450.0,22.5,False,Pointer Move (unknown)
1785574781.136411,928,459,p02-block-2-trial-14-target-2,970.0,450.0,22.5,False,Pointer Move (unknown)
1785574781.140063,930,458,p02-block-2-trial-14-target-2,970.0,450.0,22.5,False,Pointer Move (unknown)
1785574781.1480398,932,458,p02-block-2-trial-14-target-2,970.0,450.0,22.5,False,Pointer Move (unknown)
1785574781.156309,934,457,p02-block-2-trial-14-target-2,970.0,450.0,22.5,False,Pointer Move (unknown)
1785574781.1648378,936,456,p02-block-2-trial-14-target-2,970.0,450.0,22.5,False,Pointer Move (unknown)
1785574781.172523,938,456,p02-block-2-trial-14-target-2,970.0,450.0,22.5,False,Pointer Move (unknown)
1785574781.180537,940,456,p02-block-2-trial-14-target-2,970.0,450.0,22.5,False,Pointer Move (unknown)
1785574781.190251,942,455,p02-block-2-trial-14-target-2,970.0,450.0,22.5,False,Pointer Move (unknown)
1785574781.1966772,945,455,p02-block-2-trial-14-target-2,970.0,450.0,22.5,False,Pointer Move (unknown)
1785574781.204478,948,454,p02-block-2-trial-14-target-2,970.0,450.0,22.5,False,Pointer Move (unknown)
1785574781.212785,952,454,p02-block-2-trial-14-target-2,970.0,450.0,22.5,False,Pointer Move (unknown)
1785574781.2205381,954,454,p02-block-2-trial-14-target-2,970.0,450.0,22.5,False,Pointer Move (unknown)
1785574781.228697,957,454,p02-block-2-trial-14-target-2,970.0,450.0,22.5,False,Pointer Move (unknown)
1785574781.237225,959,454,p02-block-2-trial-14-target-2,970.0,450.0,22.5,False,Pointer Move (unknown)
1785574781.245208,961,454,p02-block-2-trial-14-target-2,970.0,450.0,22.5,False,Pointer Move (unknown)
1785574781.253292,963,454,p02-block-2-trial-14-target-2,970.0,450.0,22.5,False,Pointer Move (unknown)
1785574781.261101,965,454,p02-block-2-trial-14-target-2,970.0,450.0,22.5,False,Pointer Move (unknown)
1785574781.2691321,967,454,p02-block-2-trial-14-target-2,970.0,450.0,22.5,False,Pointer Move (unknown)
1785574781.2772212,969,454,p02-block-2-trial-14-target-2,970.0,450.0,22.5,False,Pointer Move (unknown)
1785574781.2851908,971,454,p02-block-2-trial-14-target-2,970.0,450.0,22.5,False,Pointer Move (unknown)
1785574781.2926238,973,454,p02-block-2-trial-14-target-2,970.0,450.0,22.5,False,Pointer Move (unknown)
1785574781.302214,975,454,p02-block-2-trial-14-target-2,970.0,450.0,22.5,False,Pointer Move (unknown)
1785574781.3090298,977,454,p02-block-2-trial-14-target-2,970.0,450.0,22.5,False,Pointer Move (unknown)
1785574781.3181288,978,454,p02-block-2-trial-14-target-2,970.0,450.0,22.5,False,Pointer Move (unknown)
1785574781.325702,980,454,p02-block-2-trial-14-target-2,970.0,450.0,22.5,False,Pointer Move (unknown)
1785574781.33366,980,454,p02-block-2-trial-14-target-2,970.0,450.0,22.5,False,Pointer Move (unknown)
1785574781.34131,981,454,p02-block-2-trial-14-target-2,970.0,450.0,22.5,False,Pointer Move (unknown)
1785574781.349867,982,454,p02-block-2-trial-14-target-2,970.0,450.0,22.5,False,Pointer Move (unknown)
1785574781.3576581,983,454,p02-block-2-trial-14-target-2,970.0,450.0,22.5,False,Pointer Move (unknown)
1785574781.3658822,983,454,p02-block-2-trial-14-target-2,970.0,450.0,22.5,False,Pointer Move (unknown)
1785574781.373746,983,454,p02-block-2-trial-14-target-2,970.0,450.0,22.5,False,Pointer Move (unknown)
1785574781.382642,984,454,p02-block-2-trial-14-target-2,970.0,450.0,22.5,False,Pointer Move (unknown)
1785574781.399225,984,454,p02-block-2-trial-14-target-2,970.0,450.0,22.5,False,Pointer Move (unknown)
1785574781.471709,984,454,p02-block-2-trial-14-target-2,970.0,450.0,22.5,target_selected,target_selected
1785574781.763356,984,454,p02-block-2-trial-15-target-6,470.0,450.0,22.5,False,Pointer Move (unknown)
1785574781.770111,981,454,p02-block-2-trial-15-target-6,470.0,450.0,22.5,False,Pointer Move (unknown)
1785574781.7779682,977,454,p02-block-2-trial-15-target-6,470.0,450.0,22.5,False,Pointer Move (unknown)
1785574781.7860749,973,454,p02-block-2-trial-15-target-6,470.0,450.0,22.5,False,Pointer Move (unknown)
1785574781.794351,966,454,p02-block-2-trial-15-target-6,470.0,450.0,22.5,False,Pointer Move (unknown)
1785574781.802264,955,454,p02-block-2-trial-15-target-6,470.0,450.0,22.5,False,Pointer Move (unknown)
1785574781.81031,941,454,p02-block-2-trial-15-target-6,470.0,450.0,22.5,False,Pointer Move (unknown)
1785574781.818639,909,454,p02-block-2-trial-15-target-6,470.0,450.0,22.5,False,Pointer Move (unknown)
1785574781.826638,898,454,p02-block-2-trial-15-target-6,470.0,450.0,22.5,False,Pointer Move (unknown)
1785574781.834597,874,454,p02-block-2-trial-15-target-6,470.0,450.0,22.5,False,Pointer Move (unknown)
1785574781.84313,850,454,p02-block-2-trial-15-target-6,470.0,450.0,22.5,False,Pointer Move (unknown)
1785574781.850784,830,454,p02-block-2-trial-15-target-6,470.0,450.0,22.5,False,Pointer Move (unknown)
1785574781.8588748,809,454,p02-block-2-trial-15-target-6,470.0,450.0,22.5,False,Pointer Move (unknown)
1785574781.866976,789,454,p02-block-2-trial-15-target-6,470.0,450.0,22.5,False,Pointer Move (unknown)
1785574781.875081,775,452,p02-block-2-trial-15-target-6,470.0,450.0,22.5,False,Pointer Move (unknown)
1785574781.883109,769,452,p02-block-2-trial-15-target-6,470.0,450.0,22.5,False,Pointer Move (unknown)
1785574781.891524,757,451,p02-block-2-trial-15-target-6,470.0,450.0,22.5,False,Pointer Move (unknown)
1785574781.899848,746,448,p02-block-2-trial-15-target-6,470.0,450.0,22.5,False,Pointer Move (unknown)
1785574781.9077508,740,448,p02-block-2-trial-15-target-6,470.0,450.0,22.5,False,Pointer Move (unknown)
1785574781.9159548,733,447,p02-block-2-trial-15-target-6,470.0,450.0,22.5,False,Pointer Move (unknown)
1785574781.923813,728,446,p02-block-2-trial-15-target-6,470.0,450.0,22.5,False,Pointer Move (unknown)
1785574781.9319391,723,445,p02-block-2-trial-15-target-6,470.0,450.0,22.5,False,Pointer Move (unknown)
1785574781.9401028,720,445,p02-block-2-trial-15-target-6,470.0,450.0,22.5,False,Pointer Move (unknown)
1785574781.9483469,718,444,p02-block-2-trial-15-target-6,470.0,450.0,22.5,False,Pointer Move (unknown)
1785574781.9567108,717,444,p02-block-2-trial-15-target-6,470.0,450.0,22.5,False,Pointer Move (unknown)
1785574781.964643,716,444,p02-block-2-trial-15-target-6,470.0,450.0,22.5,False,Pointer Move (unknown)
1785574781.972364,715,444,p02-block-2-trial-15-target-6,470.0,450.0,22.5,False,Pointer Move (unknown)
1785574781.980048,714,444,p02-block-2-trial-15-target-6,470.0,450.0,22.5,False,Pointer Move (unknown)
1785574781.9883258,714,444,p02-block-2-trial-15-target-6,470.0,450.0,22.5,False,Pointer Move (unknown)
1785574782.004976,713,444,p02-block-2-trial-15-target-6,470.0,450.0,22.5,False,Pointer Move (unknown)
1785574782.020899,713,443,p02-block-2-trial-15-target-6,470.0,450.0,22.5,False,Pointer Move (unknown)
1785574782.029578,713,443,p02-block-2-trial-15-target-6,470.0,450.0,22.5,False,Pointer Move (unknown)
1785574782.053241,713,443,p02-block-2-trial-15-target-6,470.0,450.0,22.5,False,Pointer Move (unknown)
1785574782.069546,713,443,p02-block-2-trial-15-target-6,470.0,450.0,22.5,False,Pointer Move (unknown)
1785574782.085341,713,443,p02-block-2-trial-15-target-6,470.0,450.0,22.5,False,Pointer Move (unknown)
1785574782.142443,712,443,p02-block-2-trial-15-target-6,470.0,450.0,22.5,False,Pointer Move (unknown)
1785574782.150481,712,443,p02-block-2-trial-15-target-6,470.0,450.0,22.5,False,Pointer Move (unknown)
1785574782.158441,712,443,p02-block-2-trial-15-target-6,470.0,450.0,22.5,False,Pointer Move (unknown)
1785574782.166506,711,443,p02-block-2-trial-15-target-6,470.0,450.0,22.5,False,Pointer Move (unknown)
1785574782.174569,709,443,p02-block-2-trial-15-target-6,470.0,450.0,22.5,False,Pointer Move (unknown)
1785574782.183122,707,443,p02-block-2-trial-15-target-6,470.0,450.0,22.5,False,Pointer Move (unknown)
1785574782.190924,702,443,p02-block-2-trial-15-target-6,470.0,450.0,22.5,False,Pointer Move (unknown)
1785574782.198944,696,443,p02-block-2-trial-15-target-6,470.0,450.0,22.5,False,Pointer Move (unknown)
1785574782.207254,685,443,p02-block-2-trial-15-target-6,470.0,450.0,22.5,False,Pointer Move (unknown)
1785574782.214973,673,443,p02-block-2-trial-15-target-6,470.0,450.0,22.5,False,Pointer Move (unknown)
1785574782.222839,656,443,p02-block-2-trial-15-target-6,470.0,450.0,22.5,False,Pointer Move (unknown)
1785574782.231221,639,443,p02-block-2-trial-15-target-6,470.0,450.0,22.5,False,Pointer Move (unknown)
1785574782.23956,623,443,p02-block-2-trial-15-target-6,470.0,450.0,22.5,False,Pointer Move (unknown)
1785574782.247743,602,443,p02-block-2-trial-15-target-6,470.0,450.0,22.5,False,Pointer Move (unknown)
1785574782.25584,578,443,p02-block-2-trial-15-target-6,470.0,450.0,22.5,False,Pointer Move (unknown)
1785574782.2637792,558,443,p02-block-2-trial-15-target-6,470.0,450.0,22.5,False,Pointer Move (unknown)
1785574782.2718039,538,443,p02-block-2-trial-15-target-6,470.0,450.0,22.5,False,Pointer Move (unknown)
1785574782.2799108,518,443,p02-block-2-trial-15-target-6,470.0,450.0,22.5,False,Pointer Move (unknown)
1785574782.2878668,501,441,p02-block-2-trial-15-target-6,470.0,450.0,22.5,False,Pointer Move (unknown)
1785574782.295923,487,438,p02-block-2-trial-15-target-6,470.0,450.0,22.5,False,Pointer Move (unknown)
1785574782.304181,473,436,p02-block-2-trial-15-target-6,470.0,450.0,22.5,False,Pointer Move (unknown)
1785574782.312682,459,435,p02-block-2-trial-15-target-6,470.0,450.0,22.5,False,Pointer Move (unknown)
1785574782.320391,442,431,p02-block-2-trial-15-target-6,470.0,450.0,22.5,False,Pointer Move (unknown)
1785574782.3284018,425,431,p02-block-2-trial-15-target-6,470.0,450.0,22.5,False,Pointer Move (unknown)
1785574782.336298,408,430,p02-block-2-trial-15-target-6,470.0,450.0,22.5,False,Pointer Move (unknown)
1785574782.34465,391,428,p02-block-2-trial-15-target-6,470.0,450.0,22.5,False,Pointer Move (unknown)
1785574782.352872,377,428,p02-block-2-trial-15-target-6,470.0,450.0,22.5,False,Pointer Move (unknown)
1785574782.360776,371,427,p02-block-2-trial-15-target-6,470.0,450.0,22.5,False,Pointer Move (unknown)
1785574782.368941,357,427,p02-block-2-trial-15-target-6,470.0,450.0,22.5,False,Pointer Move (unknown)
1785574782.376564,346,427,p02-block-2-trial-15-target-6,470.0,450.0,22.5,False,Pointer Move (unknown)
1785574782.385003,337,427,p02-block-2-trial-15-target-6,470.0,450.0,22.5,False,Pointer Move (unknown)
1785574782.393488,330,427,p02-block-2-trial-15-target-6,470.0,450.0,22.5,False,Pointer Move (unknown)
1785574782.401027,326,427,p02-block-2-trial-15-target-6,470.0,450.0,22.5,False,Pointer Move (unknown)
1785574782.409088,322,427,p02-block-2-trial-15-target-6,470.0,450.0,22.5,False,Pointer Move (unknown)
1785574782.417032,320,426,p02-block-2-trial-15-target-6,470.0,450.0,22.5,False,Pointer Move (unknown)
1785574782.424906,318,426,p02-block-2-trial-15-target-6,470.0,450.0,22.5,False,Pointer Move (unknown)
1785574782.433154,317,426,p02-block-2-trial-15-target-6,470.0,450.0,22.5,False,Pointer Move (unknown)
1785574782.441205,316,426,p02-block-2-trial-15-target-6,470.0,450.0,22.5,False,Pointer Move (unknown)
1785574782.450248,316,425,p02-block-2-trial-15-target-6,470.0,450.0,22.5,False,Pointer Move (unknown)
1785574782.457782,316,425,p02-block-2-trial-15-target-6,470.0,450.0,22.5,False,Pointer Move (unknown)
1785574782.465815,315,425,p02-block-2-trial-15-target-6,470.0,450.0,22.5,False,Pointer Move (unknown)
1785574782.4738429,315,424,p02-block-2-trial-15-target-6,470.0,450.0,22.5,False,Pointer Move (unknown)
1785574782.4820428,314,424,p02-block-2-trial-15-target-6,470.0,450.0,22.5,False,Pointer Move (unknown)
1785574782.490171,314,423,p02-block-2-trial-15-target-6,470.0,450.0,22.5,False,Pointer Move (unknown)
1785574782.4980521,314,423,p02-block-2-trial-15-target-6,470.0,450.0,22.5,False,Pointer Move (unknown)
1785574782.506368,314,423,p02-block-2-trial-15-target-6,470.0,450.0,22.5,False,Pointer Move (unknown)
1785574782.514938,314,422,p02-block-2-trial-15-target-6,470.0,450.0,22.5,False,Pointer Move (unknown)
1785574782.5226839,314,422,p02-block-2-trial-15-target-6,470.0,450.0,22.5,False,Pointer Move (unknown)
1785574782.538458,314,422,p02-block-2-trial-15-target-6,470.0,450.0,22.5,False,Pointer Move (unknown)
1785574782.5549152,314,421,p02-block-2-trial-15-target-6,470.0,450.0,22.5,False,Pointer Move (unknown)
1785574782.563352,314,421,p02-block-2-trial-15-target-6,470.0,450.0,22.5,False,Pointer Move (unknown)
1785574782.579075,314,421,p02-block-2-trial-15-target-6,470.0,450.0,22.5,False,Pointer Move (unknown)
1785574782.587248,315,420,p02-block-2-trial-15-target-6,470.0,450.0,22.5,False,Pointer Move (unknown)
1785574782.595361,315,420,p02-block-2-trial-15-target-6,470.0,450.0,22.5,False,Pointer Move (unknown)
1785574782.603462,316,420,p02-block-2-trial-15-target-6,470.0,450.0,22.5,False,Pointer Move (unknown)
1785574782.6116061,316,419,p02-block-2-trial-15-target-6,470.0,450.0,22.5,False,Pointer Move (unknown)
1785574782.61954,316,419,p02-block-2-trial-15-target-6,470.0,450.0,22.5,False,Pointer Move (unknown)
1785574782.627753,317,419,p02-block-2-trial-15-target-6,470.0,450.0,22.5,False,Pointer Move (unknown)
1785574782.6357381,318,419,p02-block-2-trial-15-target-6,470.0,450.0,22.5,False,Pointer Move (unknown)
1785574782.6437418,319,419,p02-block-2-trial-15-target-6,470.0,450.0,22.5,False,Pointer Move (unknown)
1785574782.6518059,321,419,p02-block-2-trial-15-target-6,470.0,450.0,22.5,False,Pointer Move (unknown)
1785574782.6600928,323,419,p02-block-2-trial-15-target-6,470.0,450.0,22.5,False,Pointer Move (unknown)
1785574782.6679308,327,419,p02-block-2-trial-15-target-6,470.0,450.0,22.5,False,Pointer Move (unknown)
1785574782.676206,334,421,p02-block-2-trial-15-target-6,470.0,450.0,22.5,False,Pointer Move (unknown)
1785574782.6841621,341,423,p02-block-2-trial-15-target-6,470.0,450.0,22.5,False,Pointer Move (unknown)
1785574782.692558,349,424,p02-block-2-trial-15-target-6,470.0,450.0,22.5,False,Pointer Move (unknown)
1785574782.703497,360,427,p02-block-2-trial-15-target-6,470.0,450.0,22.5,False,Pointer Move (unknown)
1785574782.708409,374,430,p02-block-2-trial-15-target-6,470.0,450.0,22.5,False,Pointer Move (unknown)
1785574782.7164109,388,433,p02-block-2-trial-15-target-6,470.0,450.0,22.5,False,Pointer Move (unknown)
1785574782.7241442,393,435,p02-block-2-trial-15-target-6,470.0,450.0,22.5,False,Pointer Move (unknown)
1785574782.732924,407,438,p02-block-2-trial-15-target-6,470.0,450.0,22.5,False,Pointer Move (unknown)
1785574782.740418,416,440,p02-block-2-trial-15-target-6,470.0,450.0,22.5,False,Pointer Move (unknown)
1785574782.748557,424,442,p02-block-2-trial-15-target-6,470.0,450.0,22.5,False,Pointer Move (unknown)
1785574782.7568781,431,444,p02-block-2-trial-15-target-6,470.0,450.0,22.5,False,Pointer Move (unknown)
1785574782.7654881,438,446,p02-block-2-trial-15-target-6,470.0,450.0,22.5,False,Pointer Move (unknown)
1785574782.772922,441,447,p02-block-2-trial-15-target-6,470.0,450.0,22.5,False,Pointer Move (unknown)
1785574782.781606,446,449,p02-block-2-trial-15-target-6,470.0,450.0,22.5,False,Pointer Move (unknown)
1785574782.78913,448,449,p02-block-2-trial-15-target-6,470.0,450.0,22.5,False,Pointer Move (unknown)
1785574782.7975628,450,450,p02-block-2-trial-15-target-6,470.0,450.0,22.5,False,Pointer Move (unknown)
1785574782.8055098,452,451,p02-block-2-trial-15-target-6,470.0,450.0,22.5,False,Pointer Move (unknown)
1785574782.813378,453,451,p02-block-2-trial-15-target-6,470.0,450.0,22.5,False,Pointer Move (unknown)
1785574782.82185,453,451,p02-block-2-trial-15-target-6,470.0,450.0,22.5,False,Pointer Move (unknown)
1785574782.830318,453,452,p02-block-2-trial-15-target-6,470.0,450.0,22.5,False,Pointer Move (unknown)
1785574782.838136,454,452,p02-block-2-trial-15-target-6,470.0,450.0,22.5,False,Pointer Move (unknown)
1785574782.8464131,454,452,p02-block-2-trial-15-target-6,470.0,450.0,22.5,False,Pointer Move (unknown)
1785574782.854562,455,452,p02-block-2-trial-15-target-6,470.0,450.0,22.5,False,Pointer Move (unknown)
1785574782.8623738,455,452,p02-block-2-trial-15-target-6,470.0,450.0,22.5,False,Pointer Move (unknown)
1785574782.90291,455,451,p02-block-2-trial-15-target-6,470.0,450.0,22.5,False,Pointer Move (unknown)
1785574782.9110332,455,451,p02-block-2-trial-15-target-6,470.0,450.0,22.5,False,Pointer Move (unknown)
1785574782.927149,456,451,p02-block-2-trial-15-target-6,470.0,450.0,22.5,False,Pointer Move (unknown)
1785574782.943224,456,451,p02-block-2-trial-15-target-6,470.0,450.0,22.5,False,Pointer Move (unknown)
1785574782.951288,456,451,p02-block-2-trial-15-target-6,470.0,450.0,22.5,False,Pointer Move (unknown)
1785574782.959599,457,451,p02-block-2-trial-15-target-6,470.0,450.0,22.5,False,Pointer Move (unknown)
1785574782.967395,457,451,p02-block-2-trial-15-target-6,470.0,450.0,22.5,False,Pointer Move (unknown)
1785574782.9756858,457,451,p02-block-2-trial-15-target-6,470.0,450.0,22.5,False,Pointer Move (unknown)
1785574782.983841,458,451,p02-block-2-trial-15-target-6,470.0,450.0,22.5,False,Pointer Move (unknown)
1785574782.991752,459,451,p02-block-2-trial-15-target-6,470.0,450.0,22.5,False,Pointer Move (unknown)
1785574782.999943,460,451,p02-block-2-trial-15-target-6,470.0,450.0,22.5,False,Pointer Move (unknown)
1785574783.007722,462,451,p02-block-2-trial-15-target-6,470.0,450.0,22.5,False,Pointer Move (unknown)
1785574783.0156631,463,451,p02-block-2-trial-15-target-6,470.0,450.0,22.5,False,Pointer Move (unknown)
1785574783.023745,464,451,p02-block-2-trial-15-target-6,470.0,450.0,22.5,False,Pointer Move (unknown)
1785574783.0320482,465,451,p02-block-2-trial-15-target-6,470.0,450.0,22.5,False,Pointer Move (unknown)
1785574783.0400908,466,450,p02-block-2-trial-15-target-6,470.0,450.0,22.5,False,Pointer Move (unknown)
1785574783.048715,467,450,p02-block-2-trial-15-target-6,470.0,450.0,22.5,False,Pointer Move (unknown)
1785574783.056214,468,450,p02-block-2-trial-15-target-6,470.0,450.0,22.5,False,Pointer Move (unknown)
1785574783.064522,469,450,p02-block-2-trial-15-target-6,470.0,450.0,22.5,False,Pointer Move (unknown)
1785574783.085645,469,450,p02-block-2-trial-15-target-6,470.0,450.0,22.5,target_selected,target_selected
1785574783.110896,469,450,p02-block-2-trial-16-target-2,970.0,450.0,22.5,False,Pointer Move (unknown)
1785574783.947676,469,450,p02-block-2-trial-16-target-2,970.0,450.0,22.5,False,Pointer Move (unknown)
1785574783.954885,472,450,p02-block-2-trial-16-target-2,970.0,450.0,22.5,False,Pointer Move (unknown)
1785574783.9636312,477,450,p02-block-2-trial-16-target-2,970.0,450.0,22.5,False,Pointer Move (unknown)
1785574783.9711418,484,452,p02-block-2-trial-16-target-2,970.0,450.0,22.5,False,Pointer Move (unknown)
1785574783.9796312,495,457,p02-block-2-trial-16-target-2,970.0,450.0,22.5,False,Pointer Move (unknown)
1785574783.986447,509,461,p02-block-2-trial-16-target-2,970.0,450.0,22.5,False,Pointer Move (unknown)
1785574783.995269,526,466,p02-block-2-trial-16-target-2,970.0,450.0,22.5,False,Pointer Move (unknown)
1785574784.002906,570,483,p02-block-2-trial-16-target-2,970.0,450.0,22.5,False,Pointer Move (unknown)
1785574784.010805,595,493,p02-block-2-trial-16-target-2,970.0,450.0,22.5,False,Pointer Move (unknown)
1785574784.018694,609,500,p02-block-2-trial-16-target-2,970.0,450.0,22.5,False,Pointer Move (unknown)
1785574784.026589,639,513,p02-block-2-trial-16-target-2,970.0,450.0,22.5,False,Pointer Move (unknown)
1785574784.0350158,669,527,p02-block-2-trial-16-target-2,970.0,450.0,22.5,False,Pointer Move (unknown)
1785574784.043071,694,540,p02-block-2-trial-16-target-2,970.0,450.0,22.5,False,Pointer Move (unknown)
1785574784.051435,720,555,p02-block-2-trial-16-target-2,970.0,450.0,22.5,False,Pointer Move (unknown)
1785574784.0601401,742,567,p02-block-2-trial-16-target-2,970.0,450.0,22.5,False,Pointer Move (unknown)
1785574784.068062,749,572,p02-block-2-trial-16-target-2,970.0,450.0,22.5,False,Pointer Move (unknown)
1785574784.0766232,762,580,p02-block-2-trial-16-target-2,970.0,450.0,22.5,False,Pointer Move (unknown)
1785574784.083894,774,587,p02-block-2-trial-16-target-2,970.0,450.0,22.5,False,Pointer Move (unknown)
1785574784.091784,782,592,p02-block-2-trial-16-target-2,970.0,450.0,22.5,False,Pointer Move (unknown)
1785574784.099801,789,597,p02-block-2-trial-16-target-2,970.0,450.0,22.5,False,Pointer Move (unknown)
1785574784.10851,793,600,p02-block-2-trial-16-target-2,970.0,450.0,22.5,False,Pointer Move (unknown)
1785574784.115812,798,602,p02-block-2-trial-16-target-2,970.0,450.0,22.5,False,Pointer Move (unknown)
1785574784.123401,801,603,p02-block-2-trial-16-target-2,970.0,450.0,22.5,False,Pointer Move (unknown)
1785574784.132098,803,604,p02-block-2-trial-16-target-2,970.0,450.0,22.5,False,Pointer Move (unknown)
1785574784.140026,806,604,p02-block-2-trial-16-target-2,970.0,450.0,22.5,False,Pointer Move (unknown)
1785574784.1484532,809,604,p02-block-2-trial-16-target-2,970.0,450.0,22.5,False,Pointer Move (unknown)
1785574784.155951,813,604,p02-block-2-trial-16-target-2,970.0,450.0,22.5,False,Pointer Move (unknown)
1785574784.164607,816,604,p02-block-2-trial-16-target-2,970.0,450.0,22.5,False,Pointer Move (unknown)
1785574784.1733,819,604,p02-block-2-trial-16-target-2,970.0,450.0,22.5,False,Pointer Move (unknown)
1785574784.1820228,824,601,p02-block-2-trial-16-target-2,970.0,450.0,22.5,False,Pointer Move (unknown)
1785574784.189722,827,599,p02-block-2-trial-16-target-2,970.0,450.0,22.5,False,Pointer Move (unknown)
1785574784.197004,832,596,p02-block-2-trial-16-target-2,970.0,450.0,22.5,False,Pointer Move (unknown)
1785574784.205137,837,593,p02-block-2-trial-16-target-2,970.0,450.0,22.5,False,Pointer Move (unknown)
1785574784.2137449,841,590,p02-block-2-trial-16-target-2,970.0,450.0,22.5,False,Pointer Move (unknown)
1785574784.2221608,845,588,p02-block-2-trial-16-target-2,970.0,450.0,22.5,False,Pointer Move (unknown)
1785574784.23006,851,583,p02-block-2-trial-16-target-2,970.0,450.0,22.5,False,Pointer Move (unknown)
1785574784.238174,856,580,p02-block-2-trial-16-target-2,970.0,450.0,22.5,False,Pointer Move (unknown)
1785574784.246124,860,576,p02-block-2-trial-16-target-2,970.0,450.0,22.5,False,Pointer Move (unknown)
1785574784.253549,868,568,p02-block-2-trial-16-target-2,970.0,450.0,22.5,False,Pointer Move (unknown)
1785574784.2620149,871,563,p02-block-2-trial-16-target-2,970.0,450.0,22.5,False,Pointer Move (unknown)
1785574784.27106,875,558,p02-block-2-trial-16-target-2,970.0,450.0,22.5,False,Pointer Move (unknown)
1785574784.278708,880,550,p02-block-2-trial-16-target-2,970.0,450.0,22.5,False,Pointer Move (unknown)
1785574784.287103,883,546,p02-block-2-trial-16-target-2,970.0,450.0,22.5,False,Pointer Move (unknown)
1785574784.294801,886,540,p02-block-2-trial-16-target-2,970.0,450.0,22.5,False,Pointer Move (unknown)
1785574784.3019588,889,535,p02-block-2-trial-16-target-2,970.0,450.0,22.5,False,Pointer Move (unknown)
1785574784.3099542,892,530,p02-block-2-trial-16-target-2,970.0,450.0,22.5,False,Pointer Move (unknown)
1785574784.3188539,895,525,p02-block-2-trial-16-target-2,970.0,450.0,22.5,False,Pointer Move (unknown)
1785574784.326068,898,522,p02-block-2-trial-16-target-2,970.0,450.0,22.5,False,Pointer Move (unknown)
1785574784.334326,901,517,p02-block-2-trial-16-target-2,970.0,450.0,22.5,False,Pointer Move (unknown)
1785574784.3429341,904,513,p02-block-2-trial-16-target-2,970.0,450.0,22.5,False,Pointer Move (unknown)
1785574784.350996,907,510,p02-block-2-trial-16-target-2,970.0,450.0,22.5,False,Pointer Move (unknown)
1785574784.3593159,910,508,p02-block-2-trial-16-target-2,970.0,450.0,22.5,False,Pointer Move (unknown)
1785574784.36671,914,505,p02-block-2-trial-16-target-2,970.0,450.0,22.5,False,Pointer Move (unknown)
1785574784.375652,916,503,p02-block-2-trial-16-target-2,970.0,450.0,22.5,False,Pointer Move (unknown)
1785574784.3833559,919,502,p02-block-2-trial-16-target-2,970.0,450.0,22.5,False,Pointer Move (unknown)
1785574784.390903,921,500,p02-block-2-trial-16-target-2,970.0,450.0,22.5,False,Pointer Move (unknown)
1785574784.399092,923,500,p02-block-2-trial-16-target-2,970.0,450.0,22.5,False,Pointer Move (unknown)
1785574784.4089,925,499,p02-block-2-trial-16-target-2,970.0,450.0,22.5,False,Pointer Move (unknown)
1785574784.4155772,928,498,p02-block-2-trial-16-target-2,970.0,450.0,22.5,False,Pointer Move (unknown)
1785574784.423729,930,498,p02-block-2-trial-16-target-2,970.0,450.0,22.5,False,Pointer Move (unknown)
1785574784.431547,931,498,p02-block-2-trial-16-target-2,970.0,450.0,22.5,False,Pointer Move (unknown)
1785574784.4394848,933,498,p02-block-2-trial-16-target-2,970.0,450.0,22.5,False,Pointer Move (unknown)
1785574784.446978,934,498,p02-block-2-trial-16-target-2,970.0,450.0,22.5,False,Pointer Move (unknown)
1785574784.455868,935,498,p02-block-2-trial-16-target-2,970.0,450.0,22.5,False,Pointer Move (unknown)
1785574784.4637508,937,498,p02-block-2-trial-16-target-2,970.0,450.0,22.5,False,Pointer Move (unknown)
1785574784.471862,938,498,p02-block-2-trial-16-target-2,970.0,450.0,22.5,False,Pointer Move (unknown)
1785574784.4804711,939,498,p02-block-2-trial-16-target-2,970.0,450.0,22.5,False,Pointer Move (unknown)
1785574784.488184,941,498,p02-block-2-trial-16-target-2,970.0,450.0,22.5,False,Pointer Move (unknown)
1785574784.4961998,942,498,p02-block-2-trial-16-target-2,970.0,450.0,22.5,False,Pointer Move (unknown)
1785574784.503737,944,498,p02-block-2-trial-16-target-2,970.0,450.0,22.5,False,Pointer Move (unknown)
1785574784.512214,945,498,p02-block-2-trial-16-target-2,970.0,450.0,22.5,False,Pointer Move (unknown)
1785574784.520791,946,498,p02-block-2-trial-16-target-2,970.0,450.0,22.5,False,Pointer Move (unknown)
1785574784.528909,948,498,p02-block-2-trial-16-target-2,970.0,450.0,22.5,False,Pointer Move (unknown)
1785574784.538015,949,498,p02-block-2-trial-16-target-2,970.0,450.0,22.5,False,Pointer Move (unknown)
1785574784.545115,950,498,p02-block-2-trial-16-target-2,970.0,450.0,22.5,False,Pointer Move (unknown)
1785574784.5522492,951,498,p02-block-2-trial-16-target-2,970.0,450.0,22.5,False,Pointer Move (unknown)
1785574784.560246,952,498,p02-block-2-trial-16-target-2,970.0,450.0,22.5,False,Pointer Move (unknown)
1785574784.568778,952,498,p02-block-2-trial-16-target-2,970.0,450.0,22.5,False,Pointer Move (unknown)
1785574784.5766678,953,498,p02-block-2-trial-16-target-2,970.0,450.0,22.5,False,Pointer Move (unknown)
1785574784.585919,954,498,p02-block-2-trial-16-target-2,970.0,450.0,22.5,False,Pointer Move (unknown)
1785574784.59275,955,498,p02-block-2-trial-16-target-2,970.0,450.0,22.5,False,Pointer Move (unknown)
1785574784.601218,955,497,p02-block-2-trial-16-target-2,970.0,450.0,22.5,False,Pointer Move (unknown)
1785574784.610249,956,496,p02-block-2-trial-16-target-2,970.0,450.0,22.5,False,Pointer Move (unknown)
1785574784.6194282,957,495,p02-block-2-trial-16-target-2,970.0,450.0,22.5,False,Pointer Move (unknown)
1785574784.626387,958,493,p02-block-2-trial-16-target-2,970.0,450.0,22.5,False,Pointer Move (unknown)
1785574784.6364238,959,491,p02-block-2-trial-16-target-2,970.0,450.0,22.5,False,Pointer Move (unknown)
1785574784.642643,961,488,p02-block-2-trial-16-target-2,970.0,450.0,22.5,False,Pointer Move (unknown)
1785574784.651222,963,485,p02-block-2-trial-16-target-2,970.0,450.0,22.5,False,Pointer Move (unknown)
1785574784.658417,965,480,p02-block-2-trial-16-target-2,970.0,450.0,22.5,False,Pointer Move (unknown)
1785574784.6669161,966,477,p02-block-2-trial-16-target-2,970.0,450.0,22.5,False,Pointer Move (unknown)
1785574784.673526,968,472,p02-block-2-trial-16-target-2,970.0,450.0,22.5,False,Pointer Move (unknown)
1785574784.6815062,969,469,p02-block-2-trial-16-target-2,970.0,450.0,22.5,False,Pointer Move (unknown)
1785574784.690416,970,465,p02-block-2-trial-16-target-2,970.0,450.0,22.5,False,Pointer Move (unknown)
1785574784.697839,971,462,p02-block-2-trial-16-target-2,970.0,450.0,22.5,False,Pointer Move (unknown)
1785574784.706582,972,459,p02-block-2-trial-16-target-2,970.0,450.0,22.5,False,Pointer Move (unknown)
1785574784.714037,973,457,p02-block-2-trial-16-target-2,970.0,450.0,22.5,False,Pointer Move (unknown)
1785574784.7232482,973,455,p02-block-2-trial-16-target-2,970.0,450.0,22.5,False,Pointer Move (unknown)
1785574784.730643,974,454,p02-block-2-trial-16-target-2,970.0,450.0,22.5,False,Pointer Move (unknown)
1785574784.738461,974,453,p02-block-2-trial-16-target-2,970.0,450.0,22.5,False,Pointer Move (unknown)
1785574784.7465532,975,452,p02-block-2-trial-16-target-2,970.0,450.0,22.5,False,Pointer Move (unknown)
1785574784.754401,975,451,p02-block-2-trial-16-target-2,970.0,450.0,22.5,False,Pointer Move (unknown)
1785574784.762531,975,451,p02-block-2-trial-16-target-2,970.0,450.0,22.5,False,Pointer Move (unknown)
1785574784.779225,975,451,p02-block-2-trial-16-target-2,970.0,450.0,22.5,False,Pointer Move (unknown)
1785574784.7872262,975,450,p02-block-2-trial-16-target-2,970.0,450.0,22.5,False,Pointer Move (unknown)
1785574784.804042,975,450,p02-block-2-trial-16-target-2,970.0,450.0,22.5,False,Pointer Move (unknown)
1785574784.8124092,975,449,p02-block-2-trial-16-target-2,970.0,450.0,22.5,False,Pointer Move (unknown)
1785574784.8372538,975,449,p02-block-2-trial-16-target-2,970.0,450.0,22.5,False,Pointer Move (unknown)
1785574784.853057,975,449,p02-block-2-trial-16-target-2,970.0,450.0,22.5,False,Pointer Move (unknown)
1785574784.9035,975,449,p02-block-2-trial-16-target-2,970.0,450.0,22.5,target_selected,target_selected
1785574785.395066,975,449,p02-block-3-trial-1-target-1,826.0,344.0,37.5,False,Pointer Move (unknown)
1785574785.401859,972,448,p02-block-3-trial-1-target-1,826.0,344.0,37.5,False,Pointer Move (unknown)
1785574785.41088,968,444,p02-block-3-trial-1-target-1,826.0,344.0,37.5,False,Pointer Move (unknown)
1785574785.4184709,963,441,p02-block-3-trial-1-target-1,826.0,344.0,37.5,False,Pointer Move (unknown)
1785574785.4260092,958,437,p02-block-3-trial-1-target-1,826.0,344.0,37.5,False,Pointer Move (unknown)
1785574785.4346838,952,433,p02-block-3-trial-1-target-1,826.0,344.0,37.5,False,Pointer Move (unknown)
1785574785.442975,941,423,p02-block-3-trial-1-target-1,826.0,344.0,37.5,False,Pointer Move (unknown)
1785574785.449898,929,416,p02-block-3-trial-1-target-1,826.0,344.0,37.5,False,Pointer Move (unknown)
1785574785.464226,918,406,p02-block-3-trial-1-target-1,826.0,344.0,37.5,False,Pointer Move (unknown)
1785574785.466478,907,397,p02-block-3-trial-1-target-1,826.0,344.0,37.5,False,Pointer Move (unknown)
1785574785.4751701,905,395,p02-block-3-trial-1-target-1,826.0,344.0,37.5,False,Pointer Move (unknown)
1785574785.482806,897,386,p02-block-3-trial-1-target-1,826.0,344.0,37.5,False,Pointer Move (unknown)
1785574785.4911869,889,380,p02-block-3-trial-1-target-1,826.0,344.0,37.5,False,Pointer Move (unknown)
1785574785.499244,883,374,p02-block-3-trial-1-target-1,826.0,344.0,37.5,False,Pointer Move (unknown)
1785574785.5071812,877,370,p02-block-3-trial-1-target-1,826.0,344.0,37.5,False,Pointer Move (unknown)
1785574785.514383,874,366,p02-block-3-trial-1-target-1,826.0,344.0,37.5,False,Pointer Move (unknown)
1785574785.523135,870,362,p02-block-3-trial-1-target-1,826.0,344.0,37.5,False,Pointer Move (unknown)
1785574785.531053,866,358,p02-block-3-trial-1-target-1,826.0,344.0,37.5,False,Pointer Move (unknown)
1785574785.539268,862,355,p02-block-3-trial-1-target-1,826.0,344.0,37.5,False,Pointer Move (unknown)
1785574785.547462,858,352,p02-block-3-trial-1-target-1,826.0,344.0,37.5,False,Pointer Move (unknown)
1785574785.555446,854,349,p02-block-3-trial-1-target-1,826.0,344.0,37.5,False,Pointer Move (unknown)
1785574785.5649111,851,347,p02-block-3-trial-1-target-1,826.0,344.0,37.5,False,Pointer Move (unknown)
1785574785.5715,847,344,p02-block-3-trial-1-target-1,826.0,344.0,37.5,False,Pointer Move (unknown)
1785574785.579519,843,342,p02-block-3-trial-1-target-1,826.0,344.0,37.5,False,Pointer Move (unknown)
1785574785.590284,841,340,p02-block-3-trial-1-target-1,826.0,344.0,37.5,False,Pointer Move (unknown)
1785574785.596692,838,338,p02-block-3-trial-1-target-1,826.0,344.0,37.5,False,Pointer Move (unknown)
1785574785.604587,835,336,p02-block-3-trial-1-target-1,826.0,344.0,37.5,False,Pointer Move (unknown)
1785574785.613438,832,334,p02-block-3-trial-1-target-1,826.0,344.0,37.5,False,Pointer Move (unknown)
1785574785.6207712,830,333,p02-block-3-trial-1-target-1,826.0,344.0,37.5,False,Pointer Move (unknown)
1785574785.628814,828,331,p02-block-3-trial-1-target-1,826.0,344.0,37.5,False,Pointer Move (unknown)
1785574785.6379251,826,329,p02-block-3-trial-1-target-1,826.0,344.0,37.5,False,Pointer Move (unknown)
1785574785.645922,825,328,p02-block-3-trial-1-target-1,826.0,344.0,37.5,False,Pointer Move (unknown)
1785574785.652375,824,327,p02-block-3-trial-1-target-1,826.0,344.0,37.5,False,Pointer Move (unknown)
1785574785.660863,822,326,p02-block-3-trial-1-target-1,826.0,344.0,37.5,False,Pointer Move (unknown)
1785574785.6691961,821,325,p02-block-3-trial-1-target-1,826.0,344.0,37.5,False,Pointer Move (unknown)
1785574785.676482,820,325,p02-block-3-trial-1-target-1,826.0,344.0,37.5,False,Pointer Move (unknown)
1785574785.685863,820,323,p02-block-3-trial-1-target-1,826.0,344.0,37.5,False,Pointer Move (unknown)
1785574785.69262,819,323,p02-block-3-trial-1-target-1,826.0,344.0,37.5,False,Pointer Move (unknown)
1785574785.700416,819,323,p02-block-3-trial-1-target-1,826.0,344.0,37.5,False,Pointer Move (unknown)
1785574785.708746,819,323,p02-block-3-trial-1-target-1,826.0,344.0,37.5,False,Pointer Move (unknown)
1785574785.716815,819,322,p02-block-3-trial-1-target-1,826.0,344.0,37.5,False,Pointer Move (unknown)
1785574785.72479,819,322,p02-block-3-trial-1-target-1,826.0,344.0,37.5,False,Pointer Move (unknown)
1785574785.732596,818,322,p02-block-3-trial-1-target-1,826.0,344.0,37.5,False,Pointer Move (unknown)
1785574785.741228,818,322,p02-block-3-trial-1-target-1,826.0,344.0,37.5,False,Pointer Move (unknown)
1785574785.7619379,818,321,p02-block-3-trial-1-target-1,826.0,344.0,37.5,False,Pointer Move (unknown)
1785574785.7734022,818,321,p02-block-3-trial-1-target-1,826.0,344.0,37.5,False,Pointer Move (unknown)
1785574785.8058,818,321,p02-block-3-trial-1-target-1,826.0,344.0,37.5,False,Pointer Move (unknown)
1785574785.837902,818,320,p02-block-3-trial-1-target-1,826.0,344.0,37.5,False,Pointer Move (unknown)
1785574785.878667,819,320,p02-block-3-trial-1-target-1,826.0,344.0,37.5,False,Pointer Move (unknown)
1785574786.653305,819,320,p02-block-3-trial-1-target-1,826.0,344.0,37.5,target_selected,target_selected
1785574786.9225159,819,321,p02-block-3-trial-2-target-5,614.0,556.0,37.5,False,Pointer Move (unknown)
1785574786.931424,819,322,p02-block-3-trial-2-target-5,614.0,556.0,37.5,False,Pointer Move (unknown)
1785574786.9384089,819,325,p02-block-3-trial-2-target-5,614.0,556.0,37.5,False,Pointer Move (unknown)
1785574786.947734,819,326,p02-block-3-trial-2-target-5,614.0,556.0,37.5,False,Pointer Move (unknown)
1785574786.954418,819,330,p02-block-3-trial-2-target-5,614.0,556.0,37.5,False,Pointer Move (unknown)
1785574786.963418,820,331,p02-block-3-trial-2-target-5,614.0,556.0,37.5,False,Pointer Move (unknown)
1785574786.9706602,821,333,p02-block-3-trial-2-target-5,614.0,556.0,37.5,False,Pointer Move (unknown)
1785574786.979383,821,335,p02-block-3-trial-2-target-5,614.0,556.0,37.5,False,Pointer Move (unknown)
1785574786.987412,821,336,p02-block-3-trial-2-target-5,614.0,556.0,37.5,False,Pointer Move (unknown)
1785574786.995449,821,337,p02-block-3-trial-2-target-5,614.0,556.0,37.5,False,Pointer Move (unknown)
1785574787.0034518,821,338,p02-block-3-trial-2-target-5,614.0,556.0,37.5,False,Pointer Move (unknown)
1785574787.010667,821,339,p02-block-3-trial-2-target-5,614.0,556.0,37.5,False,Pointer Move (unknown)
1785574787.01873,821,341,p02-block-3-trial-2-target-5,614.0,556.0,37.5,False,Pointer Move (unknown)
1785574787.026706,821,342,p02-block-3-trial-2-target-5,614.0,556.0,37.5,False,Pointer Move (unknown)
1785574787.034593,821,343,p02-block-3-trial-2-target-5,614.0,556.0,37.5,False,Pointer Move (unknown)
1785574787.0425951,821,345,p02-block-3-trial-2-target-5,614.0,556.0,37.5,False,Pointer Move (unknown)
1785574787.051199,821,347,p02-block-3-trial-2-target-5,614.0,556.0,37.5,False,Pointer Move (unknown)
1785574787.0594828,820,348,p02-block-3-trial-2-target-5,614.0,556.0,37.5,False,Pointer Move (unknown)
1785574787.067222,814,354,p02-block-3-trial-2-target-5,614.0,556.0,37.5,False,Pointer Move (unknown)
1785574787.075507,810,358,p02-block-3-trial-2-target-5,614.0,556.0,37.5,False,Pointer Move (unknown)
1785574787.084192,802,363,p02-block-3-trial-2-target-5,614.0,556.0,37.5,False,Pointer Move (unknown)
1785574787.092073,793,369,p02-block-3-trial-2-target-5,614.0,556.0,37.5,False,Pointer Move (unknown)
1785574787.1001852,777,377,p02-block-3-trial-2-target-5,614.0,556.0,37.5,False,Pointer Move (unknown)
1785574787.108757,759,388,p02-block-3-trial-2-target-5,614.0,556.0,37.5,False,Pointer Move (unknown)
1785574787.116736,741,399,p02-block-3-trial-2-target-5,614.0,556.0,37.5,False,Pointer Move (unknown)
1785574787.125349,715,412,p02-block-3-trial-2-target-5,614.0,556.0,37.5,False,Pointer Move (unknown)
1785574787.133118,693,424,p02-block-3-trial-2-target-5,614.0,556.0,37.5,False,Pointer Move (unknown)
1785574787.140586,667,437,p02-block-3-trial-2-target-5,614.0,556.0,37.5,False,Pointer Move (unknown)
1785574787.149132,649,448,p02-block-3-trial-2-target-5,614.0,556.0,37.5,False,Pointer Move (unknown)
1785574787.156529,643,452,p02-block-3-trial-2-target-5,614.0,556.0,37.5,False,Pointer Move (unknown)
1785574787.164914,628,462,p02-block-3-trial-2-target-5,614.0,556.0,37.5,False,Pointer Move (unknown)
1785574787.173107,621,469,p02-block-3-trial-2-target-5,614.0,556.0,37.5,False,Pointer Move (unknown)
1785574787.181458,613,475,p02-block-3-trial-2-target-5,614.0,556.0,37.5,False,Pointer Move (unknown)
1785574787.1886988,608,479,p02-block-3-trial-2-target-5,614.0,556.0,37.5,False,Pointer Move (unknown)
1785574787.196898,605,482,p02-block-3-trial-2-target-5,614.0,556.0,37.5,False,Pointer Move (unknown)
1785574787.204831,603,484,p02-block-3-trial-2-target-5,614.0,556.0,37.5,False,Pointer Move (unknown)
1785574787.21279,602,486,p02-block-3-trial-2-target-5,614.0,556.0,37.5,False,Pointer Move (unknown)
1785574787.220948,601,487,p02-block-3-trial-2-target-5,614.0,556.0,37.5,False,Pointer Move (unknown)
1785574787.229009,601,488,p02-block-3-trial-2-target-5,614.0,556.0,37.5,False,Pointer Move (unknown)
1785574787.237303,600,488,p02-block-3-trial-2-target-5,614.0,556.0,37.5,False,Pointer Move (unknown)
1785574787.245663,600,488,p02-block-3-trial-2-target-5,614.0,556.0,37.5,False,Pointer Move (unknown)
1785574787.253684,600,489,p02-block-3-trial-2-target-5,614.0,556.0,37.5,False,Pointer Move (unknown)
1785574787.2614322,600,489,p02-block-3-trial-2-target-5,614.0,556.0,37.5,False,Pointer Move (unknown)
1785574787.269791,600,490,p02-block-3-trial-2-target-5,614.0,556.0,37.5,False,Pointer Move (unknown)
1785574787.3026528,600,490,p02-block-3-trial-2-target-5,614.0,556.0,37.5,False,Pointer Move (unknown)
1785574787.3346019,600,490,p02-block-3-trial-2-target-5,614.0,556.0,37.5,False,Pointer Move (unknown)
1785574787.352671,600,490,p02-block-3-trial-2-target-5,614.0,556.0,37.5,False,Pointer Move (unknown)
1785574787.358509,600,490,p02-block-3-trial-2-target-5,614.0,556.0,37.5,False,Pointer Move (unknown)
1785574787.367647,601,491,p02-block-3-trial-2-target-5,614.0,556.0,37.5,False,Pointer Move (unknown)
1785574787.374938,602,491,p02-block-3-trial-2-target-5,614.0,556.0,37.5,False,Pointer Move (unknown)
1785574787.38322,604,492,p02-block-3-trial-2-target-5,614.0,556.0,37.5,False,Pointer Move (unknown)
1785574787.391011,606,494,p02-block-3-trial-2-target-5,614.0,556.0,37.5,False,Pointer Move (unknown)
1785574787.399177,608,496,p02-block-3-trial-2-target-5,614.0,556.0,37.5,False,Pointer Move (unknown)
1785574787.408164,615,502,p02-block-3-trial-2-target-5,614.0,556.0,37.5,False,Pointer Move (unknown)
1785574787.416019,618,504,p02-block-3-trial-2-target-5,614.0,556.0,37.5,False,Pointer Move (unknown)
1785574787.424109,626,513,p02-block-3-trial-2-target-5,614.0,556.0,37.5,False,Pointer Move (unknown)
1785574787.432292,628,516,p02-block-3-trial-2-target-5,614.0,556.0,37.5,False,Pointer Move (unknown)
1785574787.4397068,634,522,p02-block-3-trial-2-target-5,614.0,556.0,37.5,False,Pointer Move (unknown)
1785574787.447608,637,527,p02-block-3-trial-2-target-5,614.0,556.0,37.5,False,Pointer Move (unknown)
1785574787.4557009,641,531,p02-block-3-trial-2-target-5,614.0,556.0,37.5,False,Pointer Move (unknown)
1785574787.463685,644,535,p02-block-3-trial-2-target-5,614.0,556.0,37.5,False,Pointer Move (unknown)
1785574787.471861,645,538,p02-block-3-trial-2-target-5,614.0,556.0,37.5,False,Pointer Move (unknown)
1785574787.479966,646,539,p02-block-3-trial-2-target-5,614.0,556.0,37.5,False,Pointer Move (unknown)
1785574787.488136,647,540,p02-block-3-trial-2-target-5,614.0,556.0,37.5,False,Pointer Move (unknown)
1785574787.496033,647,541,p02-block-3-trial-2-target-5,614.0,556.0,37.5,False,Pointer Move (unknown)
1785574787.5044942,648,541,p02-block-3-trial-2-target-5,614.0,556.0,37.5,False,Pointer Move (unknown)
1785574787.512566,648,542,p02-block-3-trial-2-target-5,614.0,556.0,37.5,False,Pointer Move (unknown)
1785574787.520579,648,542,p02-block-3-trial-2-target-5,614.0,556.0,37.5,False,Pointer Move (unknown)
1785574787.52921,648,543,p02-block-3-trial-2-target-5,614.0,556.0,37.5,False,Pointer Move (unknown)
1785574787.545224,648,543,p02-block-3-trial-2-target-5,614.0,556.0,37.5,False,Pointer Move (unknown)
1785574787.586037,648,543,p02-block-3-trial-2-target-5,614.0,556.0,37.5,False,Pointer Move (unknown)
1785574787.618402,648,543,p02-block-3-trial-2-target-5,614.0,556.0,37.5,False,Pointer Move (unknown)
1785574787.634676,648,544,p02-block-3-trial-2-target-5,614.0,556.0,37.5,False,Pointer Move (unknown)
1785574787.642497,647,544,p02-block-3-trial-2-target-5,614.0,556.0,37.5,False,Pointer Move (unknown)
1785574787.650736,647,544,p02-block-3-trial-2-target-5,614.0,556.0,37.5,False,Pointer Move (unknown)
1785574787.658646,647,545,p02-block-3-trial-2-target-5,614.0,556.0,37.5,False,Pointer Move (unknown)
1785574787.666739,646,546,p02-block-3-trial-2-target-5,614.0,556.0,37.5,False,Pointer Move (unknown)
1785574787.675319,645,547,p02-block-3-trial-2-target-5,614.0,556.0,37.5,False,Pointer Move (unknown)
1785574787.682414,644,549,p02-block-3-trial-2-target-5,614.0,556.0,37.5,False,Pointer Move (unknown)
1785574787.6903281,643,550,p02-block-3-trial-2-target-5,614.0,556.0,37.5,False,Pointer Move (unknown)
1785574787.698177,642,552,p02-block-3-trial-2-target-5,614.0,556.0,37.5,False,Pointer Move (unknown)
1785574787.706126,641,553,p02-block-3-trial-2-target-5,614.0,556.0,37.5,False,Pointer Move (unknown)
1785574787.714459,641,554,p02-block-3-trial-2-target-5,614.0,556.0,37.5,False,Pointer Move (unknown)
1785574787.722479,640,554,p02-block-3-trial-2-target-5,614.0,556.0,37.5,False,Pointer Move (unknown)
1785574787.730643,639,555,p02-block-3-trial-2-target-5,614.0,556.0,37.5,False,Pointer Move (unknown)
1785574787.739346,639,556,p02-block-3-trial-2-target-5,614.0,556.0,37.5,False,Pointer Move (unknown)
1785574787.747963,638,556,p02-block-3-trial-2-target-5,614.0,556.0,37.5,False,Pointer Move (unknown)
1785574787.7550678,638,557,p02-block-3-trial-2-target-5,614.0,556.0,37.5,False,Pointer Move (unknown)
1785574787.763173,638,557,p02-block-3-trial-2-target-5,614.0,556.0,37.5,False,Pointer Move (unknown)
1785574787.7717881,637,557,p02-block-3-trial-2-target-5,614.0,556.0,37.5,False,Pointer Move (unknown)
1785574787.8039339,637,557,p02-block-3-trial-2-target-5,614.0,556.0,37.5,target_selected,target_selected
1785574787.8126369,637,557,p02-block-3-trial-3-target-1,826.0,344.0,37.5,False,Pointer Move (unknown)
1785574788.112339,637,556,p02-block-3-trial-3-target-1,826.0,344.0,37.5,False,Pointer Move (unknown)
1785574788.119843,639,553,p02-block-3-trial-3-target-1,826.0,344.0,37.5,False,Pointer Move (unknown)
1785574788.128433,645,547,p02-block-3-trial-3-target-1,826.0,344.0,37.5,False,Pointer Move (unknown)
1785574788.135608,656,538,p02-block-3-trial-3-target-1,826.0,344.0,37.5,False,Pointer Move (unknown)
1785574788.142841,664,529,p02-block-3-trial-3-target-1,826.0,344.0,37.5,False,Pointer Move (unknown)
1785574788.15093,681,516,p02-block-3-trial-3-target-1,826.0,344.0,37.5,False,Pointer Move (unknown)
1785574788.1593668,699,500,p02-block-3-trial-3-target-1,826.0,344.0,37.5,False,Pointer Move (unknown)
1785574788.167438,716,484,p02-block-3-trial-3-target-1,826.0,344.0,37.5,False,Pointer Move (unknown)
1785574788.176099,734,468,p02-block-3-trial-3-target-1,826.0,344.0,37.5,False,Pointer Move (unknown)
1785574788.18418,752,451,p02-block-3-trial-3-target-1,826.0,344.0,37.5,False,Pointer Move (unknown)
1785574788.1926441,767,436,p02-block-3-trial-3-target-1,826.0,344.0,37.5,False,Pointer Move (unknown)
1785574788.201499,781,424,p02-block-3-trial-3-target-1,826.0,344.0,37.5,False,Pointer Move (unknown)
1785574788.208392,783,419,p02-block-3-trial-3-target-1,826.0,344.0,37.5,False,Pointer Move (unknown)
1785574788.216851,794,408,p02-block-3-trial-3-target-1,826.0,344.0,37.5,False,Pointer Move (unknown)
1785574788.224828,800,401,p02-block-3-trial-3-target-1,826.0,344.0,37.5,False,Pointer Move (unknown)
1785574788.232617,807,393,p02-block-3-trial-3-target-1,826.0,344.0,37.5,False,Pointer Move (unknown)
1785574788.240312,813,386,p02-block-3-trial-3-target-1,826.0,344.0,37.5,False,Pointer Move (unknown)
1785574788.247745,817,382,p02-block-3-trial-3-target-1,826.0,344.0,37.5,False,Pointer Move (unknown)
1785574788.2560089,820,377,p02-block-3-trial-3-target-1,826.0,344.0,37.5,False,Pointer Move (unknown)
1785574788.26452,822,373,p02-block-3-trial-3-target-1,826.0,344.0,37.5,False,Pointer Move (unknown)
1785574788.272334,825,371,p02-block-3-trial-3-target-1,826.0,344.0,37.5,False,Pointer Move (unknown)
1785574788.280492,827,369,p02-block-3-trial-3-target-1,826.0,344.0,37.5,False,Pointer Move (unknown)
1785574788.288353,829,367,p02-block-3-trial-3-target-1,826.0,344.0,37.5,False,Pointer Move (unknown)
1785574788.2970932,830,365,p02-block-3-trial-3-target-1,826.0,344.0,37.5,False,Pointer Move (unknown)
1785574788.305113,831,363,p02-block-3-trial-3-target-1,826.0,344.0,37.5,False,Pointer Move (unknown)
1785574788.3137522,833,361,p02-block-3-trial-3-target-1,826.0,344.0,37.5,False,Pointer Move (unknown)
1785574788.321816,833,360,p02-block-3-trial-3-target-1,826.0,344.0,37.5,False,Pointer Move (unknown)
1785574788.329238,834,358,p02-block-3-trial-3-target-1,826.0,344.0,37.5,False,Pointer Move (unknown)
1785574788.3383548,835,357,p02-block-3-trial-3-target-1,826.0,344.0,37.5,False,Pointer Move (unknown)
1785574788.345505,835,355,p02-block-3-trial-3-target-1,826.0,344.0,37.5,False,Pointer Move (unknown)
1785574788.354146,836,354,p02-block-3-trial-3-target-1,826.0,344.0,37.5,False,Pointer Move (unknown)
1785574788.361938,837,353,p02-block-3-trial-3-target-1,826.0,344.0,37.5,False,Pointer Move (unknown)
1785574788.3694599,838,352,p02-block-3-trial-3-target-1,826.0,344.0,37.5,False,Pointer Move (unknown)
1785574788.377496,839,351,p02-block-3-trial-3-target-1,826.0,344.0,37.5,False,Pointer Move (unknown)
1785574788.385468,839,350,p02-block-3-trial-3-target-1,826.0,344.0,37.5,False,Pointer Move (unknown)
1785574788.3934531,840,349,p02-block-3-trial-3-target-1,826.0,344.0,37.5,False,Pointer Move (unknown)
1785574788.401553,841,348,p02-block-3-trial-3-target-1,826.0,344.0,37.5,False,Pointer Move (unknown)
1785574788.4099321,841,347,p02-block-3-trial-3-target-1,826.0,344.0,37.5,False,Pointer Move (unknown)
1785574788.418284,842,346,p02-block-3-trial-3-target-1,826.0,344.0,37.5,False,Pointer Move (unknown)
1785574788.426871,842,345,p02-block-3-trial-3-target-1,826.0,344.0,37.5,False,Pointer Move (unknown)
1785574788.434693,843,344,p02-block-3-trial-3-target-1,826.0,344.0,37.5,False,Pointer Move (unknown)
1785574788.4424279,843,343,p02-block-3-trial-3-target-1,826.0,344.0,37.5,False,Pointer Move (unknown)
1785574788.450093,843,343,p02-block-3-trial-3-target-1,826.0,344.0,37.5,False,Pointer Move (unknown)
1785574788.458873,844,342,p02-block-3-trial-3-target-1,826.0,344.0,37.5,False,Pointer Move (unknown)
1785574788.46709,844,342,p02-block-3-trial-3-target-1,826.0,344.0,37.5,False,Pointer Move (unknown)
1785574788.483457,844,341,p02-block-3-trial-3-target-1,826.0,344.0,37.5,False,Pointer Move (unknown)
1785574788.49139,844,341,p02-block-3-trial-3-target-1,826.0,344.0,37.5,False,Pointer Move (unknown)
1785574788.507676,844,341,p02-block-3-trial-3-target-1,826.0,344.0,37.5,False,Pointer Move (unknown)
1785574788.532199,844,340,p02-block-3-trial-3-target-1,826.0,344.0,37.5,False,Pointer Move (unknown)
1785574788.552608,844,340,p02-block-3-trial-3-target-1,826.0,344.0,37.5,target_selected,target_selected
1785574788.8407319,844,341,p02-block-3-trial-4-target-5,614.0,556.0,37.5,False,Pointer Move (unknown)
1785574788.84706,835,352,p02-block-3-trial-4-target-5,614.0,556.0,37.5,False,Pointer Move (unknown)
1785574788.854244,823,365,p02-block-3-trial-4-target-5,614.0,556.0,37.5,False,Pointer Move (unknown)
1785574788.8626492,805,383,p02-block-3-trial-4-target-5,614.0,556.0,37.5,False,Pointer Move (unknown)
1785574788.870796,785,404,p02-block-3-trial-4-target-5,614.0,556.0,37.5,False,Pointer Move (unknown)
1785574788.880357,759,431,p02-block-3-trial-4-target-5,614.0,556.0,37.5,False,Pointer Move (unknown)
1785574788.8876019,736,457,p02-block-3-trial-4-target-5,614.0,556.0,37.5,False,Pointer Move (unknown)
1785574788.895026,726,467,p02-block-3-trial-4-target-5,614.0,556.0,37.5,False,Pointer Move (unknown)
1785574788.90367,702,496,p02-block-3-trial-4-target-5,614.0,556.0,37.5,False,Pointer Move (unknown)
1785574788.911466,686,514,p02-block-3-trial-4-target-5,614.0,556.0,37.5,False,Pointer Move (unknown)
1785574788.9195552,670,534,p02-block-3-trial-4-target-5,614.0,556.0,37.5,False,Pointer Move (unknown)
1785574788.928189,666,538,p02-block-3-trial-4-target-5,614.0,556.0,37.5,False,Pointer Move (unknown)
1785574788.936484,656,552,p02-block-3-trial-4-target-5,614.0,556.0,37.5,False,Pointer Move (unknown)
1785574788.944351,647,562,p02-block-3-trial-4-target-5,614.0,556.0,37.5,False,Pointer Move (unknown)
1785574788.952009,643,568,p02-block-3-trial-4-target-5,614.0,556.0,37.5,False,Pointer Move (unknown)
1785574788.960659,638,573,p02-block-3-trial-4-target-5,614.0,556.0,37.5,False,Pointer Move (unknown)
1785574788.968124,635,577,p02-block-3-trial-4-target-5,614.0,556.0,37.5,False,Pointer Move (unknown)
1785574788.9767199,633,580,p02-block-3-trial-4-target-5,614.0,556.0,37.5,False,Pointer Move (unknown)
1785574788.984401,632,582,p02-block-3-trial-4-target-5,614.0,556.0,37.5,False,Pointer Move (unknown)
1785574788.9930382,630,583,p02-block-3-trial-4-target-5,614.0,556.0,37.5,False,Pointer Move (unknown)
1785574789.000661,629,584,p02-block-3-trial-4-target-5,614.0,556.0,37.5,False,Pointer Move (unknown)
1785574789.0085928,629,585,p02-block-3-trial-4-target-5,614.0,556.0,37.5,False,Pointer Move (unknown)
1785574789.016161,629,585,p02-block-3-trial-4-target-5,614.0,556.0,37.5,False,Pointer Move (unknown)
1785574789.0243871,627,586,p02-block-3-trial-4-target-5,614.0,556.0,37.5,False,Pointer Move (unknown)
1785574789.033612,627,586,p02-block-3-trial-4-target-5,614.0,556.0,37.5,False,Pointer Move (unknown)
1785574789.040844,627,587,p02-block-3-trial-4-target-5,614.0,556.0,37.5,False,Pointer Move (unknown)
1785574789.0495942,627,587,p02-block-3-trial-4-target-5,614.0,556.0,37.5,False,Pointer Move (unknown)
1785574789.065498,626,587,p02-block-3-trial-4-target-5,614.0,556.0,37.5,False,Pointer Move (unknown)
1785574789.081163,626,587,p02-block-3-trial-4-target-5,614.0,556.0,37.5,False,Pointer Move (unknown)
1785574789.139553,626,587,p02-block-3-trial-4-target-5,614.0,556.0,37.5,False,Pointer Move (unknown)
1785574789.162983,626,587,p02-block-3-trial-4-target-5,614.0,556.0,37.5,False,Pointer Move (unknown)
1785574789.170337,626,587,p02-block-3-trial-4-target-5,614.0,556.0,37.5,False,Pointer Move (unknown)
1785574789.179126,625,585,p02-block-3-trial-4-target-5,614.0,556.0,37.5,False,Pointer Move (unknown)
1785574789.1862621,624,583,p02-block-3-trial-4-target-5,614.0,556.0,37.5,False,Pointer Move (unknown)
1785574789.194304,624,580,p02-block-3-trial-4-target-5,614.0,556.0,37.5,False,Pointer Move (unknown)
1785574789.2024362,624,578,p02-block-3-trial-4-target-5,614.0,556.0,37.5,False,Pointer Move (unknown)
1785574789.210669,624,575,p02-block-3-trial-4-target-5,614.0,556.0,37.5,False,Pointer Move (unknown)
1785574789.218526,623,572,p02-block-3-trial-4-target-5,614.0,556.0,37.5,False,Pointer Move (unknown)
1785574789.226548,621,563,p02-block-3-trial-4-target-5,614.0,556.0,37.5,False,Pointer Move (unknown)
1785574789.2347908,621,560,p02-block-3-trial-4-target-5,614.0,556.0,37.5,False,Pointer Move (unknown)
1785574789.242835,620,555,p02-block-3-trial-4-target-5,614.0,556.0,37.5,False,Pointer Move (unknown)
1785574789.250807,619,552,p02-block-3-trial-4-target-5,614.0,556.0,37.5,False,Pointer Move (unknown)
1785574789.258899,619,550,p02-block-3-trial-4-target-5,614.0,556.0,37.5,False,Pointer Move (unknown)
1785574789.2676458,618,548,p02-block-3-trial-4-target-5,614.0,556.0,37.5,False,Pointer Move (unknown)
1785574789.285562,618,548,p02-block-3-trial-4-target-5,614.0,556.0,37.5,target_selected,target_selected
1785574789.30385,618,547,p02-block-3-trial-5-target-1,826.0,344.0,37.5,False,Pointer Move (unknown)
1785574789.567348,618,547,p02-block-3-trial-5-target-1,826.0,344.0,37.5,False,Pointer Move (unknown)
1785574789.5761,627,538,p02-block-3-trial-5-target-1,826.0,344.0,37.5,False,Pointer Move (unknown)
1785574789.583712,635,530,p02-block-3-trial-5-target-1,826.0,344.0,37.5,False,Pointer Move (unknown)
1785574789.591964,646,521,p02-block-3-trial-5-target-1,826.0,344.0,37.5,False,Pointer Move (unknown)
1785574789.598593,664,503,p02-block-3-trial-5-target-1,826.0,344.0,37.5,False,Pointer Move (unknown)
1785574789.606412,682,485,p02-block-3-trial-5-target-1,826.0,344.0,37.5,False,Pointer Move (unknown)
1785574789.6160388,704,462,p02-block-3-trial-5-target-1,826.0,344.0,37.5,False,Pointer Move (unknown)
1785574789.623022,727,439,p02-block-3-trial-5-target-1,826.0,344.0,37.5,False,Pointer Move (unknown)
1785574789.630694,749,420,p02-block-3-trial-5-target-1,826.0,344.0,37.5,False,Pointer Move (unknown)
1785574789.639935,772,395,p02-block-3-trial-5-target-1,826.0,344.0,37.5,False,Pointer Move (unknown)
1785574789.6491551,790,377,p02-block-3-trial-5-target-1,826.0,344.0,37.5,False,Pointer Move (unknown)
1785574789.655086,813,354,p02-block-3-trial-5-target-1,826.0,344.0,37.5,False,Pointer Move (unknown)
1785574789.663108,826,342,p02-block-3-trial-5-target-1,826.0,344.0,37.5,False,Pointer Move (unknown)
1785574789.671639,832,336,p02-block-3-trial-5-target-1,826.0,344.0,37.5,False,Pointer Move (unknown)
1785574789.680243,843,325,p02-block-3-trial-5-target-1,826.0,344.0,37.5,False,Pointer Move (unknown)
1785574789.688282,851,316,p02-block-3-trial-5-target-1,826.0,344.0,37.5,False,Pointer Move (unknown)
1785574789.696588,858,309,p02-block-3-trial-5-target-1,826.0,344.0,37.5,False,Pointer Move (unknown)
1785574789.704651,863,305,p02-block-3-trial-5-target-1,826.0,344.0,37.5,False,Pointer Move (unknown)
1785574789.712564,866,301,p02-block-3-trial-5-target-1,826.0,344.0,37.5,False,Pointer Move (unknown)
1785574789.720366,870,298,p02-block-3-trial-5-target-1,826.0,344.0,37.5,False,Pointer Move (unknown)
1785574789.728235,871,296,p02-block-3-trial-5-target-1,826.0,344.0,37.5,False,Pointer Move (unknown)
1785574789.7361841,872,295,p02-block-3-trial-5-target-1,826.0,344.0,37.5,False,Pointer Move (unknown)
1785574789.7440991,873,294,p02-block-3-trial-5-target-1,826.0,344.0,37.5,False,Pointer Move (unknown)
1785574789.752636,874,293,p02-block-3-trial-5-target-1,826.0,344.0,37.5,False,Pointer Move (unknown)
1785574789.760733,874,293,p02-block-3-trial-5-target-1,826.0,344.0,37.5,False,Pointer Move (unknown)
1785574789.768302,875,293,p02-block-3-trial-5-target-1,826.0,344.0,37.5,False,Pointer Move (unknown)
1785574789.776785,875,293,p02-block-3-trial-5-target-1,826.0,344.0,37.5,False,Pointer Move (unknown)
1785574789.7849731,875,293,p02-block-3-trial-5-target-1,826.0,344.0,37.5,False,Pointer Move (unknown)
1785574789.915447,875,293,p02-block-3-trial-5-target-1,826.0,344.0,37.5,False,Pointer Move (unknown)
1785574789.923129,874,294,p02-block-3-trial-5-target-1,826.0,344.0,37.5,False,Pointer Move (unknown)
1785574789.93089,873,295,p02-block-3-trial-5-target-1,826.0,344.0,37.5,False,Pointer Move (unknown)
1785574789.938816,873,296,p02-block-3-trial-5-target-1,826.0,344.0,37.5,False,Pointer Move (unknown)
1785574789.947438,872,298,p02-block-3-trial-5-target-1,826.0,344.0,37.5,False,Pointer Move (unknown)
1785574789.9548092,871,299,p02-block-3-trial-5-target-1,826.0,344.0,37.5,False,Pointer Move (unknown)
1785574789.962888,870,301,p02-block-3-trial-5-target-1,826.0,344.0,37.5,False,Pointer Move (unknown)
1785574789.971456,869,303,p02-block-3-trial-5-target-1,826.0,344.0,37.5,False,Pointer Move (unknown)
1785574789.979298,868,304,p02-block-3-trial-5-target-1,826.0,344.0,37.5,False,Pointer Move (unknown)
1785574789.9872372,867,306,p02-block-3-trial-5-target-1,826.0,344.0,37.5,False,Pointer Move (unknown)
1785574789.996237,867,307,p02-block-3-trial-5-target-1,826.0,344.0,37.5,False,Pointer Move (unknown)
1785574790.003873,866,308,p02-block-3-trial-5-target-1,826.0,344.0,37.5,False,Pointer Move (unknown)
1785574790.011637,865,309,p02-block-3-trial-5-target-1,826.0,344.0,37.5,False,Pointer Move (unknown)
1785574790.020036,864,310,p02-block-3-trial-5-target-1,826.0,344.0,37.5,False,Pointer Move (unknown)
1785574790.0278559,863,311,p02-block-3-trial-5-target-1,826.0,344.0,37.5,False,Pointer Move (unknown)
1785574790.0359192,862,312,p02-block-3-trial-5-target-1,826.0,344.0,37.5,False,Pointer Move (unknown)
1785574790.043652,862,313,p02-block-3-trial-5-target-1,826.0,344.0,37.5,False,Pointer Move (unknown)
1785574790.052126,861,314,p02-block-3-trial-5-target-1,826.0,344.0,37.5,False,Pointer Move (unknown)
1785574790.059747,860,314,p02-block-3-trial-5-target-1,826.0,344.0,37.5,False,Pointer Move (unknown)
1785574790.068937,858,315,p02-block-3-trial-5-target-1,826.0,344.0,37.5,False,Pointer Move (unknown)
1785574790.0765948,857,316,p02-block-3-trial-5-target-1,826.0,344.0,37.5,False,Pointer Move (unknown)
1785574790.084123,856,317,p02-block-3-trial-5-target-1,826.0,344.0,37.5,False,Pointer Move (unknown)
1785574790.092232,854,317,p02-block-3-trial-5-target-1,826.0,344.0,37.5,False,Pointer Move (unknown)
1785574790.100412,853,318,p02-block-3-trial-5-target-1,826.0,344.0,37.5,False,Pointer Move (unknown)
1785574790.107349,851,319,p02-block-3-trial-5-target-1,826.0,344.0,37.5,False,Pointer Move (unknown)
1785574790.116586,850,320,p02-block-3-trial-5-target-1,826.0,344.0,37.5,False,Pointer Move (unknown)
1785574790.124576,849,321,p02-block-3-trial-5-target-1,826.0,344.0,37.5,False,Pointer Move (unknown)
1785574790.132341,848,321,p02-block-3-trial-5-target-1,826.0,344.0,37.5,False,Pointer Move (unknown)
1785574790.1412082,848,322,p02-block-3-trial-5-target-1,826.0,344.0,37.5,False,Pointer Move (unknown)
1785574790.1489851,847,322,p02-block-3-trial-5-target-1,826.0,344.0,37.5,False,Pointer Move (unknown)
1785574790.156715,846,322,p02-block-3-trial-5-target-1,826.0,344.0,37.5,False,Pointer Move (unknown)
1785574790.165615,846,322,p02-block-3-trial-5-target-1,826.0,344.0,37.5,False,Pointer Move (unknown)
1785574790.174159,846,323,p02-block-3-trial-5-target-1,826.0,344.0,37.5,False,Pointer Move (unknown)
1785574790.2027662,846,323,p02-block-3-trial-5-target-1,826.0,344.0,37.5,target_selected,target_selected
1785574790.212607,846,323,p02-block-3-trial-6-target-5,614.0,556.0,37.5,False,Pointer Move (unknown)
1785574790.392592,846,324,p02-block-3-trial-6-target-5,614.0,556.0,37.5,False,Pointer Move (unknown)
1785574790.400264,841,329,p02-block-3-trial-6-target-5,614.0,556.0,37.5,False,Pointer Move (unknown)
1785574790.407947,832,340,p02-block-3-trial-6-target-5,614.0,556.0,37.5,False,Pointer Move (unknown)
1785574790.417529,826,347,p02-block-3-trial-6-target-5,614.0,556.0,37.5,False,Pointer Move (unknown)
1785574790.424951,815,361,p02-block-3-trial-6-target-5,614.0,556.0,37.5,False,Pointer Move (unknown)
1785574790.433038,800,379,p02-block-3-trial-6-target-5,614.0,556.0,37.5,False,Pointer Move (unknown)
1785574790.441494,784,397,p02-block-3-trial-6-target-5,614.0,556.0,37.5,False,Pointer Move (unknown)
1785574790.449214,768,415,p02-block-3-trial-6-target-5,614.0,556.0,37.5,False,Pointer Move (unknown)
1785574790.456875,756,428,p02-block-3-trial-6-target-5,614.0,556.0,37.5,False,Pointer Move (unknown)
1785574790.465628,744,442,p02-block-3-trial-6-target-5,614.0,556.0,37.5,False,Pointer Move (unknown)
1785574790.473635,734,457,p02-block-3-trial-6-target-5,614.0,556.0,37.5,False,Pointer Move (unknown)
1785574790.480566,724,470,p02-block-3-trial-6-target-5,614.0,556.0,37.5,False,Pointer Move (unknown)
1785574790.4893582,714,486,p02-block-3-trial-6-target-5,614.0,556.0,37.5,False,Pointer Move (unknown)
1785574790.496894,704,496,p02-block-3-trial-6-target-5,614.0,556.0,37.5,False,Pointer Move (unknown)
1785574790.505279,698,510,p02-block-3-trial-6-target-5,614.0,556.0,37.5,False,Pointer Move (unknown)
1785574790.512952,688,524,p02-block-3-trial-6-target-5,614.0,556.0,37.5,False,Pointer Move (unknown)
1785574790.521278,678,537,p02-block-3-trial-6-target-5,614.0,556.0,37.5,False,Pointer Move (unknown)
1785574790.5298,670,550,p02-block-3-trial-6-target-5,614.0,556.0,37.5,False,Pointer Move (unknown)
1785574790.538253,660,563,p02-block-3-trial-6-target-5,614.0,556.0,37.5,False,Pointer Move (unknown)
1785574790.544847,653,573,p02-block-3-trial-6-target-5,614.0,556.0,37.5,False,Pointer Move (unknown)
1785574790.5538728,646,583,p02-block-3-trial-6-target-5,614.0,556.0,37.5,False,Pointer Move (unknown)
1785574790.5623271,639,593,p02-block-3-trial-6-target-5,614.0,556.0,37.5,False,Pointer Move (unknown)
1785574790.570082,631,605,p02-block-3-trial-6-target-5,614.0,556.0,37.5,False,Pointer Move (unknown)
1785574790.577733,629,607,p02-block-3-trial-6-target-5,614.0,556.0,37.5,False,Pointer Move (unknown)
1785574790.586258,623,615,p02-block-3-trial-6-target-5,614.0,556.0,37.5,False,Pointer Move (unknown)
1785574790.594102,618,622,p02-block-3-trial-6-target-5,614.0,556.0,37.5,False,Pointer Move (unknown)
1785574790.6023722,608,633,p02-block-3-trial-6-target-5,614.0,556.0,37.5,False,Pointer Move (unknown)
1785574790.6101701,604,637,p02-block-3-trial-6-target-5,614.0,556.0,37.5,False,Pointer Move (unknown)
1785574790.618127,594,646,p02-block-3-trial-6-target-5,614.0,556.0,37.5,False,Pointer Move (unknown)
1785574790.626078,587,652,p02-block-3-trial-6-target-5,614.0,556.0,37.5,False,Pointer Move (unknown)
1785574790.634398,583,655,p02-block-3-trial-6-target-5,614.0,556.0,37.5,False,Pointer Move (unknown)
1785574790.642211,575,660,p02-block-3-trial-6-target-5,614.0,556.0,37.5,False,Pointer Move (unknown)
1785574790.6507132,570,665,p02-block-3-trial-6-target-5,614.0,556.0,37.5,False,Pointer Move (unknown)
1785574790.6591868,565,668,p02-block-3-trial-6-target-5,614.0,556.0,37.5,False,Pointer Move (unknown)
1785574790.666556,561,671,p02-block-3-trial-6-target-5,614.0,556.0,37.5,False,Pointer Move (unknown)
1785574790.6747148,558,671,p02-block-3-trial-6-target-5,614.0,556.0,37.5,False,Pointer Move (unknown)
1785574790.683025,556,673,p02-block-3-trial-6-target-5,614.0,556.0,37.5,False,Pointer Move (unknown)
1785574790.6908622,555,673,p02-block-3-trial-6-target-5,614.0,556.0,37.5,False,Pointer Move (unknown)
1785574790.699779,554,674,p02-block-3-trial-6-target-5,614.0,556.0,37.5,False,Pointer Move (unknown)
1785574790.7072692,553,674,p02-block-3-trial-6-target-5,614.0,556.0,37.5,False,Pointer Move (unknown)
1785574790.723954,552,674,p02-block-3-trial-6-target-5,614.0,556.0,37.5,False,Pointer Move (unknown)
1785574790.739808,552,673,p02-block-3-trial-6-target-5,614.0,556.0,37.5,False,Pointer Move (unknown)
1785574790.7472901,552,672,p02-block-3-trial-6-target-5,614.0,556.0,37.5,False,Pointer Move (unknown)
1785574790.755862,552,671,p02-block-3-trial-6-target-5,614.0,556.0,37.5,False,Pointer Move (unknown)
1785574790.763521,552,669,p02-block-3-trial-6-target-5,614.0,556.0,37.5,False,Pointer Move (unknown)
1785574790.771927,552,668,p02-block-3-trial-6-target-5,614.0,556.0,37.5,False,Pointer Move (unknown)
1785574790.779468,552,666,p02-block-3-trial-6-target-5,614.0,556.0,37.5,False,Pointer Move (unknown)
1785574790.788296,552,664,p02-block-3-trial-6-target-5,614.0,556.0,37.5,False,Pointer Move (unknown)
1785574790.803038,552,662,p02-block-3-trial-6-target-5,614.0,556.0,37.5,False,Pointer Move (unknown)
1785574790.803494,553,660,p02-block-3-trial-6-target-5,614.0,556.0,37.5,False,Pointer Move (unknown)
1785574790.811719,554,658,p02-block-3-trial-6-target-5,614.0,556.0,37.5,False,Pointer Move (unknown)
1785574790.819705,555,656,p02-block-3-trial-6-target-5,614.0,556.0,37.5,False,Pointer Move (unknown)
1785574790.828042,556,654,p02-block-3-trial-6-target-5,614.0,556.0,37.5,False,Pointer Move (unknown)
1785574790.8366961,563,647,p02-block-3-trial-6-target-5,614.0,556.0,37.5,False,Pointer Move (unknown)
1785574790.844355,569,641,p02-block-3-trial-6-target-5,614.0,556.0,37.5,False,Pointer Move (unknown)
1785574790.853073,574,637,p02-block-3-trial-6-target-5,614.0,556.0,37.5,False,Pointer Move (unknown)
1785574790.8609521,582,631,p02-block-3-trial-6-target-5,614.0,556.0,37.5,False,Pointer Move (unknown)
1785574790.869205,586,628,p02-block-3-trial-6-target-5,614.0,556.0,37.5,False,Pointer Move (unknown)
1785574790.876875,592,621,p02-block-3-trial-6-target-5,614.0,556.0,37.5,False,Pointer Move (unknown)
1785574790.886305,599,616,p02-block-3-trial-6-target-5,614.0,556.0,37.5,False,Pointer Move (unknown)
1785574790.893179,605,612,p02-block-3-trial-6-target-5,614.0,556.0,37.5,False,Pointer Move (unknown)
1785574790.9017138,612,607,p02-block-3-trial-6-target-5,614.0,556.0,37.5,False,Pointer Move (unknown)
1785574790.9088588,625,599,p02-block-3-trial-6-target-5,614.0,556.0,37.5,False,Pointer Move (unknown)
1785574790.917844,629,596,p02-block-3-trial-6-target-5,614.0,556.0,37.5,False,Pointer Move (unknown)
1785574790.926469,635,593,p02-block-3-trial-6-target-5,614.0,556.0,37.5,False,Pointer Move (unknown)
1785574790.93396,642,590,p02-block-3-trial-6-target-5,614.0,556.0,37.5,False,Pointer Move (unknown)
1785574790.941797,646,588,p02-block-3-trial-6-target-5,614.0,556.0,37.5,False,Pointer Move (unknown)
1785574790.949742,650,585,p02-block-3-trial-6-target-5,614.0,556.0,37.5,False,Pointer Move (unknown)
1785574790.957849,655,583,p02-block-3-trial-6-target-5,614.0,556.0,37.5,False,Pointer Move (unknown)
1785574790.9665852,657,582,p02-block-3-trial-6-target-5,614.0,556.0,37.5,False,Pointer Move (unknown)
1785574790.974297,660,581,p02-block-3-trial-6-target-5,614.0,556.0,37.5,False,Pointer Move (unknown)
1785574790.982274,661,580,p02-block-3-trial-6-target-5,614.0,556.0,37.5,False,Pointer Move (unknown)
1785574790.990497,662,579,p02-block-3-trial-6-target-5,614.0,556.0,37.5,False,Pointer Move (unknown)
1785574790.998422,664,579,p02-block-3-trial-6-target-5,614.0,556.0,37.5,False,Pointer Move (unknown)
1785574791.006598,665,578,p02-block-3-trial-6-target-5,614.0,556.0,37.5,False,Pointer Move (unknown)
1785574791.01493,665,578,p02-block-3-trial-6-target-5,614.0,556.0,37.5,False,Pointer Move (unknown)
1785574791.022249,665,578,p02-block-3-trial-6-target-5,614.0,556.0,37.5,False,Pointer Move (unknown)
1785574791.030438,666,578,p02-block-3-trial-6-target-5,614.0,556.0,37.5,False,Pointer Move (unknown)
1785574791.038573,666,577,p02-block-3-trial-6-target-5,614.0,556.0,37.5,False,Pointer Move (unknown)
1785574791.0636249,666,577,p02-block-3-trial-6-target-5,614.0,556.0,37.5,False,Pointer Move (unknown)
1785574791.1202629,666,577,p02-block-3-trial-6-target-5,614.0,556.0,37.5,False,Pointer Move (unknown)
1785574791.153091,666,577,p02-block-3-trial-6-target-5,614.0,556.0,37.5,False,Pointer Move (unknown)
1785574791.1605299,665,577,p02-block-3-trial-6-target-5,614.0,556.0,37.5,False,Pointer Move (unknown)
1785574791.168962,665,577,p02-block-3-trial-6-target-5,614.0,556.0,37.5,False,Pointer Move (unknown)
1785574791.1764832,664,577,p02-block-3-trial-6-target-5,614.0,556.0,37.5,False,Pointer Move (unknown)
1785574791.184618,664,577,p02-block-3-trial-6-target-5,614.0,556.0,37.5,False,Pointer Move (unknown)
1785574791.192608,663,577,p02-block-3-trial-6-target-5,614.0,556.0,37.5,False,Pointer Move (unknown)
1785574791.200057,661,577,p02-block-3-trial-6-target-5,614.0,556.0,37.5,False,Pointer Move (unknown)
1785574791.20887,660,577,p02-block-3-trial-6-target-5,614.0,556.0,37.5,False,Pointer Move (unknown)
1785574791.216875,659,577,p02-block-3-trial-6-target-5,614.0,556.0,37.5,False,Pointer Move (unknown)
1785574791.224894,659,577,p02-block-3-trial-6-target-5,614.0,556.0,37.5,False,Pointer Move (unknown)
1785574791.232474,658,577,p02-block-3-trial-6-target-5,614.0,556.0,37.5,False,Pointer Move (unknown)
1785574791.240236,657,577,p02-block-3-trial-6-target-5,614.0,556.0,37.5,False,Pointer Move (unknown)
1785574791.24886,657,576,p02-block-3-trial-6-target-5,614.0,556.0,37.5,False,Pointer Move (unknown)
1785574791.257458,656,576,p02-block-3-trial-6-target-5,614.0,556.0,37.5,False,Pointer Move (unknown)
1785574791.2649338,656,575,p02-block-3-trial-6-target-5,614.0,556.0,37.5,False,Pointer Move (unknown)
1785574791.2730591,655,574,p02-block-3-trial-6-target-5,614.0,556.0,37.5,False,Pointer Move (unknown)
1785574791.280734,655,573,p02-block-3-trial-6-target-5,614.0,556.0,37.5,False,Pointer Move (unknown)
1785574791.288812,654,572,p02-block-3-trial-6-target-5,614.0,556.0,37.5,False,Pointer Move (unknown)
1785574791.2969081,654,571,p02-block-3-trial-6-target-5,614.0,556.0,37.5,False,Pointer Move (unknown)
1785574791.305076,653,570,p02-block-3-trial-6-target-5,614.0,556.0,37.5,False,Pointer Move (unknown)
1785574791.313079,653,569,p02-block-3-trial-6-target-5,614.0,556.0,37.5,False,Pointer Move (unknown)
1785574791.320974,652,568,p02-block-3-trial-6-target-5,614.0,556.0,37.5,False,Pointer Move (unknown)
1785574791.329345,652,567,p02-block-3-trial-6-target-5,614.0,556.0,37.5,False,Pointer Move (unknown)
1785574791.337685,652,567,p02-block-3-trial-6-target-5,614.0,556.0,37.5,False,Pointer Move (unknown)
1785574791.3459048,651,566,p02-block-3-trial-6-target-5,614.0,556.0,37.5,False,Pointer Move (unknown)
1785574791.353812,651,565,p02-block-3-trial-6-target-5,614.0,556.0,37.5,False,Pointer Move (unknown)
1785574791.361957,651,565,p02-block-3-trial-6-target-5,614.0,556.0,37.5,False,Pointer Move (unknown)
1785574791.4035661,651,565,p02-block-3-trial-6-target-5,614.0,556.0,37.5,False,Pointer Move (unknown)
1785574791.711311,651,564,p02-block-3-trial-6-target-5,614.0,556.0,37.5,False,Pointer Move (unknown)
1785574791.718467,653,560,p02-block-3-trial-6-target-5,614.0,556.0,37.5,False,Pointer Move (unknown)
1785574791.726028,660,550,p02-block-3-trial-6-target-5,614.0,556.0,37.5,False,Pointer Move (unknown)
1785574791.733873,676,530,p02-block-3-trial-6-target-5,614.0,556.0,37.5,False,Pointer Move (unknown)
1785574791.741749,698,507,p02-block-3-trial-6-target-5,614.0,556.0,37.5,False,Pointer Move (unknown)
1785574791.74953,708,496,p02-block-3-trial-6-target-5,614.0,556.0,37.5,False,Pointer Move (unknown)
1785574791.757605,733,473,p02-block-3-trial-6-target-5,614.0,556.0,37.5,False,Pointer Move (unknown)
1785574791.7658198,756,450,p02-block-3-trial-6-target-5,614.0,556.0,37.5,False,Pointer Move (unknown)
1785574791.77487,781,430,p02-block-3-trial-6-target-5,614.0,556.0,37.5,False,Pointer Move (unknown)
1785574791.782767,800,409,p02-block-3-trial-6-target-5,614.0,556.0,37.5,False,Pointer Move (unknown)
1785574791.790169,818,393,p02-block-3-trial-6-target-5,614.0,556.0,37.5,False,Pointer Move (unknown)
1785574791.798916,824,388,p02-block-3-trial-6-target-5,614.0,556.0,37.5,False,Pointer Move (unknown)
1785574791.806444,837,376,p02-block-3-trial-6-target-5,614.0,556.0,37.5,False,Pointer Move (unknown)
1785574791.814875,848,367,p02-block-3-trial-6-target-5,614.0,556.0,37.5,False,Pointer Move (unknown)
1785574791.824422,855,361,p02-block-3-trial-6-target-5,614.0,556.0,37.5,False,Pointer Move (unknown)
1785574791.8314009,863,355,p02-block-3-trial-6-target-5,614.0,556.0,37.5,False,Pointer Move (unknown)
1785574791.839554,868,350,p02-block-3-trial-6-target-5,614.0,556.0,37.5,False,Pointer Move (unknown)
1785574791.8478,875,344,p02-block-3-trial-6-target-5,614.0,556.0,37.5,False,Pointer Move (unknown)
1785574791.8566778,878,341,p02-block-3-trial-6-target-5,614.0,556.0,37.5,False,Pointer Move (unknown)
1785574791.864377,882,338,p02-block-3-trial-6-target-5,614.0,556.0,37.5,False,Pointer Move (unknown)
1785574791.8721821,885,334,p02-block-3-trial-6-target-5,614.0,556.0,37.5,False,Pointer Move (unknown)
1785574791.879025,887,333,p02-block-3-trial-6-target-5,614.0,556.0,37.5,False,Pointer Move (unknown)
1785574791.887451,888,331,p02-block-3-trial-6-target-5,614.0,556.0,37.5,False,Pointer Move (unknown)
1785574791.895572,890,329,p02-block-3-trial-6-target-5,614.0,556.0,37.5,False,Pointer Move (unknown)
1785574791.903709,891,328,p02-block-3-trial-6-target-5,614.0,556.0,37.5,False,Pointer Move (unknown)
1785574791.911535,892,327,p02-block-3-trial-6-target-5,614.0,556.0,37.5,False,Pointer Move (unknown)
1785574791.919583,892,326,p02-block-3-trial-6-target-5,614.0,556.0,37.5,False,Pointer Move (unknown)
1785574791.9281,893,325,p02-block-3-trial-6-target-5,614.0,556.0,37.5,False,Pointer Move (unknown)
1785574791.9368498,893,324,p02-block-3-trial-6-target-5,614.0,556.0,37.5,False,Pointer Move (unknown)
1785574791.944499,894,323,p02-block-3-trial-6-target-5,614.0,556.0,37.5,False,Pointer Move (unknown)
1785574791.952757,894,323,p02-block-3-trial-6-target-5,614.0,556.0,37.5,False,Pointer Move (unknown)
1785574791.960893,895,323,p02-block-3-trial-6-target-5,614.0,556.0,37.5,False,Pointer Move (unknown)
1785574791.968663,895,323,p02-block-3-trial-6-target-5,614.0,556.0,37.5,False,Pointer Move (unknown)
1785574791.985298,895,322,p02-block-3-trial-6-target-5,614.0,556.0,37.5,False,Pointer Move (unknown)
1785574792.0335832,894,322,p02-block-3-trial-6-target-5,614.0,556.0,37.5,False,Pointer Move (unknown)
1785574792.041064,893,322,p02-block-3-trial-6-target-5,614.0,556.0,37.5,False,Pointer Move (unknown)
1785574792.049073,889,322,p02-block-3-trial-6-target-5,614.0,556.0,37.5,False,Pointer Move (unknown)
1785574792.057958,887,322,p02-block-3-trial-6-target-5,614.0,556.0,37.5,False,Pointer Move (unknown)
1785574792.0661309,884,323,p02-block-3-trial-6-target-5,614.0,556.0,37.5,False,Pointer Move (unknown)
1785574792.074189,879,324,p02-block-3-trial-6-target-5,614.0,556.0,37.5,False,Pointer Move (unknown)
1785574792.0822248,875,325,p02-block-3-trial-6-target-5,614.0,556.0,37.5,False,Pointer Move (unknown)
1785574792.0902898,870,326,p02-block-3-trial-6-target-5,614.0,556.0,37.5,False,Pointer Move (unknown)
1785574792.098516,863,328,p02-block-3-trial-6-target-5,614.0,556.0,37.5,False,Pointer Move (unknown)
1785574792.1065578,854,331,p02-block-3-trial-6-target-5,614.0,556.0,37.5,False,Pointer Move (unknown)
1785574792.114167,846,333,p02-block-3-trial-6-target-5,614.0,556.0,37.5,False,Pointer Move (unknown)
1785574792.122421,839,335,p02-block-3-trial-6-target-5,614.0,556.0,37.5,False,Pointer Move (unknown)
1785574792.130063,830,338,p02-block-3-trial-6-target-5,614.0,556.0,37.5,False,Pointer Move (unknown)
1785574792.138575,821,340,p02-block-3-trial-6-target-5,614.0,556.0,37.5,False,Pointer Move (unknown)
1785574792.146511,817,342,p02-block-3-trial-6-target-5,614.0,556.0,37.5,False,Pointer Move (unknown)
1785574792.155435,810,346,p02-block-3-trial-6-target-5,614.0,556.0,37.5,False,Pointer Move (unknown)
1785574792.163428,803,348,p02-block-3-trial-6-target-5,614.0,556.0,37.5,False,Pointer Move (unknown)
1785574792.171177,797,351,p02-block-3-trial-6-target-5,614.0,556.0,37.5,False,Pointer Move (unknown)
1785574792.179293,792,354,p02-block-3-trial-6-target-5,614.0,556.0,37.5,False,Pointer Move (unknown)
1785574792.1875148,787,356,p02-block-3-trial-6-target-5,614.0,556.0,37.5,False,Pointer Move (unknown)
1785574792.19507,784,357,p02-block-3-trial-6-target-5,614.0,556.0,37.5,False,Pointer Move (unknown)
1785574792.202893,780,360,p02-block-3-trial-6-target-5,614.0,556.0,37.5,False,Pointer Move (unknown)
1785574792.210988,777,362,p02-block-3-trial-6-target-5,614.0,556.0,37.5,False,Pointer Move (unknown)
1785574792.2193532,773,365,p02-block-3-trial-6-target-5,614.0,556.0,37.5,False,Pointer Move (unknown)
1785574792.2279491,769,368,p02-block-3-trial-6-target-5,614.0,556.0,37.5,False,Pointer Move (unknown)
1785574792.235981,765,372,p02-block-3-trial-6-target-5,614.0,556.0,37.5,False,Pointer Move (unknown)
1785574792.2440069,759,378,p02-block-3-trial-6-target-5,614.0,556.0,37.5,False,Pointer Move (unknown)
1785574792.251543,755,383,p02-block-3-trial-6-target-5,614.0,556.0,37.5,False,Pointer Move (unknown)
1785574792.260308,748,390,p02-block-3-trial-6-target-5,614.0,556.0,37.5,False,Pointer Move (unknown)
1785574792.2685928,742,397,p02-block-3-trial-6-target-5,614.0,556.0,37.5,False,Pointer Move (unknown)
1785574792.27586,734,405,p02-block-3-trial-6-target-5,614.0,556.0,37.5,False,Pointer Move (unknown)
1785574792.284826,728,413,p02-block-3-trial-6-target-5,614.0,556.0,37.5,False,Pointer Move (unknown)
1785574792.292605,719,421,p02-block-3-trial-6-target-5,614.0,556.0,37.5,False,Pointer Move (unknown)
1785574792.300908,711,430,p02-block-3-trial-6-target-5,614.0,556.0,37.5,False,Pointer Move (unknown)
1785574792.308799,702,438,p02-block-3-trial-6-target-5,614.0,556.0,37.5,False,Pointer Move (unknown)
1785574792.3168378,699,441,p02-block-3-trial-6-target-5,614.0,556.0,37.5,False,Pointer Move (unknown)
1785574792.324982,692,447,p02-block-3-trial-6-target-5,614.0,556.0,37.5,False,Pointer Move (unknown)
1785574792.333172,688,453,p02-block-3-trial-6-target-5,614.0,556.0,37.5,False,Pointer Move (unknown)
1785574792.341163,684,457,p02-block-3-trial-6-target-5,614.0,556.0,37.5,False,Pointer Move (unknown)
1785574792.3491771,682,459,p02-block-3-trial-6-target-5,614.0,556.0,37.5,False,Pointer Move (unknown)
1785574792.357406,679,461,p02-block-3-trial-6-target-5,614.0,556.0,37.5,False,Pointer Move (unknown)
1785574792.365052,678,462,p02-block-3-trial-6-target-5,614.0,556.0,37.5,False,Pointer Move (unknown)
1785574792.372999,678,464,p02-block-3-trial-6-target-5,614.0,556.0,37.5,False,Pointer Move (unknown)
1785574792.3816059,677,465,p02-block-3-trial-6-target-5,614.0,556.0,37.5,False,Pointer Move (unknown)
1785574792.3905559,677,465,p02-block-3-trial-6-target-5,614.0,556.0,37.5,False,Pointer Move (unknown)
1785574792.3974779,677,466,p02-block-3-trial-6-target-5,614.0,556.0,37.5,False,Pointer Move (unknown)
1785574792.405731,676,466,p02-block-3-trial-6-target-5,614.0,556.0,37.5,False,Pointer Move (unknown)
1785574792.414469,676,467,p02-block-3-trial-6-target-5,614.0,556.0,37.5,False,Pointer Move (unknown)
1785574792.421664,676,468,p02-block-3-trial-6-target-5,614.0,556.0,37.5,False,Pointer Move (unknown)
1785574792.431607,676,470,p02-block-3-trial-6-target-5,614.0,556.0,37.5,False,Pointer Move (unknown)
1785574792.437786,675,471,p02-block-3-trial-6-target-5,614.0,556.0,37.5,False,Pointer Move (unknown)
1785574792.447018,675,472,p02-block-3-trial-6-target-5,614.0,556.0,37.5,False,Pointer Move (unknown)
1785574792.455999,673,474,p02-block-3-trial-6-target-5,614.0,556.0,37.5,False,Pointer Move (unknown)
1785574792.463156,672,476,p02-block-3-trial-6-target-5,614.0,556.0,37.5,False,Pointer Move (unknown)
1785574792.471023,671,478,p02-block-3-trial-6-target-5,614.0,556.0,37.5,False,Pointer Move (unknown)
1785574792.477649,669,481,p02-block-3-trial-6-target-5,614.0,556.0,37.5,False,Pointer Move (unknown)
1785574792.4859571,666,485,p02-block-3-trial-6-target-5,614.0,556.0,37.5,False,Pointer Move (unknown)
1785574792.494275,665,488,p02-block-3-trial-6-target-5,614.0,556.0,37.5,False,Pointer Move (unknown)
1785574792.503104,662,490,p02-block-3-trial-6-target-5,614.0,556.0,37.5,False,Pointer Move (unknown)
1785574792.510973,659,494,p02-block-3-trial-6-target-5,614.0,556.0,37.5,False,Pointer Move (unknown)
1785574792.519134,656,498,p02-block-3-trial-6-target-5,614.0,556.0,37.5,False,Pointer Move (unknown)
1785574792.527078,654,500,p02-block-3-trial-6-target-5,614.0,556.0,37.5,False,Pointer Move (unknown)
1785574792.535022,653,502,p02-block-3-trial-6-target-5,614.0,556.0,37.5,False,Pointer Move (unknown)
1785574792.542748,652,504,p02-block-3-trial-6-target-5,614.0,556.0,37.5,False,Pointer Move (unknown)
1785574792.550821,649,506,p02-block-3-trial-6-target-5,614.0,556.0,37.5,False,Pointer Move (unknown)
1785574792.558474,648,507,p02-block-3-trial-6-target-5,614.0,556.0,37.5,False,Pointer Move (unknown)
1785574792.5665019,647,508,p02-block-3-trial-6-target-5,614.0,556.0,37.5,False,Pointer Move (unknown)
1785574792.57474,645,509,p02-block-3-trial-6-target-5,614.0,556.0,37.5,False,Pointer Move (unknown)
1785574792.583154,644,510,p02-block-3-trial-6-target-5,614.0,556.0,37.5,False,Pointer Move (unknown)
1785574792.591054,643,511,p02-block-3-trial-6-target-5,614.0,556.0,37.5,False,Pointer Move (unknown)
1785574792.599205,641,512,p02-block-3-trial-6-target-5,614.0,556.0,37.5,False,Pointer Move (unknown)
1785574792.606953,640,513,p02-block-3-trial-6-target-5,614.0,556.0,37.5,False,Pointer Move (unknown)
1785574792.6154199,638,515,p02-block-3-trial-6-target-5,614.0,556.0,37.5,False,Pointer Move (unknown)
1785574792.623688,636,516,p02-block-3-trial-6-target-5,614.0,556.0,37.5,False,Pointer Move (unknown)
1785574792.6317708,633,518,p02-block-3-trial-6-target-5,614.0,556.0,37.5,False,Pointer Move (unknown)
1785574792.640525,631,520,p02-block-3-trial-6-target-5,614.0,556.0,37.5,False,Pointer Move (unknown)
1785574792.647968,629,521,p02-block-3-trial-6-target-5,614.0,556.0,37.5,False,Pointer Move (unknown)
1785574792.656564,627,523,p02-block-3-trial-6-target-5,614.0,556.0,37.5,False,Pointer Move (unknown)
1785574792.665004,625,525,p02-block-3-trial-6-target-5,614.0,556.0,37.5,False,Pointer Move (unknown)
1785574792.672341,621,529,p02-block-3-trial-6-target-5,614.0,556.0,37.5,False,Pointer Move (unknown)
1785574792.6810539,614,535,p02-block-3-trial-6-target-5,614.0,556.0,37.5,False,Pointer Move (unknown)
1785574792.6884868,611,537,p02-block-3-trial-6-target-5,614.0,556.0,37.5,False,Pointer Move (unknown)
1785574792.697341,607,543,p02-block-3-trial-6-target-5,614.0,556.0,37.5,False,Pointer Move (unknown)
1785574792.70578,603,547,p02-block-3-trial-6-target-5,614.0,556.0,37.5,False,Pointer Move (unknown)
1785574792.713544,599,551,p02-block-3-trial-6-target-5,614.0,556.0,37.5,False,Pointer Move (unknown)
1785574792.720713,597,553,p02-block-3-trial-6-target-5,614.0,556.0,37.5,False,Pointer Move (unknown)
1785574792.72875,594,556,p02-block-3-trial-6-target-5,614.0,556.0,37.5,False,Pointer Move (unknown)
1785574792.737556,592,557,p02-block-3-trial-6-target-5,614.0,556.0,37.5,False,Pointer Move (unknown)
1785574792.745148,592,558,p02-block-3-trial-6-target-5,614.0,556.0,37.5,False,Pointer Move (unknown)
1785574792.754177,591,558,p02-block-3-trial-6-target-5,614.0,556.0,37.5,False,Pointer Move (unknown)
1785574792.761336,590,559,p02-block-3-trial-6-target-5,614.0,556.0,37.5,False,Pointer Move (unknown)
1785574792.7692218,590,559,p02-block-3-trial-6-target-5,614.0,556.0,37.5,False,Pointer Move (unknown)
1785574792.77778,590,560,p02-block-3-trial-6-target-5,614.0,556.0,37.5,False,Pointer Move (unknown)
1785574792.78555,590,560,p02-block-3-trial-6-target-5,614.0,556.0,37.5,False,Pointer Move (unknown)
1785574792.8364,590,560,p02-block-3-trial-6-target-5,614.0,556.0,37.5,target_selected,target_selected
1785574793.116908,591,559,p02-block-3-trial-7-target-1,826.0,344.0,37.5,False,Pointer Move (unknown)
1785574793.1257842,602,548,p02-block-3-trial-7-target-1,826.0,344.0,37.5,False,Pointer Move (unknown)
1785574793.132619,613,537,p02-block-3-trial-7-target-1,826.0,344.0,37.5,False,Pointer Move (unknown)
1785574793.140985,626,525,p02-block-3-trial-7-target-1,826.0,344.0,37.5,False,Pointer Move (unknown)
1785574793.1485708,656,501,p02-block-3-trial-7-target-1,826.0,344.0,37.5,False,Pointer Move (unknown)
1785574793.157453,669,489,p02-block-3-trial-7-target-1,826.0,344.0,37.5,False,Pointer Move (unknown)
1785574793.1651468,701,467,p02-block-3-trial-7-target-1,826.0,344.0,37.5,False,Pointer Move (unknown)
1785574793.173752,730,442,p02-block-3-trial-7-target-1,826.0,344.0,37.5,False,Pointer Move (unknown)
1785574793.181053,759,420,p02-block-3-trial-7-target-1,826.0,344.0,37.5,False,Pointer Move (unknown)
1785574793.189892,785,397,p02-block-3-trial-7-target-1,826.0,344.0,37.5,False,Pointer Move (unknown)
1785574793.197829,808,380,p02-block-3-trial-7-target-1,826.0,344.0,37.5,False,Pointer Move (unknown)
1785574793.205757,816,374,p02-block-3-trial-7-target-1,826.0,344.0,37.5,False,Pointer Move (unknown)
1785574793.213761,831,364,p02-block-3-trial-7-target-1,826.0,344.0,37.5,False,Pointer Move (unknown)
1785574793.221886,842,355,p02-block-3-trial-7-target-1,826.0,344.0,37.5,False,Pointer Move (unknown)
1785574793.230176,853,345,p02-block-3-trial-7-target-1,826.0,344.0,37.5,False,Pointer Move (unknown)
1785574793.238225,860,340,p02-block-3-trial-7-target-1,826.0,344.0,37.5,False,Pointer Move (unknown)
1785574793.246857,864,337,p02-block-3-trial-7-target-1,826.0,344.0,37.5,False,Pointer Move (unknown)
1785574793.255028,869,332,p02-block-3-trial-7-target-1,826.0,344.0,37.5,False,Pointer Move (unknown)
1785574793.2629461,873,329,p02-block-3-trial-7-target-1,826.0,344.0,37.5,False,Pointer Move (unknown)
1785574793.2716238,877,325,p02-block-3-trial-7-target-1,826.0,344.0,37.5,False,Pointer Move (unknown)
1785574793.2785401,879,324,p02-block-3-trial-7-target-1,826.0,344.0,37.5,False,Pointer Move (unknown)
1785574793.2863529,881,322,p02-block-3-trial-7-target-1,826.0,344.0,37.5,False,Pointer Move (unknown)
1785574793.294518,883,320,p02-block-3-trial-7-target-1,826.0,344.0,37.5,False,Pointer Move (unknown)
1785574793.3029308,885,319,p02-block-3-trial-7-target-1,826.0,344.0,37.5,False,Pointer Move (unknown)
1785574793.310955,887,318,p02-block-3-trial-7-target-1,826.0,344.0,37.5,False,Pointer Move (unknown)
1785574793.319106,888,317,p02-block-3-trial-7-target-1,826.0,344.0,37.5,False,Pointer Move (unknown)
1785574793.327708,888,317,p02-block-3-trial-7-target-1,826.0,344.0,37.5,False,Pointer Move (unknown)
1785574793.335718,888,317,p02-block-3-trial-7-target-1,826.0,344.0,37.5,False,Pointer Move (unknown)
1785574793.343814,889,316,p02-block-3-trial-7-target-1,826.0,344.0,37.5,False,Pointer Move (unknown)
1785574793.351984,889,316,p02-block-3-trial-7-target-1,826.0,344.0,37.5,False,Pointer Move (unknown)
1785574793.3596,889,316,p02-block-3-trial-7-target-1,826.0,344.0,37.5,False,Pointer Move (unknown)
1785574793.367753,890,316,p02-block-3-trial-7-target-1,826.0,344.0,37.5,False,Pointer Move (unknown)
1785574793.375652,890,316,p02-block-3-trial-7-target-1,826.0,344.0,37.5,False,Pointer Move (unknown)
1785574793.449801,890,316,p02-block-3-trial-7-target-1,826.0,344.0,37.5,False,Pointer Move (unknown)
1785574793.457707,889,316,p02-block-3-trial-7-target-1,826.0,344.0,37.5,False,Pointer Move (unknown)
1785574793.465347,887,316,p02-block-3-trial-7-target-1,826.0,344.0,37.5,False,Pointer Move (unknown)
1785574793.472776,886,316,p02-block-3-trial-7-target-1,826.0,344.0,37.5,False,Pointer Move (unknown)
1785574793.482804,884,317,p02-block-3-trial-7-target-1,826.0,344.0,37.5,False,Pointer Move (unknown)
1785574793.4891388,882,318,p02-block-3-trial-7-target-1,826.0,344.0,37.5,False,Pointer Move (unknown)
1785574793.4966102,880,319,p02-block-3-trial-7-target-1,826.0,344.0,37.5,False,Pointer Move (unknown)
1785574793.50462,877,322,p02-block-3-trial-7-target-1,826.0,344.0,37.5,False,Pointer Move (unknown)
1785574793.51284,873,324,p02-block-3-trial-7-target-1,826.0,344.0,37.5,False,Pointer Move (unknown)
1785574793.5208058,869,327,p02-block-3-trial-7-target-1,826.0,344.0,37.5,False,Pointer Move (unknown)
1785574793.5291488,865,329,p02-block-3-trial-7-target-1,826.0,344.0,37.5,False,Pointer Move (unknown)
1785574793.537205,861,330,p02-block-3-trial-7-target-1,826.0,344.0,37.5,False,Pointer Move (unknown)
1785574793.5452192,858,333,p02-block-3-trial-7-target-1,826.0,344.0,37.5,False,Pointer Move (unknown)
1785574793.553306,853,335,p02-block-3-trial-7-target-1,826.0,344.0,37.5,False,Pointer Move (unknown)
1785574793.5616279,851,336,p02-block-3-trial-7-target-1,826.0,344.0,37.5,False,Pointer Move (unknown)
1785574793.569757,848,337,p02-block-3-trial-7-target-1,826.0,344.0,37.5,False,Pointer Move (unknown)
1785574793.577717,844,339,p02-block-3-trial-7-target-1,826.0,344.0,37.5,False,Pointer Move (unknown)
1785574793.586435,842,340,p02-block-3-trial-7-target-1,826.0,344.0,37.5,False,Pointer Move (unknown)
1785574793.594107,839,341,p02-block-3-trial-7-target-1,826.0,344.0,37.5,False,Pointer Move (unknown)
1785574793.603019,837,342,p02-block-3-trial-7-target-1,826.0,344.0,37.5,False,Pointer Move (unknown)
1785574793.610121,836,343,p02-block-3-trial-7-target-1,826.0,344.0,37.5,False,Pointer Move (unknown)
1785574793.618784,834,343,p02-block-3-trial-7-target-1,826.0,344.0,37.5,False,Pointer Move (unknown)
1785574793.627009,833,344,p02-block-3-trial-7-target-1,826.0,344.0,37.5,False,Pointer Move (unknown)
1785574793.635157,833,344,p02-block-3-trial-7-target-1,826.0,344.0,37.5,False,Pointer Move (unknown)
1785574793.6432362,831,345,p02-block-3-trial-7-target-1,826.0,344.0,37.5,False,Pointer Move (unknown)
1785574793.651291,831,345,p02-block-3-trial-7-target-1,826.0,344.0,37.5,False,Pointer Move (unknown)
1785574793.6586611,831,345,p02-block-3-trial-7-target-1,826.0,344.0,37.5,False,Pointer Move (unknown)
1785574793.667464,831,346,p02-block-3-trial-7-target-1,826.0,344.0,37.5,False,Pointer Move (unknown)
1785574793.6748302,830,346,p02-block-3-trial-7-target-1,826.0,344.0,37.5,False,Pointer Move (unknown)
1785574793.6847181,830,346,p02-block-3-trial-7-target-1,826.0,344.0,37.5,False,Pointer Move (unknown)
1785574793.699789,830,346,p02-block-3-trial-7-target-1,826.0,344.0,37.5,False,Pointer Move (unknown)
1785574793.72497,829,346,p02-block-3-trial-7-target-1,826.0,344.0,37.5,False,Pointer Move (unknown)
1785574793.755007,829,346,p02-block-3-trial-7-target-1,826.0,344.0,37.5,target_selected,target_selected
1785574793.976021,829,346,p02-block-3-trial-8-target-5,614.0,556.0,37.5,False,Pointer Move (unknown)
1785574793.983583,829,348,p02-block-3-trial-8-target-5,614.0,556.0,37.5,False,Pointer Move (unknown)
1785574793.9910378,826,352,p02-block-3-trial-8-target-5,614.0,556.0,37.5,False,Pointer Move (unknown)
1785574793.998741,821,360,p02-block-3-trial-8-target-5,614.0,556.0,37.5,False,Pointer Move (unknown)
1785574794.007375,805,380,p02-block-3-trial-8-target-5,614.0,556.0,37.5,False,Pointer Move (unknown)
1785574794.014944,790,394,p02-block-3-trial-8-target-5,614.0,556.0,37.5,False,Pointer Move (unknown)
1785574794.022542,785,404,p02-block-3-trial-8-target-5,614.0,556.0,37.5,False,Pointer Move (unknown)
1785574794.030784,767,422,p02-block-3-trial-8-target-5,614.0,556.0,37.5,False,Pointer Move (unknown)
1785574794.039344,752,437,p02-block-3-trial-8-target-5,614.0,556.0,37.5,False,Pointer Move (unknown)
1785574794.046703,741,448,p02-block-3-trial-8-target-5,614.0,556.0,37.5,False,Pointer Move (unknown)
1785574794.055705,731,461,p02-block-3-trial-8-target-5,614.0,556.0,37.5,False,Pointer Move (unknown)
1785574794.0642612,720,470,p02-block-3-trial-8-target-5,614.0,556.0,37.5,False,Pointer Move (unknown)
1785574794.0712261,716,474,p02-block-3-trial-8-target-5,614.0,556.0,37.5,False,Pointer Move (unknown)
1785574794.080369,709,480,p02-block-3-trial-8-target-5,614.0,556.0,37.5,False,Pointer Move (unknown)
1785574794.087255,701,487,p02-block-3-trial-8-target-5,614.0,556.0,37.5,False,Pointer Move (unknown)
1785574794.094871,697,491,p02-block-3-trial-8-target-5,614.0,556.0,37.5,False,Pointer Move (unknown)
1785574794.103443,690,496,p02-block-3-trial-8-target-5,614.0,556.0,37.5,False,Pointer Move (unknown)
1785574794.1116312,688,497,p02-block-3-trial-8-target-5,614.0,556.0,37.5,False,Pointer Move (unknown)
1785574794.1195579,682,501,p02-block-3-trial-8-target-5,614.0,556.0,37.5,False,Pointer Move (unknown)
1785574794.127462,679,503,p02-block-3-trial-8-target-5,614.0,556.0,37.5,False,Pointer Move (unknown)
1785574794.135563,677,504,p02-block-3-trial-8-target-5,614.0,556.0,37.5,False,Pointer Move (unknown)
1785574794.143845,674,506,p02-block-3-trial-8-target-5,614.0,556.0,37.5,False,Pointer Move (unknown)
1785574794.152071,671,507,p02-block-3-trial-8-target-5,614.0,556.0,37.5,False,Pointer Move (unknown)
1785574794.1639922,667,509,p02-block-3-trial-8-target-5,614.0,556.0,37.5,False,Pointer Move (unknown)
1785574794.16818,664,511,p02-block-3-trial-8-target-5,614.0,556.0,37.5,False,Pointer Move (unknown)
1785574794.176476,662,512,p02-block-3-trial-8-target-5,614.0,556.0,37.5,False,Pointer Move (unknown)
1785574794.18396,659,513,p02-block-3-trial-8-target-5,614.0,556.0,37.5,False,Pointer Move (unknown)
1785574794.192597,656,514,p02-block-3-trial-8-target-5,614.0,556.0,37.5,False,Pointer Move (unknown)
1785574794.201223,654,514,p02-block-3-trial-8-target-5,614.0,556.0,37.5,False,Pointer Move (unknown)
1785574794.20834,652,515,p02-block-3-trial-8-target-5,614.0,556.0,37.5,False,Pointer Move (unknown)
1785574794.216321,650,515,p02-block-3-trial-8-target-5,614.0,556.0,37.5,False,Pointer Move (unknown)
1785574794.2250571,648,516,p02-block-3-trial-8-target-5,614.0,556.0,37.5,False,Pointer Move (unknown)
1785574794.232476,646,516,p02-block-3-trial-8-target-5,614.0,556.0,37.5,False,Pointer Move (unknown)
1785574794.240831,645,516,p02-block-3-trial-8-target-5,614.0,556.0,37.5,False,Pointer Move (unknown)
1785574794.2488341,643,516,p02-block-3-trial-8-target-5,614.0,556.0,37.5,False,Pointer Move (unknown)
1785574794.256948,642,516,p02-block-3-trial-8-target-5,614.0,556.0,37.5,False,Pointer Move (unknown)
1785574794.264825,642,516,p02-block-3-trial-8-target-5,614.0,556.0,37.5,False,Pointer Move (unknown)
1785574794.273438,642,516,p02-block-3-trial-8-target-5,614.0,556.0,37.5,False,Pointer Move (unknown)
1785574794.281343,641,516,p02-block-3-trial-8-target-5,614.0,556.0,37.5,False,Pointer Move (unknown)
1785574794.28962,641,516,p02-block-3-trial-8-target-5,614.0,556.0,37.5,False,Pointer Move (unknown)
1785574794.305841,641,516,p02-block-3-trial-8-target-5,614.0,556.0,37.5,False,Pointer Move (unknown)
1785574794.322409,640,516,p02-block-3-trial-8-target-5,614.0,556.0,37.5,False,Pointer Move (unknown)
1785574794.330197,640,516,p02-block-3-trial-8-target-5,614.0,556.0,37.5,False,Pointer Move (unknown)
1785574794.3375099,640,516,p02-block-3-trial-8-target-5,614.0,556.0,37.5,False,Pointer Move (unknown)
1785574794.3459709,640,517,p02-block-3-trial-8-target-5,614.0,556.0,37.5,False,Pointer Move (unknown)
1785574794.354056,639,517,p02-block-3-trial-8-target-5,614.0,556.0,37.5,False,Pointer Move (unknown)
1785574794.362257,638,518,p02-block-3-trial-8-target-5,614.0,556.0,37.5,False,Pointer Move (unknown)
1785574794.37011,638,519,p02-block-3-trial-8-target-5,614.0,556.0,37.5,False,Pointer Move (unknown)
1785574794.3785841,637,520,p02-block-3-trial-8-target-5,614.0,556.0,37.5,False,Pointer Move (unknown)
1785574794.386778,636,521,p02-block-3-trial-8-target-5,614.0,556.0,37.5,False,Pointer Move (unknown)
1785574794.395087,635,522,p02-block-3-trial-8-target-5,614.0,556.0,37.5,False,Pointer Move (unknown)
1785574794.403393,634,523,p02-block-3-trial-8-target-5,614.0,556.0,37.5,False,Pointer Move (unknown)
1785574794.410772,633,523,p02-block-3-trial-8-target-5,614.0,556.0,37.5,False,Pointer Move (unknown)
1785574794.418442,632,525,p02-block-3-trial-8-target-5,614.0,556.0,37.5,False,Pointer Move (unknown)
1785574794.426732,632,526,p02-block-3-trial-8-target-5,614.0,556.0,37.5,False,Pointer Move (unknown)
1785574794.434766,631,527,p02-block-3-trial-8-target-5,614.0,556.0,37.5,False,Pointer Move (unknown)
1785574794.443035,630,528,p02-block-3-trial-8-target-5,614.0,556.0,37.5,False,Pointer Move (unknown)
1785574794.450964,629,528,p02-block-3-trial-8-target-5,614.0,556.0,37.5,False,Pointer Move (unknown)
1785574794.459052,628,529,p02-block-3-trial-8-target-5,614.0,556.0,37.5,False,Pointer Move (unknown)
1785574794.467393,627,530,p02-block-3-trial-8-target-5,614.0,556.0,37.5,False,Pointer Move (unknown)
1785574794.47563,626,531,p02-block-3-trial-8-target-5,614.0,556.0,37.5,False,Pointer Move (unknown)
1785574794.483713,625,532,p02-block-3-trial-8-target-5,614.0,556.0,37.5,False,Pointer Move (unknown)
1785574794.4923,624,533,p02-block-3-trial-8-target-5,614.0,556.0,37.5,False,Pointer Move (unknown)
1785574794.5004318,624,534,p02-block-3-trial-8-target-5,614.0,556.0,37.5,False,Pointer Move (unknown)
1785574794.508481,623,535,p02-block-3-trial-8-target-5,614.0,556.0,37.5,False,Pointer Move (unknown)
1785574794.516163,622,536,p02-block-3-trial-8-target-5,614.0,556.0,37.5,False,Pointer Move (unknown)
1785574794.5247722,622,536,p02-block-3-trial-8-target-5,614.0,556.0,37.5,False,Pointer Move (unknown)
1785574794.5327091,621,536,p02-block-3-trial-8-target-5,614.0,556.0,37.5,False,Pointer Move (unknown)
1785574794.540844,621,537,p02-block-3-trial-8-target-5,614.0,556.0,37.5,False,Pointer Move (unknown)
1785574794.549005,621,537,p02-block-3-trial-8-target-5,614.0,556.0,37.5,False,Pointer Move (unknown)
1785574794.557014,621,537,p02-block-3-trial-8-target-5,614.0,556.0,37.5,False,Pointer Move (unknown)
1785574794.564197,621,538,p02-block-3-trial-8-target-5,614.0,556.0,37.5,False,Pointer Move (unknown)
1785574794.572331,620,538,p02-block-3-trial-8-target-5,614.0,556.0,37.5,False,Pointer Move (unknown)
1785574794.60214,620,538,p02-block-3-trial-8-target-5,614.0,556.0,37.5,target_selected,target_selected
1785574794.618807,620,538,p02-block-3-trial-9-target-1,826.0,344.0,37.5,False,Pointer Move (unknown)
1785574794.937846,620,538,p02-block-3-trial-9-target-1,826.0,344.0,37.5,False,Pointer Move (unknown)
1785574794.9447,623,533,p02-block-3-trial-9-target-1,826.0,344.0,37.5,False,Pointer Move (unknown)
1785574794.952259,629,526,p02-block-3-trial-9-target-1,826.0,344.0,37.5,False,Pointer Move (unknown)
1785574794.9604878,638,517,p02-block-3-trial-9-target-1,826.0,344.0,37.5,False,Pointer Move (unknown)
1785574794.968767,645,511,p02-block-3-trial-9-target-1,826.0,344.0,37.5,False,Pointer Move (unknown)
1785574794.976754,651,501,p02-block-3-trial-9-target-1,826.0,344.0,37.5,False,Pointer Move (unknown)
1785574794.985313,667,483,p02-block-3-trial-9-target-1,826.0,344.0,37.5,False,Pointer Move (unknown)
1785574794.992769,682,465,p02-block-3-trial-9-target-1,826.0,344.0,37.5,False,Pointer Move (unknown)
1785574795.0011892,698,447,p02-block-3-trial-9-target-1,826.0,344.0,37.5,False,Pointer Move (unknown)
1785574795.009351,714,430,p02-block-3-trial-9-target-1,826.0,344.0,37.5,False,Pointer Move (unknown)
1785574795.0172129,727,413,p02-block-3-trial-9-target-1,826.0,344.0,37.5,False,Pointer Move (unknown)
1785574795.024856,742,398,p02-block-3-trial-9-target-1,826.0,344.0,37.5,False,Pointer Move (unknown)
1785574795.033403,754,385,p02-block-3-trial-9-target-1,826.0,344.0,37.5,False,Pointer Move (unknown)
1785574795.042181,767,373,p02-block-3-trial-9-target-1,826.0,344.0,37.5,False,Pointer Move (unknown)
1785574795.0499232,778,362,p02-block-3-trial-9-target-1,826.0,344.0,37.5,False,Pointer Move (unknown)
1785574795.057376,789,353,p02-block-3-trial-9-target-1,826.0,344.0,37.5,False,Pointer Move (unknown)
1785574795.066234,798,342,p02-block-3-trial-9-target-1,826.0,344.0,37.5,False,Pointer Move (unknown)
1785574795.075217,802,339,p02-block-3-trial-9-target-1,826.0,344.0,37.5,False,Pointer Move (unknown)
1785574795.0827131,810,331,p02-block-3-trial-9-target-1,826.0,344.0,37.5,False,Pointer Move (unknown)
1785574795.090373,817,324,p02-block-3-trial-9-target-1,826.0,344.0,37.5,False,Pointer Move (unknown)
1785574795.0979671,823,318,p02-block-3-trial-9-target-1,826.0,344.0,37.5,False,Pointer Move (unknown)
1785574795.106352,828,314,p02-block-3-trial-9-target-1,826.0,344.0,37.5,False,Pointer Move (unknown)
1785574795.113697,833,308,p02-block-3-trial-9-target-1,826.0,344.0,37.5,False,Pointer Move (unknown)
1785574795.122335,837,304,p02-block-3-trial-9-target-1,826.0,344.0,37.5,False,Pointer Move (unknown)
1785574795.130311,840,302,p02-block-3-trial-9-target-1,826.0,344.0,37.5,False,Pointer Move (unknown)
1785574795.138666,844,298,p02-block-3-trial-9-target-1,826.0,344.0,37.5,False,Pointer Move (unknown)
1785574795.146799,848,295,p02-block-3-trial-9-target-1,826.0,344.0,37.5,False,Pointer Move (unknown)
1785574795.154901,851,292,p02-block-3-trial-9-target-1,826.0,344.0,37.5,False,Pointer Move (unknown)
1785574795.163775,854,291,p02-block-3-trial-9-target-1,826.0,344.0,37.5,False,Pointer Move (unknown)
1785574795.172072,856,288,p02-block-3-trial-9-target-1,826.0,344.0,37.5,False,Pointer Move (unknown)
1785574795.180164,859,287,p02-block-3-trial-9-target-1,826.0,344.0,37.5,False,Pointer Move (unknown)
1785574795.188779,863,284,p02-block-3-trial-9-target-1,826.0,344.0,37.5,False,Pointer Move (unknown)
1785574795.195458,865,282,p02-block-3-trial-9-target-1,826.0,344.0,37.5,False,Pointer Move (unknown)
1785574795.2029371,869,280,p02-block-3-trial-9-target-1,826.0,344.0,37.5,False,Pointer Move (unknown)
1785574795.2110531,872,278,p02-block-3-trial-9-target-1,826.0,344.0,37.5,False,Pointer Move (unknown)
1785574795.2193122,876,275,p02-block-3-trial-9-target-1,826.0,344.0,37.5,False,Pointer Move (unknown)
1785574795.227372,879,273,p02-block-3-trial-9-target-1,826.0,344.0,37.5,False,Pointer Move (unknown)
1785574795.235171,882,271,p02-block-3-trial-9-target-1,826.0,344.0,37.5,False,Pointer Move (unknown)
1785574795.243306,884,269,p02-block-3-trial-9-target-1,826.0,344.0,37.5,False,Pointer Move (unknown)
1785574795.251746,886,267,p02-block-3-trial-9-target-1,826.0,344.0,37.5,False,Pointer Move (unknown)
1785574795.2598,888,266,p02-block-3-trial-9-target-1,826.0,344.0,37.5,False,Pointer Move (unknown)
1785574795.26779,890,264,p02-block-3-trial-9-target-1,826.0,344.0,37.5,False,Pointer Move (unknown)
1785574795.275787,890,263,p02-block-3-trial-9-target-1,826.0,344.0,37.5,False,Pointer Move (unknown)
1785574795.283833,891,262,p02-block-3-trial-9-target-1,826.0,344.0,37.5,False,Pointer Move (unknown)
1785574795.2923179,892,261,p02-block-3-trial-9-target-1,826.0,344.0,37.5,False,Pointer Move (unknown)
1785574795.300591,892,260,p02-block-3-trial-9-target-1,826.0,344.0,37.5,False,Pointer Move (unknown)
1785574795.308301,893,260,p02-block-3-trial-9-target-1,826.0,344.0,37.5,False,Pointer Move (unknown)
1785574795.316886,893,260,p02-block-3-trial-9-target-1,826.0,344.0,37.5,False,Pointer Move (unknown)
1785574795.324957,893,260,p02-block-3-trial-9-target-1,826.0,344.0,37.5,False,Pointer Move (unknown)
1785574795.3332758,893,259,p02-block-3-trial-9-target-1,826.0,344.0,37.5,False,Pointer Move (unknown)
1785574795.3738189,893,259,p02-block-3-trial-9-target-1,826.0,344.0,37.5,False,Pointer Move (unknown)
1785574795.3817432,892,263,p02-block-3-trial-9-target-1,826.0,344.0,37.5,False,Pointer Move (unknown)
1785574795.389937,887,268,p02-block-3-trial-9-target-1,826.0,344.0,37.5,False,Pointer Move (unknown)
1785574795.3977,881,274,p02-block-3-trial-9-target-1,826.0,344.0,37.5,False,Pointer Move (unknown)
1785574795.405202,873,283,p02-block-3-trial-9-target-1,826.0,344.0,37.5,False,Pointer Move (unknown)
1785574795.413365,862,294,p02-block-3-trial-9-target-1,826.0,344.0,37.5,False,Pointer Move (unknown)
1785574795.421289,847,308,p02-block-3-trial-9-target-1,826.0,344.0,37.5,False,Pointer Move (unknown)
1785574795.4293718,832,323,p02-block-3-trial-9-target-1,826.0,344.0,37.5,False,Pointer Move (unknown)
1785574795.437692,822,334,p02-block-3-trial-9-target-1,826.0,344.0,37.5,False,Pointer Move (unknown)
1785574795.445548,817,339,p02-block-3-trial-9-target-1,826.0,344.0,37.5,False,Pointer Move (unknown)
1785574795.453821,809,348,p02-block-3-trial-9-target-1,826.0,344.0,37.5,False,Pointer Move (unknown)
1785574795.461817,803,355,p02-block-3-trial-9-target-1,826.0,344.0,37.5,False,Pointer Move (unknown)
1785574795.470214,796,362,p02-block-3-trial-9-target-1,826.0,344.0,37.5,False,Pointer Move (unknown)
1785574795.478326,792,365,p02-block-3-trial-9-target-1,826.0,344.0,37.5,False,Pointer Move (unknown)
1785574795.4865541,791,367,p02-block-3-trial-9-target-1,826.0,344.0,37.5,False,Pointer Move (unknown)
1785574795.4952471,789,370,p02-block-3-trial-9-target-1,826.0,344.0,37.5,False,Pointer Move (unknown)
1785574795.503167,788,370,p02-block-3-trial-9-target-1,826.0,344.0,37.5,False,Pointer Move (unknown)
1785574795.511394,788,371,p02-block-3-trial-9-target-1,826.0,344.0,37.5,False,Pointer Move (unknown)
1785574795.5197818,787,371,p02-block-3-trial-9-target-1,826.0,344.0,37.5,False,Pointer Move (unknown)
1785574795.5274198,787,371,p02-block-3-trial-9-target-1,826.0,344.0,37.5,False,Pointer Move (unknown)
1785574795.534629,787,371,p02-block-3-trial-9-target-1,826.0,344.0,37.5,False,Pointer Move (unknown)
1785574795.576797,787,371,p02-block-3-trial-9-target-1,826.0,344.0,37.5,False,Pointer Move (unknown)
1785574795.583266,787,370,p02-block-3-trial-9-target-1,826.0,344.0,37.5,False,Pointer Move (unknown)
1785574795.591469,787,369,p02-block-3-trial-9-target-1,826.0,344.0,37.5,False,Pointer Move (unknown)
1785574795.6000252,787,369,p02-block-3-trial-9-target-1,826.0,344.0,37.5,False,Pointer Move (unknown)
1785574795.607889,787,368,p02-block-3-trial-9-target-1,826.0,344.0,37.5,False,Pointer Move (unknown)
1785574795.615948,787,366,p02-block-3-trial-9-target-1,826.0,344.0,37.5,False,Pointer Move (unknown)
1785574795.6244962,787,366,p02-block-3-trial-9-target-1,826.0,344.0,37.5,False,Pointer Move (unknown)
1785574795.6325629,788,365,p02-block-3-trial-9-target-1,826.0,344.0,37.5,False,Pointer Move (unknown)
1785574795.640713,788,364,p02-block-3-trial-9-target-1,826.0,344.0,37.5,False,Pointer Move (unknown)
1785574795.6486442,789,364,p02-block-3-trial-9-target-1,826.0,344.0,37.5,False,Pointer Move (unknown)
1785574795.656669,789,363,p02-block-3-trial-9-target-1,826.0,344.0,37.5,False,Pointer Move (unknown)
1785574795.664217,789,362,p02-block-3-trial-9-target-1,826.0,344.0,37.5,False,Pointer Move (unknown)
1785574795.6721752,790,362,p02-block-3-trial-9-target-1,826.0,344.0,37.5,False,Pointer Move (unknown)
1785574795.6801631,790,361,p02-block-3-trial-9-target-1,826.0,344.0,37.5,False,Pointer Move (unknown)
1785574795.688492,791,360,p02-block-3-trial-9-target-1,826.0,344.0,37.5,False,Pointer Move (unknown)
1785574795.696382,791,360,p02-block-3-trial-9-target-1,826.0,344.0,37.5,False,Pointer Move (unknown)
1785574795.704462,791,360,p02-block-3-trial-9-target-1,826.0,344.0,37.5,False,Pointer Move (unknown)
1785574795.7124748,792,359,p02-block-3-trial-9-target-1,826.0,344.0,37.5,False,Pointer Move (unknown)
1785574795.720844,792,359,p02-block-3-trial-9-target-1,826.0,344.0,37.5,False,Pointer Move (unknown)
1785574795.729035,792,358,p02-block-3-trial-9-target-1,826.0,344.0,37.5,False,Pointer Move (unknown)
1785574795.737118,793,358,p02-block-3-trial-9-target-1,826.0,344.0,37.5,False,Pointer Move (unknown)
1785574795.746346,793,358,p02-block-3-trial-9-target-1,826.0,344.0,37.5,False,Pointer Move (unknown)
1785574795.7547278,793,358,p02-block-3-trial-9-target-1,826.0,344.0,37.5,False,Pointer Move (unknown)
1785574795.761987,794,358,p02-block-3-trial-9-target-1,826.0,344.0,37.5,False,Pointer Move (unknown)
1785574795.769757,794,357,p02-block-3-trial-9-target-1,826.0,344.0,37.5,False,Pointer Move (unknown)
1785574795.777483,794,357,p02-block-3-trial-9-target-1,826.0,344.0,37.5,False,Pointer Move (unknown)
1785574795.78528,795,357,p02-block-3-trial-9-target-1,826.0,344.0,37.5,False,Pointer Move (unknown)
1785574795.7932029,795,357,p02-block-3-trial-9-target-1,826.0,344.0,37.5,False,Pointer Move (unknown)
1785574795.8012888,795,357,p02-block-3-trial-9-target-1,826.0,344.0,37.5,False,Pointer Move (unknown)
1785574795.809643,795,356,p02-block-3-trial-9-target-1,826.0,344.0,37.5,False,Pointer Move (unknown)
1785574795.8176079,795,356,p02-block-3-trial-9-target-1,826.0,344.0,37.5,False,Pointer Move (unknown)
1785574795.832507,795,356,p02-block-3-trial-9-target-1,826.0,344.0,37.5,False,Pointer Move (unknown)
1785574795.833049,796,356,p02-block-3-trial-9-target-1,826.0,344.0,37.5,False,Pointer Move (unknown)
1785574795.841342,796,355,p02-block-3-trial-9-target-1,826.0,344.0,37.5,False,Pointer Move (unknown)
1785574795.858573,796,355,p02-block-3-trial-9-target-1,826.0,344.0,37.5,False,Pointer Move (unknown)
1785574795.8661592,796,355,p02-block-3-trial-9-target-1,826.0,344.0,37.5,False,Pointer Move (unknown)
1785574795.874367,797,355,p02-block-3-trial-9-target-1,826.0,344.0,37.5,False,Pointer Move (unknown)
1785574795.883432,797,355,p02-block-3-trial-9-target-1,826.0,344.0,37.5,False,Pointer Move (unknown)
1785574795.890453,797,355,p02-block-3-trial-9-target-1,826.0,344.0,37.5,False,Pointer Move (unknown)
1785574795.898407,797,355,p02-block-3-trial-9-target-1,826.0,344.0,37.5,False,Pointer Move (unknown)
1785574795.907142,798,354,p02-block-3-trial-9-target-1,826.0,344.0,37.5,False,Pointer Move (unknown)
1785574795.915305,798,354,p02-block-3-trial-9-target-1,826.0,344.0,37.5,False,Pointer Move (unknown)
1785574795.9233768,799,354,p02-block-3-trial-9-target-1,826.0,344.0,37.5,False,Pointer Move (unknown)
1785574795.930728,799,353,p02-block-3-trial-9-target-1,826.0,344.0,37.5,False,Pointer Move (unknown)
1785574795.939199,799,353,p02-block-3-trial-9-target-1,826.0,344.0,37.5,False,Pointer Move (unknown)
1785574795.94718,800,352,p02-block-3-trial-9-target-1,826.0,344.0,37.5,False,Pointer Move (unknown)
1785574795.95513,800,352,p02-block-3-trial-9-target-1,826.0,344.0,37.5,False,Pointer Move (unknown)
1785574795.963369,801,351,p02-block-3-trial-9-target-1,826.0,344.0,37.5,False,Pointer Move (unknown)
1785574795.971903,802,351,p02-block-3-trial-9-target-1,826.0,344.0,37.5,False,Pointer Move (unknown)
1785574795.97939,803,350,p02-block-3-trial-9-target-1,826.0,344.0,37.5,False,Pointer Move (unknown)
1785574795.987402,804,349,p02-block-3-trial-9-target-1,826.0,344.0,37.5,False,Pointer Move (unknown)
1785574795.995751,805,349,p02-block-3-trial-9-target-1,826.0,344.0,37.5,False,Pointer Move (unknown)
1785574796.003893,805,349,p02-block-3-trial-9-target-1,826.0,344.0,37.5,False,Pointer Move (unknown)
1785574796.012021,806,348,p02-block-3-trial-9-target-1,826.0,344.0,37.5,False,Pointer Move (unknown)
1785574796.0360231,806,348,p02-block-3-trial-9-target-1,826.0,344.0,37.5,target_selected,target_selected
1785574796.052096,806,348,p02-block-3-trial-10-target-5,614.0,556.0,37.5,False,Pointer Move (unknown)
1785574796.707495,807,348,p02-block-3-trial-10-target-5,614.0,556.0,37.5,False,Pointer Move (unknown)
1785574796.715428,807,348,p02-block-3-trial-10-target-5,614.0,556.0,37.5,False,Pointer Move (unknown)
1785574796.7313879,807,348,p02-block-3-trial-10-target-5,614.0,556.0,37.5,False,Pointer Move (unknown)
1785574796.755755,808,348,p02-block-3-trial-10-target-5,614.0,556.0,37.5,False,Pointer Move (unknown)
1785574796.853656,808,348,p02-block-3-trial-10-target-5,614.0,556.0,37.5,False,Pointer Move (unknown)
1785574796.861035,808,349,p02-block-3-trial-10-target-5,614.0,556.0,37.5,False,Pointer Move (unknown)
1785574796.869884,808,349,p02-block-3-trial-10-target-5,614.0,556.0,37.5,False,Pointer Move (unknown)
1785574796.877113,808,349,p02-block-3-trial-10-target-5,614.0,556.0,37.5,False,Pointer Move (unknown)
1785574796.885213,808,350,p02-block-3-trial-10-target-5,614.0,556.0,37.5,False,Pointer Move (unknown)
1785574796.893575,808,350,p02-block-3-trial-10-target-5,614.0,556.0,37.5,False,Pointer Move (unknown)
1785574796.901335,808,350,p02-block-3-trial-10-target-5,614.0,556.0,37.5,False,Pointer Move (unknown)
1785574796.909676,808,351,p02-block-3-trial-10-target-5,614.0,556.0,37.5,False,Pointer Move (unknown)
1785574796.917619,808,351,p02-block-3-trial-10-target-5,614.0,556.0,37.5,False,Pointer Move (unknown)
1785574796.9255948,808,352,p02-block-3-trial-10-target-5,614.0,556.0,37.5,False,Pointer Move (unknown)
1785574796.933748,808,352,p02-block-3-trial-10-target-5,614.0,556.0,37.5,False,Pointer Move (unknown)
1785574796.941948,808,352,p02-block-3-trial-10-target-5,614.0,556.0,37.5,False,Pointer Move (unknown)
1785574796.949769,808,353,p02-block-3-trial-10-target-5,614.0,556.0,37.5,False,Pointer Move (unknown)
1785574796.9580648,808,353,p02-block-3-trial-10-target-5,614.0,556.0,37.5,False,Pointer Move (unknown)
1785574796.965792,808,353,p02-block-3-trial-10-target-5,614.0,556.0,37.5,False,Pointer Move (unknown)
1785574796.97383,808,354,p02-block-3-trial-10-target-5,614.0,556.0,37.5,False,Pointer Move (unknown)
1785574796.981838,808,354,p02-block-3-trial-10-target-5,614.0,556.0,37.5,False,Pointer Move (unknown)
1785574796.991031,808,355,p02-block-3-trial-10-target-5,614.0,556.0,37.5,False,Pointer Move (unknown)
1785574796.9980538,808,355,p02-block-3-trial-10-target-5,614.0,556.0,37.5,False,Pointer Move (unknown)
1785574797.006114,808,356,p02-block-3-trial-10-target-5,614.0,556.0,37.5,False,Pointer Move (unknown)
1785574797.0140889,808,356,p02-block-3-trial-10-target-5,614.0,556.0,37.5,False,Pointer Move (unknown)
1785574797.022636,808,357,p02-block-3-trial-10-target-5,614.0,556.0,37.5,False,Pointer Move (unknown)
1785574797.0307431,808,359,p02-block-3-trial-10-target-5,614.0,556.0,37.5,False,Pointer Move (unknown)
1785574797.038592,808,360,p02-block-3-trial-10-target-5,614.0,556.0,37.5,False,Pointer Move (unknown)
1785574797.0467541,808,361,p02-block-3-trial-10-target-5,614.0,556.0,37.5,False,Pointer Move (unknown)
1785574797.055066,808,362,p02-block-3-trial-10-target-5,614.0,556.0,37.5,False,Pointer Move (unknown)
1785574797.0626502,807,363,p02-block-3-trial-10-target-5,614.0,556.0,37.5,False,Pointer Move (unknown)
1785574797.070982,806,364,p02-block-3-trial-10-target-5,614.0,556.0,37.5,False,Pointer Move (unknown)
1785574797.079054,805,365,p02-block-3-trial-10-target-5,614.0,556.0,37.5,False,Pointer Move (unknown)
1785574797.087261,805,366,p02-block-3-trial-10-target-5,614.0,556.0,37.5,False,Pointer Move (unknown)
1785574797.095333,804,367,p02-block-3-trial-10-target-5,614.0,556.0,37.5,False,Pointer Move (unknown)
1785574797.1034722,800,371,p02-block-3-trial-10-target-5,614.0,556.0,37.5,False,Pointer Move (unknown)
1785574797.111378,798,373,p02-block-3-trial-10-target-5,614.0,556.0,37.5,False,Pointer Move (unknown)
1785574797.1195362,793,379,p02-block-3-trial-10-target-5,614.0,556.0,37.5,False,Pointer Move (unknown)
1785574797.1278028,789,383,p02-block-3-trial-10-target-5,614.0,556.0,37.5,False,Pointer Move (unknown)
1785574797.135492,785,386,p02-block-3-trial-10-target-5,614.0,556.0,37.5,False,Pointer Move (unknown)
1785574797.1439948,775,396,p02-block-3-trial-10-target-5,614.0,556.0,37.5,False,Pointer Move (unknown)
1785574797.164816,761,408,p02-block-3-trial-10-target-5,614.0,556.0,37.5,False,Pointer Move (unknown)
1785574797.168067,751,415,p02-block-3-trial-10-target-5,614.0,556.0,37.5,False,Pointer Move (unknown)
1785574797.1766772,743,423,p02-block-3-trial-10-target-5,614.0,556.0,37.5,False,Pointer Move (unknown)
1785574797.184675,733,430,p02-block-3-trial-10-target-5,614.0,556.0,37.5,False,Pointer Move (unknown)
1785574797.1927009,723,437,p02-block-3-trial-10-target-5,614.0,556.0,37.5,False,Pointer Move (unknown)
1785574797.2008681,713,444,p02-block-3-trial-10-target-5,614.0,556.0,37.5,False,Pointer Move (unknown)
1785574797.208742,710,447,p02-block-3-trial-10-target-5,614.0,556.0,37.5,False,Pointer Move (unknown)
1785574797.216865,702,454,p02-block-3-trial-10-target-5,614.0,556.0,37.5,False,Pointer Move (unknown)
1785574797.224915,695,459,p02-block-3-trial-10-target-5,614.0,556.0,37.5,False,Pointer Move (unknown)
1785574797.232933,687,464,p02-block-3-trial-10-target-5,614.0,556.0,37.5,False,Pointer Move (unknown)
1785574797.241039,682,466,p02-block-3-trial-10-target-5,614.0,556.0,37.5,False,Pointer Move (unknown)
1785574797.24904,677,469,p02-block-3-trial-10-target-5,614.0,556.0,37.5,False,Pointer Move (unknown)
1785574797.256955,674,471,p02-block-3-trial-10-target-5,614.0,556.0,37.5,False,Pointer Move (unknown)
1785574797.265163,671,473,p02-block-3-trial-10-target-5,614.0,556.0,37.5,False,Pointer Move (unknown)
1785574797.273531,669,474,p02-block-3-trial-10-target-5,614.0,556.0,37.5,False,Pointer Move (unknown)
1785574797.2832918,667,475,p02-block-3-trial-10-target-5,614.0,556.0,37.5,False,Pointer Move (unknown)
1785574797.289654,665,475,p02-block-3-trial-10-target-5,614.0,556.0,37.5,False,Pointer Move (unknown)
1785574797.2976298,664,476,p02-block-3-trial-10-target-5,614.0,556.0,37.5,False,Pointer Move (unknown)
1785574797.305706,663,476,p02-block-3-trial-10-target-5,614.0,556.0,37.5,False,Pointer Move (unknown)
1785574797.313824,662,476,p02-block-3-trial-10-target-5,614.0,556.0,37.5,False,Pointer Move (unknown)
1785574797.321768,661,476,p02-block-3-trial-10-target-5,614.0,556.0,37.5,False,Pointer Move (unknown)
1785574797.329791,660,476,p02-block-3-trial-10-target-5,614.0,556.0,37.5,False,Pointer Move (unknown)
1785574797.339254,659,476,p02-block-3-trial-10-target-5,614.0,556.0,37.5,False,Pointer Move (unknown)
1785574797.346336,659,476,p02-block-3-trial-10-target-5,614.0,556.0,37.5,False,Pointer Move (unknown)
1785574797.35449,659,476,p02-block-3-trial-10-target-5,614.0,556.0,37.5,False,Pointer Move (unknown)
1785574797.362575,657,476,p02-block-3-trial-10-target-5,614.0,556.0,37.5,False,Pointer Move (unknown)
1785574797.371263,657,476,p02-block-3-trial-10-target-5,614.0,556.0,37.5,False,Pointer Move (unknown)
1785574797.378724,657,476,p02-block-3-trial-10-target-5,614.0,556.0,37.5,False,Pointer Move (unknown)
1785574797.386658,656,476,p02-block-3-trial-10-target-5,614.0,556.0,37.5,False,Pointer Move (unknown)
1785574797.394987,656,476,p02-block-3-trial-10-target-5,614.0,556.0,37.5,False,Pointer Move (unknown)
1785574797.4028459,656,475,p02-block-3-trial-10-target-5,614.0,556.0,37.5,False,Pointer Move (unknown)
1785574797.411051,655,475,p02-block-3-trial-10-target-5,614.0,556.0,37.5,False,Pointer Move (unknown)
1785574797.418863,655,475,p02-block-3-trial-10-target-5,614.0,556.0,37.5,False,Pointer Move (unknown)
1785574797.4277198,654,475,p02-block-3-trial-10-target-5,614.0,556.0,37.5,False,Pointer Move (unknown)
1785574797.435207,654,475,p02-block-3-trial-10-target-5,614.0,556.0,37.5,False,Pointer Move (unknown)
1785574797.443325,654,475,p02-block-3-trial-10-target-5,614.0,556.0,37.5,False,Pointer Move (unknown)
1785574797.451631,654,475,p02-block-3-trial-10-target-5,614.0,556.0,37.5,False,Pointer Move (unknown)
1785574797.45962,653,474,p02-block-3-trial-10-target-5,614.0,556.0,37.5,False,Pointer Move (unknown)
1785574797.467533,653,474,p02-block-3-trial-10-target-5,614.0,556.0,37.5,False,Pointer Move (unknown)
1785574797.475629,652,474,p02-block-3-trial-10-target-5,614.0,556.0,37.5,False,Pointer Move (unknown)
1785574797.4837031,652,474,p02-block-3-trial-10-target-5,614.0,556.0,37.5,False,Pointer Move (unknown)
1785574797.4920902,652,474,p02-block-3-trial-10-target-5,614.0,556.0,37.5,False,Pointer Move (unknown)
1785574797.499747,652,473,p02-block-3-trial-10-target-5,614.0,556.0,37.5,False,Pointer Move (unknown)
1785574797.507759,651,473,p02-block-3-trial-10-target-5,614.0,556.0,37.5,False,Pointer Move (unknown)
1785574797.516106,651,473,p02-block-3-trial-10-target-5,614.0,556.0,37.5,False,Pointer Move (unknown)
1785574797.5321338,651,473,p02-block-3-trial-10-target-5,614.0,556.0,37.5,False,Pointer Move (unknown)
1785574797.540226,651,472,p02-block-3-trial-10-target-5,614.0,556.0,37.5,False,Pointer Move (unknown)
1785574797.548244,650,472,p02-block-3-trial-10-target-5,614.0,556.0,37.5,False,Pointer Move (unknown)
1785574797.556412,650,472,p02-block-3-trial-10-target-5,614.0,556.0,37.5,False,Pointer Move (unknown)
1785574797.572793,650,472,p02-block-3-trial-10-target-5,614.0,556.0,37.5,False,Pointer Move (unknown)
1785574797.59695,649,472,p02-block-3-trial-10-target-5,614.0,556.0,37.5,False,Pointer Move (unknown)
1785574797.645636,649,472,p02-block-3-trial-10-target-5,614.0,556.0,37.5,False,Pointer Move (unknown)
1785574797.6616051,649,472,p02-block-3-trial-10-target-5,614.0,556.0,37.5,False,Pointer Move (unknown)
1785574797.6696541,647,476,p02-block-3-trial-10-target-5,614.0,556.0,37.5,False,Pointer Move (unknown)
1785574797.6780832,645,478,p02-block-3-trial-10-target-5,614.0,556.0,37.5,False,Pointer Move (unknown)
1785574797.6860402,642,482,p02-block-3-trial-10-target-5,614.0,556.0,37.5,False,Pointer Move (unknown)
1785574797.694006,639,484,p02-block-3-trial-10-target-5,614.0,556.0,37.5,False,Pointer Move (unknown)
1785574797.701977,634,489,p02-block-3-trial-10-target-5,614.0,556.0,37.5,False,Pointer Move (unknown)
1785574797.7099571,630,492,p02-block-3-trial-10-target-5,614.0,556.0,37.5,False,Pointer Move (unknown)
1785574797.718129,624,496,p02-block-3-trial-10-target-5,614.0,556.0,37.5,False,Pointer Move (unknown)
1785574797.7260401,620,499,p02-block-3-trial-10-target-5,614.0,556.0,37.5,False,Pointer Move (unknown)
1785574797.734255,616,502,p02-block-3-trial-10-target-5,614.0,556.0,37.5,False,Pointer Move (unknown)
1785574797.742469,613,503,p02-block-3-trial-10-target-5,614.0,556.0,37.5,False,Pointer Move (unknown)
1785574797.750357,609,505,p02-block-3-trial-10-target-5,614.0,556.0,37.5,False,Pointer Move (unknown)
1785574797.758958,608,506,p02-block-3-trial-10-target-5,614.0,556.0,37.5,False,Pointer Move (unknown)
1785574797.766776,606,506,p02-block-3-trial-10-target-5,614.0,556.0,37.5,False,Pointer Move (unknown)
1785574797.7746508,606,507,p02-block-3-trial-10-target-5,614.0,556.0,37.5,False,Pointer Move (unknown)
1785574797.782511,605,507,p02-block-3-trial-10-target-5,614.0,556.0,37.5,False,Pointer Move (unknown)
1785574797.790706,604,508,p02-block-3-trial-10-target-5,614.0,556.0,37.5,False,Pointer Move (unknown)
1785574797.807554,604,508,p02-block-3-trial-10-target-5,614.0,556.0,37.5,False,Pointer Move (unknown)
1785574797.823377,604,508,p02-block-3-trial-10-target-5,614.0,556.0,37.5,False,Pointer Move (unknown)
1785574797.8311439,604,508,p02-block-3-trial-10-target-5,614.0,556.0,37.5,False,Pointer Move (unknown)
1785574797.847688,604,509,p02-block-3-trial-10-target-5,614.0,556.0,37.5,False,Pointer Move (unknown)
1785574797.856034,604,509,p02-block-3-trial-10-target-5,614.0,556.0,37.5,False,Pointer Move (unknown)
1785574797.863702,604,509,p02-block-3-trial-10-target-5,614.0,556.0,37.5,False,Pointer Move (unknown)
1785574797.871619,604,510,p02-block-3-trial-10-target-5,614.0,556.0,37.5,False,Pointer Move (unknown)
1785574797.879731,604,511,p02-block-3-trial-10-target-5,614.0,556.0,37.5,False,Pointer Move (unknown)
1785574797.887926,604,511,p02-block-3-trial-10-target-5,614.0,556.0,37.5,False,Pointer Move (unknown)
1785574797.896074,605,512,p02-block-3-trial-10-target-5,614.0,556.0,37.5,False,Pointer Move (unknown)
1785574797.904012,606,513,p02-block-3-trial-10-target-5,614.0,556.0,37.5,False,Pointer Move (unknown)
1785574797.911981,607,514,p02-block-3-trial-10-target-5,614.0,556.0,37.5,False,Pointer Move (unknown)
1785574797.9204512,608,515,p02-block-3-trial-10-target-5,614.0,556.0,37.5,False,Pointer Move (unknown)
1785574797.928617,608,517,p02-block-3-trial-10-target-5,614.0,556.0,37.5,False,Pointer Move (unknown)
1785574797.936932,609,518,p02-block-3-trial-10-target-5,614.0,556.0,37.5,False,Pointer Move (unknown)
1785574797.944709,610,519,p02-block-3-trial-10-target-5,614.0,556.0,37.5,False,Pointer Move (unknown)
1785574797.952777,611,521,p02-block-3-trial-10-target-5,614.0,556.0,37.5,False,Pointer Move (unknown)
1785574797.9614332,612,522,p02-block-3-trial-10-target-5,614.0,556.0,37.5,False,Pointer Move (unknown)
1785574797.969356,613,523,p02-block-3-trial-10-target-5,614.0,556.0,37.5,False,Pointer Move (unknown)
1785574797.977516,614,525,p02-block-3-trial-10-target-5,614.0,556.0,37.5,False,Pointer Move (unknown)
1785574797.9857001,615,527,p02-block-3-trial-10-target-5,614.0,556.0,37.5,False,Pointer Move (unknown)
1785574797.99389,616,528,p02-block-3-trial-10-target-5,614.0,556.0,37.5,False,Pointer Move (unknown)
1785574798.002371,616,529,p02-block-3-trial-10-target-5,614.0,556.0,37.5,False,Pointer Move (unknown)
1785574798.0098372,617,531,p02-block-3-trial-10-target-5,614.0,556.0,37.5,False,Pointer Move (unknown)
1785574798.018065,618,531,p02-block-3-trial-10-target-5,614.0,556.0,37.5,False,Pointer Move (unknown)
1785574798.0260348,618,532,p02-block-3-trial-10-target-5,614.0,556.0,37.5,False,Pointer Move (unknown)
1785574798.034236,619,533,p02-block-3-trial-10-target-5,614.0,556.0,37.5,False,Pointer Move (unknown)
1785574798.042526,619,534,p02-block-3-trial-10-target-5,614.0,556.0,37.5,False,Pointer Move (unknown)
1785574798.050396,620,535,p02-block-3-trial-10-target-5,614.0,556.0,37.5,False,Pointer Move (unknown)
1785574798.0580869,620,536,p02-block-3-trial-10-target-5,614.0,556.0,37.5,False,Pointer Move (unknown)
1785574798.066248,621,536,p02-block-3-trial-10-target-5,614.0,556.0,37.5,False,Pointer Move (unknown)
1785574798.074242,621,537,p02-block-3-trial-10-target-5,614.0,556.0,37.5,False,Pointer Move (unknown)
1785574798.0826418,622,538,p02-block-3-trial-10-target-5,614.0,556.0,37.5,False,Pointer Move (unknown)
1785574798.106555,622,538,p02-block-3-trial-10-target-5,614.0,556.0,37.5,target_selected,target_selected
1785574798.123397,622,538,p02-block-3-trial-11-target-1,826.0,344.0,37.5,False,Pointer Move (unknown)
1785574798.220049,622,537,p02-block-3-trial-11-target-1,826.0,344.0,37.5,False,Pointer Move (unknown)
1785574798.22844,622,535,p02-block-3-trial-11-target-1,826.0,344.0,37.5,False,Pointer Move (unknown)
1785574798.414953,622,535,p02-block-3-trial-11-target-1,826.0,344.0,37.5,False,Pointer Move (unknown)
1785574798.4223711,626,531,p02-block-3-trial-11-target-1,826.0,344.0,37.5,False,Pointer Move (unknown)
1785574798.430196,635,520,p02-block-3-trial-11-target-1,826.0,344.0,37.5,False,Pointer Move (unknown)
1785574798.437427,646,511,p02-block-3-trial-11-target-1,826.0,344.0,37.5,False,Pointer Move (unknown)
1785574798.445688,664,495,p02-block-3-trial-11-target-1,826.0,344.0,37.5,False,Pointer Move (unknown)
1785574798.4541702,699,465,p02-block-3-trial-11-target-1,826.0,344.0,37.5,False,Pointer Move (unknown)
1785574798.46256,729,443,p02-block-3-trial-11-target-1,826.0,344.0,37.5,False,Pointer Move (unknown)
1785574798.46976,758,421,p02-block-3-trial-11-target-1,826.0,344.0,37.5,False,Pointer Move (unknown)
1785574798.4778829,769,412,p02-block-3-trial-11-target-1,826.0,344.0,37.5,False,Pointer Move (unknown)
1785574798.486988,794,391,p02-block-3-trial-11-target-1,826.0,344.0,37.5,False,Pointer Move (unknown)
1785574798.494077,815,372,p02-block-3-trial-11-target-1,826.0,344.0,37.5,False,Pointer Move (unknown)
1785574798.501764,833,356,p02-block-3-trial-11-target-1,826.0,344.0,37.5,False,Pointer Move (unknown)
1785574798.510296,839,351,p02-block-3-trial-11-target-1,826.0,344.0,37.5,False,Pointer Move (unknown)
1785574798.518373,852,340,p02-block-3-trial-11-target-1,826.0,344.0,37.5,False,Pointer Move (unknown)
1785574798.526407,863,330,p02-block-3-trial-11-target-1,826.0,344.0,37.5,False,Pointer Move (unknown)
1785574798.534603,869,323,p02-block-3-trial-11-target-1,826.0,344.0,37.5,False,Pointer Move (unknown)
1785574798.54259,875,318,p02-block-3-trial-11-target-1,826.0,344.0,37.5,False,Pointer Move (unknown)
1785574798.551232,879,315,p02-block-3-trial-11-target-1,826.0,344.0,37.5,False,Pointer Move (unknown)
1785574798.559402,882,312,p02-block-3-trial-11-target-1,826.0,344.0,37.5,False,Pointer Move (unknown)
1785574798.5676239,884,311,p02-block-3-trial-11-target-1,826.0,344.0,37.5,False,Pointer Move (unknown)
1785574798.575661,885,310,p02-block-3-trial-11-target-1,826.0,344.0,37.5,False,Pointer Move (unknown)
1785574798.583881,886,309,p02-block-3-trial-11-target-1,826.0,344.0,37.5,False,Pointer Move (unknown)
1785574798.591867,886,309,p02-block-3-trial-11-target-1,826.0,344.0,37.5,False,Pointer Move (unknown)
1785574798.6004322,886,308,p02-block-3-trial-11-target-1,826.0,344.0,37.5,False,Pointer Move (unknown)
1785574798.607193,887,308,p02-block-3-trial-11-target-1,826.0,344.0,37.5,False,Pointer Move (unknown)
1785574798.6237729,887,308,p02-block-3-trial-11-target-1,826.0,344.0,37.5,False,Pointer Move (unknown)
1785574798.705365,886,308,p02-block-3-trial-11-target-1,826.0,344.0,37.5,False,Pointer Move (unknown)
1785574798.7132,885,308,p02-block-3-trial-11-target-1,826.0,344.0,37.5,False,Pointer Move (unknown)
1785574798.7215629,884,308,p02-block-3-trial-11-target-1,826.0,344.0,37.5,False,Pointer Move (unknown)
1785574798.7295969,883,308,p02-block-3-trial-11-target-1,826.0,344.0,37.5,False,Pointer Move (unknown)
1785574798.7375062,881,309,p02-block-3-trial-11-target-1,826.0,344.0,37.5,False,Pointer Move (unknown)
1785574798.745504,879,309,p02-block-3-trial-11-target-1,826.0,344.0,37.5,False,Pointer Move (unknown)
1785574798.754058,877,310,p02-block-3-trial-11-target-1,826.0,344.0,37.5,False,Pointer Move (unknown)
1785574798.761983,872,312,p02-block-3-trial-11-target-1,826.0,344.0,37.5,False,Pointer Move (unknown)
1785574798.7701912,867,315,p02-block-3-trial-11-target-1,826.0,344.0,37.5,False,Pointer Move (unknown)
1785574798.777283,861,317,p02-block-3-trial-11-target-1,826.0,344.0,37.5,False,Pointer Move (unknown)
1785574798.785398,854,320,p02-block-3-trial-11-target-1,826.0,344.0,37.5,False,Pointer Move (unknown)
1785574798.793827,849,322,p02-block-3-trial-11-target-1,826.0,344.0,37.5,False,Pointer Move (unknown)
1785574798.8019352,845,325,p02-block-3-trial-11-target-1,826.0,344.0,37.5,False,Pointer Move (unknown)
1785574798.809812,838,327,p02-block-3-trial-11-target-1,826.0,344.0,37.5,False,Pointer Move (unknown)
1785574798.8178189,833,329,p02-block-3-trial-11-target-1,826.0,344.0,37.5,False,Pointer Move (unknown)
1785574798.8256938,830,331,p02-block-3-trial-11-target-1,826.0,344.0,37.5,False,Pointer Move (unknown)
1785574798.83376,827,332,p02-block-3-trial-11-target-1,826.0,344.0,37.5,False,Pointer Move (unknown)
1785574798.842025,825,334,p02-block-3-trial-11-target-1,826.0,344.0,37.5,False,Pointer Move (unknown)
1785574798.85072,824,334,p02-block-3-trial-11-target-1,826.0,344.0,37.5,False,Pointer Move (unknown)
1785574798.85953,823,335,p02-block-3-trial-11-target-1,826.0,344.0,37.5,False,Pointer Move (unknown)
1785574798.870178,822,335,p02-block-3-trial-11-target-1,826.0,344.0,37.5,False,Pointer Move (unknown)
1785574798.87455,821,336,p02-block-3-trial-11-target-1,826.0,344.0,37.5,False,Pointer Move (unknown)
1785574798.882078,821,336,p02-block-3-trial-11-target-1,826.0,344.0,37.5,False,Pointer Move (unknown)
1785574798.890729,820,336,p02-block-3-trial-11-target-1,826.0,344.0,37.5,False,Pointer Move (unknown)
1785574798.898627,820,336,p02-block-3-trial-11-target-1,826.0,344.0,37.5,False,Pointer Move (unknown)
1785574798.932966,820,337,p02-block-3-trial-11-target-1,826.0,344.0,37.5,False,Pointer Move (unknown)
1785574798.9522471,820,337,p02-block-3-trial-11-target-1,826.0,344.0,37.5,target_selected,target_selected
1785574799.280363,820,337,p02-block-3-trial-12-target-5,614.0,556.0,37.5,False,Pointer Move (unknown)
1785574799.28767,816,341,p02-block-3-trial-12-target-5,614.0,556.0,37.5,False,Pointer Move (unknown)
1785574799.296471,805,350,p02-block-3-trial-12-target-5,614.0,556.0,37.5,False,Pointer Move (unknown)
1785574799.3039,793,364,p02-block-3-trial-12-target-5,614.0,556.0,37.5,False,Pointer Move (unknown)
1785574799.3115351,764,388,p02-block-3-trial-12-target-5,614.0,556.0,37.5,False,Pointer Move (unknown)
1785574799.319703,753,399,p02-block-3-trial-12-target-5,614.0,556.0,37.5,False,Pointer Move (unknown)
1785574799.3284988,732,418,p02-block-3-trial-12-target-5,614.0,556.0,37.5,False,Pointer Move (unknown)
1785574799.336695,709,441,p02-block-3-trial-12-target-5,614.0,556.0,37.5,False,Pointer Move (unknown)
1785574799.3441448,691,459,p02-block-3-trial-12-target-5,614.0,556.0,37.5,False,Pointer Move (unknown)
1785574799.3525178,668,482,p02-block-3-trial-12-target-5,614.0,556.0,37.5,False,Pointer Move (unknown)
1785574799.360137,652,500,p02-block-3-trial-12-target-5,614.0,556.0,37.5,False,Pointer Move (unknown)
1785574799.367956,646,506,p02-block-3-trial-12-target-5,614.0,556.0,37.5,False,Pointer Move (unknown)
1785574799.375972,635,517,p02-block-3-trial-12-target-5,614.0,556.0,37.5,False,Pointer Move (unknown)
1785574799.383831,628,527,p02-block-3-trial-12-target-5,614.0,556.0,37.5,False,Pointer Move (unknown)
1785574799.392232,622,533,p02-block-3-trial-12-target-5,614.0,556.0,37.5,False,Pointer Move (unknown)
1785574799.401068,619,537,p02-block-3-trial-12-target-5,614.0,556.0,37.5,False,Pointer Move (unknown)
1785574799.4083478,616,540,p02-block-3-trial-12-target-5,614.0,556.0,37.5,False,Pointer Move (unknown)
1785574799.416391,615,542,p02-block-3-trial-12-target-5,614.0,556.0,37.5,False,Pointer Move (unknown)
1785574799.424462,614,543,p02-block-3-trial-12-target-5,614.0,556.0,37.5,False,Pointer Move (unknown)
1785574799.432883,613,545,p02-block-3-trial-12-target-5,614.0,556.0,37.5,False,Pointer Move (unknown)
1785574799.440939,613,545,p02-block-3-trial-12-target-5,614.0,556.0,37.5,False,Pointer Move (unknown)
1785574799.449759,613,545,p02-block-3-trial-12-target-5,614.0,556.0,37.5,False,Pointer Move (unknown)
1785574799.457943,613,546,p02-block-3-trial-12-target-5,614.0,556.0,37.5,False,Pointer Move (unknown)
1785574799.46653,612,546,p02-block-3-trial-12-target-5,614.0,556.0,37.5,False,Pointer Move (unknown)
1785574799.47397,612,546,p02-block-3-trial-12-target-5,614.0,556.0,37.5,False,Pointer Move (unknown)
1785574799.490033,612,547,p02-block-3-trial-12-target-5,614.0,556.0,37.5,False,Pointer Move (unknown)
1785574799.5064478,612,547,p02-block-3-trial-12-target-5,614.0,556.0,37.5,False,Pointer Move (unknown)
1785574799.513626,612,547,p02-block-3-trial-12-target-5,614.0,556.0,37.5,False,Pointer Move (unknown)
1785574799.530339,612,548,p02-block-3-trial-12-target-5,614.0,556.0,37.5,False,Pointer Move (unknown)
1785574799.54668,612,548,p02-block-3-trial-12-target-5,614.0,556.0,37.5,False,Pointer Move (unknown)
1785574799.561932,612,548,p02-block-3-trial-12-target-5,614.0,556.0,37.5,False,Pointer Move (unknown)
1785574799.576406,612,549,p02-block-3-trial-12-target-5,614.0,556.0,37.5,False,Pointer Move (unknown)
1785574799.586275,612,549,p02-block-3-trial-12-target-5,614.0,556.0,37.5,False,Pointer Move (unknown)
1785574799.602441,612,549,p02-block-3-trial-12-target-5,614.0,556.0,37.5,False,Pointer Move (unknown)
1785574799.618646,612,550,p02-block-3-trial-12-target-5,614.0,556.0,37.5,False,Pointer Move (unknown)
1785574799.63599,612,550,p02-block-3-trial-12-target-5,614.0,556.0,37.5,False,Pointer Move (unknown)
1785574799.652191,612,550,p02-block-3-trial-12-target-5,614.0,556.0,37.5,False,Pointer Move (unknown)
1785574799.68765,612,550,p02-block-3-trial-12-target-5,614.0,556.0,37.5,target_selected,target_selected
1785574799.701377,612,550,p02-block-3-trial-13-target-1,826.0,344.0,37.5,False,Pointer Move (unknown)
1785574800.008117,612,550,p02-block-3-trial-13-target-1,826.0,344.0,37.5,False,Pointer Move (unknown)
1785574800.015939,613,545,p02-block-3-trial-13-target-1,826.0,344.0,37.5,False,Pointer Move (unknown)
1785574800.02352,621,538,p02-block-3-trial-13-target-1,826.0,344.0,37.5,False,Pointer Move (unknown)
1785574800.031777,631,525,p02-block-3-trial-13-target-1,826.0,344.0,37.5,False,Pointer Move (unknown)
1785574800.040032,646,510,p02-block-3-trial-13-target-1,826.0,344.0,37.5,False,Pointer Move (unknown)
1785574800.048811,662,490,p02-block-3-trial-13-target-1,826.0,344.0,37.5,False,Pointer Move (unknown)
1785574800.055525,681,469,p02-block-3-trial-13-target-1,826.0,344.0,37.5,False,Pointer Move (unknown)
1785574800.064785,699,451,p02-block-3-trial-13-target-1,826.0,344.0,37.5,False,Pointer Move (unknown)
1785574800.07257,717,433,p02-block-3-trial-13-target-1,826.0,344.0,37.5,False,Pointer Move (unknown)
1785574800.080775,733,415,p02-block-3-trial-13-target-1,826.0,344.0,37.5,False,Pointer Move (unknown)
1785574800.089055,739,409,p02-block-3-trial-13-target-1,826.0,344.0,37.5,False,Pointer Move (unknown)
1785574800.096438,754,394,p02-block-3-trial-13-target-1,826.0,344.0,37.5,False,Pointer Move (unknown)
1785574800.104347,763,383,p02-block-3-trial-13-target-1,826.0,344.0,37.5,False,Pointer Move (unknown)
1785574800.1129441,773,376,p02-block-3-trial-13-target-1,826.0,344.0,37.5,False,Pointer Move (unknown)
1785574800.120899,777,371,p02-block-3-trial-13-target-1,826.0,344.0,37.5,False,Pointer Move (unknown)
1785574800.128959,781,367,p02-block-3-trial-13-target-1,826.0,344.0,37.5,False,Pointer Move (unknown)
1785574800.1363368,785,364,p02-block-3-trial-13-target-1,826.0,344.0,37.5,False,Pointer Move (unknown)
1785574800.1465678,786,363,p02-block-3-trial-13-target-1,826.0,344.0,37.5,False,Pointer Move (unknown)
1785574800.153814,787,362,p02-block-3-trial-13-target-1,826.0,344.0,37.5,False,Pointer Move (unknown)
1785574800.160882,788,362,p02-block-3-trial-13-target-1,826.0,344.0,37.5,False,Pointer Move (unknown)
1785574800.1688142,788,361,p02-block-3-trial-13-target-1,826.0,344.0,37.5,False,Pointer Move (unknown)
1785574800.176696,789,361,p02-block-3-trial-13-target-1,826.0,344.0,37.5,False,Pointer Move (unknown)
1785574800.189072,789,361,p02-block-3-trial-13-target-1,826.0,344.0,37.5,False,Pointer Move (unknown)
1785574800.193373,789,361,p02-block-3-trial-13-target-1,826.0,344.0,37.5,False,Pointer Move (unknown)
1785574800.2103128,790,361,p02-block-3-trial-13-target-1,826.0,344.0,37.5,False,Pointer Move (unknown)
1785574800.2344441,790,361,p02-block-3-trial-13-target-1,826.0,344.0,37.5,False,Pointer Move (unknown)
1785574800.242713,790,360,p02-block-3-trial-13-target-1,826.0,344.0,37.5,False,Pointer Move (unknown)
1785574800.2498298,790,360,p02-block-3-trial-13-target-1,826.0,344.0,37.5,False,Pointer Move (unknown)
1785574800.266571,791,360,p02-block-3-trial-13-target-1,826.0,344.0,37.5,False,Pointer Move (unknown)
1785574800.298584,791,360,p02-block-3-trial-13-target-1,826.0,344.0,37.5,False,Pointer Move (unknown)
1785574800.330931,791,360,p02-block-3-trial-13-target-1,826.0,344.0,37.5,False,Pointer Move (unknown)
1785574800.363227,791,360,p02-block-3-trial-13-target-1,826.0,344.0,37.5,False,Pointer Move (unknown)
1785574800.396706,792,360,p02-block-3-trial-13-target-1,826.0,344.0,37.5,False,Pointer Move (unknown)
1785574800.412236,792,360,p02-block-3-trial-13-target-1,826.0,344.0,37.5,False,Pointer Move (unknown)
1785574800.4291022,792,360,p02-block-3-trial-13-target-1,826.0,344.0,37.5,False,Pointer Move (unknown)
1785574800.4370549,793,359,p02-block-3-trial-13-target-1,826.0,344.0,37.5,False,Pointer Move (unknown)
1785574800.444453,793,359,p02-block-3-trial-13-target-1,826.0,344.0,37.5,False,Pointer Move (unknown)
1785574800.45231,793,359,p02-block-3-trial-13-target-1,826.0,344.0,37.5,False,Pointer Move (unknown)
1785574800.460012,794,358,p02-block-3-trial-13-target-1,826.0,344.0,37.5,False,Pointer Move (unknown)
1785574800.476794,794,358,p02-block-3-trial-13-target-1,826.0,344.0,37.5,False,Pointer Move (unknown)
1785574800.4838789,794,358,p02-block-3-trial-13-target-1,826.0,344.0,37.5,False,Pointer Move (unknown)
1785574800.519244,794,358,p02-block-3-trial-13-target-1,826.0,344.0,37.5,target_selected,target_selected
1785574800.5353038,794,358,p02-block-3-trial-14-target-5,614.0,556.0,37.5,False,Pointer Move (unknown)
1785574800.8661299,794,359,p02-block-3-trial-14-target-5,614.0,556.0,37.5,False,Pointer Move (unknown)
1785574800.872801,794,364,p02-block-3-trial-14-target-5,614.0,556.0,37.5,False,Pointer Move (unknown)
1785574800.8797052,784,377,p02-block-3-trial-14-target-5,614.0,556.0,37.5,False,Pointer Move (unknown)
1785574800.888984,771,394,p02-block-3-trial-14-target-5,614.0,556.0,37.5,False,Pointer Move (unknown)
1785574800.8973389,755,412,p02-block-3-trial-14-target-5,614.0,556.0,37.5,False,Pointer Move (unknown)
1785574800.907249,736,433,p02-block-3-trial-14-target-5,614.0,556.0,37.5,False,Pointer Move (unknown)
1785574800.912989,727,444,p02-block-3-trial-14-target-5,614.0,556.0,37.5,False,Pointer Move (unknown)
1785574800.92129,708,465,p02-block-3-trial-14-target-5,614.0,556.0,37.5,False,Pointer Move (unknown)
1785574800.929078,685,490,p02-block-3-trial-14-target-5,614.0,556.0,37.5,False,Pointer Move (unknown)
1785574800.9367092,669,508,p02-block-3-trial-14-target-5,614.0,556.0,37.5,False,Pointer Move (unknown)
1785574800.9450822,653,528,p02-block-3-trial-14-target-5,614.0,556.0,37.5,False,Pointer Move (unknown)
1785574800.9533901,649,532,p02-block-3-trial-14-target-5,614.0,556.0,37.5,False,Pointer Move (unknown)
1785574800.9614148,640,543,p02-block-3-trial-14-target-5,614.0,556.0,37.5,False,Pointer Move (unknown)
1785574800.969284,631,554,p02-block-3-trial-14-target-5,614.0,556.0,37.5,False,Pointer Move (unknown)
1785574800.9780428,627,557,p02-block-3-trial-14-target-5,614.0,556.0,37.5,False,Pointer Move (unknown)
1785574800.986264,623,561,p02-block-3-trial-14-target-5,614.0,556.0,37.5,False,Pointer Move (unknown)
1785574800.9934158,622,563,p02-block-3-trial-14-target-5,614.0,556.0,37.5,False,Pointer Move (unknown)
1785574801.001612,620,564,p02-block-3-trial-14-target-5,614.0,556.0,37.5,False,Pointer Move (unknown)
1785574801.01064,619,565,p02-block-3-trial-14-target-5,614.0,556.0,37.5,False,Pointer Move (unknown)
1785574801.01817,619,565,p02-block-3-trial-14-target-5,614.0,556.0,37.5,False,Pointer Move (unknown)
1785574801.025616,619,566,p02-block-3-trial-14-target-5,614.0,556.0,37.5,False,Pointer Move (unknown)
1785574801.041733,618,566,p02-block-3-trial-14-target-5,614.0,556.0,37.5,False,Pointer Move (unknown)
1785574801.132809,618,565,p02-block-3-trial-14-target-5,614.0,556.0,37.5,False,Pointer Move (unknown)
1785574801.148063,618,565,p02-block-3-trial-14-target-5,614.0,556.0,37.5,False,Pointer Move (unknown)
1785574801.219908,618,565,p02-block-3-trial-14-target-5,614.0,556.0,37.5,target_selected,target_selected
1785574801.2378418,618,565,p02-block-3-trial-15-target-1,826.0,344.0,37.5,False,Pointer Move (unknown)
1785574801.4482229,619,565,p02-block-3-trial-15-target-1,826.0,344.0,37.5,False,Pointer Move (unknown)
1785574801.4564989,623,562,p02-block-3-trial-15-target-1,826.0,344.0,37.5,False,Pointer Move (unknown)
1785574801.463828,627,559,p02-block-3-trial-15-target-1,826.0,344.0,37.5,False,Pointer Move (unknown)
1785574801.471922,635,554,p02-block-3-trial-15-target-1,826.0,344.0,37.5,False,Pointer Move (unknown)
1785574801.4789948,644,550,p02-block-3-trial-15-target-1,826.0,344.0,37.5,False,Pointer Move (unknown)
1785574801.4883451,653,543,p02-block-3-trial-15-target-1,826.0,344.0,37.5,False,Pointer Move (unknown)
1785574801.4954472,669,533,p02-block-3-trial-15-target-1,826.0,344.0,37.5,False,Pointer Move (unknown)
1785574801.505334,681,525,p02-block-3-trial-15-target-1,826.0,344.0,37.5,False,Pointer Move (unknown)
1785574801.51169,693,517,p02-block-3-trial-15-target-1,826.0,344.0,37.5,False,Pointer Move (unknown)
1785574801.5213282,707,507,p02-block-3-trial-15-target-1,826.0,344.0,37.5,False,Pointer Move (unknown)
1785574801.5278778,717,500,p02-block-3-trial-15-target-1,826.0,344.0,37.5,False,Pointer Move (unknown)
1785574801.537065,725,492,p02-block-3-trial-15-target-1,826.0,344.0,37.5,False,Pointer Move (unknown)
1785574801.544096,732,486,p02-block-3-trial-15-target-1,826.0,344.0,37.5,False,Pointer Move (unknown)
1785574801.552536,734,484,p02-block-3-trial-15-target-1,826.0,344.0,37.5,False,Pointer Move (unknown)
1785574801.560025,742,479,p02-block-3-trial-15-target-1,826.0,344.0,37.5,False,Pointer Move (unknown)
1785574801.5688572,747,475,p02-block-3-trial-15-target-1,826.0,344.0,37.5,False,Pointer Move (unknown)
1785574801.5763671,752,472,p02-block-3-trial-15-target-1,826.0,344.0,37.5,False,Pointer Move (unknown)
1785574801.585381,756,468,p02-block-3-trial-15-target-1,826.0,344.0,37.5,False,Pointer Move (unknown)
1785574801.593614,761,465,p02-block-3-trial-15-target-1,826.0,344.0,37.5,False,Pointer Move (unknown)
1785574801.60162,764,464,p02-block-3-trial-15-target-1,826.0,344.0,37.5,False,Pointer Move (unknown)
1785574801.6091242,767,461,p02-block-3-trial-15-target-1,826.0,344.0,37.5,False,Pointer Move (unknown)
1785574801.616865,770,460,p02-block-3-trial-15-target-1,826.0,344.0,37.5,False,Pointer Move (unknown)
1785574801.62564,772,457,p02-block-3-trial-15-target-1,826.0,344.0,37.5,False,Pointer Move (unknown)
1785574801.632718,774,456,p02-block-3-trial-15-target-1,826.0,344.0,37.5,False,Pointer Move (unknown)
1785574801.6417642,776,455,p02-block-3-trial-15-target-1,826.0,344.0,37.5,False,Pointer Move (unknown)
1785574801.650112,777,453,p02-block-3-trial-15-target-1,826.0,344.0,37.5,False,Pointer Move (unknown)
1785574801.658108,779,452,p02-block-3-trial-15-target-1,826.0,344.0,37.5,False,Pointer Move (unknown)
1785574801.66588,780,451,p02-block-3-trial-15-target-1,826.0,344.0,37.5,False,Pointer Move (unknown)
1785574801.674596,781,450,p02-block-3-trial-15-target-1,826.0,344.0,37.5,False,Pointer Move (unknown)
1785574801.682397,782,449,p02-block-3-trial-15-target-1,826.0,344.0,37.5,False,Pointer Move (unknown)
1785574801.6908932,783,448,p02-block-3-trial-15-target-1,826.0,344.0,37.5,False,Pointer Move (unknown)
1785574801.697383,783,448,p02-block-3-trial-15-target-1,826.0,344.0,37.5,False,Pointer Move (unknown)
1785574801.706903,784,447,p02-block-3-trial-15-target-1,826.0,344.0,37.5,False,Pointer Move (unknown)
1785574801.713372,785,446,p02-block-3-trial-15-target-1,826.0,344.0,37.5,False,Pointer Move (unknown)
1785574801.722935,785,445,p02-block-3-trial-15-target-1,826.0,344.0,37.5,False,Pointer Move (unknown)
1785574801.7299871,786,443,p02-block-3-trial-15-target-1,826.0,344.0,37.5,False,Pointer Move (unknown)
1785574801.7394261,787,441,p02-block-3-trial-15-target-1,826.0,344.0,37.5,False,Pointer Move (unknown)
1785574801.746261,788,439,p02-block-3-trial-15-target-1,826.0,344.0,37.5,False,Pointer Move (unknown)
1785574801.755413,790,436,p02-block-3-trial-15-target-1,826.0,344.0,37.5,False,Pointer Move (unknown)
1785574801.7626739,790,434,p02-block-3-trial-15-target-1,826.0,344.0,37.5,False,Pointer Move (unknown)
1785574801.771613,791,429,p02-block-3-trial-15-target-1,826.0,344.0,37.5,False,Pointer Move (unknown)
1785574801.778621,793,426,p02-block-3-trial-15-target-1,826.0,344.0,37.5,False,Pointer Move (unknown)
1785574801.788081,794,419,p02-block-3-trial-15-target-1,826.0,344.0,37.5,False,Pointer Move (unknown)
1785574801.795541,796,414,p02-block-3-trial-15-target-1,826.0,344.0,37.5,False,Pointer Move (unknown)
1785574801.803796,797,410,p02-block-3-trial-15-target-1,826.0,344.0,37.5,False,Pointer Move (unknown)
1785574801.810883,798,405,p02-block-3-trial-15-target-1,826.0,344.0,37.5,False,Pointer Move (unknown)
1785574801.8191638,799,400,p02-block-3-trial-15-target-1,826.0,344.0,37.5,False,Pointer Move (unknown)
1785574801.827947,800,397,p02-block-3-trial-15-target-1,826.0,344.0,37.5,False,Pointer Move (unknown)
1785574801.8355231,801,393,p02-block-3-trial-15-target-1,826.0,344.0,37.5,False,Pointer Move (unknown)
1785574801.844256,802,391,p02-block-3-trial-15-target-1,826.0,344.0,37.5,False,Pointer Move (unknown)
1785574801.8523269,803,389,p02-block-3-trial-15-target-1,826.0,344.0,37.5,False,Pointer Move (unknown)
1785574801.861791,803,387,p02-block-3-trial-15-target-1,826.0,344.0,37.5,False,Pointer Move (unknown)
1785574801.867786,804,386,p02-block-3-trial-15-target-1,826.0,344.0,37.5,False,Pointer Move (unknown)
1785574801.875786,804,385,p02-block-3-trial-15-target-1,826.0,344.0,37.5,False,Pointer Move (unknown)
1785574801.884685,804,385,p02-block-3-trial-15-target-1,826.0,344.0,37.5,False,Pointer Move (unknown)
1785574801.892341,805,384,p02-block-3-trial-15-target-1,826.0,344.0,37.5,False,Pointer Move (unknown)
1785574801.89981,805,383,p02-block-3-trial-15-target-1,826.0,344.0,37.5,False,Pointer Move (unknown)
1785574801.909258,805,383,p02-block-3-trial-15-target-1,826.0,344.0,37.5,False,Pointer Move (unknown)
1785574801.9170408,805,383,p02-block-3-trial-15-target-1,826.0,344.0,37.5,False,Pointer Move (unknown)
1785574801.924564,805,382,p02-block-3-trial-15-target-1,826.0,344.0,37.5,False,Pointer Move (unknown)
1785574801.932374,806,382,p02-block-3-trial-15-target-1,826.0,344.0,37.5,False,Pointer Move (unknown)
1785574801.941037,806,382,p02-block-3-trial-15-target-1,826.0,344.0,37.5,False,Pointer Move (unknown)
1785574801.948948,806,381,p02-block-3-trial-15-target-1,826.0,344.0,37.5,False,Pointer Move (unknown)
1785574801.957942,806,381,p02-block-3-trial-15-target-1,826.0,344.0,37.5,False,Pointer Move (unknown)
1785574801.9662101,806,380,p02-block-3-trial-15-target-1,826.0,344.0,37.5,False,Pointer Move (unknown)
1785574801.9737012,806,379,p02-block-3-trial-15-target-1,826.0,344.0,37.5,False,Pointer Move (unknown)
1785574801.982954,807,379,p02-block-3-trial-15-target-1,826.0,344.0,37.5,False,Pointer Move (unknown)
1785574801.989441,807,378,p02-block-3-trial-15-target-1,826.0,344.0,37.5,False,Pointer Move (unknown)
1785574801.996738,807,378,p02-block-3-trial-15-target-1,826.0,344.0,37.5,False,Pointer Move (unknown)
1785574802.006012,808,376,p02-block-3-trial-15-target-1,826.0,344.0,37.5,False,Pointer Move (unknown)
1785574802.01282,808,375,p02-block-3-trial-15-target-1,826.0,344.0,37.5,False,Pointer Move (unknown)
1785574802.022465,808,374,p02-block-3-trial-15-target-1,826.0,344.0,37.5,False,Pointer Move (unknown)
1785574802.029291,809,373,p02-block-3-trial-15-target-1,826.0,344.0,37.5,False,Pointer Move (unknown)
1785574802.038378,809,372,p02-block-3-trial-15-target-1,826.0,344.0,37.5,False,Pointer Move (unknown)
1785574802.046456,810,371,p02-block-3-trial-15-target-1,826.0,344.0,37.5,False,Pointer Move (unknown)
1785574802.054293,810,370,p02-block-3-trial-15-target-1,826.0,344.0,37.5,False,Pointer Move (unknown)
1785574802.061279,811,368,p02-block-3-trial-15-target-1,826.0,344.0,37.5,False,Pointer Move (unknown)
1785574802.0706959,811,367,p02-block-3-trial-15-target-1,826.0,344.0,37.5,False,Pointer Move (unknown)
1785574802.0777202,812,365,p02-block-3-trial-15-target-1,826.0,344.0,37.5,False,Pointer Move (unknown)
1785574802.08783,813,363,p02-block-3-trial-15-target-1,826.0,344.0,37.5,False,Pointer Move (unknown)
1785574802.094644,813,361,p02-block-3-trial-15-target-1,826.0,344.0,37.5,False,Pointer Move (unknown)
1785574802.103591,814,359,p02-block-3-trial-15-target-1,826.0,344.0,37.5,False,Pointer Move (unknown)
1785574802.1109812,815,356,p02-block-3-trial-15-target-1,826.0,344.0,37.5,False,Pointer Move (unknown)
1785574802.119303,815,355,p02-block-3-trial-15-target-1,826.0,344.0,37.5,False,Pointer Move (unknown)
1785574802.126442,816,353,p02-block-3-trial-15-target-1,826.0,344.0,37.5,False,Pointer Move (unknown)
1785574802.134027,817,351,p02-block-3-trial-15-target-1,826.0,344.0,37.5,False,Pointer Move (unknown)
1785574802.14354,817,350,p02-block-3-trial-15-target-1,826.0,344.0,37.5,False,Pointer Move (unknown)
1785574802.169603,817,350,p02-block-3-trial-15-target-1,826.0,344.0,37.5,target_selected,target_selected
1785574802.190955,817,350,p02-block-3-trial-16-target-5,614.0,556.0,37.5,False,Pointer Move (unknown)
1785574802.361494,817,350,p02-block-3-trial-16-target-5,614.0,556.0,37.5,False,Pointer Move (unknown)
1785574802.369549,817,353,p02-block-3-trial-16-target-5,614.0,556.0,37.5,False,Pointer Move (unknown)
1785574802.3779142,814,360,p02-block-3-trial-16-target-5,614.0,556.0,37.5,False,Pointer Move (unknown)
1785574802.3855948,810,367,p02-block-3-trial-16-target-5,614.0,556.0,37.5,False,Pointer Move (unknown)
1785574802.3932679,804,374,p02-block-3-trial-16-target-5,614.0,556.0,37.5,False,Pointer Move (unknown)
1785574802.4011059,798,384,p02-block-3-trial-16-target-5,614.0,556.0,37.5,False,Pointer Move (unknown)
1785574802.409664,789,395,p02-block-3-trial-16-target-5,614.0,556.0,37.5,False,Pointer Move (unknown)
1785574802.4174132,780,405,p02-block-3-trial-16-target-5,614.0,556.0,37.5,False,Pointer Move (unknown)
1785574802.425138,770,421,p02-block-3-trial-16-target-5,614.0,556.0,37.5,False,Pointer Move (unknown)
1785574802.4335868,759,431,p02-block-3-trial-16-target-5,614.0,556.0,37.5,False,Pointer Move (unknown)
1785574802.441511,749,447,p02-block-3-trial-16-target-5,614.0,556.0,37.5,False,Pointer Move (unknown)
1785574802.450078,738,457,p02-block-3-trial-16-target-5,614.0,556.0,37.5,False,Pointer Move (unknown)
1785574802.4582531,728,471,p02-block-3-trial-16-target-5,614.0,556.0,37.5,False,Pointer Move (unknown)
1785574802.4660501,719,482,p02-block-3-trial-16-target-5,614.0,556.0,37.5,False,Pointer Move (unknown)
1785574802.4744089,710,490,p02-block-3-trial-16-target-5,614.0,556.0,37.5,False,Pointer Move (unknown)
1785574802.482442,704,498,p02-block-3-trial-16-target-5,614.0,556.0,37.5,False,Pointer Move (unknown)
1785574802.490262,701,502,p02-block-3-trial-16-target-5,614.0,556.0,37.5,False,Pointer Move (unknown)
1785574802.498786,697,507,p02-block-3-trial-16-target-5,614.0,556.0,37.5,False,Pointer Move (unknown)
1785574802.507353,690,513,p02-block-3-trial-16-target-5,614.0,556.0,37.5,False,Pointer Move (unknown)
1785574802.514154,686,516,p02-block-3-trial-16-target-5,614.0,556.0,37.5,False,Pointer Move (unknown)
1785574802.521889,684,520,p02-block-3-trial-16-target-5,614.0,556.0,37.5,False,Pointer Move (unknown)
1785574802.530559,680,522,p02-block-3-trial-16-target-5,614.0,556.0,37.5,False,Pointer Move (unknown)
1785574802.538441,679,523,p02-block-3-trial-16-target-5,614.0,556.0,37.5,False,Pointer Move (unknown)
1785574802.5462132,677,523,p02-block-3-trial-16-target-5,614.0,556.0,37.5,False,Pointer Move (unknown)
1785574802.5542452,677,524,p02-block-3-trial-16-target-5,614.0,556.0,37.5,False,Pointer Move (unknown)
1785574802.562583,676,524,p02-block-3-trial-16-target-5,614.0,556.0,37.5,False,Pointer Move (unknown)
1785574802.571141,675,524,p02-block-3-trial-16-target-5,614.0,556.0,37.5,False,Pointer Move (unknown)
1785574802.578977,675,525,p02-block-3-trial-16-target-5,614.0,556.0,37.5,False,Pointer Move (unknown)
1785574802.587617,674,525,p02-block-3-trial-16-target-5,614.0,556.0,37.5,False,Pointer Move (unknown)
1785574802.5958211,674,525,p02-block-3-trial-16-target-5,614.0,556.0,37.5,False,Pointer Move (unknown)
1785574802.6128058,674,525,p02-block-3-trial-16-target-5,614.0,556.0,37.5,False,Pointer Move (unknown)
1785574802.645128,673,525,p02-block-3-trial-16-target-5,614.0,556.0,37.5,False,Pointer Move (unknown)
1785574802.669543,673,525,p02-block-3-trial-16-target-5,614.0,556.0,37.5,False,Pointer Move (unknown)
1785574802.685673,673,525,p02-block-3-trial-16-target-5,614.0,556.0,37.5,False,Pointer Move (unknown)
1785574802.7017238,673,525,p02-block-3-trial-16-target-5,614.0,556.0,37.5,False,Pointer Move (unknown)
1785574802.7085838,671,525,p02-block-3-trial-16-target-5,614.0,556.0,37.5,False,Pointer Move (unknown)
1785574802.716915,670,526,p02-block-3-trial-16-target-5,614.0,556.0,37.5,False,Pointer Move (unknown)
1785574802.724425,669,527,p02-block-3-trial-16-target-5,614.0,556.0,37.5,False,Pointer Move (unknown)
1785574802.73314,667,527,p02-block-3-trial-16-target-5,614.0,556.0,37.5,False,Pointer Move (unknown)
1785574802.74205,664,530,p02-block-3-trial-16-target-5,614.0,556.0,37.5,False,Pointer Move (unknown)
1785574802.748663,660,532,p02-block-3-trial-16-target-5,614.0,556.0,37.5,False,Pointer Move (unknown)
1785574802.756376,657,533,p02-block-3-trial-16-target-5,614.0,556.0,37.5,False,Pointer Move (unknown)
1785574802.764971,647,539,p02-block-3-trial-16-target-5,614.0,556.0,37.5,False,Pointer Move (unknown)
1785574802.773092,641,542,p02-block-3-trial-16-target-5,614.0,556.0,37.5,False,Pointer Move (unknown)
1785574802.7809322,633,547,p02-block-3-trial-16-target-5,614.0,556.0,37.5,False,Pointer Move (unknown)
1785574802.788654,626,550,p02-block-3-trial-16-target-5,614.0,556.0,37.5,False,Pointer Move (unknown)
1785574802.796976,623,552,p02-block-3-trial-16-target-5,614.0,556.0,37.5,False,Pointer Move (unknown)
1785574802.8051462,617,555,p02-block-3-trial-16-target-5,614.0,556.0,37.5,False,Pointer Move (unknown)
1785574802.81391,612,558,p02-block-3-trial-16-target-5,614.0,556.0,37.5,False,Pointer Move (unknown)
1785574802.822247,607,560,p02-block-3-trial-16-target-5,614.0,556.0,37.5,False,Pointer Move (unknown)
1785574802.829408,604,562,p02-block-3-trial-16-target-5,614.0,556.0,37.5,False,Pointer Move (unknown)
1785574802.837612,602,563,p02-block-3-trial-16-target-5,614.0,556.0,37.5,False,Pointer Move (unknown)
1785574802.845824,600,563,p02-block-3-trial-16-target-5,614.0,556.0,37.5,False,Pointer Move (unknown)
1785574802.8539069,598,564,p02-block-3-trial-16-target-5,614.0,556.0,37.5,False,Pointer Move (unknown)
1785574802.862483,597,564,p02-block-3-trial-16-target-5,614.0,556.0,37.5,False,Pointer Move (unknown)
1785574802.8707469,596,565,p02-block-3-trial-16-target-5,614.0,556.0,37.5,False,Pointer Move (unknown)
1785574802.878599,596,565,p02-block-3-trial-16-target-5,614.0,556.0,37.5,False,Pointer Move (unknown)
1785574802.885822,596,565,p02-block-3-trial-16-target-5,614.0,556.0,37.5,False,Pointer Move (unknown)
1785574802.8942049,595,565,p02-block-3-trial-16-target-5,614.0,556.0,37.5,False,Pointer Move (unknown)
1785574802.9115362,595,565,p02-block-3-trial-16-target-5,614.0,556.0,37.5,False,Pointer Move (unknown)
1785574802.927598,595,565,p02-block-3-trial-16-target-5,614.0,556.0,37.5,False,Pointer Move (unknown)
1785574802.969743,595,565,p02-block-3-trial-16-target-5,614.0,556.0,37.5,target_selected,target_selected
1786038385.173383,1005,553,Aug-06_shimul-block-1-trial-1-target-6,570.0,450.0,37.5,False,Pointer Move (unknown)
1786038385.185587,1004,553,Aug-06_shimul-block-1-trial-1-target-6,570.0,450.0,37.5,False,Pointer Move (unknown)
1786038385.215592,1004,553,Aug-06_shimul-block-1-trial-1-target-6,570.0,450.0,37.5,False,Pointer Move (unknown)
1786038385.2525709,1004,553,Aug-06_shimul-block-1-trial-1-target-6,570.0,450.0,37.5,False,Pointer Move (unknown)
1786038385.260491,1004,552,Aug-06_shimul-block-1-trial-1-target-6,570.0,450.0,37.5,False,Pointer Move (unknown)
1786038385.267863,1004,552,Aug-06_shimul-block-1-trial-1-target-6,570.0,450.0,37.5,False,Pointer Move (unknown)
1786038385.275573,1004,552,Aug-06_shimul-block-1-trial-1-target-6,570.0,450.0,37.5,False,Pointer Move (unknown)
1786038385.283112,1004,552,Aug-06_shimul-block-1-trial-1-target-6,570.0,450.0,37.5,False,Pointer Move (unknown)
1786038385.2904162,1003,551,Aug-06_shimul-block-1-trial-1-target-6,570.0,450.0,37.5,False,Pointer Move (unknown)
1786038385.30548,1003,551,Aug-06_shimul-block-1-trial-1-target-6,570.0,450.0,37.5,False,Pointer Move (unknown)
1786038385.3127549,1003,551,Aug-06_shimul-block-1-trial-1-target-6,570.0,450.0,37.5,False,Pointer Move (unknown)
1786038385.320687,1003,551,Aug-06_shimul-block-1-trial-1-target-6,570.0,450.0,37.5,False,Pointer Move (unknown)
1786038385.335756,1003,550,Aug-06_shimul-block-1-trial-1-target-6,570.0,450.0,37.5,False,Pointer Move (unknown)
1786038385.3433049,1003,550,Aug-06_shimul-block-1-trial-1-target-6,570.0,450.0,37.5,False,Pointer Move (unknown)
1786038385.350482,1003,550,Aug-06_shimul-block-1-trial-1-target-6,570.0,450.0,37.5,False,Pointer Move (unknown)
1786038385.3582919,1003,549,Aug-06_shimul-block-1-trial-1-target-6,570.0,450.0,37.5,False,Pointer Move (unknown)
1786038385.365553,1003,549,Aug-06_shimul-block-1-trial-1-target-6,570.0,450.0,37.5,False,Pointer Move (unknown)
1786038385.373298,1002,548,Aug-06_shimul-block-1-trial-1-target-6,570.0,450.0,37.5,False,Pointer Move (unknown)
1786038385.3887,1002,548,Aug-06_shimul-block-1-trial-1-target-6,570.0,450.0,37.5,False,Pointer Move (unknown)
1786038385.395971,1002,547,Aug-06_shimul-block-1-trial-1-target-6,570.0,450.0,37.5,False,Pointer Move (unknown)
1786038385.4031968,1001,546,Aug-06_shimul-block-1-trial-1-target-6,570.0,450.0,37.5,False,Pointer Move (unknown)
1786038385.410796,1001,544,Aug-06_shimul-block-1-trial-1-target-6,570.0,450.0,37.5,False,Pointer Move (unknown)
1786038385.4190028,1001,543,Aug-06_shimul-block-1-trial-1-target-6,570.0,450.0,37.5,False,Pointer Move (unknown)
1786038385.426135,1001,541,Aug-06_shimul-block-1-trial-1-target-6,570.0,450.0,37.5,False,Pointer Move (unknown)
1786038385.43431,1001,538,Aug-06_shimul-block-1-trial-1-target-6,570.0,450.0,37.5,False,Pointer Move (unknown)
1786038385.441869,1001,536,Aug-06_shimul-block-1-trial-1-target-6,570.0,450.0,37.5,False,Pointer Move (unknown)
1786038385.4508312,1001,531,Aug-06_shimul-block-1-trial-1-target-6,570.0,450.0,37.5,False,Pointer Move (unknown)
1786038385.456058,1003,523,Aug-06_shimul-block-1-trial-1-target-6,570.0,450.0,37.5,False,Pointer Move (unknown)
1786038385.464042,1004,516,Aug-06_shimul-block-1-trial-1-target-6,570.0,450.0,37.5,False,Pointer Move (unknown)
1786038385.470856,1005,507,Aug-06_shimul-block-1-trial-1-target-6,570.0,450.0,37.5,False,Pointer Move (unknown)
1786038385.478842,1006,502,Aug-06_shimul-block-1-trial-1-target-6,570.0,450.0,37.5,False,Pointer Move (unknown)
1786038385.485901,1012,472,Aug-06_shimul-block-1-trial-1-target-6,570.0,450.0,37.5,False,Pointer Move (unknown)
1786038385.493249,1020,441,Aug-06_shimul-block-1-trial-1-target-6,570.0,450.0,37.5,False,Pointer Move (unknown)
1786038385.500553,1029,432,Aug-06_shimul-block-1-trial-1-target-6,570.0,450.0,37.5,False,Pointer Move (unknown)
1786038385.508553,1032,428,Aug-06_shimul-block-1-trial-1-target-6,570.0,450.0,37.5,False,Pointer Move (unknown)
1786038385.516709,1032,428,Aug-06_shimul-block-1-trial-1-target-6,570.0,450.0,37.5,False,Pointer Move (unknown)
1786038386.725269,972,428,Aug-06_shimul-block-1-trial-1-target-6,570.0,450.0,37.5,False,Pointer Move (unknown)
1786038386.8829398,912,428,Aug-06_shimul-block-1-trial-1-target-6,570.0,450.0,37.5,False,Pointer Move (unknown)
1786038387.328276,852,428,Aug-06_shimul-block-1-trial-1-target-6,570.0,450.0,37.5,False,Pointer Move (unknown)
1786038387.484576,792,428,Aug-06_shimul-block-1-trial-1-target-6,570.0,450.0,37.5,False,Pointer Move (unknown)
1786038387.600967,732,428,Aug-06_shimul-block-1-trial-1-target-6,570.0,450.0,37.5,False,Pointer Move (unknown)
1786038387.719637,672,428,Aug-06_shimul-block-1-trial-1-target-6,570.0,450.0,37.5,False,Pointer Move (unknown)
1786038387.8361018,612,428,Aug-06_shimul-block-1-trial-1-target-6,570.0,450.0,37.5,False,Pointer Move (unknown)
1786038387.951031,552,428,Aug-06_shimul-block-1-trial-1-target-6,570.0,450.0,37.5,False,Pointer Move (unknown)
1786038388.0694442,492,428,Aug-06_shimul-block-1-trial-1-target-6,570.0,450.0,37.5,False,Pointer Move (unknown)
1786038388.2185001,432,428,Aug-06_shimul-block-1-trial-1-target-6,570.0,450.0,37.5,False,Pointer Move (unknown)
1786038388.3337758,372,428,Aug-06_shimul-block-1-trial-1-target-6,570.0,450.0,37.5,False,Pointer Move (unknown)
1786038388.445813,312,428,Aug-06_shimul-block-1-trial-1-target-6,570.0,450.0,37.5,False,Pointer Move (unknown)
1786038388.559679,252,428,Aug-06_shimul-block-1-trial-1-target-6,570.0,450.0,37.5,False,Pointer Move (unknown)
1786038388.780229,192,428,Aug-06_shimul-block-1-trial-1-target-6,570.0,450.0,37.5,False,Pointer Move (unknown)
1786038388.937349,132,428,Aug-06_shimul-block-1-trial-1-target-6,570.0,450.0,37.5,False,Pointer Move (unknown)
1786038389.053347,72,428,Aug-06_shimul-block-1-trial-1-target-6,570.0,450.0,37.5,False,Pointer Move (unknown)
1786038389.168235,12,428,Aug-06_shimul-block-1-trial-1-target-6,570.0,450.0,37.5,False,Pointer Move (unknown)
1786038394.772259,13,413,Aug-06_shimul-block-1-trial-1-target-6,570.0,450.0,37.5,False,Pointer Move (unknown)
1786038394.7790048,14,413,Aug-06_shimul-block-1-trial-1-target-6,570.0,450.0,37.5,False,Pointer Move (unknown)
1786038394.7907321,46,392,Aug-06_shimul-block-1-trial-1-target-6,570.0,450.0,37.5,False,Pointer Move (unknown)
1786038394.793615,67,383,Aug-06_shimul-block-1-trial-1-target-6,570.0,450.0,37.5,False,Pointer Move (unknown)
1786038394.8013198,93,374,Aug-06_shimul-block-1-trial-1-target-6,570.0,450.0,37.5,False,Pointer Move (unknown)
1786038394.808435,119,371,Aug-06_shimul-block-1-trial-1-target-6,570.0,450.0,37.5,False,Pointer Move (unknown)
1786038394.8159108,135,371,Aug-06_shimul-block-1-trial-1-target-6,570.0,450.0,37.5,False,Pointer Move (unknown)
1786038394.834103,157,377,Aug-06_shimul-block-1-trial-1-target-6,570.0,450.0,37.5,False,Pointer Move (unknown)
1786038394.839027,164,383,Aug-06_shimul-block-1-trial-1-target-6,570.0,450.0,37.5,False,Pointer Move (unknown)
1786038394.84593,199,397,Aug-06_shimul-block-1-trial-1-target-6,570.0,450.0,37.5,False,Pointer Move (unknown)
1786038394.853538,218,405,Aug-06_shimul-block-1-trial-1-target-6,570.0,450.0,37.5,False,Pointer Move (unknown)
1786038394.861347,242,414,Aug-06_shimul-block-1-trial-1-target-6,570.0,450.0,37.5,False,Pointer Move (unknown)
1786038394.8690739,265,418,Aug-06_shimul-block-1-trial-1-target-6,570.0,450.0,37.5,False,Pointer Move (unknown)
1786038394.884591,301,425,Aug-06_shimul-block-1-trial-1-target-6,570.0,450.0,37.5,False,Pointer Move (unknown)
1786038394.8923619,331,428,Aug-06_shimul-block-1-trial-1-target-6,570.0,450.0,37.5,False,Pointer Move (unknown)
1786038394.900736,476,431,Aug-06_shimul-block-1-trial-1-target-6,570.0,450.0,37.5,False,Pointer Move (unknown)
1786038394.905833,519,431,Aug-06_shimul-block-1-trial-1-target-6,570.0,450.0,37.5,False,Pointer Move (unknown)
1786038394.9134269,549,431,Aug-06_shimul-block-1-trial-1-target-6,570.0,450.0,37.5,False,Pointer Move (unknown)
1786038394.921403,589,431,Aug-06_shimul-block-1-trial-1-target-6,570.0,450.0,37.5,False,Pointer Move (unknown)
1786038394.9286919,618,431,Aug-06_shimul-block-1-trial-1-target-6,570.0,450.0,37.5,False,Pointer Move (unknown)
1786038394.936237,641,431,Aug-06_shimul-block-1-trial-1-target-6,570.0,450.0,37.5,False,Pointer Move (unknown)
1786038394.9439821,679,424,Aug-06_shimul-block-1-trial-1-target-6,570.0,450.0,37.5,False,Pointer Move (unknown)
1786038394.950884,709,418,Aug-06_shimul-block-1-trial-1-target-6,570.0,450.0,37.5,False,Pointer Move (unknown)
1786038394.958466,733,412,Aug-06_shimul-block-1-trial-1-target-6,570.0,450.0,37.5,False,Pointer Move (unknown)
1786038394.966539,768,403,Aug-06_shimul-block-1-trial-1-target-6,570.0,450.0,37.5,False,Pointer Move (unknown)
1786038394.973353,787,397,Aug-06_shimul-block-1-trial-1-target-6,570.0,450.0,37.5,False,Pointer Move (unknown)
1786038394.984115,808,389,Aug-06_shimul-block-1-trial-1-target-6,570.0,450.0,37.5,False,Pointer Move (unknown)
1786038394.988495,820,384,Aug-06_shimul-block-1-trial-1-target-6,570.0,450.0,37.5,False,Pointer Move (unknown)
1786038394.996164,825,382,Aug-06_shimul-block-1-trial-1-target-6,570.0,450.0,37.5,False,Pointer Move (unknown)
1786038395.003126,833,377,Aug-06_shimul-block-1-trial-1-target-6,570.0,450.0,37.5,False,Pointer Move (unknown)
1786038395.010992,835,374,Aug-06_shimul-block-1-trial-1-target-6,570.0,450.0,37.5,False,Pointer Move (unknown)
1786038395.019063,836,374,Aug-06_shimul-block-1-trial-1-target-6,570.0,450.0,37.5,False,Pointer Move (unknown)
1786038395.0266821,836,374,Aug-06_shimul-block-1-trial-1-target-6,570.0,450.0,37.5,False,Pointer Move (unknown)
1786038395.033683,836,373,Aug-06_shimul-block-1-trial-1-target-6,570.0,450.0,37.5,False,Pointer Move (unknown)
1786038395.040961,837,373,Aug-06_shimul-block-1-trial-1-target-6,570.0,450.0,37.5,False,Pointer Move (unknown)
1786038395.0496042,837,372,Aug-06_shimul-block-1-trial-1-target-6,570.0,450.0,37.5,False,Pointer Move (unknown)
1786038395.0557928,838,371,Aug-06_shimul-block-1-trial-1-target-6,570.0,450.0,37.5,False,Pointer Move (unknown)
1786038395.063513,838,371,Aug-06_shimul-block-1-trial-1-target-6,570.0,450.0,37.5,False,Pointer Move (unknown)
1786038395.071357,838,370,Aug-06_shimul-block-1-trial-1-target-6,570.0,450.0,37.5,False,Pointer Move (unknown)
1786038395.079456,838,370,Aug-06_shimul-block-1-trial-1-target-6,570.0,450.0,37.5,False,Pointer Move (unknown)
1786038395.086635,838,369,Aug-06_shimul-block-1-trial-1-target-6,570.0,450.0,37.5,False,Pointer Move (unknown)
1786038395.774775,777,369,Aug-06_shimul-block-1-trial-1-target-6,570.0,450.0,37.5,False,Pointer Move (unknown)
1786038395.933901,717,369,Aug-06_shimul-block-1-trial-1-target-6,570.0,450.0,37.5,False,Pointer Move (unknown)
1786038396.0459268,657,369,Aug-06_shimul-block-1-trial-1-target-6,570.0,450.0,37.5,False,Pointer Move (unknown)
1786038396.167624,597,369,Aug-06_shimul-block-1-trial-1-target-6,570.0,450.0,37.5,False,Pointer Move (unknown)
1786038398.0252101,537,369,Aug-06_shimul-block-1-trial-1-target-6,570.0,450.0,37.5,False,Pointer Move (unknown)
1786038398.183406,477,369,Aug-06_shimul-block-1-trial-1-target-6,570.0,450.0,37.5,False,Pointer Move (unknown)
1786038398.878292,477,429,Aug-06_shimul-block-1-trial-1-target-6,570.0,450.0,37.5,False,Pointer Move (unknown)
1786038405.534087,477,428,Aug-06_shimul-block-1-trial-1-target-6,570.0,450.0,37.5,False,Pointer Move (unknown)
1786038405.541856,478,428,Aug-06_shimul-block-1-trial-1-target-6,570.0,450.0,37.5,False,Pointer Move (unknown)
1786038405.5609071,501,399,Aug-06_shimul-block-1-trial-1-target-6,570.0,450.0,37.5,False,Pointer Move (unknown)
1786038405.5681112,529,377,Aug-06_shimul-block-1-trial-1-target-6,570.0,450.0,37.5,False,Pointer Move (unknown)
1786038405.5794518,558,362,Aug-06_shimul-block-1-trial-1-target-6,570.0,450.0,37.5,False,Pointer Move (unknown)
1786038405.579923,599,349,Aug-06_shimul-block-1-trial-1-target-6,570.0,450.0,37.5,False,Pointer Move (unknown)
1786038405.5857038,630,345,Aug-06_shimul-block-1-trial-1-target-6,570.0,450.0,37.5,False,Pointer Move (unknown)
1786038405.5937731,685,343,Aug-06_shimul-block-1-trial-1-target-6,570.0,450.0,37.5,False,Pointer Move (unknown)
1786038405.60092,741,343,Aug-06_shimul-block-1-trial-1-target-6,570.0,450.0,37.5,False,Pointer Move (unknown)
1786038405.6083992,763,346,Aug-06_shimul-block-1-trial-1-target-6,570.0,450.0,37.5,False,Pointer Move (unknown)
1786038405.616852,819,359,Aug-06_shimul-block-1-trial-1-target-6,570.0,450.0,37.5,False,Pointer Move (unknown)
1786038405.6240919,838,363,Aug-06_shimul-block-1-trial-1-target-6,570.0,450.0,37.5,False,Pointer Move (unknown)
1786038405.634274,873,378,Aug-06_shimul-block-1-trial-1-target-6,570.0,450.0,37.5,False,Pointer Move (unknown)
1786038405.639508,893,390,Aug-06_shimul-block-1-trial-1-target-6,570.0,450.0,37.5,False,Pointer Move (unknown)
1786038405.654156,904,401,Aug-06_shimul-block-1-trial-1-target-6,570.0,450.0,37.5,False,Pointer Move (unknown)
1786038405.6614678,916,409,Aug-06_shimul-block-1-trial-1-target-6,570.0,450.0,37.5,False,Pointer Move (unknown)
1786038405.6698802,934,425,Aug-06_shimul-block-1-trial-1-target-6,570.0,450.0,37.5,False,Pointer Move (unknown)
1786038405.684217,943,431,Aug-06_shimul-block-1-trial-1-target-6,570.0,450.0,37.5,False,Pointer Move (unknown)
1786038405.691653,949,436,Aug-06_shimul-block-1-trial-1-target-6,570.0,450.0,37.5,False,Pointer Move (unknown)
1786038405.7005398,963,444,Aug-06_shimul-block-1-trial-1-target-6,570.0,450.0,37.5,False,Pointer Move (unknown)
1786038405.7064161,965,445,Aug-06_shimul-block-1-trial-1-target-6,570.0,450.0,37.5,False,Pointer Move (unknown)
1786038405.716633,965,445,Aug-06_shimul-block-1-trial-1-target-6,570.0,450.0,37.5,False,Pointer Move (unknown)
1786038405.7213929,966,445,Aug-06_shimul-block-1-trial-1-target-6,570.0,450.0,37.5,False,Pointer Move (unknown)
1786038405.758027,965,445,Aug-06_shimul-block-1-trial-1-target-6,570.0,450.0,37.5,False,Pointer Move (unknown)
1786038405.784291,965,446,Aug-06_shimul-block-1-trial-1-target-6,570.0,450.0,37.5,False,Pointer Move (unknown)
1786038405.789817,964,446,Aug-06_shimul-block-1-trial-1-target-6,570.0,450.0,37.5,False,Pointer Move (unknown)
1786038405.796031,955,450,Aug-06_shimul-block-1-trial-1-target-6,570.0,450.0,37.5,False,Pointer Move (unknown)
1786038405.8049972,946,455,Aug-06_shimul-block-1-trial-1-target-6,570.0,450.0,37.5,False,Pointer Move (unknown)
1786038405.811111,941,457,Aug-06_shimul-block-1-trial-1-target-6,570.0,450.0,37.5,False,Pointer Move (unknown)
1786038405.8190742,929,464,Aug-06_shimul-block-1-trial-1-target-6,570.0,450.0,37.5,False,Pointer Move (unknown)
1786038405.8351529,917,469,Aug-06_shimul-block-1-trial-1-target-6,570.0,450.0,37.5,False,Pointer Move (unknown)
1786038405.8418932,903,473,Aug-06_shimul-block-1-trial-1-target-6,570.0,450.0,37.5,False,Pointer Move (unknown)
1786038405.849949,845,493,Aug-06_shimul-block-1-trial-1-target-6,570.0,450.0,37.5,False,Pointer Move (unknown)
1786038405.856928,831,496,Aug-06_shimul-block-1-trial-1-target-6,570.0,450.0,37.5,False,Pointer Move (unknown)
1786038405.866383,814,499,Aug-06_shimul-block-1-trial-1-target-6,570.0,450.0,37.5,False,Pointer Move (unknown)
1786038405.8724852,793,503,Aug-06_shimul-block-1-trial-1-target-6,570.0,450.0,37.5,False,Pointer Move (unknown)
1786038405.8794491,774,509,Aug-06_shimul-block-1-trial-1-target-6,570.0,450.0,37.5,False,Pointer Move (unknown)
1786038405.886654,751,514,Aug-06_shimul-block-1-trial-1-target-6,570.0,450.0,37.5,False,Pointer Move (unknown)
1786038405.89374,734,515,Aug-06_shimul-block-1-trial-1-target-6,570.0,450.0,37.5,False,Pointer Move (unknown)
1786038405.901093,718,517,Aug-06_shimul-block-1-trial-1-target-6,570.0,450.0,37.5,False,Pointer Move (unknown)
1786038405.90867,705,518,Aug-06_shimul-block-1-trial-1-target-6,570.0,450.0,37.5,False,Pointer Move (unknown)
1786038405.917053,694,519,Aug-06_shimul-block-1-trial-1-target-6,570.0,450.0,37.5,False,Pointer Move (unknown)
1786038405.923719,679,519,Aug-06_shimul-block-1-trial-1-target-6,570.0,450.0,37.5,False,Pointer Move (unknown)
1786038405.93401,665,519,Aug-06_shimul-block-1-trial-1-target-6,570.0,450.0,37.5,False,Pointer Move (unknown)
1786038405.939191,651,519,Aug-06_shimul-block-1-trial-1-target-6,570.0,450.0,37.5,False,Pointer Move (unknown)
1786038405.946411,642,519,Aug-06_shimul-block-1-trial-1-target-6,570.0,450.0,37.5,False,Pointer Move (unknown)
1786038405.954155,632,519,Aug-06_shimul-block-1-trial-1-target-6,570.0,450.0,37.5,False,Pointer Move (unknown)
1786038405.961353,627,519,Aug-06_shimul-block-1-trial-1-target-6,570.0,450.0,37.5,False,Pointer Move (unknown)
1786038405.968715,620,519,Aug-06_shimul-block-1-trial-1-target-6,570.0,450.0,37.5,False,Pointer Move (unknown)
1786038405.983993,619,519,Aug-06_shimul-block-1-trial-1-target-6,570.0,450.0,37.5,False,Pointer Move (unknown)
1786038405.991221,619,519,Aug-06_shimul-block-1-trial-1-target-6,570.0,450.0,37.5,False,Pointer Move (unknown)
1786038406.000084,615,519,Aug-06_shimul-block-1-trial-1-target-6,570.0,450.0,37.5,False,Pointer Move (unknown)
1786038406.0165398,615,519,Aug-06_shimul-block-1-trial-1-target-6,570.0,450.0,37.5,False,Pointer Move (unknown)
1786038406.021333,613,518,Aug-06_shimul-block-1-trial-1-target-6,570.0,450.0,37.5,False,Pointer Move (unknown)
1786038406.028928,613,518,Aug-06_shimul-block-1-trial-1-target-6,570.0,450.0,37.5,False,Pointer Move (unknown)
1786038406.036244,605,517,Aug-06_shimul-block-1-trial-1-target-6,570.0,450.0,37.5,False,Pointer Move (unknown)
1786038406.044153,604,516,Aug-06_shimul-block-1-trial-1-target-6,570.0,450.0,37.5,False,Pointer Move (unknown)
1786038406.051214,603,516,Aug-06_shimul-block-1-trial-1-target-6,570.0,450.0,37.5,False,Pointer Move (unknown)
1786038406.0586429,602,516,Aug-06_shimul-block-1-trial-1-target-6,570.0,450.0,37.5,False,Pointer Move (unknown)
1786038406.066319,601,516,Aug-06_shimul-block-1-trial-1-target-6,570.0,450.0,37.5,False,Pointer Move (unknown)
1786038406.073718,600,516,Aug-06_shimul-block-1-trial-1-target-6,570.0,450.0,37.5,False,Pointer Move (unknown)
1786038406.0835772,600,515,Aug-06_shimul-block-1-trial-1-target-6,570.0,450.0,37.5,False,Pointer Move (unknown)
1786038406.088643,600,515,Aug-06_shimul-block-1-trial-1-target-6,570.0,450.0,37.5,False,Pointer Move (unknown)
1786038406.096598,599,515,Aug-06_shimul-block-1-trial-1-target-6,570.0,450.0,37.5,False,Pointer Move (unknown)
1786038406.10403,599,515,Aug-06_shimul-block-1-trial-1-target-6,570.0,450.0,37.5,False,Pointer Move (unknown)
1786038406.111493,599,514,Aug-06_shimul-block-1-trial-1-target-6,570.0,450.0,37.5,False,Pointer Move (unknown)
1786038406.118465,598,514,Aug-06_shimul-block-1-trial-1-target-6,570.0,450.0,37.5,False,Pointer Move (unknown)
1786038406.1265018,597,512,Aug-06_shimul-block-1-trial-1-target-6,570.0,450.0,37.5,False,Pointer Move (unknown)
1786038406.133764,596,510,Aug-06_shimul-block-1-trial-1-target-6,570.0,450.0,37.5,False,Pointer Move (unknown)
1786038406.1419609,595,509,Aug-06_shimul-block-1-trial-1-target-6,570.0,450.0,37.5,False,Pointer Move (unknown)
1786038406.1503072,592,507,Aug-06_shimul-block-1-trial-1-target-6,570.0,450.0,37.5,False,Pointer Move (unknown)
1786038406.156055,589,505,Aug-06_shimul-block-1-trial-1-target-6,570.0,450.0,37.5,False,Pointer Move (unknown)
1786038406.1663418,585,502,Aug-06_shimul-block-1-trial-1-target-6,570.0,450.0,37.5,False,Pointer Move (unknown)
1786038406.1711402,584,501,Aug-06_shimul-block-1-trial-1-target-6,570.0,450.0,37.5,False,Pointer Move (unknown)
1786038406.1791308,575,496,Aug-06_shimul-block-1-trial-1-target-6,570.0,450.0,37.5,False,Pointer Move (unknown)
1786038406.186372,574,495,Aug-06_shimul-block-1-trial-1-target-6,570.0,450.0,37.5,False,Pointer Move (unknown)
1786038406.193563,567,490,Aug-06_shimul-block-1-trial-1-target-6,570.0,450.0,37.5,False,Pointer Move (unknown)
1786038406.2009442,564,486,Aug-06_shimul-block-1-trial-1-target-6,570.0,450.0,37.5,False,Pointer Move (unknown)
1786038406.208247,560,482,Aug-06_shimul-block-1-trial-1-target-6,570.0,450.0,37.5,False,Pointer Move (unknown)
1786038406.2166631,560,482,Aug-06_shimul-block-1-trial-1-target-6,570.0,450.0,37.5,False,Pointer Move (unknown)
1786038406.224015,557,477,Aug-06_shimul-block-1-trial-1-target-6,570.0,450.0,37.5,False,Pointer Move (unknown)
1786038406.2344031,555,474,Aug-06_shimul-block-1-trial-1-target-6,570.0,450.0,37.5,False,Pointer Move (unknown)
1786038406.2394361,551,470,Aug-06_shimul-block-1-trial-1-target-6,570.0,450.0,37.5,False,Pointer Move (unknown)
1786038406.2461922,550,469,Aug-06_shimul-block-1-trial-1-target-6,570.0,450.0,37.5,False,Pointer Move (unknown)
1786038406.2537951,547,463,Aug-06_shimul-block-1-trial-1-target-6,570.0,450.0,37.5,False,Pointer Move (unknown)
1786038406.261164,545,460,Aug-06_shimul-block-1-trial-1-target-6,570.0,450.0,37.5,False,Pointer Move (unknown)
1786038406.269231,545,460,Aug-06_shimul-block-1-trial-1-target-6,570.0,450.0,37.5,False,Pointer Move (unknown)
1786038406.276474,544,456,Aug-06_shimul-block-1-trial-1-target-6,570.0,450.0,37.5,False,Pointer Move (unknown)
1786038406.284095,544,456,Aug-06_shimul-block-1-trial-1-target-6,570.0,450.0,37.5,False,Pointer Move (unknown)
1786038406.2913752,543,452,Aug-06_shimul-block-1-trial-1-target-6,570.0,450.0,37.5,False,Pointer Move (unknown)
1786038406.3001049,542,452,Aug-06_shimul-block-1-trial-1-target-6,570.0,450.0,37.5,False,Pointer Move (unknown)
1786038406.313764,542,450,Aug-06_shimul-block-1-trial-1-target-6,570.0,450.0,37.5,False,Pointer Move (unknown)
1786038406.3207529,542,450,Aug-06_shimul-block-1-trial-1-target-6,570.0,450.0,37.5,False,Pointer Move (unknown)
1786038406.329121,542,449,Aug-06_shimul-block-1-trial-1-target-6,570.0,450.0,37.5,False,Pointer Move (unknown)
1786038406.336292,542,449,Aug-06_shimul-block-1-trial-1-target-6,570.0,450.0,37.5,False,Pointer Move (unknown)
1786038406.344063,542,449,Aug-06_shimul-block-1-trial-1-target-6,570.0,450.0,37.5,False,Pointer Move (unknown)
1786038406.3510458,542,448,Aug-06_shimul-block-1-trial-1-target-6,570.0,450.0,37.5,False,Pointer Move (unknown)
1786038406.396415,542,448,Aug-06_shimul-block-1-trial-1-target-6,570.0,450.0,37.5,False,Pointer Move (unknown)
1786038406.404073,542,448,Aug-06_shimul-block-1-trial-1-target-6,570.0,450.0,37.5,False,Pointer Move (unknown)
1786038406.411614,542,447,Aug-06_shimul-block-1-trial-1-target-6,570.0,450.0,37.5,False,Pointer Move (unknown)
1786038406.419581,543,447,Aug-06_shimul-block-1-trial-1-target-6,570.0,450.0,37.5,False,Pointer Move (unknown)
1786038406.4269629,544,447,Aug-06_shimul-block-1-trial-1-target-6,570.0,450.0,37.5,False,Pointer Move (unknown)
1786038406.434392,544,447,Aug-06_shimul-block-1-trial-1-target-6,570.0,450.0,37.5,False,Pointer Move (unknown)
1786038406.45243,544,446,Aug-06_shimul-block-1-trial-1-target-6,570.0,450.0,37.5,False,Pointer Move (unknown)
1786038406.4667652,545,446,Aug-06_shimul-block-1-trial-1-target-6,570.0,450.0,37.5,False,Pointer Move (unknown)
1786038406.471572,545,445,Aug-06_shimul-block-1-trial-1-target-6,570.0,450.0,37.5,False,Pointer Move (unknown)
1786038406.4799201,546,445,Aug-06_shimul-block-1-trial-1-target-6,570.0,450.0,37.5,False,Pointer Move (unknown)
1786038406.486728,546,445,Aug-06_shimul-block-1-trial-1-target-6,570.0,450.0,37.5,False,Pointer Move (unknown)
1786038406.494088,547,445,Aug-06_shimul-block-1-trial-1-target-6,570.0,450.0,37.5,False,Pointer Move (unknown)
1786038406.501312,547,444,Aug-06_shimul-block-1-trial-1-target-6,570.0,450.0,37.5,False,Pointer Move (unknown)
1786038406.508576,547,444,Aug-06_shimul-block-1-trial-1-target-6,570.0,450.0,37.5,False,Pointer Move (unknown)
1786038406.534393,547,444,Aug-06_shimul-block-1-trial-1-target-6,570.0,450.0,37.5,False,Pointer Move (unknown)
1786038406.553985,548,444,Aug-06_shimul-block-1-trial-1-target-6,570.0,450.0,37.5,False,Pointer Move (unknown)
1786038406.5613241,548,444,Aug-06_shimul-block-1-trial-1-target-6,570.0,450.0,37.5,False,Pointer Move (unknown)
1786038406.568851,548,444,Aug-06_shimul-block-1-trial-1-target-6,570.0,450.0,37.5,False,Pointer Move (unknown)
1786038406.58446,549,443,Aug-06_shimul-block-1-trial-1-target-6,570.0,450.0,37.5,False,Pointer Move (unknown)
1786038406.5915542,549,443,Aug-06_shimul-block-1-trial-1-target-6,570.0,450.0,37.5,False,Pointer Move (unknown)
1786038406.59996,551,442,Aug-06_shimul-block-1-trial-1-target-6,570.0,450.0,37.5,False,Pointer Move (unknown)
1786038406.605962,551,442,Aug-06_shimul-block-1-trial-1-target-6,570.0,450.0,37.5,False,Pointer Move (unknown)
1786038406.613659,552,442,Aug-06_shimul-block-1-trial-1-target-6,570.0,450.0,37.5,False,Pointer Move (unknown)
1786038406.823591,552,442,Aug-06_shimul-block-1-trial-1-target-6,570.0,450.0,37.5,False,Pointer Move (unknown)
1786038406.8333282,551,442,Aug-06_shimul-block-1-trial-1-target-6,570.0,450.0,37.5,False,Pointer Move (unknown)
1786038407.074108,551,442,Aug-06_shimul-block-1-trial-1-target-6,570.0,450.0,37.5,False,Pointer Move (unknown)
1786038407.085407,551,442,Aug-06_shimul-block-1-trial-1-target-6,570.0,450.0,37.5,target_selected,target_selected
