timestamp,cursor_x,cursor_y,target_id,target_center_x,target_center_y,target_radius,click_event,movement_state
1785569692.369673,724,450,p1-block-1-trial-1-target-1,861.0,309.0,30.0,False,Pointer Move (Standard mouse)
1785569692.374815,724,447,p1-block-1-trial-1-target-1,861.0,309.0,30.0,False,Pointer Move (Standard mouse)
1785569692.3804421,728,443,p1-block-1-trial-1-target-1,861.0,309.0,30.0,False,Pointer Move (Standard mouse)
1785569692.389708,728,441,p1-block-1-trial-1-target-1,861.0,309.0,30.0,False,Pointer Move (Standard mouse)
1785569692.3954718,729,440,p1-block-1-trial-1-target-1,861.0,309.0,30.0,False,Pointer Move (Standard mouse)
1785569692.403681,729,439,p1-block-1-trial-1-target-1,861.0,309.0,30.0,False,Pointer Move (Standard mouse)
1785569692.411169,729,439,p1-block-1-trial-1-target-1,861.0,309.0,30.0,False,Pointer Move (Standard mouse)
1785569692.419322,730,438,p1-block-1-trial-1-target-1,861.0,309.0,30.0,False,Pointer Move (Standard mouse)
1785569692.426223,730,438,p1-block-1-trial-1-target-1,861.0,309.0,30.0,False,Pointer Move (Standard mouse)
1785569692.432082,732,436,p1-block-1-trial-1-target-1,861.0,309.0,30.0,False,Pointer Move (Standard mouse)
1785569692.440981,732,436,p1-block-1-trial-1-target-1,861.0,309.0,30.0,False,Pointer Move (Standard mouse)
1785569692.4476302,736,433,p1-block-1-trial-1-target-1,861.0,309.0,30.0,False,Pointer Move (Standard mouse)
1785569692.4564312,743,429,p1-block-1-trial-1-target-1,861.0,309.0,30.0,False,Pointer Move (Standard mouse)
1785569692.46325,745,428,p1-block-1-trial-1-target-1,861.0,309.0,30.0,False,Pointer Move (Standard mouse)
1785569692.472621,754,423,p1-block-1-trial-1-target-1,861.0,309.0,30.0,False,Pointer Move (Standard mouse)
1785569692.4796958,766,418,p1-block-1-trial-1-target-1,861.0,309.0,30.0,False,Pointer Move (Standard mouse)
1785569692.4877188,780,412,p1-block-1-trial-1-target-1,861.0,309.0,30.0,False,Pointer Move (Standard mouse)
1785569692.494797,791,405,p1-block-1-trial-1-target-1,861.0,309.0,30.0,False,Pointer Move (Standard mouse)
1785569692.5005739,805,398,p1-block-1-trial-1-target-1,861.0,309.0,30.0,False,Pointer Move (Standard mouse)
1785569692.510329,817,391,p1-block-1-trial-1-target-1,861.0,309.0,30.0,False,Pointer Move (Standard mouse)
1785569692.5165582,828,385,p1-block-1-trial-1-target-1,861.0,309.0,30.0,False,Pointer Move (Standard mouse)
1785569692.5249972,832,382,p1-block-1-trial-1-target-1,861.0,309.0,30.0,False,Pointer Move (Standard mouse)
1785569692.530664,840,374,p1-block-1-trial-1-target-1,861.0,309.0,30.0,False,Pointer Move (Standard mouse)
1785569692.538659,846,365,p1-block-1-trial-1-target-1,861.0,309.0,30.0,False,Pointer Move (Standard mouse)
1785569692.5457978,847,363,p1-block-1-trial-1-target-1,861.0,309.0,30.0,False,Pointer Move (Standard mouse)
1785569692.553673,851,356,p1-block-1-trial-1-target-1,861.0,309.0,30.0,False,Pointer Move (Standard mouse)
1785569692.560891,853,350,p1-block-1-trial-1-target-1,861.0,309.0,30.0,False,Pointer Move (Standard mouse)
1785569692.569165,854,345,p1-block-1-trial-1-target-1,861.0,309.0,30.0,False,Pointer Move (Standard mouse)
1785569692.57588,855,340,p1-block-1-trial-1-target-1,861.0,309.0,30.0,False,Pointer Move (Standard mouse)
1785569692.5830772,855,334,p1-block-1-trial-1-target-1,861.0,309.0,30.0,False,Pointer Move (Standard mouse)
1785569692.591678,855,333,p1-block-1-trial-1-target-1,861.0,309.0,30.0,False,Pointer Move (Standard mouse)
1785569692.598259,855,330,p1-block-1-trial-1-target-1,861.0,309.0,30.0,False,Pointer Move (Standard mouse)
1785569692.6060312,855,326,p1-block-1-trial-1-target-1,861.0,309.0,30.0,False,Pointer Move (Standard mouse)
1785569692.614901,855,321,p1-block-1-trial-1-target-1,861.0,309.0,30.0,False,Pointer Move (Standard mouse)
1785569692.621761,855,320,p1-block-1-trial-1-target-1,861.0,309.0,30.0,False,Pointer Move (Standard mouse)
1785569692.62907,854,317,p1-block-1-trial-1-target-1,861.0,309.0,30.0,False,Pointer Move (Standard mouse)
1785569692.6369998,853,316,p1-block-1-trial-1-target-1,861.0,309.0,30.0,False,Pointer Move (Standard mouse)
1785569692.643689,853,312,p1-block-1-trial-1-target-1,861.0,309.0,30.0,False,Pointer Move (Standard mouse)
1785569692.6505542,852,309,p1-block-1-trial-1-target-1,861.0,309.0,30.0,False,Pointer Move (Standard mouse)
1785569692.658676,852,307,p1-block-1-trial-1-target-1,861.0,309.0,30.0,False,Pointer Move (Standard mouse)
1785569692.6657321,851,304,p1-block-1-trial-1-target-1,861.0,309.0,30.0,False,Pointer Move (Standard mouse)
1785569692.673784,850,303,p1-block-1-trial-1-target-1,861.0,309.0,30.0,False,Pointer Move (Standard mouse)
1785569692.681398,850,303,p1-block-1-trial-1-target-1,861.0,309.0,30.0,False,Pointer Move (Standard mouse)
1785569692.689107,850,302,p1-block-1-trial-1-target-1,861.0,309.0,30.0,False,Pointer Move (Standard mouse)
1785569692.696739,850,301,p1-block-1-trial-1-target-1,861.0,309.0,30.0,False,Pointer Move (Standard mouse)
1785569692.704284,850,301,p1-block-1-trial-1-target-1,861.0,309.0,30.0,False,Pointer Move (Standard mouse)
1785569692.711755,850,300,p1-block-1-trial-1-target-1,861.0,309.0,30.0,False,Pointer Move (Standard mouse)
1785569692.7190442,850,300,p1-block-1-trial-1-target-1,861.0,309.0,30.0,False,Pointer Move (Standard mouse)
1785569692.726361,850,300,p1-block-1-trial-1-target-1,861.0,309.0,30.0,False,Pointer Move (Standard mouse)
1785569692.733367,850,299,p1-block-1-trial-1-target-1,861.0,309.0,30.0,False,Pointer Move (Standard mouse)
1785569692.743142,850,299,p1-block-1-trial-1-target-1,861.0,309.0,30.0,False,Pointer Move (Standard mouse)
1785569692.74912,851,299,p1-block-1-trial-1-target-1,861.0,309.0,30.0,False,Pointer Move (Standard mouse)
1785569692.756502,851,298,p1-block-1-trial-1-target-1,861.0,309.0,30.0,False,Pointer Move (Standard mouse)
1785569692.763461,851,298,p1-block-1-trial-1-target-1,861.0,309.0,30.0,False,Pointer Move (Standard mouse)
1785569692.7798378,851,298,p1-block-1-trial-1-target-1,861.0,309.0,30.0,False,Pointer Move (Standard mouse)
1785569692.79361,851,297,p1-block-1-trial-1-target-1,861.0,309.0,30.0,False,Pointer Move (Standard mouse)
1785569692.803895,852,297,p1-block-1-trial-1-target-1,861.0,309.0,30.0,False,Pointer Move (Standard mouse)
1785569692.8160372,852,297,p1-block-1-trial-1-target-1,861.0,309.0,30.0,False,Pointer Move (Standard mouse)
1785569692.8230789,852,297,p1-block-1-trial-1-target-1,861.0,309.0,30.0,False,Pointer Move (Standard mouse)
1785569692.846058,852,297,p1-block-1-trial-1-target-1,861.0,309.0,30.0,False,Pointer Move (Standard mouse)
1785569692.892184,852,297,p1-block-1-trial-1-target-1,861.0,309.0,30.0,target_selected,target_selected
1785569693.1169522,852,298,p1-block-1-trial-2-target-5,579.0,591.0,30.0,False,Pointer Move (Standard mouse)
1785569693.125512,852,298,p1-block-1-trial-2-target-5,579.0,591.0,30.0,False,Pointer Move (Standard mouse)
1785569693.132254,850,305,p1-block-1-trial-2-target-5,579.0,591.0,30.0,False,Pointer Move (Standard mouse)
1785569693.140413,849,308,p1-block-1-trial-2-target-5,579.0,591.0,30.0,False,Pointer Move (Standard mouse)
1785569693.146471,846,313,p1-block-1-trial-2-target-5,579.0,591.0,30.0,False,Pointer Move (Standard mouse)
1785569693.153968,839,321,p1-block-1-trial-2-target-5,579.0,591.0,30.0,False,Pointer Move (Standard mouse)
1785569693.1622038,834,330,p1-block-1-trial-2-target-5,579.0,591.0,30.0,False,Pointer Move (Standard mouse)
1785569693.1694138,823,341,p1-block-1-trial-2-target-5,579.0,591.0,30.0,False,Pointer Move (Standard mouse)
1785569693.177632,808,356,p1-block-1-trial-2-target-5,579.0,591.0,30.0,False,Pointer Move (Standard mouse)
1785569693.1837592,793,369,p1-block-1-trial-2-target-5,579.0,591.0,30.0,False,Pointer Move (Standard mouse)
1785569693.190651,782,378,p1-block-1-trial-2-target-5,579.0,591.0,30.0,False,Pointer Move (Standard mouse)
1785569693.198171,761,393,p1-block-1-trial-2-target-5,579.0,591.0,30.0,False,Pointer Move (Standard mouse)
1785569693.206201,739,410,p1-block-1-trial-2-target-5,579.0,591.0,30.0,False,Pointer Move (Standard mouse)
1785569693.214057,718,425,p1-block-1-trial-2-target-5,579.0,591.0,30.0,False,Pointer Move (Standard mouse)
1785569693.2219121,691,444,p1-block-1-trial-2-target-5,579.0,591.0,30.0,False,Pointer Move (Standard mouse)
1785569693.229281,670,459,p1-block-1-trial-2-target-5,579.0,591.0,30.0,False,Pointer Move (Standard mouse)
1785569693.2380831,657,471,p1-block-1-trial-2-target-5,579.0,591.0,30.0,False,Pointer Move (Standard mouse)
1785569693.2450078,631,490,p1-block-1-trial-2-target-5,579.0,591.0,30.0,False,Pointer Move (Standard mouse)
1785569693.2515259,612,505,p1-block-1-trial-2-target-5,579.0,591.0,30.0,False,Pointer Move (Standard mouse)
1785569693.2583559,607,511,p1-block-1-trial-2-target-5,579.0,591.0,30.0,False,Pointer Move (Standard mouse)
1785569693.267244,591,527,p1-block-1-trial-2-target-5,579.0,591.0,30.0,False,Pointer Move (Standard mouse)
1785569693.27284,587,530,p1-block-1-trial-2-target-5,579.0,591.0,30.0,False,Pointer Move (Standard mouse)
1785569693.280632,578,543,p1-block-1-trial-2-target-5,579.0,591.0,30.0,False,Pointer Move (Standard mouse)
1785569693.288668,574,548,p1-block-1-trial-2-target-5,579.0,591.0,30.0,False,Pointer Move (Standard mouse)
1785569693.2957911,568,556,p1-block-1-trial-2-target-5,579.0,591.0,30.0,False,Pointer Move (Standard mouse)
1785569693.3040378,563,561,p1-block-1-trial-2-target-5,579.0,591.0,30.0,False,Pointer Move (Standard mouse)
1785569693.3130019,560,564,p1-block-1-trial-2-target-5,579.0,591.0,30.0,False,Pointer Move (Standard mouse)
1785569693.318971,556,568,p1-block-1-trial-2-target-5,579.0,591.0,30.0,False,Pointer Move (Standard mouse)
1785569693.3270762,555,570,p1-block-1-trial-2-target-5,579.0,591.0,30.0,False,Pointer Move (Standard mouse)
1785569693.334784,555,570,p1-block-1-trial-2-target-5,579.0,591.0,30.0,False,Pointer Move (Standard mouse)
1785569693.341538,555,571,p1-block-1-trial-2-target-5,579.0,591.0,30.0,False,Pointer Move (Standard mouse)
1785569693.348895,554,571,p1-block-1-trial-2-target-5,579.0,591.0,30.0,False,Pointer Move (Standard mouse)
1785569693.3567219,554,572,p1-block-1-trial-2-target-5,579.0,591.0,30.0,False,Pointer Move (Standard mouse)
1785569693.363631,554,572,p1-block-1-trial-2-target-5,579.0,591.0,30.0,False,Pointer Move (Standard mouse)
1785569693.392975,554,572,p1-block-1-trial-2-target-5,579.0,591.0,30.0,False,Pointer Move (Standard mouse)
1785569693.42356,554,573,p1-block-1-trial-2-target-5,579.0,591.0,30.0,False,Pointer Move (Standard mouse)
1785569693.4312341,554,573,p1-block-1-trial-2-target-5,579.0,591.0,30.0,False,Pointer Move (Standard mouse)
1785569693.4381151,555,575,p1-block-1-trial-2-target-5,579.0,591.0,30.0,False,Pointer Move (Standard mouse)
1785569693.4466932,556,575,p1-block-1-trial-2-target-5,579.0,591.0,30.0,False,Pointer Move (Standard mouse)
1785569693.4534242,557,577,p1-block-1-trial-2-target-5,579.0,591.0,30.0,False,Pointer Move (Standard mouse)
1785569693.461065,559,579,p1-block-1-trial-2-target-5,579.0,591.0,30.0,False,Pointer Move (Standard mouse)
1785569693.468189,560,581,p1-block-1-trial-2-target-5,579.0,591.0,30.0,False,Pointer Move (Standard mouse)
1785569693.477525,562,582,p1-block-1-trial-2-target-5,579.0,591.0,30.0,False,Pointer Move (Standard mouse)
1785569693.483825,562,583,p1-block-1-trial-2-target-5,579.0,591.0,30.0,False,Pointer Move (Standard mouse)
1785569693.491522,564,584,p1-block-1-trial-2-target-5,579.0,591.0,30.0,False,Pointer Move (Standard mouse)
1785569693.4999528,565,585,p1-block-1-trial-2-target-5,579.0,591.0,30.0,False,Pointer Move (Standard mouse)
1785569693.507825,566,586,p1-block-1-trial-2-target-5,579.0,591.0,30.0,False,Pointer Move (Standard mouse)
1785569693.5144231,567,587,p1-block-1-trial-2-target-5,579.0,591.0,30.0,False,Pointer Move (Standard mouse)
1785569693.520871,567,587,p1-block-1-trial-2-target-5,579.0,591.0,30.0,False,Pointer Move (Standard mouse)
1785569693.529428,567,587,p1-block-1-trial-2-target-5,579.0,591.0,30.0,False,Pointer Move (Standard mouse)
1785569693.5361469,568,588,p1-block-1-trial-2-target-5,579.0,591.0,30.0,False,Pointer Move (Standard mouse)
1785569693.544225,568,588,p1-block-1-trial-2-target-5,579.0,591.0,30.0,False,Pointer Move (Standard mouse)
1785569693.559126,569,588,p1-block-1-trial-2-target-5,579.0,591.0,30.0,False,Pointer Move (Standard mouse)
1785569693.566028,569,588,p1-block-1-trial-2-target-5,579.0,591.0,30.0,False,Pointer Move (Standard mouse)
1785569693.5731761,569,589,p1-block-1-trial-2-target-5,579.0,591.0,30.0,False,Pointer Move (Standard mouse)
1785569693.581385,569,589,p1-block-1-trial-2-target-5,579.0,591.0,30.0,False,Pointer Move (Standard mouse)
1785569693.588187,569,590,p1-block-1-trial-2-target-5,579.0,591.0,30.0,False,Pointer Move (Standard mouse)
1785569693.595851,570,590,p1-block-1-trial-2-target-5,579.0,591.0,30.0,False,Pointer Move (Standard mouse)
1785569693.6039062,570,590,p1-block-1-trial-2-target-5,579.0,591.0,30.0,False,Pointer Move (Standard mouse)
1785569693.619888,570,591,p1-block-1-trial-2-target-5,579.0,591.0,30.0,False,Pointer Move (Standard mouse)
1785569693.657421,570,591,p1-block-1-trial-2-target-5,579.0,591.0,30.0,False,Pointer Move (Standard mouse)
1785569693.686781,570,591,p1-block-1-trial-2-target-5,579.0,591.0,30.0,target_selected,target_selected
1785569693.695334,570,591,p1-block-1-trial-3-target-1,861.0,309.0,30.0,False,Pointer Move (Standard mouse)
1785569693.775157,570,591,p1-block-1-trial-3-target-1,861.0,309.0,30.0,False,Pointer Move (Standard mouse)
1785569693.782558,570,591,p1-block-1-trial-3-target-1,861.0,309.0,30.0,False,Pointer Move (Standard mouse)
1785569693.7900329,570,590,p1-block-1-trial-3-target-1,861.0,309.0,30.0,False,Pointer Move (Standard mouse)
1785569693.799275,569,590,p1-block-1-trial-3-target-1,861.0,309.0,30.0,False,Pointer Move (Standard mouse)
1785569693.806106,569,589,p1-block-1-trial-3-target-1,861.0,309.0,30.0,False,Pointer Move (Standard mouse)
1785569693.814038,570,585,p1-block-1-trial-3-target-1,861.0,309.0,30.0,False,Pointer Move (Standard mouse)
1785569693.821079,571,582,p1-block-1-trial-3-target-1,861.0,309.0,30.0,False,Pointer Move (Standard mouse)
1785569693.828373,572,580,p1-block-1-trial-3-target-1,861.0,309.0,30.0,False,Pointer Move (Standard mouse)
1785569693.836141,575,576,p1-block-1-trial-3-target-1,861.0,309.0,30.0,False,Pointer Move (Standard mouse)
1785569693.843487,578,571,p1-block-1-trial-3-target-1,861.0,309.0,30.0,False,Pointer Move (Standard mouse)
1785569693.8507898,584,564,p1-block-1-trial-3-target-1,861.0,309.0,30.0,False,Pointer Move (Standard mouse)
1785569693.858332,590,558,p1-block-1-trial-3-target-1,861.0,309.0,30.0,False,Pointer Move (Standard mouse)
1785569693.865526,600,547,p1-block-1-trial-3-target-1,861.0,309.0,30.0,False,Pointer Move (Standard mouse)
1785569693.87303,604,541,p1-block-1-trial-3-target-1,861.0,309.0,30.0,False,Pointer Move (Standard mouse)
1785569693.880658,621,525,p1-block-1-trial-3-target-1,861.0,309.0,30.0,False,Pointer Move (Standard mouse)
1785569693.888067,632,513,p1-block-1-trial-3-target-1,861.0,309.0,30.0,False,Pointer Move (Standard mouse)
1785569693.895357,645,502,p1-block-1-trial-3-target-1,861.0,309.0,30.0,False,Pointer Move (Standard mouse)
1785569693.9038248,660,485,p1-block-1-trial-3-target-1,861.0,309.0,30.0,False,Pointer Move (Standard mouse)
1785569693.910923,677,470,p1-block-1-trial-3-target-1,861.0,309.0,30.0,False,Pointer Move (Standard mouse)
1785569693.918411,698,450,p1-block-1-trial-3-target-1,861.0,309.0,30.0,False,Pointer Move (Standard mouse)
1785569693.9256651,710,440,p1-block-1-trial-3-target-1,861.0,309.0,30.0,False,Pointer Move (Standard mouse)
1785569693.933507,730,420,p1-block-1-trial-3-target-1,861.0,309.0,30.0,False,Pointer Move (Standard mouse)
1785569693.9406872,741,412,p1-block-1-trial-3-target-1,861.0,309.0,30.0,False,Pointer Move (Standard mouse)
1785569693.948128,754,397,p1-block-1-trial-3-target-1,861.0,309.0,30.0,False,Pointer Move (Standard mouse)
1785569693.9553332,767,384,p1-block-1-trial-3-target-1,861.0,309.0,30.0,False,Pointer Move (Standard mouse)
1785569693.96248,780,370,p1-block-1-trial-3-target-1,861.0,309.0,30.0,False,Pointer Move (Standard mouse)
1785569693.969729,793,355,p1-block-1-trial-3-target-1,861.0,309.0,30.0,False,Pointer Move (Standard mouse)
1785569693.97751,808,340,p1-block-1-trial-3-target-1,861.0,309.0,30.0,False,Pointer Move (Standard mouse)
1785569693.9850602,818,331,p1-block-1-trial-3-target-1,861.0,309.0,30.0,False,Pointer Move (Standard mouse)
1785569693.9930189,825,323,p1-block-1-trial-3-target-1,861.0,309.0,30.0,False,Pointer Move (Standard mouse)
1785569694.000464,833,315,p1-block-1-trial-3-target-1,861.0,309.0,30.0,False,Pointer Move (Standard mouse)
1785569694.007539,839,308,p1-block-1-trial-3-target-1,861.0,309.0,30.0,False,Pointer Move (Standard mouse)
1785569694.01498,842,305,p1-block-1-trial-3-target-1,861.0,309.0,30.0,False,Pointer Move (Standard mouse)
1785569694.022848,844,303,p1-block-1-trial-3-target-1,861.0,309.0,30.0,False,Pointer Move (Standard mouse)
1785569694.03037,845,301,p1-block-1-trial-3-target-1,861.0,309.0,30.0,False,Pointer Move (Standard mouse)
1785569694.037591,846,301,p1-block-1-trial-3-target-1,861.0,309.0,30.0,False,Pointer Move (Standard mouse)
1785569694.044849,846,300,p1-block-1-trial-3-target-1,861.0,309.0,30.0,False,Pointer Move (Standard mouse)
1785569694.052865,847,299,p1-block-1-trial-3-target-1,861.0,309.0,30.0,False,Pointer Move (Standard mouse)
1785569694.0603561,847,299,p1-block-1-trial-3-target-1,861.0,309.0,30.0,False,Pointer Move (Standard mouse)
1785569694.067478,848,298,p1-block-1-trial-3-target-1,861.0,309.0,30.0,False,Pointer Move (Standard mouse)
1785569694.07509,848,297,p1-block-1-trial-3-target-1,861.0,309.0,30.0,False,Pointer Move (Standard mouse)
1785569694.0833669,849,297,p1-block-1-trial-3-target-1,861.0,309.0,30.0,False,Pointer Move (Standard mouse)
1785569694.0897439,850,297,p1-block-1-trial-3-target-1,861.0,309.0,30.0,False,Pointer Move (Standard mouse)
1785569694.0971992,850,296,p1-block-1-trial-3-target-1,861.0,309.0,30.0,False,Pointer Move (Standard mouse)
1785569694.300937,850,296,p1-block-1-trial-3-target-1,861.0,309.0,30.0,target_selected,target_selected
1785569694.4508722,850,297,p1-block-1-trial-4-target-5,579.0,591.0,30.0,False,Pointer Move (Standard mouse)
1785569694.459479,850,297,p1-block-1-trial-4-target-5,579.0,591.0,30.0,False,Pointer Move (Standard mouse)
1785569694.467675,849,298,p1-block-1-trial-4-target-5,579.0,591.0,30.0,False,Pointer Move (Standard mouse)
1785569694.472828,849,299,p1-block-1-trial-4-target-5,579.0,591.0,30.0,False,Pointer Move (Standard mouse)
1785569694.481173,848,301,p1-block-1-trial-4-target-5,579.0,591.0,30.0,False,Pointer Move (Standard mouse)
1785569694.489534,845,305,p1-block-1-trial-4-target-5,579.0,591.0,30.0,False,Pointer Move (Standard mouse)
1785569694.4975271,842,309,p1-block-1-trial-4-target-5,579.0,591.0,30.0,False,Pointer Move (Standard mouse)
1785569694.504492,838,313,p1-block-1-trial-4-target-5,579.0,591.0,30.0,False,Pointer Move (Standard mouse)
1785569694.511945,835,315,p1-block-1-trial-4-target-5,579.0,591.0,30.0,False,Pointer Move (Standard mouse)
1785569694.519784,831,321,p1-block-1-trial-4-target-5,579.0,591.0,30.0,False,Pointer Move (Standard mouse)
1785569694.5260942,825,328,p1-block-1-trial-4-target-5,579.0,591.0,30.0,False,Pointer Move (Standard mouse)
1785569694.535218,817,336,p1-block-1-trial-4-target-5,579.0,591.0,30.0,False,Pointer Move (Standard mouse)
1785569694.541503,805,349,p1-block-1-trial-4-target-5,579.0,591.0,30.0,False,Pointer Move (Standard mouse)
1785569694.5495129,801,352,p1-block-1-trial-4-target-5,579.0,591.0,30.0,False,Pointer Move (Standard mouse)
1785569694.557794,787,365,p1-block-1-trial-4-target-5,579.0,591.0,30.0,False,Pointer Move (Standard mouse)
1785569694.564546,775,375,p1-block-1-trial-4-target-5,579.0,591.0,30.0,False,Pointer Move (Standard mouse)
1785569694.571924,757,390,p1-block-1-trial-4-target-5,579.0,591.0,30.0,False,Pointer Move (Standard mouse)
1785569694.577767,744,402,p1-block-1-trial-4-target-5,579.0,591.0,30.0,False,Pointer Move (Standard mouse)
1785569694.5854661,726,415,p1-block-1-trial-4-target-5,579.0,591.0,30.0,False,Pointer Move (Standard mouse)
1785569694.59268,710,427,p1-block-1-trial-4-target-5,579.0,591.0,30.0,False,Pointer Move (Standard mouse)
1785569694.60048,697,437,p1-block-1-trial-4-target-5,579.0,591.0,30.0,False,Pointer Move (Standard mouse)
1785569694.608532,688,443,p1-block-1-trial-4-target-5,579.0,591.0,30.0,False,Pointer Move (Standard mouse)
1785569694.6176152,668,460,p1-block-1-trial-4-target-5,579.0,591.0,30.0,False,Pointer Move (Standard mouse)
1785569694.624753,659,467,p1-block-1-trial-4-target-5,579.0,591.0,30.0,False,Pointer Move (Standard mouse)
1785569694.632842,646,478,p1-block-1-trial-4-target-5,579.0,591.0,30.0,False,Pointer Move (Standard mouse)
1785569694.639602,634,487,p1-block-1-trial-4-target-5,579.0,591.0,30.0,False,Pointer Move (Standard mouse)
1785569694.646824,625,493,p1-block-1-trial-4-target-5,579.0,591.0,30.0,False,Pointer Move (Standard mouse)
1785569694.654575,612,505,p1-block-1-trial-4-target-5,579.0,591.0,30.0,False,Pointer Move (Standard mouse)
1785569694.661024,606,509,p1-block-1-trial-4-target-5,579.0,591.0,30.0,False,Pointer Move (Standard mouse)
1785569694.669822,599,514,p1-block-1-trial-4-target-5,579.0,591.0,30.0,False,Pointer Move (Standard mouse)
1785569694.6771882,591,520,p1-block-1-trial-4-target-5,579.0,591.0,30.0,False,Pointer Move (Standard mouse)
1785569694.683079,587,524,p1-block-1-trial-4-target-5,579.0,591.0,30.0,False,Pointer Move (Standard mouse)
1785569694.691926,587,525,p1-block-1-trial-4-target-5,579.0,591.0,30.0,False,Pointer Move (Standard mouse)
1785569694.699038,581,531,p1-block-1-trial-4-target-5,579.0,591.0,30.0,False,Pointer Move (Standard mouse)
1785569694.708895,576,535,p1-block-1-trial-4-target-5,579.0,591.0,30.0,False,Pointer Move (Standard mouse)
1785569694.713818,575,539,p1-block-1-trial-4-target-5,579.0,591.0,30.0,False,Pointer Move (Standard mouse)
1785569694.723288,574,539,p1-block-1-trial-4-target-5,579.0,591.0,30.0,False,Pointer Move (Standard mouse)
1785569694.7299469,571,543,p1-block-1-trial-4-target-5,579.0,591.0,30.0,False,Pointer Move (Standard mouse)
1785569694.737597,570,545,p1-block-1-trial-4-target-5,579.0,591.0,30.0,False,Pointer Move (Standard mouse)
1785569694.745863,568,547,p1-block-1-trial-4-target-5,579.0,591.0,30.0,False,Pointer Move (Standard mouse)
1785569694.75038,566,549,p1-block-1-trial-4-target-5,579.0,591.0,30.0,False,Pointer Move (Standard mouse)
1785569694.7588859,565,550,p1-block-1-trial-4-target-5,579.0,591.0,30.0,False,Pointer Move (Standard mouse)
1785569694.765391,565,551,p1-block-1-trial-4-target-5,579.0,591.0,30.0,False,Pointer Move (Standard mouse)
1785569694.772901,564,552,p1-block-1-trial-4-target-5,579.0,591.0,30.0,False,Pointer Move (Standard mouse)
1785569694.780509,564,552,p1-block-1-trial-4-target-5,579.0,591.0,30.0,False,Pointer Move (Standard mouse)
1785569694.787741,563,554,p1-block-1-trial-4-target-5,579.0,591.0,30.0,False,Pointer Move (Standard mouse)
1785569694.7953448,563,554,p1-block-1-trial-4-target-5,579.0,591.0,30.0,False,Pointer Move (Standard mouse)
1785569694.802908,563,555,p1-block-1-trial-4-target-5,579.0,591.0,30.0,False,Pointer Move (Standard mouse)
1785569694.839967,563,555,p1-block-1-trial-4-target-5,579.0,591.0,30.0,False,Pointer Move (Standard mouse)
1785569694.847884,563,556,p1-block-1-trial-4-target-5,579.0,591.0,30.0,False,Pointer Move (Standard mouse)
1785569694.855788,563,556,p1-block-1-trial-4-target-5,579.0,591.0,30.0,False,Pointer Move (Standard mouse)
1785569694.8627489,563,556,p1-block-1-trial-4-target-5,579.0,591.0,30.0,False,Pointer Move (Standard mouse)
1785569694.870226,563,557,p1-block-1-trial-4-target-5,579.0,591.0,30.0,False,Pointer Move (Standard mouse)
1785569694.877505,563,557,p1-block-1-trial-4-target-5,579.0,591.0,30.0,False,Pointer Move (Standard mouse)
1785569694.885535,563,558,p1-block-1-trial-4-target-5,579.0,591.0,30.0,False,Pointer Move (Standard mouse)
1785569694.892311,563,558,p1-block-1-trial-4-target-5,579.0,591.0,30.0,False,Pointer Move (Standard mouse)
1785569694.90004,563,559,p1-block-1-trial-4-target-5,579.0,591.0,30.0,False,Pointer Move (Standard mouse)
1785569694.90804,563,560,p1-block-1-trial-4-target-5,579.0,591.0,30.0,False,Pointer Move (Standard mouse)
1785569694.915104,563,561,p1-block-1-trial-4-target-5,579.0,591.0,30.0,False,Pointer Move (Standard mouse)
1785569694.923166,563,561,p1-block-1-trial-4-target-5,579.0,591.0,30.0,False,Pointer Move (Standard mouse)
1785569694.93822,563,561,p1-block-1-trial-4-target-5,579.0,591.0,30.0,False,Pointer Move (Standard mouse)
1785569694.945733,563,562,p1-block-1-trial-4-target-5,579.0,591.0,30.0,False,Pointer Move (Standard mouse)
1785569694.953152,563,562,p1-block-1-trial-4-target-5,579.0,591.0,30.0,False,Pointer Move (Standard mouse)
1785569694.960246,563,562,p1-block-1-trial-4-target-5,579.0,591.0,30.0,False,Pointer Move (Standard mouse)
1785569694.975775,563,562,p1-block-1-trial-4-target-5,579.0,591.0,30.0,False,Pointer Move (Standard mouse)
1785569694.982497,564,562,p1-block-1-trial-4-target-5,579.0,591.0,30.0,False,Pointer Move (Standard mouse)
1785569695.0123231,564,562,p1-block-1-trial-4-target-5,579.0,591.0,30.0,False,Pointer Move (Standard mouse)
1785569695.020998,564,562,p1-block-1-trial-4-target-5,579.0,591.0,30.0,False,Pointer Move (Standard mouse)
1785569695.028308,565,562,p1-block-1-trial-4-target-5,579.0,591.0,30.0,False,Pointer Move (Standard mouse)
1785569695.035542,565,562,p1-block-1-trial-4-target-5,579.0,591.0,30.0,False,Pointer Move (Standard mouse)
1785569695.050921,565,562,p1-block-1-trial-4-target-5,579.0,591.0,30.0,False,Pointer Move (Standard mouse)
1785569695.09503,566,563,p1-block-1-trial-4-target-5,579.0,591.0,30.0,False,Pointer Move (Standard mouse)
1785569695.103672,566,563,p1-block-1-trial-4-target-5,579.0,591.0,30.0,False,Pointer Move (Standard mouse)
1785569695.111125,566,565,p1-block-1-trial-4-target-5,579.0,591.0,30.0,False,Pointer Move (Standard mouse)
1785569695.119275,566,565,p1-block-1-trial-4-target-5,579.0,591.0,30.0,False,Pointer Move (Standard mouse)
1785569695.137428,567,567,p1-block-1-trial-4-target-5,579.0,591.0,30.0,False,Pointer Move (Standard mouse)
1785569695.140505,567,567,p1-block-1-trial-4-target-5,579.0,591.0,30.0,False,Pointer Move (Standard mouse)
1785569695.147209,567,568,p1-block-1-trial-4-target-5,579.0,591.0,30.0,False,Pointer Move (Standard mouse)
1785569695.154995,567,568,p1-block-1-trial-4-target-5,579.0,591.0,30.0,False,Pointer Move (Standard mouse)
1785569695.163262,567,569,p1-block-1-trial-4-target-5,579.0,591.0,30.0,False,Pointer Move (Standard mouse)
1785569695.1709812,567,569,p1-block-1-trial-4-target-5,579.0,591.0,30.0,False,Pointer Move (Standard mouse)
1785569695.177702,567,569,p1-block-1-trial-4-target-5,579.0,591.0,30.0,False,Pointer Move (Standard mouse)
1785569695.209138,568,570,p1-block-1-trial-4-target-5,579.0,591.0,30.0,False,Pointer Move (Standard mouse)
1785569695.2315872,568,570,p1-block-1-trial-4-target-5,579.0,591.0,30.0,False,Pointer Move (Standard mouse)
1785569695.238029,568,570,p1-block-1-trial-4-target-5,579.0,591.0,30.0,False,Pointer Move (Standard mouse)
1785569695.261083,568,570,p1-block-1-trial-4-target-5,579.0,591.0,30.0,target_selected,target_selected
1785569695.273015,568,570,p1-block-1-trial-5-target-1,861.0,309.0,30.0,False,Pointer Move (Standard mouse)
1785569695.37484,568,570,p1-block-1-trial-5-target-1,861.0,309.0,30.0,False,Pointer Move (Standard mouse)
1785569695.396706,568,570,p1-block-1-trial-5-target-1,861.0,309.0,30.0,False,Pointer Move (Standard mouse)
1785569695.4196658,568,570,p1-block-1-trial-5-target-1,861.0,309.0,30.0,False,Pointer Move (Standard mouse)
1785569695.4281988,568,569,p1-block-1-trial-5-target-1,861.0,309.0,30.0,False,Pointer Move (Standard mouse)
1785569695.4345028,569,568,p1-block-1-trial-5-target-1,861.0,309.0,30.0,False,Pointer Move (Standard mouse)
1785569695.442183,570,567,p1-block-1-trial-5-target-1,861.0,309.0,30.0,False,Pointer Move (Standard mouse)
1785569695.449847,573,564,p1-block-1-trial-5-target-1,861.0,309.0,30.0,False,Pointer Move (Standard mouse)
1785569695.456356,576,560,p1-block-1-trial-5-target-1,861.0,309.0,30.0,False,Pointer Move (Standard mouse)
1785569695.4655502,578,558,p1-block-1-trial-5-target-1,861.0,309.0,30.0,False,Pointer Move (Standard mouse)
1785569695.472012,582,554,p1-block-1-trial-5-target-1,861.0,309.0,30.0,False,Pointer Move (Standard mouse)
1785569695.480432,590,548,p1-block-1-trial-5-target-1,861.0,309.0,30.0,False,Pointer Move (Standard mouse)
1785569695.487775,596,541,p1-block-1-trial-5-target-1,861.0,309.0,30.0,False,Pointer Move (Standard mouse)
1785569695.496133,602,534,p1-block-1-trial-5-target-1,861.0,309.0,30.0,False,Pointer Move (Standard mouse)
1785569695.501072,611,525,p1-block-1-trial-5-target-1,861.0,309.0,30.0,False,Pointer Move (Standard mouse)
1785569695.508982,623,513,p1-block-1-trial-5-target-1,861.0,309.0,30.0,False,Pointer Move (Standard mouse)
1785569695.516428,632,504,p1-block-1-trial-5-target-1,861.0,309.0,30.0,False,Pointer Move (Standard mouse)
1785569695.524298,652,485,p1-block-1-trial-5-target-1,861.0,309.0,30.0,False,Pointer Move (Standard mouse)
1785569695.531188,660,478,p1-block-1-trial-5-target-1,861.0,309.0,30.0,False,Pointer Move (Standard mouse)
1785569695.537904,681,459,p1-block-1-trial-5-target-1,861.0,309.0,30.0,False,Pointer Move (Standard mouse)
1785569695.5454762,698,444,p1-block-1-trial-5-target-1,861.0,309.0,30.0,False,Pointer Move (Standard mouse)
1785569695.553059,712,433,p1-block-1-trial-5-target-1,861.0,309.0,30.0,False,Pointer Move (Standard mouse)
1785569695.5603049,725,423,p1-block-1-trial-5-target-1,861.0,309.0,30.0,False,Pointer Move (Standard mouse)
1785569695.568309,736,414,p1-block-1-trial-5-target-1,861.0,309.0,30.0,False,Pointer Move (Standard mouse)
1785569695.576402,749,401,p1-block-1-trial-5-target-1,861.0,309.0,30.0,False,Pointer Move (Standard mouse)
1785569695.583201,760,392,p1-block-1-trial-5-target-1,861.0,309.0,30.0,False,Pointer Move (Standard mouse)
1785569695.5909,773,380,p1-block-1-trial-5-target-1,861.0,309.0,30.0,False,Pointer Move (Standard mouse)
1785569695.5983732,783,372,p1-block-1-trial-5-target-1,861.0,309.0,30.0,False,Pointer Move (Standard mouse)
1785569695.605637,790,366,p1-block-1-trial-5-target-1,861.0,309.0,30.0,False,Pointer Move (Standard mouse)
1785569695.6151302,796,360,p1-block-1-trial-5-target-1,861.0,309.0,30.0,False,Pointer Move (Standard mouse)
1785569695.620757,799,357,p1-block-1-trial-5-target-1,861.0,309.0,30.0,False,Pointer Move (Standard mouse)
1785569695.627935,804,353,p1-block-1-trial-5-target-1,861.0,309.0,30.0,False,Pointer Move (Standard mouse)
1785569695.635315,810,347,p1-block-1-trial-5-target-1,861.0,309.0,30.0,False,Pointer Move (Standard mouse)
1785569695.642633,811,346,p1-block-1-trial-5-target-1,861.0,309.0,30.0,False,Pointer Move (Standard mouse)
1785569695.649975,815,342,p1-block-1-trial-5-target-1,861.0,309.0,30.0,False,Pointer Move (Standard mouse)
1785569695.6582882,816,340,p1-block-1-trial-5-target-1,861.0,309.0,30.0,False,Pointer Move (Standard mouse)
1785569695.665314,817,340,p1-block-1-trial-5-target-1,861.0,309.0,30.0,False,Pointer Move (Standard mouse)
1785569695.672927,817,340,p1-block-1-trial-5-target-1,861.0,309.0,30.0,False,Pointer Move (Standard mouse)
1785569695.679936,817,339,p1-block-1-trial-5-target-1,861.0,309.0,30.0,False,Pointer Move (Standard mouse)
1785569695.688064,818,339,p1-block-1-trial-5-target-1,861.0,309.0,30.0,False,Pointer Move (Standard mouse)
1785569695.6948118,818,339,p1-block-1-trial-5-target-1,861.0,309.0,30.0,False,Pointer Move (Standard mouse)
1785569695.702822,818,339,p1-block-1-trial-5-target-1,861.0,309.0,30.0,False,Pointer Move (Standard mouse)
1785569695.710633,818,338,p1-block-1-trial-5-target-1,861.0,309.0,30.0,False,Pointer Move (Standard mouse)
1785569695.7178829,819,338,p1-block-1-trial-5-target-1,861.0,309.0,30.0,False,Pointer Move (Standard mouse)
1785569695.727159,819,338,p1-block-1-trial-5-target-1,861.0,309.0,30.0,False,Pointer Move (Standard mouse)
1785569695.733402,819,338,p1-block-1-trial-5-target-1,861.0,309.0,30.0,False,Pointer Move (Standard mouse)
1785569695.740708,819,337,p1-block-1-trial-5-target-1,861.0,309.0,30.0,False,Pointer Move (Standard mouse)
1785569695.748168,820,336,p1-block-1-trial-5-target-1,861.0,309.0,30.0,False,Pointer Move (Standard mouse)
1785569695.756099,821,336,p1-block-1-trial-5-target-1,861.0,309.0,30.0,False,Pointer Move (Standard mouse)
1785569695.763524,823,333,p1-block-1-trial-5-target-1,861.0,309.0,30.0,False,Pointer Move (Standard mouse)
1785569695.7706618,824,332,p1-block-1-trial-5-target-1,861.0,309.0,30.0,False,Pointer Move (Standard mouse)
1785569695.7775738,825,331,p1-block-1-trial-5-target-1,861.0,309.0,30.0,False,Pointer Move (Standard mouse)
1785569695.786839,826,329,p1-block-1-trial-5-target-1,861.0,309.0,30.0,False,Pointer Move (Standard mouse)
1785569695.793836,831,324,p1-block-1-trial-5-target-1,861.0,309.0,30.0,False,Pointer Move (Standard mouse)
1785569695.802231,832,322,p1-block-1-trial-5-target-1,861.0,309.0,30.0,False,Pointer Move (Standard mouse)
1785569695.808696,832,322,p1-block-1-trial-5-target-1,861.0,309.0,30.0,False,Pointer Move (Standard mouse)
1785569695.818363,834,318,p1-block-1-trial-5-target-1,861.0,309.0,30.0,False,Pointer Move (Standard mouse)
1785569695.823491,834,318,p1-block-1-trial-5-target-1,861.0,309.0,30.0,False,Pointer Move (Standard mouse)
1785569695.831126,834,317,p1-block-1-trial-5-target-1,861.0,309.0,30.0,False,Pointer Move (Standard mouse)
1785569695.8383648,835,317,p1-block-1-trial-5-target-1,861.0,309.0,30.0,False,Pointer Move (Standard mouse)
1785569695.8454568,835,316,p1-block-1-trial-5-target-1,861.0,309.0,30.0,False,Pointer Move (Standard mouse)
1785569695.8530822,836,314,p1-block-1-trial-5-target-1,861.0,309.0,30.0,False,Pointer Move (Standard mouse)
1785569695.860192,836,314,p1-block-1-trial-5-target-1,861.0,309.0,30.0,False,Pointer Move (Standard mouse)
1785569695.86784,836,312,p1-block-1-trial-5-target-1,861.0,309.0,30.0,False,Pointer Move (Standard mouse)
1785569695.875665,837,311,p1-block-1-trial-5-target-1,861.0,309.0,30.0,False,Pointer Move (Standard mouse)
1785569695.882826,837,311,p1-block-1-trial-5-target-1,861.0,309.0,30.0,False,Pointer Move (Standard mouse)
1785569695.890499,837,310,p1-block-1-trial-5-target-1,861.0,309.0,30.0,False,Pointer Move (Standard mouse)
1785569695.8980658,838,309,p1-block-1-trial-5-target-1,861.0,309.0,30.0,False,Pointer Move (Standard mouse)
1785569695.905558,838,308,p1-block-1-trial-5-target-1,861.0,309.0,30.0,False,Pointer Move (Standard mouse)
1785569695.913454,838,308,p1-block-1-trial-5-target-1,861.0,309.0,30.0,False,Pointer Move (Standard mouse)
1785569695.929999,839,307,p1-block-1-trial-5-target-1,861.0,309.0,30.0,False,Pointer Move (Standard mouse)
1785569695.9742,839,307,p1-block-1-trial-5-target-1,861.0,309.0,30.0,False,Pointer Move (Standard mouse)
1785569695.980994,839,307,p1-block-1-trial-5-target-1,861.0,309.0,30.0,False,Pointer Move (Standard mouse)
1785569695.987821,840,307,p1-block-1-trial-5-target-1,861.0,309.0,30.0,False,Pointer Move (Standard mouse)
1785569695.995472,841,306,p1-block-1-trial-5-target-1,861.0,309.0,30.0,False,Pointer Move (Standard mouse)
1785569696.002607,842,305,p1-block-1-trial-5-target-1,861.0,309.0,30.0,False,Pointer Move (Standard mouse)
1785569696.010637,843,305,p1-block-1-trial-5-target-1,861.0,309.0,30.0,False,Pointer Move (Standard mouse)
1785569696.017799,843,305,p1-block-1-trial-5-target-1,861.0,309.0,30.0,False,Pointer Move (Standard mouse)
1785569696.025343,844,305,p1-block-1-trial-5-target-1,861.0,309.0,30.0,False,Pointer Move (Standard mouse)
1785569696.110604,844,305,p1-block-1-trial-5-target-1,861.0,309.0,30.0,target_selected,target_selected
1785569696.1898339,844,305,p1-block-1-trial-6-target-5,579.0,591.0,30.0,False,Pointer Move (Standard mouse)
1785569696.198921,843,305,p1-block-1-trial-6-target-5,579.0,591.0,30.0,False,Pointer Move (Standard mouse)
1785569696.205765,840,309,p1-block-1-trial-6-target-5,579.0,591.0,30.0,False,Pointer Move (Standard mouse)
1785569696.213095,835,317,p1-block-1-trial-6-target-5,579.0,591.0,30.0,False,Pointer Move (Standard mouse)
1785569696.220595,828,323,p1-block-1-trial-6-target-5,579.0,591.0,30.0,False,Pointer Move (Standard mouse)
1785569696.2295291,824,327,p1-block-1-trial-6-target-5,579.0,591.0,30.0,False,Pointer Move (Standard mouse)
1785569696.2353978,815,333,p1-block-1-trial-6-target-5,579.0,591.0,30.0,False,Pointer Move (Standard mouse)
1785569696.243618,808,338,p1-block-1-trial-6-target-5,579.0,591.0,30.0,False,Pointer Move (Standard mouse)
1785569696.250303,793,348,p1-block-1-trial-6-target-5,579.0,591.0,30.0,False,Pointer Move (Standard mouse)
1785569696.2577002,779,357,p1-block-1-trial-6-target-5,579.0,591.0,30.0,False,Pointer Move (Standard mouse)
1785569696.2655418,761,369,p1-block-1-trial-6-target-5,579.0,591.0,30.0,False,Pointer Move (Standard mouse)
1785569696.273074,745,377,p1-block-1-trial-6-target-5,579.0,591.0,30.0,False,Pointer Move (Standard mouse)
1785569696.2805052,726,388,p1-block-1-trial-6-target-5,579.0,591.0,30.0,False,Pointer Move (Standard mouse)
1785569696.2878258,710,398,p1-block-1-trial-6-target-5,579.0,591.0,30.0,False,Pointer Move (Standard mouse)
1785569696.296632,692,408,p1-block-1-trial-6-target-5,579.0,591.0,30.0,False,Pointer Move (Standard mouse)
1785569696.303135,675,419,p1-block-1-trial-6-target-5,579.0,591.0,30.0,False,Pointer Move (Standard mouse)
1785569696.311064,643,438,p1-block-1-trial-6-target-5,579.0,591.0,30.0,False,Pointer Move (Standard mouse)
1785569696.318283,625,448,p1-block-1-trial-6-target-5,579.0,591.0,30.0,False,Pointer Move (Standard mouse)
1785569696.3257248,607,460,p1-block-1-trial-6-target-5,579.0,591.0,30.0,False,Pointer Move (Standard mouse)
1785569696.333175,581,477,p1-block-1-trial-6-target-5,579.0,591.0,30.0,False,Pointer Move (Standard mouse)
1785569696.3406348,564,489,p1-block-1-trial-6-target-5,579.0,591.0,30.0,False,Pointer Move (Standard mouse)
1785569696.348576,546,503,p1-block-1-trial-6-target-5,579.0,591.0,30.0,False,Pointer Move (Standard mouse)
1785569696.357172,530,516,p1-block-1-trial-6-target-5,579.0,591.0,30.0,False,Pointer Move (Standard mouse)
1785569696.3633652,512,531,p1-block-1-trial-6-target-5,579.0,591.0,30.0,False,Pointer Move (Standard mouse)
1785569696.3710341,488,550,p1-block-1-trial-6-target-5,579.0,591.0,30.0,False,Pointer Move (Standard mouse)
1785569696.379008,476,560,p1-block-1-trial-6-target-5,579.0,591.0,30.0,False,Pointer Move (Standard mouse)
1785569696.385379,466,569,p1-block-1-trial-6-target-5,579.0,591.0,30.0,False,Pointer Move (Standard mouse)
1785569696.393151,457,577,p1-block-1-trial-6-target-5,579.0,591.0,30.0,False,Pointer Move (Standard mouse)
1785569696.400958,451,583,p1-block-1-trial-6-target-5,579.0,591.0,30.0,False,Pointer Move (Standard mouse)
1785569696.409423,445,589,p1-block-1-trial-6-target-5,579.0,591.0,30.0,False,Pointer Move (Standard mouse)
1785569696.419381,441,596,p1-block-1-trial-6-target-5,579.0,591.0,30.0,False,Pointer Move (Standard mouse)
1785569696.423646,438,600,p1-block-1-trial-6-target-5,579.0,591.0,30.0,False,Pointer Move (Standard mouse)
1785569696.4306319,438,602,p1-block-1-trial-6-target-5,579.0,591.0,30.0,False,Pointer Move (Standard mouse)
1785569696.4379551,437,602,p1-block-1-trial-6-target-5,579.0,591.0,30.0,False,Pointer Move (Standard mouse)
1785569696.445478,437,603,p1-block-1-trial-6-target-5,579.0,591.0,30.0,False,Pointer Move (Standard mouse)
1785569696.454157,437,604,p1-block-1-trial-6-target-5,579.0,591.0,30.0,False,Pointer Move (Standard mouse)
1785569696.460709,437,604,p1-block-1-trial-6-target-5,579.0,591.0,30.0,False,Pointer Move (Standard mouse)
1785569696.4691892,437,604,p1-block-1-trial-6-target-5,579.0,591.0,30.0,False,Pointer Move (Standard mouse)
1785569696.4934368,437,605,p1-block-1-trial-6-target-5,579.0,591.0,30.0,False,Pointer Move (Standard mouse)
1785569696.516222,437,605,p1-block-1-trial-6-target-5,579.0,591.0,30.0,False,Pointer Move (Standard mouse)
1785569696.5222468,437,605,p1-block-1-trial-6-target-5,579.0,591.0,30.0,False,Pointer Move (Standard mouse)
1785569696.5383759,437,607,p1-block-1-trial-6-target-5,579.0,591.0,30.0,False,Pointer Move (Standard mouse)
1785569696.545419,438,608,p1-block-1-trial-6-target-5,579.0,591.0,30.0,False,Pointer Move (Standard mouse)
1785569696.5527291,438,608,p1-block-1-trial-6-target-5,579.0,591.0,30.0,False,Pointer Move (Standard mouse)
1785569696.559231,439,609,p1-block-1-trial-6-target-5,579.0,591.0,30.0,False,Pointer Move (Standard mouse)
1785569696.567832,443,612,p1-block-1-trial-6-target-5,579.0,591.0,30.0,False,Pointer Move (Standard mouse)
1785569696.574493,459,615,p1-block-1-trial-6-target-5,579.0,591.0,30.0,False,Pointer Move (Standard mouse)
1785569696.583724,464,615,p1-block-1-trial-6-target-5,579.0,591.0,30.0,False,Pointer Move (Standard mouse)
1785569696.590452,485,617,p1-block-1-trial-6-target-5,579.0,591.0,30.0,False,Pointer Move (Standard mouse)
1785569696.597846,502,617,p1-block-1-trial-6-target-5,579.0,591.0,30.0,False,Pointer Move (Standard mouse)
1785569696.605178,518,617,p1-block-1-trial-6-target-5,579.0,591.0,30.0,False,Pointer Move (Standard mouse)
1785569696.611543,528,617,p1-block-1-trial-6-target-5,579.0,591.0,30.0,False,Pointer Move (Standard mouse)
1785569696.619953,542,617,p1-block-1-trial-6-target-5,579.0,591.0,30.0,False,Pointer Move (Standard mouse)
1785569696.6269708,559,617,p1-block-1-trial-6-target-5,579.0,591.0,30.0,False,Pointer Move (Standard mouse)
1785569696.634042,573,614,p1-block-1-trial-6-target-5,579.0,591.0,30.0,False,Pointer Move (Standard mouse)
1785569696.6409001,578,613,p1-block-1-trial-6-target-5,579.0,591.0,30.0,False,Pointer Move (Standard mouse)
1785569696.6476748,583,611,p1-block-1-trial-6-target-5,579.0,591.0,30.0,False,Pointer Move (Standard mouse)
1785569696.6569421,586,609,p1-block-1-trial-6-target-5,579.0,591.0,30.0,False,Pointer Move (Standard mouse)
1785569696.663581,587,609,p1-block-1-trial-6-target-5,579.0,591.0,30.0,False,Pointer Move (Standard mouse)
1785569696.672244,587,609,p1-block-1-trial-6-target-5,579.0,591.0,30.0,False,Pointer Move (Standard mouse)
1785569696.678565,587,609,p1-block-1-trial-6-target-5,579.0,591.0,30.0,False,Pointer Move (Standard mouse)
1785569696.69456,587,608,p1-block-1-trial-6-target-5,579.0,591.0,30.0,False,Pointer Move (Standard mouse)
1785569696.724345,587,608,p1-block-1-trial-6-target-5,579.0,591.0,30.0,False,Pointer Move (Standard mouse)
1785569696.747447,587,607,p1-block-1-trial-6-target-5,579.0,591.0,30.0,False,Pointer Move (Standard mouse)
1785569696.755497,587,607,p1-block-1-trial-6-target-5,579.0,591.0,30.0,False,Pointer Move (Standard mouse)
1785569696.762951,586,606,p1-block-1-trial-6-target-5,579.0,591.0,30.0,False,Pointer Move (Standard mouse)
1785569696.769817,586,605,p1-block-1-trial-6-target-5,579.0,591.0,30.0,False,Pointer Move (Standard mouse)
1785569696.777436,584,604,p1-block-1-trial-6-target-5,579.0,591.0,30.0,False,Pointer Move (Standard mouse)
1785569696.7838988,583,603,p1-block-1-trial-6-target-5,579.0,591.0,30.0,False,Pointer Move (Standard mouse)
1785569696.793565,579,602,p1-block-1-trial-6-target-5,579.0,591.0,30.0,False,Pointer Move (Standard mouse)
1785569696.79933,574,601,p1-block-1-trial-6-target-5,579.0,591.0,30.0,False,Pointer Move (Standard mouse)
1785569696.808844,567,598,p1-block-1-trial-6-target-5,579.0,591.0,30.0,False,Pointer Move (Standard mouse)
1785569696.8159208,566,597,p1-block-1-trial-6-target-5,579.0,591.0,30.0,False,Pointer Move (Standard mouse)
1785569696.824233,561,596,p1-block-1-trial-6-target-5,579.0,591.0,30.0,False,Pointer Move (Standard mouse)
1785569696.829765,557,595,p1-block-1-trial-6-target-5,579.0,591.0,30.0,False,Pointer Move (Standard mouse)
1785569696.835635,557,594,p1-block-1-trial-6-target-5,579.0,591.0,30.0,False,Pointer Move (Standard mouse)
1785569696.84412,557,594,p1-block-1-trial-6-target-5,579.0,591.0,30.0,False,Pointer Move (Standard mouse)
1785569696.85313,557,593,p1-block-1-trial-6-target-5,579.0,591.0,30.0,False,Pointer Move (Standard mouse)
1785569696.860728,557,593,p1-block-1-trial-6-target-5,579.0,591.0,30.0,False,Pointer Move (Standard mouse)
1785569696.867682,557,593,p1-block-1-trial-6-target-5,579.0,591.0,30.0,False,Pointer Move (Standard mouse)
1785569696.874701,558,592,p1-block-1-trial-6-target-5,579.0,591.0,30.0,False,Pointer Move (Standard mouse)
1785569696.8822348,558,592,p1-block-1-trial-6-target-5,579.0,591.0,30.0,False,Pointer Move (Standard mouse)
1785569696.890053,559,592,p1-block-1-trial-6-target-5,579.0,591.0,30.0,False,Pointer Move (Standard mouse)
1785569696.929356,559,592,p1-block-1-trial-6-target-5,579.0,591.0,30.0,target_selected,target_selected
1785569696.9390771,559,592,p1-block-1-trial-7-target-1,861.0,309.0,30.0,False,Pointer Move (Standard mouse)
1785569696.970948,560,592,p1-block-1-trial-7-target-1,861.0,309.0,30.0,False,Pointer Move (Standard mouse)
1785569697.010682,560,592,p1-block-1-trial-7-target-1,861.0,309.0,30.0,False,Pointer Move (Standard mouse)
1785569697.017972,561,592,p1-block-1-trial-7-target-1,861.0,309.0,30.0,False,Pointer Move (Standard mouse)
1785569697.024288,563,592,p1-block-1-trial-7-target-1,861.0,309.0,30.0,False,Pointer Move (Standard mouse)
1785569697.033414,566,590,p1-block-1-trial-7-target-1,861.0,309.0,30.0,False,Pointer Move (Standard mouse)
1785569697.038901,569,589,p1-block-1-trial-7-target-1,861.0,309.0,30.0,False,Pointer Move (Standard mouse)
1785569697.049046,581,584,p1-block-1-trial-7-target-1,861.0,309.0,30.0,False,Pointer Move (Standard mouse)
1785569697.058311,585,582,p1-block-1-trial-7-target-1,861.0,309.0,30.0,False,Pointer Move (Standard mouse)
1785569697.0619578,599,575,p1-block-1-trial-7-target-1,861.0,309.0,30.0,False,Pointer Move (Standard mouse)
1785569697.070998,618,568,p1-block-1-trial-7-target-1,861.0,309.0,30.0,False,Pointer Move (Standard mouse)
1785569697.0765069,632,561,p1-block-1-trial-7-target-1,861.0,309.0,30.0,False,Pointer Move (Standard mouse)
1785569697.0850902,637,558,p1-block-1-trial-7-target-1,861.0,309.0,30.0,False,Pointer Move (Standard mouse)
1785569697.092223,656,547,p1-block-1-trial-7-target-1,861.0,309.0,30.0,False,Pointer Move (Standard mouse)
1785569697.098835,669,540,p1-block-1-trial-7-target-1,861.0,309.0,30.0,False,Pointer Move (Standard mouse)
1785569697.10707,685,530,p1-block-1-trial-7-target-1,861.0,309.0,30.0,False,Pointer Move (Standard mouse)
1785569697.113714,697,522,p1-block-1-trial-7-target-1,861.0,309.0,30.0,False,Pointer Move (Standard mouse)
1785569697.121589,708,515,p1-block-1-trial-7-target-1,861.0,309.0,30.0,False,Pointer Move (Standard mouse)
1785569697.129538,721,503,p1-block-1-trial-7-target-1,861.0,309.0,30.0,False,Pointer Move (Standard mouse)
1785569697.137141,731,491,p1-block-1-trial-7-target-1,861.0,309.0,30.0,False,Pointer Move (Standard mouse)
1785569697.14478,744,476,p1-block-1-trial-7-target-1,861.0,309.0,30.0,False,Pointer Move (Standard mouse)
1785569697.1534579,758,455,p1-block-1-trial-7-target-1,861.0,309.0,30.0,False,Pointer Move (Standard mouse)
1785569697.159866,772,433,p1-block-1-trial-7-target-1,861.0,309.0,30.0,False,Pointer Move (Standard mouse)
1785569697.168471,791,405,p1-block-1-trial-7-target-1,861.0,309.0,30.0,False,Pointer Move (Standard mouse)
1785569697.1752992,809,378,p1-block-1-trial-7-target-1,861.0,309.0,30.0,False,Pointer Move (Standard mouse)
1785569697.1838112,827,350,p1-block-1-trial-7-target-1,861.0,309.0,30.0,False,Pointer Move (Standard mouse)
1785569697.190209,846,320,p1-block-1-trial-7-target-1,861.0,309.0,30.0,False,Pointer Move (Standard mouse)
1785569697.197388,858,302,p1-block-1-trial-7-target-1,861.0,309.0,30.0,False,Pointer Move (Standard mouse)
1785569697.2060559,871,281,p1-block-1-trial-7-target-1,861.0,309.0,30.0,False,Pointer Move (Standard mouse)
1785569697.2129521,882,264,p1-block-1-trial-7-target-1,861.0,309.0,30.0,False,Pointer Move (Standard mouse)
1785569697.221368,892,247,p1-block-1-trial-7-target-1,861.0,309.0,30.0,False,Pointer Move (Standard mouse)
1785569697.228139,894,240,p1-block-1-trial-7-target-1,861.0,309.0,30.0,False,Pointer Move (Standard mouse)
1785569697.236209,896,235,p1-block-1-trial-7-target-1,861.0,309.0,30.0,False,Pointer Move (Standard mouse)
1785569697.2421498,897,233,p1-block-1-trial-7-target-1,861.0,309.0,30.0,False,Pointer Move (Standard mouse)
1785569697.250381,897,232,p1-block-1-trial-7-target-1,861.0,309.0,30.0,False,Pointer Move (Standard mouse)
1785569697.25782,897,231,p1-block-1-trial-7-target-1,861.0,309.0,30.0,False,Pointer Move (Standard mouse)
1785569697.262584,897,231,p1-block-1-trial-7-target-1,861.0,309.0,30.0,False,Pointer Move (Standard mouse)
1785569697.384032,897,231,p1-block-1-trial-7-target-1,861.0,309.0,30.0,False,Pointer Move (Standard mouse)
1785569697.393033,897,231,p1-block-1-trial-7-target-1,861.0,309.0,30.0,False,Pointer Move (Standard mouse)
1785569697.399675,895,235,p1-block-1-trial-7-target-1,861.0,309.0,30.0,False,Pointer Move (Standard mouse)
1785569697.4064991,894,236,p1-block-1-trial-7-target-1,861.0,309.0,30.0,False,Pointer Move (Standard mouse)
1785569697.4145558,891,241,p1-block-1-trial-7-target-1,861.0,309.0,30.0,False,Pointer Move (Standard mouse)
1785569697.421785,886,249,p1-block-1-trial-7-target-1,861.0,309.0,30.0,False,Pointer Move (Standard mouse)
1785569697.430472,880,259,p1-block-1-trial-7-target-1,861.0,309.0,30.0,False,Pointer Move (Standard mouse)
1785569697.438493,877,265,p1-block-1-trial-7-target-1,861.0,309.0,30.0,False,Pointer Move (Standard mouse)
1785569697.445028,866,282,p1-block-1-trial-7-target-1,861.0,309.0,30.0,False,Pointer Move (Standard mouse)
1785569697.4513972,863,289,p1-block-1-trial-7-target-1,861.0,309.0,30.0,False,Pointer Move (Standard mouse)
1785569697.460403,857,301,p1-block-1-trial-7-target-1,861.0,309.0,30.0,False,Pointer Move (Standard mouse)
1785569697.4686122,855,308,p1-block-1-trial-7-target-1,861.0,309.0,30.0,False,Pointer Move (Standard mouse)
1785569697.473517,853,313,p1-block-1-trial-7-target-1,861.0,309.0,30.0,False,Pointer Move (Standard mouse)
1785569697.4826949,851,318,p1-block-1-trial-7-target-1,861.0,309.0,30.0,False,Pointer Move (Standard mouse)
1785569697.489322,851,318,p1-block-1-trial-7-target-1,861.0,309.0,30.0,False,Pointer Move (Standard mouse)
1785569697.497849,850,322,p1-block-1-trial-7-target-1,861.0,309.0,30.0,False,Pointer Move (Standard mouse)
1785569697.5051782,849,323,p1-block-1-trial-7-target-1,861.0,309.0,30.0,False,Pointer Move (Standard mouse)
1785569697.513219,849,324,p1-block-1-trial-7-target-1,861.0,309.0,30.0,False,Pointer Move (Standard mouse)
1785569697.520701,849,325,p1-block-1-trial-7-target-1,861.0,309.0,30.0,False,Pointer Move (Standard mouse)
1785569697.527294,849,326,p1-block-1-trial-7-target-1,861.0,309.0,30.0,False,Pointer Move (Standard mouse)
1785569697.53579,849,328,p1-block-1-trial-7-target-1,861.0,309.0,30.0,False,Pointer Move (Standard mouse)
1785569697.541905,848,331,p1-block-1-trial-7-target-1,861.0,309.0,30.0,False,Pointer Move (Standard mouse)
1785569697.548668,848,334,p1-block-1-trial-7-target-1,861.0,309.0,30.0,False,Pointer Move (Standard mouse)
1785569697.558475,848,338,p1-block-1-trial-7-target-1,861.0,309.0,30.0,False,Pointer Move (Standard mouse)
1785569697.5657642,848,339,p1-block-1-trial-7-target-1,861.0,309.0,30.0,False,Pointer Move (Standard mouse)
1785569697.573094,847,340,p1-block-1-trial-7-target-1,861.0,309.0,30.0,False,Pointer Move (Standard mouse)
1785569697.5794072,847,340,p1-block-1-trial-7-target-1,861.0,309.0,30.0,False,Pointer Move (Standard mouse)
1785569697.648122,847,340,p1-block-1-trial-7-target-1,861.0,309.0,30.0,False,Pointer Move (Standard mouse)
1785569697.678088,847,340,p1-block-1-trial-7-target-1,861.0,309.0,30.0,False,Pointer Move (Standard mouse)
1785569697.736137,847,340,p1-block-1-trial-7-target-1,861.0,309.0,30.0,False,Pointer Move (Standard mouse)
1785569697.754098,847,339,p1-block-1-trial-7-target-1,861.0,309.0,30.0,False,Pointer Move (Standard mouse)
1785569697.760436,847,339,p1-block-1-trial-7-target-1,861.0,309.0,30.0,False,Pointer Move (Standard mouse)
1785569697.766211,848,339,p1-block-1-trial-7-target-1,861.0,309.0,30.0,False,Pointer Move (Standard mouse)
1785569697.77338,849,338,p1-block-1-trial-7-target-1,861.0,309.0,30.0,False,Pointer Move (Standard mouse)
1785569697.780951,849,338,p1-block-1-trial-7-target-1,861.0,309.0,30.0,False,Pointer Move (Standard mouse)
1785569697.788534,851,336,p1-block-1-trial-7-target-1,861.0,309.0,30.0,False,Pointer Move (Standard mouse)
1785569697.796088,853,334,p1-block-1-trial-7-target-1,861.0,309.0,30.0,False,Pointer Move (Standard mouse)
1785569697.8040729,854,334,p1-block-1-trial-7-target-1,861.0,309.0,30.0,False,Pointer Move (Standard mouse)
1785569697.8116531,854,333,p1-block-1-trial-7-target-1,861.0,309.0,30.0,False,Pointer Move (Standard mouse)
1785569697.819264,855,333,p1-block-1-trial-7-target-1,861.0,309.0,30.0,False,Pointer Move (Standard mouse)
1785569697.8269,856,332,p1-block-1-trial-7-target-1,861.0,309.0,30.0,False,Pointer Move (Standard mouse)
1785569697.84146,856,331,p1-block-1-trial-7-target-1,861.0,309.0,30.0,False,Pointer Move (Standard mouse)
1785569697.841803,857,331,p1-block-1-trial-7-target-1,861.0,309.0,30.0,False,Pointer Move (Standard mouse)
1785569697.848344,857,330,p1-block-1-trial-7-target-1,861.0,309.0,30.0,False,Pointer Move (Standard mouse)
1785569697.8555698,857,330,p1-block-1-trial-7-target-1,861.0,309.0,30.0,False,Pointer Move (Standard mouse)
1785569697.862804,857,329,p1-block-1-trial-7-target-1,861.0,309.0,30.0,False,Pointer Move (Standard mouse)
1785569697.870823,857,328,p1-block-1-trial-7-target-1,861.0,309.0,30.0,False,Pointer Move (Standard mouse)
1785569697.878123,858,328,p1-block-1-trial-7-target-1,861.0,309.0,30.0,False,Pointer Move (Standard mouse)
1785569697.885547,858,328,p1-block-1-trial-7-target-1,861.0,309.0,30.0,False,Pointer Move (Standard mouse)
1785569697.8929,858,328,p1-block-1-trial-7-target-1,861.0,309.0,30.0,False,Pointer Move (Standard mouse)
1785569697.900078,858,327,p1-block-1-trial-7-target-1,861.0,309.0,30.0,False,Pointer Move (Standard mouse)
1785569697.915124,858,327,p1-block-1-trial-7-target-1,861.0,309.0,30.0,False,Pointer Move (Standard mouse)
1785569697.923156,858,326,p1-block-1-trial-7-target-1,861.0,309.0,30.0,False,Pointer Move (Standard mouse)
1785569697.930633,859,326,p1-block-1-trial-7-target-1,861.0,309.0,30.0,False,Pointer Move (Standard mouse)
1785569697.946199,859,326,p1-block-1-trial-7-target-1,861.0,309.0,30.0,False,Pointer Move (Standard mouse)
1785569697.953696,859,326,p1-block-1-trial-7-target-1,861.0,309.0,30.0,False,Pointer Move (Standard mouse)
1785569697.9686909,859,325,p1-block-1-trial-7-target-1,861.0,309.0,30.0,False,Pointer Move (Standard mouse)
1785569698.0059211,859,325,p1-block-1-trial-7-target-1,861.0,309.0,30.0,False,Pointer Move (Standard mouse)
1785569698.0381188,859,325,p1-block-1-trial-7-target-1,861.0,309.0,30.0,False,Pointer Move (Standard mouse)
1785569698.082707,859,325,p1-block-1-trial-7-target-1,861.0,309.0,30.0,target_selected,target_selected
1785569698.180861,859,325,p1-block-1-trial-8-target-5,579.0,591.0,30.0,False,Pointer Move (Standard mouse)
1785569698.1865642,858,325,p1-block-1-trial-8-target-5,579.0,591.0,30.0,False,Pointer Move (Standard mouse)
1785569698.19398,857,326,p1-block-1-trial-8-target-5,579.0,591.0,30.0,False,Pointer Move (Standard mouse)
1785569698.2014878,856,327,p1-block-1-trial-8-target-5,579.0,591.0,30.0,False,Pointer Move (Standard mouse)
1785569698.2084742,855,328,p1-block-1-trial-8-target-5,579.0,591.0,30.0,False,Pointer Move (Standard mouse)
1785569698.215631,853,329,p1-block-1-trial-8-target-5,579.0,591.0,30.0,False,Pointer Move (Standard mouse)
1785569698.223398,853,330,p1-block-1-trial-8-target-5,579.0,591.0,30.0,False,Pointer Move (Standard mouse)
1785569698.230419,852,330,p1-block-1-trial-8-target-5,579.0,591.0,30.0,False,Pointer Move (Standard mouse)
1785569698.237928,850,331,p1-block-1-trial-8-target-5,579.0,591.0,30.0,False,Pointer Move (Standard mouse)
1785569698.245367,846,334,p1-block-1-trial-8-target-5,579.0,591.0,30.0,False,Pointer Move (Standard mouse)
1785569698.252785,846,335,p1-block-1-trial-8-target-5,579.0,591.0,30.0,False,Pointer Move (Standard mouse)
1785569698.2619672,842,339,p1-block-1-trial-8-target-5,579.0,591.0,30.0,False,Pointer Move (Standard mouse)
1785569698.268157,840,342,p1-block-1-trial-8-target-5,579.0,591.0,30.0,False,Pointer Move (Standard mouse)
1785569698.2763462,835,347,p1-block-1-trial-8-target-5,579.0,591.0,30.0,False,Pointer Move (Standard mouse)
1785569698.284495,833,350,p1-block-1-trial-8-target-5,579.0,591.0,30.0,False,Pointer Move (Standard mouse)
1785569698.290942,827,359,p1-block-1-trial-8-target-5,579.0,591.0,30.0,False,Pointer Move (Standard mouse)
1785569698.298156,820,368,p1-block-1-trial-8-target-5,579.0,591.0,30.0,False,Pointer Move (Standard mouse)
1785569698.305274,813,379,p1-block-1-trial-8-target-5,579.0,591.0,30.0,False,Pointer Move (Standard mouse)
1785569698.313783,803,393,p1-block-1-trial-8-target-5,579.0,591.0,30.0,False,Pointer Move (Standard mouse)
1785569698.3216991,790,409,p1-block-1-trial-8-target-5,579.0,591.0,30.0,False,Pointer Move (Standard mouse)
1785569698.328456,780,426,p1-block-1-trial-8-target-5,579.0,591.0,30.0,False,Pointer Move (Standard mouse)
1785569698.336111,766,444,p1-block-1-trial-8-target-5,579.0,591.0,30.0,False,Pointer Move (Standard mouse)
1785569698.344115,751,460,p1-block-1-trial-8-target-5,579.0,591.0,30.0,False,Pointer Move (Standard mouse)
1785569698.351201,738,475,p1-block-1-trial-8-target-5,579.0,591.0,30.0,False,Pointer Move (Standard mouse)
1785569698.3585951,727,486,p1-block-1-trial-8-target-5,579.0,591.0,30.0,False,Pointer Move (Standard mouse)
1785569698.36615,717,495,p1-block-1-trial-8-target-5,579.0,591.0,30.0,False,Pointer Move (Standard mouse)
1785569698.3736398,706,507,p1-block-1-trial-8-target-5,579.0,591.0,30.0,False,Pointer Move (Standard mouse)
1785569698.38076,698,513,p1-block-1-trial-8-target-5,579.0,591.0,30.0,False,Pointer Move (Standard mouse)
1785569698.3879192,688,520,p1-block-1-trial-8-target-5,579.0,591.0,30.0,False,Pointer Move (Standard mouse)
1785569698.395231,675,530,p1-block-1-trial-8-target-5,579.0,591.0,30.0,False,Pointer Move (Standard mouse)
1785569698.403241,666,535,p1-block-1-trial-8-target-5,579.0,591.0,30.0,False,Pointer Move (Standard mouse)
1785569698.410599,661,537,p1-block-1-trial-8-target-5,579.0,591.0,30.0,False,Pointer Move (Standard mouse)
1785569698.4182599,656,540,p1-block-1-trial-8-target-5,579.0,591.0,30.0,False,Pointer Move (Standard mouse)
1785569698.425847,655,540,p1-block-1-trial-8-target-5,579.0,591.0,30.0,False,Pointer Move (Standard mouse)
1785569698.4331782,650,543,p1-block-1-trial-8-target-5,579.0,591.0,30.0,False,Pointer Move (Standard mouse)
1785569698.440528,643,545,p1-block-1-trial-8-target-5,579.0,591.0,30.0,False,Pointer Move (Standard mouse)
1785569698.448046,640,546,p1-block-1-trial-8-target-5,579.0,591.0,30.0,False,Pointer Move (Standard mouse)
1785569698.455632,636,548,p1-block-1-trial-8-target-5,579.0,591.0,30.0,False,Pointer Move (Standard mouse)
1785569698.463047,635,548,p1-block-1-trial-8-target-5,579.0,591.0,30.0,False,Pointer Move (Standard mouse)
1785569698.47022,630,550,p1-block-1-trial-8-target-5,579.0,591.0,30.0,False,Pointer Move (Standard mouse)
1785569698.4777842,627,550,p1-block-1-trial-8-target-5,579.0,591.0,30.0,False,Pointer Move (Standard mouse)
1785569698.485228,621,552,p1-block-1-trial-8-target-5,579.0,591.0,30.0,False,Pointer Move (Standard mouse)
1785569698.493027,618,552,p1-block-1-trial-8-target-5,579.0,591.0,30.0,False,Pointer Move (Standard mouse)
1785569698.500462,615,553,p1-block-1-trial-8-target-5,579.0,591.0,30.0,False,Pointer Move (Standard mouse)
1785569698.508189,614,553,p1-block-1-trial-8-target-5,579.0,591.0,30.0,False,Pointer Move (Standard mouse)
1785569698.516116,613,553,p1-block-1-trial-8-target-5,579.0,591.0,30.0,False,Pointer Move (Standard mouse)
1785569698.523477,611,553,p1-block-1-trial-8-target-5,579.0,591.0,30.0,False,Pointer Move (Standard mouse)
1785569698.531137,610,553,p1-block-1-trial-8-target-5,579.0,591.0,30.0,False,Pointer Move (Standard mouse)
1785569698.538473,610,553,p1-block-1-trial-8-target-5,579.0,591.0,30.0,False,Pointer Move (Standard mouse)
1785569698.546031,610,554,p1-block-1-trial-8-target-5,579.0,591.0,30.0,False,Pointer Move (Standard mouse)
1785569698.553486,609,554,p1-block-1-trial-8-target-5,579.0,591.0,30.0,False,Pointer Move (Standard mouse)
1785569698.5610812,609,554,p1-block-1-trial-8-target-5,579.0,591.0,30.0,False,Pointer Move (Standard mouse)
1785569698.5684931,608,554,p1-block-1-trial-8-target-5,579.0,591.0,30.0,False,Pointer Move (Standard mouse)
1785569698.5760279,608,555,p1-block-1-trial-8-target-5,579.0,591.0,30.0,False,Pointer Move (Standard mouse)
1785569698.5859132,607,555,p1-block-1-trial-8-target-5,579.0,591.0,30.0,False,Pointer Move (Standard mouse)
1785569698.592492,607,556,p1-block-1-trial-8-target-5,579.0,591.0,30.0,False,Pointer Move (Standard mouse)
1785569698.600188,605,557,p1-block-1-trial-8-target-5,579.0,591.0,30.0,False,Pointer Move (Standard mouse)
1785569698.60603,604,558,p1-block-1-trial-8-target-5,579.0,591.0,30.0,False,Pointer Move (Standard mouse)
1785569698.614626,602,560,p1-block-1-trial-8-target-5,579.0,591.0,30.0,False,Pointer Move (Standard mouse)
1785569698.621279,601,562,p1-block-1-trial-8-target-5,579.0,591.0,30.0,False,Pointer Move (Standard mouse)
1785569698.629657,600,563,p1-block-1-trial-8-target-5,579.0,591.0,30.0,False,Pointer Move (Standard mouse)
1785569698.6381361,599,564,p1-block-1-trial-8-target-5,579.0,591.0,30.0,False,Pointer Move (Standard mouse)
1785569698.6445508,596,568,p1-block-1-trial-8-target-5,579.0,591.0,30.0,False,Pointer Move (Standard mouse)
1785569698.652556,593,572,p1-block-1-trial-8-target-5,579.0,591.0,30.0,False,Pointer Move (Standard mouse)
1785569698.660671,592,573,p1-block-1-trial-8-target-5,579.0,591.0,30.0,False,Pointer Move (Standard mouse)
1785569698.6668632,591,575,p1-block-1-trial-8-target-5,579.0,591.0,30.0,False,Pointer Move (Standard mouse)
1785569698.673703,590,578,p1-block-1-trial-8-target-5,579.0,591.0,30.0,False,Pointer Move (Standard mouse)
1785569698.68047,590,579,p1-block-1-trial-8-target-5,579.0,591.0,30.0,False,Pointer Move (Standard mouse)
1785569698.6879969,590,580,p1-block-1-trial-8-target-5,579.0,591.0,30.0,False,Pointer Move (Standard mouse)
1785569698.695636,589,580,p1-block-1-trial-8-target-5,579.0,591.0,30.0,False,Pointer Move (Standard mouse)
1785569698.7030542,589,582,p1-block-1-trial-8-target-5,579.0,591.0,30.0,False,Pointer Move (Standard mouse)
1785569698.7129312,589,583,p1-block-1-trial-8-target-5,579.0,591.0,30.0,False,Pointer Move (Standard mouse)
1785569698.7205691,589,583,p1-block-1-trial-8-target-5,579.0,591.0,30.0,False,Pointer Move (Standard mouse)
1785569698.727106,588,584,p1-block-1-trial-8-target-5,579.0,591.0,30.0,False,Pointer Move (Standard mouse)
1785569698.73617,588,585,p1-block-1-trial-8-target-5,579.0,591.0,30.0,False,Pointer Move (Standard mouse)
1785569698.742319,588,585,p1-block-1-trial-8-target-5,579.0,591.0,30.0,False,Pointer Move (Standard mouse)
1785569698.750756,588,586,p1-block-1-trial-8-target-5,579.0,591.0,30.0,False,Pointer Move (Standard mouse)
1785569698.7572968,588,586,p1-block-1-trial-8-target-5,579.0,591.0,30.0,False,Pointer Move (Standard mouse)
1785569698.785982,588,586,p1-block-1-trial-8-target-5,579.0,591.0,30.0,False,Pointer Move (Standard mouse)
1785569698.854362,588,586,p1-block-1-trial-8-target-5,579.0,591.0,30.0,False,Pointer Move (Standard mouse)
1785569698.870493,588,586,p1-block-1-trial-8-target-5,579.0,591.0,30.0,target_selected,target_selected
1785569698.899966,588,586,p1-block-1-trial-9-target-1,861.0,309.0,30.0,False,Pointer Move (Standard mouse)
1785569698.951234,588,586,p1-block-1-trial-9-target-1,861.0,309.0,30.0,False,Pointer Move (Standard mouse)
1785569698.959212,588,585,p1-block-1-trial-9-target-1,861.0,309.0,30.0,False,Pointer Move (Standard mouse)
1785569698.9818208,588,585,p1-block-1-trial-9-target-1,861.0,309.0,30.0,False,Pointer Move (Standard mouse)
1785569698.9883342,588,585,p1-block-1-trial-9-target-1,861.0,309.0,30.0,False,Pointer Move (Standard mouse)
1785569698.995497,591,579,p1-block-1-trial-9-target-1,861.0,309.0,30.0,False,Pointer Move (Standard mouse)
1785569699.003509,594,575,p1-block-1-trial-9-target-1,861.0,309.0,30.0,False,Pointer Move (Standard mouse)
1785569699.011602,600,569,p1-block-1-trial-9-target-1,861.0,309.0,30.0,False,Pointer Move (Standard mouse)
1785569699.01895,604,565,p1-block-1-trial-9-target-1,861.0,309.0,30.0,False,Pointer Move (Standard mouse)
1785569699.026562,611,559,p1-block-1-trial-9-target-1,861.0,309.0,30.0,False,Pointer Move (Standard mouse)
1785569699.03415,612,558,p1-block-1-trial-9-target-1,861.0,309.0,30.0,False,Pointer Move (Standard mouse)
1785569699.041471,623,549,p1-block-1-trial-9-target-1,861.0,309.0,30.0,False,Pointer Move (Standard mouse)
1785569699.051372,627,546,p1-block-1-trial-9-target-1,861.0,309.0,30.0,False,Pointer Move (Standard mouse)
1785569699.058176,637,538,p1-block-1-trial-9-target-1,861.0,309.0,30.0,False,Pointer Move (Standard mouse)
1785569699.065206,646,531,p1-block-1-trial-9-target-1,861.0,309.0,30.0,False,Pointer Move (Standard mouse)
1785569699.0722392,657,521,p1-block-1-trial-9-target-1,861.0,309.0,30.0,False,Pointer Move (Standard mouse)
1785569699.081217,666,512,p1-block-1-trial-9-target-1,861.0,309.0,30.0,False,Pointer Move (Standard mouse)
1785569699.0860958,672,507,p1-block-1-trial-9-target-1,861.0,309.0,30.0,False,Pointer Move (Standard mouse)
1785569699.0957272,680,500,p1-block-1-trial-9-target-1,861.0,309.0,30.0,False,Pointer Move (Standard mouse)
1785569699.102109,689,492,p1-block-1-trial-9-target-1,861.0,309.0,30.0,False,Pointer Move (Standard mouse)
1785569699.111027,697,482,p1-block-1-trial-9-target-1,861.0,309.0,30.0,False,Pointer Move (Standard mouse)
1785569699.1173499,707,471,p1-block-1-trial-9-target-1,861.0,309.0,30.0,False,Pointer Move (Standard mouse)
1785569699.125338,716,460,p1-block-1-trial-9-target-1,861.0,309.0,30.0,False,Pointer Move (Standard mouse)
1785569699.131868,726,452,p1-block-1-trial-9-target-1,861.0,309.0,30.0,False,Pointer Move (Standard mouse)
1785569699.138848,737,441,p1-block-1-trial-9-target-1,861.0,309.0,30.0,False,Pointer Move (Standard mouse)
1785569699.1468532,746,434,p1-block-1-trial-9-target-1,861.0,309.0,30.0,False,Pointer Move (Standard mouse)
1785569699.153471,754,428,p1-block-1-trial-9-target-1,861.0,309.0,30.0,False,Pointer Move (Standard mouse)
1785569699.161839,754,427,p1-block-1-trial-9-target-1,861.0,309.0,30.0,False,Pointer Move (Standard mouse)
1785569699.1697862,762,421,p1-block-1-trial-9-target-1,861.0,309.0,30.0,False,Pointer Move (Standard mouse)
1785569699.177155,769,415,p1-block-1-trial-9-target-1,861.0,309.0,30.0,False,Pointer Move (Standard mouse)
1785569699.1865,775,409,p1-block-1-trial-9-target-1,861.0,309.0,30.0,False,Pointer Move (Standard mouse)
1785569699.1928399,778,407,p1-block-1-trial-9-target-1,861.0,309.0,30.0,False,Pointer Move (Standard mouse)
1785569699.200542,784,399,p1-block-1-trial-9-target-1,861.0,309.0,30.0,False,Pointer Move (Standard mouse)
1785569699.206155,789,395,p1-block-1-trial-9-target-1,861.0,309.0,30.0,False,Pointer Move (Standard mouse)
1785569699.214634,794,389,p1-block-1-trial-9-target-1,861.0,309.0,30.0,False,Pointer Move (Standard mouse)
1785569699.222395,796,386,p1-block-1-trial-9-target-1,861.0,309.0,30.0,False,Pointer Move (Standard mouse)
1785569699.2301812,801,382,p1-block-1-trial-9-target-1,861.0,309.0,30.0,False,Pointer Move (Standard mouse)
1785569699.2377758,806,378,p1-block-1-trial-9-target-1,861.0,309.0,30.0,False,Pointer Move (Standard mouse)
1785569699.2460248,807,377,p1-block-1-trial-9-target-1,861.0,309.0,30.0,False,Pointer Move (Standard mouse)
1785569699.2534761,809,375,p1-block-1-trial-9-target-1,861.0,309.0,30.0,False,Pointer Move (Standard mouse)
1785569699.2596679,812,372,p1-block-1-trial-9-target-1,861.0,309.0,30.0,False,Pointer Move (Standard mouse)
1785569699.266866,812,372,p1-block-1-trial-9-target-1,861.0,309.0,30.0,False,Pointer Move (Standard mouse)
1785569699.27358,815,369,p1-block-1-trial-9-target-1,861.0,309.0,30.0,False,Pointer Move (Standard mouse)
1785569699.2822971,815,369,p1-block-1-trial-9-target-1,861.0,309.0,30.0,False,Pointer Move (Standard mouse)
1785569699.288975,816,368,p1-block-1-trial-9-target-1,861.0,309.0,30.0,False,Pointer Move (Standard mouse)
1785569699.296024,817,367,p1-block-1-trial-9-target-1,861.0,309.0,30.0,False,Pointer Move (Standard mouse)
1785569699.3037271,817,367,p1-block-1-trial-9-target-1,861.0,309.0,30.0,False,Pointer Move (Standard mouse)
1785569699.311114,818,367,p1-block-1-trial-9-target-1,861.0,309.0,30.0,False,Pointer Move (Standard mouse)
1785569699.3184278,818,366,p1-block-1-trial-9-target-1,861.0,309.0,30.0,False,Pointer Move (Standard mouse)
1785569699.3260229,818,366,p1-block-1-trial-9-target-1,861.0,309.0,30.0,False,Pointer Move (Standard mouse)
1785569699.3337228,819,366,p1-block-1-trial-9-target-1,861.0,309.0,30.0,False,Pointer Move (Standard mouse)
1785569699.34064,819,365,p1-block-1-trial-9-target-1,861.0,309.0,30.0,False,Pointer Move (Standard mouse)
1785569699.348115,821,364,p1-block-1-trial-9-target-1,861.0,309.0,30.0,False,Pointer Move (Standard mouse)
1785569699.3562949,821,364,p1-block-1-trial-9-target-1,861.0,309.0,30.0,False,Pointer Move (Standard mouse)
1785569699.36318,823,363,p1-block-1-trial-9-target-1,861.0,309.0,30.0,False,Pointer Move (Standard mouse)
1785569699.370641,827,359,p1-block-1-trial-9-target-1,861.0,309.0,30.0,False,Pointer Move (Standard mouse)
1785569699.37761,828,358,p1-block-1-trial-9-target-1,861.0,309.0,30.0,False,Pointer Move (Standard mouse)
1785569699.3856158,831,356,p1-block-1-trial-9-target-1,861.0,309.0,30.0,False,Pointer Move (Standard mouse)
1785569699.3923242,833,355,p1-block-1-trial-9-target-1,861.0,309.0,30.0,False,Pointer Move (Standard mouse)
1785569699.400519,833,355,p1-block-1-trial-9-target-1,861.0,309.0,30.0,False,Pointer Move (Standard mouse)
1785569699.4082282,834,354,p1-block-1-trial-9-target-1,861.0,309.0,30.0,False,Pointer Move (Standard mouse)
1785569699.416703,835,353,p1-block-1-trial-9-target-1,861.0,309.0,30.0,False,Pointer Move (Standard mouse)
1785569699.4230452,835,353,p1-block-1-trial-9-target-1,861.0,309.0,30.0,False,Pointer Move (Standard mouse)
1785569699.4309492,835,352,p1-block-1-trial-9-target-1,861.0,309.0,30.0,False,Pointer Move (Standard mouse)
1785569699.438231,836,351,p1-block-1-trial-9-target-1,861.0,309.0,30.0,False,Pointer Move (Standard mouse)
1785569699.446008,837,350,p1-block-1-trial-9-target-1,861.0,309.0,30.0,False,Pointer Move (Standard mouse)
1785569699.4535758,838,349,p1-block-1-trial-9-target-1,861.0,309.0,30.0,False,Pointer Move (Standard mouse)
1785569699.459917,838,349,p1-block-1-trial-9-target-1,861.0,309.0,30.0,False,Pointer Move (Standard mouse)
1785569699.467631,838,348,p1-block-1-trial-9-target-1,861.0,309.0,30.0,False,Pointer Move (Standard mouse)
1785569699.475248,839,348,p1-block-1-trial-9-target-1,861.0,309.0,30.0,False,Pointer Move (Standard mouse)
1785569699.482805,839,347,p1-block-1-trial-9-target-1,861.0,309.0,30.0,False,Pointer Move (Standard mouse)
1785569699.490879,839,347,p1-block-1-trial-9-target-1,861.0,309.0,30.0,False,Pointer Move (Standard mouse)
1785569699.4989078,839,347,p1-block-1-trial-9-target-1,861.0,309.0,30.0,False,Pointer Move (Standard mouse)
1785569699.506508,839,346,p1-block-1-trial-9-target-1,861.0,309.0,30.0,False,Pointer Move (Standard mouse)
1785569699.5136352,840,346,p1-block-1-trial-9-target-1,861.0,309.0,30.0,False,Pointer Move (Standard mouse)
1785569699.520545,840,345,p1-block-1-trial-9-target-1,861.0,309.0,30.0,False,Pointer Move (Standard mouse)
1785569699.5283,840,345,p1-block-1-trial-9-target-1,861.0,309.0,30.0,False,Pointer Move (Standard mouse)
1785569699.536153,841,344,p1-block-1-trial-9-target-1,861.0,309.0,30.0,False,Pointer Move (Standard mouse)
1785569699.542618,841,344,p1-block-1-trial-9-target-1,861.0,309.0,30.0,False,Pointer Move (Standard mouse)
1785569699.5508711,842,343,p1-block-1-trial-9-target-1,861.0,309.0,30.0,False,Pointer Move (Standard mouse)
1785569699.557729,842,343,p1-block-1-trial-9-target-1,861.0,309.0,30.0,False,Pointer Move (Standard mouse)
1785569699.565399,842,342,p1-block-1-trial-9-target-1,861.0,309.0,30.0,False,Pointer Move (Standard mouse)
1785569699.573259,842,342,p1-block-1-trial-9-target-1,861.0,309.0,30.0,False,Pointer Move (Standard mouse)
1785569699.5806458,842,342,p1-block-1-trial-9-target-1,861.0,309.0,30.0,False,Pointer Move (Standard mouse)
1785569699.595995,842,341,p1-block-1-trial-9-target-1,861.0,309.0,30.0,False,Pointer Move (Standard mouse)
1785569699.610583,843,341,p1-block-1-trial-9-target-1,861.0,309.0,30.0,False,Pointer Move (Standard mouse)
1785569699.6260722,843,340,p1-block-1-trial-9-target-1,861.0,309.0,30.0,False,Pointer Move (Standard mouse)
1785569699.641372,843,340,p1-block-1-trial-9-target-1,861.0,309.0,30.0,False,Pointer Move (Standard mouse)
1785569699.647692,843,339,p1-block-1-trial-9-target-1,861.0,309.0,30.0,False,Pointer Move (Standard mouse)
1785569699.6552162,844,339,p1-block-1-trial-9-target-1,861.0,309.0,30.0,False,Pointer Move (Standard mouse)
1785569699.663122,844,338,p1-block-1-trial-9-target-1,861.0,309.0,30.0,False,Pointer Move (Standard mouse)
1785569699.6703072,844,338,p1-block-1-trial-9-target-1,861.0,309.0,30.0,False,Pointer Move (Standard mouse)
1785569699.677832,844,338,p1-block-1-trial-9-target-1,861.0,309.0,30.0,False,Pointer Move (Standard mouse)
1785569699.6878028,844,337,p1-block-1-trial-9-target-1,861.0,309.0,30.0,False,Pointer Move (Standard mouse)
1785569699.6936371,844,337,p1-block-1-trial-9-target-1,861.0,309.0,30.0,False,Pointer Move (Standard mouse)
1785569699.70083,844,336,p1-block-1-trial-9-target-1,861.0,309.0,30.0,False,Pointer Move (Standard mouse)
1785569699.716893,844,336,p1-block-1-trial-9-target-1,861.0,309.0,30.0,False,Pointer Move (Standard mouse)
1785569699.7236009,845,336,p1-block-1-trial-9-target-1,861.0,309.0,30.0,False,Pointer Move (Standard mouse)
1785569699.731114,845,335,p1-block-1-trial-9-target-1,861.0,309.0,30.0,False,Pointer Move (Standard mouse)
1785569699.738742,845,335,p1-block-1-trial-9-target-1,861.0,309.0,30.0,False,Pointer Move (Standard mouse)
1785569699.746439,846,334,p1-block-1-trial-9-target-1,861.0,309.0,30.0,False,Pointer Move (Standard mouse)
1785569699.755203,846,333,p1-block-1-trial-9-target-1,861.0,309.0,30.0,False,Pointer Move (Standard mouse)
1785569699.760881,847,333,p1-block-1-trial-9-target-1,861.0,309.0,30.0,False,Pointer Move (Standard mouse)
1785569699.7715929,847,332,p1-block-1-trial-9-target-1,861.0,309.0,30.0,False,Pointer Move (Standard mouse)
1785569699.7757509,847,331,p1-block-1-trial-9-target-1,861.0,309.0,30.0,False,Pointer Move (Standard mouse)
1785569699.7827892,848,331,p1-block-1-trial-9-target-1,861.0,309.0,30.0,False,Pointer Move (Standard mouse)
1785569699.79195,848,330,p1-block-1-trial-9-target-1,861.0,309.0,30.0,False,Pointer Move (Standard mouse)
1785569699.7978182,849,329,p1-block-1-trial-9-target-1,861.0,309.0,30.0,False,Pointer Move (Standard mouse)
1785569699.806004,849,329,p1-block-1-trial-9-target-1,861.0,309.0,30.0,False,Pointer Move (Standard mouse)
1785569699.8135848,849,329,p1-block-1-trial-9-target-1,861.0,309.0,30.0,False,Pointer Move (Standard mouse)
1785569699.821239,849,328,p1-block-1-trial-9-target-1,861.0,309.0,30.0,False,Pointer Move (Standard mouse)
1785569699.828589,849,328,p1-block-1-trial-9-target-1,861.0,309.0,30.0,False,Pointer Move (Standard mouse)
1785569699.835113,849,328,p1-block-1-trial-9-target-1,861.0,309.0,30.0,False,Pointer Move (Standard mouse)
1785569699.888383,849,328,p1-block-1-trial-9-target-1,861.0,309.0,30.0,False,Pointer Move (Standard mouse)
1785569699.904935,849,328,p1-block-1-trial-9-target-1,861.0,309.0,30.0,target_selected,target_selected
1785569700.060627,849,328,p1-block-1-trial-10-target-5,579.0,591.0,30.0,False,Pointer Move (Standard mouse)
1785569700.0691981,849,329,p1-block-1-trial-10-target-5,579.0,591.0,30.0,False,Pointer Move (Standard mouse)
1785569700.076433,845,333,p1-block-1-trial-10-target-5,579.0,591.0,30.0,False,Pointer Move (Standard mouse)
1785569700.086168,839,339,p1-block-1-trial-10-target-5,579.0,591.0,30.0,False,Pointer Move (Standard mouse)
1785569700.091079,833,346,p1-block-1-trial-10-target-5,579.0,591.0,30.0,False,Pointer Move (Standard mouse)
1785569700.098763,828,350,p1-block-1-trial-10-target-5,579.0,591.0,30.0,False,Pointer Move (Standard mouse)
1785569700.1085,821,356,p1-block-1-trial-10-target-5,579.0,591.0,30.0,False,Pointer Move (Standard mouse)
1785569700.1137228,812,366,p1-block-1-trial-10-target-5,579.0,591.0,30.0,False,Pointer Move (Standard mouse)
1785569700.120329,810,367,p1-block-1-trial-10-target-5,579.0,591.0,30.0,False,Pointer Move (Standard mouse)
1785569700.127989,803,373,p1-block-1-trial-10-target-5,579.0,591.0,30.0,False,Pointer Move (Standard mouse)
1785569700.135715,795,381,p1-block-1-trial-10-target-5,579.0,591.0,30.0,False,Pointer Move (Standard mouse)
1785569700.142709,789,387,p1-block-1-trial-10-target-5,579.0,591.0,30.0,False,Pointer Move (Standard mouse)
1785569700.150872,781,396,p1-block-1-trial-10-target-5,579.0,591.0,30.0,False,Pointer Move (Standard mouse)
1785569700.1590972,775,403,p1-block-1-trial-10-target-5,579.0,591.0,30.0,False,Pointer Move (Standard mouse)
1785569700.166367,768,413,p1-block-1-trial-10-target-5,579.0,591.0,30.0,False,Pointer Move (Standard mouse)
1785569700.173812,762,422,p1-block-1-trial-10-target-5,579.0,591.0,30.0,False,Pointer Move (Standard mouse)
1785569700.181195,754,429,p1-block-1-trial-10-target-5,579.0,591.0,30.0,False,Pointer Move (Standard mouse)
1785569700.188767,748,437,p1-block-1-trial-10-target-5,579.0,591.0,30.0,False,Pointer Move (Standard mouse)
1785569700.196396,742,444,p1-block-1-trial-10-target-5,579.0,591.0,30.0,False,Pointer Move (Standard mouse)
1785569700.204046,736,451,p1-block-1-trial-10-target-5,579.0,591.0,30.0,False,Pointer Move (Standard mouse)
1785569700.2125828,733,454,p1-block-1-trial-10-target-5,579.0,591.0,30.0,False,Pointer Move (Standard mouse)
1785569700.219709,725,462,p1-block-1-trial-10-target-5,579.0,591.0,30.0,False,Pointer Move (Standard mouse)
1785569700.226305,719,469,p1-block-1-trial-10-target-5,579.0,591.0,30.0,False,Pointer Move (Standard mouse)
1785569700.233406,713,475,p1-block-1-trial-10-target-5,579.0,591.0,30.0,False,Pointer Move (Standard mouse)
1785569700.241167,703,486,p1-block-1-trial-10-target-5,579.0,591.0,30.0,False,Pointer Move (Standard mouse)
1785569700.248495,697,493,p1-block-1-trial-10-target-5,579.0,591.0,30.0,False,Pointer Move (Standard mouse)
1785569700.255192,695,496,p1-block-1-trial-10-target-5,579.0,591.0,30.0,False,Pointer Move (Standard mouse)
1785569700.262857,682,508,p1-block-1-trial-10-target-5,579.0,591.0,30.0,False,Pointer Move (Standard mouse)
1785569700.270635,672,516,p1-block-1-trial-10-target-5,579.0,591.0,30.0,False,Pointer Move (Standard mouse)
1785569700.277728,666,522,p1-block-1-trial-10-target-5,579.0,591.0,30.0,False,Pointer Move (Standard mouse)
1785569700.2856388,657,531,p1-block-1-trial-10-target-5,579.0,591.0,30.0,False,Pointer Move (Standard mouse)
1785569700.293222,651,536,p1-block-1-trial-10-target-5,579.0,591.0,30.0,False,Pointer Move (Standard mouse)
1785569700.3011808,645,542,p1-block-1-trial-10-target-5,579.0,591.0,30.0,False,Pointer Move (Standard mouse)
1785569700.3093472,636,550,p1-block-1-trial-10-target-5,579.0,591.0,30.0,False,Pointer Move (Standard mouse)
1785569700.316656,630,556,p1-block-1-trial-10-target-5,579.0,591.0,30.0,False,Pointer Move (Standard mouse)
1785569700.323828,623,562,p1-block-1-trial-10-target-5,579.0,591.0,30.0,False,Pointer Move (Standard mouse)
1785569700.3314922,618,567,p1-block-1-trial-10-target-5,579.0,591.0,30.0,False,Pointer Move (Standard mouse)
1785569700.33866,612,571,p1-block-1-trial-10-target-5,579.0,591.0,30.0,False,Pointer Move (Standard mouse)
1785569700.3463528,611,572,p1-block-1-trial-10-target-5,579.0,591.0,30.0,False,Pointer Move (Standard mouse)
1785569700.3541481,605,577,p1-block-1-trial-10-target-5,579.0,591.0,30.0,False,Pointer Move (Standard mouse)
1785569700.36196,599,583,p1-block-1-trial-10-target-5,579.0,591.0,30.0,False,Pointer Move (Standard mouse)
1785569700.370253,598,583,p1-block-1-trial-10-target-5,579.0,591.0,30.0,False,Pointer Move (Standard mouse)
1785569700.376529,594,587,p1-block-1-trial-10-target-5,579.0,591.0,30.0,False,Pointer Move (Standard mouse)
1785569700.3839371,588,593,p1-block-1-trial-10-target-5,579.0,591.0,30.0,False,Pointer Move (Standard mouse)
1785569700.391747,587,594,p1-block-1-trial-10-target-5,579.0,591.0,30.0,False,Pointer Move (Standard mouse)
1785569700.3989031,581,600,p1-block-1-trial-10-target-5,579.0,591.0,30.0,False,Pointer Move (Standard mouse)
1785569700.406422,577,604,p1-block-1-trial-10-target-5,579.0,591.0,30.0,False,Pointer Move (Standard mouse)
1785569700.41376,571,609,p1-block-1-trial-10-target-5,579.0,591.0,30.0,False,Pointer Move (Standard mouse)
1785569700.4205801,567,615,p1-block-1-trial-10-target-5,579.0,591.0,30.0,False,Pointer Move (Standard mouse)
1785569700.4290612,563,618,p1-block-1-trial-10-target-5,579.0,591.0,30.0,False,Pointer Move (Standard mouse)
1785569700.4352992,558,622,p1-block-1-trial-10-target-5,579.0,591.0,30.0,False,Pointer Move (Standard mouse)
1785569700.4432168,556,624,p1-block-1-trial-10-target-5,579.0,591.0,30.0,False,Pointer Move (Standard mouse)
1785569700.4510121,554,627,p1-block-1-trial-10-target-5,579.0,591.0,30.0,False,Pointer Move (Standard mouse)
1785569700.458827,553,627,p1-block-1-trial-10-target-5,579.0,591.0,30.0,False,Pointer Move (Standard mouse)
1785569700.46618,553,627,p1-block-1-trial-10-target-5,579.0,591.0,30.0,False,Pointer Move (Standard mouse)
1785569700.474009,553,627,p1-block-1-trial-10-target-5,579.0,591.0,30.0,False,Pointer Move (Standard mouse)
1785569700.6243489,552,627,p1-block-1-trial-10-target-5,579.0,591.0,30.0,False,Pointer Move (Standard mouse)
1785569700.6467059,552,627,p1-block-1-trial-10-target-5,579.0,591.0,30.0,False,Pointer Move (Standard mouse)
1785569700.653111,552,627,p1-block-1-trial-10-target-5,579.0,591.0,30.0,False,Pointer Move (Standard mouse)
1785569700.66925,552,627,p1-block-1-trial-10-target-5,579.0,591.0,30.0,False,Pointer Move (Standard mouse)
1785569700.6771321,552,627,p1-block-1-trial-10-target-5,579.0,591.0,30.0,False,Pointer Move (Standard mouse)
1785569700.683713,552,625,p1-block-1-trial-10-target-5,579.0,591.0,30.0,False,Pointer Move (Standard mouse)
1785569700.691096,553,624,p1-block-1-trial-10-target-5,579.0,591.0,30.0,False,Pointer Move (Standard mouse)
1785569700.6987588,556,619,p1-block-1-trial-10-target-5,579.0,591.0,30.0,False,Pointer Move (Standard mouse)
1785569700.706298,560,615,p1-block-1-trial-10-target-5,579.0,591.0,30.0,False,Pointer Move (Standard mouse)
1785569700.71356,562,613,p1-block-1-trial-10-target-5,579.0,591.0,30.0,False,Pointer Move (Standard mouse)
1785569700.720442,563,613,p1-block-1-trial-10-target-5,579.0,591.0,30.0,False,Pointer Move (Standard mouse)
1785569700.7285068,567,608,p1-block-1-trial-10-target-5,579.0,591.0,30.0,False,Pointer Move (Standard mouse)
1785569700.736354,572,604,p1-block-1-trial-10-target-5,579.0,591.0,30.0,False,Pointer Move (Standard mouse)
1785569700.744173,573,603,p1-block-1-trial-10-target-5,579.0,591.0,30.0,False,Pointer Move (Standard mouse)
1785569700.750591,576,601,p1-block-1-trial-10-target-5,579.0,591.0,30.0,False,Pointer Move (Standard mouse)
1785569700.758424,577,600,p1-block-1-trial-10-target-5,579.0,591.0,30.0,False,Pointer Move (Standard mouse)
1785569700.7653399,578,599,p1-block-1-trial-10-target-5,579.0,591.0,30.0,False,Pointer Move (Standard mouse)
1785569700.849365,578,599,p1-block-1-trial-10-target-5,579.0,591.0,30.0,False,Pointer Move (Standard mouse)
1785569700.92628,578,599,p1-block-1-trial-10-target-5,579.0,591.0,30.0,target_selected,target_selected
1785569700.934859,578,599,p1-block-1-trial-11-target-1,861.0,309.0,30.0,False,Pointer Move (Standard mouse)
1785569701.037031,578,599,p1-block-1-trial-11-target-1,861.0,309.0,30.0,False,Pointer Move (Standard mouse)
1785569701.044118,579,597,p1-block-1-trial-11-target-1,861.0,309.0,30.0,False,Pointer Move (Standard mouse)
1785569701.051591,582,592,p1-block-1-trial-11-target-1,861.0,309.0,30.0,False,Pointer Move (Standard mouse)
1785569701.059059,587,586,p1-block-1-trial-11-target-1,861.0,309.0,30.0,False,Pointer Move (Standard mouse)
1785569701.0667992,593,580,p1-block-1-trial-11-target-1,861.0,309.0,30.0,False,Pointer Move (Standard mouse)
1785569701.075228,601,569,p1-block-1-trial-11-target-1,861.0,309.0,30.0,False,Pointer Move (Standard mouse)
1785569701.081567,612,559,p1-block-1-trial-11-target-1,861.0,309.0,30.0,False,Pointer Move (Standard mouse)
1785569701.089632,627,543,p1-block-1-trial-11-target-1,861.0,309.0,30.0,False,Pointer Move (Standard mouse)
1785569701.0973508,643,528,p1-block-1-trial-11-target-1,861.0,309.0,30.0,False,Pointer Move (Standard mouse)
1785569701.104533,654,518,p1-block-1-trial-11-target-1,861.0,309.0,30.0,False,Pointer Move (Standard mouse)
1785569701.1117198,674,500,p1-block-1-trial-11-target-1,861.0,309.0,30.0,False,Pointer Move (Standard mouse)
1785569701.1195781,687,488,p1-block-1-trial-11-target-1,861.0,309.0,30.0,False,Pointer Move (Standard mouse)
1785569701.126764,705,473,p1-block-1-trial-11-target-1,861.0,309.0,30.0,False,Pointer Move (Standard mouse)
1785569701.1351209,711,469,p1-block-1-trial-11-target-1,861.0,309.0,30.0,False,Pointer Move (Standard mouse)
1785569701.1422431,724,457,p1-block-1-trial-11-target-1,861.0,309.0,30.0,False,Pointer Move (Standard mouse)
1785569701.1492522,740,444,p1-block-1-trial-11-target-1,861.0,309.0,30.0,False,Pointer Move (Standard mouse)
1785569701.157482,753,434,p1-block-1-trial-11-target-1,861.0,309.0,30.0,False,Pointer Move (Standard mouse)
1785569701.165929,763,426,p1-block-1-trial-11-target-1,861.0,309.0,30.0,False,Pointer Move (Standard mouse)
1785569701.1743932,772,418,p1-block-1-trial-11-target-1,861.0,309.0,30.0,False,Pointer Move (Standard mouse)
1785569701.180835,779,412,p1-block-1-trial-11-target-1,861.0,309.0,30.0,False,Pointer Move (Standard mouse)
1785569701.1870232,787,402,p1-block-1-trial-11-target-1,861.0,309.0,30.0,False,Pointer Move (Standard mouse)
1785569701.19558,795,395,p1-block-1-trial-11-target-1,861.0,309.0,30.0,False,Pointer Move (Standard mouse)
1785569701.201925,805,385,p1-block-1-trial-11-target-1,861.0,309.0,30.0,False,Pointer Move (Standard mouse)
1785569701.211303,811,378,p1-block-1-trial-11-target-1,861.0,309.0,30.0,False,Pointer Move (Standard mouse)
1785569701.2172,820,368,p1-block-1-trial-11-target-1,861.0,309.0,30.0,False,Pointer Move (Standard mouse)
1785569701.226333,825,363,p1-block-1-trial-11-target-1,861.0,309.0,30.0,False,Pointer Move (Standard mouse)
1785569701.2323132,831,355,p1-block-1-trial-11-target-1,861.0,309.0,30.0,False,Pointer Move (Standard mouse)
1785569701.238879,834,351,p1-block-1-trial-11-target-1,861.0,309.0,30.0,False,Pointer Move (Standard mouse)
1785569701.248267,837,347,p1-block-1-trial-11-target-1,861.0,309.0,30.0,False,Pointer Move (Standard mouse)
1785569701.252705,838,346,p1-block-1-trial-11-target-1,861.0,309.0,30.0,False,Pointer Move (Standard mouse)
1785569701.2622368,839,345,p1-block-1-trial-11-target-1,861.0,309.0,30.0,False,Pointer Move (Standard mouse)
1785569701.269403,839,345,p1-block-1-trial-11-target-1,861.0,309.0,30.0,False,Pointer Move (Standard mouse)
1785569701.278485,839,344,p1-block-1-trial-11-target-1,861.0,309.0,30.0,False,Pointer Move (Standard mouse)
1785569701.285213,840,344,p1-block-1-trial-11-target-1,861.0,309.0,30.0,False,Pointer Move (Standard mouse)
1785569701.292707,840,343,p1-block-1-trial-11-target-1,861.0,309.0,30.0,False,Pointer Move (Standard mouse)
1785569701.300843,840,343,p1-block-1-trial-11-target-1,861.0,309.0,30.0,False,Pointer Move (Standard mouse)
1785569701.3059661,841,343,p1-block-1-trial-11-target-1,861.0,309.0,30.0,False,Pointer Move (Standard mouse)
1785569701.314383,841,342,p1-block-1-trial-11-target-1,861.0,309.0,30.0,False,Pointer Move (Standard mouse)
1785569701.3210728,841,342,p1-block-1-trial-11-target-1,861.0,309.0,30.0,False,Pointer Move (Standard mouse)
1785569701.442165,841,342,p1-block-1-trial-11-target-1,861.0,309.0,30.0,False,Pointer Move (Standard mouse)
1785569701.450592,841,342,p1-block-1-trial-11-target-1,861.0,309.0,30.0,False,Pointer Move (Standard mouse)
1785569701.4578292,842,341,p1-block-1-trial-11-target-1,861.0,309.0,30.0,False,Pointer Move (Standard mouse)
1785569701.464509,842,341,p1-block-1-trial-11-target-1,861.0,309.0,30.0,False,Pointer Move (Standard mouse)
1785569701.4736252,843,340,p1-block-1-trial-11-target-1,861.0,309.0,30.0,False,Pointer Move (Standard mouse)
1785569701.478685,843,340,p1-block-1-trial-11-target-1,861.0,309.0,30.0,False,Pointer Move (Standard mouse)
1785569701.487669,843,339,p1-block-1-trial-11-target-1,861.0,309.0,30.0,False,Pointer Move (Standard mouse)
1785569701.494816,844,338,p1-block-1-trial-11-target-1,861.0,309.0,30.0,False,Pointer Move (Standard mouse)
1785569701.5031848,845,337,p1-block-1-trial-11-target-1,861.0,309.0,30.0,False,Pointer Move (Standard mouse)
1785569701.510565,847,334,p1-block-1-trial-11-target-1,861.0,309.0,30.0,False,Pointer Move (Standard mouse)
1785569701.516716,850,332,p1-block-1-trial-11-target-1,861.0,309.0,30.0,False,Pointer Move (Standard mouse)
1785569701.525339,850,331,p1-block-1-trial-11-target-1,861.0,309.0,30.0,False,Pointer Move (Standard mouse)
1785569701.531908,851,330,p1-block-1-trial-11-target-1,861.0,309.0,30.0,False,Pointer Move (Standard mouse)
1785569701.540278,852,329,p1-block-1-trial-11-target-1,861.0,309.0,30.0,False,Pointer Move (Standard mouse)
1785569701.547055,852,329,p1-block-1-trial-11-target-1,861.0,309.0,30.0,False,Pointer Move (Standard mouse)
1785569701.555234,853,328,p1-block-1-trial-11-target-1,861.0,309.0,30.0,False,Pointer Move (Standard mouse)
1785569701.5627441,853,328,p1-block-1-trial-11-target-1,861.0,309.0,30.0,False,Pointer Move (Standard mouse)
1785569701.5701818,853,327,p1-block-1-trial-11-target-1,861.0,309.0,30.0,False,Pointer Move (Standard mouse)
1785569701.59311,853,327,p1-block-1-trial-11-target-1,861.0,309.0,30.0,False,Pointer Move (Standard mouse)
1785569701.614479,853,327,p1-block-1-trial-11-target-1,861.0,309.0,30.0,False,Pointer Move (Standard mouse)
1785569701.622467,853,326,p1-block-1-trial-11-target-1,861.0,309.0,30.0,False,Pointer Move (Standard mouse)
1785569701.629154,854,326,p1-block-1-trial-11-target-1,861.0,309.0,30.0,False,Pointer Move (Standard mouse)
1785569701.638109,854,326,p1-block-1-trial-11-target-1,861.0,309.0,30.0,False,Pointer Move (Standard mouse)
1785569701.6437051,854,326,p1-block-1-trial-11-target-1,861.0,309.0,30.0,False,Pointer Move (Standard mouse)
1785569701.714441,854,326,p1-block-1-trial-11-target-1,861.0,309.0,30.0,target_selected,target_selected
1785569701.8491678,854,326,p1-block-1-trial-12-target-5,579.0,591.0,30.0,False,Pointer Move (Standard mouse)
1785569701.853672,854,327,p1-block-1-trial-12-target-5,579.0,591.0,30.0,False,Pointer Move (Standard mouse)
1785569701.863606,854,334,p1-block-1-trial-12-target-5,579.0,591.0,30.0,False,Pointer Move (Standard mouse)
1785569701.8690612,852,340,p1-block-1-trial-12-target-5,579.0,591.0,30.0,False,Pointer Move (Standard mouse)
1785569701.8766668,846,349,p1-block-1-trial-12-target-5,579.0,591.0,30.0,False,Pointer Move (Standard mouse)
1785569701.885109,838,359,p1-block-1-trial-12-target-5,579.0,591.0,30.0,False,Pointer Move (Standard mouse)
1785569701.891417,832,365,p1-block-1-trial-12-target-5,579.0,591.0,30.0,False,Pointer Move (Standard mouse)
1785569701.8980968,824,373,p1-block-1-trial-12-target-5,579.0,591.0,30.0,False,Pointer Move (Standard mouse)
1785569701.906721,817,379,p1-block-1-trial-12-target-5,579.0,591.0,30.0,False,Pointer Move (Standard mouse)
1785569701.912862,811,383,p1-block-1-trial-12-target-5,579.0,591.0,30.0,False,Pointer Move (Standard mouse)
1785569701.920531,804,391,p1-block-1-trial-12-target-5,579.0,591.0,30.0,False,Pointer Move (Standard mouse)
1785569701.9278588,798,397,p1-block-1-trial-12-target-5,579.0,591.0,30.0,False,Pointer Move (Standard mouse)
1785569701.9355981,790,403,p1-block-1-trial-12-target-5,579.0,591.0,30.0,False,Pointer Move (Standard mouse)
1785569701.9439209,783,409,p1-block-1-trial-12-target-5,579.0,591.0,30.0,False,Pointer Move (Standard mouse)
1785569701.951376,778,415,p1-block-1-trial-12-target-5,579.0,591.0,30.0,False,Pointer Move (Standard mouse)
1785569701.958678,774,419,p1-block-1-trial-12-target-5,579.0,591.0,30.0,False,Pointer Move (Standard mouse)
1785569701.966285,763,431,p1-block-1-trial-12-target-5,579.0,591.0,30.0,False,Pointer Move (Standard mouse)
1785569701.973696,755,440,p1-block-1-trial-12-target-5,579.0,591.0,30.0,False,Pointer Move (Standard mouse)
1785569701.981299,747,449,p1-block-1-trial-12-target-5,579.0,591.0,30.0,False,Pointer Move (Standard mouse)
1785569701.987819,737,459,p1-block-1-trial-12-target-5,579.0,591.0,30.0,False,Pointer Move (Standard mouse)
1785569701.996727,733,462,p1-block-1-trial-12-target-5,579.0,591.0,30.0,False,Pointer Move (Standard mouse)
1785569702.0057878,726,470,p1-block-1-trial-12-target-5,579.0,591.0,30.0,False,Pointer Move (Standard mouse)
1785569702.012564,713,481,p1-block-1-trial-12-target-5,579.0,591.0,30.0,False,Pointer Move (Standard mouse)
1785569702.019217,710,484,p1-block-1-trial-12-target-5,579.0,591.0,30.0,False,Pointer Move (Standard mouse)
1785569702.026519,696,495,p1-block-1-trial-12-target-5,579.0,591.0,30.0,False,Pointer Move (Standard mouse)
1785569702.0332701,693,498,p1-block-1-trial-12-target-5,579.0,591.0,30.0,False,Pointer Move (Standard mouse)
1785569702.0406668,684,504,p1-block-1-trial-12-target-5,579.0,591.0,30.0,False,Pointer Move (Standard mouse)
1785569702.047768,678,510,p1-block-1-trial-12-target-5,579.0,591.0,30.0,False,Pointer Move (Standard mouse)
1785569702.055597,672,516,p1-block-1-trial-12-target-5,579.0,591.0,30.0,False,Pointer Move (Standard mouse)
1785569702.0631611,668,520,p1-block-1-trial-12-target-5,579.0,591.0,30.0,False,Pointer Move (Standard mouse)
1785569702.071048,666,521,p1-block-1-trial-12-target-5,579.0,591.0,30.0,False,Pointer Move (Standard mouse)
1785569702.07835,663,525,p1-block-1-trial-12-target-5,579.0,591.0,30.0,False,Pointer Move (Standard mouse)
1785569702.08547,661,528,p1-block-1-trial-12-target-5,579.0,591.0,30.0,False,Pointer Move (Standard mouse)
1785569702.093143,657,531,p1-block-1-trial-12-target-5,579.0,591.0,30.0,False,Pointer Move (Standard mouse)
1785569702.100323,655,532,p1-block-1-trial-12-target-5,579.0,591.0,30.0,False,Pointer Move (Standard mouse)
1785569702.109499,654,533,p1-block-1-trial-12-target-5,579.0,591.0,30.0,False,Pointer Move (Standard mouse)
1785569702.115596,650,537,p1-block-1-trial-12-target-5,579.0,591.0,30.0,False,Pointer Move (Standard mouse)
1785569702.122962,643,540,p1-block-1-trial-12-target-5,579.0,591.0,30.0,False,Pointer Move (Standard mouse)
1785569702.131514,636,545,p1-block-1-trial-12-target-5,579.0,591.0,30.0,False,Pointer Move (Standard mouse)
1785569702.139431,626,550,p1-block-1-trial-12-target-5,579.0,591.0,30.0,False,Pointer Move (Standard mouse)
1785569702.146533,618,555,p1-block-1-trial-12-target-5,579.0,591.0,30.0,False,Pointer Move (Standard mouse)
1785569702.154037,606,562,p1-block-1-trial-12-target-5,579.0,591.0,30.0,False,Pointer Move (Standard mouse)
1785569702.161119,595,570,p1-block-1-trial-12-target-5,579.0,591.0,30.0,False,Pointer Move (Standard mouse)
1785569702.168514,591,572,p1-block-1-trial-12-target-5,579.0,591.0,30.0,False,Pointer Move (Standard mouse)
1785569702.176061,579,579,p1-block-1-trial-12-target-5,579.0,591.0,30.0,False,Pointer Move (Standard mouse)
1785569702.183807,574,582,p1-block-1-trial-12-target-5,579.0,591.0,30.0,False,Pointer Move (Standard mouse)
1785569702.191123,569,585,p1-block-1-trial-12-target-5,579.0,591.0,30.0,False,Pointer Move (Standard mouse)
1785569702.198577,569,585,p1-block-1-trial-12-target-5,579.0,591.0,30.0,False,Pointer Move (Standard mouse)
1785569702.205893,565,587,p1-block-1-trial-12-target-5,579.0,591.0,30.0,False,Pointer Move (Standard mouse)
1785569702.2131588,565,588,p1-block-1-trial-12-target-5,579.0,591.0,30.0,False,Pointer Move (Standard mouse)
1785569702.2210639,564,588,p1-block-1-trial-12-target-5,579.0,591.0,30.0,False,Pointer Move (Standard mouse)
1785569702.229701,564,589,p1-block-1-trial-12-target-5,579.0,591.0,30.0,False,Pointer Move (Standard mouse)
1785569702.236485,564,589,p1-block-1-trial-12-target-5,579.0,591.0,30.0,False,Pointer Move (Standard mouse)
1785569702.243486,563,590,p1-block-1-trial-12-target-5,579.0,591.0,30.0,False,Pointer Move (Standard mouse)
1785569702.250397,563,590,p1-block-1-trial-12-target-5,579.0,591.0,30.0,False,Pointer Move (Standard mouse)
1785569702.257907,563,590,p1-block-1-trial-12-target-5,579.0,591.0,30.0,False,Pointer Move (Standard mouse)
1785569702.26576,563,591,p1-block-1-trial-12-target-5,579.0,591.0,30.0,False,Pointer Move (Standard mouse)
1785569702.273776,562,591,p1-block-1-trial-12-target-5,579.0,591.0,30.0,False,Pointer Move (Standard mouse)
1785569702.280991,562,591,p1-block-1-trial-12-target-5,579.0,591.0,30.0,False,Pointer Move (Standard mouse)
1785569702.289598,562,591,p1-block-1-trial-12-target-5,579.0,591.0,30.0,False,Pointer Move (Standard mouse)
1785569702.29581,562,592,p1-block-1-trial-12-target-5,579.0,591.0,30.0,False,Pointer Move (Standard mouse)
1785569702.326026,561,592,p1-block-1-trial-12-target-5,579.0,591.0,30.0,False,Pointer Move (Standard mouse)
1785569702.334166,561,592,p1-block-1-trial-12-target-5,579.0,591.0,30.0,False,Pointer Move (Standard mouse)
1785569702.3410602,561,593,p1-block-1-trial-12-target-5,579.0,591.0,30.0,False,Pointer Move (Standard mouse)
1785569702.348858,560,593,p1-block-1-trial-12-target-5,579.0,591.0,30.0,False,Pointer Move (Standard mouse)
1785569702.356104,559,594,p1-block-1-trial-12-target-5,579.0,591.0,30.0,False,Pointer Move (Standard mouse)
1785569702.364683,558,595,p1-block-1-trial-12-target-5,579.0,591.0,30.0,False,Pointer Move (Standard mouse)
1785569702.379746,558,595,p1-block-1-trial-12-target-5,579.0,591.0,30.0,False,Pointer Move (Standard mouse)
1785569702.469823,558,595,p1-block-1-trial-12-target-5,579.0,591.0,30.0,target_selected,target_selected
1785569702.597288,557,595,p1-block-1-trial-13-target-1,861.0,309.0,30.0,False,Pointer Move (Standard mouse)
1785569702.6038668,557,594,p1-block-1-trial-13-target-1,861.0,309.0,30.0,False,Pointer Move (Standard mouse)
1785569702.620425,557,594,p1-block-1-trial-13-target-1,861.0,309.0,30.0,False,Pointer Move (Standard mouse)
1785569702.626923,557,593,p1-block-1-trial-13-target-1,861.0,309.0,30.0,False,Pointer Move (Standard mouse)
1785569702.634012,560,587,p1-block-1-trial-13-target-1,861.0,309.0,30.0,False,Pointer Move (Standard mouse)
1785569702.6423192,564,583,p1-block-1-trial-13-target-1,861.0,309.0,30.0,False,Pointer Move (Standard mouse)
1785569702.6487,569,575,p1-block-1-trial-13-target-1,861.0,309.0,30.0,False,Pointer Move (Standard mouse)
1785569702.6562188,575,569,p1-block-1-trial-13-target-1,861.0,309.0,30.0,False,Pointer Move (Standard mouse)
1785569702.6637561,582,561,p1-block-1-trial-13-target-1,861.0,309.0,30.0,False,Pointer Move (Standard mouse)
1785569702.6708732,594,550,p1-block-1-trial-13-target-1,861.0,309.0,30.0,False,Pointer Move (Standard mouse)
1785569702.6784608,605,537,p1-block-1-trial-13-target-1,861.0,309.0,30.0,False,Pointer Move (Standard mouse)
1785569702.685243,615,529,p1-block-1-trial-13-target-1,861.0,309.0,30.0,False,Pointer Move (Standard mouse)
1785569702.6927528,626,519,p1-block-1-trial-13-target-1,861.0,309.0,30.0,False,Pointer Move (Standard mouse)
1785569702.700502,648,497,p1-block-1-trial-13-target-1,861.0,309.0,30.0,False,Pointer Move (Standard mouse)
1785569702.708271,666,481,p1-block-1-trial-13-target-1,861.0,309.0,30.0,False,Pointer Move (Standard mouse)
1785569702.715863,679,469,p1-block-1-trial-13-target-1,861.0,309.0,30.0,False,Pointer Move (Standard mouse)
1785569702.7235358,697,452,p1-block-1-trial-13-target-1,861.0,309.0,30.0,False,Pointer Move (Standard mouse)
1785569702.730491,715,439,p1-block-1-trial-13-target-1,861.0,309.0,30.0,False,Pointer Move (Standard mouse)
1785569702.737994,737,422,p1-block-1-trial-13-target-1,861.0,309.0,30.0,False,Pointer Move (Standard mouse)
1785569702.746384,746,415,p1-block-1-trial-13-target-1,861.0,309.0,30.0,False,Pointer Move (Standard mouse)
1785569702.753116,762,405,p1-block-1-trial-13-target-1,861.0,309.0,30.0,False,Pointer Move (Standard mouse)
1785569702.7608588,774,397,p1-block-1-trial-13-target-1,861.0,309.0,30.0,False,Pointer Move (Standard mouse)
1785569702.768894,779,394,p1-block-1-trial-13-target-1,861.0,309.0,30.0,False,Pointer Move (Standard mouse)
1785569702.776119,788,387,p1-block-1-trial-13-target-1,861.0,309.0,30.0,False,Pointer Move (Standard mouse)
1785569702.783616,794,383,p1-block-1-trial-13-target-1,861.0,309.0,30.0,False,Pointer Move (Standard mouse)
1785569702.7912278,797,380,p1-block-1-trial-13-target-1,861.0,309.0,30.0,False,Pointer Move (Standard mouse)
1785569702.798906,801,376,p1-block-1-trial-13-target-1,861.0,309.0,30.0,False,Pointer Move (Standard mouse)
1785569702.8061771,803,374,p1-block-1-trial-13-target-1,861.0,309.0,30.0,False,Pointer Move (Standard mouse)
1785569702.813641,804,372,p1-block-1-trial-13-target-1,861.0,309.0,30.0,False,Pointer Move (Standard mouse)
1785569702.8235352,806,369,p1-block-1-trial-13-target-1,861.0,309.0,30.0,False,Pointer Move (Standard mouse)
1785569702.828385,806,369,p1-block-1-trial-13-target-1,861.0,309.0,30.0,False,Pointer Move (Standard mouse)
1785569702.837718,807,367,p1-block-1-trial-13-target-1,861.0,309.0,30.0,False,Pointer Move (Standard mouse)
1785569702.8463612,807,366,p1-block-1-trial-13-target-1,861.0,309.0,30.0,False,Pointer Move (Standard mouse)
1785569702.8540218,810,364,p1-block-1-trial-13-target-1,861.0,309.0,30.0,False,Pointer Move (Standard mouse)
1785569702.86003,811,363,p1-block-1-trial-13-target-1,861.0,309.0,30.0,False,Pointer Move (Standard mouse)
1785569702.866677,812,361,p1-block-1-trial-13-target-1,861.0,309.0,30.0,False,Pointer Move (Standard mouse)
1785569702.878572,812,361,p1-block-1-trial-13-target-1,861.0,309.0,30.0,False,Pointer Move (Standard mouse)
1785569702.882731,812,361,p1-block-1-trial-13-target-1,861.0,309.0,30.0,False,Pointer Move (Standard mouse)
1785569702.889754,812,360,p1-block-1-trial-13-target-1,861.0,309.0,30.0,False,Pointer Move (Standard mouse)
1785569702.896678,813,360,p1-block-1-trial-13-target-1,861.0,309.0,30.0,False,Pointer Move (Standard mouse)
1785569702.9048839,813,360,p1-block-1-trial-13-target-1,861.0,309.0,30.0,False,Pointer Move (Standard mouse)
1785569702.935044,813,359,p1-block-1-trial-13-target-1,861.0,309.0,30.0,False,Pointer Move (Standard mouse)
1785569702.963639,813,359,p1-block-1-trial-13-target-1,861.0,309.0,30.0,False,Pointer Move (Standard mouse)
1785569702.9863129,813,359,p1-block-1-trial-13-target-1,861.0,309.0,30.0,False,Pointer Move (Standard mouse)
1785569702.9947789,814,358,p1-block-1-trial-13-target-1,861.0,309.0,30.0,False,Pointer Move (Standard mouse)
1785569703.002164,815,356,p1-block-1-trial-13-target-1,861.0,309.0,30.0,False,Pointer Move (Standard mouse)
1785569703.009836,820,353,p1-block-1-trial-13-target-1,861.0,309.0,30.0,False,Pointer Move (Standard mouse)
1785569703.017448,824,350,p1-block-1-trial-13-target-1,861.0,309.0,30.0,False,Pointer Move (Standard mouse)
1785569703.024332,826,350,p1-block-1-trial-13-target-1,861.0,309.0,30.0,False,Pointer Move (Standard mouse)
1785569703.032715,830,346,p1-block-1-trial-13-target-1,861.0,309.0,30.0,False,Pointer Move (Standard mouse)
1785569703.039286,839,339,p1-block-1-trial-13-target-1,861.0,309.0,30.0,False,Pointer Move (Standard mouse)
1785569703.0476859,845,333,p1-block-1-trial-13-target-1,861.0,309.0,30.0,False,Pointer Move (Standard mouse)
1785569703.055916,847,332,p1-block-1-trial-13-target-1,861.0,309.0,30.0,False,Pointer Move (Standard mouse)
1785569703.062662,854,326,p1-block-1-trial-13-target-1,861.0,309.0,30.0,False,Pointer Move (Standard mouse)
1785569703.070278,858,323,p1-block-1-trial-13-target-1,861.0,309.0,30.0,False,Pointer Move (Standard mouse)
1785569703.0761468,862,319,p1-block-1-trial-13-target-1,861.0,309.0,30.0,False,Pointer Move (Standard mouse)
1785569703.0856802,866,315,p1-block-1-trial-13-target-1,861.0,309.0,30.0,False,Pointer Move (Standard mouse)
1785569703.0909078,867,314,p1-block-1-trial-13-target-1,861.0,309.0,30.0,False,Pointer Move (Standard mouse)
1785569703.1004941,867,313,p1-block-1-trial-13-target-1,861.0,309.0,30.0,False,Pointer Move (Standard mouse)
1785569703.107208,867,312,p1-block-1-trial-13-target-1,861.0,309.0,30.0,False,Pointer Move (Standard mouse)
1785569703.1151612,868,311,p1-block-1-trial-13-target-1,861.0,309.0,30.0,False,Pointer Move (Standard mouse)
1785569703.122724,868,311,p1-block-1-trial-13-target-1,861.0,309.0,30.0,False,Pointer Move (Standard mouse)
1785569703.1290429,868,311,p1-block-1-trial-13-target-1,861.0,309.0,30.0,False,Pointer Move (Standard mouse)
1785569703.137763,869,310,p1-block-1-trial-13-target-1,861.0,309.0,30.0,False,Pointer Move (Standard mouse)
1785569703.144366,869,310,p1-block-1-trial-13-target-1,861.0,309.0,30.0,False,Pointer Move (Standard mouse)
1785569703.152645,869,309,p1-block-1-trial-13-target-1,861.0,309.0,30.0,False,Pointer Move (Standard mouse)
1785569703.16081,869,309,p1-block-1-trial-13-target-1,861.0,309.0,30.0,False,Pointer Move (Standard mouse)
1785569703.168467,869,308,p1-block-1-trial-13-target-1,861.0,309.0,30.0,False,Pointer Move (Standard mouse)
1785569703.175172,869,308,p1-block-1-trial-13-target-1,861.0,309.0,30.0,False,Pointer Move (Standard mouse)
1785569703.190819,869,308,p1-block-1-trial-13-target-1,861.0,309.0,30.0,False,Pointer Move (Standard mouse)
1785569703.196851,869,307,p1-block-1-trial-13-target-1,861.0,309.0,30.0,False,Pointer Move (Standard mouse)
1785569703.22579,869,307,p1-block-1-trial-13-target-1,861.0,309.0,30.0,False,Pointer Move (Standard mouse)
1785569703.349257,869,307,p1-block-1-trial-13-target-1,861.0,309.0,30.0,target_selected,target_selected
1785569703.4375,869,307,p1-block-1-trial-14-target-5,579.0,591.0,30.0,False,Pointer Move (Standard mouse)
1785569703.443528,869,308,p1-block-1-trial-14-target-5,579.0,591.0,30.0,False,Pointer Move (Standard mouse)
1785569703.45185,867,309,p1-block-1-trial-14-target-5,579.0,591.0,30.0,False,Pointer Move (Standard mouse)
1785569703.458706,865,310,p1-block-1-trial-14-target-5,579.0,591.0,30.0,False,Pointer Move (Standard mouse)
1785569703.4671948,863,312,p1-block-1-trial-14-target-5,579.0,591.0,30.0,False,Pointer Move (Standard mouse)
1785569703.474751,860,315,p1-block-1-trial-14-target-5,579.0,591.0,30.0,False,Pointer Move (Standard mouse)
1785569703.482177,856,319,p1-block-1-trial-14-target-5,579.0,591.0,30.0,False,Pointer Move (Standard mouse)
1785569703.488101,850,325,p1-block-1-trial-14-target-5,579.0,591.0,30.0,False,Pointer Move (Standard mouse)
1785569703.496927,843,336,p1-block-1-trial-14-target-5,579.0,591.0,30.0,False,Pointer Move (Standard mouse)
1785569703.5056078,842,337,p1-block-1-trial-14-target-5,579.0,591.0,30.0,False,Pointer Move (Standard mouse)
1785569703.510916,834,355,p1-block-1-trial-14-target-5,579.0,591.0,30.0,False,Pointer Move (Standard mouse)
1785569703.520056,825,367,p1-block-1-trial-14-target-5,579.0,591.0,30.0,False,Pointer Move (Standard mouse)
1785569703.5272582,822,372,p1-block-1-trial-14-target-5,579.0,591.0,30.0,False,Pointer Move (Standard mouse)
1785569703.5351958,812,392,p1-block-1-trial-14-target-5,579.0,591.0,30.0,False,Pointer Move (Standard mouse)
1785569703.5419881,803,408,p1-block-1-trial-14-target-5,579.0,591.0,30.0,False,Pointer Move (Standard mouse)
1785569703.549223,797,417,p1-block-1-trial-14-target-5,579.0,591.0,30.0,False,Pointer Move (Standard mouse)
1785569703.5579221,785,430,p1-block-1-trial-14-target-5,579.0,591.0,30.0,False,Pointer Move (Standard mouse)
1785569703.563773,775,441,p1-block-1-trial-14-target-5,579.0,591.0,30.0,False,Pointer Move (Standard mouse)
1785569703.572161,762,454,p1-block-1-trial-14-target-5,579.0,591.0,30.0,False,Pointer Move (Standard mouse)
1785569703.581066,748,467,p1-block-1-trial-14-target-5,579.0,591.0,30.0,False,Pointer Move (Standard mouse)
1785569703.587841,742,472,p1-block-1-trial-14-target-5,579.0,591.0,30.0,False,Pointer Move (Standard mouse)
1785569703.59285,724,485,p1-block-1-trial-14-target-5,579.0,591.0,30.0,False,Pointer Move (Standard mouse)
1785569703.6018822,708,494,p1-block-1-trial-14-target-5,579.0,591.0,30.0,False,Pointer Move (Standard mouse)
1785569703.610267,696,502,p1-block-1-trial-14-target-5,579.0,591.0,30.0,False,Pointer Move (Standard mouse)
1785569703.6169999,688,507,p1-block-1-trial-14-target-5,579.0,591.0,30.0,False,Pointer Move (Standard mouse)
1785569703.624018,674,515,p1-block-1-trial-14-target-5,579.0,591.0,30.0,False,Pointer Move (Standard mouse)
1785569703.631132,660,524,p1-block-1-trial-14-target-5,579.0,591.0,30.0,False,Pointer Move (Standard mouse)
1785569703.638509,648,531,p1-block-1-trial-14-target-5,579.0,591.0,30.0,False,Pointer Move (Standard mouse)
1785569703.646136,640,537,p1-block-1-trial-14-target-5,579.0,591.0,30.0,False,Pointer Move (Standard mouse)
1785569703.653627,631,542,p1-block-1-trial-14-target-5,579.0,591.0,30.0,False,Pointer Move (Standard mouse)
1785569703.661076,624,547,p1-block-1-trial-14-target-5,579.0,591.0,30.0,False,Pointer Move (Standard mouse)
1785569703.668572,620,550,p1-block-1-trial-14-target-5,579.0,591.0,30.0,False,Pointer Move (Standard mouse)
1785569703.67579,612,555,p1-block-1-trial-14-target-5,579.0,591.0,30.0,False,Pointer Move (Standard mouse)
1785569703.683713,607,560,p1-block-1-trial-14-target-5,579.0,591.0,30.0,False,Pointer Move (Standard mouse)
1785569703.691042,606,560,p1-block-1-trial-14-target-5,579.0,591.0,30.0,False,Pointer Move (Standard mouse)
1785569703.698626,604,561,p1-block-1-trial-14-target-5,579.0,591.0,30.0,False,Pointer Move (Standard mouse)
1785569703.706045,602,564,p1-block-1-trial-14-target-5,579.0,591.0,30.0,False,Pointer Move (Standard mouse)
1785569703.713621,600,565,p1-block-1-trial-14-target-5,579.0,591.0,30.0,False,Pointer Move (Standard mouse)
1785569703.7211251,599,566,p1-block-1-trial-14-target-5,579.0,591.0,30.0,False,Pointer Move (Standard mouse)
1785569703.7286909,599,567,p1-block-1-trial-14-target-5,579.0,591.0,30.0,False,Pointer Move (Standard mouse)
1785569703.736269,598,567,p1-block-1-trial-14-target-5,579.0,591.0,30.0,False,Pointer Move (Standard mouse)
1785569703.744029,598,568,p1-block-1-trial-14-target-5,579.0,591.0,30.0,False,Pointer Move (Standard mouse)
1785569703.750852,597,568,p1-block-1-trial-14-target-5,579.0,591.0,30.0,False,Pointer Move (Standard mouse)
1785569703.758632,597,569,p1-block-1-trial-14-target-5,579.0,591.0,30.0,False,Pointer Move (Standard mouse)
1785569703.765992,597,569,p1-block-1-trial-14-target-5,579.0,591.0,30.0,False,Pointer Move (Standard mouse)
1785569703.8108978,597,570,p1-block-1-trial-14-target-5,579.0,591.0,30.0,False,Pointer Move (Standard mouse)
1785569703.819056,596,570,p1-block-1-trial-14-target-5,579.0,591.0,30.0,False,Pointer Move (Standard mouse)
1785569703.8265479,596,570,p1-block-1-trial-14-target-5,579.0,591.0,30.0,False,Pointer Move (Standard mouse)
1785569703.834233,596,571,p1-block-1-trial-14-target-5,579.0,591.0,30.0,False,Pointer Move (Standard mouse)
1785569703.8417091,596,571,p1-block-1-trial-14-target-5,579.0,591.0,30.0,False,Pointer Move (Standard mouse)
1785569703.848989,596,571,p1-block-1-trial-14-target-5,579.0,591.0,30.0,False,Pointer Move (Standard mouse)
1785569703.8580039,595,572,p1-block-1-trial-14-target-5,579.0,591.0,30.0,False,Pointer Move (Standard mouse)
1785569703.865026,595,572,p1-block-1-trial-14-target-5,579.0,591.0,30.0,False,Pointer Move (Standard mouse)
1785569703.873954,595,572,p1-block-1-trial-14-target-5,579.0,591.0,30.0,False,Pointer Move (Standard mouse)
1785569703.879433,595,573,p1-block-1-trial-14-target-5,579.0,591.0,30.0,False,Pointer Move (Standard mouse)
1785569703.888075,594,575,p1-block-1-trial-14-target-5,579.0,591.0,30.0,False,Pointer Move (Standard mouse)
1785569703.894701,593,576,p1-block-1-trial-14-target-5,579.0,591.0,30.0,False,Pointer Move (Standard mouse)
1785569703.9011211,593,577,p1-block-1-trial-14-target-5,579.0,591.0,30.0,False,Pointer Move (Standard mouse)
1785569703.908824,593,577,p1-block-1-trial-14-target-5,579.0,591.0,30.0,False,Pointer Move (Standard mouse)
1785569703.915589,592,578,p1-block-1-trial-14-target-5,579.0,591.0,30.0,False,Pointer Move (Standard mouse)
1785569703.923986,592,578,p1-block-1-trial-14-target-5,579.0,591.0,30.0,False,Pointer Move (Standard mouse)
1785569703.931322,591,580,p1-block-1-trial-14-target-5,579.0,591.0,30.0,False,Pointer Move (Standard mouse)
1785569703.946662,590,581,p1-block-1-trial-14-target-5,579.0,591.0,30.0,False,Pointer Move (Standard mouse)
1785569703.95391,590,581,p1-block-1-trial-14-target-5,579.0,591.0,30.0,False,Pointer Move (Standard mouse)
1785569703.961369,589,582,p1-block-1-trial-14-target-5,579.0,591.0,30.0,False,Pointer Move (Standard mouse)
1785569703.9685571,589,582,p1-block-1-trial-14-target-5,579.0,591.0,30.0,False,Pointer Move (Standard mouse)
1785569703.975877,589,582,p1-block-1-trial-14-target-5,579.0,591.0,30.0,False,Pointer Move (Standard mouse)
1785569703.982877,589,582,p1-block-1-trial-14-target-5,579.0,591.0,30.0,False,Pointer Move (Standard mouse)
1785569704.058922,589,582,p1-block-1-trial-14-target-5,579.0,591.0,30.0,target_selected,target_selected
1785569704.065111,589,582,p1-block-1-trial-15-target-1,861.0,309.0,30.0,False,Pointer Move (Standard mouse)
1785569704.13428,588,582,p1-block-1-trial-15-target-1,861.0,309.0,30.0,False,Pointer Move (Standard mouse)
1785569704.149218,588,582,p1-block-1-trial-15-target-1,861.0,309.0,30.0,False,Pointer Move (Standard mouse)
1785569704.156725,588,582,p1-block-1-trial-15-target-1,861.0,309.0,30.0,False,Pointer Move (Standard mouse)
1785569704.165067,588,581,p1-block-1-trial-15-target-1,861.0,309.0,30.0,False,Pointer Move (Standard mouse)
1785569704.1714602,588,579,p1-block-1-trial-15-target-1,861.0,309.0,30.0,False,Pointer Move (Standard mouse)
1785569704.17874,589,576,p1-block-1-trial-15-target-1,861.0,309.0,30.0,False,Pointer Move (Standard mouse)
1785569704.1854239,590,575,p1-block-1-trial-15-target-1,861.0,309.0,30.0,False,Pointer Move (Standard mouse)
1785569704.192529,593,570,p1-block-1-trial-15-target-1,861.0,309.0,30.0,False,Pointer Move (Standard mouse)
1785569704.2006242,598,562,p1-block-1-trial-15-target-1,861.0,309.0,30.0,False,Pointer Move (Standard mouse)
1785569704.2076008,600,559,p1-block-1-trial-15-target-1,861.0,309.0,30.0,False,Pointer Move (Standard mouse)
1785569704.215366,610,544,p1-block-1-trial-15-target-1,861.0,309.0,30.0,False,Pointer Move (Standard mouse)
1785569704.222989,619,533,p1-block-1-trial-15-target-1,861.0,309.0,30.0,False,Pointer Move (Standard mouse)
1785569704.2305589,626,524,p1-block-1-trial-15-target-1,861.0,309.0,30.0,False,Pointer Move (Standard mouse)
1785569704.2390232,637,513,p1-block-1-trial-15-target-1,861.0,309.0,30.0,False,Pointer Move (Standard mouse)
1785569704.246148,652,498,p1-block-1-trial-15-target-1,861.0,309.0,30.0,False,Pointer Move (Standard mouse)
1785569704.2536461,664,485,p1-block-1-trial-15-target-1,861.0,309.0,30.0,False,Pointer Move (Standard mouse)
1785569704.261149,667,483,p1-block-1-trial-15-target-1,861.0,309.0,30.0,False,Pointer Move (Standard mouse)
1785569704.268546,682,467,p1-block-1-trial-15-target-1,861.0,309.0,30.0,False,Pointer Move (Standard mouse)
1785569704.275763,693,456,p1-block-1-trial-15-target-1,861.0,309.0,30.0,False,Pointer Move (Standard mouse)
1785569704.283189,704,447,p1-block-1-trial-15-target-1,861.0,309.0,30.0,False,Pointer Move (Standard mouse)
1785569704.290308,708,443,p1-block-1-trial-15-target-1,861.0,309.0,30.0,False,Pointer Move (Standard mouse)
1785569704.298091,726,430,p1-block-1-trial-15-target-1,861.0,309.0,30.0,False,Pointer Move (Standard mouse)
1785569704.30566,736,420,p1-block-1-trial-15-target-1,861.0,309.0,30.0,False,Pointer Move (Standard mouse)
1785569704.313633,742,414,p1-block-1-trial-15-target-1,861.0,309.0,30.0,False,Pointer Move (Standard mouse)
1785569704.321084,756,403,p1-block-1-trial-15-target-1,861.0,309.0,30.0,False,Pointer Move (Standard mouse)
1785569704.328347,766,393,p1-block-1-trial-15-target-1,861.0,309.0,30.0,False,Pointer Move (Standard mouse)
1785569704.33621,777,385,p1-block-1-trial-15-target-1,861.0,309.0,30.0,False,Pointer Move (Standard mouse)
1785569704.3439062,781,382,p1-block-1-trial-15-target-1,861.0,309.0,30.0,False,Pointer Move (Standard mouse)
1785569704.351063,790,374,p1-block-1-trial-15-target-1,861.0,309.0,30.0,False,Pointer Move (Standard mouse)
1785569704.3586402,796,368,p1-block-1-trial-15-target-1,861.0,309.0,30.0,False,Pointer Move (Standard mouse)
1785569704.3662,802,363,p1-block-1-trial-15-target-1,861.0,309.0,30.0,False,Pointer Move (Standard mouse)
1785569704.373677,806,360,p1-block-1-trial-15-target-1,861.0,309.0,30.0,False,Pointer Move (Standard mouse)
1785569704.381381,810,357,p1-block-1-trial-15-target-1,861.0,309.0,30.0,False,Pointer Move (Standard mouse)
1785569704.388567,811,356,p1-block-1-trial-15-target-1,861.0,309.0,30.0,False,Pointer Move (Standard mouse)
1785569704.396728,813,354,p1-block-1-trial-15-target-1,861.0,309.0,30.0,False,Pointer Move (Standard mouse)
1785569704.4061,816,351,p1-block-1-trial-15-target-1,861.0,309.0,30.0,False,Pointer Move (Standard mouse)
1785569704.410888,818,349,p1-block-1-trial-15-target-1,861.0,309.0,30.0,False,Pointer Move (Standard mouse)
1785569704.418154,822,345,p1-block-1-trial-15-target-1,861.0,309.0,30.0,False,Pointer Move (Standard mouse)
1785569704.42678,823,344,p1-block-1-trial-15-target-1,861.0,309.0,30.0,False,Pointer Move (Standard mouse)
1785569704.4351099,829,338,p1-block-1-trial-15-target-1,861.0,309.0,30.0,False,Pointer Move (Standard mouse)
1785569704.442378,832,334,p1-block-1-trial-15-target-1,861.0,309.0,30.0,False,Pointer Move (Standard mouse)
1785569704.450766,834,332,p1-block-1-trial-15-target-1,861.0,309.0,30.0,False,Pointer Move (Standard mouse)
1785569704.4576142,835,331,p1-block-1-trial-15-target-1,861.0,309.0,30.0,False,Pointer Move (Standard mouse)
1785569704.464046,835,331,p1-block-1-trial-15-target-1,861.0,309.0,30.0,False,Pointer Move (Standard mouse)
1785569704.4726982,835,331,p1-block-1-trial-15-target-1,861.0,309.0,30.0,False,Pointer Move (Standard mouse)
1785569704.478558,836,330,p1-block-1-trial-15-target-1,861.0,309.0,30.0,False,Pointer Move (Standard mouse)
1785569704.503655,836,330,p1-block-1-trial-15-target-1,861.0,309.0,30.0,False,Pointer Move (Standard mouse)
1785569704.524544,836,330,p1-block-1-trial-15-target-1,861.0,309.0,30.0,False,Pointer Move (Standard mouse)
1785569704.5771918,836,330,p1-block-1-trial-15-target-1,861.0,309.0,30.0,False,Pointer Move (Standard mouse)
1785569704.5837362,837,328,p1-block-1-trial-15-target-1,861.0,309.0,30.0,False,Pointer Move (Standard mouse)
1785569704.5912042,839,327,p1-block-1-trial-15-target-1,861.0,309.0,30.0,False,Pointer Move (Standard mouse)
1785569704.598609,844,325,p1-block-1-trial-15-target-1,861.0,309.0,30.0,False,Pointer Move (Standard mouse)
1785569704.60607,845,324,p1-block-1-trial-15-target-1,861.0,309.0,30.0,False,Pointer Move (Standard mouse)
1785569704.613635,849,322,p1-block-1-trial-15-target-1,861.0,309.0,30.0,False,Pointer Move (Standard mouse)
1785569704.620785,852,321,p1-block-1-trial-15-target-1,861.0,309.0,30.0,False,Pointer Move (Standard mouse)
1785569704.627763,854,320,p1-block-1-trial-15-target-1,861.0,309.0,30.0,False,Pointer Move (Standard mouse)
1785569704.635468,854,319,p1-block-1-trial-15-target-1,861.0,309.0,30.0,False,Pointer Move (Standard mouse)
1785569704.6430972,855,319,p1-block-1-trial-15-target-1,861.0,309.0,30.0,False,Pointer Move (Standard mouse)
1785569704.735088,855,319,p1-block-1-trial-15-target-1,861.0,309.0,30.0,target_selected,target_selected
1785569704.853981,855,319,p1-block-1-trial-16-target-5,579.0,591.0,30.0,False,Pointer Move (Standard mouse)
1785569704.862405,854,320,p1-block-1-trial-16-target-5,579.0,591.0,30.0,False,Pointer Move (Standard mouse)
1785569704.869448,848,329,p1-block-1-trial-16-target-5,579.0,591.0,30.0,False,Pointer Move (Standard mouse)
1785569704.8764899,843,335,p1-block-1-trial-16-target-5,579.0,591.0,30.0,False,Pointer Move (Standard mouse)
1785569704.8838131,840,339,p1-block-1-trial-16-target-5,579.0,591.0,30.0,False,Pointer Move (Standard mouse)
1785569704.891328,834,346,p1-block-1-trial-16-target-5,579.0,591.0,30.0,False,Pointer Move (Standard mouse)
1785569704.898727,828,352,p1-block-1-trial-16-target-5,579.0,591.0,30.0,False,Pointer Move (Standard mouse)
1785569704.9060748,820,362,p1-block-1-trial-16-target-5,579.0,591.0,30.0,False,Pointer Move (Standard mouse)
1785569704.913655,812,371,p1-block-1-trial-16-target-5,579.0,591.0,30.0,False,Pointer Move (Standard mouse)
1785569704.921084,802,380,p1-block-1-trial-16-target-5,579.0,591.0,30.0,False,Pointer Move (Standard mouse)
1785569704.92858,793,393,p1-block-1-trial-16-target-5,579.0,591.0,30.0,False,Pointer Move (Standard mouse)
1785569704.936221,781,406,p1-block-1-trial-16-target-5,579.0,591.0,30.0,False,Pointer Move (Standard mouse)
1785569704.943255,773,414,p1-block-1-trial-16-target-5,579.0,591.0,30.0,False,Pointer Move (Standard mouse)
1785569704.9505332,762,422,p1-block-1-trial-16-target-5,579.0,591.0,30.0,False,Pointer Move (Standard mouse)
1785569704.9578,755,426,p1-block-1-trial-16-target-5,579.0,591.0,30.0,False,Pointer Move (Standard mouse)
1785569704.965707,745,432,p1-block-1-trial-16-target-5,579.0,591.0,30.0,False,Pointer Move (Standard mouse)
1785569704.9733162,732,438,p1-block-1-trial-16-target-5,579.0,591.0,30.0,False,Pointer Move (Standard mouse)
1785569704.981617,722,443,p1-block-1-trial-16-target-5,579.0,591.0,30.0,False,Pointer Move (Standard mouse)
1785569704.9876459,712,448,p1-block-1-trial-16-target-5,579.0,591.0,30.0,False,Pointer Move (Standard mouse)
1785569704.995372,707,451,p1-block-1-trial-16-target-5,579.0,591.0,30.0,False,Pointer Move (Standard mouse)
1785569705.003362,696,456,p1-block-1-trial-16-target-5,579.0,591.0,30.0,False,Pointer Move (Standard mouse)
1785569705.011255,687,463,p1-block-1-trial-16-target-5,579.0,591.0,30.0,False,Pointer Move (Standard mouse)
1785569705.0191512,678,471,p1-block-1-trial-16-target-5,579.0,591.0,30.0,False,Pointer Move (Standard mouse)
1785569705.026575,672,475,p1-block-1-trial-16-target-5,579.0,591.0,30.0,False,Pointer Move (Standard mouse)
1785569705.0341299,663,483,p1-block-1-trial-16-target-5,579.0,591.0,30.0,False,Pointer Move (Standard mouse)
1785569705.041457,657,491,p1-block-1-trial-16-target-5,579.0,591.0,30.0,False,Pointer Move (Standard mouse)
1785569705.0488791,649,498,p1-block-1-trial-16-target-5,579.0,591.0,30.0,False,Pointer Move (Standard mouse)
1785569705.056148,643,505,p1-block-1-trial-16-target-5,579.0,591.0,30.0,False,Pointer Move (Standard mouse)
1785569705.063652,637,511,p1-block-1-trial-16-target-5,579.0,591.0,30.0,False,Pointer Move (Standard mouse)
1785569705.071009,633,515,p1-block-1-trial-16-target-5,579.0,591.0,30.0,False,Pointer Move (Standard mouse)
1785569705.078704,628,520,p1-block-1-trial-16-target-5,579.0,591.0,30.0,False,Pointer Move (Standard mouse)
1785569705.086069,622,527,p1-block-1-trial-16-target-5,579.0,591.0,30.0,False,Pointer Move (Standard mouse)
1785569705.0937479,616,531,p1-block-1-trial-16-target-5,579.0,591.0,30.0,False,Pointer Move (Standard mouse)
1785569705.101177,612,534,p1-block-1-trial-16-target-5,579.0,591.0,30.0,False,Pointer Move (Standard mouse)
1785569705.108652,607,539,p1-block-1-trial-16-target-5,579.0,591.0,30.0,False,Pointer Move (Standard mouse)
1785569705.115766,601,542,p1-block-1-trial-16-target-5,579.0,591.0,30.0,False,Pointer Move (Standard mouse)
1785569705.123502,597,545,p1-block-1-trial-16-target-5,579.0,591.0,30.0,False,Pointer Move (Standard mouse)
1785569705.131142,596,546,p1-block-1-trial-16-target-5,579.0,591.0,30.0,False,Pointer Move (Standard mouse)
1785569705.138251,594,547,p1-block-1-trial-16-target-5,579.0,591.0,30.0,False,Pointer Move (Standard mouse)
1785569705.145515,594,547,p1-block-1-trial-16-target-5,579.0,591.0,30.0,False,Pointer Move (Standard mouse)
1785569705.1533608,593,548,p1-block-1-trial-16-target-5,579.0,591.0,30.0,False,Pointer Move (Standard mouse)
1785569705.1598778,592,548,p1-block-1-trial-16-target-5,579.0,591.0,30.0,False,Pointer Move (Standard mouse)
1785569705.167819,592,548,p1-block-1-trial-16-target-5,579.0,591.0,30.0,False,Pointer Move (Standard mouse)
1785569705.1751091,591,549,p1-block-1-trial-16-target-5,579.0,591.0,30.0,False,Pointer Move (Standard mouse)
1785569705.182797,589,550,p1-block-1-trial-16-target-5,579.0,591.0,30.0,False,Pointer Move (Standard mouse)
1785569705.190929,588,551,p1-block-1-trial-16-target-5,579.0,591.0,30.0,False,Pointer Move (Standard mouse)
1785569705.1975281,586,552,p1-block-1-trial-16-target-5,579.0,591.0,30.0,False,Pointer Move (Standard mouse)
1785569705.2052019,586,552,p1-block-1-trial-16-target-5,579.0,591.0,30.0,False,Pointer Move (Standard mouse)
1785569705.212821,582,555,p1-block-1-trial-16-target-5,579.0,591.0,30.0,False,Pointer Move (Standard mouse)
1785569705.220512,581,557,p1-block-1-trial-16-target-5,579.0,591.0,30.0,False,Pointer Move (Standard mouse)
1785569705.227853,580,558,p1-block-1-trial-16-target-5,579.0,591.0,30.0,False,Pointer Move (Standard mouse)
1785569705.2354639,579,558,p1-block-1-trial-16-target-5,579.0,591.0,30.0,False,Pointer Move (Standard mouse)
1785569705.244009,579,559,p1-block-1-trial-16-target-5,579.0,591.0,30.0,False,Pointer Move (Standard mouse)
1785569705.251125,579,560,p1-block-1-trial-16-target-5,579.0,591.0,30.0,False,Pointer Move (Standard mouse)
1785569705.259223,578,561,p1-block-1-trial-16-target-5,579.0,591.0,30.0,False,Pointer Move (Standard mouse)
1785569705.26619,578,561,p1-block-1-trial-16-target-5,579.0,591.0,30.0,False,Pointer Move (Standard mouse)
1785569705.2734568,578,562,p1-block-1-trial-16-target-5,579.0,591.0,30.0,False,Pointer Move (Standard mouse)
1785569705.280427,578,563,p1-block-1-trial-16-target-5,579.0,591.0,30.0,False,Pointer Move (Standard mouse)
1785569705.2879481,578,563,p1-block-1-trial-16-target-5,579.0,591.0,30.0,False,Pointer Move (Standard mouse)
1785569705.295509,578,563,p1-block-1-trial-16-target-5,579.0,591.0,30.0,False,Pointer Move (Standard mouse)
1785569705.303453,577,563,p1-block-1-trial-16-target-5,579.0,591.0,30.0,False,Pointer Move (Standard mouse)
1785569705.311007,577,563,p1-block-1-trial-16-target-5,579.0,591.0,30.0,False,Pointer Move (Standard mouse)
1785569705.334122,577,564,p1-block-1-trial-16-target-5,579.0,591.0,30.0,False,Pointer Move (Standard mouse)
1785569705.341124,577,564,p1-block-1-trial-16-target-5,579.0,591.0,30.0,False,Pointer Move (Standard mouse)
1785569705.3487308,577,565,p1-block-1-trial-16-target-5,579.0,591.0,30.0,False,Pointer Move (Standard mouse)
1785569705.356435,577,566,p1-block-1-trial-16-target-5,579.0,591.0,30.0,False,Pointer Move (Standard mouse)
1785569705.364032,577,567,p1-block-1-trial-16-target-5,579.0,591.0,30.0,False,Pointer Move (Standard mouse)
1785569705.371414,577,568,p1-block-1-trial-16-target-5,579.0,591.0,30.0,False,Pointer Move (Standard mouse)
1785569705.379225,577,568,p1-block-1-trial-16-target-5,579.0,591.0,30.0,False,Pointer Move (Standard mouse)
1785569705.3864698,577,569,p1-block-1-trial-16-target-5,579.0,591.0,30.0,False,Pointer Move (Standard mouse)
1785569705.3944461,576,570,p1-block-1-trial-16-target-5,579.0,591.0,30.0,False,Pointer Move (Standard mouse)
1785569705.401942,576,570,p1-block-1-trial-16-target-5,579.0,591.0,30.0,False,Pointer Move (Standard mouse)
1785569705.409817,576,570,p1-block-1-trial-16-target-5,579.0,591.0,30.0,False,Pointer Move (Standard mouse)
1785569705.424234,576,571,p1-block-1-trial-16-target-5,579.0,591.0,30.0,False,Pointer Move (Standard mouse)
1785569705.4308438,576,571,p1-block-1-trial-16-target-5,579.0,591.0,30.0,False,Pointer Move (Standard mouse)
1785569705.440939,576,571,p1-block-1-trial-16-target-5,579.0,591.0,30.0,False,Pointer Move (Standard mouse)
1785569705.44688,576,572,p1-block-1-trial-16-target-5,579.0,591.0,30.0,False,Pointer Move (Standard mouse)
1785569705.456525,576,572,p1-block-1-trial-16-target-5,579.0,591.0,30.0,False,Pointer Move (Standard mouse)
1785569705.4620569,576,573,p1-block-1-trial-16-target-5,579.0,591.0,30.0,False,Pointer Move (Standard mouse)
1785569705.470156,576,574,p1-block-1-trial-16-target-5,579.0,591.0,30.0,False,Pointer Move (Standard mouse)
1785569705.4786072,576,574,p1-block-1-trial-16-target-5,579.0,591.0,30.0,False,Pointer Move (Standard mouse)
1785569705.485178,576,575,p1-block-1-trial-16-target-5,579.0,591.0,30.0,False,Pointer Move (Standard mouse)
1785569705.4998982,576,575,p1-block-1-trial-16-target-5,579.0,591.0,30.0,False,Pointer Move (Standard mouse)
1785569705.507678,575,575,p1-block-1-trial-16-target-5,579.0,591.0,30.0,False,Pointer Move (Standard mouse)
1785569705.52269,575,576,p1-block-1-trial-16-target-5,579.0,591.0,30.0,False,Pointer Move (Standard mouse)
1785569705.537317,575,576,p1-block-1-trial-16-target-5,579.0,591.0,30.0,target_selected,target_selected
1785569705.547869,575,576,p1-block-2-trial-1-target-6,570.0,450.0,37.5,False,Pointer Move (Standard mouse)
1785569705.648061,575,576,p1-block-2-trial-1-target-6,570.0,450.0,37.5,False,Pointer Move (Standard mouse)
1785569705.6573398,575,576,p1-block-2-trial-1-target-6,570.0,450.0,37.5,False,Pointer Move (Standard mouse)
1785569705.6659179,575,575,p1-block-2-trial-1-target-6,570.0,450.0,37.5,False,Pointer Move (Standard mouse)
1785569705.670515,577,572,p1-block-2-trial-1-target-6,570.0,450.0,37.5,False,Pointer Move (Standard mouse)
1785569705.679855,579,569,p1-block-2-trial-1-target-6,570.0,450.0,37.5,False,Pointer Move (Standard mouse)
1785569705.68816,582,564,p1-block-2-trial-1-target-6,570.0,450.0,37.5,False,Pointer Move (Standard mouse)
1785569705.695126,583,563,p1-block-2-trial-1-target-6,570.0,450.0,37.5,False,Pointer Move (Standard mouse)
1785569705.702695,589,554,p1-block-2-trial-1-target-6,570.0,450.0,37.5,False,Pointer Move (Standard mouse)
1785569705.7102358,602,540,p1-block-2-trial-1-target-6,570.0,450.0,37.5,False,Pointer Move (Standard mouse)
1785569705.717758,614,528,p1-block-2-trial-1-target-6,570.0,450.0,37.5,False,Pointer Move (Standard mouse)
1785569705.7243001,627,515,p1-block-2-trial-1-target-6,570.0,450.0,37.5,False,Pointer Move (Standard mouse)
1785569705.73299,636,507,p1-block-2-trial-1-target-6,570.0,450.0,37.5,False,Pointer Move (Standard mouse)
1785569705.737704,647,496,p1-block-2-trial-1-target-6,570.0,450.0,37.5,False,Pointer Move (Standard mouse)
1785569705.746482,662,480,p1-block-2-trial-1-target-6,570.0,450.0,37.5,False,Pointer Move (Standard mouse)
1785569705.7533581,675,466,p1-block-2-trial-1-target-6,570.0,450.0,37.5,False,Pointer Move (Standard mouse)
1785569705.763057,680,461,p1-block-2-trial-1-target-6,570.0,450.0,37.5,False,Pointer Move (Standard mouse)
1785569705.770137,691,449,p1-block-2-trial-1-target-6,570.0,450.0,37.5,False,Pointer Move (Standard mouse)
1785569705.777688,703,436,p1-block-2-trial-1-target-6,570.0,450.0,37.5,False,Pointer Move (Standard mouse)
1785569705.785123,707,432,p1-block-2-trial-1-target-6,570.0,450.0,37.5,False,Pointer Move (Standard mouse)
1785569705.7919848,716,423,p1-block-2-trial-1-target-6,570.0,450.0,37.5,False,Pointer Move (Standard mouse)
1785569705.800086,724,414,p1-block-2-trial-1-target-6,570.0,450.0,37.5,False,Pointer Move (Standard mouse)
1785569705.805805,730,409,p1-block-2-trial-1-target-6,570.0,450.0,37.5,False,Pointer Move (Standard mouse)
1785569705.816088,741,399,p1-block-2-trial-1-target-6,570.0,450.0,37.5,False,Pointer Move (Standard mouse)
1785569705.821099,750,393,p1-block-2-trial-1-target-6,570.0,450.0,37.5,False,Pointer Move (Standard mouse)
1785569705.8309078,754,389,p1-block-2-trial-1-target-6,570.0,450.0,37.5,False,Pointer Move (Standard mouse)
1785569705.836986,760,384,p1-block-2-trial-1-target-6,570.0,450.0,37.5,False,Pointer Move (Standard mouse)
1785569705.8427572,765,381,p1-block-2-trial-1-target-6,570.0,450.0,37.5,False,Pointer Move (Standard mouse)
1785569705.8502872,766,380,p1-block-2-trial-1-target-6,570.0,450.0,37.5,False,Pointer Move (Standard mouse)
1785569705.859308,767,379,p1-block-2-trial-1-target-6,570.0,450.0,37.5,False,Pointer Move (Standard mouse)
1785569705.866935,768,379,p1-block-2-trial-1-target-6,570.0,450.0,37.5,False,Pointer Move (Standard mouse)
1785569705.882777,768,379,p1-block-2-trial-1-target-6,570.0,450.0,37.5,False,Pointer Move (Standard mouse)
1785569705.889342,769,379,p1-block-2-trial-1-target-6,570.0,450.0,37.5,False,Pointer Move (Standard mouse)
1785569705.911582,769,378,p1-block-2-trial-1-target-6,570.0,450.0,37.5,False,Pointer Move (Standard mouse)
1785569705.92283,769,378,p1-block-2-trial-1-target-6,570.0,450.0,37.5,False,Pointer Move (Standard mouse)
1785569705.928797,769,378,p1-block-2-trial-1-target-6,570.0,450.0,37.5,False,Pointer Move (Standard mouse)
1785569705.963823,769,378,p1-block-2-trial-1-target-6,570.0,450.0,37.5,False,Pointer Move (Standard mouse)
1785569706.046678,769,378,p1-block-2-trial-1-target-6,570.0,450.0,37.5,False,Pointer Move (Standard mouse)
1785569706.053689,766,377,p1-block-2-trial-1-target-6,570.0,450.0,37.5,False,Pointer Move (Standard mouse)
1785569706.061162,760,377,p1-block-2-trial-1-target-6,570.0,450.0,37.5,False,Pointer Move (Standard mouse)
1785569706.068608,748,377,p1-block-2-trial-1-target-6,570.0,450.0,37.5,False,Pointer Move (Standard mouse)
1785569706.076176,740,377,p1-block-2-trial-1-target-6,570.0,450.0,37.5,False,Pointer Move (Standard mouse)
1785569706.0837362,726,377,p1-block-2-trial-1-target-6,570.0,450.0,37.5,False,Pointer Move (Standard mouse)
1785569706.091562,709,377,p1-block-2-trial-1-target-6,570.0,450.0,37.5,False,Pointer Move (Standard mouse)
1785569706.098662,695,377,p1-block-2-trial-1-target-6,570.0,450.0,37.5,False,Pointer Move (Standard mouse)
1785569706.106038,683,377,p1-block-2-trial-1-target-6,570.0,450.0,37.5,False,Pointer Move (Standard mouse)
1785569706.1135979,678,377,p1-block-2-trial-1-target-6,570.0,450.0,37.5,False,Pointer Move (Standard mouse)
1785569706.1210382,667,376,p1-block-2-trial-1-target-6,570.0,450.0,37.5,False,Pointer Move (Standard mouse)
1785569706.1288,657,376,p1-block-2-trial-1-target-6,570.0,450.0,37.5,False,Pointer Move (Standard mouse)
1785569706.1355698,647,376,p1-block-2-trial-1-target-6,570.0,450.0,37.5,False,Pointer Move (Standard mouse)
1785569706.1435509,638,377,p1-block-2-trial-1-target-6,570.0,450.0,37.5,False,Pointer Move (Standard mouse)
1785569706.1502368,628,378,p1-block-2-trial-1-target-6,570.0,450.0,37.5,False,Pointer Move (Standard mouse)
1785569706.158228,623,379,p1-block-2-trial-1-target-6,570.0,450.0,37.5,False,Pointer Move (Standard mouse)
1785569706.1659572,614,382,p1-block-2-trial-1-target-6,570.0,450.0,37.5,False,Pointer Move (Standard mouse)
1785569706.173738,606,384,p1-block-2-trial-1-target-6,570.0,450.0,37.5,False,Pointer Move (Standard mouse)
1785569706.1814551,602,385,p1-block-2-trial-1-target-6,570.0,450.0,37.5,False,Pointer Move (Standard mouse)
1785569706.1896162,599,386,p1-block-2-trial-1-target-6,570.0,450.0,37.5,False,Pointer Move (Standard mouse)
1785569706.196491,596,388,p1-block-2-trial-1-target-6,570.0,450.0,37.5,False,Pointer Move (Standard mouse)
1785569706.204236,594,388,p1-block-2-trial-1-target-6,570.0,450.0,37.5,False,Pointer Move (Standard mouse)
1785569706.211803,593,389,p1-block-2-trial-1-target-6,570.0,450.0,37.5,False,Pointer Move (Standard mouse)
1785569706.219278,593,389,p1-block-2-trial-1-target-6,570.0,450.0,37.5,False,Pointer Move (Standard mouse)
1785569706.226586,592,389,p1-block-2-trial-1-target-6,570.0,450.0,37.5,False,Pointer Move (Standard mouse)
1785569706.235073,591,390,p1-block-2-trial-1-target-6,570.0,450.0,37.5,False,Pointer Move (Standard mouse)
1785569706.240926,591,390,p1-block-2-trial-1-target-6,570.0,450.0,37.5,False,Pointer Move (Standard mouse)
1785569706.2494059,591,390,p1-block-2-trial-1-target-6,570.0,450.0,37.5,False,Pointer Move (Standard mouse)
1785569706.255305,590,390,p1-block-2-trial-1-target-6,570.0,450.0,37.5,False,Pointer Move (Standard mouse)
1785569706.26287,590,390,p1-block-2-trial-1-target-6,570.0,450.0,37.5,False,Pointer Move (Standard mouse)
1785569706.270566,588,391,p1-block-2-trial-1-target-6,570.0,450.0,37.5,False,Pointer Move (Standard mouse)
1785569706.2785878,587,392,p1-block-2-trial-1-target-6,570.0,450.0,37.5,False,Pointer Move (Standard mouse)
1785569706.2868211,581,394,p1-block-2-trial-1-target-6,570.0,450.0,37.5,False,Pointer Move (Standard mouse)
1785569706.295858,579,396,p1-block-2-trial-1-target-6,570.0,450.0,37.5,False,Pointer Move (Standard mouse)
1785569706.303406,572,400,p1-block-2-trial-1-target-6,570.0,450.0,37.5,False,Pointer Move (Standard mouse)
1785569706.3100102,566,404,p1-block-2-trial-1-target-6,570.0,450.0,37.5,False,Pointer Move (Standard mouse)
1785569706.316384,562,410,p1-block-2-trial-1-target-6,570.0,450.0,37.5,False,Pointer Move (Standard mouse)
1785569706.327206,556,416,p1-block-2-trial-1-target-6,570.0,450.0,37.5,False,Pointer Move (Standard mouse)
1785569706.331695,552,423,p1-block-2-trial-1-target-6,570.0,450.0,37.5,False,Pointer Move (Standard mouse)
1785569706.338398,552,426,p1-block-2-trial-1-target-6,570.0,450.0,37.5,False,Pointer Move (Standard mouse)
1785569706.3455,550,433,p1-block-2-trial-1-target-6,570.0,450.0,37.5,False,Pointer Move (Standard mouse)
1785569706.3533618,550,438,p1-block-2-trial-1-target-6,570.0,450.0,37.5,False,Pointer Move (Standard mouse)
1785569706.361768,550,443,p1-block-2-trial-1-target-6,570.0,450.0,37.5,False,Pointer Move (Standard mouse)
1785569706.36819,550,444,p1-block-2-trial-1-target-6,570.0,450.0,37.5,False,Pointer Move (Standard mouse)
1785569706.3755038,551,446,p1-block-2-trial-1-target-6,570.0,450.0,37.5,False,Pointer Move (Standard mouse)
1785569706.382625,551,446,p1-block-2-trial-1-target-6,570.0,450.0,37.5,False,Pointer Move (Standard mouse)
1785569706.390295,552,447,p1-block-2-trial-1-target-6,570.0,450.0,37.5,False,Pointer Move (Standard mouse)
1785569706.407138,552,447,p1-block-2-trial-1-target-6,570.0,450.0,37.5,False,Pointer Move (Standard mouse)
1785569706.4131289,552,447,p1-block-2-trial-1-target-6,570.0,450.0,37.5,False,Pointer Move (Standard mouse)
1785569706.442954,552,447,p1-block-2-trial-1-target-6,570.0,450.0,37.5,False,Pointer Move (Standard mouse)
1785569706.4517949,552,447,p1-block-2-trial-1-target-6,570.0,450.0,37.5,False,Pointer Move (Standard mouse)
1785569706.458986,552,448,p1-block-2-trial-1-target-6,570.0,450.0,37.5,False,Pointer Move (Standard mouse)
1785569706.4664,552,448,p1-block-2-trial-1-target-6,570.0,450.0,37.5,False,Pointer Move (Standard mouse)
1785569706.473082,553,448,p1-block-2-trial-1-target-6,570.0,450.0,37.5,False,Pointer Move (Standard mouse)
1785569706.48065,553,449,p1-block-2-trial-1-target-6,570.0,450.0,37.5,False,Pointer Move (Standard mouse)
1785569706.48785,553,449,p1-block-2-trial-1-target-6,570.0,450.0,37.5,False,Pointer Move (Standard mouse)
1785569706.495253,553,449,p1-block-2-trial-1-target-6,570.0,450.0,37.5,False,Pointer Move (Standard mouse)
1785569706.502768,553,450,p1-block-2-trial-1-target-6,570.0,450.0,37.5,False,Pointer Move (Standard mouse)
1785569706.510714,554,450,p1-block-2-trial-1-target-6,570.0,450.0,37.5,False,Pointer Move (Standard mouse)
1785569706.517704,554,451,p1-block-2-trial-1-target-6,570.0,450.0,37.5,False,Pointer Move (Standard mouse)
1785569706.533024,554,451,p1-block-2-trial-1-target-6,570.0,450.0,37.5,False,Pointer Move (Standard mouse)
1785569706.603221,554,451,p1-block-2-trial-1-target-6,570.0,450.0,37.5,target_selected,target_selected
1785569706.6225128,554,451,p1-block-2-trial-2-target-2,870.0,450.0,37.5,False,Pointer Move (Standard mouse)
1785569706.826962,555,451,p1-block-2-trial-2-target-2,870.0,450.0,37.5,False,Pointer Move (Standard mouse)
1785569706.833271,555,450,p1-block-2-trial-2-target-2,870.0,450.0,37.5,False,Pointer Move (Standard mouse)
1785569706.841454,558,450,p1-block-2-trial-2-target-2,870.0,450.0,37.5,False,Pointer Move (Standard mouse)
1785569706.8488152,564,450,p1-block-2-trial-2-target-2,870.0,450.0,37.5,False,Pointer Move (Standard mouse)
1785569706.856616,570,449,p1-block-2-trial-2-target-2,870.0,450.0,37.5,False,Pointer Move (Standard mouse)
1785569706.86433,582,449,p1-block-2-trial-2-target-2,870.0,450.0,37.5,False,Pointer Move (Standard mouse)
1785569706.870615,593,449,p1-block-2-trial-2-target-2,870.0,450.0,37.5,False,Pointer Move (Standard mouse)
1785569706.878728,619,449,p1-block-2-trial-2-target-2,870.0,450.0,37.5,False,Pointer Move (Standard mouse)
1785569706.8860888,633,449,p1-block-2-trial-2-target-2,870.0,450.0,37.5,False,Pointer Move (Standard mouse)
1785569706.8936162,654,449,p1-block-2-trial-2-target-2,870.0,450.0,37.5,False,Pointer Move (Standard mouse)
1785569706.9017842,671,449,p1-block-2-trial-2-target-2,870.0,450.0,37.5,False,Pointer Move (Standard mouse)
1785569706.9090922,693,449,p1-block-2-trial-2-target-2,870.0,450.0,37.5,False,Pointer Move (Standard mouse)
1785569706.916533,714,449,p1-block-2-trial-2-target-2,870.0,450.0,37.5,False,Pointer Move (Standard mouse)
1785569706.92442,732,449,p1-block-2-trial-2-target-2,870.0,450.0,37.5,False,Pointer Move (Standard mouse)
1785569706.932137,752,449,p1-block-2-trial-2-target-2,870.0,450.0,37.5,False,Pointer Move (Standard mouse)
1785569706.938849,768,449,p1-block-2-trial-2-target-2,870.0,450.0,37.5,False,Pointer Move (Standard mouse)
1785569706.946191,782,449,p1-block-2-trial-2-target-2,870.0,450.0,37.5,False,Pointer Move (Standard mouse)
1785569706.95353,792,449,p1-block-2-trial-2-target-2,870.0,450.0,37.5,False,Pointer Move (Standard mouse)
1785569706.961066,796,449,p1-block-2-trial-2-target-2,870.0,450.0,37.5,False,Pointer Move (Standard mouse)
1785569706.9685671,804,449,p1-block-2-trial-2-target-2,870.0,450.0,37.5,False,Pointer Move (Standard mouse)
1785569706.976117,807,449,p1-block-2-trial-2-target-2,870.0,450.0,37.5,False,Pointer Move (Standard mouse)
1785569706.983596,809,449,p1-block-2-trial-2-target-2,870.0,450.0,37.5,False,Pointer Move (Standard mouse)
1785569706.990284,810,449,p1-block-2-trial-2-target-2,870.0,450.0,37.5,False,Pointer Move (Standard mouse)
1785569706.998039,811,449,p1-block-2-trial-2-target-2,870.0,450.0,37.5,False,Pointer Move (Standard mouse)
1785569707.005821,813,448,p1-block-2-trial-2-target-2,870.0,450.0,37.5,False,Pointer Move (Standard mouse)
1785569707.0137112,814,448,p1-block-2-trial-2-target-2,870.0,450.0,37.5,False,Pointer Move (Standard mouse)
1785569707.029124,814,448,p1-block-2-trial-2-target-2,870.0,450.0,37.5,False,Pointer Move (Standard mouse)
1785569707.03658,815,448,p1-block-2-trial-2-target-2,870.0,450.0,37.5,False,Pointer Move (Standard mouse)
1785569707.043586,815,448,p1-block-2-trial-2-target-2,870.0,450.0,37.5,False,Pointer Move (Standard mouse)
1785569707.050546,815,448,p1-block-2-trial-2-target-2,870.0,450.0,37.5,False,Pointer Move (Standard mouse)
1785569707.059593,816,448,p1-block-2-trial-2-target-2,870.0,450.0,37.5,False,Pointer Move (Standard mouse)
1785569707.0682182,816,448,p1-block-2-trial-2-target-2,870.0,450.0,37.5,False,Pointer Move (Standard mouse)
1785569707.081197,816,448,p1-block-2-trial-2-target-2,870.0,450.0,37.5,False,Pointer Move (Standard mouse)
1785569707.0972512,817,448,p1-block-2-trial-2-target-2,870.0,450.0,37.5,False,Pointer Move (Standard mouse)
1785569707.105994,818,448,p1-block-2-trial-2-target-2,870.0,450.0,37.5,False,Pointer Move (Standard mouse)
1785569707.112679,819,448,p1-block-2-trial-2-target-2,870.0,450.0,37.5,False,Pointer Move (Standard mouse)
1785569707.120137,821,448,p1-block-2-trial-2-target-2,870.0,450.0,37.5,False,Pointer Move (Standard mouse)
1785569707.1285381,822,448,p1-block-2-trial-2-target-2,870.0,450.0,37.5,False,Pointer Move (Standard mouse)
1785569707.1335151,822,448,p1-block-2-trial-2-target-2,870.0,450.0,37.5,False,Pointer Move (Standard mouse)
1785569707.142689,823,449,p1-block-2-trial-2-target-2,870.0,450.0,37.5,False,Pointer Move (Standard mouse)
1785569707.1493142,826,449,p1-block-2-trial-2-target-2,870.0,450.0,37.5,False,Pointer Move (Standard mouse)
1785569707.1557918,830,449,p1-block-2-trial-2-target-2,870.0,450.0,37.5,False,Pointer Move (Standard mouse)
1785569707.162634,833,450,p1-block-2-trial-2-target-2,870.0,450.0,37.5,False,Pointer Move (Standard mouse)
1785569707.1703491,838,451,p1-block-2-trial-2-target-2,870.0,450.0,37.5,False,Pointer Move (Standard mouse)
1785569707.177705,843,451,p1-block-2-trial-2-target-2,870.0,450.0,37.5,False,Pointer Move (Standard mouse)
1785569707.186217,848,452,p1-block-2-trial-2-target-2,870.0,450.0,37.5,False,Pointer Move (Standard mouse)
1785569707.193407,849,452,p1-block-2-trial-2-target-2,870.0,450.0,37.5,False,Pointer Move (Standard mouse)
1785569707.20245,854,453,p1-block-2-trial-2-target-2,870.0,450.0,37.5,False,Pointer Move (Standard mouse)
1785569707.2109041,857,453,p1-block-2-trial-2-target-2,870.0,450.0,37.5,False,Pointer Move (Standard mouse)
1785569707.216382,858,453,p1-block-2-trial-2-target-2,870.0,450.0,37.5,False,Pointer Move (Standard mouse)
1785569707.225098,858,453,p1-block-2-trial-2-target-2,870.0,450.0,37.5,False,Pointer Move (Standard mouse)
1785569707.261924,859,453,p1-block-2-trial-2-target-2,870.0,450.0,37.5,False,Pointer Move (Standard mouse)
1785569707.269058,860,453,p1-block-2-trial-2-target-2,870.0,450.0,37.5,False,Pointer Move (Standard mouse)
1785569707.2773278,860,453,p1-block-2-trial-2-target-2,870.0,450.0,37.5,False,Pointer Move (Standard mouse)
1785569707.284801,862,453,p1-block-2-trial-2-target-2,870.0,450.0,37.5,False,Pointer Move (Standard mouse)
1785569707.292929,863,453,p1-block-2-trial-2-target-2,870.0,450.0,37.5,False,Pointer Move (Standard mouse)
1785569707.2996428,864,453,p1-block-2-trial-2-target-2,870.0,450.0,37.5,False,Pointer Move (Standard mouse)
1785569707.308154,864,453,p1-block-2-trial-2-target-2,870.0,450.0,37.5,False,Pointer Move (Standard mouse)
1785569707.316169,865,453,p1-block-2-trial-2-target-2,870.0,450.0,37.5,False,Pointer Move (Standard mouse)
1785569707.373878,865,453,p1-block-2-trial-2-target-2,870.0,450.0,37.5,target_selected,target_selected
1785569707.465152,864,453,p1-block-2-trial-3-target-6,570.0,450.0,37.5,False,Pointer Move (Standard mouse)
1785569707.473258,859,454,p1-block-2-trial-3-target-6,570.0,450.0,37.5,False,Pointer Move (Standard mouse)
1785569707.4788392,852,456,p1-block-2-trial-3-target-6,570.0,450.0,37.5,False,Pointer Move (Standard mouse)
1785569707.488061,845,456,p1-block-2-trial-3-target-6,570.0,450.0,37.5,False,Pointer Move (Standard mouse)
1785569707.4955351,833,458,p1-block-2-trial-3-target-6,570.0,450.0,37.5,False,Pointer Move (Standard mouse)
1785569707.502763,823,460,p1-block-2-trial-3-target-6,570.0,450.0,37.5,False,Pointer Move (Standard mouse)
1785569707.5106099,807,460,p1-block-2-trial-3-target-6,570.0,450.0,37.5,False,Pointer Move (Standard mouse)
1785569707.517521,790,460,p1-block-2-trial-3-target-6,570.0,450.0,37.5,False,Pointer Move (Standard mouse)
1785569707.525046,769,463,p1-block-2-trial-3-target-6,570.0,450.0,37.5,False,Pointer Move (Standard mouse)
1785569707.531042,750,463,p1-block-2-trial-3-target-6,570.0,450.0,37.5,False,Pointer Move (Standard mouse)
1785569707.540949,741,463,p1-block-2-trial-3-target-6,570.0,450.0,37.5,False,Pointer Move (Standard mouse)
1785569707.547681,726,463,p1-block-2-trial-3-target-6,570.0,450.0,37.5,False,Pointer Move (Standard mouse)
1785569707.554442,703,463,p1-block-2-trial-3-target-6,570.0,450.0,37.5,False,Pointer Move (Standard mouse)
1785569707.5622132,695,463,p1-block-2-trial-3-target-6,570.0,450.0,37.5,False,Pointer Move (Standard mouse)
1785569707.5688581,683,463,p1-block-2-trial-3-target-6,570.0,450.0,37.5,False,Pointer Move (Standard mouse)
1785569707.577346,674,463,p1-block-2-trial-3-target-6,570.0,450.0,37.5,False,Pointer Move (Standard mouse)
1785569707.583164,664,463,p1-block-2-trial-3-target-6,570.0,450.0,37.5,False,Pointer Move (Standard mouse)
1785569707.592986,650,463,p1-block-2-trial-3-target-6,570.0,450.0,37.5,False,Pointer Move (Standard mouse)
1785569707.600377,636,463,p1-block-2-trial-3-target-6,570.0,450.0,37.5,False,Pointer Move (Standard mouse)
1785569707.607837,622,463,p1-block-2-trial-3-target-6,570.0,450.0,37.5,False,Pointer Move (Standard mouse)
1785569707.617075,608,463,p1-block-2-trial-3-target-6,570.0,450.0,37.5,False,Pointer Move (Standard mouse)
1785569707.622046,596,463,p1-block-2-trial-3-target-6,570.0,450.0,37.5,False,Pointer Move (Standard mouse)
1785569707.6304262,586,463,p1-block-2-trial-3-target-6,570.0,450.0,37.5,False,Pointer Move (Standard mouse)
1785569707.637037,574,463,p1-block-2-trial-3-target-6,570.0,450.0,37.5,False,Pointer Move (Standard mouse)
1785569707.6455061,562,463,p1-block-2-trial-3-target-6,570.0,450.0,37.5,False,Pointer Move (Standard mouse)
1785569707.652498,560,463,p1-block-2-trial-3-target-6,570.0,450.0,37.5,False,Pointer Move (Standard mouse)
1785569707.6595042,555,463,p1-block-2-trial-3-target-6,570.0,450.0,37.5,False,Pointer Move (Standard mouse)
1785569707.666858,550,463,p1-block-2-trial-3-target-6,570.0,450.0,37.5,False,Pointer Move (Standard mouse)
1785569707.6737862,548,463,p1-block-2-trial-3-target-6,570.0,450.0,37.5,False,Pointer Move (Standard mouse)
1785569707.683094,548,464,p1-block-2-trial-3-target-6,570.0,450.0,37.5,False,Pointer Move (Standard mouse)
1785569707.688082,547,464,p1-block-2-trial-3-target-6,570.0,450.0,37.5,False,Pointer Move (Standard mouse)
1785569707.698378,546,464,p1-block-2-trial-3-target-6,570.0,450.0,37.5,False,Pointer Move (Standard mouse)
1785569707.704177,546,464,p1-block-2-trial-3-target-6,570.0,450.0,37.5,False,Pointer Move (Standard mouse)
1785569707.713024,546,464,p1-block-2-trial-3-target-6,570.0,450.0,37.5,False,Pointer Move (Standard mouse)
1785569707.719508,545,464,p1-block-2-trial-3-target-6,570.0,450.0,37.5,False,Pointer Move (Standard mouse)
1785569707.727818,545,464,p1-block-2-trial-3-target-6,570.0,450.0,37.5,False,Pointer Move (Standard mouse)
1785569707.734386,545,464,p1-block-2-trial-3-target-6,570.0,450.0,37.5,False,Pointer Move (Standard mouse)
1785569707.743252,544,464,p1-block-2-trial-3-target-6,570.0,450.0,37.5,False,Pointer Move (Standard mouse)
1785569707.8098218,544,464,p1-block-2-trial-3-target-6,570.0,450.0,37.5,False,Pointer Move (Standard mouse)
1785569707.840441,544,464,p1-block-2-trial-3-target-6,570.0,450.0,37.5,False,Pointer Move (Standard mouse)
1785569707.869809,544,463,p1-block-2-trial-3-target-6,570.0,450.0,37.5,False,Pointer Move (Standard mouse)
1785569707.892947,544,463,p1-block-2-trial-3-target-6,570.0,450.0,37.5,False,Pointer Move (Standard mouse)
1785569707.916638,544,463,p1-block-2-trial-3-target-6,570.0,450.0,37.5,target_selected,target_selected
1785569708.003217,544,463,p1-block-2-trial-4-target-2,870.0,450.0,37.5,False,Pointer Move (Standard mouse)
1785569708.0111098,545,462,p1-block-2-trial-4-target-2,870.0,450.0,37.5,False,Pointer Move (Standard mouse)
1785569708.018285,548,461,p1-block-2-trial-4-target-2,870.0,450.0,37.5,False,Pointer Move (Standard mouse)
1785569708.0259311,549,461,p1-block-2-trial-4-target-2,870.0,450.0,37.5,False,Pointer Move (Standard mouse)
1785569708.0333781,554,461,p1-block-2-trial-4-target-2,870.0,450.0,37.5,False,Pointer Move (Standard mouse)
1785569708.040968,561,460,p1-block-2-trial-4-target-2,870.0,450.0,37.5,False,Pointer Move (Standard mouse)
1785569708.0482628,568,459,p1-block-2-trial-4-target-2,870.0,450.0,37.5,False,Pointer Move (Standard mouse)
1785569708.056414,575,459,p1-block-2-trial-4-target-2,870.0,450.0,37.5,False,Pointer Move (Standard mouse)
1785569708.063675,584,459,p1-block-2-trial-4-target-2,870.0,450.0,37.5,False,Pointer Move (Standard mouse)
1785569708.071254,594,458,p1-block-2-trial-4-target-2,870.0,450.0,37.5,False,Pointer Move (Standard mouse)
1785569708.079592,602,458,p1-block-2-trial-4-target-2,870.0,450.0,37.5,False,Pointer Move (Standard mouse)
1785569708.0867689,615,456,p1-block-2-trial-4-target-2,870.0,450.0,37.5,False,Pointer Move (Standard mouse)
1785569708.093607,627,456,p1-block-2-trial-4-target-2,870.0,450.0,37.5,False,Pointer Move (Standard mouse)
1785569708.10129,642,455,p1-block-2-trial-4-target-2,870.0,450.0,37.5,False,Pointer Move (Standard mouse)
1785569708.108685,663,452,p1-block-2-trial-4-target-2,870.0,450.0,37.5,False,Pointer Move (Standard mouse)
1785569708.1166852,675,452,p1-block-2-trial-4-target-2,870.0,450.0,37.5,False,Pointer Move (Standard mouse)
1785569708.124247,699,450,p1-block-2-trial-4-target-2,870.0,450.0,37.5,False,Pointer Move (Standard mouse)
1785569708.131825,719,450,p1-block-2-trial-4-target-2,870.0,450.0,37.5,False,Pointer Move (Standard mouse)
1785569708.139314,727,450,p1-block-2-trial-4-target-2,870.0,450.0,37.5,False,Pointer Move (Standard mouse)
1785569708.146385,744,450,p1-block-2-trial-4-target-2,870.0,450.0,37.5,False,Pointer Move (Standard mouse)
1785569708.153638,765,452,p1-block-2-trial-4-target-2,870.0,450.0,37.5,False,Pointer Move (Standard mouse)
1785569708.161098,777,453,p1-block-2-trial-4-target-2,870.0,450.0,37.5,False,Pointer Move (Standard mouse)
1785569708.1682959,788,455,p1-block-2-trial-4-target-2,870.0,450.0,37.5,False,Pointer Move (Standard mouse)
1785569708.175442,793,456,p1-block-2-trial-4-target-2,870.0,450.0,37.5,False,Pointer Move (Standard mouse)
1785569708.183184,798,456,p1-block-2-trial-4-target-2,870.0,450.0,37.5,False,Pointer Move (Standard mouse)
1785569708.190791,801,456,p1-block-2-trial-4-target-2,870.0,450.0,37.5,False,Pointer Move (Standard mouse)
1785569708.198227,802,456,p1-block-2-trial-4-target-2,870.0,450.0,37.5,False,Pointer Move (Standard mouse)
1785569708.206537,803,456,p1-block-2-trial-4-target-2,870.0,450.0,37.5,False,Pointer Move (Standard mouse)
1785569708.21373,803,456,p1-block-2-trial-4-target-2,870.0,450.0,37.5,False,Pointer Move (Standard mouse)
1785569708.221222,803,456,p1-block-2-trial-4-target-2,870.0,450.0,37.5,False,Pointer Move (Standard mouse)
1785569708.228758,804,455,p1-block-2-trial-4-target-2,870.0,450.0,37.5,False,Pointer Move (Standard mouse)
1785569708.23664,805,455,p1-block-2-trial-4-target-2,870.0,450.0,37.5,False,Pointer Move (Standard mouse)
1785569708.245056,808,454,p1-block-2-trial-4-target-2,870.0,450.0,37.5,False,Pointer Move (Standard mouse)
1785569708.2533948,810,453,p1-block-2-trial-4-target-2,870.0,450.0,37.5,False,Pointer Move (Standard mouse)
1785569708.258789,813,452,p1-block-2-trial-4-target-2,870.0,450.0,37.5,False,Pointer Move (Standard mouse)
1785569708.266523,814,452,p1-block-2-trial-4-target-2,870.0,450.0,37.5,False,Pointer Move (Standard mouse)
1785569708.274873,819,451,p1-block-2-trial-4-target-2,870.0,450.0,37.5,False,Pointer Move (Standard mouse)
1785569708.2821918,824,450,p1-block-2-trial-4-target-2,870.0,450.0,37.5,False,Pointer Move (Standard mouse)
1785569708.289718,831,449,p1-block-2-trial-4-target-2,870.0,450.0,37.5,False,Pointer Move (Standard mouse)
1785569708.296265,832,448,p1-block-2-trial-4-target-2,870.0,450.0,37.5,False,Pointer Move (Standard mouse)
1785569708.303649,836,448,p1-block-2-trial-4-target-2,870.0,450.0,37.5,False,Pointer Move (Standard mouse)
1785569708.3111858,836,448,p1-block-2-trial-4-target-2,870.0,450.0,37.5,False,Pointer Move (Standard mouse)
1785569708.358284,837,448,p1-block-2-trial-4-target-2,870.0,450.0,37.5,False,Pointer Move (Standard mouse)
1785569708.365234,837,448,p1-block-2-trial-4-target-2,870.0,450.0,37.5,False,Pointer Move (Standard mouse)
1785569708.372906,838,448,p1-block-2-trial-4-target-2,870.0,450.0,37.5,False,Pointer Move (Standard mouse)
1785569708.3817558,838,448,p1-block-2-trial-4-target-2,870.0,450.0,37.5,False,Pointer Move (Standard mouse)
1785569708.387716,842,448,p1-block-2-trial-4-target-2,870.0,450.0,37.5,False,Pointer Move (Standard mouse)
1785569708.394458,843,448,p1-block-2-trial-4-target-2,870.0,450.0,37.5,False,Pointer Move (Standard mouse)
1785569708.400963,844,448,p1-block-2-trial-4-target-2,870.0,450.0,37.5,False,Pointer Move (Standard mouse)
1785569708.410421,849,448,p1-block-2-trial-4-target-2,870.0,450.0,37.5,False,Pointer Move (Standard mouse)
1785569708.416799,850,448,p1-block-2-trial-4-target-2,870.0,450.0,37.5,False,Pointer Move (Standard mouse)
1785569708.425324,850,448,p1-block-2-trial-4-target-2,870.0,450.0,37.5,False,Pointer Move (Standard mouse)
1785569708.4329631,851,448,p1-block-2-trial-4-target-2,870.0,450.0,37.5,False,Pointer Move (Standard mouse)
1785569708.4421859,852,448,p1-block-2-trial-4-target-2,870.0,450.0,37.5,False,Pointer Move (Standard mouse)
1785569708.446788,852,448,p1-block-2-trial-4-target-2,870.0,450.0,37.5,False,Pointer Move (Standard mouse)
1785569708.453467,853,448,p1-block-2-trial-4-target-2,870.0,450.0,37.5,False,Pointer Move (Standard mouse)
1785569708.4601269,853,448,p1-block-2-trial-4-target-2,870.0,450.0,37.5,False,Pointer Move (Standard mouse)
1785569708.476149,854,448,p1-block-2-trial-4-target-2,870.0,450.0,37.5,False,Pointer Move (Standard mouse)
1785569708.490975,854,448,p1-block-2-trial-4-target-2,870.0,450.0,37.5,False,Pointer Move (Standard mouse)
1785569708.5902588,854,448,p1-block-2-trial-4-target-2,870.0,450.0,37.5,target_selected,target_selected
1785569708.701321,854,448,p1-block-2-trial-5-target-6,570.0,450.0,37.5,False,Pointer Move (Standard mouse)
1785569708.710175,852,449,p1-block-2-trial-5-target-6,570.0,450.0,37.5,False,Pointer Move (Standard mouse)
1785569708.7183979,847,451,p1-block-2-trial-5-target-6,570.0,450.0,37.5,False,Pointer Move (Standard mouse)
1785569708.726538,841,453,p1-block-2-trial-5-target-6,570.0,450.0,37.5,False,Pointer Move (Standard mouse)
1785569708.733236,828,456,p1-block-2-trial-5-target-6,570.0,450.0,37.5,False,Pointer Move (Standard mouse)
1785569708.74096,825,457,p1-block-2-trial-5-target-6,570.0,450.0,37.5,False,Pointer Move (Standard mouse)
1785569708.7450612,811,460,p1-block-2-trial-5-target-6,570.0,450.0,37.5,False,Pointer Move (Standard mouse)
1785569708.754324,799,462,p1-block-2-trial-5-target-6,570.0,450.0,37.5,False,Pointer Move (Standard mouse)
1785569708.761129,785,464,p1-block-2-trial-5-target-6,570.0,450.0,37.5,False,Pointer Move (Standard mouse)
1785569708.7696068,779,465,p1-block-2-trial-5-target-6,570.0,450.0,37.5,False,Pointer Move (Standard mouse)
1785569708.777199,766,466,p1-block-2-trial-5-target-6,570.0,450.0,37.5,False,Pointer Move (Standard mouse)
1785569708.784823,756,466,p1-block-2-trial-5-target-6,570.0,450.0,37.5,False,Pointer Move (Standard mouse)
1785569708.79365,748,466,p1-block-2-trial-5-target-6,570.0,450.0,37.5,False,Pointer Move (Standard mouse)
1785569708.799381,737,466,p1-block-2-trial-5-target-6,570.0,450.0,37.5,False,Pointer Move (Standard mouse)
1785569708.8074949,725,466,p1-block-2-trial-5-target-6,570.0,450.0,37.5,False,Pointer Move (Standard mouse)
1785569708.812592,717,467,p1-block-2-trial-5-target-6,570.0,450.0,37.5,False,Pointer Move (Standard mouse)
1785569708.824,703,467,p1-block-2-trial-5-target-6,570.0,450.0,37.5,False,Pointer Move (Standard mouse)
1785569708.82926,685,467,p1-block-2-trial-5-target-6,570.0,450.0,37.5,False,Pointer Move (Standard mouse)
1785569708.837138,672,469,p1-block-2-trial-5-target-6,570.0,450.0,37.5,False,Pointer Move (Standard mouse)
1785569708.844713,663,470,p1-block-2-trial-5-target-6,570.0,450.0,37.5,False,Pointer Move (Standard mouse)
1785569708.852444,653,471,p1-block-2-trial-5-target-6,570.0,450.0,37.5,False,Pointer Move (Standard mouse)
1785569708.8594408,648,471,p1-block-2-trial-5-target-6,570.0,450.0,37.5,False,Pointer Move (Standard mouse)
1785569708.867174,647,471,p1-block-2-trial-5-target-6,570.0,450.0,37.5,False,Pointer Move (Standard mouse)
1785569708.87848,642,472,p1-block-2-trial-5-target-6,570.0,450.0,37.5,False,Pointer Move (Standard mouse)
1785569708.881186,638,472,p1-block-2-trial-5-target-6,570.0,450.0,37.5,False,Pointer Move (Standard mouse)
1785569708.8899531,637,473,p1-block-2-trial-5-target-6,570.0,450.0,37.5,False,Pointer Move (Standard mouse)
1785569708.897769,635,473,p1-block-2-trial-5-target-6,570.0,450.0,37.5,False,Pointer Move (Standard mouse)
1785569708.904983,632,474,p1-block-2-trial-5-target-6,570.0,450.0,37.5,False,Pointer Move (Standard mouse)
1785569708.9123552,630,474,p1-block-2-trial-5-target-6,570.0,450.0,37.5,False,Pointer Move (Standard mouse)
1785569708.9180958,625,476,p1-block-2-trial-5-target-6,570.0,450.0,37.5,False,Pointer Move (Standard mouse)
1785569708.925644,615,479,p1-block-2-trial-5-target-6,570.0,450.0,37.5,False,Pointer Move (Standard mouse)
1785569708.932735,606,480,p1-block-2-trial-5-target-6,570.0,450.0,37.5,False,Pointer Move (Standard mouse)
1785569708.940199,598,481,p1-block-2-trial-5-target-6,570.0,450.0,37.5,False,Pointer Move (Standard mouse)
1785569708.94832,593,481,p1-block-2-trial-5-target-6,570.0,450.0,37.5,False,Pointer Move (Standard mouse)
1785569708.956741,588,481,p1-block-2-trial-5-target-6,570.0,450.0,37.5,False,Pointer Move (Standard mouse)
1785569708.964532,587,481,p1-block-2-trial-5-target-6,570.0,450.0,37.5,False,Pointer Move (Standard mouse)
1785569708.972629,586,481,p1-block-2-trial-5-target-6,570.0,450.0,37.5,False,Pointer Move (Standard mouse)
1785569708.978807,586,481,p1-block-2-trial-5-target-6,570.0,450.0,37.5,False,Pointer Move (Standard mouse)
1785569708.9853172,586,481,p1-block-2-trial-5-target-6,570.0,450.0,37.5,False,Pointer Move (Standard mouse)
1785569708.993872,585,481,p1-block-2-trial-5-target-6,570.0,450.0,37.5,False,Pointer Move (Standard mouse)
1785569709.000403,585,481,p1-block-2-trial-5-target-6,570.0,450.0,37.5,False,Pointer Move (Standard mouse)
1785569709.030236,584,481,p1-block-2-trial-5-target-6,570.0,450.0,37.5,False,Pointer Move (Standard mouse)
1785569709.0388422,584,481,p1-block-2-trial-5-target-6,570.0,450.0,37.5,False,Pointer Move (Standard mouse)
1785569709.045748,584,481,p1-block-2-trial-5-target-6,570.0,450.0,37.5,False,Pointer Move (Standard mouse)
1785569709.052792,583,481,p1-block-2-trial-5-target-6,570.0,450.0,37.5,False,Pointer Move (Standard mouse)
1785569709.060122,583,481,p1-block-2-trial-5-target-6,570.0,450.0,37.5,False,Pointer Move (Standard mouse)
1785569709.075754,583,481,p1-block-2-trial-5-target-6,570.0,450.0,37.5,False,Pointer Move (Standard mouse)
1785569709.0904589,582,481,p1-block-2-trial-5-target-6,570.0,450.0,37.5,False,Pointer Move (Standard mouse)
1785569709.098017,582,480,p1-block-2-trial-5-target-6,570.0,450.0,37.5,False,Pointer Move (Standard mouse)
1785569709.105439,581,480,p1-block-2-trial-5-target-6,570.0,450.0,37.5,False,Pointer Move (Standard mouse)
1785569709.1130838,580,479,p1-block-2-trial-5-target-6,570.0,450.0,37.5,False,Pointer Move (Standard mouse)
1785569709.1204522,579,479,p1-block-2-trial-5-target-6,570.0,450.0,37.5,False,Pointer Move (Standard mouse)
1785569709.1281312,579,478,p1-block-2-trial-5-target-6,570.0,450.0,37.5,False,Pointer Move (Standard mouse)
1785569709.134882,579,478,p1-block-2-trial-5-target-6,570.0,450.0,37.5,False,Pointer Move (Standard mouse)
1785569709.142964,578,478,p1-block-2-trial-5-target-6,570.0,450.0,37.5,False,Pointer Move (Standard mouse)
1785569709.150354,578,477,p1-block-2-trial-5-target-6,570.0,450.0,37.5,False,Pointer Move (Standard mouse)
1785569709.157908,578,476,p1-block-2-trial-5-target-6,570.0,450.0,37.5,False,Pointer Move (Standard mouse)
1785569709.173782,578,475,p1-block-2-trial-5-target-6,570.0,450.0,37.5,False,Pointer Move (Standard mouse)
1785569709.181948,578,475,p1-block-2-trial-5-target-6,570.0,450.0,37.5,False,Pointer Move (Standard mouse)
1785569709.1883142,578,474,p1-block-2-trial-5-target-6,570.0,450.0,37.5,False,Pointer Move (Standard mouse)
1785569709.1957471,578,472,p1-block-2-trial-5-target-6,570.0,450.0,37.5,False,Pointer Move (Standard mouse)
1785569709.2030861,578,470,p1-block-2-trial-5-target-6,570.0,450.0,37.5,False,Pointer Move (Standard mouse)
1785569709.210745,578,470,p1-block-2-trial-5-target-6,570.0,450.0,37.5,False,Pointer Move (Standard mouse)
1785569709.218056,578,469,p1-block-2-trial-5-target-6,570.0,450.0,37.5,False,Pointer Move (Standard mouse)
1785569709.2255511,578,468,p1-block-2-trial-5-target-6,570.0,450.0,37.5,False,Pointer Move (Standard mouse)
1785569709.233142,578,468,p1-block-2-trial-5-target-6,570.0,450.0,37.5,False,Pointer Move (Standard mouse)
1785569709.2408,578,467,p1-block-2-trial-5-target-6,570.0,450.0,37.5,False,Pointer Move (Standard mouse)
1785569709.248522,577,465,p1-block-2-trial-5-target-6,570.0,450.0,37.5,False,Pointer Move (Standard mouse)
1785569709.2559,577,465,p1-block-2-trial-5-target-6,570.0,450.0,37.5,False,Pointer Move (Standard mouse)
1785569709.263304,577,464,p1-block-2-trial-5-target-6,570.0,450.0,37.5,False,Pointer Move (Standard mouse)
1785569709.270535,577,463,p1-block-2-trial-5-target-6,570.0,450.0,37.5,False,Pointer Move (Standard mouse)
1785569709.2779,577,463,p1-block-2-trial-5-target-6,570.0,450.0,37.5,False,Pointer Move (Standard mouse)
1785569709.360918,577,463,p1-block-2-trial-5-target-6,570.0,450.0,37.5,target_selected,target_selected
1785569709.503646,577,463,p1-block-2-trial-6-target-2,870.0,450.0,37.5,False,Pointer Move (Standard mouse)
1785569709.511107,578,463,p1-block-2-trial-6-target-2,870.0,450.0,37.5,False,Pointer Move (Standard mouse)
1785569709.519389,588,463,p1-block-2-trial-6-target-2,870.0,450.0,37.5,False,Pointer Move (Standard mouse)
1785569709.52597,599,463,p1-block-2-trial-6-target-2,870.0,450.0,37.5,False,Pointer Move (Standard mouse)
1785569709.53569,618,465,p1-block-2-trial-6-target-2,870.0,450.0,37.5,False,Pointer Move (Standard mouse)
1785569709.5417888,628,466,p1-block-2-trial-6-target-2,870.0,450.0,37.5,False,Pointer Move (Standard mouse)
1785569709.550169,658,466,p1-block-2-trial-6-target-2,870.0,450.0,37.5,False,Pointer Move (Standard mouse)
1785569709.556849,668,466,p1-block-2-trial-6-target-2,870.0,450.0,37.5,False,Pointer Move (Standard mouse)
1785569709.563421,701,466,p1-block-2-trial-6-target-2,870.0,450.0,37.5,False,Pointer Move (Standard mouse)
1785569709.572045,731,467,p1-block-2-trial-6-target-2,870.0,450.0,37.5,False,Pointer Move (Standard mouse)
1785569709.57856,757,469,p1-block-2-trial-6-target-2,870.0,450.0,37.5,False,Pointer Move (Standard mouse)
1785569709.5868642,778,469,p1-block-2-trial-6-target-2,870.0,450.0,37.5,False,Pointer Move (Standard mouse)
1785569709.59521,795,469,p1-block-2-trial-6-target-2,870.0,450.0,37.5,False,Pointer Move (Standard mouse)
1785569709.601699,802,470,p1-block-2-trial-6-target-2,870.0,450.0,37.5,False,Pointer Move (Standard mouse)
1785569709.611076,819,470,p1-block-2-trial-6-target-2,870.0,450.0,37.5,False,Pointer Move (Standard mouse)
1785569709.61646,838,470,p1-block-2-trial-6-target-2,870.0,450.0,37.5,False,Pointer Move (Standard mouse)
1785569709.6252842,849,470,p1-block-2-trial-6-target-2,870.0,450.0,37.5,False,Pointer Move (Standard mouse)
1785569709.631553,852,470,p1-block-2-trial-6-target-2,870.0,450.0,37.5,False,Pointer Move (Standard mouse)
1785569709.639967,854,470,p1-block-2-trial-6-target-2,870.0,450.0,37.5,False,Pointer Move (Standard mouse)
1785569709.647444,854,470,p1-block-2-trial-6-target-2,870.0,450.0,37.5,False,Pointer Move (Standard mouse)
1785569709.654478,854,470,p1-block-2-trial-6-target-2,870.0,450.0,37.5,False,Pointer Move (Standard mouse)
1785569709.690764,855,470,p1-block-2-trial-6-target-2,870.0,450.0,37.5,False,Pointer Move (Standard mouse)
1785569709.699405,855,470,p1-block-2-trial-6-target-2,870.0,450.0,37.5,False,Pointer Move (Standard mouse)
1785569709.708128,855,470,p1-block-2-trial-6-target-2,870.0,450.0,37.5,False,Pointer Move (Standard mouse)
1785569709.7141151,856,470,p1-block-2-trial-6-target-2,870.0,450.0,37.5,False,Pointer Move (Standard mouse)
1785569709.720643,856,470,p1-block-2-trial-6-target-2,870.0,450.0,37.5,False,Pointer Move (Standard mouse)
1785569709.735013,856,470,p1-block-2-trial-6-target-2,870.0,450.0,37.5,False,Pointer Move (Standard mouse)
1785569709.841364,857,470,p1-block-2-trial-6-target-2,870.0,450.0,37.5,False,Pointer Move (Standard mouse)
1785569709.864388,858,469,p1-block-2-trial-6-target-2,870.0,450.0,37.5,False,Pointer Move (Standard mouse)
1785569709.873237,859,469,p1-block-2-trial-6-target-2,870.0,450.0,37.5,False,Pointer Move (Standard mouse)
1785569709.88195,868,467,p1-block-2-trial-6-target-2,870.0,450.0,37.5,False,Pointer Move (Standard mouse)
1785569709.886077,871,466,p1-block-2-trial-6-target-2,870.0,450.0,37.5,False,Pointer Move (Standard mouse)
1785569709.892894,871,466,p1-block-2-trial-6-target-2,870.0,450.0,37.5,False,Pointer Move (Standard mouse)
1785569709.900578,875,464,p1-block-2-trial-6-target-2,870.0,450.0,37.5,False,Pointer Move (Standard mouse)
1785569709.9078348,875,464,p1-block-2-trial-6-target-2,870.0,450.0,37.5,False,Pointer Move (Standard mouse)
1785569709.915166,876,464,p1-block-2-trial-6-target-2,870.0,450.0,37.5,False,Pointer Move (Standard mouse)
1785569709.942471,876,464,p1-block-2-trial-6-target-2,870.0,450.0,37.5,False,Pointer Move (Standard mouse)
1785569709.960438,876,464,p1-block-2-trial-6-target-2,870.0,450.0,37.5,False,Pointer Move (Standard mouse)
1785569709.9998899,876,464,p1-block-2-trial-6-target-2,870.0,450.0,37.5,target_selected,target_selected
1785569710.005606,876,464,p1-block-2-trial-7-target-6,570.0,450.0,37.5,False,Pointer Move (Standard mouse)
1785569710.0896692,876,464,p1-block-2-trial-7-target-6,570.0,450.0,37.5,False,Pointer Move (Standard mouse)
1785569710.099774,874,464,p1-block-2-trial-7-target-6,570.0,450.0,37.5,False,Pointer Move (Standard mouse)
1785569710.104961,871,464,p1-block-2-trial-7-target-6,570.0,450.0,37.5,False,Pointer Move (Standard mouse)
1785569710.109392,866,464,p1-block-2-trial-7-target-6,570.0,450.0,37.5,False,Pointer Move (Standard mouse)
1785569710.119078,861,464,p1-block-2-trial-7-target-6,570.0,450.0,37.5,False,Pointer Move (Standard mouse)
1785569710.1256142,857,464,p1-block-2-trial-7-target-6,570.0,450.0,37.5,False,Pointer Move (Standard mouse)
1785569710.13478,852,464,p1-block-2-trial-7-target-6,570.0,450.0,37.5,False,Pointer Move (Standard mouse)
1785569710.1417658,847,465,p1-block-2-trial-7-target-6,570.0,450.0,37.5,False,Pointer Move (Standard mouse)
1785569710.148631,842,465,p1-block-2-trial-7-target-6,570.0,450.0,37.5,False,Pointer Move (Standard mouse)
1785569710.157714,837,465,p1-block-2-trial-7-target-6,570.0,450.0,37.5,False,Pointer Move (Standard mouse)
1785569710.1640708,830,466,p1-block-2-trial-7-target-6,570.0,450.0,37.5,False,Pointer Move (Standard mouse)
1785569710.172582,823,466,p1-block-2-trial-7-target-6,570.0,450.0,37.5,False,Pointer Move (Standard mouse)
1785569710.179117,818,466,p1-block-2-trial-7-target-6,570.0,450.0,37.5,False,Pointer Move (Standard mouse)
1785569710.193834,811,466,p1-block-2-trial-7-target-6,570.0,450.0,37.5,False,Pointer Move (Standard mouse)
1785569710.194964,803,466,p1-block-2-trial-7-target-6,570.0,450.0,37.5,False,Pointer Move (Standard mouse)
1785569710.201371,796,465,p1-block-2-trial-7-target-6,570.0,450.0,37.5,False,Pointer Move (Standard mouse)
1785569710.210025,784,463,p1-block-2-trial-7-target-6,570.0,450.0,37.5,False,Pointer Move (Standard mouse)
1785569710.216554,772,461,p1-block-2-trial-7-target-6,570.0,450.0,37.5,False,Pointer Move (Standard mouse)
1785569710.224824,756,456,p1-block-2-trial-7-target-6,570.0,450.0,37.5,False,Pointer Move (Standard mouse)
1785569710.2317371,739,452,p1-block-2-trial-7-target-6,570.0,450.0,37.5,False,Pointer Move (Standard mouse)
1785569710.240549,725,449,p1-block-2-trial-7-target-6,570.0,450.0,37.5,False,Pointer Move (Standard mouse)
1785569710.245846,713,446,p1-block-2-trial-7-target-6,570.0,450.0,37.5,False,Pointer Move (Standard mouse)
1785569710.255291,699,445,p1-block-2-trial-7-target-6,570.0,450.0,37.5,False,Pointer Move (Standard mouse)
1785569710.263547,685,445,p1-block-2-trial-7-target-6,570.0,450.0,37.5,False,Pointer Move (Standard mouse)
1785569710.2701812,682,445,p1-block-2-trial-7-target-6,570.0,450.0,37.5,False,Pointer Move (Standard mouse)
1785569710.277672,668,445,p1-block-2-trial-7-target-6,570.0,450.0,37.5,False,Pointer Move (Standard mouse)
1785569710.285218,667,445,p1-block-2-trial-7-target-6,570.0,450.0,37.5,False,Pointer Move (Standard mouse)
1785569710.292762,662,445,p1-block-2-trial-7-target-6,570.0,450.0,37.5,False,Pointer Move (Standard mouse)
1785569710.299924,658,446,p1-block-2-trial-7-target-6,570.0,450.0,37.5,False,Pointer Move (Standard mouse)
1785569710.307667,657,446,p1-block-2-trial-7-target-6,570.0,450.0,37.5,False,Pointer Move (Standard mouse)
1785569710.315357,652,447,p1-block-2-trial-7-target-6,570.0,450.0,37.5,False,Pointer Move (Standard mouse)
1785569710.3227782,651,447,p1-block-2-trial-7-target-6,570.0,450.0,37.5,False,Pointer Move (Standard mouse)
1785569710.330684,648,448,p1-block-2-trial-7-target-6,570.0,450.0,37.5,False,Pointer Move (Standard mouse)
1785569710.336289,644,448,p1-block-2-trial-7-target-6,570.0,450.0,37.5,False,Pointer Move (Standard mouse)
1785569710.345255,639,449,p1-block-2-trial-7-target-6,570.0,450.0,37.5,False,Pointer Move (Standard mouse)
1785569710.3512802,638,450,p1-block-2-trial-7-target-6,570.0,450.0,37.5,False,Pointer Move (Standard mouse)
1785569710.360747,637,450,p1-block-2-trial-7-target-6,570.0,450.0,37.5,False,Pointer Move (Standard mouse)
1785569710.365847,637,450,p1-block-2-trial-7-target-6,570.0,450.0,37.5,False,Pointer Move (Standard mouse)
1785569710.374468,636,450,p1-block-2-trial-7-target-6,570.0,450.0,37.5,False,Pointer Move (Standard mouse)
1785569710.381967,635,450,p1-block-2-trial-7-target-6,570.0,450.0,37.5,False,Pointer Move (Standard mouse)
1785569710.389992,635,450,p1-block-2-trial-7-target-6,570.0,450.0,37.5,False,Pointer Move (Standard mouse)
1785569710.3972669,635,450,p1-block-2-trial-7-target-6,570.0,450.0,37.5,False,Pointer Move (Standard mouse)
1785569710.404015,634,450,p1-block-2-trial-7-target-6,570.0,450.0,37.5,False,Pointer Move (Standard mouse)
1785569710.412745,632,450,p1-block-2-trial-7-target-6,570.0,450.0,37.5,False,Pointer Move (Standard mouse)
1785569710.420288,632,450,p1-block-2-trial-7-target-6,570.0,450.0,37.5,False,Pointer Move (Standard mouse)
1785569710.428542,627,452,p1-block-2-trial-7-target-6,570.0,450.0,37.5,False,Pointer Move (Standard mouse)
1785569710.436733,622,453,p1-block-2-trial-7-target-6,570.0,450.0,37.5,False,Pointer Move (Standard mouse)
1785569710.44549,617,455,p1-block-2-trial-7-target-6,570.0,450.0,37.5,False,Pointer Move (Standard mouse)
1785569710.448106,615,455,p1-block-2-trial-7-target-6,570.0,450.0,37.5,False,Pointer Move (Standard mouse)
1785569710.457502,606,456,p1-block-2-trial-7-target-6,570.0,450.0,37.5,False,Pointer Move (Standard mouse)
1785569710.463209,605,456,p1-block-2-trial-7-target-6,570.0,450.0,37.5,False,Pointer Move (Standard mouse)
1785569710.471154,598,457,p1-block-2-trial-7-target-6,570.0,450.0,37.5,False,Pointer Move (Standard mouse)
1785569710.479361,591,457,p1-block-2-trial-7-target-6,570.0,450.0,37.5,False,Pointer Move (Standard mouse)
1785569710.486329,588,458,p1-block-2-trial-7-target-6,570.0,450.0,37.5,False,Pointer Move (Standard mouse)
1785569710.4942322,586,458,p1-block-2-trial-7-target-6,570.0,450.0,37.5,False,Pointer Move (Standard mouse)
1785569710.50222,586,458,p1-block-2-trial-7-target-6,570.0,450.0,37.5,False,Pointer Move (Standard mouse)
1785569710.518923,585,458,p1-block-2-trial-7-target-6,570.0,450.0,37.5,False,Pointer Move (Standard mouse)
1785569710.5333388,585,459,p1-block-2-trial-7-target-6,570.0,450.0,37.5,False,Pointer Move (Standard mouse)
1785569710.549203,585,459,p1-block-2-trial-7-target-6,570.0,450.0,37.5,False,Pointer Move (Standard mouse)
1785569710.55279,584,459,p1-block-2-trial-7-target-6,570.0,450.0,37.5,False,Pointer Move (Standard mouse)
1785569710.57091,584,459,p1-block-2-trial-7-target-6,570.0,450.0,37.5,False,Pointer Move (Standard mouse)
1785569710.599763,584,459,p1-block-2-trial-7-target-6,570.0,450.0,37.5,False,Pointer Move (Standard mouse)
1785569710.66924,584,459,p1-block-2-trial-7-target-6,570.0,450.0,37.5,target_selected,target_selected
1785569710.678842,584,458,p1-block-2-trial-8-target-2,870.0,450.0,37.5,False,Pointer Move (Standard mouse)
1785569710.7880929,584,458,p1-block-2-trial-8-target-2,870.0,450.0,37.5,False,Pointer Move (Standard mouse)
1785569710.79597,585,458,p1-block-2-trial-8-target-2,870.0,450.0,37.5,False,Pointer Move (Standard mouse)
1785569710.801152,587,458,p1-block-2-trial-8-target-2,870.0,450.0,37.5,False,Pointer Move (Standard mouse)
1785569710.810297,588,458,p1-block-2-trial-8-target-2,870.0,450.0,37.5,False,Pointer Move (Standard mouse)
1785569710.8178,590,458,p1-block-2-trial-8-target-2,870.0,450.0,37.5,False,Pointer Move (Standard mouse)
1785569710.825282,593,457,p1-block-2-trial-8-target-2,870.0,450.0,37.5,False,Pointer Move (Standard mouse)
1785569710.8324711,596,456,p1-block-2-trial-8-target-2,870.0,450.0,37.5,False,Pointer Move (Standard mouse)
1785569710.839154,597,456,p1-block-2-trial-8-target-2,870.0,450.0,37.5,False,Pointer Move (Standard mouse)
1785569710.847368,599,455,p1-block-2-trial-8-target-2,870.0,450.0,37.5,False,Pointer Move (Standard mouse)
1785569710.853583,602,454,p1-block-2-trial-8-target-2,870.0,450.0,37.5,False,Pointer Move (Standard mouse)
1785569710.860242,605,453,p1-block-2-trial-8-target-2,870.0,450.0,37.5,False,Pointer Move (Standard mouse)
1785569710.8704908,610,452,p1-block-2-trial-8-target-2,870.0,450.0,37.5,False,Pointer Move (Standard mouse)
1785569710.8771882,619,450,p1-block-2-trial-8-target-2,870.0,450.0,37.5,False,Pointer Move (Standard mouse)
1785569710.88433,624,449,p1-block-2-trial-8-target-2,870.0,450.0,37.5,False,Pointer Move (Standard mouse)
1785569710.891928,634,446,p1-block-2-trial-8-target-2,870.0,450.0,37.5,False,Pointer Move (Standard mouse)
1785569710.899921,647,443,p1-block-2-trial-8-target-2,870.0,450.0,37.5,False,Pointer Move (Standard mouse)
1785569710.906537,659,441,p1-block-2-trial-8-target-2,870.0,450.0,37.5,False,Pointer Move (Standard mouse)
1785569710.915157,672,436,p1-block-2-trial-8-target-2,870.0,450.0,37.5,False,Pointer Move (Standard mouse)
1785569710.9227111,688,434,p1-block-2-trial-8-target-2,870.0,450.0,37.5,False,Pointer Move (Standard mouse)
1785569710.930367,700,431,p1-block-2-trial-8-target-2,870.0,450.0,37.5,False,Pointer Move (Standard mouse)
1785569710.937669,714,428,p1-block-2-trial-8-target-2,870.0,450.0,37.5,False,Pointer Move (Standard mouse)
1785569710.944562,731,425,p1-block-2-trial-8-target-2,870.0,450.0,37.5,False,Pointer Move (Standard mouse)
1785569710.9528089,740,425,p1-block-2-trial-8-target-2,870.0,450.0,37.5,False,Pointer Move (Standard mouse)
1785569710.9595861,757,422,p1-block-2-trial-8-target-2,870.0,450.0,37.5,False,Pointer Move (Standard mouse)
1785569710.966149,762,421,p1-block-2-trial-8-target-2,870.0,450.0,37.5,False,Pointer Move (Standard mouse)
1785569710.97395,769,421,p1-block-2-trial-8-target-2,870.0,450.0,37.5,False,Pointer Move (Standard mouse)
1785569710.981117,774,420,p1-block-2-trial-8-target-2,870.0,450.0,37.5,False,Pointer Move (Standard mouse)
1785569710.988425,776,420,p1-block-2-trial-8-target-2,870.0,450.0,37.5,False,Pointer Move (Standard mouse)
1785569710.995198,777,420,p1-block-2-trial-8-target-2,870.0,450.0,37.5,False,Pointer Move (Standard mouse)
1785569711.002731,778,419,p1-block-2-trial-8-target-2,870.0,450.0,37.5,False,Pointer Move (Standard mouse)
1785569711.010238,779,419,p1-block-2-trial-8-target-2,870.0,450.0,37.5,False,Pointer Move (Standard mouse)
1785569711.0180218,780,419,p1-block-2-trial-8-target-2,870.0,450.0,37.5,False,Pointer Move (Standard mouse)
1785569711.0256262,782,419,p1-block-2-trial-8-target-2,870.0,450.0,37.5,False,Pointer Move (Standard mouse)
1785569711.033112,783,419,p1-block-2-trial-8-target-2,870.0,450.0,37.5,False,Pointer Move (Standard mouse)
1785569711.041099,785,419,p1-block-2-trial-8-target-2,870.0,450.0,37.5,False,Pointer Move (Standard mouse)
1785569711.048574,788,419,p1-block-2-trial-8-target-2,870.0,450.0,37.5,False,Pointer Move (Standard mouse)
1785569711.0561438,792,419,p1-block-2-trial-8-target-2,870.0,450.0,37.5,False,Pointer Move (Standard mouse)
1785569711.063603,793,419,p1-block-2-trial-8-target-2,870.0,450.0,37.5,False,Pointer Move (Standard mouse)
1785569711.07099,795,419,p1-block-2-trial-8-target-2,870.0,450.0,37.5,False,Pointer Move (Standard mouse)
1785569711.078654,795,419,p1-block-2-trial-8-target-2,870.0,450.0,37.5,False,Pointer Move (Standard mouse)
1785569711.0860522,795,419,p1-block-2-trial-8-target-2,870.0,450.0,37.5,False,Pointer Move (Standard mouse)
1785569711.093707,796,419,p1-block-2-trial-8-target-2,870.0,450.0,37.5,False,Pointer Move (Standard mouse)
1785569711.101378,796,419,p1-block-2-trial-8-target-2,870.0,450.0,37.5,False,Pointer Move (Standard mouse)
1785569711.1091,797,419,p1-block-2-trial-8-target-2,870.0,450.0,37.5,False,Pointer Move (Standard mouse)
1785569711.116649,797,419,p1-block-2-trial-8-target-2,870.0,450.0,37.5,False,Pointer Move (Standard mouse)
1785569711.124068,799,419,p1-block-2-trial-8-target-2,870.0,450.0,37.5,False,Pointer Move (Standard mouse)
1785569711.131629,802,420,p1-block-2-trial-8-target-2,870.0,450.0,37.5,False,Pointer Move (Standard mouse)
1785569711.1390111,804,421,p1-block-2-trial-8-target-2,870.0,450.0,37.5,False,Pointer Move (Standard mouse)
1785569711.145994,805,421,p1-block-2-trial-8-target-2,870.0,450.0,37.5,False,Pointer Move (Standard mouse)
1785569711.152857,809,423,p1-block-2-trial-8-target-2,870.0,450.0,37.5,False,Pointer Move (Standard mouse)
1785569711.160248,809,423,p1-block-2-trial-8-target-2,870.0,450.0,37.5,False,Pointer Move (Standard mouse)
1785569711.169018,811,424,p1-block-2-trial-8-target-2,870.0,450.0,37.5,False,Pointer Move (Standard mouse)
1785569711.176715,811,425,p1-block-2-trial-8-target-2,870.0,450.0,37.5,False,Pointer Move (Standard mouse)
1785569711.183917,812,425,p1-block-2-trial-8-target-2,870.0,450.0,37.5,False,Pointer Move (Standard mouse)
1785569711.191113,813,426,p1-block-2-trial-8-target-2,870.0,450.0,37.5,False,Pointer Move (Standard mouse)
1785569711.199539,813,426,p1-block-2-trial-8-target-2,870.0,450.0,37.5,False,Pointer Move (Standard mouse)
1785569711.208905,814,427,p1-block-2-trial-8-target-2,870.0,450.0,37.5,False,Pointer Move (Standard mouse)
1785569711.215625,814,427,p1-block-2-trial-8-target-2,870.0,450.0,37.5,False,Pointer Move (Standard mouse)
1785569711.223567,818,430,p1-block-2-trial-8-target-2,870.0,450.0,37.5,False,Pointer Move (Standard mouse)
1785569711.229899,822,432,p1-block-2-trial-8-target-2,870.0,450.0,37.5,False,Pointer Move (Standard mouse)
1785569711.235868,825,433,p1-block-2-trial-8-target-2,870.0,450.0,37.5,False,Pointer Move (Standard mouse)
1785569711.246301,826,433,p1-block-2-trial-8-target-2,870.0,450.0,37.5,False,Pointer Move (Standard mouse)
1785569711.251064,831,435,p1-block-2-trial-8-target-2,870.0,450.0,37.5,False,Pointer Move (Standard mouse)
1785569711.2594671,834,437,p1-block-2-trial-8-target-2,870.0,450.0,37.5,False,Pointer Move (Standard mouse)
1785569711.2668211,838,438,p1-block-2-trial-8-target-2,870.0,450.0,37.5,False,Pointer Move (Standard mouse)
1785569711.272856,838,438,p1-block-2-trial-8-target-2,870.0,450.0,37.5,False,Pointer Move (Standard mouse)
1785569711.2822988,839,438,p1-block-2-trial-8-target-2,870.0,450.0,37.5,False,Pointer Move (Standard mouse)
1785569711.291017,839,438,p1-block-2-trial-8-target-2,870.0,450.0,37.5,False,Pointer Move (Standard mouse)
1785569711.2977788,839,439,p1-block-2-trial-8-target-2,870.0,450.0,37.5,False,Pointer Move (Standard mouse)
1785569711.441306,839,439,p1-block-2-trial-8-target-2,870.0,450.0,37.5,False,Pointer Move (Standard mouse)
1785569711.447579,840,439,p1-block-2-trial-8-target-2,870.0,450.0,37.5,False,Pointer Move (Standard mouse)
1785569711.4561,840,439,p1-block-2-trial-8-target-2,870.0,450.0,37.5,False,Pointer Move (Standard mouse)
1785569711.46211,841,439,p1-block-2-trial-8-target-2,870.0,450.0,37.5,False,Pointer Move (Standard mouse)
1785569711.4707022,843,439,p1-block-2-trial-8-target-2,870.0,450.0,37.5,False,Pointer Move (Standard mouse)
1785569711.476199,843,439,p1-block-2-trial-8-target-2,870.0,450.0,37.5,False,Pointer Move (Standard mouse)
1785569711.485436,845,439,p1-block-2-trial-8-target-2,870.0,450.0,37.5,False,Pointer Move (Standard mouse)
1785569711.492565,845,439,p1-block-2-trial-8-target-2,870.0,450.0,37.5,False,Pointer Move (Standard mouse)
1785569711.499934,846,439,p1-block-2-trial-8-target-2,870.0,450.0,37.5,False,Pointer Move (Standard mouse)
1785569711.5088708,846,439,p1-block-2-trial-8-target-2,870.0,450.0,37.5,False,Pointer Move (Standard mouse)
1785569711.599618,846,439,p1-block-2-trial-8-target-2,870.0,450.0,37.5,target_selected,target_selected
1785569711.693024,846,439,p1-block-2-trial-9-target-6,570.0,450.0,37.5,False,Pointer Move (Standard mouse)
1785569711.7030149,842,441,p1-block-2-trial-9-target-6,570.0,450.0,37.5,False,Pointer Move (Standard mouse)
1785569711.710793,839,442,p1-block-2-trial-9-target-6,570.0,450.0,37.5,False,Pointer Move (Standard mouse)
1785569711.718546,834,443,p1-block-2-trial-9-target-6,570.0,450.0,37.5,False,Pointer Move (Standard mouse)
1785569711.725662,827,444,p1-block-2-trial-9-target-6,570.0,450.0,37.5,False,Pointer Move (Standard mouse)
1785569711.732884,822,445,p1-block-2-trial-9-target-6,570.0,450.0,37.5,False,Pointer Move (Standard mouse)
1785569711.7403781,817,446,p1-block-2-trial-9-target-6,570.0,450.0,37.5,False,Pointer Move (Standard mouse)
1785569711.747712,814,446,p1-block-2-trial-9-target-6,570.0,450.0,37.5,False,Pointer Move (Standard mouse)
1785569711.7547572,807,446,p1-block-2-trial-9-target-6,570.0,450.0,37.5,False,Pointer Move (Standard mouse)
1785569711.7623549,802,447,p1-block-2-trial-9-target-6,570.0,450.0,37.5,False,Pointer Move (Standard mouse)
1785569711.769791,797,447,p1-block-2-trial-9-target-6,570.0,450.0,37.5,False,Pointer Move (Standard mouse)
1785569711.776486,790,447,p1-block-2-trial-9-target-6,570.0,450.0,37.5,False,Pointer Move (Standard mouse)
1785569711.7834291,783,447,p1-block-2-trial-9-target-6,570.0,450.0,37.5,False,Pointer Move (Standard mouse)
1785569711.7913978,780,447,p1-block-2-trial-9-target-6,570.0,450.0,37.5,False,Pointer Move (Standard mouse)
1785569711.801311,771,447,p1-block-2-trial-9-target-6,570.0,450.0,37.5,False,Pointer Move (Standard mouse)
1785569711.807549,759,447,p1-block-2-trial-9-target-6,570.0,450.0,37.5,False,Pointer Move (Standard mouse)
1785569711.8142998,754,447,p1-block-2-trial-9-target-6,570.0,450.0,37.5,False,Pointer Move (Standard mouse)
1785569711.8232589,740,447,p1-block-2-trial-9-target-6,570.0,450.0,37.5,False,Pointer Move (Standard mouse)
1785569711.829685,723,447,p1-block-2-trial-9-target-6,570.0,450.0,37.5,False,Pointer Move (Standard mouse)
1785569711.837844,716,447,p1-block-2-trial-9-target-6,570.0,450.0,37.5,False,Pointer Move (Standard mouse)
1785569711.844077,697,447,p1-block-2-trial-9-target-6,570.0,450.0,37.5,False,Pointer Move (Standard mouse)
1785569711.852278,678,447,p1-block-2-trial-9-target-6,570.0,450.0,37.5,False,Pointer Move (Standard mouse)
1785569711.861004,655,447,p1-block-2-trial-9-target-6,570.0,450.0,37.5,False,Pointer Move (Standard mouse)
1785569711.868532,647,447,p1-block-2-trial-9-target-6,570.0,450.0,37.5,False,Pointer Move (Standard mouse)
1785569711.875351,631,447,p1-block-2-trial-9-target-6,570.0,450.0,37.5,False,Pointer Move (Standard mouse)
1785569711.882335,607,447,p1-block-2-trial-9-target-6,570.0,450.0,37.5,False,Pointer Move (Standard mouse)
1785569711.8902452,595,447,p1-block-2-trial-9-target-6,570.0,450.0,37.5,False,Pointer Move (Standard mouse)
1785569711.8976269,584,447,p1-block-2-trial-9-target-6,570.0,450.0,37.5,False,Pointer Move (Standard mouse)
1785569711.905613,581,447,p1-block-2-trial-9-target-6,570.0,450.0,37.5,False,Pointer Move (Standard mouse)
1785569711.9140859,576,447,p1-block-2-trial-9-target-6,570.0,450.0,37.5,False,Pointer Move (Standard mouse)
1785569711.920699,571,447,p1-block-2-trial-9-target-6,570.0,450.0,37.5,False,Pointer Move (Standard mouse)
1785569711.92869,569,447,p1-block-2-trial-9-target-6,570.0,450.0,37.5,False,Pointer Move (Standard mouse)
1785569711.933583,569,448,p1-block-2-trial-9-target-6,570.0,450.0,37.5,False,Pointer Move (Standard mouse)
1785569711.943205,568,448,p1-block-2-trial-9-target-6,570.0,450.0,37.5,False,Pointer Move (Standard mouse)
1785569711.949439,568,448,p1-block-2-trial-9-target-6,570.0,450.0,37.5,False,Pointer Move (Standard mouse)
1785569711.958528,567,449,p1-block-2-trial-9-target-6,570.0,450.0,37.5,False,Pointer Move (Standard mouse)
1785569711.965255,565,450,p1-block-2-trial-9-target-6,570.0,450.0,37.5,False,Pointer Move (Standard mouse)
1785569711.972449,563,451,p1-block-2-trial-9-target-6,570.0,450.0,37.5,False,Pointer Move (Standard mouse)
1785569711.979253,560,452,p1-block-2-trial-9-target-6,570.0,450.0,37.5,False,Pointer Move (Standard mouse)
1785569711.985236,560,452,p1-block-2-trial-9-target-6,570.0,450.0,37.5,False,Pointer Move (Standard mouse)
1785569711.9927099,558,453,p1-block-2-trial-9-target-6,570.0,450.0,37.5,False,Pointer Move (Standard mouse)
1785569712.002251,557,453,p1-block-2-trial-9-target-6,570.0,450.0,37.5,False,Pointer Move (Standard mouse)
1785569712.0096169,556,453,p1-block-2-trial-9-target-6,570.0,450.0,37.5,False,Pointer Move (Standard mouse)
1785569712.019503,555,453,p1-block-2-trial-9-target-6,570.0,450.0,37.5,False,Pointer Move (Standard mouse)
1785569712.025661,555,453,p1-block-2-trial-9-target-6,570.0,450.0,37.5,False,Pointer Move (Standard mouse)
1785569712.03103,554,453,p1-block-2-trial-9-target-6,570.0,450.0,37.5,False,Pointer Move (Standard mouse)
1785569712.038332,554,453,p1-block-2-trial-9-target-6,570.0,450.0,37.5,False,Pointer Move (Standard mouse)
1785569712.053291,554,453,p1-block-2-trial-9-target-6,570.0,450.0,37.5,False,Pointer Move (Standard mouse)
1785569712.060778,553,453,p1-block-2-trial-9-target-6,570.0,450.0,37.5,False,Pointer Move (Standard mouse)
1785569712.067688,553,453,p1-block-2-trial-9-target-6,570.0,450.0,37.5,False,Pointer Move (Standard mouse)
1785569712.075434,553,453,p1-block-2-trial-9-target-6,570.0,450.0,37.5,False,Pointer Move (Standard mouse)
1785569712.106438,552,453,p1-block-2-trial-9-target-6,570.0,450.0,37.5,False,Pointer Move (Standard mouse)
1785569712.1605241,552,453,p1-block-2-trial-9-target-6,570.0,450.0,37.5,target_selected,target_selected
1785569712.287174,553,453,p1-block-2-trial-10-target-2,870.0,450.0,37.5,False,Pointer Move (Standard mouse)
1785569712.294715,553,453,p1-block-2-trial-10-target-2,870.0,450.0,37.5,False,Pointer Move (Standard mouse)
1785569712.302007,558,451,p1-block-2-trial-10-target-2,870.0,450.0,37.5,False,Pointer Move (Standard mouse)
1785569712.3101308,562,448,p1-block-2-trial-10-target-2,870.0,450.0,37.5,False,Pointer Move (Standard mouse)
1785569712.317325,564,448,p1-block-2-trial-10-target-2,870.0,450.0,37.5,False,Pointer Move (Standard mouse)
1785569712.3233862,569,446,p1-block-2-trial-10-target-2,870.0,450.0,37.5,False,Pointer Move (Standard mouse)
1785569712.332444,583,443,p1-block-2-trial-10-target-2,870.0,450.0,37.5,False,Pointer Move (Standard mouse)
1785569712.339848,591,442,p1-block-2-trial-10-target-2,870.0,450.0,37.5,False,Pointer Move (Standard mouse)
1785569712.347778,610,439,p1-block-2-trial-10-target-2,870.0,450.0,37.5,False,Pointer Move (Standard mouse)
1785569712.354649,631,439,p1-block-2-trial-10-target-2,870.0,450.0,37.5,False,Pointer Move (Standard mouse)
1785569712.362706,647,439,p1-block-2-trial-10-target-2,870.0,450.0,37.5,False,Pointer Move (Standard mouse)
1785569712.37017,669,439,p1-block-2-trial-10-target-2,870.0,450.0,37.5,False,Pointer Move (Standard mouse)
1785569712.37695,687,439,p1-block-2-trial-10-target-2,870.0,450.0,37.5,False,Pointer Move (Standard mouse)
1785569712.3853362,711,439,p1-block-2-trial-10-target-2,870.0,450.0,37.5,False,Pointer Move (Standard mouse)
1785569712.390883,723,439,p1-block-2-trial-10-target-2,870.0,450.0,37.5,False,Pointer Move (Standard mouse)
1785569712.3978581,744,439,p1-block-2-trial-10-target-2,870.0,450.0,37.5,False,Pointer Move (Standard mouse)
1785569712.405164,749,439,p1-block-2-trial-10-target-2,870.0,450.0,37.5,False,Pointer Move (Standard mouse)
1785569712.4148638,764,439,p1-block-2-trial-10-target-2,870.0,450.0,37.5,False,Pointer Move (Standard mouse)
1785569712.4213388,775,439,p1-block-2-trial-10-target-2,870.0,450.0,37.5,False,Pointer Move (Standard mouse)
1785569712.429125,780,439,p1-block-2-trial-10-target-2,870.0,450.0,37.5,False,Pointer Move (Standard mouse)
1785569712.435314,787,439,p1-block-2-trial-10-target-2,870.0,450.0,37.5,False,Pointer Move (Standard mouse)
1785569712.44277,794,439,p1-block-2-trial-10-target-2,870.0,450.0,37.5,False,Pointer Move (Standard mouse)
1785569712.450243,794,439,p1-block-2-trial-10-target-2,870.0,450.0,37.5,False,Pointer Move (Standard mouse)
1785569712.459127,803,438,p1-block-2-trial-10-target-2,870.0,450.0,37.5,False,Pointer Move (Standard mouse)
1785569712.468631,808,438,p1-block-2-trial-10-target-2,870.0,450.0,37.5,False,Pointer Move (Standard mouse)
1785569712.474079,811,437,p1-block-2-trial-10-target-2,870.0,450.0,37.5,False,Pointer Move (Standard mouse)
1785569712.4810739,812,437,p1-block-2-trial-10-target-2,870.0,450.0,37.5,False,Pointer Move (Standard mouse)
1785569712.4894688,817,436,p1-block-2-trial-10-target-2,870.0,450.0,37.5,False,Pointer Move (Standard mouse)
1785569712.495081,819,436,p1-block-2-trial-10-target-2,870.0,450.0,37.5,False,Pointer Move (Standard mouse)
1785569712.502986,820,436,p1-block-2-trial-10-target-2,870.0,450.0,37.5,False,Pointer Move (Standard mouse)
1785569712.5104709,820,436,p1-block-2-trial-10-target-2,870.0,450.0,37.5,False,Pointer Move (Standard mouse)
1785569712.5177112,821,436,p1-block-2-trial-10-target-2,870.0,450.0,37.5,False,Pointer Move (Standard mouse)
1785569712.541016,822,436,p1-block-2-trial-10-target-2,870.0,450.0,37.5,False,Pointer Move (Standard mouse)
1785569712.548508,822,436,p1-block-2-trial-10-target-2,870.0,450.0,37.5,False,Pointer Move (Standard mouse)
1785569712.556106,823,436,p1-block-2-trial-10-target-2,870.0,450.0,37.5,False,Pointer Move (Standard mouse)
1785569712.562622,829,437,p1-block-2-trial-10-target-2,870.0,450.0,37.5,False,Pointer Move (Standard mouse)
1785569712.570213,830,437,p1-block-2-trial-10-target-2,870.0,450.0,37.5,False,Pointer Move (Standard mouse)
1785569712.5777678,837,440,p1-block-2-trial-10-target-2,870.0,450.0,37.5,False,Pointer Move (Standard mouse)
1785569712.585679,842,441,p1-block-2-trial-10-target-2,870.0,450.0,37.5,False,Pointer Move (Standard mouse)
1785569712.5930638,847,441,p1-block-2-trial-10-target-2,870.0,450.0,37.5,False,Pointer Move (Standard mouse)
1785569712.601334,850,441,p1-block-2-trial-10-target-2,870.0,450.0,37.5,False,Pointer Move (Standard mouse)
1785569712.6090581,851,442,p1-block-2-trial-10-target-2,870.0,450.0,37.5,False,Pointer Move (Standard mouse)
1785569712.617391,851,442,p1-block-2-trial-10-target-2,870.0,450.0,37.5,False,Pointer Move (Standard mouse)
1785569712.623177,851,442,p1-block-2-trial-10-target-2,870.0,450.0,37.5,False,Pointer Move (Standard mouse)
1785569712.669395,852,442,p1-block-2-trial-10-target-2,870.0,450.0,37.5,False,Pointer Move (Standard mouse)
1785569712.677738,852,442,p1-block-2-trial-10-target-2,870.0,450.0,37.5,False,Pointer Move (Standard mouse)
1785569712.684376,853,442,p1-block-2-trial-10-target-2,870.0,450.0,37.5,False,Pointer Move (Standard mouse)
1785569712.6927528,853,442,p1-block-2-trial-10-target-2,870.0,450.0,37.5,False,Pointer Move (Standard mouse)
1785569712.699394,853,442,p1-block-2-trial-10-target-2,870.0,450.0,37.5,False,Pointer Move (Standard mouse)
1785569712.706051,854,442,p1-block-2-trial-10-target-2,870.0,450.0,37.5,False,Pointer Move (Standard mouse)
1785569712.715128,854,442,p1-block-2-trial-10-target-2,870.0,450.0,37.5,False,Pointer Move (Standard mouse)
1785569712.7229052,855,442,p1-block-2-trial-10-target-2,870.0,450.0,37.5,False,Pointer Move (Standard mouse)
1785569712.730179,855,442,p1-block-2-trial-10-target-2,870.0,450.0,37.5,False,Pointer Move (Standard mouse)
1785569712.736831,856,443,p1-block-2-trial-10-target-2,870.0,450.0,37.5,False,Pointer Move (Standard mouse)
1785569712.7459981,857,443,p1-block-2-trial-10-target-2,870.0,450.0,37.5,False,Pointer Move (Standard mouse)
1785569712.751861,857,443,p1-block-2-trial-10-target-2,870.0,450.0,37.5,False,Pointer Move (Standard mouse)
1785569712.7605178,858,443,p1-block-2-trial-10-target-2,870.0,450.0,37.5,False,Pointer Move (Standard mouse)
1785569712.767369,858,443,p1-block-2-trial-10-target-2,870.0,450.0,37.5,False,Pointer Move (Standard mouse)
1785569712.776011,859,443,p1-block-2-trial-10-target-2,870.0,450.0,37.5,False,Pointer Move (Standard mouse)
1785569712.8046432,859,443,p1-block-2-trial-10-target-2,870.0,450.0,37.5,False,Pointer Move (Standard mouse)
1785569712.85231,859,443,p1-block-2-trial-10-target-2,870.0,450.0,37.5,target_selected,target_selected
1785569712.9174201,859,444,p1-block-2-trial-11-target-6,570.0,450.0,37.5,False,Pointer Move (Standard mouse)
1785569712.923956,858,444,p1-block-2-trial-11-target-6,570.0,450.0,37.5,False,Pointer Move (Standard mouse)
1785569712.931073,857,444,p1-block-2-trial-11-target-6,570.0,450.0,37.5,False,Pointer Move (Standard mouse)
1785569712.938545,856,444,p1-block-2-trial-11-target-6,570.0,450.0,37.5,False,Pointer Move (Standard mouse)
1785569712.953346,851,445,p1-block-2-trial-11-target-6,570.0,450.0,37.5,False,Pointer Move (Standard mouse)
1785569712.953634,844,447,p1-block-2-trial-11-target-6,570.0,450.0,37.5,False,Pointer Move (Standard mouse)
1785569712.960691,837,448,p1-block-2-trial-11-target-6,570.0,450.0,37.5,False,Pointer Move (Standard mouse)
1785569712.967853,829,448,p1-block-2-trial-11-target-6,570.0,450.0,37.5,False,Pointer Move (Standard mouse)
1785569712.975415,817,449,p1-block-2-trial-11-target-6,570.0,450.0,37.5,False,Pointer Move (Standard mouse)
1785569712.9829361,806,450,p1-block-2-trial-11-target-6,570.0,450.0,37.5,False,Pointer Move (Standard mouse)
1785569712.990675,791,452,p1-block-2-trial-11-target-6,570.0,450.0,37.5,False,Pointer Move (Standard mouse)
1785569712.998558,784,452,p1-block-2-trial-11-target-6,570.0,450.0,37.5,False,Pointer Move (Standard mouse)
1785569713.006191,763,453,p1-block-2-trial-11-target-6,570.0,450.0,37.5,False,Pointer Move (Standard mouse)
1785569713.0140102,747,453,p1-block-2-trial-11-target-6,570.0,450.0,37.5,False,Pointer Move (Standard mouse)
1785569713.0217779,732,455,p1-block-2-trial-11-target-6,570.0,450.0,37.5,False,Pointer Move (Standard mouse)
1785569713.028682,721,455,p1-block-2-trial-11-target-6,570.0,450.0,37.5,False,Pointer Move (Standard mouse)
1785569713.035842,702,455,p1-block-2-trial-11-target-6,570.0,450.0,37.5,False,Pointer Move (Standard mouse)
1785569713.043489,697,455,p1-block-2-trial-11-target-6,570.0,450.0,37.5,False,Pointer Move (Standard mouse)
1785569713.051609,675,455,p1-block-2-trial-11-target-6,570.0,450.0,37.5,False,Pointer Move (Standard mouse)
1785569713.059173,659,455,p1-block-2-trial-11-target-6,570.0,450.0,37.5,False,Pointer Move (Standard mouse)
1785569713.066219,647,455,p1-block-2-trial-11-target-6,570.0,450.0,37.5,False,Pointer Move (Standard mouse)
1785569713.072855,635,452,p1-block-2-trial-11-target-6,570.0,450.0,37.5,False,Pointer Move (Standard mouse)
1785569713.080666,621,452,p1-block-2-trial-11-target-6,570.0,450.0,37.5,False,Pointer Move (Standard mouse)
1785569713.088545,614,451,p1-block-2-trial-11-target-6,570.0,450.0,37.5,False,Pointer Move (Standard mouse)
1785569713.095926,606,451,p1-block-2-trial-11-target-6,570.0,450.0,37.5,False,Pointer Move (Standard mouse)
1785569713.103321,597,451,p1-block-2-trial-11-target-6,570.0,450.0,37.5,False,Pointer Move (Standard mouse)
1785569713.111168,594,450,p1-block-2-trial-11-target-6,570.0,450.0,37.5,False,Pointer Move (Standard mouse)
1785569713.118618,592,450,p1-block-2-trial-11-target-6,570.0,450.0,37.5,False,Pointer Move (Standard mouse)
1785569713.1262,591,450,p1-block-2-trial-11-target-6,570.0,450.0,37.5,False,Pointer Move (Standard mouse)
1785569713.133248,591,450,p1-block-2-trial-11-target-6,570.0,450.0,37.5,False,Pointer Move (Standard mouse)
1785569713.141023,591,450,p1-block-2-trial-11-target-6,570.0,450.0,37.5,False,Pointer Move (Standard mouse)
1785569713.149237,590,450,p1-block-2-trial-11-target-6,570.0,450.0,37.5,False,Pointer Move (Standard mouse)
1785569713.156092,590,451,p1-block-2-trial-11-target-6,570.0,450.0,37.5,False,Pointer Move (Standard mouse)
1785569713.16469,589,451,p1-block-2-trial-11-target-6,570.0,450.0,37.5,False,Pointer Move (Standard mouse)
1785569713.171354,587,451,p1-block-2-trial-11-target-6,570.0,450.0,37.5,False,Pointer Move (Standard mouse)
1785569713.1786208,586,452,p1-block-2-trial-11-target-6,570.0,450.0,37.5,False,Pointer Move (Standard mouse)
1785569713.185889,584,452,p1-block-2-trial-11-target-6,570.0,450.0,37.5,False,Pointer Move (Standard mouse)
1785569713.19298,584,452,p1-block-2-trial-11-target-6,570.0,450.0,37.5,False,Pointer Move (Standard mouse)
1785569713.203867,580,452,p1-block-2-trial-11-target-6,570.0,450.0,37.5,False,Pointer Move (Standard mouse)
1785569713.2116952,579,452,p1-block-2-trial-11-target-6,570.0,450.0,37.5,False,Pointer Move (Standard mouse)
1785569713.216087,577,452,p1-block-2-trial-11-target-6,570.0,450.0,37.5,False,Pointer Move (Standard mouse)
1785569713.2233758,577,452,p1-block-2-trial-11-target-6,570.0,450.0,37.5,False,Pointer Move (Standard mouse)
1785569713.231936,575,452,p1-block-2-trial-11-target-6,570.0,450.0,37.5,False,Pointer Move (Standard mouse)
1785569713.247535,575,452,p1-block-2-trial-11-target-6,570.0,450.0,37.5,False,Pointer Move (Standard mouse)
1785569713.253153,574,452,p1-block-2-trial-11-target-6,570.0,450.0,37.5,False,Pointer Move (Standard mouse)
1785569713.261446,574,452,p1-block-2-trial-11-target-6,570.0,450.0,37.5,False,Pointer Move (Standard mouse)
1785569713.268502,573,452,p1-block-2-trial-11-target-6,570.0,450.0,37.5,False,Pointer Move (Standard mouse)
1785569713.275174,572,452,p1-block-2-trial-11-target-6,570.0,450.0,37.5,False,Pointer Move (Standard mouse)
1785569713.28278,568,452,p1-block-2-trial-11-target-6,570.0,450.0,37.5,False,Pointer Move (Standard mouse)
1785569713.2906492,568,452,p1-block-2-trial-11-target-6,570.0,450.0,37.5,False,Pointer Move (Standard mouse)
1785569713.299285,567,452,p1-block-2-trial-11-target-6,570.0,450.0,37.5,False,Pointer Move (Standard mouse)
1785569713.3056371,567,452,p1-block-2-trial-11-target-6,570.0,450.0,37.5,False,Pointer Move (Standard mouse)
1785569713.352175,566,452,p1-block-2-trial-11-target-6,570.0,450.0,37.5,False,Pointer Move (Standard mouse)
1785569713.3764951,566,452,p1-block-2-trial-11-target-6,570.0,450.0,37.5,False,Pointer Move (Standard mouse)
1785569713.3825111,566,452,p1-block-2-trial-11-target-6,570.0,450.0,37.5,False,Pointer Move (Standard mouse)
1785569713.389418,565,452,p1-block-2-trial-11-target-6,570.0,450.0,37.5,False,Pointer Move (Standard mouse)
1785569713.398626,565,452,p1-block-2-trial-11-target-6,570.0,450.0,37.5,False,Pointer Move (Standard mouse)
1785569713.419374,565,452,p1-block-2-trial-11-target-6,570.0,450.0,37.5,False,Pointer Move (Standard mouse)
1785569713.5035992,565,452,p1-block-2-trial-11-target-6,570.0,450.0,37.5,target_selected,target_selected
1785569713.6450071,565,452,p1-block-2-trial-12-target-2,870.0,450.0,37.5,False,Pointer Move (Standard mouse)
1785569713.6509042,567,452,p1-block-2-trial-12-target-2,870.0,450.0,37.5,False,Pointer Move (Standard mouse)
1785569713.658725,568,452,p1-block-2-trial-12-target-2,870.0,450.0,37.5,False,Pointer Move (Standard mouse)
1785569713.666383,570,452,p1-block-2-trial-12-target-2,870.0,450.0,37.5,False,Pointer Move (Standard mouse)
1785569713.673686,571,452,p1-block-2-trial-12-target-2,870.0,450.0,37.5,False,Pointer Move (Standard mouse)
1785569713.681105,575,452,p1-block-2-trial-12-target-2,870.0,450.0,37.5,False,Pointer Move (Standard mouse)
1785569713.690099,578,451,p1-block-2-trial-12-target-2,870.0,450.0,37.5,False,Pointer Move (Standard mouse)
1785569713.700869,583,451,p1-block-2-trial-12-target-2,870.0,450.0,37.5,False,Pointer Move (Standard mouse)
1785569713.706068,590,449,p1-block-2-trial-12-target-2,870.0,450.0,37.5,False,Pointer Move (Standard mouse)
1785569713.710717,597,447,p1-block-2-trial-12-target-2,870.0,450.0,37.5,False,Pointer Move (Standard mouse)
1785569713.717823,604,446,p1-block-2-trial-12-target-2,870.0,450.0,37.5,False,Pointer Move (Standard mouse)
1785569713.7252731,614,445,p1-block-2-trial-12-target-2,870.0,450.0,37.5,False,Pointer Move (Standard mouse)
1785569713.732967,621,445,p1-block-2-trial-12-target-2,870.0,450.0,37.5,False,Pointer Move (Standard mouse)
1785569713.741272,631,444,p1-block-2-trial-12-target-2,870.0,450.0,37.5,False,Pointer Move (Standard mouse)
1785569713.748468,643,442,p1-block-2-trial-12-target-2,870.0,450.0,37.5,False,Pointer Move (Standard mouse)
1785569713.7555451,647,442,p1-block-2-trial-12-target-2,870.0,450.0,37.5,False,Pointer Move (Standard mouse)
1785569713.762789,655,441,p1-block-2-trial-12-target-2,870.0,450.0,37.5,False,Pointer Move (Standard mouse)
1785569713.77032,665,440,p1-block-2-trial-12-target-2,870.0,450.0,37.5,False,Pointer Move (Standard mouse)
1785569713.777807,672,440,p1-block-2-trial-12-target-2,870.0,450.0,37.5,False,Pointer Move (Standard mouse)
1785569713.7855349,683,440,p1-block-2-trial-12-target-2,870.0,450.0,37.5,False,Pointer Move (Standard mouse)
1785569713.793128,695,439,p1-block-2-trial-12-target-2,870.0,450.0,37.5,False,Pointer Move (Standard mouse)
1785569713.801119,698,439,p1-block-2-trial-12-target-2,870.0,450.0,37.5,False,Pointer Move (Standard mouse)
1785569713.809058,714,439,p1-block-2-trial-12-target-2,870.0,450.0,37.5,False,Pointer Move (Standard mouse)
1785569713.816643,719,439,p1-block-2-trial-12-target-2,870.0,450.0,37.5,False,Pointer Move (Standard mouse)
1785569713.825375,732,439,p1-block-2-trial-12-target-2,870.0,450.0,37.5,False,Pointer Move (Standard mouse)
1785569713.831583,745,439,p1-block-2-trial-12-target-2,870.0,450.0,37.5,False,Pointer Move (Standard mouse)
1785569713.839038,748,438,p1-block-2-trial-12-target-2,870.0,450.0,37.5,False,Pointer Move (Standard mouse)
1785569713.846266,765,438,p1-block-2-trial-12-target-2,870.0,450.0,37.5,False,Pointer Move (Standard mouse)
1785569713.853708,777,438,p1-block-2-trial-12-target-2,870.0,450.0,37.5,False,Pointer Move (Standard mouse)
1785569713.8611672,788,438,p1-block-2-trial-12-target-2,870.0,450.0,37.5,False,Pointer Move (Standard mouse)
1785569713.8687549,798,438,p1-block-2-trial-12-target-2,870.0,450.0,37.5,False,Pointer Move (Standard mouse)
1785569713.87594,807,438,p1-block-2-trial-12-target-2,870.0,450.0,37.5,False,Pointer Move (Standard mouse)
1785569713.882935,817,439,p1-block-2-trial-12-target-2,870.0,450.0,37.5,False,Pointer Move (Standard mouse)
1785569713.890285,825,439,p1-block-2-trial-12-target-2,870.0,450.0,37.5,False,Pointer Move (Standard mouse)
1785569713.898132,829,439,p1-block-2-trial-12-target-2,870.0,450.0,37.5,False,Pointer Move (Standard mouse)
1785569713.9070652,836,440,p1-block-2-trial-12-target-2,870.0,450.0,37.5,False,Pointer Move (Standard mouse)
1785569713.913161,841,440,p1-block-2-trial-12-target-2,870.0,450.0,37.5,False,Pointer Move (Standard mouse)
1785569713.921271,846,441,p1-block-2-trial-12-target-2,870.0,450.0,37.5,False,Pointer Move (Standard mouse)
1785569713.928475,847,441,p1-block-2-trial-12-target-2,870.0,450.0,37.5,False,Pointer Move (Standard mouse)
1785569713.935222,848,441,p1-block-2-trial-12-target-2,870.0,450.0,37.5,False,Pointer Move (Standard mouse)
1785569713.9428868,849,441,p1-block-2-trial-12-target-2,870.0,450.0,37.5,False,Pointer Move (Standard mouse)
1785569713.952071,849,441,p1-block-2-trial-12-target-2,870.0,450.0,37.5,False,Pointer Move (Standard mouse)
1785569713.962086,850,441,p1-block-2-trial-12-target-2,870.0,450.0,37.5,False,Pointer Move (Standard mouse)
1785569713.988217,850,442,p1-block-2-trial-12-target-2,870.0,450.0,37.5,False,Pointer Move (Standard mouse)
1785569713.994889,850,442,p1-block-2-trial-12-target-2,870.0,450.0,37.5,False,Pointer Move (Standard mouse)
1785569714.010813,851,442,p1-block-2-trial-12-target-2,870.0,450.0,37.5,False,Pointer Move (Standard mouse)
1785569714.0190709,851,442,p1-block-2-trial-12-target-2,870.0,450.0,37.5,False,Pointer Move (Standard mouse)
1785569714.025507,851,442,p1-block-2-trial-12-target-2,870.0,450.0,37.5,False,Pointer Move (Standard mouse)
1785569714.041549,852,442,p1-block-2-trial-12-target-2,870.0,450.0,37.5,False,Pointer Move (Standard mouse)
1785569714.048416,852,442,p1-block-2-trial-12-target-2,870.0,450.0,37.5,False,Pointer Move (Standard mouse)
1785569714.0557141,852,442,p1-block-2-trial-12-target-2,870.0,450.0,37.5,False,Pointer Move (Standard mouse)
1785569714.06352,853,442,p1-block-2-trial-12-target-2,870.0,450.0,37.5,False,Pointer Move (Standard mouse)
1785569714.070177,853,442,p1-block-2-trial-12-target-2,870.0,450.0,37.5,False,Pointer Move (Standard mouse)
1785569714.077698,853,442,p1-block-2-trial-12-target-2,870.0,450.0,37.5,False,Pointer Move (Standard mouse)
1785569714.0864599,854,443,p1-block-2-trial-12-target-2,870.0,450.0,37.5,False,Pointer Move (Standard mouse)
1785569714.095773,856,443,p1-block-2-trial-12-target-2,870.0,450.0,37.5,False,Pointer Move (Standard mouse)
1785569714.101745,857,444,p1-block-2-trial-12-target-2,870.0,450.0,37.5,False,Pointer Move (Standard mouse)
1785569714.109182,858,444,p1-block-2-trial-12-target-2,870.0,450.0,37.5,False,Pointer Move (Standard mouse)
1785569714.116051,859,444,p1-block-2-trial-12-target-2,870.0,450.0,37.5,False,Pointer Move (Standard mouse)
1785569714.124251,859,444,p1-block-2-trial-12-target-2,870.0,450.0,37.5,False,Pointer Move (Standard mouse)
1785569714.131967,859,444,p1-block-2-trial-12-target-2,870.0,450.0,37.5,False,Pointer Move (Standard mouse)
1785569714.2150888,859,444,p1-block-2-trial-12-target-2,870.0,450.0,37.5,target_selected,target_selected
1785569714.223941,860,444,p1-block-2-trial-13-target-6,570.0,450.0,37.5,False,Pointer Move (Standard mouse)
1785569714.2966049,859,444,p1-block-2-trial-13-target-6,570.0,450.0,37.5,False,Pointer Move (Standard mouse)
1785569714.304502,859,445,p1-block-2-trial-13-target-6,570.0,450.0,37.5,False,Pointer Move (Standard mouse)
1785569714.3113868,854,446,p1-block-2-trial-13-target-6,570.0,450.0,37.5,False,Pointer Move (Standard mouse)
1785569714.319285,845,446,p1-block-2-trial-13-target-6,570.0,450.0,37.5,False,Pointer Move (Standard mouse)
1785569714.331758,833,446,p1-block-2-trial-13-target-6,570.0,450.0,37.5,False,Pointer Move (Standard mouse)
1785569714.335341,819,447,p1-block-2-trial-13-target-6,570.0,450.0,37.5,False,Pointer Move (Standard mouse)
1785569714.3420742,793,447,p1-block-2-trial-13-target-6,570.0,450.0,37.5,False,Pointer Move (Standard mouse)
1785569714.350241,778,447,p1-block-2-trial-13-target-6,570.0,450.0,37.5,False,Pointer Move (Standard mouse)
1785569714.356183,766,447,p1-block-2-trial-13-target-6,570.0,450.0,37.5,False,Pointer Move (Standard mouse)
1785569714.36551,740,447,p1-block-2-trial-13-target-6,570.0,450.0,37.5,False,Pointer Move (Standard mouse)
1785569714.3720372,733,447,p1-block-2-trial-13-target-6,570.0,450.0,37.5,False,Pointer Move (Standard mouse)
1785569714.381037,712,447,p1-block-2-trial-13-target-6,570.0,450.0,37.5,False,Pointer Move (Standard mouse)
1785569714.387983,700,447,p1-block-2-trial-13-target-6,570.0,450.0,37.5,False,Pointer Move (Standard mouse)
1785569714.394606,693,447,p1-block-2-trial-13-target-6,570.0,450.0,37.5,False,Pointer Move (Standard mouse)
1785569714.401417,690,447,p1-block-2-trial-13-target-6,570.0,450.0,37.5,False,Pointer Move (Standard mouse)
1785569714.409289,683,447,p1-block-2-trial-13-target-6,570.0,450.0,37.5,False,Pointer Move (Standard mouse)
1785569714.417588,679,447,p1-block-2-trial-13-target-6,570.0,450.0,37.5,False,Pointer Move (Standard mouse)
1785569714.424335,676,447,p1-block-2-trial-13-target-6,570.0,450.0,37.5,False,Pointer Move (Standard mouse)
1785569714.432689,671,448,p1-block-2-trial-13-target-6,570.0,450.0,37.5,False,Pointer Move (Standard mouse)
1785569714.440455,666,449,p1-block-2-trial-13-target-6,570.0,450.0,37.5,False,Pointer Move (Standard mouse)
1785569714.44595,661,449,p1-block-2-trial-13-target-6,570.0,450.0,37.5,False,Pointer Move (Standard mouse)
1785569714.452536,659,449,p1-block-2-trial-13-target-6,570.0,450.0,37.5,False,Pointer Move (Standard mouse)
1785569714.460904,656,449,p1-block-2-trial-13-target-6,570.0,450.0,37.5,False,Pointer Move (Standard mouse)
1785569714.4702778,653,449,p1-block-2-trial-13-target-6,570.0,450.0,37.5,False,Pointer Move (Standard mouse)
1785569714.475316,652,449,p1-block-2-trial-13-target-6,570.0,450.0,37.5,False,Pointer Move (Standard mouse)
1785569714.4844968,650,449,p1-block-2-trial-13-target-6,570.0,450.0,37.5,False,Pointer Move (Standard mouse)
1785569714.4911602,650,450,p1-block-2-trial-13-target-6,570.0,450.0,37.5,False,Pointer Move (Standard mouse)
1785569714.5003278,649,450,p1-block-2-trial-13-target-6,570.0,450.0,37.5,False,Pointer Move (Standard mouse)
1785569714.5072482,648,450,p1-block-2-trial-13-target-6,570.0,450.0,37.5,False,Pointer Move (Standard mouse)
1785569714.515753,645,450,p1-block-2-trial-13-target-6,570.0,450.0,37.5,False,Pointer Move (Standard mouse)
1785569714.52237,643,450,p1-block-2-trial-13-target-6,570.0,450.0,37.5,False,Pointer Move (Standard mouse)
1785569714.5290291,642,450,p1-block-2-trial-13-target-6,570.0,450.0,37.5,False,Pointer Move (Standard mouse)
1785569714.536843,638,451,p1-block-2-trial-13-target-6,570.0,450.0,37.5,False,Pointer Move (Standard mouse)
1785569714.543754,637,451,p1-block-2-trial-13-target-6,570.0,450.0,37.5,False,Pointer Move (Standard mouse)
1785569714.550055,634,451,p1-block-2-trial-13-target-6,570.0,450.0,37.5,False,Pointer Move (Standard mouse)
1785569714.557816,628,451,p1-block-2-trial-13-target-6,570.0,450.0,37.5,False,Pointer Move (Standard mouse)
1785569714.5669901,625,451,p1-block-2-trial-13-target-6,570.0,450.0,37.5,False,Pointer Move (Standard mouse)
1785569714.5746372,620,451,p1-block-2-trial-13-target-6,570.0,450.0,37.5,False,Pointer Move (Standard mouse)
1785569714.581304,619,451,p1-block-2-trial-13-target-6,570.0,450.0,37.5,False,Pointer Move (Standard mouse)
1785569714.589319,615,451,p1-block-2-trial-13-target-6,570.0,450.0,37.5,False,Pointer Move (Standard mouse)
1785569714.5962281,614,451,p1-block-2-trial-13-target-6,570.0,450.0,37.5,False,Pointer Move (Standard mouse)
1785569714.604465,614,451,p1-block-2-trial-13-target-6,570.0,450.0,37.5,False,Pointer Move (Standard mouse)
1785569714.6128309,613,451,p1-block-2-trial-13-target-6,570.0,450.0,37.5,False,Pointer Move (Standard mouse)
1785569714.61952,613,451,p1-block-2-trial-13-target-6,570.0,450.0,37.5,False,Pointer Move (Standard mouse)
1785569714.627685,613,451,p1-block-2-trial-13-target-6,570.0,450.0,37.5,False,Pointer Move (Standard mouse)
1785569714.633342,612,451,p1-block-2-trial-13-target-6,570.0,450.0,37.5,False,Pointer Move (Standard mouse)
1785569714.6422038,612,451,p1-block-2-trial-13-target-6,570.0,450.0,37.5,False,Pointer Move (Standard mouse)
1785569714.6488168,612,451,p1-block-2-trial-13-target-6,570.0,450.0,37.5,False,Pointer Move (Standard mouse)
1785569714.656974,611,451,p1-block-2-trial-13-target-6,570.0,450.0,37.5,False,Pointer Move (Standard mouse)
1785569714.665397,611,451,p1-block-2-trial-13-target-6,570.0,450.0,37.5,False,Pointer Move (Standard mouse)
1785569714.6723158,610,451,p1-block-2-trial-13-target-6,570.0,450.0,37.5,False,Pointer Move (Standard mouse)
1785569714.680286,608,451,p1-block-2-trial-13-target-6,570.0,450.0,37.5,False,Pointer Move (Standard mouse)
1785569714.6862772,605,451,p1-block-2-trial-13-target-6,570.0,450.0,37.5,False,Pointer Move (Standard mouse)
1785569714.69607,603,451,p1-block-2-trial-13-target-6,570.0,450.0,37.5,False,Pointer Move (Standard mouse)
1785569714.701859,600,451,p1-block-2-trial-13-target-6,570.0,450.0,37.5,False,Pointer Move (Standard mouse)
1785569714.7107022,599,451,p1-block-2-trial-13-target-6,570.0,450.0,37.5,False,Pointer Move (Standard mouse)
1785569714.7178931,598,451,p1-block-2-trial-13-target-6,570.0,450.0,37.5,False,Pointer Move (Standard mouse)
1785569714.7248142,596,451,p1-block-2-trial-13-target-6,570.0,450.0,37.5,False,Pointer Move (Standard mouse)
1785569714.732367,595,451,p1-block-2-trial-13-target-6,570.0,450.0,37.5,False,Pointer Move (Standard mouse)
1785569714.7391412,595,450,p1-block-2-trial-13-target-6,570.0,450.0,37.5,False,Pointer Move (Standard mouse)
1785569714.7470028,595,450,p1-block-2-trial-13-target-6,570.0,450.0,37.5,False,Pointer Move (Standard mouse)
1785569714.768872,594,450,p1-block-2-trial-13-target-6,570.0,450.0,37.5,False,Pointer Move (Standard mouse)
1785569714.798055,594,450,p1-block-2-trial-13-target-6,570.0,450.0,37.5,False,Pointer Move (Standard mouse)
1785569714.821249,594,450,p1-block-2-trial-13-target-6,570.0,450.0,37.5,False,Pointer Move (Standard mouse)
1785569714.89009,594,450,p1-block-2-trial-13-target-6,570.0,450.0,37.5,target_selected,target_selected
1785569715.017947,594,450,p1-block-2-trial-14-target-2,870.0,450.0,37.5,False,Pointer Move (Standard mouse)
1785569715.025994,595,450,p1-block-2-trial-14-target-2,870.0,450.0,37.5,False,Pointer Move (Standard mouse)
1785569715.032546,600,449,p1-block-2-trial-14-target-2,870.0,450.0,37.5,False,Pointer Move (Standard mouse)
1785569715.041412,608,448,p1-block-2-trial-14-target-2,870.0,450.0,37.5,False,Pointer Move (Standard mouse)
1785569715.0477881,617,447,p1-block-2-trial-14-target-2,870.0,450.0,37.5,False,Pointer Move (Standard mouse)
1785569715.0559812,638,444,p1-block-2-trial-14-target-2,870.0,450.0,37.5,False,Pointer Move (Standard mouse)
1785569715.0611231,653,442,p1-block-2-trial-14-target-2,870.0,450.0,37.5,False,Pointer Move (Standard mouse)
1785569715.0687082,676,441,p1-block-2-trial-14-target-2,870.0,450.0,37.5,False,Pointer Move (Standard mouse)
1785569715.076027,693,439,p1-block-2-trial-14-target-2,870.0,450.0,37.5,False,Pointer Move (Standard mouse)
1785569715.0831208,712,436,p1-block-2-trial-14-target-2,870.0,450.0,37.5,False,Pointer Move (Standard mouse)
1785569715.091232,730,435,p1-block-2-trial-14-target-2,870.0,450.0,37.5,False,Pointer Move (Standard mouse)
1785569715.098274,740,434,p1-block-2-trial-14-target-2,870.0,450.0,37.5,False,Pointer Move (Standard mouse)
1785569715.106145,752,431,p1-block-2-trial-14-target-2,870.0,450.0,37.5,False,Pointer Move (Standard mouse)
1785569715.113774,762,430,p1-block-2-trial-14-target-2,870.0,450.0,37.5,False,Pointer Move (Standard mouse)
1785569715.121472,769,427,p1-block-2-trial-14-target-2,870.0,450.0,37.5,False,Pointer Move (Standard mouse)
1785569715.1286862,771,427,p1-block-2-trial-14-target-2,870.0,450.0,37.5,False,Pointer Move (Standard mouse)
1785569715.13606,776,426,p1-block-2-trial-14-target-2,870.0,450.0,37.5,False,Pointer Move (Standard mouse)
1785569715.143596,781,426,p1-block-2-trial-14-target-2,870.0,450.0,37.5,False,Pointer Move (Standard mouse)
1785569715.151252,786,426,p1-block-2-trial-14-target-2,870.0,450.0,37.5,False,Pointer Move (Standard mouse)
1785569715.158576,793,426,p1-block-2-trial-14-target-2,870.0,450.0,37.5,False,Pointer Move (Standard mouse)
1785569715.166204,801,425,p1-block-2-trial-14-target-2,870.0,450.0,37.5,False,Pointer Move (Standard mouse)
1785569715.173645,810,425,p1-block-2-trial-14-target-2,870.0,450.0,37.5,False,Pointer Move (Standard mouse)
1785569715.18116,815,425,p1-block-2-trial-14-target-2,870.0,450.0,37.5,False,Pointer Move (Standard mouse)
1785569715.189287,825,425,p1-block-2-trial-14-target-2,870.0,450.0,37.5,False,Pointer Move (Standard mouse)
1785569715.196055,834,425,p1-block-2-trial-14-target-2,870.0,450.0,37.5,False,Pointer Move (Standard mouse)
1785569715.203618,841,426,p1-block-2-trial-14-target-2,870.0,450.0,37.5,False,Pointer Move (Standard mouse)
1785569715.211048,844,427,p1-block-2-trial-14-target-2,870.0,450.0,37.5,False,Pointer Move (Standard mouse)
1785569715.218533,845,427,p1-block-2-trial-14-target-2,870.0,450.0,37.5,False,Pointer Move (Standard mouse)
1785569715.226302,845,427,p1-block-2-trial-14-target-2,870.0,450.0,37.5,False,Pointer Move (Standard mouse)
1785569715.286474,845,427,p1-block-2-trial-14-target-2,870.0,450.0,37.5,False,Pointer Move (Standard mouse)
1785569715.2936609,845,427,p1-block-2-trial-14-target-2,870.0,450.0,37.5,False,Pointer Move (Standard mouse)
1785569715.332012,846,427,p1-block-2-trial-14-target-2,870.0,450.0,37.5,False,Pointer Move (Standard mouse)
1785569715.33851,846,427,p1-block-2-trial-14-target-2,870.0,450.0,37.5,False,Pointer Move (Standard mouse)
1785569715.346633,847,428,p1-block-2-trial-14-target-2,870.0,450.0,37.5,False,Pointer Move (Standard mouse)
1785569715.353046,847,428,p1-block-2-trial-14-target-2,870.0,450.0,37.5,False,Pointer Move (Standard mouse)
1785569715.361095,847,428,p1-block-2-trial-14-target-2,870.0,450.0,37.5,False,Pointer Move (Standard mouse)
1785569715.3685389,848,428,p1-block-2-trial-14-target-2,870.0,450.0,37.5,False,Pointer Move (Standard mouse)
1785569715.383917,850,428,p1-block-2-trial-14-target-2,870.0,450.0,37.5,False,Pointer Move (Standard mouse)
1785569715.3911538,850,429,p1-block-2-trial-14-target-2,870.0,450.0,37.5,False,Pointer Move (Standard mouse)
1785569715.3987,851,429,p1-block-2-trial-14-target-2,870.0,450.0,37.5,False,Pointer Move (Standard mouse)
1785569715.406931,852,429,p1-block-2-trial-14-target-2,870.0,450.0,37.5,False,Pointer Move (Standard mouse)
1785569715.414958,854,430,p1-block-2-trial-14-target-2,870.0,450.0,37.5,False,Pointer Move (Standard mouse)
1785569715.421854,855,430,p1-block-2-trial-14-target-2,870.0,450.0,37.5,False,Pointer Move (Standard mouse)
1785569715.430112,855,431,p1-block-2-trial-14-target-2,870.0,450.0,37.5,False,Pointer Move (Standard mouse)
1785569715.437546,856,431,p1-block-2-trial-14-target-2,870.0,450.0,37.5,False,Pointer Move (Standard mouse)
1785569715.4450948,856,431,p1-block-2-trial-14-target-2,870.0,450.0,37.5,False,Pointer Move (Standard mouse)
1785569715.452605,856,431,p1-block-2-trial-14-target-2,870.0,450.0,37.5,False,Pointer Move (Standard mouse)
1785569715.459436,857,432,p1-block-2-trial-14-target-2,870.0,450.0,37.5,False,Pointer Move (Standard mouse)
1785569715.489732,857,432,p1-block-2-trial-14-target-2,870.0,450.0,37.5,False,Pointer Move (Standard mouse)
1785569715.513192,857,432,p1-block-2-trial-14-target-2,870.0,450.0,37.5,False,Pointer Move (Standard mouse)
1785569715.5209432,857,432,p1-block-2-trial-14-target-2,870.0,450.0,37.5,False,Pointer Move (Standard mouse)
1785569715.558812,857,432,p1-block-2-trial-14-target-2,870.0,450.0,37.5,target_selected,target_selected
1785569715.655313,857,432,p1-block-2-trial-15-target-6,570.0,450.0,37.5,False,Pointer Move (Standard mouse)
1785569715.660872,857,433,p1-block-2-trial-15-target-6,570.0,450.0,37.5,False,Pointer Move (Standard mouse)
1785569715.668301,854,434,p1-block-2-trial-15-target-6,570.0,450.0,37.5,False,Pointer Move (Standard mouse)
1785569715.675654,849,434,p1-block-2-trial-15-target-6,570.0,450.0,37.5,False,Pointer Move (Standard mouse)
1785569715.683232,844,435,p1-block-2-trial-15-target-6,570.0,450.0,37.5,False,Pointer Move (Standard mouse)
1785569715.691103,831,437,p1-block-2-trial-15-target-6,570.0,450.0,37.5,False,Pointer Move (Standard mouse)
1785569715.6984582,828,437,p1-block-2-trial-15-target-6,570.0,450.0,37.5,False,Pointer Move (Standard mouse)
1785569715.70595,811,437,p1-block-2-trial-15-target-6,570.0,450.0,37.5,False,Pointer Move (Standard mouse)
1785569715.713252,799,437,p1-block-2-trial-15-target-6,570.0,450.0,37.5,False,Pointer Move (Standard mouse)
1785569715.720841,797,437,p1-block-2-trial-15-target-6,570.0,450.0,37.5,False,Pointer Move (Standard mouse)
1785569715.7277792,785,437,p1-block-2-trial-15-target-6,570.0,450.0,37.5,False,Pointer Move (Standard mouse)
1785569715.7353768,770,437,p1-block-2-trial-15-target-6,570.0,450.0,37.5,False,Pointer Move (Standard mouse)
1785569715.7441,766,437,p1-block-2-trial-15-target-6,570.0,450.0,37.5,False,Pointer Move (Standard mouse)
1785569715.7509062,756,437,p1-block-2-trial-15-target-6,570.0,450.0,37.5,False,Pointer Move (Standard mouse)
1785569715.7588322,747,437,p1-block-2-trial-15-target-6,570.0,450.0,37.5,False,Pointer Move (Standard mouse)
1785569715.766142,740,437,p1-block-2-trial-15-target-6,570.0,450.0,37.5,False,Pointer Move (Standard mouse)
1785569715.773537,730,435,p1-block-2-trial-15-target-6,570.0,450.0,37.5,False,Pointer Move (Standard mouse)
1785569715.7805922,723,434,p1-block-2-trial-15-target-6,570.0,450.0,37.5,False,Pointer Move (Standard mouse)
1785569715.7886562,715,434,p1-block-2-trial-15-target-6,570.0,450.0,37.5,False,Pointer Move (Standard mouse)
1785569715.796103,704,432,p1-block-2-trial-15-target-6,570.0,450.0,37.5,False,Pointer Move (Standard mouse)
1785569715.8051069,694,432,p1-block-2-trial-15-target-6,570.0,450.0,37.5,False,Pointer Move (Standard mouse)
1785569715.81272,685,432,p1-block-2-trial-15-target-6,570.0,450.0,37.5,False,Pointer Move (Standard mouse)
1785569715.819,675,432,p1-block-2-trial-15-target-6,570.0,450.0,37.5,False,Pointer Move (Standard mouse)
1785569715.826907,674,432,p1-block-2-trial-15-target-6,570.0,450.0,37.5,False,Pointer Move (Standard mouse)
1785569715.833483,667,432,p1-block-2-trial-15-target-6,570.0,450.0,37.5,False,Pointer Move (Standard mouse)
1785569715.842784,660,432,p1-block-2-trial-15-target-6,570.0,450.0,37.5,False,Pointer Move (Standard mouse)
1785569715.849292,655,432,p1-block-2-trial-15-target-6,570.0,450.0,37.5,False,Pointer Move (Standard mouse)
1785569715.8570821,650,432,p1-block-2-trial-15-target-6,570.0,450.0,37.5,False,Pointer Move (Standard mouse)
1785569715.864429,645,432,p1-block-2-trial-15-target-6,570.0,450.0,37.5,False,Pointer Move (Standard mouse)
1785569715.870919,640,432,p1-block-2-trial-15-target-6,570.0,450.0,37.5,False,Pointer Move (Standard mouse)
1785569715.877867,635,433,p1-block-2-trial-15-target-6,570.0,450.0,37.5,False,Pointer Move (Standard mouse)
1785569715.886326,624,434,p1-block-2-trial-15-target-6,570.0,450.0,37.5,False,Pointer Move (Standard mouse)
1785569715.894714,621,434,p1-block-2-trial-15-target-6,570.0,450.0,37.5,False,Pointer Move (Standard mouse)
1785569715.902636,612,434,p1-block-2-trial-15-target-6,570.0,450.0,37.5,False,Pointer Move (Standard mouse)
1785569715.9104362,612,434,p1-block-2-trial-15-target-6,570.0,450.0,37.5,False,Pointer Move (Standard mouse)
1785569715.916977,606,435,p1-block-2-trial-15-target-6,570.0,450.0,37.5,False,Pointer Move (Standard mouse)
1785569715.9240909,606,435,p1-block-2-trial-15-target-6,570.0,450.0,37.5,False,Pointer Move (Standard mouse)
1785569715.932825,605,435,p1-block-2-trial-15-target-6,570.0,450.0,37.5,False,Pointer Move (Standard mouse)
1785569715.939799,605,435,p1-block-2-trial-15-target-6,570.0,450.0,37.5,False,Pointer Move (Standard mouse)
1785569715.9689422,605,435,p1-block-2-trial-15-target-6,570.0,450.0,37.5,False,Pointer Move (Standard mouse)
1785569715.976106,604,435,p1-block-2-trial-15-target-6,570.0,450.0,37.5,False,Pointer Move (Standard mouse)
1785569715.983649,603,435,p1-block-2-trial-15-target-6,570.0,450.0,37.5,False,Pointer Move (Standard mouse)
1785569715.9910789,601,435,p1-block-2-trial-15-target-6,570.0,450.0,37.5,False,Pointer Move (Standard mouse)
1785569715.997741,596,436,p1-block-2-trial-15-target-6,570.0,450.0,37.5,False,Pointer Move (Standard mouse)
1785569716.005207,591,438,p1-block-2-trial-15-target-6,570.0,450.0,37.5,False,Pointer Move (Standard mouse)
1785569716.012762,588,438,p1-block-2-trial-15-target-6,570.0,450.0,37.5,False,Pointer Move (Standard mouse)
1785569716.021726,584,438,p1-block-2-trial-15-target-6,570.0,450.0,37.5,False,Pointer Move (Standard mouse)
1785569716.0289311,583,438,p1-block-2-trial-15-target-6,570.0,450.0,37.5,False,Pointer Move (Standard mouse)
1785569716.036237,582,438,p1-block-2-trial-15-target-6,570.0,450.0,37.5,False,Pointer Move (Standard mouse)
1785569716.043972,582,439,p1-block-2-trial-15-target-6,570.0,450.0,37.5,False,Pointer Move (Standard mouse)
1785569716.051096,582,439,p1-block-2-trial-15-target-6,570.0,450.0,37.5,False,Pointer Move (Standard mouse)
1785569716.0663738,581,439,p1-block-2-trial-15-target-6,570.0,450.0,37.5,False,Pointer Move (Standard mouse)
1785569716.073618,581,439,p1-block-2-trial-15-target-6,570.0,450.0,37.5,False,Pointer Move (Standard mouse)
1785569716.081239,581,439,p1-block-2-trial-15-target-6,570.0,450.0,37.5,False,Pointer Move (Standard mouse)
1785569716.088557,580,439,p1-block-2-trial-15-target-6,570.0,450.0,37.5,False,Pointer Move (Standard mouse)
1785569716.10374,580,440,p1-block-2-trial-15-target-6,570.0,450.0,37.5,False,Pointer Move (Standard mouse)
1785569716.111089,580,440,p1-block-2-trial-15-target-6,570.0,450.0,37.5,False,Pointer Move (Standard mouse)
1785569716.1188722,580,440,p1-block-2-trial-15-target-6,570.0,450.0,37.5,False,Pointer Move (Standard mouse)
1785569716.172562,580,440,p1-block-2-trial-15-target-6,570.0,450.0,37.5,target_selected,target_selected
1785569716.2904499,580,440,p1-block-2-trial-16-target-2,870.0,450.0,37.5,False,Pointer Move (Standard mouse)
1785569716.298271,582,441,p1-block-2-trial-16-target-2,870.0,450.0,37.5,False,Pointer Move (Standard mouse)
1785569716.3068001,583,441,p1-block-2-trial-16-target-2,870.0,450.0,37.5,False,Pointer Move (Standard mouse)
1785569716.3140101,587,441,p1-block-2-trial-16-target-2,870.0,450.0,37.5,False,Pointer Move (Standard mouse)
1785569716.323227,590,441,p1-block-2-trial-16-target-2,870.0,450.0,37.5,False,Pointer Move (Standard mouse)
1785569716.330614,595,441,p1-block-2-trial-16-target-2,870.0,450.0,37.5,False,Pointer Move (Standard mouse)
1785569716.337211,597,441,p1-block-2-trial-16-target-2,870.0,450.0,37.5,False,Pointer Move (Standard mouse)
1785569716.344705,604,442,p1-block-2-trial-16-target-2,870.0,450.0,37.5,False,Pointer Move (Standard mouse)
1785569716.3511128,614,442,p1-block-2-trial-16-target-2,870.0,450.0,37.5,False,Pointer Move (Standard mouse)
1785569716.359342,615,442,p1-block-2-trial-16-target-2,870.0,450.0,37.5,False,Pointer Move (Standard mouse)
1785569716.366045,626,442,p1-block-2-trial-16-target-2,870.0,450.0,37.5,False,Pointer Move (Standard mouse)
1785569716.374369,638,442,p1-block-2-trial-16-target-2,870.0,450.0,37.5,False,Pointer Move (Standard mouse)
1785569716.382252,650,442,p1-block-2-trial-16-target-2,870.0,450.0,37.5,False,Pointer Move (Standard mouse)
1785569716.3884401,657,442,p1-block-2-trial-16-target-2,870.0,450.0,37.5,False,Pointer Move (Standard mouse)
1785569716.3951418,669,442,p1-block-2-trial-16-target-2,870.0,450.0,37.5,False,Pointer Move (Standard mouse)
1785569716.4029582,683,442,p1-block-2-trial-16-target-2,870.0,450.0,37.5,False,Pointer Move (Standard mouse)
1785569716.412597,698,442,p1-block-2-trial-16-target-2,870.0,450.0,37.5,False,Pointer Move (Standard mouse)
1785569716.4179862,710,440,p1-block-2-trial-16-target-2,870.0,450.0,37.5,False,Pointer Move (Standard mouse)
1785569716.428558,724,439,p1-block-2-trial-16-target-2,870.0,450.0,37.5,False,Pointer Move (Standard mouse)
1785569716.434022,747,436,p1-block-2-trial-16-target-2,870.0,450.0,37.5,False,Pointer Move (Standard mouse)
1785569716.441678,764,435,p1-block-2-trial-16-target-2,870.0,450.0,37.5,False,Pointer Move (Standard mouse)
1785569716.450274,780,433,p1-block-2-trial-16-target-2,870.0,450.0,37.5,False,Pointer Move (Standard mouse)
1785569716.4570749,792,432,p1-block-2-trial-16-target-2,870.0,450.0,37.5,False,Pointer Move (Standard mouse)
1785569716.464345,809,432,p1-block-2-trial-16-target-2,870.0,450.0,37.5,False,Pointer Move (Standard mouse)
1785569716.471605,821,432,p1-block-2-trial-16-target-2,870.0,450.0,37.5,False,Pointer Move (Standard mouse)
1785569716.480125,835,432,p1-block-2-trial-16-target-2,870.0,450.0,37.5,False,Pointer Move (Standard mouse)
1785569716.487107,847,432,p1-block-2-trial-16-target-2,870.0,450.0,37.5,False,Pointer Move (Standard mouse)
1785569716.4940002,859,432,p1-block-2-trial-16-target-2,870.0,450.0,37.5,False,Pointer Move (Standard mouse)
1785569716.5020921,866,432,p1-block-2-trial-16-target-2,870.0,450.0,37.5,False,Pointer Move (Standard mouse)
1785569716.51022,875,433,p1-block-2-trial-16-target-2,870.0,450.0,37.5,False,Pointer Move (Standard mouse)
1785569716.518486,880,433,p1-block-2-trial-16-target-2,870.0,450.0,37.5,False,Pointer Move (Standard mouse)
1785569716.524522,883,434,p1-block-2-trial-16-target-2,870.0,450.0,37.5,False,Pointer Move (Standard mouse)
1785569716.533718,886,434,p1-block-2-trial-16-target-2,870.0,450.0,37.5,False,Pointer Move (Standard mouse)
1785569716.538913,890,435,p1-block-2-trial-16-target-2,870.0,450.0,37.5,False,Pointer Move (Standard mouse)
1785569716.54736,890,435,p1-block-2-trial-16-target-2,870.0,450.0,37.5,False,Pointer Move (Standard mouse)
1785569716.5545862,895,435,p1-block-2-trial-16-target-2,870.0,450.0,37.5,False,Pointer Move (Standard mouse)
1785569716.563454,904,436,p1-block-2-trial-16-target-2,870.0,450.0,37.5,False,Pointer Move (Standard mouse)
1785569716.570092,913,437,p1-block-2-trial-16-target-2,870.0,450.0,37.5,False,Pointer Move (Standard mouse)
1785569716.576941,919,439,p1-block-2-trial-16-target-2,870.0,450.0,37.5,False,Pointer Move (Standard mouse)
1785569716.5849369,926,441,p1-block-2-trial-16-target-2,870.0,450.0,37.5,False,Pointer Move (Standard mouse)
1785569716.591097,930,442,p1-block-2-trial-16-target-2,870.0,450.0,37.5,False,Pointer Move (Standard mouse)
1785569716.5976949,933,442,p1-block-2-trial-16-target-2,870.0,450.0,37.5,False,Pointer Move (Standard mouse)
1785569716.6073,933,442,p1-block-2-trial-16-target-2,870.0,450.0,37.5,False,Pointer Move (Standard mouse)
1785569716.72772,933,442,p1-block-2-trial-16-target-2,870.0,450.0,37.5,False,Pointer Move (Standard mouse)
1785569716.7501671,933,442,p1-block-2-trial-16-target-2,870.0,450.0,37.5,False,Pointer Move (Standard mouse)
1785569716.75731,932,442,p1-block-2-trial-16-target-2,870.0,450.0,37.5,False,Pointer Move (Standard mouse)
1785569716.765249,929,444,p1-block-2-trial-16-target-2,870.0,450.0,37.5,False,Pointer Move (Standard mouse)
1785569716.772359,927,444,p1-block-2-trial-16-target-2,870.0,450.0,37.5,False,Pointer Move (Standard mouse)
1785569716.7792552,920,445,p1-block-2-trial-16-target-2,870.0,450.0,37.5,False,Pointer Move (Standard mouse)
1785569716.785988,914,446,p1-block-2-trial-16-target-2,870.0,450.0,37.5,False,Pointer Move (Standard mouse)
1785569716.792789,905,448,p1-block-2-trial-16-target-2,870.0,450.0,37.5,False,Pointer Move (Standard mouse)
1785569716.8006752,893,449,p1-block-2-trial-16-target-2,870.0,450.0,37.5,False,Pointer Move (Standard mouse)
1785569716.808268,890,449,p1-block-2-trial-16-target-2,870.0,450.0,37.5,False,Pointer Move (Standard mouse)
1785569716.815642,874,452,p1-block-2-trial-16-target-2,870.0,450.0,37.5,False,Pointer Move (Standard mouse)
1785569716.822695,864,452,p1-block-2-trial-16-target-2,870.0,450.0,37.5,False,Pointer Move (Standard mouse)
1785569716.830579,855,453,p1-block-2-trial-16-target-2,870.0,450.0,37.5,False,Pointer Move (Standard mouse)
1785569716.838084,850,453,p1-block-2-trial-16-target-2,870.0,450.0,37.5,False,Pointer Move (Standard mouse)
1785569716.8459442,845,453,p1-block-2-trial-16-target-2,870.0,450.0,37.5,False,Pointer Move (Standard mouse)
1785569716.8534331,840,453,p1-block-2-trial-16-target-2,870.0,450.0,37.5,False,Pointer Move (Standard mouse)
1785569716.860723,835,453,p1-block-2-trial-16-target-2,870.0,450.0,37.5,False,Pointer Move (Standard mouse)
1785569716.868871,831,453,p1-block-2-trial-16-target-2,870.0,450.0,37.5,False,Pointer Move (Standard mouse)
1785569716.876359,830,453,p1-block-2-trial-16-target-2,870.0,450.0,37.5,False,Pointer Move (Standard mouse)
1785569716.8845608,830,453,p1-block-2-trial-16-target-2,870.0,450.0,37.5,False,Pointer Move (Standard mouse)
1785569716.8921092,829,453,p1-block-2-trial-16-target-2,870.0,450.0,37.5,False,Pointer Move (Standard mouse)
1785569716.89937,828,453,p1-block-2-trial-16-target-2,870.0,450.0,37.5,False,Pointer Move (Standard mouse)
1785569716.9072928,827,453,p1-block-2-trial-16-target-2,870.0,450.0,37.5,False,Pointer Move (Standard mouse)
1785569716.9395251,827,452,p1-block-2-trial-16-target-2,870.0,450.0,37.5,False,Pointer Move (Standard mouse)
1785569716.9671931,827,452,p1-block-2-trial-16-target-2,870.0,450.0,37.5,False,Pointer Move (Standard mouse)
1785569716.974844,828,452,p1-block-2-trial-16-target-2,870.0,450.0,37.5,False,Pointer Move (Standard mouse)
1785569716.981216,828,452,p1-block-2-trial-16-target-2,870.0,450.0,37.5,False,Pointer Move (Standard mouse)
1785569717.131632,828,452,p1-block-2-trial-16-target-2,870.0,450.0,37.5,False,Pointer Move (Standard mouse)
1785569717.1393752,829,451,p1-block-2-trial-16-target-2,870.0,450.0,37.5,False,Pointer Move (Standard mouse)
1785569717.14556,830,451,p1-block-2-trial-16-target-2,870.0,450.0,37.5,False,Pointer Move (Standard mouse)
1785569717.153069,831,451,p1-block-2-trial-16-target-2,870.0,450.0,37.5,False,Pointer Move (Standard mouse)
1785569717.160867,831,450,p1-block-2-trial-16-target-2,870.0,450.0,37.5,False,Pointer Move (Standard mouse)
1785569717.1681411,833,450,p1-block-2-trial-16-target-2,870.0,450.0,37.5,False,Pointer Move (Standard mouse)
1785569717.1774201,834,450,p1-block-2-trial-16-target-2,870.0,450.0,37.5,False,Pointer Move (Standard mouse)
1785569717.1828768,834,450,p1-block-2-trial-16-target-2,870.0,450.0,37.5,False,Pointer Move (Standard mouse)
1785569717.1908321,835,450,p1-block-2-trial-16-target-2,870.0,450.0,37.5,False,Pointer Move (Standard mouse)
1785569717.198394,835,450,p1-block-2-trial-16-target-2,870.0,450.0,37.5,False,Pointer Move (Standard mouse)
1785569717.2059221,836,450,p1-block-2-trial-16-target-2,870.0,450.0,37.5,False,Pointer Move (Standard mouse)
1785569717.2136152,837,450,p1-block-2-trial-16-target-2,870.0,450.0,37.5,False,Pointer Move (Standard mouse)
1785569717.222841,837,449,p1-block-2-trial-16-target-2,870.0,450.0,37.5,False,Pointer Move (Standard mouse)
1785569717.229244,837,449,p1-block-2-trial-16-target-2,870.0,450.0,37.5,False,Pointer Move (Standard mouse)
1785569717.235757,838,449,p1-block-2-trial-16-target-2,870.0,450.0,37.5,False,Pointer Move (Standard mouse)
1785569717.251254,838,449,p1-block-2-trial-16-target-2,870.0,450.0,37.5,False,Pointer Move (Standard mouse)
1785569717.2575848,839,449,p1-block-2-trial-16-target-2,870.0,450.0,37.5,False,Pointer Move (Standard mouse)
1785569717.265759,839,449,p1-block-2-trial-16-target-2,870.0,450.0,37.5,False,Pointer Move (Standard mouse)
1785569717.2732852,840,449,p1-block-2-trial-16-target-2,870.0,450.0,37.5,False,Pointer Move (Standard mouse)
1785569717.2809222,840,449,p1-block-2-trial-16-target-2,870.0,450.0,37.5,False,Pointer Move (Standard mouse)
1785569717.2883148,841,449,p1-block-2-trial-16-target-2,870.0,450.0,37.5,False,Pointer Move (Standard mouse)
1785569717.296257,841,449,p1-block-2-trial-16-target-2,870.0,450.0,37.5,False,Pointer Move (Standard mouse)
1785569717.310477,842,449,p1-block-2-trial-16-target-2,870.0,450.0,37.5,False,Pointer Move (Standard mouse)
1785569717.356797,842,448,p1-block-2-trial-16-target-2,870.0,450.0,37.5,False,Pointer Move (Standard mouse)
1785569717.36416,842,448,p1-block-2-trial-16-target-2,870.0,450.0,37.5,False,Pointer Move (Standard mouse)
1785569717.388461,842,448,p1-block-2-trial-16-target-2,870.0,450.0,37.5,False,Pointer Move (Standard mouse)
1785569717.44241,842,448,p1-block-2-trial-16-target-2,870.0,450.0,37.5,target_selected,target_selected
1785569717.4516952,843,448,p1-block-3-trial-1-target-7,543.0,273.0,22.5,False,Pointer Move (Standard mouse)
1785569717.535895,843,449,p1-block-3-trial-1-target-7,543.0,273.0,22.5,False,Pointer Move (Standard mouse)
1785569717.5446038,842,449,p1-block-3-trial-1-target-7,543.0,273.0,22.5,False,Pointer Move (Standard mouse)
1785569717.550715,842,449,p1-block-3-trial-1-target-7,543.0,273.0,22.5,False,Pointer Move (Standard mouse)
1785569717.557769,840,449,p1-block-3-trial-1-target-7,543.0,273.0,22.5,False,Pointer Move (Standard mouse)
1785569717.566286,839,449,p1-block-3-trial-1-target-7,543.0,273.0,22.5,False,Pointer Move (Standard mouse)
1785569717.574367,838,449,p1-block-3-trial-1-target-7,543.0,273.0,22.5,False,Pointer Move (Standard mouse)
1785569717.581307,834,449,p1-block-3-trial-1-target-7,543.0,273.0,22.5,False,Pointer Move (Standard mouse)
1785569717.5885582,829,450,p1-block-3-trial-1-target-7,543.0,273.0,22.5,False,Pointer Move (Standard mouse)
1785569717.596361,824,451,p1-block-3-trial-1-target-7,543.0,273.0,22.5,False,Pointer Move (Standard mouse)
1785569717.6042361,819,451,p1-block-3-trial-1-target-7,543.0,273.0,22.5,False,Pointer Move (Standard mouse)
1785569717.611716,818,451,p1-block-3-trial-1-target-7,543.0,273.0,22.5,False,Pointer Move (Standard mouse)
1785569717.618655,812,451,p1-block-3-trial-1-target-7,543.0,273.0,22.5,False,Pointer Move (Standard mouse)
1785569717.6265988,805,452,p1-block-3-trial-1-target-7,543.0,273.0,22.5,False,Pointer Move (Standard mouse)
1785569717.633346,796,452,p1-block-3-trial-1-target-7,543.0,273.0,22.5,False,Pointer Move (Standard mouse)
1785569717.641655,782,452,p1-block-3-trial-1-target-7,543.0,273.0,22.5,False,Pointer Move (Standard mouse)
1785569717.648447,768,452,p1-block-3-trial-1-target-7,543.0,273.0,22.5,False,Pointer Move (Standard mouse)
1785569717.655995,760,449,p1-block-3-trial-1-target-7,543.0,273.0,22.5,False,Pointer Move (Standard mouse)
1785569717.663614,746,449,p1-block-3-trial-1-target-7,543.0,273.0,22.5,False,Pointer Move (Standard mouse)
1785569717.6709702,737,448,p1-block-3-trial-1-target-7,543.0,273.0,22.5,False,Pointer Move (Standard mouse)
1785569717.6788108,724,448,p1-block-3-trial-1-target-7,543.0,273.0,22.5,False,Pointer Move (Standard mouse)
1785569717.685838,712,447,p1-block-3-trial-1-target-7,543.0,273.0,22.5,False,Pointer Move (Standard mouse)
1785569717.692723,701,447,p1-block-3-trial-1-target-7,543.0,273.0,22.5,False,Pointer Move (Standard mouse)
1785569717.700226,687,447,p1-block-3-trial-1-target-7,543.0,273.0,22.5,False,Pointer Move (Standard mouse)
1785569717.7080839,679,447,p1-block-3-trial-1-target-7,543.0,273.0,22.5,False,Pointer Move (Standard mouse)
1785569717.715701,674,447,p1-block-3-trial-1-target-7,543.0,273.0,22.5,False,Pointer Move (Standard mouse)
1785569717.723207,669,447,p1-block-3-trial-1-target-7,543.0,273.0,22.5,False,Pointer Move (Standard mouse)
1785569717.7314298,665,448,p1-block-3-trial-1-target-7,543.0,273.0,22.5,False,Pointer Move (Standard mouse)
1785569717.739118,665,448,p1-block-3-trial-1-target-7,543.0,273.0,22.5,False,Pointer Move (Standard mouse)
1785569717.748994,664,448,p1-block-3-trial-1-target-7,543.0,273.0,22.5,False,Pointer Move (Standard mouse)
1785569717.754735,664,448,p1-block-3-trial-1-target-7,543.0,273.0,22.5,False,Pointer Move (Standard mouse)
1785569717.761337,663,448,p1-block-3-trial-1-target-7,543.0,273.0,22.5,False,Pointer Move (Standard mouse)
1785569717.771004,662,448,p1-block-3-trial-1-target-7,543.0,273.0,22.5,False,Pointer Move (Standard mouse)
1785569717.776664,662,448,p1-block-3-trial-1-target-7,543.0,273.0,22.5,False,Pointer Move (Standard mouse)
1785569717.791879,661,448,p1-block-3-trial-1-target-7,543.0,273.0,22.5,False,Pointer Move (Standard mouse)
1785569717.80778,661,448,p1-block-3-trial-1-target-7,543.0,273.0,22.5,False,Pointer Move (Standard mouse)
1785569717.814836,661,448,p1-block-3-trial-1-target-7,543.0,273.0,22.5,False,Pointer Move (Standard mouse)
1785569717.822291,660,448,p1-block-3-trial-1-target-7,543.0,273.0,22.5,False,Pointer Move (Standard mouse)
1785569717.8311648,659,448,p1-block-3-trial-1-target-7,543.0,273.0,22.5,False,Pointer Move (Standard mouse)
1785569717.8382,658,448,p1-block-3-trial-1-target-7,543.0,273.0,22.5,False,Pointer Move (Standard mouse)
1785569717.8446348,656,448,p1-block-3-trial-1-target-7,543.0,273.0,22.5,False,Pointer Move (Standard mouse)
1785569717.85231,653,448,p1-block-3-trial-1-target-7,543.0,273.0,22.5,False,Pointer Move (Standard mouse)
1785569717.868373,651,448,p1-block-3-trial-1-target-7,543.0,273.0,22.5,False,Pointer Move (Standard mouse)
1785569717.880488,651,448,p1-block-3-trial-1-target-7,543.0,273.0,22.5,False,Pointer Move (Standard mouse)
1785569717.896652,651,448,p1-block-3-trial-1-target-7,543.0,273.0,22.5,False,Pointer Move (Standard mouse)
1785569717.904682,651,447,p1-block-3-trial-1-target-7,543.0,273.0,22.5,False,Pointer Move (Standard mouse)
1785569717.9126642,651,447,p1-block-3-trial-1-target-7,543.0,273.0,22.5,False,Pointer Move (Standard mouse)
1785569717.919996,651,445,p1-block-3-trial-1-target-7,543.0,273.0,22.5,False,Pointer Move (Standard mouse)
1785569717.925973,650,443,p1-block-3-trial-1-target-7,543.0,273.0,22.5,False,Pointer Move (Standard mouse)
1785569717.933028,648,440,p1-block-3-trial-1-target-7,543.0,273.0,22.5,False,Pointer Move (Standard mouse)
1785569717.940537,646,433,p1-block-3-trial-1-target-7,543.0,273.0,22.5,False,Pointer Move (Standard mouse)
1785569717.948673,642,425,p1-block-3-trial-1-target-7,543.0,273.0,22.5,False,Pointer Move (Standard mouse)
1785569717.956318,638,413,p1-block-3-trial-1-target-7,543.0,273.0,22.5,False,Pointer Move (Standard mouse)
1785569717.963938,635,404,p1-block-3-trial-1-target-7,543.0,273.0,22.5,False,Pointer Move (Standard mouse)
1785569717.971167,628,392,p1-block-3-trial-1-target-7,543.0,273.0,22.5,False,Pointer Move (Standard mouse)
1785569717.982603,623,383,p1-block-3-trial-1-target-7,543.0,273.0,22.5,False,Pointer Move (Standard mouse)
1785569717.986988,617,372,p1-block-3-trial-1-target-7,543.0,273.0,22.5,False,Pointer Move (Standard mouse)
1785569717.992644,613,365,p1-block-3-trial-1-target-7,543.0,273.0,22.5,False,Pointer Move (Standard mouse)
1785569717.999889,602,350,p1-block-3-trial-1-target-7,543.0,273.0,22.5,False,Pointer Move (Standard mouse)
1785569718.007732,594,336,p1-block-3-trial-1-target-7,543.0,273.0,22.5,False,Pointer Move (Standard mouse)
1785569718.015637,589,326,p1-block-3-trial-1-target-7,543.0,273.0,22.5,False,Pointer Move (Standard mouse)
1785569718.022735,586,319,p1-block-3-trial-1-target-7,543.0,273.0,22.5,False,Pointer Move (Standard mouse)
1785569718.030184,586,319,p1-block-3-trial-1-target-7,543.0,273.0,22.5,False,Pointer Move (Standard mouse)
1785569718.0380092,585,315,p1-block-3-trial-1-target-7,543.0,273.0,22.5,False,Pointer Move (Standard mouse)
1785569718.0453272,585,315,p1-block-3-trial-1-target-7,543.0,273.0,22.5,False,Pointer Move (Standard mouse)
1785569718.052696,585,315,p1-block-3-trial-1-target-7,543.0,273.0,22.5,False,Pointer Move (Standard mouse)
1785569718.060836,585,314,p1-block-3-trial-1-target-7,543.0,273.0,22.5,False,Pointer Move (Standard mouse)
1785569718.098932,585,314,p1-block-3-trial-1-target-7,543.0,273.0,22.5,False,Pointer Move (Standard mouse)
1785569718.1067798,584,314,p1-block-3-trial-1-target-7,543.0,273.0,22.5,False,Pointer Move (Standard mouse)
1785569718.1140292,584,314,p1-block-3-trial-1-target-7,543.0,273.0,22.5,False,Pointer Move (Standard mouse)
1785569718.121581,582,313,p1-block-3-trial-1-target-7,543.0,273.0,22.5,False,Pointer Move (Standard mouse)
1785569718.128999,582,312,p1-block-3-trial-1-target-7,543.0,273.0,22.5,False,Pointer Move (Standard mouse)
1785569718.136436,581,311,p1-block-3-trial-1-target-7,543.0,273.0,22.5,False,Pointer Move (Standard mouse)
1785569718.1438432,580,311,p1-block-3-trial-1-target-7,543.0,273.0,22.5,False,Pointer Move (Standard mouse)
1785569718.1506088,580,310,p1-block-3-trial-1-target-7,543.0,273.0,22.5,False,Pointer Move (Standard mouse)
1785569718.157851,579,310,p1-block-3-trial-1-target-7,543.0,273.0,22.5,False,Pointer Move (Standard mouse)
1785569718.1658938,579,309,p1-block-3-trial-1-target-7,543.0,273.0,22.5,False,Pointer Move (Standard mouse)
1785569718.1735659,578,309,p1-block-3-trial-1-target-7,543.0,273.0,22.5,False,Pointer Move (Standard mouse)
1785569718.182147,576,309,p1-block-3-trial-1-target-7,543.0,273.0,22.5,False,Pointer Move (Standard mouse)
1785569718.188831,573,307,p1-block-3-trial-1-target-7,543.0,273.0,22.5,False,Pointer Move (Standard mouse)
1785569718.195765,572,307,p1-block-3-trial-1-target-7,543.0,273.0,22.5,False,Pointer Move (Standard mouse)
1785569718.203379,572,306,p1-block-3-trial-1-target-7,543.0,273.0,22.5,False,Pointer Move (Standard mouse)
1785569718.2104719,571,306,p1-block-3-trial-1-target-7,543.0,273.0,22.5,False,Pointer Move (Standard mouse)
1785569718.21822,571,306,p1-block-3-trial-1-target-7,543.0,273.0,22.5,False,Pointer Move (Standard mouse)
1785569718.225891,570,305,p1-block-3-trial-1-target-7,543.0,273.0,22.5,False,Pointer Move (Standard mouse)
1785569718.241775,570,305,p1-block-3-trial-1-target-7,543.0,273.0,22.5,False,Pointer Move (Standard mouse)
1785569718.2489789,570,304,p1-block-3-trial-1-target-7,543.0,273.0,22.5,False,Pointer Move (Standard mouse)
1785569718.2560158,568,303,p1-block-3-trial-1-target-7,543.0,273.0,22.5,False,Pointer Move (Standard mouse)
1785569718.264201,567,300,p1-block-3-trial-1-target-7,543.0,273.0,22.5,False,Pointer Move (Standard mouse)
1785569718.2713962,566,298,p1-block-3-trial-1-target-7,543.0,273.0,22.5,False,Pointer Move (Standard mouse)
1785569718.2785401,562,297,p1-block-3-trial-1-target-7,543.0,273.0,22.5,False,Pointer Move (Standard mouse)
1785569718.2860649,562,296,p1-block-3-trial-1-target-7,543.0,273.0,22.5,False,Pointer Move (Standard mouse)
1785569718.293608,560,296,p1-block-3-trial-1-target-7,543.0,273.0,22.5,False,Pointer Move (Standard mouse)
1785569718.3011048,560,295,p1-block-3-trial-1-target-7,543.0,273.0,22.5,False,Pointer Move (Standard mouse)
1785569718.3085928,560,295,p1-block-3-trial-1-target-7,543.0,273.0,22.5,False,Pointer Move (Standard mouse)
1785569718.323731,560,295,p1-block-3-trial-1-target-7,543.0,273.0,22.5,False,Pointer Move (Standard mouse)
1785569718.331504,559,294,p1-block-3-trial-1-target-7,543.0,273.0,22.5,False,Pointer Move (Standard mouse)
1785569718.338602,559,294,p1-block-3-trial-1-target-7,543.0,273.0,22.5,False,Pointer Move (Standard mouse)
1785569718.346334,559,294,p1-block-3-trial-1-target-7,543.0,273.0,22.5,False,Pointer Move (Standard mouse)
1785569718.361417,559,294,p1-block-3-trial-1-target-7,543.0,273.0,22.5,False,Pointer Move (Standard mouse)
1785569718.3685691,559,293,p1-block-3-trial-1-target-7,543.0,273.0,22.5,False,Pointer Move (Standard mouse)
1785569718.3836539,558,293,p1-block-3-trial-1-target-7,543.0,273.0,22.5,False,Pointer Move (Standard mouse)
1785569718.4140139,558,293,p1-block-3-trial-1-target-7,543.0,273.0,22.5,False,Pointer Move (Standard mouse)
1785569718.4590359,558,292,p1-block-3-trial-1-target-7,543.0,273.0,22.5,False,Pointer Move (Standard mouse)
1785569718.65279,558,292,p1-block-3-trial-1-target-7,543.0,273.0,22.5,False,Pointer Move (Standard mouse)
1785569718.661547,558,291,p1-block-3-trial-1-target-7,543.0,273.0,22.5,False,Pointer Move (Standard mouse)
1785569718.669864,558,291,p1-block-3-trial-1-target-7,543.0,273.0,22.5,False,Pointer Move (Standard mouse)
1785569718.676673,558,290,p1-block-3-trial-1-target-7,543.0,273.0,22.5,False,Pointer Move (Standard mouse)
1785569718.684181,558,290,p1-block-3-trial-1-target-7,543.0,273.0,22.5,False,Pointer Move (Standard mouse)
1785569718.691126,558,288,p1-block-3-trial-1-target-7,543.0,273.0,22.5,False,Pointer Move (Standard mouse)
1785569718.698805,558,287,p1-block-3-trial-1-target-7,543.0,273.0,22.5,False,Pointer Move (Standard mouse)
1785569718.707115,557,287,p1-block-3-trial-1-target-7,543.0,273.0,22.5,False,Pointer Move (Standard mouse)
1785569718.714004,557,286,p1-block-3-trial-1-target-7,543.0,273.0,22.5,False,Pointer Move (Standard mouse)
1785569718.7214808,557,286,p1-block-3-trial-1-target-7,543.0,273.0,22.5,False,Pointer Move (Standard mouse)
1785569718.729845,557,285,p1-block-3-trial-1-target-7,543.0,273.0,22.5,False,Pointer Move (Standard mouse)
1785569718.736779,556,285,p1-block-3-trial-1-target-7,543.0,273.0,22.5,False,Pointer Move (Standard mouse)
1785569718.7441962,556,285,p1-block-3-trial-1-target-7,543.0,273.0,22.5,False,Pointer Move (Standard mouse)
1785569718.751214,556,285,p1-block-3-trial-1-target-7,543.0,273.0,22.5,False,Pointer Move (Standard mouse)
1785569718.7587311,556,284,p1-block-3-trial-1-target-7,543.0,273.0,22.5,False,Pointer Move (Standard mouse)
1785569718.766054,556,284,p1-block-3-trial-1-target-7,543.0,273.0,22.5,False,Pointer Move (Standard mouse)
1785569718.7735412,555,283,p1-block-3-trial-1-target-7,543.0,273.0,22.5,False,Pointer Move (Standard mouse)
1785569718.781054,555,283,p1-block-3-trial-1-target-7,543.0,273.0,22.5,False,Pointer Move (Standard mouse)
1785569718.788501,555,283,p1-block-3-trial-1-target-7,543.0,273.0,22.5,False,Pointer Move (Standard mouse)
1785569718.795574,555,282,p1-block-3-trial-1-target-7,543.0,273.0,22.5,False,Pointer Move (Standard mouse)
1785569718.81218,554,282,p1-block-3-trial-1-target-7,543.0,273.0,22.5,False,Pointer Move (Standard mouse)
1785569718.834062,554,281,p1-block-3-trial-1-target-7,543.0,273.0,22.5,False,Pointer Move (Standard mouse)
1785569718.862884,554,281,p1-block-3-trial-1-target-7,543.0,273.0,22.5,False,Pointer Move (Standard mouse)
1785569718.871088,554,281,p1-block-3-trial-1-target-7,543.0,273.0,22.5,False,Pointer Move (Standard mouse)
1785569718.925161,554,281,p1-block-3-trial-1-target-7,543.0,273.0,22.5,target_selected,target_selected
1785569719.030415,554,281,p1-block-3-trial-2-target-3,897.0,627.0,22.5,False,Pointer Move (Standard mouse)
1785569719.0380049,554,282,p1-block-3-trial-2-target-3,897.0,627.0,22.5,False,Pointer Move (Standard mouse)
1785569719.043995,555,287,p1-block-3-trial-2-target-3,897.0,627.0,22.5,False,Pointer Move (Standard mouse)
1785569719.051075,557,292,p1-block-3-trial-2-target-3,897.0,627.0,22.5,False,Pointer Move (Standard mouse)
1785569719.0596008,558,294,p1-block-3-trial-2-target-3,897.0,627.0,22.5,False,Pointer Move (Standard mouse)
1785569719.067971,563,303,p1-block-3-trial-2-target-3,897.0,627.0,22.5,False,Pointer Move (Standard mouse)
1785569719.074634,571,314,p1-block-3-trial-2-target-3,897.0,627.0,22.5,False,Pointer Move (Standard mouse)
1785569719.082039,581,328,p1-block-3-trial-2-target-3,897.0,627.0,22.5,False,Pointer Move (Standard mouse)
1785569719.090199,591,338,p1-block-3-trial-2-target-3,897.0,627.0,22.5,False,Pointer Move (Standard mouse)
1785569719.09583,602,352,p1-block-3-trial-2-target-3,897.0,627.0,22.5,False,Pointer Move (Standard mouse)
1785569719.104287,626,374,p1-block-3-trial-2-target-3,897.0,627.0,22.5,False,Pointer Move (Standard mouse)
1785569719.111851,642,389,p1-block-3-trial-2-target-3,897.0,627.0,22.5,False,Pointer Move (Standard mouse)
1785569719.1202629,662,406,p1-block-3-trial-2-target-3,897.0,627.0,22.5,False,Pointer Move (Standard mouse)
1785569719.1276422,684,423,p1-block-3-trial-2-target-3,897.0,627.0,22.5,False,Pointer Move (Standard mouse)
1785569719.1341188,700,436,p1-block-3-trial-2-target-3,897.0,627.0,22.5,False,Pointer Move (Standard mouse)
1785569719.142914,717,451,p1-block-3-trial-2-target-3,897.0,627.0,22.5,False,Pointer Move (Standard mouse)
1785569719.149487,740,470,p1-block-3-trial-2-target-3,897.0,627.0,22.5,False,Pointer Move (Standard mouse)
1785569719.1561532,756,485,p1-block-3-trial-2-target-3,897.0,627.0,22.5,False,Pointer Move (Standard mouse)
1785569719.163542,771,498,p1-block-3-trial-2-target-3,897.0,627.0,22.5,False,Pointer Move (Standard mouse)
1785569719.171201,780,507,p1-block-3-trial-2-target-3,897.0,627.0,22.5,False,Pointer Move (Standard mouse)
1785569719.178592,800,524,p1-block-3-trial-2-target-3,897.0,627.0,22.5,False,Pointer Move (Standard mouse)
1785569719.1877592,812,535,p1-block-3-trial-2-target-3,897.0,627.0,22.5,False,Pointer Move (Standard mouse)
1785569719.195915,833,554,p1-block-3-trial-2-target-3,897.0,627.0,22.5,False,Pointer Move (Standard mouse)
1785569719.2015638,845,565,p1-block-3-trial-2-target-3,897.0,627.0,22.5,False,Pointer Move (Standard mouse)
1785569719.211138,866,584,p1-block-3-trial-2-target-3,897.0,627.0,22.5,False,Pointer Move (Standard mouse)
1785569719.216843,877,594,p1-block-3-trial-2-target-3,897.0,627.0,22.5,False,Pointer Move (Standard mouse)
1785569719.224261,888,603,p1-block-3-trial-2-target-3,897.0,627.0,22.5,False,Pointer Move (Standard mouse)
1785569719.23254,903,616,p1-block-3-trial-2-target-3,897.0,627.0,22.5,False,Pointer Move (Standard mouse)
1785569719.239616,916,628,p1-block-3-trial-2-target-3,897.0,627.0,22.5,False,Pointer Move (Standard mouse)
1785569719.247683,924,636,p1-block-3-trial-2-target-3,897.0,627.0,22.5,False,Pointer Move (Standard mouse)
1785569719.253729,928,640,p1-block-3-trial-2-target-3,897.0,627.0,22.5,False,Pointer Move (Standard mouse)
1785569719.260133,935,646,p1-block-3-trial-2-target-3,897.0,627.0,22.5,False,Pointer Move (Standard mouse)
1785569719.268874,936,647,p1-block-3-trial-2-target-3,897.0,627.0,22.5,False,Pointer Move (Standard mouse)
1785569719.277877,939,651,p1-block-3-trial-2-target-3,897.0,627.0,22.5,False,Pointer Move (Standard mouse)
1785569719.2851882,941,652,p1-block-3-trial-2-target-3,897.0,627.0,22.5,False,Pointer Move (Standard mouse)
1785569719.2926972,941,652,p1-block-3-trial-2-target-3,897.0,627.0,22.5,False,Pointer Move (Standard mouse)
1785569719.300176,942,653,p1-block-3-trial-2-target-3,897.0,627.0,22.5,False,Pointer Move (Standard mouse)
1785569719.3071759,942,653,p1-block-3-trial-2-target-3,897.0,627.0,22.5,False,Pointer Move (Standard mouse)
1785569719.315713,942,653,p1-block-3-trial-2-target-3,897.0,627.0,22.5,False,Pointer Move (Standard mouse)
1785569719.322221,943,654,p1-block-3-trial-2-target-3,897.0,627.0,22.5,False,Pointer Move (Standard mouse)
1785569719.330583,943,654,p1-block-3-trial-2-target-3,897.0,627.0,22.5,False,Pointer Move (Standard mouse)
1785569719.338816,943,654,p1-block-3-trial-2-target-3,897.0,627.0,22.5,False,Pointer Move (Standard mouse)
1785569719.347018,943,654,p1-block-3-trial-2-target-3,897.0,627.0,22.5,False,Pointer Move (Standard mouse)
1785569719.472404,943,654,p1-block-3-trial-2-target-3,897.0,627.0,22.5,False,Pointer Move (Standard mouse)
1785569719.479167,942,654,p1-block-3-trial-2-target-3,897.0,627.0,22.5,False,Pointer Move (Standard mouse)
1785569719.485974,933,649,p1-block-3-trial-2-target-3,897.0,627.0,22.5,False,Pointer Move (Standard mouse)
1785569719.494036,931,647,p1-block-3-trial-2-target-3,897.0,627.0,22.5,False,Pointer Move (Standard mouse)
1785569719.501458,922,640,p1-block-3-trial-2-target-3,897.0,627.0,22.5,False,Pointer Move (Standard mouse)
1785569719.50882,914,634,p1-block-3-trial-2-target-3,897.0,627.0,22.5,False,Pointer Move (Standard mouse)
1785569719.516133,913,633,p1-block-3-trial-2-target-3,897.0,627.0,22.5,False,Pointer Move (Standard mouse)
1785569719.523535,912,633,p1-block-3-trial-2-target-3,897.0,627.0,22.5,False,Pointer Move (Standard mouse)
1785569719.531344,911,631,p1-block-3-trial-2-target-3,897.0,627.0,22.5,False,Pointer Move (Standard mouse)
1785569719.538582,910,630,p1-block-3-trial-2-target-3,897.0,627.0,22.5,False,Pointer Move (Standard mouse)
1785569719.546261,908,629,p1-block-3-trial-2-target-3,897.0,627.0,22.5,False,Pointer Move (Standard mouse)
1785569719.553032,908,628,p1-block-3-trial-2-target-3,897.0,627.0,22.5,False,Pointer Move (Standard mouse)
1785569719.5610082,908,628,p1-block-3-trial-2-target-3,897.0,627.0,22.5,False,Pointer Move (Standard mouse)
1785569719.56848,908,628,p1-block-3-trial-2-target-3,897.0,627.0,22.5,False,Pointer Move (Standard mouse)
1785569719.576017,907,627,p1-block-3-trial-2-target-3,897.0,627.0,22.5,False,Pointer Move (Standard mouse)
1785569719.583318,907,627,p1-block-3-trial-2-target-3,897.0,627.0,22.5,False,Pointer Move (Standard mouse)
1785569719.5902,907,626,p1-block-3-trial-2-target-3,897.0,627.0,22.5,False,Pointer Move (Standard mouse)
1785569719.597698,906,626,p1-block-3-trial-2-target-3,897.0,627.0,22.5,False,Pointer Move (Standard mouse)
1785569719.606017,906,626,p1-block-3-trial-2-target-3,897.0,627.0,22.5,False,Pointer Move (Standard mouse)
1785569719.6135511,906,625,p1-block-3-trial-2-target-3,897.0,627.0,22.5,False,Pointer Move (Standard mouse)
1785569719.620998,905,625,p1-block-3-trial-2-target-3,897.0,627.0,22.5,False,Pointer Move (Standard mouse)
1785569719.6292028,905,625,p1-block-3-trial-2-target-3,897.0,627.0,22.5,False,Pointer Move (Standard mouse)
1785569719.6367319,905,624,p1-block-3-trial-2-target-3,897.0,627.0,22.5,False,Pointer Move (Standard mouse)
1785569719.644078,904,624,p1-block-3-trial-2-target-3,897.0,627.0,22.5,False,Pointer Move (Standard mouse)
1785569719.651137,903,624,p1-block-3-trial-2-target-3,897.0,627.0,22.5,False,Pointer Move (Standard mouse)
1785569719.658551,903,623,p1-block-3-trial-2-target-3,897.0,627.0,22.5,False,Pointer Move (Standard mouse)
1785569719.665246,903,623,p1-block-3-trial-2-target-3,897.0,627.0,22.5,False,Pointer Move (Standard mouse)
1785569719.673076,903,623,p1-block-3-trial-2-target-3,897.0,627.0,22.5,False,Pointer Move (Standard mouse)
1785569719.751085,903,623,p1-block-3-trial-2-target-3,897.0,627.0,22.5,target_selected,target_selected
1785569719.853184,902,623,p1-block-3-trial-3-target-7,543.0,273.0,22.5,False,Pointer Move (Standard mouse)
1785569719.863157,897,620,p1-block-3-trial-3-target-7,543.0,273.0,22.5,False,Pointer Move (Standard mouse)
1785569719.869909,890,615,p1-block-3-trial-3-target-7,543.0,273.0,22.5,False,Pointer Move (Standard mouse)
1785569719.876441,881,607,p1-block-3-trial-3-target-7,543.0,273.0,22.5,False,Pointer Move (Standard mouse)
1785569719.885411,873,602,p1-block-3-trial-3-target-7,543.0,273.0,22.5,False,Pointer Move (Standard mouse)
1785569719.892721,858,589,p1-block-3-trial-3-target-7,543.0,273.0,22.5,False,Pointer Move (Standard mouse)
1785569719.900706,847,576,p1-block-3-trial-3-target-7,543.0,273.0,22.5,False,Pointer Move (Standard mouse)
1785569719.905646,832,559,p1-block-3-trial-3-target-7,543.0,273.0,22.5,False,Pointer Move (Standard mouse)
1785569719.915744,817,544,p1-block-3-trial-3-target-7,543.0,273.0,22.5,False,Pointer Move (Standard mouse)
1785569719.92144,802,529,p1-block-3-trial-3-target-7,543.0,273.0,22.5,False,Pointer Move (Standard mouse)
1785569719.9314601,758,488,p1-block-3-trial-3-target-7,543.0,273.0,22.5,False,Pointer Move (Standard mouse)
1785569719.937676,738,464,p1-block-3-trial-3-target-7,543.0,273.0,22.5,False,Pointer Move (Standard mouse)
1785569719.945549,725,448,p1-block-3-trial-3-target-7,543.0,273.0,22.5,False,Pointer Move (Standard mouse)
1785569719.953426,708,423,p1-block-3-trial-3-target-7,543.0,273.0,22.5,False,Pointer Move (Standard mouse)
1785569719.95874,682,383,p1-block-3-trial-3-target-7,543.0,273.0,22.5,False,Pointer Move (Standard mouse)
1785569719.968514,666,363,p1-block-3-trial-3-target-7,543.0,273.0,22.5,False,Pointer Move (Standard mouse)
1785569719.974459,656,349,p1-block-3-trial-3-target-7,543.0,273.0,22.5,False,Pointer Move (Standard mouse)
1785569719.9801989,651,338,p1-block-3-trial-3-target-7,543.0,273.0,22.5,False,Pointer Move (Standard mouse)
1785569719.98855,649,333,p1-block-3-trial-3-target-7,543.0,273.0,22.5,False,Pointer Move (Standard mouse)
1785569719.998038,646,326,p1-block-3-trial-3-target-7,543.0,273.0,22.5,False,Pointer Move (Standard mouse)
1785569720.004388,645,326,p1-block-3-trial-3-target-7,543.0,273.0,22.5,False,Pointer Move (Standard mouse)
1785569720.012238,644,324,p1-block-3-trial-3-target-7,543.0,273.0,22.5,False,Pointer Move (Standard mouse)
1785569720.020084,643,323,p1-block-3-trial-3-target-7,543.0,273.0,22.5,False,Pointer Move (Standard mouse)
1785569720.026818,642,321,p1-block-3-trial-3-target-7,543.0,273.0,22.5,False,Pointer Move (Standard mouse)
1785569720.03512,642,321,p1-block-3-trial-3-target-7,543.0,273.0,22.5,False,Pointer Move (Standard mouse)
1785569720.043461,641,320,p1-block-3-trial-3-target-7,543.0,273.0,22.5,False,Pointer Move (Standard mouse)
1785569720.050069,640,319,p1-block-3-trial-3-target-7,543.0,273.0,22.5,False,Pointer Move (Standard mouse)
1785569720.0576708,639,318,p1-block-3-trial-3-target-7,543.0,273.0,22.5,False,Pointer Move (Standard mouse)
1785569720.0642931,637,316,p1-block-3-trial-3-target-7,543.0,273.0,22.5,False,Pointer Move (Standard mouse)
1785569720.072181,633,312,p1-block-3-trial-3-target-7,543.0,273.0,22.5,False,Pointer Move (Standard mouse)
1785569720.078801,630,309,p1-block-3-trial-3-target-7,543.0,273.0,22.5,False,Pointer Move (Standard mouse)
1785569720.087445,629,308,p1-block-3-trial-3-target-7,543.0,273.0,22.5,False,Pointer Move (Standard mouse)
1785569720.0941482,628,308,p1-block-3-trial-3-target-7,543.0,273.0,22.5,False,Pointer Move (Standard mouse)
1785569720.100064,626,307,p1-block-3-trial-3-target-7,543.0,273.0,22.5,False,Pointer Move (Standard mouse)
1785569720.107873,626,306,p1-block-3-trial-3-target-7,543.0,273.0,22.5,False,Pointer Move (Standard mouse)
1785569720.115229,625,306,p1-block-3-trial-3-target-7,543.0,273.0,22.5,False,Pointer Move (Standard mouse)
1785569720.123178,625,306,p1-block-3-trial-3-target-7,543.0,273.0,22.5,False,Pointer Move (Standard mouse)
1785569720.130461,625,305,p1-block-3-trial-3-target-7,543.0,273.0,22.5,False,Pointer Move (Standard mouse)
1785569720.1382642,624,305,p1-block-3-trial-3-target-7,543.0,273.0,22.5,False,Pointer Move (Standard mouse)
1785569720.145951,624,305,p1-block-3-trial-3-target-7,543.0,273.0,22.5,False,Pointer Move (Standard mouse)
1785569720.16049,624,305,p1-block-3-trial-3-target-7,543.0,273.0,22.5,False,Pointer Move (Standard mouse)
1785569720.16765,622,305,p1-block-3-trial-3-target-7,543.0,273.0,22.5,False,Pointer Move (Standard mouse)
1785569720.1754339,617,305,p1-block-3-trial-3-target-7,543.0,273.0,22.5,False,Pointer Move (Standard mouse)
1785569720.183021,616,305,p1-block-3-trial-3-target-7,543.0,273.0,22.5,False,Pointer Move (Standard mouse)
1785569720.1907442,611,306,p1-block-3-trial-3-target-7,543.0,273.0,22.5,False,Pointer Move (Standard mouse)
1785569720.199038,606,307,p1-block-3-trial-3-target-7,543.0,273.0,22.5,False,Pointer Move (Standard mouse)
1785569720.206122,601,307,p1-block-3-trial-3-target-7,543.0,273.0,22.5,False,Pointer Move (Standard mouse)
1785569720.21412,598,308,p1-block-3-trial-3-target-7,543.0,273.0,22.5,False,Pointer Move (Standard mouse)
1785569720.221492,593,308,p1-block-3-trial-3-target-7,543.0,273.0,22.5,False,Pointer Move (Standard mouse)
1785569720.2288709,589,309,p1-block-3-trial-3-target-7,543.0,273.0,22.5,False,Pointer Move (Standard mouse)
1785569720.235709,589,309,p1-block-3-trial-3-target-7,543.0,273.0,22.5,False,Pointer Move (Standard mouse)
1785569720.24417,589,309,p1-block-3-trial-3-target-7,543.0,273.0,22.5,False,Pointer Move (Standard mouse)
1785569720.2503622,588,309,p1-block-3-trial-3-target-7,543.0,273.0,22.5,False,Pointer Move (Standard mouse)
1785569720.2585459,588,309,p1-block-3-trial-3-target-7,543.0,273.0,22.5,False,Pointer Move (Standard mouse)
1785569720.273612,588,309,p1-block-3-trial-3-target-7,543.0,273.0,22.5,False,Pointer Move (Standard mouse)
1785569720.303241,587,309,p1-block-3-trial-3-target-7,543.0,273.0,22.5,False,Pointer Move (Standard mouse)
1785569720.310624,587,309,p1-block-3-trial-3-target-7,543.0,273.0,22.5,False,Pointer Move (Standard mouse)
1785569720.318351,586,308,p1-block-3-trial-3-target-7,543.0,273.0,22.5,False,Pointer Move (Standard mouse)
1785569720.325612,584,307,p1-block-3-trial-3-target-7,543.0,273.0,22.5,False,Pointer Move (Standard mouse)
1785569720.333075,584,306,p1-block-3-trial-3-target-7,543.0,273.0,22.5,False,Pointer Move (Standard mouse)
1785569720.3411279,582,306,p1-block-3-trial-3-target-7,543.0,273.0,22.5,False,Pointer Move (Standard mouse)
1785569720.348118,581,304,p1-block-3-trial-3-target-7,543.0,273.0,22.5,False,Pointer Move (Standard mouse)
1785569720.355566,580,304,p1-block-3-trial-3-target-7,543.0,273.0,22.5,False,Pointer Move (Standard mouse)
1785569720.363345,580,303,p1-block-3-trial-3-target-7,543.0,273.0,22.5,False,Pointer Move (Standard mouse)
1785569720.370193,580,303,p1-block-3-trial-3-target-7,543.0,273.0,22.5,False,Pointer Move (Standard mouse)
1785569720.378726,579,303,p1-block-3-trial-3-target-7,543.0,273.0,22.5,False,Pointer Move (Standard mouse)
1785569720.3852549,579,302,p1-block-3-trial-3-target-7,543.0,273.0,22.5,False,Pointer Move (Standard mouse)
1785569720.3931499,579,302,p1-block-3-trial-3-target-7,543.0,273.0,22.5,False,Pointer Move (Standard mouse)
1785569720.400251,578,301,p1-block-3-trial-3-target-7,543.0,273.0,22.5,False,Pointer Move (Standard mouse)
1785569720.4077718,577,300,p1-block-3-trial-3-target-7,543.0,273.0,22.5,False,Pointer Move (Standard mouse)
1785569720.415228,577,299,p1-block-3-trial-3-target-7,543.0,273.0,22.5,False,Pointer Move (Standard mouse)
1785569720.423007,573,298,p1-block-3-trial-3-target-7,543.0,273.0,22.5,False,Pointer Move (Standard mouse)
1785569720.430057,572,297,p1-block-3-trial-3-target-7,543.0,273.0,22.5,False,Pointer Move (Standard mouse)
1785569720.4379652,568,295,p1-block-3-trial-3-target-7,543.0,273.0,22.5,False,Pointer Move (Standard mouse)
1785569720.445363,568,295,p1-block-3-trial-3-target-7,543.0,273.0,22.5,False,Pointer Move (Standard mouse)
1785569720.453099,566,294,p1-block-3-trial-3-target-7,543.0,273.0,22.5,False,Pointer Move (Standard mouse)
1785569720.4606678,565,293,p1-block-3-trial-3-target-7,543.0,273.0,22.5,False,Pointer Move (Standard mouse)
1785569720.4681249,564,292,p1-block-3-trial-3-target-7,543.0,273.0,22.5,False,Pointer Move (Standard mouse)
1785569720.47565,564,292,p1-block-3-trial-3-target-7,543.0,273.0,22.5,False,Pointer Move (Standard mouse)
1785569720.48334,563,292,p1-block-3-trial-3-target-7,543.0,273.0,22.5,False,Pointer Move (Standard mouse)
1785569720.498708,563,292,p1-block-3-trial-3-target-7,543.0,273.0,22.5,False,Pointer Move (Standard mouse)
1785569720.5512378,563,292,p1-block-3-trial-3-target-7,543.0,273.0,22.5,False,Pointer Move (Standard mouse)
1785569720.56356,562,291,p1-block-3-trial-3-target-7,543.0,273.0,22.5,False,Pointer Move (Standard mouse)
1785569720.565949,562,291,p1-block-3-trial-3-target-7,543.0,273.0,22.5,False,Pointer Move (Standard mouse)
1785569720.573718,561,290,p1-block-3-trial-3-target-7,543.0,273.0,22.5,False,Pointer Move (Standard mouse)
1785569720.581085,560,288,p1-block-3-trial-3-target-7,543.0,273.0,22.5,False,Pointer Move (Standard mouse)
1785569720.587809,559,288,p1-block-3-trial-3-target-7,543.0,273.0,22.5,False,Pointer Move (Standard mouse)
1785569720.595537,559,287,p1-block-3-trial-3-target-7,543.0,273.0,22.5,False,Pointer Move (Standard mouse)
1785569720.602897,558,287,p1-block-3-trial-3-target-7,543.0,273.0,22.5,False,Pointer Move (Standard mouse)
1785569720.6101341,558,286,p1-block-3-trial-3-target-7,543.0,273.0,22.5,False,Pointer Move (Standard mouse)
1785569720.617876,558,286,p1-block-3-trial-3-target-7,543.0,273.0,22.5,False,Pointer Move (Standard mouse)
1785569720.625237,558,286,p1-block-3-trial-3-target-7,543.0,273.0,22.5,False,Pointer Move (Standard mouse)
1785569720.641402,557,286,p1-block-3-trial-3-target-7,543.0,273.0,22.5,False,Pointer Move (Standard mouse)
1785569720.648232,557,285,p1-block-3-trial-3-target-7,543.0,273.0,22.5,False,Pointer Move (Standard mouse)
1785569720.662952,557,285,p1-block-3-trial-3-target-7,543.0,273.0,22.5,False,Pointer Move (Standard mouse)
1785569720.670379,557,284,p1-block-3-trial-3-target-7,543.0,273.0,22.5,False,Pointer Move (Standard mouse)
1785569720.686049,557,284,p1-block-3-trial-3-target-7,543.0,273.0,22.5,False,Pointer Move (Standard mouse)
1785569720.6944058,557,283,p1-block-3-trial-3-target-7,543.0,273.0,22.5,False,Pointer Move (Standard mouse)
1785569720.703391,557,283,p1-block-3-trial-3-target-7,543.0,273.0,22.5,False,Pointer Move (Standard mouse)
1785569720.7094898,556,281,p1-block-3-trial-3-target-7,543.0,273.0,22.5,False,Pointer Move (Standard mouse)
1785569720.7175941,556,280,p1-block-3-trial-3-target-7,543.0,273.0,22.5,False,Pointer Move (Standard mouse)
1785569720.7247722,556,280,p1-block-3-trial-3-target-7,543.0,273.0,22.5,False,Pointer Move (Standard mouse)
1785569720.7403378,556,279,p1-block-3-trial-3-target-7,543.0,273.0,22.5,False,Pointer Move (Standard mouse)
1785569720.778833,556,279,p1-block-3-trial-3-target-7,543.0,273.0,22.5,target_selected,target_selected
1785569720.919601,556,280,p1-block-3-trial-4-target-3,897.0,627.0,22.5,False,Pointer Move (Standard mouse)
1785569720.930592,556,280,p1-block-3-trial-4-target-3,897.0,627.0,22.5,False,Pointer Move (Standard mouse)
1785569720.9339929,556,282,p1-block-3-trial-4-target-3,897.0,627.0,22.5,False,Pointer Move (Standard mouse)
1785569720.9433331,559,288,p1-block-3-trial-4-target-3,897.0,627.0,22.5,False,Pointer Move (Standard mouse)
1785569720.949397,564,296,p1-block-3-trial-4-target-3,897.0,627.0,22.5,False,Pointer Move (Standard mouse)
1785569720.957195,570,305,p1-block-3-trial-4-target-3,897.0,627.0,22.5,False,Pointer Move (Standard mouse)
1785569720.964899,580,318,p1-block-3-trial-4-target-3,897.0,627.0,22.5,False,Pointer Move (Standard mouse)
1785569720.972689,588,325,p1-block-3-trial-4-target-3,897.0,627.0,22.5,False,Pointer Move (Standard mouse)
1785569720.981534,600,338,p1-block-3-trial-4-target-3,897.0,627.0,22.5,False,Pointer Move (Standard mouse)
1785569720.986602,614,353,p1-block-3-trial-4-target-3,897.0,627.0,22.5,False,Pointer Move (Standard mouse)
1785569720.995032,624,364,p1-block-3-trial-4-target-3,897.0,627.0,22.5,False,Pointer Move (Standard mouse)
1785569721.00043,642,383,p1-block-3-trial-4-target-3,897.0,627.0,22.5,False,Pointer Move (Standard mouse)
1785569721.008055,661,402,p1-block-3-trial-4-target-3,897.0,627.0,22.5,False,Pointer Move (Standard mouse)
1785569721.015789,679,418,p1-block-3-trial-4-target-3,897.0,627.0,22.5,False,Pointer Move (Standard mouse)
1785569721.0232441,692,431,p1-block-3-trial-4-target-3,897.0,627.0,22.5,False,Pointer Move (Standard mouse)
1785569721.0317938,710,447,p1-block-3-trial-4-target-3,897.0,627.0,22.5,False,Pointer Move (Standard mouse)
1785569721.0386329,723,460,p1-block-3-trial-4-target-3,897.0,627.0,22.5,False,Pointer Move (Standard mouse)
1785569721.048525,742,482,p1-block-3-trial-4-target-3,897.0,627.0,22.5,False,Pointer Move (Standard mouse)
1785569721.0534961,759,502,p1-block-3-trial-4-target-3,897.0,627.0,22.5,False,Pointer Move (Standard mouse)
1785569721.0602272,774,520,p1-block-3-trial-4-target-3,897.0,627.0,22.5,False,Pointer Move (Standard mouse)
1785569721.068888,785,533,p1-block-3-trial-4-target-3,897.0,627.0,22.5,False,Pointer Move (Standard mouse)
1785569721.075522,804,553,p1-block-3-trial-4-target-3,897.0,627.0,22.5,False,Pointer Move (Standard mouse)
1785569721.0828621,812,564,p1-block-3-trial-4-target-3,897.0,627.0,22.5,False,Pointer Move (Standard mouse)
1785569721.090662,830,586,p1-block-3-trial-4-target-3,897.0,627.0,22.5,False,Pointer Move (Standard mouse)
1785569721.0980978,847,604,p1-block-3-trial-4-target-3,897.0,627.0,22.5,False,Pointer Move (Standard mouse)
1785569721.106606,854,613,p1-block-3-trial-4-target-3,897.0,627.0,22.5,False,Pointer Move (Standard mouse)
1785569721.115469,869,628,p1-block-3-trial-4-target-3,897.0,627.0,22.5,False,Pointer Move (Standard mouse)
1785569721.1226492,880,639,p1-block-3-trial-4-target-3,897.0,627.0,22.5,False,Pointer Move (Standard mouse)
1785569721.130013,889,647,p1-block-3-trial-4-target-3,897.0,627.0,22.5,False,Pointer Move (Standard mouse)
1785569721.136704,893,650,p1-block-3-trial-4-target-3,897.0,627.0,22.5,False,Pointer Move (Standard mouse)
1785569721.143291,897,652,p1-block-3-trial-4-target-3,897.0,627.0,22.5,False,Pointer Move (Standard mouse)
1785569721.1507149,897,652,p1-block-3-trial-4-target-3,897.0,627.0,22.5,False,Pointer Move (Standard mouse)
1785569721.158149,897,652,p1-block-3-trial-4-target-3,897.0,627.0,22.5,False,Pointer Move (Standard mouse)
1785569721.165608,897,653,p1-block-3-trial-4-target-3,897.0,627.0,22.5,False,Pointer Move (Standard mouse)
1785569721.188819,898,653,p1-block-3-trial-4-target-3,897.0,627.0,22.5,False,Pointer Move (Standard mouse)
1785569721.219968,898,653,p1-block-3-trial-4-target-3,897.0,627.0,22.5,False,Pointer Move (Standard mouse)
1785569721.22556,898,653,p1-block-3-trial-4-target-3,897.0,627.0,22.5,False,Pointer Move (Standard mouse)
1785569721.23379,900,653,p1-block-3-trial-4-target-3,897.0,627.0,22.5,False,Pointer Move (Standard mouse)
1785569721.241129,901,653,p1-block-3-trial-4-target-3,897.0,627.0,22.5,False,Pointer Move (Standard mouse)
1785569721.2486231,904,653,p1-block-3-trial-4-target-3,897.0,627.0,22.5,False,Pointer Move (Standard mouse)
1785569721.256217,905,654,p1-block-3-trial-4-target-3,897.0,627.0,22.5,False,Pointer Move (Standard mouse)
1785569721.263584,905,654,p1-block-3-trial-4-target-3,897.0,627.0,22.5,False,Pointer Move (Standard mouse)
1785569721.2710059,906,654,p1-block-3-trial-4-target-3,897.0,627.0,22.5,False,Pointer Move (Standard mouse)
1785569721.278592,906,655,p1-block-3-trial-4-target-3,897.0,627.0,22.5,False,Pointer Move (Standard mouse)
1785569721.2860742,906,655,p1-block-3-trial-4-target-3,897.0,627.0,22.5,False,Pointer Move (Standard mouse)
1785569721.361881,906,655,p1-block-3-trial-4-target-3,897.0,627.0,22.5,False,Pointer Move (Standard mouse)
1785569721.368433,907,654,p1-block-3-trial-4-target-3,897.0,627.0,22.5,False,Pointer Move (Standard mouse)
1785569721.375086,907,651,p1-block-3-trial-4-target-3,897.0,627.0,22.5,False,Pointer Move (Standard mouse)
1785569721.38276,907,650,p1-block-3-trial-4-target-3,897.0,627.0,22.5,False,Pointer Move (Standard mouse)
1785569721.3904,907,649,p1-block-3-trial-4-target-3,897.0,627.0,22.5,False,Pointer Move (Standard mouse)
1785569721.398083,907,646,p1-block-3-trial-4-target-3,897.0,627.0,22.5,False,Pointer Move (Standard mouse)
1785569721.406087,906,645,p1-block-3-trial-4-target-3,897.0,627.0,22.5,False,Pointer Move (Standard mouse)
1785569721.414774,904,640,p1-block-3-trial-4-target-3,897.0,627.0,22.5,False,Pointer Move (Standard mouse)
1785569721.421462,904,639,p1-block-3-trial-4-target-3,897.0,627.0,22.5,False,Pointer Move (Standard mouse)
1785569721.429912,904,638,p1-block-3-trial-4-target-3,897.0,627.0,22.5,False,Pointer Move (Standard mouse)
1785569721.4364002,904,637,p1-block-3-trial-4-target-3,897.0,627.0,22.5,False,Pointer Move (Standard mouse)
1785569721.44484,903,637,p1-block-3-trial-4-target-3,897.0,627.0,22.5,False,Pointer Move (Standard mouse)
1785569721.4529102,902,636,p1-block-3-trial-4-target-3,897.0,627.0,22.5,False,Pointer Move (Standard mouse)
1785569721.459502,902,636,p1-block-3-trial-4-target-3,897.0,627.0,22.5,False,Pointer Move (Standard mouse)
1785569721.4668381,901,636,p1-block-3-trial-4-target-3,897.0,627.0,22.5,False,Pointer Move (Standard mouse)
1785569721.473509,901,636,p1-block-3-trial-4-target-3,897.0,627.0,22.5,False,Pointer Move (Standard mouse)
1785569721.488996,901,635,p1-block-3-trial-4-target-3,897.0,627.0,22.5,False,Pointer Move (Standard mouse)
1785569721.518333,901,635,p1-block-3-trial-4-target-3,897.0,627.0,22.5,False,Pointer Move (Standard mouse)
1785569721.564199,901,635,p1-block-3-trial-4-target-3,897.0,627.0,22.5,False,Pointer Move (Standard mouse)
1785569721.6166432,901,635,p1-block-3-trial-4-target-3,897.0,627.0,22.5,target_selected,target_selected
1785569721.713086,899,635,p1-block-3-trial-5-target-7,543.0,273.0,22.5,False,Pointer Move (Standard mouse)
1785569721.721175,898,635,p1-block-3-trial-5-target-7,543.0,273.0,22.5,False,Pointer Move (Standard mouse)
1785569721.729512,893,634,p1-block-3-trial-5-target-7,543.0,273.0,22.5,False,Pointer Move (Standard mouse)
1785569721.737386,888,629,p1-block-3-trial-5-target-7,543.0,273.0,22.5,False,Pointer Move (Standard mouse)
1785569721.744302,880,624,p1-block-3-trial-5-target-7,543.0,273.0,22.5,False,Pointer Move (Standard mouse)
1785569721.7515461,871,616,p1-block-3-trial-5-target-7,543.0,273.0,22.5,False,Pointer Move (Standard mouse)
1785569721.758833,865,610,p1-block-3-trial-5-target-7,543.0,273.0,22.5,False,Pointer Move (Standard mouse)
1785569721.767376,854,601,p1-block-3-trial-5-target-7,543.0,273.0,22.5,False,Pointer Move (Standard mouse)
1785569721.7735791,846,594,p1-block-3-trial-5-target-7,543.0,273.0,22.5,False,Pointer Move (Standard mouse)
1785569721.781327,837,588,p1-block-3-trial-5-target-7,543.0,273.0,22.5,False,Pointer Move (Standard mouse)
1785569721.78877,826,575,p1-block-3-trial-5-target-7,543.0,273.0,22.5,False,Pointer Move (Standard mouse)
1785569721.7966359,813,562,p1-block-3-trial-5-target-7,543.0,273.0,22.5,False,Pointer Move (Standard mouse)
1785569721.803776,798,549,p1-block-3-trial-5-target-7,543.0,273.0,22.5,False,Pointer Move (Standard mouse)
1785569721.8104599,782,534,p1-block-3-trial-5-target-7,543.0,273.0,22.5,False,Pointer Move (Standard mouse)
1785569721.8183858,769,524,p1-block-3-trial-5-target-7,543.0,273.0,22.5,False,Pointer Move (Standard mouse)
1785569721.825375,763,519,p1-block-3-trial-5-target-7,543.0,273.0,22.5,False,Pointer Move (Standard mouse)
1785569721.8336508,747,508,p1-block-3-trial-5-target-7,543.0,273.0,22.5,False,Pointer Move (Standard mouse)
1785569721.8404841,743,502,p1-block-3-trial-5-target-7,543.0,273.0,22.5,False,Pointer Move (Standard mouse)
1785569721.848556,739,493,p1-block-3-trial-5-target-7,543.0,273.0,22.5,False,Pointer Move (Standard mouse)
1785569721.8558238,737,488,p1-block-3-trial-5-target-7,543.0,273.0,22.5,False,Pointer Move (Standard mouse)
1785569721.863314,733,481,p1-block-3-trial-5-target-7,543.0,273.0,22.5,False,Pointer Move (Standard mouse)
1785569721.870844,732,476,p1-block-3-trial-5-target-7,543.0,273.0,22.5,False,Pointer Move (Standard mouse)
1785569721.877316,730,471,p1-block-3-trial-5-target-7,543.0,273.0,22.5,False,Pointer Move (Standard mouse)
1785569721.8848698,729,468,p1-block-3-trial-5-target-7,543.0,273.0,22.5,False,Pointer Move (Standard mouse)
1785569721.892235,726,464,p1-block-3-trial-5-target-7,543.0,273.0,22.5,False,Pointer Move (Standard mouse)
1785569721.9002519,723,460,p1-block-3-trial-5-target-7,543.0,273.0,22.5,False,Pointer Move (Standard mouse)
1785569721.9075022,720,455,p1-block-3-trial-5-target-7,543.0,273.0,22.5,False,Pointer Move (Standard mouse)
1785569721.916103,716,451,p1-block-3-trial-5-target-7,543.0,273.0,22.5,False,Pointer Move (Standard mouse)
1785569721.923439,712,443,p1-block-3-trial-5-target-7,543.0,273.0,22.5,False,Pointer Move (Standard mouse)
1785569721.931155,705,437,p1-block-3-trial-5-target-7,543.0,273.0,22.5,False,Pointer Move (Standard mouse)
1785569721.9387991,702,433,p1-block-3-trial-5-target-7,543.0,273.0,22.5,False,Pointer Move (Standard mouse)
1785569721.9461272,695,425,p1-block-3-trial-5-target-7,543.0,273.0,22.5,False,Pointer Move (Standard mouse)
1785569721.953585,689,419,p1-block-3-trial-5-target-7,543.0,273.0,22.5,False,Pointer Move (Standard mouse)
1785569721.961328,682,410,p1-block-3-trial-5-target-7,543.0,273.0,22.5,False,Pointer Move (Standard mouse)
1785569721.9679549,676,404,p1-block-3-trial-5-target-7,543.0,273.0,22.5,False,Pointer Move (Standard mouse)
1785569721.975372,675,403,p1-block-3-trial-5-target-7,543.0,273.0,22.5,False,Pointer Move (Standard mouse)
1785569721.983167,671,399,p1-block-3-trial-5-target-7,543.0,273.0,22.5,False,Pointer Move (Standard mouse)
1785569721.990548,668,395,p1-block-3-trial-5-target-7,543.0,273.0,22.5,False,Pointer Move (Standard mouse)
1785569721.998441,666,393,p1-block-3-trial-5-target-7,543.0,273.0,22.5,False,Pointer Move (Standard mouse)
1785569722.005731,663,390,p1-block-3-trial-5-target-7,543.0,273.0,22.5,False,Pointer Move (Standard mouse)
1785569722.014957,662,390,p1-block-3-trial-5-target-7,543.0,273.0,22.5,False,Pointer Move (Standard mouse)
1785569722.021514,660,387,p1-block-3-trial-5-target-7,543.0,273.0,22.5,False,Pointer Move (Standard mouse)
1785569722.0302348,659,386,p1-block-3-trial-5-target-7,543.0,273.0,22.5,False,Pointer Move (Standard mouse)
1785569722.0375428,654,382,p1-block-3-trial-5-target-7,543.0,273.0,22.5,False,Pointer Move (Standard mouse)
1785569722.044745,648,377,p1-block-3-trial-5-target-7,543.0,273.0,22.5,False,Pointer Move (Standard mouse)
1785569722.0518668,645,375,p1-block-3-trial-5-target-7,543.0,273.0,22.5,False,Pointer Move (Standard mouse)
1785569722.058511,639,369,p1-block-3-trial-5-target-7,543.0,273.0,22.5,False,Pointer Move (Standard mouse)
1785569722.067987,627,360,p1-block-3-trial-5-target-7,543.0,273.0,22.5,False,Pointer Move (Standard mouse)
1785569722.073823,614,353,p1-block-3-trial-5-target-7,543.0,273.0,22.5,False,Pointer Move (Standard mouse)
1785569722.083798,605,347,p1-block-3-trial-5-target-7,543.0,273.0,22.5,False,Pointer Move (Standard mouse)
1785569722.0906298,591,338,p1-block-3-trial-5-target-7,543.0,273.0,22.5,False,Pointer Move (Standard mouse)
1785569722.098194,575,330,p1-block-3-trial-5-target-7,543.0,273.0,22.5,False,Pointer Move (Standard mouse)
1785569722.105571,563,321,p1-block-3-trial-5-target-7,543.0,273.0,22.5,False,Pointer Move (Standard mouse)
1785569722.112184,552,316,p1-block-3-trial-5-target-7,543.0,273.0,22.5,False,Pointer Move (Standard mouse)
1785569722.120992,543,311,p1-block-3-trial-5-target-7,543.0,273.0,22.5,False,Pointer Move (Standard mouse)
1785569722.1261508,536,305,p1-block-3-trial-5-target-7,543.0,273.0,22.5,False,Pointer Move (Standard mouse)
1785569722.133792,535,303,p1-block-3-trial-5-target-7,543.0,273.0,22.5,False,Pointer Move (Standard mouse)
1785569722.142256,529,299,p1-block-3-trial-5-target-7,543.0,273.0,22.5,False,Pointer Move (Standard mouse)
1785569722.149445,525,293,p1-block-3-trial-5-target-7,543.0,273.0,22.5,False,Pointer Move (Standard mouse)
1785569722.156251,520,287,p1-block-3-trial-5-target-7,543.0,273.0,22.5,False,Pointer Move (Standard mouse)
1785569722.163501,519,286,p1-block-3-trial-5-target-7,543.0,273.0,22.5,False,Pointer Move (Standard mouse)
1785569722.170518,518,286,p1-block-3-trial-5-target-7,543.0,273.0,22.5,False,Pointer Move (Standard mouse)
1785569722.1781209,518,285,p1-block-3-trial-5-target-7,543.0,273.0,22.5,False,Pointer Move (Standard mouse)
1785569722.185996,517,285,p1-block-3-trial-5-target-7,543.0,273.0,22.5,False,Pointer Move (Standard mouse)
1785569722.193624,517,284,p1-block-3-trial-5-target-7,543.0,273.0,22.5,False,Pointer Move (Standard mouse)
1785569722.201047,516,284,p1-block-3-trial-5-target-7,543.0,273.0,22.5,False,Pointer Move (Standard mouse)
1785569722.208931,516,283,p1-block-3-trial-5-target-7,543.0,273.0,22.5,False,Pointer Move (Standard mouse)
1785569722.216175,516,282,p1-block-3-trial-5-target-7,543.0,273.0,22.5,False,Pointer Move (Standard mouse)
1785569722.2235231,515,282,p1-block-3-trial-5-target-7,543.0,273.0,22.5,False,Pointer Move (Standard mouse)
1785569722.2313159,515,282,p1-block-3-trial-5-target-7,543.0,273.0,22.5,False,Pointer Move (Standard mouse)
1785569722.239645,515,281,p1-block-3-trial-5-target-7,543.0,273.0,22.5,False,Pointer Move (Standard mouse)
1785569722.246327,515,281,p1-block-3-trial-5-target-7,543.0,273.0,22.5,False,Pointer Move (Standard mouse)
1785569722.252892,515,280,p1-block-3-trial-5-target-7,543.0,273.0,22.5,False,Pointer Move (Standard mouse)
1785569722.260248,515,280,p1-block-3-trial-5-target-7,543.0,273.0,22.5,False,Pointer Move (Standard mouse)
1785569722.2676868,514,280,p1-block-3-trial-5-target-7,543.0,273.0,22.5,False,Pointer Move (Standard mouse)
1785569722.30592,515,280,p1-block-3-trial-5-target-7,543.0,273.0,22.5,False,Pointer Move (Standard mouse)
1785569722.313971,515,279,p1-block-3-trial-5-target-7,543.0,273.0,22.5,False,Pointer Move (Standard mouse)
1785569722.321545,517,279,p1-block-3-trial-5-target-7,543.0,273.0,22.5,False,Pointer Move (Standard mouse)
1785569722.32924,518,279,p1-block-3-trial-5-target-7,543.0,273.0,22.5,False,Pointer Move (Standard mouse)
1785569722.336468,524,279,p1-block-3-trial-5-target-7,543.0,273.0,22.5,False,Pointer Move (Standard mouse)
1785569722.343999,527,279,p1-block-3-trial-5-target-7,543.0,273.0,22.5,False,Pointer Move (Standard mouse)
1785569722.3510149,528,279,p1-block-3-trial-5-target-7,543.0,273.0,22.5,False,Pointer Move (Standard mouse)
1785569722.359024,528,279,p1-block-3-trial-5-target-7,543.0,273.0,22.5,False,Pointer Move (Standard mouse)
1785569722.3654451,529,279,p1-block-3-trial-5-target-7,543.0,273.0,22.5,False,Pointer Move (Standard mouse)
1785569722.373051,529,279,p1-block-3-trial-5-target-7,543.0,273.0,22.5,False,Pointer Move (Standard mouse)
1785569722.389015,530,279,p1-block-3-trial-5-target-7,543.0,273.0,22.5,False,Pointer Move (Standard mouse)
1785569722.3956249,530,279,p1-block-3-trial-5-target-7,543.0,273.0,22.5,False,Pointer Move (Standard mouse)
1785569722.403563,530,280,p1-block-3-trial-5-target-7,543.0,273.0,22.5,False,Pointer Move (Standard mouse)
1785569722.418994,531,280,p1-block-3-trial-5-target-7,543.0,273.0,22.5,False,Pointer Move (Standard mouse)
1785569722.433619,531,280,p1-block-3-trial-5-target-7,543.0,273.0,22.5,False,Pointer Move (Standard mouse)
1785569722.440293,532,280,p1-block-3-trial-5-target-7,543.0,273.0,22.5,False,Pointer Move (Standard mouse)
1785569722.448127,532,280,p1-block-3-trial-5-target-7,543.0,273.0,22.5,False,Pointer Move (Standard mouse)
1785569722.455722,532,280,p1-block-3-trial-5-target-7,543.0,273.0,22.5,False,Pointer Move (Standard mouse)
1785569722.4711602,533,280,p1-block-3-trial-5-target-7,543.0,273.0,22.5,False,Pointer Move (Standard mouse)
1785569722.4859788,533,280,p1-block-3-trial-5-target-7,543.0,273.0,22.5,False,Pointer Move (Standard mouse)
1785569722.6008499,533,280,p1-block-3-trial-5-target-7,543.0,273.0,22.5,target_selected,target_selected
1785569722.6881611,533,280,p1-block-3-trial-6-target-3,897.0,627.0,22.5,False,Pointer Move (Standard mouse)
1785569722.6956532,534,283,p1-block-3-trial-6-target-3,897.0,627.0,22.5,False,Pointer Move (Standard mouse)
1785569722.702678,535,287,p1-block-3-trial-6-target-3,897.0,627.0,22.5,False,Pointer Move (Standard mouse)
1785569722.710159,537,290,p1-block-3-trial-6-target-3,897.0,627.0,22.5,False,Pointer Move (Standard mouse)
1785569722.717698,542,297,p1-block-3-trial-6-target-3,897.0,627.0,22.5,False,Pointer Move (Standard mouse)
1785569722.725505,547,306,p1-block-3-trial-6-target-3,897.0,627.0,22.5,False,Pointer Move (Standard mouse)
1785569722.73315,555,314,p1-block-3-trial-6-target-3,897.0,627.0,22.5,False,Pointer Move (Standard mouse)
1785569722.74156,566,327,p1-block-3-trial-6-target-3,897.0,627.0,22.5,False,Pointer Move (Standard mouse)
1785569722.748224,578,340,p1-block-3-trial-6-target-3,897.0,627.0,22.5,False,Pointer Move (Standard mouse)
1785569722.755279,593,353,p1-block-3-trial-6-target-3,897.0,627.0,22.5,False,Pointer Move (Standard mouse)
1785569722.763096,606,366,p1-block-3-trial-6-target-3,897.0,627.0,22.5,False,Pointer Move (Standard mouse)
1785569722.7706728,624,383,p1-block-3-trial-6-target-3,897.0,627.0,22.5,False,Pointer Move (Standard mouse)
1785569722.77816,633,391,p1-block-3-trial-6-target-3,897.0,627.0,22.5,False,Pointer Move (Standard mouse)
1785569722.785648,655,411,p1-block-3-trial-6-target-3,897.0,627.0,22.5,False,Pointer Move (Standard mouse)
1785569722.7938502,673,428,p1-block-3-trial-6-target-3,897.0,627.0,22.5,False,Pointer Move (Standard mouse)
1785569722.801297,685,439,p1-block-3-trial-6-target-3,897.0,627.0,22.5,False,Pointer Move (Standard mouse)
1785569722.8086011,694,447,p1-block-3-trial-6-target-3,897.0,627.0,22.5,False,Pointer Move (Standard mouse)
1785569722.815568,701,454,p1-block-3-trial-6-target-3,897.0,627.0,22.5,False,Pointer Move (Standard mouse)
1785569722.825002,713,463,p1-block-3-trial-6-target-3,897.0,627.0,22.5,False,Pointer Move (Standard mouse)
1785569722.8310971,725,473,p1-block-3-trial-6-target-3,897.0,627.0,22.5,False,Pointer Move (Standard mouse)
1785569722.839206,736,480,p1-block-3-trial-6-target-3,897.0,627.0,22.5,False,Pointer Move (Standard mouse)
1785569722.846615,739,482,p1-block-3-trial-6-target-3,897.0,627.0,22.5,False,Pointer Move (Standard mouse)
1785569722.85457,746,489,p1-block-3-trial-6-target-3,897.0,627.0,22.5,False,Pointer Move (Standard mouse)
1785569722.8604622,755,494,p1-block-3-trial-6-target-3,897.0,627.0,22.5,False,Pointer Move (Standard mouse)
1785569722.868242,764,499,p1-block-3-trial-6-target-3,897.0,627.0,22.5,False,Pointer Move (Standard mouse)
1785569722.876232,773,504,p1-block-3-trial-6-target-3,897.0,627.0,22.5,False,Pointer Move (Standard mouse)
1785569722.883656,783,509,p1-block-3-trial-6-target-3,897.0,627.0,22.5,False,Pointer Move (Standard mouse)
1785569722.8910642,790,513,p1-block-3-trial-6-target-3,897.0,627.0,22.5,False,Pointer Move (Standard mouse)
1785569722.8985999,801,519,p1-block-3-trial-6-target-3,897.0,627.0,22.5,False,Pointer Move (Standard mouse)
1785569722.9072719,810,524,p1-block-3-trial-6-target-3,897.0,627.0,22.5,False,Pointer Move (Standard mouse)
1785569722.9148328,819,531,p1-block-3-trial-6-target-3,897.0,627.0,22.5,False,Pointer Move (Standard mouse)
1785569722.921512,828,539,p1-block-3-trial-6-target-3,897.0,627.0,22.5,False,Pointer Move (Standard mouse)
1785569722.9290721,834,544,p1-block-3-trial-6-target-3,897.0,627.0,22.5,False,Pointer Move (Standard mouse)
1785569722.936558,840,548,p1-block-3-trial-6-target-3,897.0,627.0,22.5,False,Pointer Move (Standard mouse)
1785569722.943994,845,553,p1-block-3-trial-6-target-3,897.0,627.0,22.5,False,Pointer Move (Standard mouse)
1785569722.950839,849,556,p1-block-3-trial-6-target-3,897.0,627.0,22.5,False,Pointer Move (Standard mouse)
1785569722.957731,851,557,p1-block-3-trial-6-target-3,897.0,627.0,22.5,False,Pointer Move (Standard mouse)
1785569722.965306,851,558,p1-block-3-trial-6-target-3,897.0,627.0,22.5,False,Pointer Move (Standard mouse)
1785569722.973135,854,560,p1-block-3-trial-6-target-3,897.0,627.0,22.5,False,Pointer Move (Standard mouse)
1785569722.9808462,854,561,p1-block-3-trial-6-target-3,897.0,627.0,22.5,False,Pointer Move (Standard mouse)
1785569722.9880462,857,563,p1-block-3-trial-6-target-3,897.0,627.0,22.5,False,Pointer Move (Standard mouse)
1785569722.996863,863,568,p1-block-3-trial-6-target-3,897.0,627.0,22.5,False,Pointer Move (Standard mouse)
1785569723.003475,869,574,p1-block-3-trial-6-target-3,897.0,627.0,22.5,False,Pointer Move (Standard mouse)
1785569723.017164,873,578,p1-block-3-trial-6-target-3,897.0,627.0,22.5,False,Pointer Move (Standard mouse)
1785569723.0183418,874,579,p1-block-3-trial-6-target-3,897.0,627.0,22.5,False,Pointer Move (Standard mouse)
1785569723.025055,878,583,p1-block-3-trial-6-target-3,897.0,627.0,22.5,False,Pointer Move (Standard mouse)
1785569723.033546,880,584,p1-block-3-trial-6-target-3,897.0,627.0,22.5,False,Pointer Move (Standard mouse)
1785569723.041147,882,587,p1-block-3-trial-6-target-3,897.0,627.0,22.5,False,Pointer Move (Standard mouse)
1785569723.048544,882,587,p1-block-3-trial-6-target-3,897.0,627.0,22.5,False,Pointer Move (Standard mouse)
1785569723.056031,883,588,p1-block-3-trial-6-target-3,897.0,627.0,22.5,False,Pointer Move (Standard mouse)
1785569723.0635881,883,588,p1-block-3-trial-6-target-3,897.0,627.0,22.5,False,Pointer Move (Standard mouse)
1785569723.071094,884,590,p1-block-3-trial-6-target-3,897.0,627.0,22.5,False,Pointer Move (Standard mouse)
1785569723.078777,884,591,p1-block-3-trial-6-target-3,897.0,627.0,22.5,False,Pointer Move (Standard mouse)
1785569723.0855548,884,591,p1-block-3-trial-6-target-3,897.0,627.0,22.5,False,Pointer Move (Standard mouse)
1785569723.09318,884,592,p1-block-3-trial-6-target-3,897.0,627.0,22.5,False,Pointer Move (Standard mouse)
1785569723.101032,885,592,p1-block-3-trial-6-target-3,897.0,627.0,22.5,False,Pointer Move (Standard mouse)
1785569723.1086369,885,593,p1-block-3-trial-6-target-3,897.0,627.0,22.5,False,Pointer Move (Standard mouse)
1785569723.1162071,885,594,p1-block-3-trial-6-target-3,897.0,627.0,22.5,False,Pointer Move (Standard mouse)
1785569723.1236181,885,594,p1-block-3-trial-6-target-3,897.0,627.0,22.5,False,Pointer Move (Standard mouse)
1785569723.1314628,885,595,p1-block-3-trial-6-target-3,897.0,627.0,22.5,False,Pointer Move (Standard mouse)
1785569723.1387699,886,596,p1-block-3-trial-6-target-3,897.0,627.0,22.5,False,Pointer Move (Standard mouse)
1785569723.146555,886,599,p1-block-3-trial-6-target-3,897.0,627.0,22.5,False,Pointer Move (Standard mouse)
1785569723.15352,886,601,p1-block-3-trial-6-target-3,897.0,627.0,22.5,False,Pointer Move (Standard mouse)
1785569723.1611211,887,604,p1-block-3-trial-6-target-3,897.0,627.0,22.5,False,Pointer Move (Standard mouse)
1785569723.16852,887,605,p1-block-3-trial-6-target-3,897.0,627.0,22.5,False,Pointer Move (Standard mouse)
1785569723.1761138,888,607,p1-block-3-trial-6-target-3,897.0,627.0,22.5,False,Pointer Move (Standard mouse)
1785569723.183525,888,607,p1-block-3-trial-6-target-3,897.0,627.0,22.5,False,Pointer Move (Standard mouse)
1785569723.191226,888,609,p1-block-3-trial-6-target-3,897.0,627.0,22.5,False,Pointer Move (Standard mouse)
1785569723.198744,888,610,p1-block-3-trial-6-target-3,897.0,627.0,22.5,False,Pointer Move (Standard mouse)
1785569723.2065768,888,610,p1-block-3-trial-6-target-3,897.0,627.0,22.5,False,Pointer Move (Standard mouse)
1785569723.215082,888,611,p1-block-3-trial-6-target-3,897.0,627.0,22.5,False,Pointer Move (Standard mouse)
1785569723.2232058,888,611,p1-block-3-trial-6-target-3,897.0,627.0,22.5,False,Pointer Move (Standard mouse)
1785569723.253281,888,612,p1-block-3-trial-6-target-3,897.0,627.0,22.5,False,Pointer Move (Standard mouse)
1785569723.3134878,888,612,p1-block-3-trial-6-target-3,897.0,627.0,22.5,False,Pointer Move (Standard mouse)
1785569723.319552,888,613,p1-block-3-trial-6-target-3,897.0,627.0,22.5,False,Pointer Move (Standard mouse)
1785569723.3277519,888,614,p1-block-3-trial-6-target-3,897.0,627.0,22.5,False,Pointer Move (Standard mouse)
1785569723.3358788,888,614,p1-block-3-trial-6-target-3,897.0,627.0,22.5,False,Pointer Move (Standard mouse)
1785569723.3416681,888,615,p1-block-3-trial-6-target-3,897.0,627.0,22.5,False,Pointer Move (Standard mouse)
1785569723.350147,889,615,p1-block-3-trial-6-target-3,897.0,627.0,22.5,False,Pointer Move (Standard mouse)
1785569723.3559098,889,616,p1-block-3-trial-6-target-3,897.0,627.0,22.5,False,Pointer Move (Standard mouse)
1785569723.363492,889,616,p1-block-3-trial-6-target-3,897.0,627.0,22.5,False,Pointer Move (Standard mouse)
1785569723.388651,889,616,p1-block-3-trial-6-target-3,897.0,627.0,22.5,False,Pointer Move (Standard mouse)
1785569723.403191,889,616,p1-block-3-trial-6-target-3,897.0,627.0,22.5,target_selected,target_selected
1785569723.536255,888,616,p1-block-3-trial-7-target-7,543.0,273.0,22.5,False,Pointer Move (Standard mouse)
1785569723.544532,888,616,p1-block-3-trial-7-target-7,543.0,273.0,22.5,False,Pointer Move (Standard mouse)
1785569723.55107,882,611,p1-block-3-trial-7-target-7,543.0,273.0,22.5,False,Pointer Move (Standard mouse)
1785569723.5578,881,610,p1-block-3-trial-7-target-7,543.0,273.0,22.5,False,Pointer Move (Standard mouse)
1785569723.5652359,880,610,p1-block-3-trial-7-target-7,543.0,273.0,22.5,False,Pointer Move (Standard mouse)
1785569723.5729558,877,608,p1-block-3-trial-7-target-7,543.0,273.0,22.5,False,Pointer Move (Standard mouse)
1785569723.5805938,871,604,p1-block-3-trial-7-target-7,543.0,273.0,22.5,False,Pointer Move (Standard mouse)
1785569723.588001,866,601,p1-block-3-trial-7-target-7,543.0,273.0,22.5,False,Pointer Move (Standard mouse)
1785569723.595754,865,600,p1-block-3-trial-7-target-7,543.0,273.0,22.5,False,Pointer Move (Standard mouse)
1785569723.603488,858,597,p1-block-3-trial-7-target-7,543.0,273.0,22.5,False,Pointer Move (Standard mouse)
1785569723.6114938,851,592,p1-block-3-trial-7-target-7,543.0,273.0,22.5,False,Pointer Move (Standard mouse)
1785569723.618481,835,581,p1-block-3-trial-7-target-7,543.0,273.0,22.5,False,Pointer Move (Standard mouse)
1785569723.625997,822,572,p1-block-3-trial-7-target-7,543.0,273.0,22.5,False,Pointer Move (Standard mouse)
1785569723.633603,814,564,p1-block-3-trial-7-target-7,543.0,273.0,22.5,False,Pointer Move (Standard mouse)
1785569723.641141,801,554,p1-block-3-trial-7-target-7,543.0,273.0,22.5,False,Pointer Move (Standard mouse)
1785569723.648349,784,542,p1-block-3-trial-7-target-7,543.0,273.0,22.5,False,Pointer Move (Standard mouse)
1785569723.6552908,769,530,p1-block-3-trial-7-target-7,543.0,273.0,22.5,False,Pointer Move (Standard mouse)
1785569723.663219,753,517,p1-block-3-trial-7-target-7,543.0,273.0,22.5,False,Pointer Move (Standard mouse)
1785569723.672603,738,505,p1-block-3-trial-7-target-7,543.0,273.0,22.5,False,Pointer Move (Standard mouse)
1785569723.68034,725,494,p1-block-3-trial-7-target-7,543.0,273.0,22.5,False,Pointer Move (Standard mouse)
1785569723.6890712,707,477,p1-block-3-trial-7-target-7,543.0,273.0,22.5,False,Pointer Move (Standard mouse)
1785569723.697048,687,457,p1-block-3-trial-7-target-7,543.0,273.0,22.5,False,Pointer Move (Standard mouse)
1785569723.7022011,670,439,p1-block-3-trial-7-target-7,543.0,273.0,22.5,False,Pointer Move (Standard mouse)
1785569723.712058,657,424,p1-block-3-trial-7-target-7,543.0,273.0,22.5,False,Pointer Move (Standard mouse)
1785569723.7178628,640,406,p1-block-3-trial-7-target-7,543.0,273.0,22.5,False,Pointer Move (Standard mouse)
1785569723.725261,631,396,p1-block-3-trial-7-target-7,543.0,273.0,22.5,False,Pointer Move (Standard mouse)
1785569723.732162,623,387,p1-block-3-trial-7-target-7,543.0,273.0,22.5,False,Pointer Move (Standard mouse)
1785569723.742034,618,380,p1-block-3-trial-7-target-7,543.0,273.0,22.5,False,Pointer Move (Standard mouse)
1785569723.747593,612,372,p1-block-3-trial-7-target-7,543.0,273.0,22.5,False,Pointer Move (Standard mouse)
1785569723.753686,609,365,p1-block-3-trial-7-target-7,543.0,273.0,22.5,False,Pointer Move (Standard mouse)
1785569723.761211,609,365,p1-block-3-trial-7-target-7,543.0,273.0,22.5,False,Pointer Move (Standard mouse)
1785569723.767752,608,361,p1-block-3-trial-7-target-7,543.0,273.0,22.5,False,Pointer Move (Standard mouse)
1785569723.775564,608,361,p1-block-3-trial-7-target-7,543.0,273.0,22.5,False,Pointer Move (Standard mouse)
1785569723.782741,608,360,p1-block-3-trial-7-target-7,543.0,273.0,22.5,False,Pointer Move (Standard mouse)
1785569723.790151,608,360,p1-block-3-trial-7-target-7,543.0,273.0,22.5,False,Pointer Move (Standard mouse)
1785569723.798243,608,359,p1-block-3-trial-7-target-7,543.0,273.0,22.5,False,Pointer Move (Standard mouse)
1785569723.8056781,607,358,p1-block-3-trial-7-target-7,543.0,273.0,22.5,False,Pointer Move (Standard mouse)
1785569723.813217,606,357,p1-block-3-trial-7-target-7,543.0,273.0,22.5,False,Pointer Move (Standard mouse)
1785569723.8209379,606,355,p1-block-3-trial-7-target-7,543.0,273.0,22.5,False,Pointer Move (Standard mouse)
1785569723.828733,605,352,p1-block-3-trial-7-target-7,543.0,273.0,22.5,False,Pointer Move (Standard mouse)
1785569723.83603,604,348,p1-block-3-trial-7-target-7,543.0,273.0,22.5,False,Pointer Move (Standard mouse)
1785569723.844065,603,343,p1-block-3-trial-7-target-7,543.0,273.0,22.5,False,Pointer Move (Standard mouse)
1785569723.851029,602,338,p1-block-3-trial-7-target-7,543.0,273.0,22.5,False,Pointer Move (Standard mouse)
1785569723.8586528,602,337,p1-block-3-trial-7-target-7,543.0,273.0,22.5,False,Pointer Move (Standard mouse)
1785569723.865986,601,335,p1-block-3-trial-7-target-7,543.0,273.0,22.5,False,Pointer Move (Standard mouse)
1785569723.873544,599,332,p1-block-3-trial-7-target-7,543.0,273.0,22.5,False,Pointer Move (Standard mouse)
1785569723.881452,599,331,p1-block-3-trial-7-target-7,543.0,273.0,22.5,False,Pointer Move (Standard mouse)
1785569723.888132,597,330,p1-block-3-trial-7-target-7,543.0,273.0,22.5,False,Pointer Move (Standard mouse)
1785569723.895453,593,324,p1-block-3-trial-7-target-7,543.0,273.0,22.5,False,Pointer Move (Standard mouse)
1785569723.902632,593,323,p1-block-3-trial-7-target-7,543.0,273.0,22.5,False,Pointer Move (Standard mouse)
1785569723.9105291,589,319,p1-block-3-trial-7-target-7,543.0,273.0,22.5,False,Pointer Move (Standard mouse)
1785569723.918637,585,315,p1-block-3-trial-7-target-7,543.0,273.0,22.5,False,Pointer Move (Standard mouse)
1785569723.9251819,578,309,p1-block-3-trial-7-target-7,543.0,273.0,22.5,False,Pointer Move (Standard mouse)
1785569723.932789,577,308,p1-block-3-trial-7-target-7,543.0,273.0,22.5,False,Pointer Move (Standard mouse)
1785569723.940162,569,303,p1-block-3-trial-7-target-7,543.0,273.0,22.5,False,Pointer Move (Standard mouse)
1785569723.948135,561,300,p1-block-3-trial-7-target-7,543.0,273.0,22.5,False,Pointer Move (Standard mouse)
1785569723.955363,552,294,p1-block-3-trial-7-target-7,543.0,273.0,22.5,False,Pointer Move (Standard mouse)
1785569723.963377,541,291,p1-block-3-trial-7-target-7,543.0,273.0,22.5,False,Pointer Move (Standard mouse)
1785569723.970898,532,284,p1-block-3-trial-7-target-7,543.0,273.0,22.5,False,Pointer Move (Standard mouse)
1785569723.977911,525,279,p1-block-3-trial-7-target-7,543.0,273.0,22.5,False,Pointer Move (Standard mouse)
1785569723.985399,521,276,p1-block-3-trial-7-target-7,543.0,273.0,22.5,False,Pointer Move (Standard mouse)
1785569723.993001,517,273,p1-block-3-trial-7-target-7,543.0,273.0,22.5,False,Pointer Move (Standard mouse)
1785569724.0001411,515,272,p1-block-3-trial-7-target-7,543.0,273.0,22.5,False,Pointer Move (Standard mouse)
1785569724.007245,514,270,p1-block-3-trial-7-target-7,543.0,273.0,22.5,False,Pointer Move (Standard mouse)
1785569724.015025,514,270,p1-block-3-trial-7-target-7,543.0,273.0,22.5,False,Pointer Move (Standard mouse)
1785569724.022838,513,270,p1-block-3-trial-7-target-7,543.0,273.0,22.5,False,Pointer Move (Standard mouse)
1785569724.0304499,513,269,p1-block-3-trial-7-target-7,543.0,273.0,22.5,False,Pointer Move (Standard mouse)
1785569724.037777,513,269,p1-block-3-trial-7-target-7,543.0,273.0,22.5,False,Pointer Move (Standard mouse)
1785569724.052927,513,269,p1-block-3-trial-7-target-7,543.0,273.0,22.5,False,Pointer Move (Standard mouse)
1785569724.0603142,513,269,p1-block-3-trial-7-target-7,543.0,273.0,22.5,False,Pointer Move (Standard mouse)
1785569724.166275,513,268,p1-block-3-trial-7-target-7,543.0,273.0,22.5,False,Pointer Move (Standard mouse)
1785569724.173354,513,268,p1-block-3-trial-7-target-7,543.0,273.0,22.5,False,Pointer Move (Standard mouse)
1785569724.188479,513,268,p1-block-3-trial-7-target-7,543.0,273.0,22.5,False,Pointer Move (Standard mouse)
1785569724.195795,513,268,p1-block-3-trial-7-target-7,543.0,273.0,22.5,False,Pointer Move (Standard mouse)
1785569724.203251,514,268,p1-block-3-trial-7-target-7,543.0,273.0,22.5,False,Pointer Move (Standard mouse)
1785569724.2114,515,268,p1-block-3-trial-7-target-7,543.0,273.0,22.5,False,Pointer Move (Standard mouse)
1785569724.218936,516,268,p1-block-3-trial-7-target-7,543.0,273.0,22.5,False,Pointer Move (Standard mouse)
1785569724.225842,517,268,p1-block-3-trial-7-target-7,543.0,273.0,22.5,False,Pointer Move (Standard mouse)
1785569724.233782,518,268,p1-block-3-trial-7-target-7,543.0,273.0,22.5,False,Pointer Move (Standard mouse)
1785569724.240941,518,269,p1-block-3-trial-7-target-7,543.0,273.0,22.5,False,Pointer Move (Standard mouse)
1785569724.2480829,519,269,p1-block-3-trial-7-target-7,543.0,273.0,22.5,False,Pointer Move (Standard mouse)
1785569724.2560132,520,269,p1-block-3-trial-7-target-7,543.0,273.0,22.5,False,Pointer Move (Standard mouse)
1785569724.2630248,520,270,p1-block-3-trial-7-target-7,543.0,273.0,22.5,False,Pointer Move (Standard mouse)
1785569724.27137,521,270,p1-block-3-trial-7-target-7,543.0,273.0,22.5,False,Pointer Move (Standard mouse)
1785569724.27794,522,271,p1-block-3-trial-7-target-7,543.0,273.0,22.5,False,Pointer Move (Standard mouse)
1785569724.28536,525,272,p1-block-3-trial-7-target-7,543.0,273.0,22.5,False,Pointer Move (Standard mouse)
1785569724.293119,527,273,p1-block-3-trial-7-target-7,543.0,273.0,22.5,False,Pointer Move (Standard mouse)
1785569724.3012931,528,274,p1-block-3-trial-7-target-7,543.0,273.0,22.5,False,Pointer Move (Standard mouse)
1785569724.3094862,531,274,p1-block-3-trial-7-target-7,543.0,273.0,22.5,False,Pointer Move (Standard mouse)
1785569724.3163211,532,275,p1-block-3-trial-7-target-7,543.0,273.0,22.5,False,Pointer Move (Standard mouse)
1785569724.3249779,533,275,p1-block-3-trial-7-target-7,543.0,273.0,22.5,False,Pointer Move (Standard mouse)
1785569724.339637,533,275,p1-block-3-trial-7-target-7,543.0,273.0,22.5,False,Pointer Move (Standard mouse)
1785569724.375116,533,275,p1-block-3-trial-7-target-7,543.0,273.0,22.5,False,Pointer Move (Standard mouse)
1785569724.4553778,533,275,p1-block-3-trial-7-target-7,543.0,273.0,22.5,target_selected,target_selected
1785569724.561712,533,276,p1-block-3-trial-8-target-3,897.0,627.0,22.5,False,Pointer Move (Standard mouse)
1785569724.571733,534,277,p1-block-3-trial-8-target-3,897.0,627.0,22.5,False,Pointer Move (Standard mouse)
1785569724.5782862,534,280,p1-block-3-trial-8-target-3,897.0,627.0,22.5,False,Pointer Move (Standard mouse)
1785569724.585967,535,282,p1-block-3-trial-8-target-3,897.0,627.0,22.5,False,Pointer Move (Standard mouse)
1785569724.595458,537,285,p1-block-3-trial-8-target-3,897.0,627.0,22.5,False,Pointer Move (Standard mouse)
1785569724.6023638,542,292,p1-block-3-trial-8-target-3,897.0,627.0,22.5,False,Pointer Move (Standard mouse)
1785569724.609461,548,301,p1-block-3-trial-8-target-3,897.0,627.0,22.5,False,Pointer Move (Standard mouse)
1785569724.6169012,550,303,p1-block-3-trial-8-target-3,897.0,627.0,22.5,False,Pointer Move (Standard mouse)
1785569724.625267,561,316,p1-block-3-trial-8-target-3,897.0,627.0,22.5,False,Pointer Move (Standard mouse)
1785569724.63148,571,329,p1-block-3-trial-8-target-3,897.0,627.0,22.5,False,Pointer Move (Standard mouse)
1785569724.640044,579,340,p1-block-3-trial-8-target-3,897.0,627.0,22.5,False,Pointer Move (Standard mouse)
1785569724.646919,596,360,p1-block-3-trial-8-target-3,897.0,627.0,22.5,False,Pointer Move (Standard mouse)
1785569724.654798,613,380,p1-block-3-trial-8-target-3,897.0,627.0,22.5,False,Pointer Move (Standard mouse)
1785569724.6620438,623,391,p1-block-3-trial-8-target-3,897.0,627.0,22.5,False,Pointer Move (Standard mouse)
1785569724.6694589,645,414,p1-block-3-trial-8-target-3,897.0,627.0,22.5,False,Pointer Move (Standard mouse)
1785569724.676975,663,433,p1-block-3-trial-8-target-3,897.0,627.0,22.5,False,Pointer Move (Standard mouse)
1785569724.682831,674,446,p1-block-3-trial-8-target-3,897.0,627.0,22.5,False,Pointer Move (Standard mouse)
1785569724.693643,696,469,p1-block-3-trial-8-target-3,897.0,627.0,22.5,False,Pointer Move (Standard mouse)
1785569724.6986299,713,483,p1-block-3-trial-8-target-3,897.0,627.0,22.5,False,Pointer Move (Standard mouse)
1785569724.708867,722,489,p1-block-3-trial-8-target-3,897.0,627.0,22.5,False,Pointer Move (Standard mouse)
1785569724.714932,735,499,p1-block-3-trial-8-target-3,897.0,627.0,22.5,False,Pointer Move (Standard mouse)
1785569724.722514,748,510,p1-block-3-trial-8-target-3,897.0,627.0,22.5,False,Pointer Move (Standard mouse)
1785569724.730012,754,517,p1-block-3-trial-8-target-3,897.0,627.0,22.5,False,Pointer Move (Standard mouse)
1785569724.736535,763,525,p1-block-3-trial-8-target-3,897.0,627.0,22.5,False,Pointer Move (Standard mouse)
1785569724.74502,769,531,p1-block-3-trial-8-target-3,897.0,627.0,22.5,False,Pointer Move (Standard mouse)
1785569724.751998,777,539,p1-block-3-trial-8-target-3,897.0,627.0,22.5,False,Pointer Move (Standard mouse)
1785569724.759427,786,545,p1-block-3-trial-8-target-3,897.0,627.0,22.5,False,Pointer Move (Standard mouse)
1785569724.766906,793,551,p1-block-3-trial-8-target-3,897.0,627.0,22.5,False,Pointer Move (Standard mouse)
1785569724.7728279,801,557,p1-block-3-trial-8-target-3,897.0,627.0,22.5,False,Pointer Move (Standard mouse)
1785569724.780558,803,560,p1-block-3-trial-8-target-3,897.0,627.0,22.5,False,Pointer Move (Standard mouse)
1785569724.7881322,814,566,p1-block-3-trial-8-target-3,897.0,627.0,22.5,False,Pointer Move (Standard mouse)
1785569724.79526,826,573,p1-block-3-trial-8-target-3,897.0,627.0,22.5,False,Pointer Move (Standard mouse)
1785569724.8024771,837,578,p1-block-3-trial-8-target-3,897.0,627.0,22.5,False,Pointer Move (Standard mouse)
1785569724.810634,842,582,p1-block-3-trial-8-target-3,897.0,627.0,22.5,False,Pointer Move (Standard mouse)
1785569724.817912,850,585,p1-block-3-trial-8-target-3,897.0,627.0,22.5,False,Pointer Move (Standard mouse)
1785569724.825218,855,588,p1-block-3-trial-8-target-3,897.0,627.0,22.5,False,Pointer Move (Standard mouse)
1785569724.832833,861,589,p1-block-3-trial-8-target-3,897.0,627.0,22.5,False,Pointer Move (Standard mouse)
1785569724.840441,861,590,p1-block-3-trial-8-target-3,897.0,627.0,22.5,False,Pointer Move (Standard mouse)
1785569724.8477619,863,591,p1-block-3-trial-8-target-3,897.0,627.0,22.5,False,Pointer Move (Standard mouse)
1785569724.855358,864,591,p1-block-3-trial-8-target-3,897.0,627.0,22.5,False,Pointer Move (Standard mouse)
1785569724.8629608,865,591,p1-block-3-trial-8-target-3,897.0,627.0,22.5,False,Pointer Move (Standard mouse)
1785569724.8705752,867,592,p1-block-3-trial-8-target-3,897.0,627.0,22.5,False,Pointer Move (Standard mouse)
1785569724.877988,867,592,p1-block-3-trial-8-target-3,897.0,627.0,22.5,False,Pointer Move (Standard mouse)
1785569724.885498,868,592,p1-block-3-trial-8-target-3,897.0,627.0,22.5,False,Pointer Move (Standard mouse)
1785569724.892969,871,593,p1-block-3-trial-8-target-3,897.0,627.0,22.5,False,Pointer Move (Standard mouse)
1785569724.900373,875,594,p1-block-3-trial-8-target-3,897.0,627.0,22.5,False,Pointer Move (Standard mouse)
1785569724.907837,882,597,p1-block-3-trial-8-target-3,897.0,627.0,22.5,False,Pointer Move (Standard mouse)
1785569724.9152331,887,600,p1-block-3-trial-8-target-3,897.0,627.0,22.5,False,Pointer Move (Standard mouse)
1785569724.922839,892,604,p1-block-3-trial-8-target-3,897.0,627.0,22.5,False,Pointer Move (Standard mouse)
1785569724.93058,897,607,p1-block-3-trial-8-target-3,897.0,627.0,22.5,False,Pointer Move (Standard mouse)
1785569724.938221,898,608,p1-block-3-trial-8-target-3,897.0,627.0,22.5,False,Pointer Move (Standard mouse)
1785569724.9449542,900,609,p1-block-3-trial-8-target-3,897.0,627.0,22.5,False,Pointer Move (Standard mouse)
1785569724.9532428,900,610,p1-block-3-trial-8-target-3,897.0,627.0,22.5,False,Pointer Move (Standard mouse)
1785569724.960373,900,610,p1-block-3-trial-8-target-3,897.0,627.0,22.5,False,Pointer Move (Standard mouse)
1785569724.967906,900,610,p1-block-3-trial-8-target-3,897.0,627.0,22.5,False,Pointer Move (Standard mouse)
1785569724.9758642,900,611,p1-block-3-trial-8-target-3,897.0,627.0,22.5,False,Pointer Move (Standard mouse)
1785569724.9833012,900,611,p1-block-3-trial-8-target-3,897.0,627.0,22.5,False,Pointer Move (Standard mouse)
1785569724.998451,900,612,p1-block-3-trial-8-target-3,897.0,627.0,22.5,False,Pointer Move (Standard mouse)
1785569725.013545,900,612,p1-block-3-trial-8-target-3,897.0,627.0,22.5,False,Pointer Move (Standard mouse)
1785569725.0207272,900,613,p1-block-3-trial-8-target-3,897.0,627.0,22.5,False,Pointer Move (Standard mouse)
1785569725.028278,901,613,p1-block-3-trial-8-target-3,897.0,627.0,22.5,False,Pointer Move (Standard mouse)
1785569725.0357602,901,613,p1-block-3-trial-8-target-3,897.0,627.0,22.5,False,Pointer Move (Standard mouse)
1785569725.0433862,901,613,p1-block-3-trial-8-target-3,897.0,627.0,22.5,False,Pointer Move (Standard mouse)
1785569725.057545,901,614,p1-block-3-trial-8-target-3,897.0,627.0,22.5,False,Pointer Move (Standard mouse)
1785569725.0649862,901,614,p1-block-3-trial-8-target-3,897.0,627.0,22.5,False,Pointer Move (Standard mouse)
1785569725.072542,901,615,p1-block-3-trial-8-target-3,897.0,627.0,22.5,False,Pointer Move (Standard mouse)
1785569725.080609,901,615,p1-block-3-trial-8-target-3,897.0,627.0,22.5,False,Pointer Move (Standard mouse)
1785569725.08856,901,616,p1-block-3-trial-8-target-3,897.0,627.0,22.5,False,Pointer Move (Standard mouse)
1785569725.095398,901,616,p1-block-3-trial-8-target-3,897.0,627.0,22.5,False,Pointer Move (Standard mouse)
1785569725.102303,901,616,p1-block-3-trial-8-target-3,897.0,627.0,22.5,False,Pointer Move (Standard mouse)
1785569725.1177118,901,617,p1-block-3-trial-8-target-3,897.0,627.0,22.5,False,Pointer Move (Standard mouse)
1785569725.125597,901,617,p1-block-3-trial-8-target-3,897.0,627.0,22.5,False,Pointer Move (Standard mouse)
1785569725.133106,901,617,p1-block-3-trial-8-target-3,897.0,627.0,22.5,False,Pointer Move (Standard mouse)
1785569725.140202,901,618,p1-block-3-trial-8-target-3,897.0,627.0,22.5,False,Pointer Move (Standard mouse)
1785569725.147944,901,618,p1-block-3-trial-8-target-3,897.0,627.0,22.5,False,Pointer Move (Standard mouse)
1785569725.1560051,901,618,p1-block-3-trial-8-target-3,897.0,627.0,22.5,False,Pointer Move (Standard mouse)
1785569725.163071,900,618,p1-block-3-trial-8-target-3,897.0,627.0,22.5,False,Pointer Move (Standard mouse)
1785569725.170401,900,619,p1-block-3-trial-8-target-3,897.0,627.0,22.5,False,Pointer Move (Standard mouse)
1785569725.217487,900,619,p1-block-3-trial-8-target-3,897.0,627.0,22.5,target_selected,target_selected
1785569725.3047838,900,619,p1-block-3-trial-9-target-7,543.0,273.0,22.5,False,Pointer Move (Standard mouse)
1785569725.314343,896,615,p1-block-3-trial-9-target-7,543.0,273.0,22.5,False,Pointer Move (Standard mouse)
1785569725.321791,893,612,p1-block-3-trial-9-target-7,543.0,273.0,22.5,False,Pointer Move (Standard mouse)
1785569725.329108,882,599,p1-block-3-trial-9-target-7,543.0,273.0,22.5,False,Pointer Move (Standard mouse)
1785569725.3371892,875,593,p1-block-3-trial-9-target-7,543.0,273.0,22.5,False,Pointer Move (Standard mouse)
1785569725.342859,863,585,p1-block-3-trial-9-target-7,543.0,273.0,22.5,False,Pointer Move (Standard mouse)
1785569725.349826,856,577,p1-block-3-trial-9-target-7,543.0,273.0,22.5,False,Pointer Move (Standard mouse)
1785569725.3578181,843,567,p1-block-3-trial-9-target-7,543.0,273.0,22.5,False,Pointer Move (Standard mouse)
1785569725.365815,821,547,p1-block-3-trial-9-target-7,543.0,273.0,22.5,False,Pointer Move (Standard mouse)
1785569725.372894,806,534,p1-block-3-trial-9-target-7,543.0,273.0,22.5,False,Pointer Move (Standard mouse)
1785569725.37995,797,526,p1-block-3-trial-9-target-7,543.0,273.0,22.5,False,Pointer Move (Standard mouse)
1785569725.38725,786,514,p1-block-3-trial-9-target-7,543.0,273.0,22.5,False,Pointer Move (Standard mouse)
1785569725.394746,777,508,p1-block-3-trial-9-target-7,543.0,273.0,22.5,False,Pointer Move (Standard mouse)
1785569725.402403,769,498,p1-block-3-trial-9-target-7,543.0,273.0,22.5,False,Pointer Move (Standard mouse)
1785569725.409961,762,492,p1-block-3-trial-9-target-7,543.0,273.0,22.5,False,Pointer Move (Standard mouse)
1785569725.417772,756,483,p1-block-3-trial-9-target-7,543.0,273.0,22.5,False,Pointer Move (Standard mouse)
1785569725.425364,749,473,p1-block-3-trial-9-target-7,543.0,273.0,22.5,False,Pointer Move (Standard mouse)
1785569725.432891,742,460,p1-block-3-trial-9-target-7,543.0,273.0,22.5,False,Pointer Move (Standard mouse)
1785569725.440524,734,448,p1-block-3-trial-9-target-7,543.0,273.0,22.5,False,Pointer Move (Standard mouse)
1785569725.4476328,719,426,p1-block-3-trial-9-target-7,543.0,273.0,22.5,False,Pointer Move (Standard mouse)
1785569725.455401,709,415,p1-block-3-trial-9-target-7,543.0,273.0,22.5,False,Pointer Move (Standard mouse)
1785569725.4631171,694,397,p1-block-3-trial-9-target-7,543.0,273.0,22.5,False,Pointer Move (Standard mouse)
1785569725.470685,684,386,p1-block-3-trial-9-target-7,543.0,273.0,22.5,False,Pointer Move (Standard mouse)
1785569725.478144,673,376,p1-block-3-trial-9-target-7,543.0,273.0,22.5,False,Pointer Move (Standard mouse)
1785569725.485496,652,359,p1-block-3-trial-9-target-7,543.0,273.0,22.5,False,Pointer Move (Standard mouse)
1785569725.4924648,641,350,p1-block-3-trial-9-target-7,543.0,273.0,22.5,False,Pointer Move (Standard mouse)
1785569725.500252,633,343,p1-block-3-trial-9-target-7,543.0,273.0,22.5,False,Pointer Move (Standard mouse)
1785569725.507773,624,335,p1-block-3-trial-9-target-7,543.0,273.0,22.5,False,Pointer Move (Standard mouse)
1785569725.51531,613,326,p1-block-3-trial-9-target-7,543.0,273.0,22.5,False,Pointer Move (Standard mouse)
1785569725.5231318,612,325,p1-block-3-trial-9-target-7,543.0,273.0,22.5,False,Pointer Move (Standard mouse)
1785569725.530781,609,321,p1-block-3-trial-9-target-7,543.0,273.0,22.5,False,Pointer Move (Standard mouse)
1785569725.5385332,609,321,p1-block-3-trial-9-target-7,543.0,273.0,22.5,False,Pointer Move (Standard mouse)
1785569725.545192,609,320,p1-block-3-trial-9-target-7,543.0,273.0,22.5,False,Pointer Move (Standard mouse)
1785569725.560819,608,320,p1-block-3-trial-9-target-7,543.0,273.0,22.5,False,Pointer Move (Standard mouse)
1785569725.586098,608,320,p1-block-3-trial-9-target-7,543.0,273.0,22.5,False,Pointer Move (Standard mouse)
1785569725.591978,608,320,p1-block-3-trial-9-target-7,543.0,273.0,22.5,False,Pointer Move (Standard mouse)
1785569725.6015801,608,319,p1-block-3-trial-9-target-7,543.0,273.0,22.5,False,Pointer Move (Standard mouse)
1785569725.606543,607,318,p1-block-3-trial-9-target-7,543.0,273.0,22.5,False,Pointer Move (Standard mouse)
1785569725.615736,607,318,p1-block-3-trial-9-target-7,543.0,273.0,22.5,False,Pointer Move (Standard mouse)
1785569725.623279,606,317,p1-block-3-trial-9-target-7,543.0,273.0,22.5,False,Pointer Move (Standard mouse)
1785569725.630762,606,317,p1-block-3-trial-9-target-7,543.0,273.0,22.5,False,Pointer Move (Standard mouse)
1785569725.639332,605,316,p1-block-3-trial-9-target-7,543.0,273.0,22.5,False,Pointer Move (Standard mouse)
1785569725.6432471,605,316,p1-block-3-trial-9-target-7,543.0,273.0,22.5,False,Pointer Move (Standard mouse)
1785569725.650581,605,315,p1-block-3-trial-9-target-7,543.0,273.0,22.5,False,Pointer Move (Standard mouse)
1785569725.6588092,604,314,p1-block-3-trial-9-target-7,543.0,273.0,22.5,False,Pointer Move (Standard mouse)
1785569725.667994,604,313,p1-block-3-trial-9-target-7,543.0,273.0,22.5,False,Pointer Move (Standard mouse)
1785569725.673339,603,313,p1-block-3-trial-9-target-7,543.0,273.0,22.5,False,Pointer Move (Standard mouse)
1785569725.680863,603,312,p1-block-3-trial-9-target-7,543.0,273.0,22.5,False,Pointer Move (Standard mouse)
1785569725.688003,602,312,p1-block-3-trial-9-target-7,543.0,273.0,22.5,False,Pointer Move (Standard mouse)
1785569725.6964202,601,311,p1-block-3-trial-9-target-7,543.0,273.0,22.5,False,Pointer Move (Standard mouse)
1785569725.704035,600,311,p1-block-3-trial-9-target-7,543.0,273.0,22.5,False,Pointer Move (Standard mouse)
1785569725.711908,596,308,p1-block-3-trial-9-target-7,543.0,273.0,22.5,False,Pointer Move (Standard mouse)
1785569725.7187169,591,305,p1-block-3-trial-9-target-7,543.0,273.0,22.5,False,Pointer Move (Standard mouse)
1785569725.725253,584,300,p1-block-3-trial-9-target-7,543.0,273.0,22.5,False,Pointer Move (Standard mouse)
1785569725.733759,581,298,p1-block-3-trial-9-target-7,543.0,273.0,22.5,False,Pointer Move (Standard mouse)
1785569725.7409952,568,288,p1-block-3-trial-9-target-7,543.0,273.0,22.5,False,Pointer Move (Standard mouse)
1785569725.748278,555,281,p1-block-3-trial-9-target-7,543.0,273.0,22.5,False,Pointer Move (Standard mouse)
1785569725.755605,548,275,p1-block-3-trial-9-target-7,543.0,273.0,22.5,False,Pointer Move (Standard mouse)
1785569725.763572,541,270,p1-block-3-trial-9-target-7,543.0,273.0,22.5,False,Pointer Move (Standard mouse)
1785569725.771878,535,266,p1-block-3-trial-9-target-7,543.0,273.0,22.5,False,Pointer Move (Standard mouse)
1785569725.77874,531,262,p1-block-3-trial-9-target-7,543.0,273.0,22.5,False,Pointer Move (Standard mouse)
1785569725.785781,527,259,p1-block-3-trial-9-target-7,543.0,273.0,22.5,False,Pointer Move (Standard mouse)
1785569725.793776,526,258,p1-block-3-trial-9-target-7,543.0,273.0,22.5,False,Pointer Move (Standard mouse)
1785569725.8014872,525,257,p1-block-3-trial-9-target-7,543.0,273.0,22.5,False,Pointer Move (Standard mouse)
1785569725.808746,525,256,p1-block-3-trial-9-target-7,543.0,273.0,22.5,False,Pointer Move (Standard mouse)
1785569725.8231628,525,256,p1-block-3-trial-9-target-7,543.0,273.0,22.5,False,Pointer Move (Standard mouse)
1785569725.867788,525,256,p1-block-3-trial-9-target-7,543.0,273.0,22.5,False,Pointer Move (Standard mouse)
1785569726.148051,525,256,p1-block-3-trial-9-target-7,543.0,273.0,22.5,False,Pointer Move (Standard mouse)
1785569726.153632,525,256,p1-block-3-trial-9-target-7,543.0,273.0,22.5,False,Pointer Move (Standard mouse)
1785569726.1628642,527,260,p1-block-3-trial-9-target-7,543.0,273.0,22.5,False,Pointer Move (Standard mouse)
1785569726.171013,530,265,p1-block-3-trial-9-target-7,543.0,273.0,22.5,False,Pointer Move (Standard mouse)
1785569726.1778371,536,271,p1-block-3-trial-9-target-7,543.0,273.0,22.5,False,Pointer Move (Standard mouse)
1785569726.185994,542,280,p1-block-3-trial-9-target-7,543.0,273.0,22.5,False,Pointer Move (Standard mouse)
1785569726.194082,547,286,p1-block-3-trial-9-target-7,543.0,273.0,22.5,False,Pointer Move (Standard mouse)
1785569726.200532,558,299,p1-block-3-trial-9-target-7,543.0,273.0,22.5,False,Pointer Move (Standard mouse)
1785569726.2070138,573,313,p1-block-3-trial-9-target-7,543.0,273.0,22.5,False,Pointer Move (Standard mouse)
1785569726.217152,588,327,p1-block-3-trial-9-target-7,543.0,273.0,22.5,False,Pointer Move (Standard mouse)
1785569726.221447,608,342,p1-block-3-trial-9-target-7,543.0,273.0,22.5,False,Pointer Move (Standard mouse)
1785569726.2303889,619,353,p1-block-3-trial-9-target-7,543.0,273.0,22.5,False,Pointer Move (Standard mouse)
1785569726.237826,641,370,p1-block-3-trial-9-target-7,543.0,273.0,22.5,False,Pointer Move (Standard mouse)
1785569726.246793,662,389,p1-block-3-trial-9-target-7,543.0,273.0,22.5,False,Pointer Move (Standard mouse)
1785569726.252096,686,407,p1-block-3-trial-9-target-7,543.0,273.0,22.5,False,Pointer Move (Standard mouse)
1785569726.2698,713,432,p1-block-3-trial-9-target-7,543.0,273.0,22.5,False,Pointer Move (Standard mouse)
1785569726.273577,733,449,p1-block-3-trial-9-target-7,543.0,273.0,22.5,False,Pointer Move (Standard mouse)
1785569726.284121,749,462,p1-block-3-trial-9-target-7,543.0,273.0,22.5,False,Pointer Move (Standard mouse)
1785569726.29054,764,477,p1-block-3-trial-9-target-7,543.0,273.0,22.5,False,Pointer Move (Standard mouse)
1785569726.296928,776,488,p1-block-3-trial-9-target-7,543.0,273.0,22.5,False,Pointer Move (Standard mouse)
1785569726.3059819,792,503,p1-block-3-trial-9-target-7,543.0,273.0,22.5,False,Pointer Move (Standard mouse)
1785569726.3143601,804,516,p1-block-3-trial-9-target-7,543.0,273.0,22.5,False,Pointer Move (Standard mouse)
1785569726.3201752,810,522,p1-block-3-trial-9-target-7,543.0,273.0,22.5,False,Pointer Move (Standard mouse)
1785569726.3255439,816,528,p1-block-3-trial-9-target-7,543.0,273.0,22.5,False,Pointer Move (Standard mouse)
1785569726.3341901,820,534,p1-block-3-trial-9-target-7,543.0,273.0,22.5,False,Pointer Move (Standard mouse)
1785569726.3421881,823,539,p1-block-3-trial-9-target-7,543.0,273.0,22.5,False,Pointer Move (Standard mouse)
1785569726.348086,828,547,p1-block-3-trial-9-target-7,543.0,273.0,22.5,False,Pointer Move (Standard mouse)
1785569726.356877,829,547,p1-block-3-trial-9-target-7,543.0,273.0,22.5,False,Pointer Move (Standard mouse)
1785569726.365206,832,552,p1-block-3-trial-9-target-7,543.0,273.0,22.5,False,Pointer Move (Standard mouse)
1785569726.372926,835,556,p1-block-3-trial-9-target-7,543.0,273.0,22.5,False,Pointer Move (Standard mouse)
1785569726.382736,838,559,p1-block-3-trial-9-target-7,543.0,273.0,22.5,False,Pointer Move (Standard mouse)
1785569726.387172,841,564,p1-block-3-trial-9-target-7,543.0,273.0,22.5,False,Pointer Move (Standard mouse)
1785569726.393894,845,570,p1-block-3-trial-9-target-7,543.0,273.0,22.5,False,Pointer Move (Standard mouse)
1785569726.4023402,849,576,p1-block-3-trial-9-target-7,543.0,273.0,22.5,False,Pointer Move (Standard mouse)
1785569726.4088662,853,582,p1-block-3-trial-9-target-7,543.0,273.0,22.5,False,Pointer Move (Standard mouse)
1785569726.417163,858,588,p1-block-3-trial-9-target-7,543.0,273.0,22.5,False,Pointer Move (Standard mouse)
1785569726.424429,861,592,p1-block-3-trial-9-target-7,543.0,273.0,22.5,False,Pointer Move (Standard mouse)
1785569726.432707,867,598,p1-block-3-trial-9-target-7,543.0,273.0,22.5,False,Pointer Move (Standard mouse)
1785569726.44011,871,602,p1-block-3-trial-9-target-7,543.0,273.0,22.5,False,Pointer Move (Standard mouse)
1785569726.447219,873,605,p1-block-3-trial-9-target-7,543.0,273.0,22.5,False,Pointer Move (Standard mouse)
1785569726.454675,874,605,p1-block-3-trial-9-target-7,543.0,273.0,22.5,False,Pointer Move (Standard mouse)
1785569726.461922,874,606,p1-block-3-trial-9-target-7,543.0,273.0,22.5,False,Pointer Move (Standard mouse)
1785569726.470169,875,607,p1-block-3-trial-9-target-7,543.0,273.0,22.5,False,Pointer Move (Standard mouse)
1785569726.4852,875,607,p1-block-3-trial-9-target-7,543.0,273.0,22.5,False,Pointer Move (Standard mouse)
1785569726.500601,875,607,p1-block-3-trial-9-target-7,543.0,273.0,22.5,False,Pointer Move (Standard mouse)
1785569726.507589,876,607,p1-block-3-trial-9-target-7,543.0,273.0,22.5,False,Pointer Move (Standard mouse)
1785569726.513807,877,608,p1-block-3-trial-9-target-7,543.0,273.0,22.5,False,Pointer Move (Standard mouse)
1785569726.5225651,877,608,p1-block-3-trial-9-target-7,543.0,273.0,22.5,False,Pointer Move (Standard mouse)
1785569726.528041,878,608,p1-block-3-trial-9-target-7,543.0,273.0,22.5,False,Pointer Move (Standard mouse)
1785569726.5375302,878,608,p1-block-3-trial-9-target-7,543.0,273.0,22.5,False,Pointer Move (Standard mouse)
1785569726.5434911,878,608,p1-block-3-trial-9-target-7,543.0,273.0,22.5,False,Pointer Move (Standard mouse)
1785569726.552191,879,608,p1-block-3-trial-9-target-7,543.0,273.0,22.5,False,Pointer Move (Standard mouse)
1785569726.568513,879,609,p1-block-3-trial-9-target-7,543.0,273.0,22.5,False,Pointer Move (Standard mouse)
1785569726.5810938,879,609,p1-block-3-trial-9-target-7,543.0,273.0,22.5,False,Pointer Move (Standard mouse)
1785569726.5968719,880,609,p1-block-3-trial-9-target-7,543.0,273.0,22.5,False,Pointer Move (Standard mouse)
1785569726.605112,880,609,p1-block-3-trial-9-target-7,543.0,273.0,22.5,False,Pointer Move (Standard mouse)
1785569726.6132832,881,610,p1-block-3-trial-9-target-7,543.0,273.0,22.5,False,Pointer Move (Standard mouse)
1785569726.620667,882,611,p1-block-3-trial-9-target-7,543.0,273.0,22.5,False,Pointer Move (Standard mouse)
1785569726.628126,883,612,p1-block-3-trial-9-target-7,543.0,273.0,22.5,False,Pointer Move (Standard mouse)
1785569726.634235,884,613,p1-block-3-trial-9-target-7,543.0,273.0,22.5,False,Pointer Move (Standard mouse)
1785569726.64176,887,615,p1-block-3-trial-9-target-7,543.0,273.0,22.5,False,Pointer Move (Standard mouse)
1785569726.648627,891,619,p1-block-3-trial-9-target-7,543.0,273.0,22.5,False,Pointer Move (Standard mouse)
1785569726.656241,895,623,p1-block-3-trial-9-target-7,543.0,273.0,22.5,False,Pointer Move (Standard mouse)
1785569726.663608,899,627,p1-block-3-trial-9-target-7,543.0,273.0,22.5,False,Pointer Move (Standard mouse)
1785569726.671037,900,628,p1-block-3-trial-9-target-7,543.0,273.0,22.5,False,Pointer Move (Standard mouse)
1785569726.678668,901,628,p1-block-3-trial-9-target-7,543.0,273.0,22.5,False,Pointer Move (Standard mouse)
1785569726.6860778,901,629,p1-block-3-trial-9-target-7,543.0,273.0,22.5,False,Pointer Move (Standard mouse)
1785569726.694968,901,629,p1-block-3-trial-9-target-7,543.0,273.0,22.5,False,Pointer Move (Standard mouse)
1785569726.711872,901,629,p1-block-3-trial-9-target-7,543.0,273.0,22.5,False,Pointer Move (Standard mouse)
1785569726.723213,901,630,p1-block-3-trial-9-target-7,543.0,273.0,22.5,False,Pointer Move (Standard mouse)
1785569726.761537,901,630,p1-block-3-trial-9-target-7,543.0,273.0,22.5,False,Pointer Move (Standard mouse)
1785569726.76854,901,630,p1-block-3-trial-9-target-7,543.0,273.0,22.5,False,Pointer Move (Standard mouse)
1785569726.776269,901,630,p1-block-3-trial-9-target-7,543.0,273.0,22.5,False,Pointer Move (Standard mouse)
1785569726.791646,901,631,p1-block-3-trial-9-target-7,543.0,273.0,22.5,False,Pointer Move (Standard mouse)
1785569726.852198,901,631,p1-block-3-trial-9-target-7,543.0,273.0,22.5,False,Pointer Move (Standard mouse)
1785569726.85868,900,631,p1-block-3-trial-9-target-7,543.0,273.0,22.5,False,Pointer Move (Standard mouse)
1785569726.866102,894,626,p1-block-3-trial-9-target-7,543.0,273.0,22.5,False,Pointer Move (Standard mouse)
1785569726.8736699,887,620,p1-block-3-trial-9-target-7,543.0,273.0,22.5,False,Pointer Move (Standard mouse)
1785569726.8811789,881,616,p1-block-3-trial-9-target-7,543.0,273.0,22.5,False,Pointer Move (Standard mouse)
1785569726.8880901,867,604,p1-block-3-trial-9-target-7,543.0,273.0,22.5,False,Pointer Move (Standard mouse)
1785569726.896105,852,589,p1-block-3-trial-9-target-7,543.0,273.0,22.5,False,Pointer Move (Standard mouse)
1785569726.903712,828,564,p1-block-3-trial-9-target-7,543.0,273.0,22.5,False,Pointer Move (Standard mouse)
1785569726.917793,810,539,p1-block-3-trial-9-target-7,543.0,273.0,22.5,False,Pointer Move (Standard mouse)
1785569726.921705,793,519,p1-block-3-trial-9-target-7,543.0,273.0,22.5,False,Pointer Move (Standard mouse)
1785569726.9255319,746,468,p1-block-3-trial-9-target-7,543.0,273.0,22.5,False,Pointer Move (Standard mouse)
1785569726.9342148,722,446,p1-block-3-trial-9-target-7,543.0,273.0,22.5,False,Pointer Move (Standard mouse)
1785569726.9410062,704,429,p1-block-3-trial-9-target-7,543.0,273.0,22.5,False,Pointer Move (Standard mouse)
1785569726.947878,673,399,p1-block-3-trial-9-target-7,543.0,273.0,22.5,False,Pointer Move (Standard mouse)
1785569726.955241,651,376,p1-block-3-trial-9-target-7,543.0,273.0,22.5,False,Pointer Move (Standard mouse)
1785569726.96267,629,352,p1-block-3-trial-9-target-7,543.0,273.0,22.5,False,Pointer Move (Standard mouse)
1785569726.970145,609,329,p1-block-3-trial-9-target-7,543.0,273.0,22.5,False,Pointer Move (Standard mouse)
1785569726.978241,599,320,p1-block-3-trial-9-target-7,543.0,273.0,22.5,False,Pointer Move (Standard mouse)
1785569726.985694,582,295,p1-block-3-trial-9-target-7,543.0,273.0,22.5,False,Pointer Move (Standard mouse)
1785569726.993531,574,282,p1-block-3-trial-9-target-7,543.0,273.0,22.5,False,Pointer Move (Standard mouse)
1785569727.001045,562,259,p1-block-3-trial-9-target-7,543.0,273.0,22.5,False,Pointer Move (Standard mouse)
1785569727.007859,560,254,p1-block-3-trial-9-target-7,543.0,273.0,22.5,False,Pointer Move (Standard mouse)
1785569727.0154638,556,247,p1-block-3-trial-9-target-7,543.0,273.0,22.5,False,Pointer Move (Standard mouse)
1785569727.023036,556,246,p1-block-3-trial-9-target-7,543.0,273.0,22.5,False,Pointer Move (Standard mouse)
1785569727.0310242,555,245,p1-block-3-trial-9-target-7,543.0,273.0,22.5,False,Pointer Move (Standard mouse)
1785569727.038698,555,245,p1-block-3-trial-9-target-7,543.0,273.0,22.5,False,Pointer Move (Standard mouse)
1785569727.046052,555,244,p1-block-3-trial-9-target-7,543.0,273.0,22.5,False,Pointer Move (Standard mouse)
1785569727.053609,555,243,p1-block-3-trial-9-target-7,543.0,273.0,22.5,False,Pointer Move (Standard mouse)
1785569727.061132,555,243,p1-block-3-trial-9-target-7,543.0,273.0,22.5,False,Pointer Move (Standard mouse)
1785569727.0860748,555,242,p1-block-3-trial-9-target-7,543.0,273.0,22.5,False,Pointer Move (Standard mouse)
1785569727.0920372,554,242,p1-block-3-trial-9-target-7,543.0,273.0,22.5,False,Pointer Move (Standard mouse)
1785569727.100267,554,242,p1-block-3-trial-9-target-7,543.0,273.0,22.5,False,Pointer Move (Standard mouse)
1785569727.20325,554,242,p1-block-3-trial-9-target-7,543.0,273.0,22.5,False,Pointer Move (Standard mouse)
1785569727.228157,553,242,p1-block-3-trial-9-target-7,543.0,273.0,22.5,False,Pointer Move (Standard mouse)
1785569727.2350929,553,242,p1-block-3-trial-9-target-7,543.0,273.0,22.5,False,Pointer Move (Standard mouse)
1785569727.241628,552,242,p1-block-3-trial-9-target-7,543.0,273.0,22.5,False,Pointer Move (Standard mouse)
1785569727.2494211,552,242,p1-block-3-trial-9-target-7,543.0,273.0,22.5,False,Pointer Move (Standard mouse)
1785569727.2556212,551,243,p1-block-3-trial-9-target-7,543.0,273.0,22.5,False,Pointer Move (Standard mouse)
1785569727.2640011,550,244,p1-block-3-trial-9-target-7,543.0,273.0,22.5,False,Pointer Move (Standard mouse)
1785569727.271219,550,245,p1-block-3-trial-9-target-7,543.0,273.0,22.5,False,Pointer Move (Standard mouse)
1785569727.2784371,549,245,p1-block-3-trial-9-target-7,543.0,273.0,22.5,False,Pointer Move (Standard mouse)
1785569727.285631,549,249,p1-block-3-trial-9-target-7,543.0,273.0,22.5,False,Pointer Move (Standard mouse)
1785569727.2926369,548,252,p1-block-3-trial-9-target-7,543.0,273.0,22.5,False,Pointer Move (Standard mouse)
1785569727.300768,547,255,p1-block-3-trial-9-target-7,543.0,273.0,22.5,False,Pointer Move (Standard mouse)
1785569727.307589,547,256,p1-block-3-trial-9-target-7,543.0,273.0,22.5,False,Pointer Move (Standard mouse)
1785569727.315549,546,258,p1-block-3-trial-9-target-7,543.0,273.0,22.5,False,Pointer Move (Standard mouse)
1785569727.322952,546,258,p1-block-3-trial-9-target-7,543.0,273.0,22.5,False,Pointer Move (Standard mouse)
1785569727.330146,546,260,p1-block-3-trial-9-target-7,543.0,273.0,22.5,False,Pointer Move (Standard mouse)
1785569727.337527,546,260,p1-block-3-trial-9-target-7,543.0,273.0,22.5,False,Pointer Move (Standard mouse)
1785569727.346211,546,261,p1-block-3-trial-9-target-7,543.0,273.0,22.5,False,Pointer Move (Standard mouse)
1785569727.352839,546,261,p1-block-3-trial-9-target-7,543.0,273.0,22.5,False,Pointer Move (Standard mouse)
1785569727.360734,546,261,p1-block-3-trial-9-target-7,543.0,273.0,22.5,False,Pointer Move (Standard mouse)
1785569727.40718,546,262,p1-block-3-trial-9-target-7,543.0,273.0,22.5,False,Pointer Move (Standard mouse)
1785569727.430285,546,262,p1-block-3-trial-9-target-7,543.0,273.0,22.5,False,Pointer Move (Standard mouse)
1785569727.456157,546,262,p1-block-3-trial-9-target-7,543.0,273.0,22.5,False,Pointer Move (Standard mouse)
1785569727.458976,546,263,p1-block-3-trial-9-target-7,543.0,273.0,22.5,False,Pointer Move (Standard mouse)
1785569727.482872,546,263,p1-block-3-trial-9-target-7,543.0,273.0,22.5,target_selected,target_selected
1785569727.4908779,546,263,p1-block-3-trial-10-target-3,897.0,627.0,22.5,False,Pointer Move (Standard mouse)
1785569727.581613,546,264,p1-block-3-trial-10-target-3,897.0,627.0,22.5,False,Pointer Move (Standard mouse)
1785569727.587289,546,264,p1-block-3-trial-10-target-3,897.0,627.0,22.5,False,Pointer Move (Standard mouse)
1785569727.596286,546,265,p1-block-3-trial-10-target-3,897.0,627.0,22.5,False,Pointer Move (Standard mouse)
1785569727.601413,546,265,p1-block-3-trial-10-target-3,897.0,627.0,22.5,False,Pointer Move (Standard mouse)
1785569727.609728,546,265,p1-block-3-trial-10-target-3,897.0,627.0,22.5,False,Pointer Move (Standard mouse)
1785569727.617471,546,266,p1-block-3-trial-10-target-3,897.0,627.0,22.5,False,Pointer Move (Standard mouse)
1785569727.625964,547,267,p1-block-3-trial-10-target-3,897.0,627.0,22.5,False,Pointer Move (Standard mouse)
1785569727.632816,548,269,p1-block-3-trial-10-target-3,897.0,627.0,22.5,False,Pointer Move (Standard mouse)
1785569727.64005,551,273,p1-block-3-trial-10-target-3,897.0,627.0,22.5,False,Pointer Move (Standard mouse)
1785569727.647261,555,279,p1-block-3-trial-10-target-3,897.0,627.0,22.5,False,Pointer Move (Standard mouse)
1785569727.6538959,560,284,p1-block-3-trial-10-target-3,897.0,627.0,22.5,False,Pointer Move (Standard mouse)
1785569727.661039,566,292,p1-block-3-trial-10-target-3,897.0,627.0,22.5,False,Pointer Move (Standard mouse)
1785569727.6683981,574,301,p1-block-3-trial-10-target-3,897.0,627.0,22.5,False,Pointer Move (Standard mouse)
1785569727.675204,578,305,p1-block-3-trial-10-target-3,897.0,627.0,22.5,False,Pointer Move (Standard mouse)
1785569727.683712,592,321,p1-block-3-trial-10-target-3,897.0,627.0,22.5,False,Pointer Move (Standard mouse)
1785569727.690513,600,331,p1-block-3-trial-10-target-3,897.0,627.0,22.5,False,Pointer Move (Standard mouse)
1785569727.6980789,609,344,p1-block-3-trial-10-target-3,897.0,627.0,22.5,False,Pointer Move (Standard mouse)
1785569727.705732,621,358,p1-block-3-trial-10-target-3,897.0,627.0,22.5,False,Pointer Move (Standard mouse)
1785569727.713634,634,374,p1-block-3-trial-10-target-3,897.0,627.0,22.5,False,Pointer Move (Standard mouse)
1785569727.721086,648,391,p1-block-3-trial-10-target-3,897.0,627.0,22.5,False,Pointer Move (Standard mouse)
1785569727.728778,670,411,p1-block-3-trial-10-target-3,897.0,627.0,22.5,False,Pointer Move (Standard mouse)
1785569727.736193,681,421,p1-block-3-trial-10-target-3,897.0,627.0,22.5,False,Pointer Move (Standard mouse)
1785569727.743307,703,441,p1-block-3-trial-10-target-3,897.0,627.0,22.5,False,Pointer Move (Standard mouse)
1785569727.7504058,719,456,p1-block-3-trial-10-target-3,897.0,627.0,22.5,False,Pointer Move (Standard mouse)
1785569727.758168,732,469,p1-block-3-trial-10-target-3,897.0,627.0,22.5,False,Pointer Move (Standard mouse)
1785569727.765602,755,489,p1-block-3-trial-10-target-3,897.0,627.0,22.5,False,Pointer Move (Standard mouse)
1785569727.7731159,774,507,p1-block-3-trial-10-target-3,897.0,627.0,22.5,False,Pointer Move (Standard mouse)
1785569727.780756,788,521,p1-block-3-trial-10-target-3,897.0,627.0,22.5,False,Pointer Move (Standard mouse)
1785569727.788378,801,532,p1-block-3-trial-10-target-3,897.0,627.0,22.5,False,Pointer Move (Standard mouse)
1785569727.796428,812,542,p1-block-3-trial-10-target-3,897.0,627.0,22.5,False,Pointer Move (Standard mouse)
1785569727.8031948,820,548,p1-block-3-trial-10-target-3,897.0,627.0,22.5,False,Pointer Move (Standard mouse)
1785569727.811358,829,554,p1-block-3-trial-10-target-3,897.0,627.0,22.5,False,Pointer Move (Standard mouse)
1785569727.819144,836,559,p1-block-3-trial-10-target-3,897.0,627.0,22.5,False,Pointer Move (Standard mouse)
1785569727.8256488,841,562,p1-block-3-trial-10-target-3,897.0,627.0,22.5,False,Pointer Move (Standard mouse)
1785569727.833719,842,563,p1-block-3-trial-10-target-3,897.0,627.0,22.5,False,Pointer Move (Standard mouse)
1785569727.841465,843,564,p1-block-3-trial-10-target-3,897.0,627.0,22.5,False,Pointer Move (Standard mouse)
1785569727.8493629,845,565,p1-block-3-trial-10-target-3,897.0,627.0,22.5,False,Pointer Move (Standard mouse)
1785569727.856173,846,565,p1-block-3-trial-10-target-3,897.0,627.0,22.5,False,Pointer Move (Standard mouse)
1785569727.863629,846,566,p1-block-3-trial-10-target-3,897.0,627.0,22.5,False,Pointer Move (Standard mouse)
1785569727.8710752,847,566,p1-block-3-trial-10-target-3,897.0,627.0,22.5,False,Pointer Move (Standard mouse)
1785569727.878749,847,566,p1-block-3-trial-10-target-3,897.0,627.0,22.5,False,Pointer Move (Standard mouse)
1785569727.894206,847,567,p1-block-3-trial-10-target-3,897.0,627.0,22.5,False,Pointer Move (Standard mouse)
1785569727.9011042,847,567,p1-block-3-trial-10-target-3,897.0,627.0,22.5,False,Pointer Move (Standard mouse)
1785569727.9099588,848,567,p1-block-3-trial-10-target-3,897.0,627.0,22.5,False,Pointer Move (Standard mouse)
1785569727.916675,850,568,p1-block-3-trial-10-target-3,897.0,627.0,22.5,False,Pointer Move (Standard mouse)
1785569727.9234471,850,569,p1-block-3-trial-10-target-3,897.0,627.0,22.5,False,Pointer Move (Standard mouse)
1785569727.930624,854,572,p1-block-3-trial-10-target-3,897.0,627.0,22.5,False,Pointer Move (Standard mouse)
1785569727.9390268,861,574,p1-block-3-trial-10-target-3,897.0,627.0,22.5,False,Pointer Move (Standard mouse)
1785569727.9457018,867,579,p1-block-3-trial-10-target-3,897.0,627.0,22.5,False,Pointer Move (Standard mouse)
1785569727.954632,868,579,p1-block-3-trial-10-target-3,897.0,627.0,22.5,False,Pointer Move (Standard mouse)
1785569727.9620008,869,580,p1-block-3-trial-10-target-3,897.0,627.0,22.5,False,Pointer Move (Standard mouse)
1785569727.968837,871,581,p1-block-3-trial-10-target-3,897.0,627.0,22.5,False,Pointer Move (Standard mouse)
1785569727.976193,871,582,p1-block-3-trial-10-target-3,897.0,627.0,22.5,False,Pointer Move (Standard mouse)
1785569727.984084,872,582,p1-block-3-trial-10-target-3,897.0,627.0,22.5,False,Pointer Move (Standard mouse)
1785569727.99171,872,582,p1-block-3-trial-10-target-3,897.0,627.0,22.5,False,Pointer Move (Standard mouse)
1785569728.01316,872,583,p1-block-3-trial-10-target-3,897.0,627.0,22.5,False,Pointer Move (Standard mouse)
1785569728.023772,872,583,p1-block-3-trial-10-target-3,897.0,627.0,22.5,False,Pointer Move (Standard mouse)
1785569728.0281658,872,583,p1-block-3-trial-10-target-3,897.0,627.0,22.5,False,Pointer Move (Standard mouse)
1785569728.0356941,872,584,p1-block-3-trial-10-target-3,897.0,627.0,22.5,False,Pointer Move (Standard mouse)
1785569728.048952,873,584,p1-block-3-trial-10-target-3,897.0,627.0,22.5,False,Pointer Move (Standard mouse)
1785569728.050123,874,586,p1-block-3-trial-10-target-3,897.0,627.0,22.5,False,Pointer Move (Standard mouse)
1785569728.057764,875,589,p1-block-3-trial-10-target-3,897.0,627.0,22.5,False,Pointer Move (Standard mouse)
1785569728.065423,878,592,p1-block-3-trial-10-target-3,897.0,627.0,22.5,False,Pointer Move (Standard mouse)
1785569728.072875,879,595,p1-block-3-trial-10-target-3,897.0,627.0,22.5,False,Pointer Move (Standard mouse)
1785569728.0806122,883,600,p1-block-3-trial-10-target-3,897.0,627.0,22.5,False,Pointer Move (Standard mouse)
1785569728.087876,883,602,p1-block-3-trial-10-target-3,897.0,627.0,22.5,False,Pointer Move (Standard mouse)
1785569728.095505,884,603,p1-block-3-trial-10-target-3,897.0,627.0,22.5,False,Pointer Move (Standard mouse)
1785569728.102496,885,605,p1-block-3-trial-10-target-3,897.0,627.0,22.5,False,Pointer Move (Standard mouse)
1785569728.110368,885,606,p1-block-3-trial-10-target-3,897.0,627.0,22.5,False,Pointer Move (Standard mouse)
1785569728.118142,885,606,p1-block-3-trial-10-target-3,897.0,627.0,22.5,False,Pointer Move (Standard mouse)
1785569728.125676,886,607,p1-block-3-trial-10-target-3,897.0,627.0,22.5,False,Pointer Move (Standard mouse)
1785569728.13375,886,609,p1-block-3-trial-10-target-3,897.0,627.0,22.5,False,Pointer Move (Standard mouse)
1785569728.140704,886,609,p1-block-3-trial-10-target-3,897.0,627.0,22.5,False,Pointer Move (Standard mouse)
1785569728.1488938,887,610,p1-block-3-trial-10-target-3,897.0,627.0,22.5,False,Pointer Move (Standard mouse)
1785569728.156087,887,611,p1-block-3-trial-10-target-3,897.0,627.0,22.5,False,Pointer Move (Standard mouse)
1785569728.1639209,888,611,p1-block-3-trial-10-target-3,897.0,627.0,22.5,False,Pointer Move (Standard mouse)
1785569728.171123,888,611,p1-block-3-trial-10-target-3,897.0,627.0,22.5,False,Pointer Move (Standard mouse)
1785569728.1796422,888,612,p1-block-3-trial-10-target-3,897.0,627.0,22.5,False,Pointer Move (Standard mouse)
1785569728.185271,889,613,p1-block-3-trial-10-target-3,897.0,627.0,22.5,False,Pointer Move (Standard mouse)
1785569728.202792,889,613,p1-block-3-trial-10-target-3,897.0,627.0,22.5,False,Pointer Move (Standard mouse)
1785569728.216397,889,613,p1-block-3-trial-10-target-3,897.0,627.0,22.5,False,Pointer Move (Standard mouse)
1785569728.223117,889,614,p1-block-3-trial-10-target-3,897.0,627.0,22.5,False,Pointer Move (Standard mouse)
1785569728.24634,890,614,p1-block-3-trial-10-target-3,897.0,627.0,22.5,False,Pointer Move (Standard mouse)
1785569728.253654,890,614,p1-block-3-trial-10-target-3,897.0,627.0,22.5,False,Pointer Move (Standard mouse)
1785569728.260653,890,614,p1-block-3-trial-10-target-3,897.0,627.0,22.5,False,Pointer Move (Standard mouse)
1785569728.267755,890,615,p1-block-3-trial-10-target-3,897.0,627.0,22.5,False,Pointer Move (Standard mouse)
1785569728.275136,890,615,p1-block-3-trial-10-target-3,897.0,627.0,22.5,False,Pointer Move (Standard mouse)
1785569728.2832,890,615,p1-block-3-trial-10-target-3,897.0,627.0,22.5,False,Pointer Move (Standard mouse)
1785569728.298485,890,616,p1-block-3-trial-10-target-3,897.0,627.0,22.5,False,Pointer Move (Standard mouse)
1785569728.305656,890,616,p1-block-3-trial-10-target-3,897.0,627.0,22.5,False,Pointer Move (Standard mouse)
1785569728.312665,891,616,p1-block-3-trial-10-target-3,897.0,627.0,22.5,False,Pointer Move (Standard mouse)
1785569728.327793,891,617,p1-block-3-trial-10-target-3,897.0,627.0,22.5,False,Pointer Move (Standard mouse)
1785569728.350927,891,617,p1-block-3-trial-10-target-3,897.0,627.0,22.5,target_selected,target_selected
1785569728.362845,891,617,p1-block-3-trial-11-target-7,543.0,273.0,22.5,False,Pointer Move (Standard mouse)
1785569728.486306,891,616,p1-block-3-trial-11-target-7,543.0,273.0,22.5,False,Pointer Move (Standard mouse)
1785569728.494221,890,616,p1-block-3-trial-11-target-7,543.0,273.0,22.5,False,Pointer Move (Standard mouse)
1785569728.501024,886,610,p1-block-3-trial-11-target-7,543.0,273.0,22.5,False,Pointer Move (Standard mouse)
1785569728.509333,881,605,p1-block-3-trial-11-target-7,543.0,273.0,22.5,False,Pointer Move (Standard mouse)
1785569728.5183392,875,597,p1-block-3-trial-11-target-7,543.0,273.0,22.5,False,Pointer Move (Standard mouse)
1785569728.523102,869,590,p1-block-3-trial-11-target-7,543.0,273.0,22.5,False,Pointer Move (Standard mouse)
1785569728.53056,861,581,p1-block-3-trial-11-target-7,543.0,273.0,22.5,False,Pointer Move (Standard mouse)
1785569728.5376441,856,573,p1-block-3-trial-11-target-7,543.0,273.0,22.5,False,Pointer Move (Standard mouse)
1785569728.545206,841,553,p1-block-3-trial-11-target-7,543.0,273.0,22.5,False,Pointer Move (Standard mouse)
1785569728.552557,833,544,p1-block-3-trial-11-target-7,543.0,273.0,22.5,False,Pointer Move (Standard mouse)
1785569728.560543,816,519,p1-block-3-trial-11-target-7,543.0,273.0,22.5,False,Pointer Move (Standard mouse)
1785569728.568636,806,506,p1-block-3-trial-11-target-7,543.0,273.0,22.5,False,Pointer Move (Standard mouse)
1785569728.576906,791,487,p1-block-3-trial-11-target-7,543.0,273.0,22.5,False,Pointer Move (Standard mouse)
1785569728.5837839,781,477,p1-block-3-trial-11-target-7,543.0,273.0,22.5,False,Pointer Move (Standard mouse)
1785569728.591241,764,457,p1-block-3-trial-11-target-7,543.0,273.0,22.5,False,Pointer Move (Standard mouse)
1785569728.59859,755,446,p1-block-3-trial-11-target-7,543.0,273.0,22.5,False,Pointer Move (Standard mouse)
1785569728.6052108,741,430,p1-block-3-trial-11-target-7,543.0,273.0,22.5,False,Pointer Move (Standard mouse)
1785569728.614443,733,419,p1-block-3-trial-11-target-7,543.0,273.0,22.5,False,Pointer Move (Standard mouse)
1785569728.620961,718,397,p1-block-3-trial-11-target-7,543.0,273.0,22.5,False,Pointer Move (Standard mouse)
1785569728.6283479,704,381,p1-block-3-trial-11-target-7,543.0,273.0,22.5,False,Pointer Move (Standard mouse)
1785569728.637158,684,361,p1-block-3-trial-11-target-7,543.0,273.0,22.5,False,Pointer Move (Standard mouse)
1785569728.643341,661,340,p1-block-3-trial-11-target-7,543.0,273.0,22.5,False,Pointer Move (Standard mouse)
1785569728.6513689,641,322,p1-block-3-trial-11-target-7,543.0,273.0,22.5,False,Pointer Move (Standard mouse)
1785569728.659782,626,309,p1-block-3-trial-11-target-7,543.0,273.0,22.5,False,Pointer Move (Standard mouse)
1785569728.666315,604,289,p1-block-3-trial-11-target-7,543.0,273.0,22.5,False,Pointer Move (Standard mouse)
1785569728.674857,595,281,p1-block-3-trial-11-target-7,543.0,273.0,22.5,False,Pointer Move (Standard mouse)
1785569728.680865,583,269,p1-block-3-trial-11-target-7,543.0,273.0,22.5,False,Pointer Move (Standard mouse)
1785569728.6888561,576,263,p1-block-3-trial-11-target-7,543.0,273.0,22.5,False,Pointer Move (Standard mouse)
1785569728.695961,572,260,p1-block-3-trial-11-target-7,543.0,273.0,22.5,False,Pointer Move (Standard mouse)
1785569728.703895,571,260,p1-block-3-trial-11-target-7,543.0,273.0,22.5,False,Pointer Move (Standard mouse)
1785569728.7115252,571,259,p1-block-3-trial-11-target-7,543.0,273.0,22.5,False,Pointer Move (Standard mouse)
1785569728.719262,571,259,p1-block-3-trial-11-target-7,543.0,273.0,22.5,False,Pointer Move (Standard mouse)
1785569728.7268102,571,259,p1-block-3-trial-11-target-7,543.0,273.0,22.5,False,Pointer Move (Standard mouse)
1785569728.755105,571,259,p1-block-3-trial-11-target-7,543.0,273.0,22.5,False,Pointer Move (Standard mouse)
1785569728.763097,570,259,p1-block-3-trial-11-target-7,543.0,273.0,22.5,False,Pointer Move (Standard mouse)
1785569728.77069,570,258,p1-block-3-trial-11-target-7,543.0,273.0,22.5,False,Pointer Move (Standard mouse)
1785569728.777612,569,257,p1-block-3-trial-11-target-7,543.0,273.0,22.5,False,Pointer Move (Standard mouse)
1785569728.785214,569,257,p1-block-3-trial-11-target-7,543.0,273.0,22.5,False,Pointer Move (Standard mouse)
1785569728.79329,568,257,p1-block-3-trial-11-target-7,543.0,273.0,22.5,False,Pointer Move (Standard mouse)
1785569728.8010209,566,256,p1-block-3-trial-11-target-7,543.0,273.0,22.5,False,Pointer Move (Standard mouse)
1785569728.8082418,564,253,p1-block-3-trial-11-target-7,543.0,273.0,22.5,False,Pointer Move (Standard mouse)
1785569728.81541,563,253,p1-block-3-trial-11-target-7,543.0,273.0,22.5,False,Pointer Move (Standard mouse)
1785569728.8226402,560,252,p1-block-3-trial-11-target-7,543.0,273.0,22.5,False,Pointer Move (Standard mouse)
1785569728.830243,558,251,p1-block-3-trial-11-target-7,543.0,273.0,22.5,False,Pointer Move (Standard mouse)
1785569728.838645,557,250,p1-block-3-trial-11-target-7,543.0,273.0,22.5,False,Pointer Move (Standard mouse)
1785569728.8463922,555,249,p1-block-3-trial-11-target-7,543.0,273.0,22.5,False,Pointer Move (Standard mouse)
1785569728.853471,555,249,p1-block-3-trial-11-target-7,543.0,273.0,22.5,False,Pointer Move (Standard mouse)
1785569728.8612711,554,249,p1-block-3-trial-11-target-7,543.0,273.0,22.5,False,Pointer Move (Standard mouse)
1785569728.868573,553,249,p1-block-3-trial-11-target-7,543.0,273.0,22.5,False,Pointer Move (Standard mouse)
1785569728.928373,553,249,p1-block-3-trial-11-target-7,543.0,273.0,22.5,False,Pointer Move (Standard mouse)
1785569728.93637,553,249,p1-block-3-trial-11-target-7,543.0,273.0,22.5,False,Pointer Move (Standard mouse)
1785569728.943258,553,250,p1-block-3-trial-11-target-7,543.0,273.0,22.5,False,Pointer Move (Standard mouse)
1785569728.951123,553,250,p1-block-3-trial-11-target-7,543.0,273.0,22.5,False,Pointer Move (Standard mouse)
1785569728.958432,552,251,p1-block-3-trial-11-target-7,543.0,273.0,22.5,False,Pointer Move (Standard mouse)
1785569728.9657578,552,252,p1-block-3-trial-11-target-7,543.0,273.0,22.5,False,Pointer Move (Standard mouse)
1785569728.972672,552,252,p1-block-3-trial-11-target-7,543.0,273.0,22.5,False,Pointer Move (Standard mouse)
1785569728.981128,552,254,p1-block-3-trial-11-target-7,543.0,273.0,22.5,False,Pointer Move (Standard mouse)
1785569728.987575,552,255,p1-block-3-trial-11-target-7,543.0,273.0,22.5,False,Pointer Move (Standard mouse)
1785569728.995119,551,256,p1-block-3-trial-11-target-7,543.0,273.0,22.5,False,Pointer Move (Standard mouse)
1785569729.002959,551,257,p1-block-3-trial-11-target-7,543.0,273.0,22.5,False,Pointer Move (Standard mouse)
1785569729.01089,551,258,p1-block-3-trial-11-target-7,543.0,273.0,22.5,False,Pointer Move (Standard mouse)
1785569729.018368,551,258,p1-block-3-trial-11-target-7,543.0,273.0,22.5,False,Pointer Move (Standard mouse)
1785569729.026429,551,259,p1-block-3-trial-11-target-7,543.0,273.0,22.5,False,Pointer Move (Standard mouse)
1785569729.03301,551,259,p1-block-3-trial-11-target-7,543.0,273.0,22.5,False,Pointer Move (Standard mouse)
1785569729.042637,551,260,p1-block-3-trial-11-target-7,543.0,273.0,22.5,False,Pointer Move (Standard mouse)
1785569729.0493271,551,260,p1-block-3-trial-11-target-7,543.0,273.0,22.5,False,Pointer Move (Standard mouse)
1785569729.0549572,551,260,p1-block-3-trial-11-target-7,543.0,273.0,22.5,False,Pointer Move (Standard mouse)
1785569729.063514,551,261,p1-block-3-trial-11-target-7,543.0,273.0,22.5,False,Pointer Move (Standard mouse)
1785569729.070876,551,261,p1-block-3-trial-11-target-7,543.0,273.0,22.5,False,Pointer Move (Standard mouse)
1785569729.079133,551,261,p1-block-3-trial-11-target-7,543.0,273.0,22.5,False,Pointer Move (Standard mouse)
1785569729.085535,551,262,p1-block-3-trial-11-target-7,543.0,273.0,22.5,False,Pointer Move (Standard mouse)
1785569729.092447,551,262,p1-block-3-trial-11-target-7,543.0,273.0,22.5,False,Pointer Move (Standard mouse)
1785569729.100338,551,263,p1-block-3-trial-11-target-7,543.0,273.0,22.5,False,Pointer Move (Standard mouse)
1785569729.109231,551,263,p1-block-3-trial-11-target-7,543.0,273.0,22.5,False,Pointer Move (Standard mouse)
1785569729.1153002,551,263,p1-block-3-trial-11-target-7,543.0,273.0,22.5,False,Pointer Move (Standard mouse)
1785569729.122773,551,264,p1-block-3-trial-11-target-7,543.0,273.0,22.5,False,Pointer Move (Standard mouse)
1785569729.138286,551,264,p1-block-3-trial-11-target-7,543.0,273.0,22.5,False,Pointer Move (Standard mouse)
1785569729.191305,551,264,p1-block-3-trial-11-target-7,543.0,273.0,22.5,target_selected,target_selected
1785569729.281297,551,264,p1-block-3-trial-12-target-3,897.0,627.0,22.5,False,Pointer Move (Standard mouse)
1785569729.288177,551,264,p1-block-3-trial-12-target-3,897.0,627.0,22.5,False,Pointer Move (Standard mouse)
1785569729.295409,552,264,p1-block-3-trial-12-target-3,897.0,627.0,22.5,False,Pointer Move (Standard mouse)
1785569729.30318,552,265,p1-block-3-trial-12-target-3,897.0,627.0,22.5,False,Pointer Move (Standard mouse)
1785569729.31071,553,265,p1-block-3-trial-12-target-3,897.0,627.0,22.5,False,Pointer Move (Standard mouse)
1785569729.318082,554,265,p1-block-3-trial-12-target-3,897.0,627.0,22.5,False,Pointer Move (Standard mouse)
1785569729.326153,555,266,p1-block-3-trial-12-target-3,897.0,627.0,22.5,False,Pointer Move (Standard mouse)
1785569729.33318,557,266,p1-block-3-trial-12-target-3,897.0,627.0,22.5,False,Pointer Move (Standard mouse)
1785569729.3418071,560,267,p1-block-3-trial-12-target-3,897.0,627.0,22.5,False,Pointer Move (Standard mouse)
1785569729.347373,564,271,p1-block-3-trial-12-target-3,897.0,627.0,22.5,False,Pointer Move (Standard mouse)
1785569729.3556302,571,274,p1-block-3-trial-12-target-3,897.0,627.0,22.5,False,Pointer Move (Standard mouse)
1785569729.362727,580,279,p1-block-3-trial-12-target-3,897.0,627.0,22.5,False,Pointer Move (Standard mouse)
1785569729.370393,586,284,p1-block-3-trial-12-target-3,897.0,627.0,22.5,False,Pointer Move (Standard mouse)
1785569729.377766,596,289,p1-block-3-trial-12-target-3,897.0,627.0,22.5,False,Pointer Move (Standard mouse)
1785569729.385466,605,297,p1-block-3-trial-12-target-3,897.0,627.0,22.5,False,Pointer Move (Standard mouse)
1785569729.392538,620,307,p1-block-3-trial-12-target-3,897.0,627.0,22.5,False,Pointer Move (Standard mouse)
1785569729.400182,629,315,p1-block-3-trial-12-target-3,897.0,627.0,22.5,False,Pointer Move (Standard mouse)
1785569729.407597,638,323,p1-block-3-trial-12-target-3,897.0,627.0,22.5,False,Pointer Move (Standard mouse)
1785569729.415487,651,332,p1-block-3-trial-12-target-3,897.0,627.0,22.5,False,Pointer Move (Standard mouse)
1785569729.423198,657,338,p1-block-3-trial-12-target-3,897.0,627.0,22.5,False,Pointer Move (Standard mouse)
1785569729.4303029,668,348,p1-block-3-trial-12-target-3,897.0,627.0,22.5,False,Pointer Move (Standard mouse)
1785569729.437684,676,355,p1-block-3-trial-12-target-3,897.0,627.0,22.5,False,Pointer Move (Standard mouse)
1785569729.445206,684,363,p1-block-3-trial-12-target-3,897.0,627.0,22.5,False,Pointer Move (Standard mouse)
1785569729.452254,693,372,p1-block-3-trial-12-target-3,897.0,627.0,22.5,False,Pointer Move (Standard mouse)
1785569729.459626,702,382,p1-block-3-trial-12-target-3,897.0,627.0,22.5,False,Pointer Move (Standard mouse)
1785569729.4678762,712,391,p1-block-3-trial-12-target-3,897.0,627.0,22.5,False,Pointer Move (Standard mouse)
1785569729.474884,723,404,p1-block-3-trial-12-target-3,897.0,627.0,22.5,False,Pointer Move (Standard mouse)
1785569729.482421,733,414,p1-block-3-trial-12-target-3,897.0,627.0,22.5,False,Pointer Move (Standard mouse)
1785569729.490295,743,426,p1-block-3-trial-12-target-3,897.0,627.0,22.5,False,Pointer Move (Standard mouse)
1785569729.497707,754,438,p1-block-3-trial-12-target-3,897.0,627.0,22.5,False,Pointer Move (Standard mouse)
1785569729.505558,764,449,p1-block-3-trial-12-target-3,897.0,627.0,22.5,False,Pointer Move (Standard mouse)
1785569729.512619,773,460,p1-block-3-trial-12-target-3,897.0,627.0,22.5,False,Pointer Move (Standard mouse)
1785569729.5201228,786,473,p1-block-3-trial-12-target-3,897.0,627.0,22.5,False,Pointer Move (Standard mouse)
1785569729.527949,796,482,p1-block-3-trial-12-target-3,897.0,627.0,22.5,False,Pointer Move (Standard mouse)
1785569729.5358999,801,490,p1-block-3-trial-12-target-3,897.0,627.0,22.5,False,Pointer Move (Standard mouse)
1785569729.5437078,807,499,p1-block-3-trial-12-target-3,897.0,627.0,22.5,False,Pointer Move (Standard mouse)
1785569729.550304,814,508,p1-block-3-trial-12-target-3,897.0,627.0,22.5,False,Pointer Move (Standard mouse)
1785569729.557536,815,509,p1-block-3-trial-12-target-3,897.0,627.0,22.5,False,Pointer Move (Standard mouse)
1785569729.567789,822,518,p1-block-3-trial-12-target-3,897.0,627.0,22.5,False,Pointer Move (Standard mouse)
1785569729.576014,828,527,p1-block-3-trial-12-target-3,897.0,627.0,22.5,False,Pointer Move (Standard mouse)
1785569729.582635,831,529,p1-block-3-trial-12-target-3,897.0,627.0,22.5,False,Pointer Move (Standard mouse)
1785569729.589812,839,540,p1-block-3-trial-12-target-3,897.0,627.0,22.5,False,Pointer Move (Standard mouse)
1785569729.595961,843,546,p1-block-3-trial-12-target-3,897.0,627.0,22.5,False,Pointer Move (Standard mouse)
1785569729.603765,844,548,p1-block-3-trial-12-target-3,897.0,627.0,22.5,False,Pointer Move (Standard mouse)
1785569729.6106298,849,553,p1-block-3-trial-12-target-3,897.0,627.0,22.5,False,Pointer Move (Standard mouse)
1785569729.620492,851,556,p1-block-3-trial-12-target-3,897.0,627.0,22.5,False,Pointer Move (Standard mouse)
1785569729.627721,853,557,p1-block-3-trial-12-target-3,897.0,627.0,22.5,False,Pointer Move (Standard mouse)
1785569729.6355681,853,558,p1-block-3-trial-12-target-3,897.0,627.0,22.5,False,Pointer Move (Standard mouse)
1785569729.649101,853,558,p1-block-3-trial-12-target-3,897.0,627.0,22.5,False,Pointer Move (Standard mouse)
1785569729.663017,853,559,p1-block-3-trial-12-target-3,897.0,627.0,22.5,False,Pointer Move (Standard mouse)
1785569729.678249,853,559,p1-block-3-trial-12-target-3,897.0,627.0,22.5,False,Pointer Move (Standard mouse)
1785569729.68683,853,560,p1-block-3-trial-12-target-3,897.0,627.0,22.5,False,Pointer Move (Standard mouse)
1785569729.694122,854,560,p1-block-3-trial-12-target-3,897.0,627.0,22.5,False,Pointer Move (Standard mouse)
1785569729.7013152,854,561,p1-block-3-trial-12-target-3,897.0,627.0,22.5,False,Pointer Move (Standard mouse)
1785569729.708263,854,562,p1-block-3-trial-12-target-3,897.0,627.0,22.5,False,Pointer Move (Standard mouse)
1785569729.7155042,854,563,p1-block-3-trial-12-target-3,897.0,627.0,22.5,False,Pointer Move (Standard mouse)
1785569729.722591,854,564,p1-block-3-trial-12-target-3,897.0,627.0,22.5,False,Pointer Move (Standard mouse)
1785569729.730277,855,565,p1-block-3-trial-12-target-3,897.0,627.0,22.5,False,Pointer Move (Standard mouse)
1785569729.7382898,855,570,p1-block-3-trial-12-target-3,897.0,627.0,22.5,False,Pointer Move (Standard mouse)
1785569729.7457862,857,572,p1-block-3-trial-12-target-3,897.0,627.0,22.5,False,Pointer Move (Standard mouse)
1785569729.7533839,857,575,p1-block-3-trial-12-target-3,897.0,627.0,22.5,False,Pointer Move (Standard mouse)
1785569729.7614841,858,576,p1-block-3-trial-12-target-3,897.0,627.0,22.5,False,Pointer Move (Standard mouse)
1785569729.768975,859,577,p1-block-3-trial-12-target-3,897.0,627.0,22.5,False,Pointer Move (Standard mouse)
1785569729.776762,859,578,p1-block-3-trial-12-target-3,897.0,627.0,22.5,False,Pointer Move (Standard mouse)
1785569729.783435,861,580,p1-block-3-trial-12-target-3,897.0,627.0,22.5,False,Pointer Move (Standard mouse)
1785569729.7907999,863,582,p1-block-3-trial-12-target-3,897.0,627.0,22.5,False,Pointer Move (Standard mouse)
1785569729.7979178,865,583,p1-block-3-trial-12-target-3,897.0,627.0,22.5,False,Pointer Move (Standard mouse)
1785569729.804945,865,584,p1-block-3-trial-12-target-3,897.0,627.0,22.5,False,Pointer Move (Standard mouse)
1785569729.8126981,866,584,p1-block-3-trial-12-target-3,897.0,627.0,22.5,False,Pointer Move (Standard mouse)
1785569729.820076,867,585,p1-block-3-trial-12-target-3,897.0,627.0,22.5,False,Pointer Move (Standard mouse)
1785569729.8282208,868,586,p1-block-3-trial-12-target-3,897.0,627.0,22.5,False,Pointer Move (Standard mouse)
1785569729.8358452,868,587,p1-block-3-trial-12-target-3,897.0,627.0,22.5,False,Pointer Move (Standard mouse)
1785569729.843221,869,587,p1-block-3-trial-12-target-3,897.0,627.0,22.5,False,Pointer Move (Standard mouse)
1785569729.850626,869,588,p1-block-3-trial-12-target-3,897.0,627.0,22.5,False,Pointer Move (Standard mouse)
1785569729.85752,869,588,p1-block-3-trial-12-target-3,897.0,627.0,22.5,False,Pointer Move (Standard mouse)
1785569729.865705,869,588,p1-block-3-trial-12-target-3,897.0,627.0,22.5,False,Pointer Move (Standard mouse)
1785569729.881412,869,589,p1-block-3-trial-12-target-3,897.0,627.0,22.5,False,Pointer Move (Standard mouse)
1785569729.89552,870,590,p1-block-3-trial-12-target-3,897.0,627.0,22.5,False,Pointer Move (Standard mouse)
1785569729.902795,870,590,p1-block-3-trial-12-target-3,897.0,627.0,22.5,False,Pointer Move (Standard mouse)
1785569729.910508,870,591,p1-block-3-trial-12-target-3,897.0,627.0,22.5,False,Pointer Move (Standard mouse)
1785569729.918859,871,592,p1-block-3-trial-12-target-3,897.0,627.0,22.5,False,Pointer Move (Standard mouse)
1785569729.926338,871,592,p1-block-3-trial-12-target-3,897.0,627.0,22.5,False,Pointer Move (Standard mouse)
1785569729.933826,872,593,p1-block-3-trial-12-target-3,897.0,627.0,22.5,False,Pointer Move (Standard mouse)
1785569729.94134,873,594,p1-block-3-trial-12-target-3,897.0,627.0,22.5,False,Pointer Move (Standard mouse)
1785569729.948895,874,595,p1-block-3-trial-12-target-3,897.0,627.0,22.5,False,Pointer Move (Standard mouse)
1785569729.956735,874,596,p1-block-3-trial-12-target-3,897.0,627.0,22.5,False,Pointer Move (Standard mouse)
1785569729.963136,874,596,p1-block-3-trial-12-target-3,897.0,627.0,22.5,False,Pointer Move (Standard mouse)
1785569729.9699972,875,597,p1-block-3-trial-12-target-3,897.0,627.0,22.5,False,Pointer Move (Standard mouse)
1785569729.9780931,875,598,p1-block-3-trial-12-target-3,897.0,627.0,22.5,False,Pointer Move (Standard mouse)
1785569729.985933,875,598,p1-block-3-trial-12-target-3,897.0,627.0,22.5,False,Pointer Move (Standard mouse)
1785569729.992883,875,599,p1-block-3-trial-12-target-3,897.0,627.0,22.5,False,Pointer Move (Standard mouse)
1785569730.001002,875,599,p1-block-3-trial-12-target-3,897.0,627.0,22.5,False,Pointer Move (Standard mouse)
1785569730.007883,876,600,p1-block-3-trial-12-target-3,897.0,627.0,22.5,False,Pointer Move (Standard mouse)
1785569730.015552,876,600,p1-block-3-trial-12-target-3,897.0,627.0,22.5,False,Pointer Move (Standard mouse)
1785569730.023255,876,601,p1-block-3-trial-12-target-3,897.0,627.0,22.5,False,Pointer Move (Standard mouse)
1785569730.030606,876,601,p1-block-3-trial-12-target-3,897.0,627.0,22.5,False,Pointer Move (Standard mouse)
1785569730.0462542,877,603,p1-block-3-trial-12-target-3,897.0,627.0,22.5,False,Pointer Move (Standard mouse)
1785569730.0535839,877,603,p1-block-3-trial-12-target-3,897.0,627.0,22.5,False,Pointer Move (Standard mouse)
1785569730.061019,879,605,p1-block-3-trial-12-target-3,897.0,627.0,22.5,False,Pointer Move (Standard mouse)
1785569730.0680718,880,606,p1-block-3-trial-12-target-3,897.0,627.0,22.5,False,Pointer Move (Standard mouse)
1785569730.076287,880,607,p1-block-3-trial-12-target-3,897.0,627.0,22.5,False,Pointer Move (Standard mouse)
1785569730.083466,881,608,p1-block-3-trial-12-target-3,897.0,627.0,22.5,False,Pointer Move (Standard mouse)
1785569730.0908191,881,608,p1-block-3-trial-12-target-3,897.0,627.0,22.5,False,Pointer Move (Standard mouse)
1785569730.099653,881,609,p1-block-3-trial-12-target-3,897.0,627.0,22.5,False,Pointer Move (Standard mouse)
1785569730.107796,882,609,p1-block-3-trial-12-target-3,897.0,627.0,22.5,False,Pointer Move (Standard mouse)
1785569730.1141279,882,609,p1-block-3-trial-12-target-3,897.0,627.0,22.5,False,Pointer Move (Standard mouse)
1785569730.1205518,883,610,p1-block-3-trial-12-target-3,897.0,627.0,22.5,False,Pointer Move (Standard mouse)
1785569730.1284711,883,610,p1-block-3-trial-12-target-3,897.0,627.0,22.5,False,Pointer Move (Standard mouse)
1785569730.1361878,883,611,p1-block-3-trial-12-target-3,897.0,627.0,22.5,False,Pointer Move (Standard mouse)
1785569730.143602,884,613,p1-block-3-trial-12-target-3,897.0,627.0,22.5,False,Pointer Move (Standard mouse)
1785569730.1511009,885,616,p1-block-3-trial-12-target-3,897.0,627.0,22.5,False,Pointer Move (Standard mouse)
1785569730.158582,886,619,p1-block-3-trial-12-target-3,897.0,627.0,22.5,False,Pointer Move (Standard mouse)
1785569730.166064,887,624,p1-block-3-trial-12-target-3,897.0,627.0,22.5,False,Pointer Move (Standard mouse)
1785569730.1736572,888,625,p1-block-3-trial-12-target-3,897.0,627.0,22.5,False,Pointer Move (Standard mouse)
1785569730.181082,888,628,p1-block-3-trial-12-target-3,897.0,627.0,22.5,False,Pointer Move (Standard mouse)
1785569730.1885629,889,631,p1-block-3-trial-12-target-3,897.0,627.0,22.5,False,Pointer Move (Standard mouse)
1785569730.1960902,890,635,p1-block-3-trial-12-target-3,897.0,627.0,22.5,False,Pointer Move (Standard mouse)
1785569730.203897,891,636,p1-block-3-trial-12-target-3,897.0,627.0,22.5,False,Pointer Move (Standard mouse)
1785569730.211568,891,638,p1-block-3-trial-12-target-3,897.0,627.0,22.5,False,Pointer Move (Standard mouse)
1785569730.218933,892,639,p1-block-3-trial-12-target-3,897.0,627.0,22.5,False,Pointer Move (Standard mouse)
1785569730.2265432,892,640,p1-block-3-trial-12-target-3,897.0,627.0,22.5,False,Pointer Move (Standard mouse)
1785569730.2339609,893,641,p1-block-3-trial-12-target-3,897.0,627.0,22.5,False,Pointer Move (Standard mouse)
1785569730.241475,893,641,p1-block-3-trial-12-target-3,897.0,627.0,22.5,False,Pointer Move (Standard mouse)
1785569730.256782,893,641,p1-block-3-trial-12-target-3,897.0,627.0,22.5,False,Pointer Move (Standard mouse)
1785569730.317804,893,641,p1-block-3-trial-12-target-3,897.0,627.0,22.5,target_selected,target_selected
1785569730.3440409,894,641,p1-block-3-trial-13-target-7,543.0,273.0,22.5,False,Pointer Move (Standard mouse)
1785569730.4442618,893,641,p1-block-3-trial-13-target-7,543.0,273.0,22.5,False,Pointer Move (Standard mouse)
1785569730.4506729,893,640,p1-block-3-trial-13-target-7,543.0,273.0,22.5,False,Pointer Move (Standard mouse)
1785569730.45876,892,639,p1-block-3-trial-13-target-7,543.0,273.0,22.5,False,Pointer Move (Standard mouse)
1785569730.4660969,891,636,p1-block-3-trial-13-target-7,543.0,273.0,22.5,False,Pointer Move (Standard mouse)
1785569730.473307,888,632,p1-block-3-trial-13-target-7,543.0,273.0,22.5,False,Pointer Move (Standard mouse)
1785569730.482511,885,627,p1-block-3-trial-13-target-7,543.0,273.0,22.5,False,Pointer Move (Standard mouse)
1785569730.492327,883,624,p1-block-3-trial-13-target-7,543.0,273.0,22.5,False,Pointer Move (Standard mouse)
1785569730.495698,877,617,p1-block-3-trial-13-target-7,543.0,273.0,22.5,False,Pointer Move (Standard mouse)
1785569730.504259,873,613,p1-block-3-trial-13-target-7,543.0,273.0,22.5,False,Pointer Move (Standard mouse)
1785569730.51119,870,610,p1-block-3-trial-13-target-7,543.0,273.0,22.5,False,Pointer Move (Standard mouse)
1785569730.519122,862,601,p1-block-3-trial-13-target-7,543.0,273.0,22.5,False,Pointer Move (Standard mouse)
1785569730.525871,854,591,p1-block-3-trial-13-target-7,543.0,273.0,22.5,False,Pointer Move (Standard mouse)
1785569730.5331929,845,583,p1-block-3-trial-13-target-7,543.0,273.0,22.5,False,Pointer Move (Standard mouse)
1785569730.540889,832,570,p1-block-3-trial-13-target-7,543.0,273.0,22.5,False,Pointer Move (Standard mouse)
1785569730.5484989,817,559,p1-block-3-trial-13-target-7,543.0,273.0,22.5,False,Pointer Move (Standard mouse)
1785569730.555531,806,549,p1-block-3-trial-13-target-7,543.0,273.0,22.5,False,Pointer Move (Standard mouse)
1785569730.5631208,786,532,p1-block-3-trial-13-target-7,543.0,273.0,22.5,False,Pointer Move (Standard mouse)
1785569730.570988,768,517,p1-block-3-trial-13-target-7,543.0,273.0,22.5,False,Pointer Move (Standard mouse)
1785569730.578597,759,511,p1-block-3-trial-13-target-7,543.0,273.0,22.5,False,Pointer Move (Standard mouse)
1785569730.586436,739,491,p1-block-3-trial-13-target-7,543.0,273.0,22.5,False,Pointer Move (Standard mouse)
1785569730.594468,730,483,p1-block-3-trial-13-target-7,543.0,273.0,22.5,False,Pointer Move (Standard mouse)
1785569730.601582,711,463,p1-block-3-trial-13-target-7,543.0,273.0,22.5,False,Pointer Move (Standard mouse)
1785569730.608365,697,449,p1-block-3-trial-13-target-7,543.0,273.0,22.5,False,Pointer Move (Standard mouse)
1785569730.616383,689,442,p1-block-3-trial-13-target-7,543.0,273.0,22.5,False,Pointer Move (Standard mouse)
1785569730.622762,671,423,p1-block-3-trial-13-target-7,543.0,273.0,22.5,False,Pointer Move (Standard mouse)
1785569730.630304,652,408,p1-block-3-trial-13-target-7,543.0,273.0,22.5,False,Pointer Move (Standard mouse)
1785569730.638884,636,392,p1-block-3-trial-13-target-7,543.0,273.0,22.5,False,Pointer Move (Standard mouse)
1785569730.64589,625,382,p1-block-3-trial-13-target-7,543.0,273.0,22.5,False,Pointer Move (Standard mouse)
1785569730.6538181,601,362,p1-block-3-trial-13-target-7,543.0,273.0,22.5,False,Pointer Move (Standard mouse)
1785569730.661173,578,345,p1-block-3-trial-13-target-7,543.0,273.0,22.5,False,Pointer Move (Standard mouse)
1785569730.668397,560,331,p1-block-3-trial-13-target-7,543.0,273.0,22.5,False,Pointer Move (Standard mouse)
1785569730.6761441,544,318,p1-block-3-trial-13-target-7,543.0,273.0,22.5,False,Pointer Move (Standard mouse)
1785569730.6836119,529,303,p1-block-3-trial-13-target-7,543.0,273.0,22.5,False,Pointer Move (Standard mouse)
1785569730.6911879,516,290,p1-block-3-trial-13-target-7,543.0,273.0,22.5,False,Pointer Move (Standard mouse)
1785569730.6987462,510,282,p1-block-3-trial-13-target-7,543.0,273.0,22.5,False,Pointer Move (Standard mouse)
1785569730.70608,508,279,p1-block-3-trial-13-target-7,543.0,273.0,22.5,False,Pointer Move (Standard mouse)
1785569730.713593,508,278,p1-block-3-trial-13-target-7,543.0,273.0,22.5,False,Pointer Move (Standard mouse)
1785569730.7209768,507,278,p1-block-3-trial-13-target-7,543.0,273.0,22.5,False,Pointer Move (Standard mouse)
1785569730.818843,507,278,p1-block-3-trial-13-target-7,543.0,273.0,22.5,False,Pointer Move (Standard mouse)
1785569730.825964,508,277,p1-block-3-trial-13-target-7,543.0,273.0,22.5,False,Pointer Move (Standard mouse)
1785569730.8345878,508,277,p1-block-3-trial-13-target-7,543.0,273.0,22.5,False,Pointer Move (Standard mouse)
1785569730.841138,509,276,p1-block-3-trial-13-target-7,543.0,273.0,22.5,False,Pointer Move (Standard mouse)
1785569730.848782,510,275,p1-block-3-trial-13-target-7,543.0,273.0,22.5,False,Pointer Move (Standard mouse)
1785569730.8560798,511,275,p1-block-3-trial-13-target-7,543.0,273.0,22.5,False,Pointer Move (Standard mouse)
1785569730.8629901,513,274,p1-block-3-trial-13-target-7,543.0,273.0,22.5,False,Pointer Move (Standard mouse)
1785569730.8703911,513,274,p1-block-3-trial-13-target-7,543.0,273.0,22.5,False,Pointer Move (Standard mouse)
1785569730.8784409,515,273,p1-block-3-trial-13-target-7,543.0,273.0,22.5,False,Pointer Move (Standard mouse)
1785569730.885361,516,272,p1-block-3-trial-13-target-7,543.0,273.0,22.5,False,Pointer Move (Standard mouse)
1785569730.892965,517,272,p1-block-3-trial-13-target-7,543.0,273.0,22.5,False,Pointer Move (Standard mouse)
1785569730.9013638,518,271,p1-block-3-trial-13-target-7,543.0,273.0,22.5,False,Pointer Move (Standard mouse)
1785569730.908393,519,271,p1-block-3-trial-13-target-7,543.0,273.0,22.5,False,Pointer Move (Standard mouse)
1785569730.917023,519,271,p1-block-3-trial-13-target-7,543.0,273.0,22.5,False,Pointer Move (Standard mouse)
1785569730.924513,520,271,p1-block-3-trial-13-target-7,543.0,273.0,22.5,False,Pointer Move (Standard mouse)
1785569730.932436,521,271,p1-block-3-trial-13-target-7,543.0,273.0,22.5,False,Pointer Move (Standard mouse)
1785569730.939612,521,271,p1-block-3-trial-13-target-7,543.0,273.0,22.5,False,Pointer Move (Standard mouse)
1785569730.9475148,523,271,p1-block-3-trial-13-target-7,543.0,273.0,22.5,False,Pointer Move (Standard mouse)
1785569730.953133,526,271,p1-block-3-trial-13-target-7,543.0,273.0,22.5,False,Pointer Move (Standard mouse)
1785569730.961354,529,272,p1-block-3-trial-13-target-7,543.0,273.0,22.5,False,Pointer Move (Standard mouse)
1785569730.9703748,530,272,p1-block-3-trial-13-target-7,543.0,273.0,22.5,False,Pointer Move (Standard mouse)
1785569730.977271,531,273,p1-block-3-trial-13-target-7,543.0,273.0,22.5,False,Pointer Move (Standard mouse)
1785569730.983603,532,273,p1-block-3-trial-13-target-7,543.0,273.0,22.5,False,Pointer Move (Standard mouse)
1785569730.99173,533,273,p1-block-3-trial-13-target-7,543.0,273.0,22.5,False,Pointer Move (Standard mouse)
1785569730.999628,534,273,p1-block-3-trial-13-target-7,543.0,273.0,22.5,False,Pointer Move (Standard mouse)
1785569731.0069098,534,274,p1-block-3-trial-13-target-7,543.0,273.0,22.5,False,Pointer Move (Standard mouse)
1785569731.143615,534,274,p1-block-3-trial-13-target-7,543.0,273.0,22.5,target_selected,target_selected
1785569731.23103,534,274,p1-block-3-trial-14-target-3,897.0,627.0,22.5,False,Pointer Move (Standard mouse)
1785569731.238932,534,275,p1-block-3-trial-14-target-3,897.0,627.0,22.5,False,Pointer Move (Standard mouse)
1785569731.246208,535,280,p1-block-3-trial-14-target-3,897.0,627.0,22.5,False,Pointer Move (Standard mouse)
1785569731.2553332,536,283,p1-block-3-trial-14-target-3,897.0,627.0,22.5,False,Pointer Move (Standard mouse)
1785569731.2614982,537,285,p1-block-3-trial-14-target-3,897.0,627.0,22.5,False,Pointer Move (Standard mouse)
1785569731.268948,538,288,p1-block-3-trial-14-target-3,897.0,627.0,22.5,False,Pointer Move (Standard mouse)
1785569731.2761111,541,293,p1-block-3-trial-14-target-3,897.0,627.0,22.5,False,Pointer Move (Standard mouse)
1785569731.285982,546,301,p1-block-3-trial-14-target-3,897.0,627.0,22.5,False,Pointer Move (Standard mouse)
1785569731.290723,547,302,p1-block-3-trial-14-target-3,897.0,627.0,22.5,False,Pointer Move (Standard mouse)
1785569731.297879,554,315,p1-block-3-trial-14-target-3,897.0,627.0,22.5,False,Pointer Move (Standard mouse)
1785569731.305253,561,325,p1-block-3-trial-14-target-3,897.0,627.0,22.5,False,Pointer Move (Standard mouse)
1785569731.31313,568,338,p1-block-3-trial-14-target-3,897.0,627.0,22.5,False,Pointer Move (Standard mouse)
1785569731.320543,576,354,p1-block-3-trial-14-target-3,897.0,627.0,22.5,False,Pointer Move (Standard mouse)
1785569731.3281028,582,364,p1-block-3-trial-14-target-3,897.0,627.0,22.5,False,Pointer Move (Standard mouse)
1785569731.3360178,592,390,p1-block-3-trial-14-target-3,897.0,627.0,22.5,False,Pointer Move (Standard mouse)
1785569731.343743,601,408,p1-block-3-trial-14-target-3,897.0,627.0,22.5,False,Pointer Move (Standard mouse)
1785569731.35126,603,413,p1-block-3-trial-14-target-3,897.0,627.0,22.5,False,Pointer Move (Standard mouse)
1785569731.358388,611,431,p1-block-3-trial-14-target-3,897.0,627.0,22.5,False,Pointer Move (Standard mouse)
1785569731.3657799,619,446,p1-block-3-trial-14-target-3,897.0,627.0,22.5,False,Pointer Move (Standard mouse)
1785569731.37335,624,457,p1-block-3-trial-14-target-3,897.0,627.0,22.5,False,Pointer Move (Standard mouse)
1785569731.380127,630,464,p1-block-3-trial-14-target-3,897.0,627.0,22.5,False,Pointer Move (Standard mouse)
1785569731.3876748,637,470,p1-block-3-trial-14-target-3,897.0,627.0,22.5,False,Pointer Move (Standard mouse)
1785569731.3952792,639,473,p1-block-3-trial-14-target-3,897.0,627.0,22.5,False,Pointer Move (Standard mouse)
1785569731.404831,643,476,p1-block-3-trial-14-target-3,897.0,627.0,22.5,False,Pointer Move (Standard mouse)
1785569731.411325,649,480,p1-block-3-trial-14-target-3,897.0,627.0,22.5,False,Pointer Move (Standard mouse)
1785569731.420338,655,486,p1-block-3-trial-14-target-3,897.0,627.0,22.5,False,Pointer Move (Standard mouse)
1785569731.4272761,659,490,p1-block-3-trial-14-target-3,897.0,627.0,22.5,False,Pointer Move (Standard mouse)
1785569731.4344032,666,496,p1-block-3-trial-14-target-3,897.0,627.0,22.5,False,Pointer Move (Standard mouse)
1785569731.442243,675,502,p1-block-3-trial-14-target-3,897.0,627.0,22.5,False,Pointer Move (Standard mouse)
1785569731.4500659,688,509,p1-block-3-trial-14-target-3,897.0,627.0,22.5,False,Pointer Move (Standard mouse)
1785569731.4565,695,512,p1-block-3-trial-14-target-3,897.0,627.0,22.5,False,Pointer Move (Standard mouse)
1785569731.4634812,711,520,p1-block-3-trial-14-target-3,897.0,627.0,22.5,False,Pointer Move (Standard mouse)
1785569731.470346,723,527,p1-block-3-trial-14-target-3,897.0,627.0,22.5,False,Pointer Move (Standard mouse)
1785569731.477938,737,534,p1-block-3-trial-14-target-3,897.0,627.0,22.5,False,Pointer Move (Standard mouse)
1785569731.485698,753,541,p1-block-3-trial-14-target-3,897.0,627.0,22.5,False,Pointer Move (Standard mouse)
1785569731.493269,769,550,p1-block-3-trial-14-target-3,897.0,627.0,22.5,False,Pointer Move (Standard mouse)
1785569731.500598,783,558,p1-block-3-trial-14-target-3,897.0,627.0,22.5,False,Pointer Move (Standard mouse)
1785569731.508796,786,560,p1-block-3-trial-14-target-3,897.0,627.0,22.5,False,Pointer Move (Standard mouse)
1785569731.51727,797,566,p1-block-3-trial-14-target-3,897.0,627.0,22.5,False,Pointer Move (Standard mouse)
1785569731.524756,802,568,p1-block-3-trial-14-target-3,897.0,627.0,22.5,False,Pointer Move (Standard mouse)
1785569731.5314062,811,572,p1-block-3-trial-14-target-3,897.0,627.0,22.5,False,Pointer Move (Standard mouse)
1785569731.5382311,817,577,p1-block-3-trial-14-target-3,897.0,627.0,22.5,False,Pointer Move (Standard mouse)
1785569731.5455968,820,578,p1-block-3-trial-14-target-3,897.0,627.0,22.5,False,Pointer Move (Standard mouse)
1785569731.554175,826,583,p1-block-3-trial-14-target-3,897.0,627.0,22.5,False,Pointer Move (Standard mouse)
1785569731.561475,828,585,p1-block-3-trial-14-target-3,897.0,627.0,22.5,False,Pointer Move (Standard mouse)
1785569731.57097,831,588,p1-block-3-trial-14-target-3,897.0,627.0,22.5,False,Pointer Move (Standard mouse)
1785569731.5759249,832,589,p1-block-3-trial-14-target-3,897.0,627.0,22.5,False,Pointer Move (Standard mouse)
1785569731.5872178,833,590,p1-block-3-trial-14-target-3,897.0,627.0,22.5,False,Pointer Move (Standard mouse)
1785569731.59129,834,592,p1-block-3-trial-14-target-3,897.0,627.0,22.5,False,Pointer Move (Standard mouse)
1785569731.600977,835,593,p1-block-3-trial-14-target-3,897.0,627.0,22.5,False,Pointer Move (Standard mouse)
1785569731.608501,835,593,p1-block-3-trial-14-target-3,897.0,627.0,22.5,False,Pointer Move (Standard mouse)
1785569731.6143801,835,594,p1-block-3-trial-14-target-3,897.0,627.0,22.5,False,Pointer Move (Standard mouse)
1785569731.6222541,836,595,p1-block-3-trial-14-target-3,897.0,627.0,22.5,False,Pointer Move (Standard mouse)
1785569731.628196,836,596,p1-block-3-trial-14-target-3,897.0,627.0,22.5,False,Pointer Move (Standard mouse)
1785569731.636008,837,598,p1-block-3-trial-14-target-3,897.0,627.0,22.5,False,Pointer Move (Standard mouse)
1785569731.644306,839,601,p1-block-3-trial-14-target-3,897.0,627.0,22.5,False,Pointer Move (Standard mouse)
1785569731.6508002,841,603,p1-block-3-trial-14-target-3,897.0,627.0,22.5,False,Pointer Move (Standard mouse)
1785569731.658237,844,606,p1-block-3-trial-14-target-3,897.0,627.0,22.5,False,Pointer Move (Standard mouse)
1785569731.665926,846,608,p1-block-3-trial-14-target-3,897.0,627.0,22.5,False,Pointer Move (Standard mouse)
1785569731.6733959,850,609,p1-block-3-trial-14-target-3,897.0,627.0,22.5,False,Pointer Move (Standard mouse)
1785569731.6808782,855,611,p1-block-3-trial-14-target-3,897.0,627.0,22.5,False,Pointer Move (Standard mouse)
1785569731.688019,858,613,p1-block-3-trial-14-target-3,897.0,627.0,22.5,False,Pointer Move (Standard mouse)
1785569731.695837,859,613,p1-block-3-trial-14-target-3,897.0,627.0,22.5,False,Pointer Move (Standard mouse)
1785569731.7035038,859,614,p1-block-3-trial-14-target-3,897.0,627.0,22.5,False,Pointer Move (Standard mouse)
1785569731.7112901,859,614,p1-block-3-trial-14-target-3,897.0,627.0,22.5,False,Pointer Move (Standard mouse)
1785569731.7187681,859,615,p1-block-3-trial-14-target-3,897.0,627.0,22.5,False,Pointer Move (Standard mouse)
1785569731.726285,860,615,p1-block-3-trial-14-target-3,897.0,627.0,22.5,False,Pointer Move (Standard mouse)
1785569731.73374,860,616,p1-block-3-trial-14-target-3,897.0,627.0,22.5,False,Pointer Move (Standard mouse)
1785569731.741174,862,617,p1-block-3-trial-14-target-3,897.0,627.0,22.5,False,Pointer Move (Standard mouse)
1785569731.748287,863,617,p1-block-3-trial-14-target-3,897.0,627.0,22.5,False,Pointer Move (Standard mouse)
1785569731.756109,864,617,p1-block-3-trial-14-target-3,897.0,627.0,22.5,False,Pointer Move (Standard mouse)
1785569731.763263,867,618,p1-block-3-trial-14-target-3,897.0,627.0,22.5,False,Pointer Move (Standard mouse)
1785569731.770886,869,619,p1-block-3-trial-14-target-3,897.0,627.0,22.5,False,Pointer Move (Standard mouse)
1785569731.7787771,869,619,p1-block-3-trial-14-target-3,897.0,627.0,22.5,False,Pointer Move (Standard mouse)
1785569731.785911,870,619,p1-block-3-trial-14-target-3,897.0,627.0,22.5,False,Pointer Move (Standard mouse)
1785569731.79307,870,619,p1-block-3-trial-14-target-3,897.0,627.0,22.5,False,Pointer Move (Standard mouse)
1785569731.822824,870,619,p1-block-3-trial-14-target-3,897.0,627.0,22.5,False,Pointer Move (Standard mouse)
1785569731.830954,871,619,p1-block-3-trial-14-target-3,897.0,627.0,22.5,False,Pointer Move (Standard mouse)
1785569731.8385868,872,619,p1-block-3-trial-14-target-3,897.0,627.0,22.5,False,Pointer Move (Standard mouse)
1785569731.846452,876,619,p1-block-3-trial-14-target-3,897.0,627.0,22.5,False,Pointer Move (Standard mouse)
1785569731.853825,879,619,p1-block-3-trial-14-target-3,897.0,627.0,22.5,False,Pointer Move (Standard mouse)
1785569731.861312,882,618,p1-block-3-trial-14-target-3,897.0,627.0,22.5,False,Pointer Move (Standard mouse)
1785569731.8680599,883,618,p1-block-3-trial-14-target-3,897.0,627.0,22.5,False,Pointer Move (Standard mouse)
1785569731.87573,886,617,p1-block-3-trial-14-target-3,897.0,627.0,22.5,False,Pointer Move (Standard mouse)
1785569731.8831098,889,617,p1-block-3-trial-14-target-3,897.0,627.0,22.5,False,Pointer Move (Standard mouse)
1785569731.8904881,890,617,p1-block-3-trial-14-target-3,897.0,627.0,22.5,False,Pointer Move (Standard mouse)
1785569731.9218519,891,617,p1-block-3-trial-14-target-3,897.0,627.0,22.5,False,Pointer Move (Standard mouse)
1785569731.928925,892,618,p1-block-3-trial-14-target-3,897.0,627.0,22.5,False,Pointer Move (Standard mouse)
1785569731.9363441,894,618,p1-block-3-trial-14-target-3,897.0,627.0,22.5,False,Pointer Move (Standard mouse)
1785569731.944106,894,618,p1-block-3-trial-14-target-3,897.0,627.0,22.5,False,Pointer Move (Standard mouse)
1785569731.952715,895,619,p1-block-3-trial-14-target-3,897.0,627.0,22.5,False,Pointer Move (Standard mouse)
1785569731.95946,896,619,p1-block-3-trial-14-target-3,897.0,627.0,22.5,False,Pointer Move (Standard mouse)
1785569731.966948,896,620,p1-block-3-trial-14-target-3,897.0,627.0,22.5,False,Pointer Move (Standard mouse)
1785569731.9740381,896,620,p1-block-3-trial-14-target-3,897.0,627.0,22.5,False,Pointer Move (Standard mouse)
1785569731.989954,897,620,p1-block-3-trial-14-target-3,897.0,627.0,22.5,False,Pointer Move (Standard mouse)
1785569732.02656,897,620,p1-block-3-trial-14-target-3,897.0,627.0,22.5,False,Pointer Move (Standard mouse)
1785569732.03516,897,620,p1-block-3-trial-14-target-3,897.0,627.0,22.5,False,Pointer Move (Standard mouse)
1785569732.042151,898,620,p1-block-3-trial-14-target-3,897.0,627.0,22.5,False,Pointer Move (Standard mouse)
1785569732.048139,898,620,p1-block-3-trial-14-target-3,897.0,627.0,22.5,False,Pointer Move (Standard mouse)
1785569732.0559921,899,620,p1-block-3-trial-14-target-3,897.0,627.0,22.5,False,Pointer Move (Standard mouse)
1785569732.072573,899,620,p1-block-3-trial-14-target-3,897.0,627.0,22.5,False,Pointer Move (Standard mouse)
1785569732.087404,899,620,p1-block-3-trial-14-target-3,897.0,627.0,22.5,False,Pointer Move (Standard mouse)
1785569732.111053,899,620,p1-block-3-trial-14-target-3,897.0,627.0,22.5,target_selected,target_selected
1785569732.119134,900,620,p1-block-3-trial-15-target-7,543.0,273.0,22.5,False,Pointer Move (Standard mouse)
1785569732.123044,900,620,p1-block-3-trial-15-target-7,543.0,273.0,22.5,False,Pointer Move (Standard mouse)
1785569732.146114,900,621,p1-block-3-trial-15-target-7,543.0,273.0,22.5,False,Pointer Move (Standard mouse)
1785569732.200238,900,621,p1-block-3-trial-15-target-7,543.0,273.0,22.5,False,Pointer Move (Standard mouse)
1785569732.208334,899,621,p1-block-3-trial-15-target-7,543.0,273.0,22.5,False,Pointer Move (Standard mouse)
1785569732.2163122,897,621,p1-block-3-trial-15-target-7,543.0,273.0,22.5,False,Pointer Move (Standard mouse)
1785569732.222338,889,621,p1-block-3-trial-15-target-7,543.0,273.0,22.5,False,Pointer Move (Standard mouse)
1785569732.230696,880,619,p1-block-3-trial-15-target-7,543.0,273.0,22.5,False,Pointer Move (Standard mouse)
1785569732.238902,870,618,p1-block-3-trial-15-target-7,543.0,273.0,22.5,False,Pointer Move (Standard mouse)
1785569732.243978,860,617,p1-block-3-trial-15-target-7,543.0,273.0,22.5,False,Pointer Move (Standard mouse)
1785569732.254011,846,615,p1-block-3-trial-15-target-7,543.0,273.0,22.5,False,Pointer Move (Standard mouse)
1785569732.259459,834,614,p1-block-3-trial-15-target-7,543.0,273.0,22.5,False,Pointer Move (Standard mouse)
1785569732.2665842,825,612,p1-block-3-trial-15-target-7,543.0,273.0,22.5,False,Pointer Move (Standard mouse)
1785569732.274859,817,608,p1-block-3-trial-15-target-7,543.0,273.0,22.5,False,Pointer Move (Standard mouse)
1785569732.2821681,809,602,p1-block-3-trial-15-target-7,543.0,273.0,22.5,False,Pointer Move (Standard mouse)
1785569732.288788,808,601,p1-block-3-trial-15-target-7,543.0,273.0,22.5,False,Pointer Move (Standard mouse)
1785569732.296031,800,590,p1-block-3-trial-15-target-7,543.0,273.0,22.5,False,Pointer Move (Standard mouse)
1785569732.303508,799,587,p1-block-3-trial-15-target-7,543.0,273.0,22.5,False,Pointer Move (Standard mouse)
1785569732.311417,790,571,p1-block-3-trial-15-target-7,543.0,273.0,22.5,False,Pointer Move (Standard mouse)
1785569732.3186,781,555,p1-block-3-trial-15-target-7,543.0,273.0,22.5,False,Pointer Move (Standard mouse)
1785569732.326612,772,539,p1-block-3-trial-15-target-7,543.0,273.0,22.5,False,Pointer Move (Standard mouse)
1785569732.334213,767,529,p1-block-3-trial-15-target-7,543.0,273.0,22.5,False,Pointer Move (Standard mouse)
1785569732.3416262,759,513,p1-block-3-trial-15-target-7,543.0,273.0,22.5,False,Pointer Move (Standard mouse)
1785569732.3491998,743,485,p1-block-3-trial-15-target-7,543.0,273.0,22.5,False,Pointer Move (Standard mouse)
1785569732.356257,734,467,p1-block-3-trial-15-target-7,543.0,273.0,22.5,False,Pointer Move (Standard mouse)
1785569732.3639731,731,460,p1-block-3-trial-15-target-7,543.0,273.0,22.5,False,Pointer Move (Standard mouse)
1785569732.3712482,722,442,p1-block-3-trial-15-target-7,543.0,273.0,22.5,False,Pointer Move (Standard mouse)
1785569732.3788002,717,432,p1-block-3-trial-15-target-7,543.0,273.0,22.5,False,Pointer Move (Standard mouse)
1785569732.386548,714,424,p1-block-3-trial-15-target-7,543.0,273.0,22.5,False,Pointer Move (Standard mouse)
1785569732.393942,712,413,p1-block-3-trial-15-target-7,543.0,273.0,22.5,False,Pointer Move (Standard mouse)
1785569732.40096,709,406,p1-block-3-trial-15-target-7,543.0,273.0,22.5,False,Pointer Move (Standard mouse)
1785569732.409091,709,406,p1-block-3-trial-15-target-7,543.0,273.0,22.5,False,Pointer Move (Standard mouse)
1785569732.415925,708,401,p1-block-3-trial-15-target-7,543.0,273.0,22.5,False,Pointer Move (Standard mouse)
1785569732.423249,708,399,p1-block-3-trial-15-target-7,543.0,273.0,22.5,False,Pointer Move (Standard mouse)
1785569732.4306922,707,398,p1-block-3-trial-15-target-7,543.0,273.0,22.5,False,Pointer Move (Standard mouse)
1785569732.438704,707,398,p1-block-3-trial-15-target-7,543.0,273.0,22.5,False,Pointer Move (Standard mouse)
1785569732.446343,706,397,p1-block-3-trial-15-target-7,543.0,273.0,22.5,False,Pointer Move (Standard mouse)
1785569732.45326,706,396,p1-block-3-trial-15-target-7,543.0,273.0,22.5,False,Pointer Move (Standard mouse)
1785569732.460525,705,394,p1-block-3-trial-15-target-7,543.0,273.0,22.5,False,Pointer Move (Standard mouse)
1785569732.468504,705,394,p1-block-3-trial-15-target-7,543.0,273.0,22.5,False,Pointer Move (Standard mouse)
1785569732.475349,704,392,p1-block-3-trial-15-target-7,543.0,273.0,22.5,False,Pointer Move (Standard mouse)
1785569732.483592,703,389,p1-block-3-trial-15-target-7,543.0,273.0,22.5,False,Pointer Move (Standard mouse)
1785569732.4905448,703,388,p1-block-3-trial-15-target-7,543.0,273.0,22.5,False,Pointer Move (Standard mouse)
1785569732.498635,700,386,p1-block-3-trial-15-target-7,543.0,273.0,22.5,False,Pointer Move (Standard mouse)
1785569732.506064,700,385,p1-block-3-trial-15-target-7,543.0,273.0,22.5,False,Pointer Move (Standard mouse)
1785569732.512783,699,384,p1-block-3-trial-15-target-7,543.0,273.0,22.5,False,Pointer Move (Standard mouse)
1785569732.520378,696,380,p1-block-3-trial-15-target-7,543.0,273.0,22.5,False,Pointer Move (Standard mouse)
1785569732.527882,692,377,p1-block-3-trial-15-target-7,543.0,273.0,22.5,False,Pointer Move (Standard mouse)
1785569732.537359,690,375,p1-block-3-trial-15-target-7,543.0,273.0,22.5,False,Pointer Move (Standard mouse)
1785569732.545481,685,372,p1-block-3-trial-15-target-7,543.0,273.0,22.5,False,Pointer Move (Standard mouse)
1785569732.551046,684,371,p1-block-3-trial-15-target-7,543.0,273.0,22.5,False,Pointer Move (Standard mouse)
1785569732.559556,677,366,p1-block-3-trial-15-target-7,543.0,273.0,22.5,False,Pointer Move (Standard mouse)
1785569732.566887,673,362,p1-block-3-trial-15-target-7,543.0,273.0,22.5,False,Pointer Move (Standard mouse)
1785569732.573934,669,360,p1-block-3-trial-15-target-7,543.0,273.0,22.5,False,Pointer Move (Standard mouse)
1785569732.582279,665,357,p1-block-3-trial-15-target-7,543.0,273.0,22.5,False,Pointer Move (Standard mouse)
1785569732.589039,661,354,p1-block-3-trial-15-target-7,543.0,273.0,22.5,False,Pointer Move (Standard mouse)
1785569732.5976288,657,350,p1-block-3-trial-15-target-7,543.0,273.0,22.5,False,Pointer Move (Standard mouse)
1785569732.603436,650,344,p1-block-3-trial-15-target-7,543.0,273.0,22.5,False,Pointer Move (Standard mouse)
1785569732.6125078,640,336,p1-block-3-trial-15-target-7,543.0,273.0,22.5,False,Pointer Move (Standard mouse)
1785569732.620058,631,329,p1-block-3-trial-15-target-7,543.0,273.0,22.5,False,Pointer Move (Standard mouse)
1785569732.627852,619,324,p1-block-3-trial-15-target-7,543.0,273.0,22.5,False,Pointer Move (Standard mouse)
1785569732.635506,612,321,p1-block-3-trial-15-target-7,543.0,273.0,22.5,False,Pointer Move (Standard mouse)
1785569732.6427698,600,315,p1-block-3-trial-15-target-7,543.0,273.0,22.5,False,Pointer Move (Standard mouse)
1785569732.650597,590,310,p1-block-3-trial-15-target-7,543.0,273.0,22.5,False,Pointer Move (Standard mouse)
1785569732.657734,580,306,p1-block-3-trial-15-target-7,543.0,273.0,22.5,False,Pointer Move (Standard mouse)
1785569732.665408,575,303,p1-block-3-trial-15-target-7,543.0,273.0,22.5,False,Pointer Move (Standard mouse)
1785569732.6715462,567,298,p1-block-3-trial-15-target-7,543.0,273.0,22.5,False,Pointer Move (Standard mouse)
1785569732.680309,567,298,p1-block-3-trial-15-target-7,543.0,273.0,22.5,False,Pointer Move (Standard mouse)
1785569732.6876428,565,297,p1-block-3-trial-15-target-7,543.0,273.0,22.5,False,Pointer Move (Standard mouse)
1785569732.694579,563,296,p1-block-3-trial-15-target-7,543.0,273.0,22.5,False,Pointer Move (Standard mouse)
1785569732.70275,563,295,p1-block-3-trial-15-target-7,543.0,273.0,22.5,False,Pointer Move (Standard mouse)
1785569732.7077131,562,295,p1-block-3-trial-15-target-7,543.0,273.0,22.5,False,Pointer Move (Standard mouse)
1785569732.717303,562,294,p1-block-3-trial-15-target-7,543.0,273.0,22.5,False,Pointer Move (Standard mouse)
1785569732.723812,562,294,p1-block-3-trial-15-target-7,543.0,273.0,22.5,False,Pointer Move (Standard mouse)
1785569732.733097,561,294,p1-block-3-trial-15-target-7,543.0,273.0,22.5,False,Pointer Move (Standard mouse)
1785569732.7402592,561,294,p1-block-3-trial-15-target-7,543.0,273.0,22.5,False,Pointer Move (Standard mouse)
1785569732.747835,560,294,p1-block-3-trial-15-target-7,543.0,273.0,22.5,False,Pointer Move (Standard mouse)
1785569732.756059,559,294,p1-block-3-trial-15-target-7,543.0,273.0,22.5,False,Pointer Move (Standard mouse)
1785569732.76192,559,294,p1-block-3-trial-15-target-7,543.0,273.0,22.5,False,Pointer Move (Standard mouse)
1785569732.7702668,557,293,p1-block-3-trial-15-target-7,543.0,273.0,22.5,False,Pointer Move (Standard mouse)
1785569732.776227,556,293,p1-block-3-trial-15-target-7,543.0,273.0,22.5,False,Pointer Move (Standard mouse)
1785569732.784,555,293,p1-block-3-trial-15-target-7,543.0,273.0,22.5,False,Pointer Move (Standard mouse)
1785569732.792246,554,292,p1-block-3-trial-15-target-7,543.0,273.0,22.5,False,Pointer Move (Standard mouse)
1785569732.799341,554,292,p1-block-3-trial-15-target-7,543.0,273.0,22.5,False,Pointer Move (Standard mouse)
1785569732.806172,553,292,p1-block-3-trial-15-target-7,543.0,273.0,22.5,False,Pointer Move (Standard mouse)
1785569732.812895,553,292,p1-block-3-trial-15-target-7,543.0,273.0,22.5,False,Pointer Move (Standard mouse)
1785569732.8203049,553,292,p1-block-3-trial-15-target-7,543.0,273.0,22.5,False,Pointer Move (Standard mouse)
1785569732.828018,553,291,p1-block-3-trial-15-target-7,543.0,273.0,22.5,False,Pointer Move (Standard mouse)
1785569732.858901,553,291,p1-block-3-trial-15-target-7,543.0,273.0,22.5,False,Pointer Move (Standard mouse)
1785569732.9269838,553,291,p1-block-3-trial-15-target-7,543.0,273.0,22.5,False,Pointer Move (Standard mouse)
1785569732.949711,552,290,p1-block-3-trial-15-target-7,543.0,273.0,22.5,False,Pointer Move (Standard mouse)
1785569732.95597,552,290,p1-block-3-trial-15-target-7,543.0,273.0,22.5,False,Pointer Move (Standard mouse)
1785569732.964751,552,290,p1-block-3-trial-15-target-7,543.0,273.0,22.5,False,Pointer Move (Standard mouse)
1785569732.971852,552,289,p1-block-3-trial-15-target-7,543.0,273.0,22.5,False,Pointer Move (Standard mouse)
1785569732.979407,552,289,p1-block-3-trial-15-target-7,543.0,273.0,22.5,False,Pointer Move (Standard mouse)
1785569733.047453,552,289,p1-block-3-trial-15-target-7,543.0,273.0,22.5,False,Pointer Move (Standard mouse)
1785569733.06392,552,289,p1-block-3-trial-15-target-7,543.0,273.0,22.5,target_selected,target_selected
1785569733.082567,552,288,p1-block-3-trial-16-target-3,897.0,627.0,22.5,False,Pointer Move (Standard mouse)
1785569733.1216562,551,288,p1-block-3-trial-16-target-3,897.0,627.0,22.5,False,Pointer Move (Standard mouse)
1785569733.144161,551,288,p1-block-3-trial-16-target-3,897.0,627.0,22.5,False,Pointer Move (Standard mouse)
1785569733.153408,551,288,p1-block-3-trial-16-target-3,897.0,627.0,22.5,False,Pointer Move (Standard mouse)
1785569733.212306,551,288,p1-block-3-trial-16-target-3,897.0,627.0,22.5,False,Pointer Move (Standard mouse)
1785569733.219276,551,289,p1-block-3-trial-16-target-3,897.0,627.0,22.5,False,Pointer Move (Standard mouse)
1785569733.226572,556,298,p1-block-3-trial-16-target-3,897.0,627.0,22.5,False,Pointer Move (Standard mouse)
1785569733.233987,556,298,p1-block-3-trial-16-target-3,897.0,627.0,22.5,False,Pointer Move (Standard mouse)
1785569733.241904,566,309,p1-block-3-trial-16-target-3,897.0,627.0,22.5,False,Pointer Move (Standard mouse)
1785569733.2504199,574,319,p1-block-3-trial-16-target-3,897.0,627.0,22.5,False,Pointer Move (Standard mouse)
1785569733.256858,584,328,p1-block-3-trial-16-target-3,897.0,627.0,22.5,False,Pointer Move (Standard mouse)
1785569733.2639859,593,338,p1-block-3-trial-16-target-3,897.0,627.0,22.5,False,Pointer Move (Standard mouse)
1785569733.271308,603,349,p1-block-3-trial-16-target-3,897.0,627.0,22.5,False,Pointer Move (Standard mouse)
1785569733.278809,629,368,p1-block-3-trial-16-target-3,897.0,627.0,22.5,False,Pointer Move (Standard mouse)
1785569733.286133,644,381,p1-block-3-trial-16-target-3,897.0,627.0,22.5,False,Pointer Move (Standard mouse)
1785569733.293778,662,396,p1-block-3-trial-16-target-3,897.0,627.0,22.5,False,Pointer Move (Standard mouse)
1785569733.3008971,691,420,p1-block-3-trial-16-target-3,897.0,627.0,22.5,False,Pointer Move (Standard mouse)
1785569733.308039,704,431,p1-block-3-trial-16-target-3,897.0,627.0,22.5,False,Pointer Move (Standard mouse)
1785569733.315527,725,450,p1-block-3-trial-16-target-3,897.0,627.0,22.5,False,Pointer Move (Standard mouse)
1785569733.3230798,744,468,p1-block-3-trial-16-target-3,897.0,627.0,22.5,False,Pointer Move (Standard mouse)
1785569733.331451,757,481,p1-block-3-trial-16-target-3,897.0,627.0,22.5,False,Pointer Move (Standard mouse)
1785569733.3385322,777,498,p1-block-3-trial-16-target-3,897.0,627.0,22.5,False,Pointer Move (Standard mouse)
1785569733.3460648,797,515,p1-block-3-trial-16-target-3,897.0,627.0,22.5,False,Pointer Move (Standard mouse)
1785569733.353622,805,524,p1-block-3-trial-16-target-3,897.0,627.0,22.5,False,Pointer Move (Standard mouse)
1785569733.361072,823,541,p1-block-3-trial-16-target-3,897.0,627.0,22.5,False,Pointer Move (Standard mouse)
1785569733.368717,838,554,p1-block-3-trial-16-target-3,897.0,627.0,22.5,False,Pointer Move (Standard mouse)
1785569733.3760839,841,558,p1-block-3-trial-16-target-3,897.0,627.0,22.5,False,Pointer Move (Standard mouse)
1785569733.3835368,854,571,p1-block-3-trial-16-target-3,897.0,627.0,22.5,False,Pointer Move (Standard mouse)
1785569733.391083,858,577,p1-block-3-trial-16-target-3,897.0,627.0,22.5,False,Pointer Move (Standard mouse)
1785569733.398693,868,588,p1-block-3-trial-16-target-3,897.0,627.0,22.5,False,Pointer Move (Standard mouse)
1785569733.406187,869,590,p1-block-3-trial-16-target-3,897.0,627.0,22.5,False,Pointer Move (Standard mouse)
1785569733.413962,873,595,p1-block-3-trial-16-target-3,897.0,627.0,22.5,False,Pointer Move (Standard mouse)
1785569733.420269,880,604,p1-block-3-trial-16-target-3,897.0,627.0,22.5,False,Pointer Move (Standard mouse)
1785569733.427941,882,607,p1-block-3-trial-16-target-3,897.0,627.0,22.5,False,Pointer Move (Standard mouse)
1785569733.435767,885,611,p1-block-3-trial-16-target-3,897.0,627.0,22.5,False,Pointer Move (Standard mouse)
1785569733.443292,886,611,p1-block-3-trial-16-target-3,897.0,627.0,22.5,False,Pointer Move (Standard mouse)
1785569733.450681,886,612,p1-block-3-trial-16-target-3,897.0,627.0,22.5,False,Pointer Move (Standard mouse)
1785569733.4826071,886,612,p1-block-3-trial-16-target-3,897.0,627.0,22.5,False,Pointer Move (Standard mouse)
1785569733.488221,886,612,p1-block-3-trial-16-target-3,897.0,627.0,22.5,False,Pointer Move (Standard mouse)
1785569733.49605,886,612,p1-block-3-trial-16-target-3,897.0,627.0,22.5,False,Pointer Move (Standard mouse)
1785569733.502274,886,613,p1-block-3-trial-16-target-3,897.0,627.0,22.5,False,Pointer Move (Standard mouse)
1785569733.510881,887,613,p1-block-3-trial-16-target-3,897.0,627.0,22.5,False,Pointer Move (Standard mouse)
1785569733.5185049,887,613,p1-block-3-trial-16-target-3,897.0,627.0,22.5,False,Pointer Move (Standard mouse)
1785569733.541565,887,613,p1-block-3-trial-16-target-3,897.0,627.0,22.5,False,Pointer Move (Standard mouse)
1785569733.625273,887,614,p1-block-3-trial-16-target-3,897.0,627.0,22.5,False,Pointer Move (Standard mouse)
1785569733.647147,887,614,p1-block-3-trial-16-target-3,897.0,627.0,22.5,False,Pointer Move (Standard mouse)
1785569733.65462,888,614,p1-block-3-trial-16-target-3,897.0,627.0,22.5,False,Pointer Move (Standard mouse)
1785569733.661881,888,615,p1-block-3-trial-16-target-3,897.0,627.0,22.5,False,Pointer Move (Standard mouse)
1785569733.670242,889,615,p1-block-3-trial-16-target-3,897.0,627.0,22.5,False,Pointer Move (Standard mouse)
1785569733.6777449,889,616,p1-block-3-trial-16-target-3,897.0,627.0,22.5,False,Pointer Move (Standard mouse)
1785569733.729751,889,616,p1-block-3-trial-16-target-3,897.0,627.0,22.5,target_selected,target_selected
