timestamp,cursor_x,cursor_y,target_id,target_center_x,target_center_y,target_radius,click_event,movement_state
1786007903.642633,687,596,p1-block-1-trial-1-target-1,861.0,309.0,30.0,False,Pointer Move (Standard mouse)
1786007903.650848,707,591,p1-block-1-trial-1-target-1,861.0,309.0,30.0,False,Pointer Move (Standard mouse)
1786007903.658139,731,587,p1-block-1-trial-1-target-1,861.0,309.0,30.0,False,Pointer Move (Standard mouse)
1786007903.6657238,751,581,p1-block-1-trial-1-target-1,861.0,309.0,30.0,False,Pointer Move (Standard mouse)
1786007903.673742,775,575,p1-block-1-trial-1-target-1,861.0,309.0,30.0,False,Pointer Move (Standard mouse)
1786007903.681746,792,572,p1-block-1-trial-1-target-1,861.0,309.0,30.0,False,Pointer Move (Standard mouse)
1786007903.689842,806,567,p1-block-1-trial-1-target-1,861.0,309.0,30.0,False,Pointer Move (Standard mouse)
1786007903.698108,817,563,p1-block-1-trial-1-target-1,861.0,309.0,30.0,False,Pointer Move (Standard mouse)
1786007903.7061079,824,560,p1-block-1-trial-1-target-1,861.0,309.0,30.0,False,Pointer Move (Standard mouse)
1786007903.7142332,829,557,p1-block-1-trial-1-target-1,861.0,309.0,30.0,False,Pointer Move (Standard mouse)
1786007903.722152,832,554,p1-block-1-trial-1-target-1,861.0,309.0,30.0,False,Pointer Move (Standard mouse)
1786007903.730311,842,548,p1-block-1-trial-1-target-1,861.0,309.0,30.0,False,Pointer Move (Standard mouse)
1786007903.739102,849,545,p1-block-1-trial-1-target-1,861.0,309.0,30.0,False,Pointer Move (Standard mouse)
1786007903.746378,852,543,p1-block-1-trial-1-target-1,861.0,309.0,30.0,False,Pointer Move (Standard mouse)
1786007903.754794,853,542,p1-block-1-trial-1-target-1,861.0,309.0,30.0,False,Pointer Move (Standard mouse)
1786007903.76276,854,541,p1-block-1-trial-1-target-1,861.0,309.0,30.0,False,Pointer Move (Standard mouse)
1786007903.770566,855,540,p1-block-1-trial-1-target-1,861.0,309.0,30.0,False,Pointer Move (Standard mouse)
1786007903.779308,855,540,p1-block-1-trial-1-target-1,861.0,309.0,30.0,False,Pointer Move (Standard mouse)
1786007903.786977,855,539,p1-block-1-trial-1-target-1,861.0,309.0,30.0,False,Pointer Move (Standard mouse)
1786007903.795118,856,539,p1-block-1-trial-1-target-1,861.0,309.0,30.0,False,Pointer Move (Standard mouse)
1786007903.803426,856,538,p1-block-1-trial-1-target-1,861.0,309.0,30.0,False,Pointer Move (Standard mouse)
1786007903.811668,856,538,p1-block-1-trial-1-target-1,861.0,309.0,30.0,False,Pointer Move (Standard mouse)
1786007903.8196669,856,536,p1-block-1-trial-1-target-1,861.0,309.0,30.0,False,Pointer Move (Standard mouse)
1786007903.8275719,856,534,p1-block-1-trial-1-target-1,861.0,309.0,30.0,False,Pointer Move (Standard mouse)
1786007903.835281,857,530,p1-block-1-trial-1-target-1,861.0,309.0,30.0,False,Pointer Move (Standard mouse)
1786007903.844254,858,525,p1-block-1-trial-1-target-1,861.0,309.0,30.0,False,Pointer Move (Standard mouse)
1786007903.852181,859,519,p1-block-1-trial-1-target-1,861.0,309.0,30.0,False,Pointer Move (Standard mouse)
1786007903.8606489,861,510,p1-block-1-trial-1-target-1,861.0,309.0,30.0,False,Pointer Move (Standard mouse)
1786007903.868617,864,499,p1-block-1-trial-1-target-1,861.0,309.0,30.0,False,Pointer Move (Standard mouse)
1786007903.876773,868,488,p1-block-1-trial-1-target-1,861.0,309.0,30.0,False,Pointer Move (Standard mouse)
1786007903.8840718,874,478,p1-block-1-trial-1-target-1,861.0,309.0,30.0,False,Pointer Move (Standard mouse)
1786007903.892189,878,467,p1-block-1-trial-1-target-1,861.0,309.0,30.0,False,Pointer Move (Standard mouse)
1786007903.90056,880,462,p1-block-1-trial-1-target-1,861.0,309.0,30.0,False,Pointer Move (Standard mouse)
1786007903.908077,885,452,p1-block-1-trial-1-target-1,861.0,309.0,30.0,False,Pointer Move (Standard mouse)
1786007903.916357,889,446,p1-block-1-trial-1-target-1,861.0,309.0,30.0,False,Pointer Move (Standard mouse)
1786007903.924381,894,438,p1-block-1-trial-1-target-1,861.0,309.0,30.0,False,Pointer Move (Standard mouse)
1786007903.932574,897,433,p1-block-1-trial-1-target-1,861.0,309.0,30.0,False,Pointer Move (Standard mouse)
1786007903.940883,898,430,p1-block-1-trial-1-target-1,861.0,309.0,30.0,False,Pointer Move (Standard mouse)
1786007903.948859,901,426,p1-block-1-trial-1-target-1,861.0,309.0,30.0,False,Pointer Move (Standard mouse)
1786007903.957262,902,424,p1-block-1-trial-1-target-1,861.0,309.0,30.0,False,Pointer Move (Standard mouse)
1786007903.9652789,903,423,p1-block-1-trial-1-target-1,861.0,309.0,30.0,False,Pointer Move (Standard mouse)
1786007903.973492,904,422,p1-block-1-trial-1-target-1,861.0,309.0,30.0,False,Pointer Move (Standard mouse)
1786007903.981318,904,422,p1-block-1-trial-1-target-1,861.0,309.0,30.0,False,Pointer Move (Standard mouse)
1786007903.9892302,905,421,p1-block-1-trial-1-target-1,861.0,309.0,30.0,False,Pointer Move (Standard mouse)
1786007903.997222,905,421,p1-block-1-trial-1-target-1,861.0,309.0,30.0,False,Pointer Move (Standard mouse)
1786007906.5515141,906,421,p1-block-1-trial-1-target-1,861.0,309.0,30.0,False,Pointer Move (Standard mouse)
1786007906.554215,909,420,p1-block-1-trial-1-target-1,861.0,309.0,30.0,False,Pointer Move (Standard mouse)
1786007906.5617092,914,418,p1-block-1-trial-1-target-1,861.0,309.0,30.0,False,Pointer Move (Standard mouse)
1786007906.569769,925,413,p1-block-1-trial-1-target-1,861.0,309.0,30.0,False,Pointer Move (Standard mouse)
1786007906.578202,934,410,p1-block-1-trial-1-target-1,861.0,309.0,30.0,False,Pointer Move (Standard mouse)
1786007906.5871098,948,405,p1-block-1-trial-1-target-1,861.0,309.0,30.0,False,Pointer Move (Standard mouse)
1786007906.594384,965,400,p1-block-1-trial-1-target-1,861.0,309.0,30.0,False,Pointer Move (Standard mouse)
1786007906.602317,979,397,p1-block-1-trial-1-target-1,861.0,309.0,30.0,False,Pointer Move (Standard mouse)
1786007906.611824,995,393,p1-block-1-trial-1-target-1,861.0,309.0,30.0,False,Pointer Move (Standard mouse)
1786007906.619114,1012,392,p1-block-1-trial-1-target-1,861.0,309.0,30.0,False,Pointer Move (Standard mouse)
1786007906.62655,1029,390,p1-block-1-trial-1-target-1,861.0,309.0,30.0,False,Pointer Move (Standard mouse)
1786007906.635075,1046,388,p1-block-1-trial-1-target-1,861.0,309.0,30.0,False,Pointer Move (Standard mouse)
1786007906.643548,1063,387,p1-block-1-trial-1-target-1,861.0,309.0,30.0,False,Pointer Move (Standard mouse)
1786007906.6508532,1077,385,p1-block-1-trial-1-target-1,861.0,309.0,30.0,False,Pointer Move (Standard mouse)
1786007906.659532,1091,384,p1-block-1-trial-1-target-1,861.0,309.0,30.0,False,Pointer Move (Standard mouse)
1786007906.667742,1096,384,p1-block-1-trial-1-target-1,861.0,309.0,30.0,False,Pointer Move (Standard mouse)
1786007906.675015,1107,381,p1-block-1-trial-1-target-1,861.0,309.0,30.0,False,Pointer Move (Standard mouse)
1786007906.6839721,1116,380,p1-block-1-trial-1-target-1,861.0,309.0,30.0,False,Pointer Move (Standard mouse)
1786007906.691487,1122,378,p1-block-1-trial-1-target-1,861.0,309.0,30.0,False,Pointer Move (Standard mouse)
1786007906.699435,1127,377,p1-block-1-trial-1-target-1,861.0,309.0,30.0,False,Pointer Move (Standard mouse)
1786007906.707583,1130,375,p1-block-1-trial-1-target-1,861.0,309.0,30.0,False,Pointer Move (Standard mouse)
1786007906.7158668,1134,374,p1-block-1-trial-1-target-1,861.0,309.0,30.0,False,Pointer Move (Standard mouse)
1786007906.724206,1136,373,p1-block-1-trial-1-target-1,861.0,309.0,30.0,False,Pointer Move (Standard mouse)
1786007906.7318761,1137,372,p1-block-1-trial-1-target-1,861.0,309.0,30.0,False,Pointer Move (Standard mouse)
1786007906.740706,1138,371,p1-block-1-trial-1-target-1,861.0,309.0,30.0,False,Pointer Move (Standard mouse)
1786007906.748781,1139,370,p1-block-1-trial-1-target-1,861.0,309.0,30.0,False,Pointer Move (Standard mouse)
1786007906.756646,1139,369,p1-block-1-trial-1-target-1,861.0,309.0,30.0,False,Pointer Move (Standard mouse)
1786007906.764718,1139,368,p1-block-1-trial-1-target-1,861.0,309.0,30.0,False,Pointer Move (Standard mouse)
1786007906.772894,1139,368,p1-block-1-trial-1-target-1,861.0,309.0,30.0,False,Pointer Move (Standard mouse)
1786007906.7808168,1139,367,p1-block-1-trial-1-target-1,861.0,309.0,30.0,False,Pointer Move (Standard mouse)
1786007906.7887082,1139,366,p1-block-1-trial-1-target-1,861.0,309.0,30.0,False,Pointer Move (Standard mouse)
1786007906.796236,1139,365,p1-block-1-trial-1-target-1,861.0,309.0,30.0,False,Pointer Move (Standard mouse)
1786007906.804246,1135,361,p1-block-1-trial-1-target-1,861.0,309.0,30.0,False,Pointer Move (Standard mouse)
1786007906.8122408,1131,358,p1-block-1-trial-1-target-1,861.0,309.0,30.0,False,Pointer Move (Standard mouse)
1786007906.820471,1123,352,p1-block-1-trial-1-target-1,861.0,309.0,30.0,False,Pointer Move (Standard mouse)
1786007906.828535,1111,344,p1-block-1-trial-1-target-1,861.0,309.0,30.0,False,Pointer Move (Standard mouse)
1786007906.83673,1097,334,p1-block-1-trial-1-target-1,861.0,309.0,30.0,False,Pointer Move (Standard mouse)
1786007906.844898,1079,323,p1-block-1-trial-1-target-1,861.0,309.0,30.0,False,Pointer Move (Standard mouse)
1786007906.853514,1060,312,p1-block-1-trial-1-target-1,861.0,309.0,30.0,False,Pointer Move (Standard mouse)
1786007906.861079,1045,302,p1-block-1-trial-1-target-1,861.0,309.0,30.0,False,Pointer Move (Standard mouse)
1786007906.869407,1030,292,p1-block-1-trial-1-target-1,861.0,309.0,30.0,False,Pointer Move (Standard mouse)
1786007906.8774242,1023,290,p1-block-1-trial-1-target-1,861.0,309.0,30.0,False,Pointer Move (Standard mouse)
1786007906.885416,1012,284,p1-block-1-trial-1-target-1,861.0,309.0,30.0,False,Pointer Move (Standard mouse)
1786007906.893771,1003,280,p1-block-1-trial-1-target-1,861.0,309.0,30.0,False,Pointer Move (Standard mouse)
1786007906.9020412,995,278,p1-block-1-trial-1-target-1,861.0,309.0,30.0,False,Pointer Move (Standard mouse)
1786007906.9095948,990,277,p1-block-1-trial-1-target-1,861.0,309.0,30.0,False,Pointer Move (Standard mouse)
1786007906.918061,983,276,p1-block-1-trial-1-target-1,861.0,309.0,30.0,False,Pointer Move (Standard mouse)
1786007906.926434,980,275,p1-block-1-trial-1-target-1,861.0,309.0,30.0,False,Pointer Move (Standard mouse)
1786007906.9340632,975,275,p1-block-1-trial-1-target-1,861.0,309.0,30.0,False,Pointer Move (Standard mouse)
1786007906.942039,972,275,p1-block-1-trial-1-target-1,861.0,309.0,30.0,False,Pointer Move (Standard mouse)
1786007906.9507651,969,275,p1-block-1-trial-1-target-1,861.0,309.0,30.0,False,Pointer Move (Standard mouse)
1786007906.958512,965,275,p1-block-1-trial-1-target-1,861.0,309.0,30.0,False,Pointer Move (Standard mouse)
1786007906.966474,962,275,p1-block-1-trial-1-target-1,861.0,309.0,30.0,False,Pointer Move (Standard mouse)
1786007906.9745731,959,275,p1-block-1-trial-1-target-1,861.0,309.0,30.0,False,Pointer Move (Standard mouse)
1786007906.982857,957,275,p1-block-1-trial-1-target-1,861.0,309.0,30.0,False,Pointer Move (Standard mouse)
1786007906.990777,954,275,p1-block-1-trial-1-target-1,861.0,309.0,30.0,False,Pointer Move (Standard mouse)
1786007906.998799,952,275,p1-block-1-trial-1-target-1,861.0,309.0,30.0,False,Pointer Move (Standard mouse)
1786007907.007058,950,275,p1-block-1-trial-1-target-1,861.0,309.0,30.0,False,Pointer Move (Standard mouse)
1786007907.014706,948,275,p1-block-1-trial-1-target-1,861.0,309.0,30.0,False,Pointer Move (Standard mouse)
1786007907.023123,947,275,p1-block-1-trial-1-target-1,861.0,309.0,30.0,False,Pointer Move (Standard mouse)
1786007907.0312781,945,275,p1-block-1-trial-1-target-1,861.0,309.0,30.0,False,Pointer Move (Standard mouse)
1786007907.0390909,943,275,p1-block-1-trial-1-target-1,861.0,309.0,30.0,False,Pointer Move (Standard mouse)
1786007907.047319,943,275,p1-block-1-trial-1-target-1,861.0,309.0,30.0,False,Pointer Move (Standard mouse)
1786007907.0554821,942,275,p1-block-1-trial-1-target-1,861.0,309.0,30.0,False,Pointer Move (Standard mouse)
1786007907.063232,942,275,p1-block-1-trial-1-target-1,861.0,309.0,30.0,False,Pointer Move (Standard mouse)
1786007907.071999,941,275,p1-block-1-trial-1-target-1,861.0,309.0,30.0,False,Pointer Move (Standard mouse)
1786007907.0797539,940,275,p1-block-1-trial-1-target-1,861.0,309.0,30.0,False,Pointer Move (Standard mouse)
1786007907.087831,940,275,p1-block-1-trial-1-target-1,861.0,309.0,30.0,False,Pointer Move (Standard mouse)
1786007907.0962172,939,275,p1-block-1-trial-1-target-1,861.0,309.0,30.0,False,Pointer Move (Standard mouse)
1786007907.104131,938,276,p1-block-1-trial-1-target-1,861.0,309.0,30.0,False,Pointer Move (Standard mouse)
1786007907.112629,937,276,p1-block-1-trial-1-target-1,861.0,309.0,30.0,False,Pointer Move (Standard mouse)
1786007907.1201868,936,277,p1-block-1-trial-1-target-1,861.0,309.0,30.0,False,Pointer Move (Standard mouse)
1786007907.128665,932,280,p1-block-1-trial-1-target-1,861.0,309.0,30.0,False,Pointer Move (Standard mouse)
1786007907.136835,929,283,p1-block-1-trial-1-target-1,861.0,309.0,30.0,False,Pointer Move (Standard mouse)
1786007907.1448598,925,285,p1-block-1-trial-1-target-1,861.0,309.0,30.0,False,Pointer Move (Standard mouse)
1786007907.152878,921,288,p1-block-1-trial-1-target-1,861.0,309.0,30.0,False,Pointer Move (Standard mouse)
1786007907.1605508,916,291,p1-block-1-trial-1-target-1,861.0,309.0,30.0,False,Pointer Move (Standard mouse)
1786007907.168396,911,293,p1-block-1-trial-1-target-1,861.0,309.0,30.0,False,Pointer Move (Standard mouse)
1786007907.176565,904,297,p1-block-1-trial-1-target-1,861.0,309.0,30.0,False,Pointer Move (Standard mouse)
1786007907.18481,900,299,p1-block-1-trial-1-target-1,861.0,309.0,30.0,False,Pointer Move (Standard mouse)
1786007907.192984,896,300,p1-block-1-trial-1-target-1,861.0,309.0,30.0,False,Pointer Move (Standard mouse)
1786007907.201252,892,302,p1-block-1-trial-1-target-1,861.0,309.0,30.0,False,Pointer Move (Standard mouse)
1786007907.209229,888,304,p1-block-1-trial-1-target-1,861.0,309.0,30.0,False,Pointer Move (Standard mouse)
1786007907.2175932,885,305,p1-block-1-trial-1-target-1,861.0,309.0,30.0,False,Pointer Move (Standard mouse)
1786007907.225732,883,306,p1-block-1-trial-1-target-1,861.0,309.0,30.0,False,Pointer Move (Standard mouse)
1786007907.234117,880,307,p1-block-1-trial-1-target-1,861.0,309.0,30.0,False,Pointer Move (Standard mouse)
1786007907.241741,878,307,p1-block-1-trial-1-target-1,861.0,309.0,30.0,False,Pointer Move (Standard mouse)
1786007907.2498188,875,308,p1-block-1-trial-1-target-1,861.0,309.0,30.0,False,Pointer Move (Standard mouse)
1786007907.257688,873,309,p1-block-1-trial-1-target-1,861.0,309.0,30.0,False,Pointer Move (Standard mouse)
1786007907.265878,870,310,p1-block-1-trial-1-target-1,861.0,309.0,30.0,False,Pointer Move (Standard mouse)
1786007907.2738008,867,310,p1-block-1-trial-1-target-1,861.0,309.0,30.0,False,Pointer Move (Standard mouse)
1786007907.281812,866,311,p1-block-1-trial-1-target-1,861.0,309.0,30.0,False,Pointer Move (Standard mouse)
1786007907.290078,864,311,p1-block-1-trial-1-target-1,861.0,309.0,30.0,False,Pointer Move (Standard mouse)
1786007907.298283,863,311,p1-block-1-trial-1-target-1,861.0,309.0,30.0,False,Pointer Move (Standard mouse)
1786007907.3060322,862,311,p1-block-1-trial-1-target-1,861.0,309.0,30.0,False,Pointer Move (Standard mouse)
1786007907.3141031,862,311,p1-block-1-trial-1-target-1,861.0,309.0,30.0,False,Pointer Move (Standard mouse)
1786007907.322483,861,311,p1-block-1-trial-1-target-1,861.0,309.0,30.0,False,Pointer Move (Standard mouse)
1786007907.330567,861,311,p1-block-1-trial-1-target-1,861.0,309.0,30.0,False,Pointer Move (Standard mouse)
1786007907.3388832,861,311,p1-block-1-trial-1-target-1,861.0,309.0,30.0,False,Pointer Move (Standard mouse)
1786007907.363125,860,311,p1-block-1-trial-1-target-1,861.0,309.0,30.0,False,Pointer Move (Standard mouse)
1786007907.439632,860,311,p1-block-1-trial-1-target-1,861.0,309.0,30.0,target_selected,target_selected
1786007907.939756,860,311,p1-block-1-trial-2-target-5,579.0,591.0,30.0,False,Pointer Move (Standard mouse)
1786007907.945981,851,313,p1-block-1-trial-2-target-5,579.0,591.0,30.0,False,Pointer Move (Standard mouse)
1786007907.954318,841,318,p1-block-1-trial-2-target-5,579.0,591.0,30.0,False,Pointer Move (Standard mouse)
1786007907.9618108,831,324,p1-block-1-trial-2-target-5,579.0,591.0,30.0,False,Pointer Move (Standard mouse)
1786007907.969858,822,331,p1-block-1-trial-2-target-5,579.0,591.0,30.0,False,Pointer Move (Standard mouse)
1786007907.978127,814,336,p1-block-1-trial-2-target-5,579.0,591.0,30.0,False,Pointer Move (Standard mouse)
1786007907.9859142,804,343,p1-block-1-trial-2-target-5,579.0,591.0,30.0,False,Pointer Move (Standard mouse)
1786007907.993911,788,356,p1-block-1-trial-2-target-5,579.0,591.0,30.0,False,Pointer Move (Standard mouse)
1786007908.002344,771,369,p1-block-1-trial-2-target-5,579.0,591.0,30.0,False,Pointer Move (Standard mouse)
1786007908.010997,758,379,p1-block-1-trial-2-target-5,579.0,591.0,30.0,False,Pointer Move (Standard mouse)
1786007908.018605,741,392,p1-block-1-trial-2-target-5,579.0,591.0,30.0,False,Pointer Move (Standard mouse)
1786007908.0266309,730,402,p1-block-1-trial-2-target-5,579.0,591.0,30.0,False,Pointer Move (Standard mouse)
1786007908.035131,717,414,p1-block-1-trial-2-target-5,579.0,591.0,30.0,False,Pointer Move (Standard mouse)
1786007908.042917,703,424,p1-block-1-trial-2-target-5,579.0,591.0,30.0,False,Pointer Move (Standard mouse)
1786007908.051039,690,436,p1-block-1-trial-2-target-5,579.0,591.0,30.0,False,Pointer Move (Standard mouse)
1786007908.058801,676,448,p1-block-1-trial-2-target-5,579.0,591.0,30.0,False,Pointer Move (Standard mouse)
1786007908.067567,665,457,p1-block-1-trial-2-target-5,579.0,591.0,30.0,False,Pointer Move (Standard mouse)
1786007908.074972,652,469,p1-block-1-trial-2-target-5,579.0,591.0,30.0,False,Pointer Move (Standard mouse)
1786007908.083436,641,480,p1-block-1-trial-2-target-5,579.0,591.0,30.0,False,Pointer Move (Standard mouse)
1786007908.091569,627,492,p1-block-1-trial-2-target-5,579.0,591.0,30.0,False,Pointer Move (Standard mouse)
1786007908.0991979,617,503,p1-block-1-trial-2-target-5,579.0,591.0,30.0,False,Pointer Move (Standard mouse)
1786007908.107589,603,515,p1-block-1-trial-2-target-5,579.0,591.0,30.0,False,Pointer Move (Standard mouse)
1786007908.11583,590,525,p1-block-1-trial-2-target-5,579.0,591.0,30.0,False,Pointer Move (Standard mouse)
1786007908.124331,576,537,p1-block-1-trial-2-target-5,579.0,591.0,30.0,False,Pointer Move (Standard mouse)
1786007908.13159,562,547,p1-block-1-trial-2-target-5,579.0,591.0,30.0,False,Pointer Move (Standard mouse)
1786007908.140373,549,557,p1-block-1-trial-2-target-5,579.0,591.0,30.0,False,Pointer Move (Standard mouse)
1786007908.148118,539,564,p1-block-1-trial-2-target-5,579.0,591.0,30.0,False,Pointer Move (Standard mouse)
1786007908.1560478,534,568,p1-block-1-trial-2-target-5,579.0,591.0,30.0,False,Pointer Move (Standard mouse)
1786007908.164039,526,574,p1-block-1-trial-2-target-5,579.0,591.0,30.0,False,Pointer Move (Standard mouse)
1786007908.172132,519,579,p1-block-1-trial-2-target-5,579.0,591.0,30.0,False,Pointer Move (Standard mouse)
1786007908.179971,511,586,p1-block-1-trial-2-target-5,579.0,591.0,30.0,False,Pointer Move (Standard mouse)
1786007908.188152,506,590,p1-block-1-trial-2-target-5,579.0,591.0,30.0,False,Pointer Move (Standard mouse)
1786007908.196393,500,595,p1-block-1-trial-2-target-5,579.0,591.0,30.0,False,Pointer Move (Standard mouse)
1786007908.2045188,488,602,p1-block-1-trial-2-target-5,579.0,591.0,30.0,False,Pointer Move (Standard mouse)
1786007908.21245,482,607,p1-block-1-trial-2-target-5,579.0,591.0,30.0,False,Pointer Move (Standard mouse)
1786007908.2206779,477,611,p1-block-1-trial-2-target-5,579.0,591.0,30.0,False,Pointer Move (Standard mouse)
1786007908.228915,469,616,p1-block-1-trial-2-target-5,579.0,591.0,30.0,False,Pointer Move (Standard mouse)
1786007908.2368262,466,618,p1-block-1-trial-2-target-5,579.0,591.0,30.0,False,Pointer Move (Standard mouse)
1786007908.245044,458,623,p1-block-1-trial-2-target-5,579.0,591.0,30.0,False,Pointer Move (Standard mouse)
1786007908.2532039,454,626,p1-block-1-trial-2-target-5,579.0,591.0,30.0,False,Pointer Move (Standard mouse)
1786007908.261054,450,628,p1-block-1-trial-2-target-5,579.0,591.0,30.0,False,Pointer Move (Standard mouse)
1786007908.269238,447,630,p1-block-1-trial-2-target-5,579.0,591.0,30.0,False,Pointer Move (Standard mouse)
1786007908.277188,445,631,p1-block-1-trial-2-target-5,579.0,591.0,30.0,False,Pointer Move (Standard mouse)
1786007908.285203,443,632,p1-block-1-trial-2-target-5,579.0,591.0,30.0,False,Pointer Move (Standard mouse)
1786007908.293379,442,632,p1-block-1-trial-2-target-5,579.0,591.0,30.0,False,Pointer Move (Standard mouse)
1786007908.301632,442,633,p1-block-1-trial-2-target-5,579.0,591.0,30.0,False,Pointer Move (Standard mouse)
1786007908.3094919,442,633,p1-block-1-trial-2-target-5,579.0,591.0,30.0,False,Pointer Move (Standard mouse)
1786007908.3422542,443,633,p1-block-1-trial-2-target-5,579.0,591.0,30.0,False,Pointer Move (Standard mouse)
1786007908.3501859,446,633,p1-block-1-trial-2-target-5,579.0,591.0,30.0,False,Pointer Move (Standard mouse)
1786007908.3585339,451,632,p1-block-1-trial-2-target-5,579.0,591.0,30.0,False,Pointer Move (Standard mouse)
1786007908.3659909,456,631,p1-block-1-trial-2-target-5,579.0,591.0,30.0,False,Pointer Move (Standard mouse)
1786007908.374382,464,629,p1-block-1-trial-2-target-5,579.0,591.0,30.0,False,Pointer Move (Standard mouse)
1786007908.3825011,476,626,p1-block-1-trial-2-target-5,579.0,591.0,30.0,False,Pointer Move (Standard mouse)
1786007908.390589,487,625,p1-block-1-trial-2-target-5,579.0,591.0,30.0,False,Pointer Move (Standard mouse)
1786007908.39852,501,621,p1-block-1-trial-2-target-5,579.0,591.0,30.0,False,Pointer Move (Standard mouse)
1786007908.4067788,515,618,p1-block-1-trial-2-target-5,579.0,591.0,30.0,False,Pointer Move (Standard mouse)
1786007908.4151511,528,617,p1-block-1-trial-2-target-5,579.0,591.0,30.0,False,Pointer Move (Standard mouse)
1786007908.422959,542,614,p1-block-1-trial-2-target-5,579.0,591.0,30.0,False,Pointer Move (Standard mouse)
1786007908.431618,549,614,p1-block-1-trial-2-target-5,579.0,591.0,30.0,False,Pointer Move (Standard mouse)
1786007908.4393852,560,612,p1-block-1-trial-2-target-5,579.0,591.0,30.0,False,Pointer Move (Standard mouse)
1786007908.4470131,567,611,p1-block-1-trial-2-target-5,579.0,591.0,30.0,False,Pointer Move (Standard mouse)
1786007908.455801,573,610,p1-block-1-trial-2-target-5,579.0,591.0,30.0,False,Pointer Move (Standard mouse)
1786007908.463752,577,610,p1-block-1-trial-2-target-5,579.0,591.0,30.0,False,Pointer Move (Standard mouse)
1786007908.471566,579,609,p1-block-1-trial-2-target-5,579.0,591.0,30.0,False,Pointer Move (Standard mouse)
1786007908.479682,581,609,p1-block-1-trial-2-target-5,579.0,591.0,30.0,False,Pointer Move (Standard mouse)
1786007908.487618,581,609,p1-block-1-trial-2-target-5,579.0,591.0,30.0,False,Pointer Move (Standard mouse)
1786007908.4958022,581,609,p1-block-1-trial-2-target-5,579.0,591.0,30.0,False,Pointer Move (Standard mouse)
1786007908.5038662,582,609,p1-block-1-trial-2-target-5,579.0,591.0,30.0,False,Pointer Move (Standard mouse)
1786007908.5118332,582,609,p1-block-1-trial-2-target-5,579.0,591.0,30.0,False,Pointer Move (Standard mouse)
1786007908.59462,582,609,p1-block-1-trial-2-target-5,579.0,591.0,30.0,False,Pointer Move (Standard mouse)
1786007908.601419,582,608,p1-block-1-trial-2-target-5,579.0,591.0,30.0,False,Pointer Move (Standard mouse)
1786007908.609498,581,608,p1-block-1-trial-2-target-5,579.0,591.0,30.0,False,Pointer Move (Standard mouse)
1786007908.617434,581,608,p1-block-1-trial-2-target-5,579.0,591.0,30.0,False,Pointer Move (Standard mouse)
1786007908.6263301,581,608,p1-block-1-trial-2-target-5,579.0,591.0,30.0,False,Pointer Move (Standard mouse)
1786007908.634021,581,607,p1-block-1-trial-2-target-5,579.0,591.0,30.0,False,Pointer Move (Standard mouse)
1786007908.6421819,581,606,p1-block-1-trial-2-target-5,579.0,591.0,30.0,False,Pointer Move (Standard mouse)
1786007908.650203,581,606,p1-block-1-trial-2-target-5,579.0,591.0,30.0,False,Pointer Move (Standard mouse)
1786007908.657737,581,605,p1-block-1-trial-2-target-5,579.0,591.0,30.0,False,Pointer Move (Standard mouse)
1786007908.665993,581,604,p1-block-1-trial-2-target-5,579.0,591.0,30.0,False,Pointer Move (Standard mouse)
1786007908.673704,581,604,p1-block-1-trial-2-target-5,579.0,591.0,30.0,False,Pointer Move (Standard mouse)
1786007908.681844,581,604,p1-block-1-trial-2-target-5,579.0,591.0,30.0,False,Pointer Move (Standard mouse)
1786007908.689682,581,603,p1-block-1-trial-2-target-5,579.0,591.0,30.0,False,Pointer Move (Standard mouse)
1786007908.697645,581,602,p1-block-1-trial-2-target-5,579.0,591.0,30.0,False,Pointer Move (Standard mouse)
1786007908.70559,581,602,p1-block-1-trial-2-target-5,579.0,591.0,30.0,False,Pointer Move (Standard mouse)
1786007908.714147,581,601,p1-block-1-trial-2-target-5,579.0,591.0,30.0,False,Pointer Move (Standard mouse)
1786007908.722265,581,601,p1-block-1-trial-2-target-5,579.0,591.0,30.0,False,Pointer Move (Standard mouse)
1786007908.730391,581,601,p1-block-1-trial-2-target-5,579.0,591.0,30.0,False,Pointer Move (Standard mouse)
1786007908.755519,581,601,p1-block-1-trial-2-target-5,579.0,591.0,30.0,target_selected,target_selected
1786007908.782203,581,601,p1-block-1-trial-3-target-1,861.0,309.0,30.0,False,Pointer Move (Standard mouse)
1786007909.168448,581,600,p1-block-1-trial-3-target-1,861.0,309.0,30.0,False,Pointer Move (Standard mouse)
1786007909.1763961,584,596,p1-block-1-trial-3-target-1,861.0,309.0,30.0,False,Pointer Move (Standard mouse)
1786007909.183576,593,590,p1-block-1-trial-3-target-1,861.0,309.0,30.0,False,Pointer Move (Standard mouse)
1786007909.191338,607,580,p1-block-1-trial-3-target-1,861.0,309.0,30.0,False,Pointer Move (Standard mouse)
1786007909.1995149,619,572,p1-block-1-trial-3-target-1,861.0,309.0,30.0,False,Pointer Move (Standard mouse)
1786007909.207764,632,564,p1-block-1-trial-3-target-1,861.0,309.0,30.0,False,Pointer Move (Standard mouse)
1786007909.215779,644,557,p1-block-1-trial-3-target-1,861.0,309.0,30.0,False,Pointer Move (Standard mouse)
1786007909.223659,678,540,p1-block-1-trial-3-target-1,861.0,309.0,30.0,False,Pointer Move (Standard mouse)
1786007909.232042,693,531,p1-block-1-trial-3-target-1,861.0,309.0,30.0,False,Pointer Move (Standard mouse)
1786007909.240318,728,516,p1-block-1-trial-3-target-1,861.0,309.0,30.0,False,Pointer Move (Standard mouse)
1786007909.24834,757,503,p1-block-1-trial-3-target-1,861.0,309.0,30.0,False,Pointer Move (Standard mouse)
1786007909.256792,787,489,p1-block-1-trial-3-target-1,861.0,309.0,30.0,False,Pointer Move (Standard mouse)
1786007909.264457,813,478,p1-block-1-trial-3-target-1,861.0,309.0,30.0,False,Pointer Move (Standard mouse)
1786007909.272524,822,476,p1-block-1-trial-3-target-1,861.0,309.0,30.0,False,Pointer Move (Standard mouse)
1786007909.280608,835,470,p1-block-1-trial-3-target-1,861.0,309.0,30.0,False,Pointer Move (Standard mouse)
1786007909.2893639,849,465,p1-block-1-trial-3-target-1,861.0,309.0,30.0,False,Pointer Move (Standard mouse)
1786007909.29703,856,462,p1-block-1-trial-3-target-1,861.0,309.0,30.0,False,Pointer Move (Standard mouse)
1786007909.305046,863,459,p1-block-1-trial-3-target-1,861.0,309.0,30.0,False,Pointer Move (Standard mouse)
1786007909.313008,866,458,p1-block-1-trial-3-target-1,861.0,309.0,30.0,False,Pointer Move (Standard mouse)
1786007909.3213482,869,456,p1-block-1-trial-3-target-1,861.0,309.0,30.0,False,Pointer Move (Standard mouse)
1786007909.330344,870,456,p1-block-1-trial-3-target-1,861.0,309.0,30.0,False,Pointer Move (Standard mouse)
1786007909.337145,871,455,p1-block-1-trial-3-target-1,861.0,309.0,30.0,False,Pointer Move (Standard mouse)
1786007909.3451798,872,455,p1-block-1-trial-3-target-1,861.0,309.0,30.0,False,Pointer Move (Standard mouse)
1786007909.353406,872,455,p1-block-1-trial-3-target-1,861.0,309.0,30.0,False,Pointer Move (Standard mouse)
1786007909.3612869,872,455,p1-block-1-trial-3-target-1,861.0,309.0,30.0,False,Pointer Move (Standard mouse)
1786007909.402973,872,455,p1-block-1-trial-3-target-1,861.0,309.0,30.0,False,Pointer Move (Standard mouse)
1786007916.710589,873,455,p1-block-1-trial-3-target-1,861.0,309.0,30.0,False,Pointer Move (Standard mouse)
1786007916.717141,887,455,p1-block-1-trial-3-target-1,861.0,309.0,30.0,False,Pointer Move (Standard mouse)
1786007916.72525,904,455,p1-block-1-trial-3-target-1,861.0,309.0,30.0,False,Pointer Move (Standard mouse)
1786007916.732784,917,453,p1-block-1-trial-3-target-1,861.0,309.0,30.0,False,Pointer Move (Standard mouse)
1786007916.740854,934,451,p1-block-1-trial-3-target-1,861.0,309.0,30.0,False,Pointer Move (Standard mouse)
1786007916.7488608,955,448,p1-block-1-trial-3-target-1,861.0,309.0,30.0,False,Pointer Move (Standard mouse)
1786007916.75691,972,444,p1-block-1-trial-3-target-1,861.0,309.0,30.0,False,Pointer Move (Standard mouse)
1786007916.765204,988,441,p1-block-1-trial-3-target-1,861.0,309.0,30.0,False,Pointer Move (Standard mouse)
1786007916.773681,1002,438,p1-block-1-trial-3-target-1,861.0,309.0,30.0,False,Pointer Move (Standard mouse)
1786007916.781436,1013,435,p1-block-1-trial-3-target-1,861.0,309.0,30.0,False,Pointer Move (Standard mouse)
1786007916.789541,1034,429,p1-block-1-trial-3-target-1,861.0,309.0,30.0,False,Pointer Move (Standard mouse)
1786007916.7975721,1042,428,p1-block-1-trial-3-target-1,861.0,309.0,30.0,False,Pointer Move (Standard mouse)
1786007916.8057332,1056,424,p1-block-1-trial-3-target-1,861.0,309.0,30.0,False,Pointer Move (Standard mouse)
1786007916.813631,1070,419,p1-block-1-trial-3-target-1,861.0,309.0,30.0,False,Pointer Move (Standard mouse)
1786007916.821934,1079,415,p1-block-1-trial-3-target-1,861.0,309.0,30.0,False,Pointer Move (Standard mouse)
1786007916.830016,1086,412,p1-block-1-trial-3-target-1,861.0,309.0,30.0,False,Pointer Move (Standard mouse)
1786007916.8385332,1090,409,p1-block-1-trial-3-target-1,861.0,309.0,30.0,False,Pointer Move (Standard mouse)
1786007916.8467321,1093,407,p1-block-1-trial-3-target-1,861.0,309.0,30.0,False,Pointer Move (Standard mouse)
1786007916.85478,1095,404,p1-block-1-trial-3-target-1,861.0,309.0,30.0,False,Pointer Move (Standard mouse)
1786007916.8627698,1097,402,p1-block-1-trial-3-target-1,861.0,309.0,30.0,False,Pointer Move (Standard mouse)
1786007916.870945,1097,401,p1-block-1-trial-3-target-1,861.0,309.0,30.0,False,Pointer Move (Standard mouse)
1786007916.87924,1098,398,p1-block-1-trial-3-target-1,861.0,309.0,30.0,False,Pointer Move (Standard mouse)
1786007916.886656,1099,396,p1-block-1-trial-3-target-1,861.0,309.0,30.0,False,Pointer Move (Standard mouse)
1786007916.894646,1099,393,p1-block-1-trial-3-target-1,861.0,309.0,30.0,False,Pointer Move (Standard mouse)
1786007916.902899,1099,391,p1-block-1-trial-3-target-1,861.0,309.0,30.0,False,Pointer Move (Standard mouse)
1786007916.9107761,1099,387,p1-block-1-trial-3-target-1,861.0,309.0,30.0,False,Pointer Move (Standard mouse)
1786007916.918623,1099,384,p1-block-1-trial-3-target-1,861.0,309.0,30.0,False,Pointer Move (Standard mouse)
1786007916.926799,1099,381,p1-block-1-trial-3-target-1,861.0,309.0,30.0,False,Pointer Move (Standard mouse)
1786007916.9347231,1098,378,p1-block-1-trial-3-target-1,861.0,309.0,30.0,False,Pointer Move (Standard mouse)
1786007916.942867,1095,374,p1-block-1-trial-3-target-1,861.0,309.0,30.0,False,Pointer Move (Standard mouse)
1786007916.951076,1089,366,p1-block-1-trial-3-target-1,861.0,309.0,30.0,False,Pointer Move (Standard mouse)
1786007916.959338,1085,362,p1-block-1-trial-3-target-1,861.0,309.0,30.0,False,Pointer Move (Standard mouse)
1786007916.967507,1077,356,p1-block-1-trial-3-target-1,861.0,309.0,30.0,False,Pointer Move (Standard mouse)
1786007916.975743,1070,350,p1-block-1-trial-3-target-1,861.0,309.0,30.0,False,Pointer Move (Standard mouse)
1786007916.983796,1059,341,p1-block-1-trial-3-target-1,861.0,309.0,30.0,False,Pointer Move (Standard mouse)
1786007916.991801,1048,331,p1-block-1-trial-3-target-1,861.0,309.0,30.0,False,Pointer Move (Standard mouse)
1786007917.000185,1033,323,p1-block-1-trial-3-target-1,861.0,309.0,30.0,False,Pointer Move (Standard mouse)
1786007917.008349,1019,313,p1-block-1-trial-3-target-1,861.0,309.0,30.0,False,Pointer Move (Standard mouse)
1786007917.0159402,1004,304,p1-block-1-trial-3-target-1,861.0,309.0,30.0,False,Pointer Move (Standard mouse)
1786007917.024147,986,293,p1-block-1-trial-3-target-1,861.0,309.0,30.0,False,Pointer Move (Standard mouse)
1786007917.0321522,972,287,p1-block-1-trial-3-target-1,861.0,309.0,30.0,False,Pointer Move (Standard mouse)
1786007917.040854,953,278,p1-block-1-trial-3-target-1,861.0,309.0,30.0,False,Pointer Move (Standard mouse)
1786007917.0488188,936,271,p1-block-1-trial-3-target-1,861.0,309.0,30.0,False,Pointer Move (Standard mouse)
1786007917.056489,920,266,p1-block-1-trial-3-target-1,861.0,309.0,30.0,False,Pointer Move (Standard mouse)
1786007917.0645041,915,263,p1-block-1-trial-3-target-1,861.0,309.0,30.0,False,Pointer Move (Standard mouse)
1786007917.072702,904,259,p1-block-1-trial-3-target-1,861.0,309.0,30.0,False,Pointer Move (Standard mouse)
1786007917.080895,895,256,p1-block-1-trial-3-target-1,861.0,309.0,30.0,False,Pointer Move (Standard mouse)
1786007917.089439,888,254,p1-block-1-trial-3-target-1,861.0,309.0,30.0,False,Pointer Move (Standard mouse)
1786007917.0972002,883,253,p1-block-1-trial-3-target-1,861.0,309.0,30.0,False,Pointer Move (Standard mouse)
1786007917.10522,881,252,p1-block-1-trial-3-target-1,861.0,309.0,30.0,False,Pointer Move (Standard mouse)
1786007917.113112,879,252,p1-block-1-trial-3-target-1,861.0,309.0,30.0,False,Pointer Move (Standard mouse)
1786007917.121189,878,251,p1-block-1-trial-3-target-1,861.0,309.0,30.0,False,Pointer Move (Standard mouse)
1786007917.129576,878,251,p1-block-1-trial-3-target-1,861.0,309.0,30.0,False,Pointer Move (Standard mouse)
1786007917.136992,878,251,p1-block-1-trial-3-target-1,861.0,309.0,30.0,False,Pointer Move (Standard mouse)
1786007917.153538,878,250,p1-block-1-trial-3-target-1,861.0,309.0,30.0,False,Pointer Move (Standard mouse)
1786007917.2275379,878,251,p1-block-1-trial-3-target-1,861.0,309.0,30.0,False,Pointer Move (Standard mouse)
1786007917.234849,878,252,p1-block-1-trial-3-target-1,861.0,309.0,30.0,False,Pointer Move (Standard mouse)
1786007917.242899,878,252,p1-block-1-trial-3-target-1,861.0,309.0,30.0,False,Pointer Move (Standard mouse)
1786007917.250751,878,254,p1-block-1-trial-3-target-1,861.0,309.0,30.0,False,Pointer Move (Standard mouse)
1786007917.258904,878,255,p1-block-1-trial-3-target-1,861.0,309.0,30.0,False,Pointer Move (Standard mouse)
1786007917.266944,878,256,p1-block-1-trial-3-target-1,861.0,309.0,30.0,False,Pointer Move (Standard mouse)
1786007917.274837,878,258,p1-block-1-trial-3-target-1,861.0,309.0,30.0,False,Pointer Move (Standard mouse)
1786007917.282902,878,261,p1-block-1-trial-3-target-1,861.0,309.0,30.0,False,Pointer Move (Standard mouse)
1786007917.2912588,878,266,p1-block-1-trial-3-target-1,861.0,309.0,30.0,False,Pointer Move (Standard mouse)
1786007917.299413,878,271,p1-block-1-trial-3-target-1,861.0,309.0,30.0,False,Pointer Move (Standard mouse)
1786007917.307306,878,278,p1-block-1-trial-3-target-1,861.0,309.0,30.0,False,Pointer Move (Standard mouse)
1786007917.315339,876,284,p1-block-1-trial-3-target-1,861.0,309.0,30.0,False,Pointer Move (Standard mouse)
1786007917.323254,873,293,p1-block-1-trial-3-target-1,861.0,309.0,30.0,False,Pointer Move (Standard mouse)
1786007917.33165,868,303,p1-block-1-trial-3-target-1,861.0,309.0,30.0,False,Pointer Move (Standard mouse)
1786007917.33983,864,311,p1-block-1-trial-3-target-1,861.0,309.0,30.0,False,Pointer Move (Standard mouse)
1786007917.347837,858,321,p1-block-1-trial-3-target-1,861.0,309.0,30.0,False,Pointer Move (Standard mouse)
1786007917.3562691,857,324,p1-block-1-trial-3-target-1,861.0,309.0,30.0,False,Pointer Move (Standard mouse)
1786007917.363884,852,332,p1-block-1-trial-3-target-1,861.0,309.0,30.0,False,Pointer Move (Standard mouse)
1786007917.3724182,847,339,p1-block-1-trial-3-target-1,861.0,309.0,30.0,False,Pointer Move (Standard mouse)
1786007917.3801699,843,343,p1-block-1-trial-3-target-1,861.0,309.0,30.0,False,Pointer Move (Standard mouse)
1786007917.388201,840,348,p1-block-1-trial-3-target-1,861.0,309.0,30.0,False,Pointer Move (Standard mouse)
1786007917.396202,836,351,p1-block-1-trial-3-target-1,861.0,309.0,30.0,False,Pointer Move (Standard mouse)
1786007917.404421,833,355,p1-block-1-trial-3-target-1,861.0,309.0,30.0,False,Pointer Move (Standard mouse)
1786007917.412758,832,356,p1-block-1-trial-3-target-1,861.0,309.0,30.0,False,Pointer Move (Standard mouse)
1786007917.421327,830,358,p1-block-1-trial-3-target-1,861.0,309.0,30.0,False,Pointer Move (Standard mouse)
1786007917.428627,829,359,p1-block-1-trial-3-target-1,861.0,309.0,30.0,False,Pointer Move (Standard mouse)
1786007917.437098,828,360,p1-block-1-trial-3-target-1,861.0,309.0,30.0,False,Pointer Move (Standard mouse)
1786007917.4448042,827,361,p1-block-1-trial-3-target-1,861.0,309.0,30.0,False,Pointer Move (Standard mouse)
1786007917.4539268,827,361,p1-block-1-trial-3-target-1,861.0,309.0,30.0,False,Pointer Move (Standard mouse)
1786007917.4616928,826,362,p1-block-1-trial-3-target-1,861.0,309.0,30.0,False,Pointer Move (Standard mouse)
1786007917.469148,826,362,p1-block-1-trial-3-target-1,861.0,309.0,30.0,False,Pointer Move (Standard mouse)
1786007917.485805,826,362,p1-block-1-trial-3-target-1,861.0,309.0,30.0,False,Pointer Move (Standard mouse)
1786007917.559516,826,362,p1-block-1-trial-3-target-1,861.0,309.0,30.0,False,Pointer Move (Standard mouse)
1786007917.566218,826,362,p1-block-1-trial-3-target-1,861.0,309.0,30.0,False,Pointer Move (Standard mouse)
1786007917.57462,827,361,p1-block-1-trial-3-target-1,861.0,309.0,30.0,False,Pointer Move (Standard mouse)
1786007917.582582,827,360,p1-block-1-trial-3-target-1,861.0,309.0,30.0,False,Pointer Move (Standard mouse)
1786007917.590603,828,360,p1-block-1-trial-3-target-1,861.0,309.0,30.0,False,Pointer Move (Standard mouse)
1786007917.598621,828,359,p1-block-1-trial-3-target-1,861.0,309.0,30.0,False,Pointer Move (Standard mouse)
1786007917.606625,828,359,p1-block-1-trial-3-target-1,861.0,309.0,30.0,False,Pointer Move (Standard mouse)
1786007917.6146922,829,358,p1-block-1-trial-3-target-1,861.0,309.0,30.0,False,Pointer Move (Standard mouse)
1786007917.622848,830,357,p1-block-1-trial-3-target-1,861.0,309.0,30.0,False,Pointer Move (Standard mouse)
1786007917.630982,831,356,p1-block-1-trial-3-target-1,861.0,309.0,30.0,False,Pointer Move (Standard mouse)
1786007917.639134,832,355,p1-block-1-trial-3-target-1,861.0,309.0,30.0,False,Pointer Move (Standard mouse)
1786007917.646959,833,354,p1-block-1-trial-3-target-1,861.0,309.0,30.0,False,Pointer Move (Standard mouse)
1786007917.655194,834,353,p1-block-1-trial-3-target-1,861.0,309.0,30.0,False,Pointer Move (Standard mouse)
1786007917.663253,835,352,p1-block-1-trial-3-target-1,861.0,309.0,30.0,False,Pointer Move (Standard mouse)
1786007917.671533,836,351,p1-block-1-trial-3-target-1,861.0,309.0,30.0,False,Pointer Move (Standard mouse)
1786007917.679617,837,350,p1-block-1-trial-3-target-1,861.0,309.0,30.0,False,Pointer Move (Standard mouse)
1786007917.687668,838,349,p1-block-1-trial-3-target-1,861.0,309.0,30.0,False,Pointer Move (Standard mouse)
1786007917.695711,840,347,p1-block-1-trial-3-target-1,861.0,309.0,30.0,False,Pointer Move (Standard mouse)
1786007917.704273,841,347,p1-block-1-trial-3-target-1,861.0,309.0,30.0,False,Pointer Move (Standard mouse)
1786007917.7119029,842,346,p1-block-1-trial-3-target-1,861.0,309.0,30.0,False,Pointer Move (Standard mouse)
1786007917.720028,843,345,p1-block-1-trial-3-target-1,861.0,309.0,30.0,False,Pointer Move (Standard mouse)
1786007917.728275,844,344,p1-block-1-trial-3-target-1,861.0,309.0,30.0,False,Pointer Move (Standard mouse)
1786007917.7361999,844,343,p1-block-1-trial-3-target-1,861.0,309.0,30.0,False,Pointer Move (Standard mouse)
1786007917.744344,845,343,p1-block-1-trial-3-target-1,861.0,309.0,30.0,False,Pointer Move (Standard mouse)
1786007917.752136,846,342,p1-block-1-trial-3-target-1,861.0,309.0,30.0,False,Pointer Move (Standard mouse)
1786007917.760169,847,341,p1-block-1-trial-3-target-1,861.0,309.0,30.0,False,Pointer Move (Standard mouse)
1786007917.768357,847,341,p1-block-1-trial-3-target-1,861.0,309.0,30.0,False,Pointer Move (Standard mouse)
1786007917.776934,848,341,p1-block-1-trial-3-target-1,861.0,309.0,30.0,False,Pointer Move (Standard mouse)
1786007917.78476,848,340,p1-block-1-trial-3-target-1,861.0,309.0,30.0,False,Pointer Move (Standard mouse)
1786007917.7928488,848,340,p1-block-1-trial-3-target-1,861.0,309.0,30.0,False,Pointer Move (Standard mouse)
1786007917.801259,849,340,p1-block-1-trial-3-target-1,861.0,309.0,30.0,False,Pointer Move (Standard mouse)
1786007917.808872,849,339,p1-block-1-trial-3-target-1,861.0,309.0,30.0,False,Pointer Move (Standard mouse)
1786007917.817463,849,339,p1-block-1-trial-3-target-1,861.0,309.0,30.0,False,Pointer Move (Standard mouse)
1786007917.825345,850,339,p1-block-1-trial-3-target-1,861.0,309.0,30.0,False,Pointer Move (Standard mouse)
1786007917.8334239,850,338,p1-block-1-trial-3-target-1,861.0,309.0,30.0,False,Pointer Move (Standard mouse)
1786007917.841422,851,338,p1-block-1-trial-3-target-1,861.0,309.0,30.0,False,Pointer Move (Standard mouse)
1786007917.849408,852,337,p1-block-1-trial-3-target-1,861.0,309.0,30.0,False,Pointer Move (Standard mouse)
1786007917.858094,853,337,p1-block-1-trial-3-target-1,861.0,309.0,30.0,False,Pointer Move (Standard mouse)
1786007917.8659809,853,336,p1-block-1-trial-3-target-1,861.0,309.0,30.0,False,Pointer Move (Standard mouse)
1786007917.874145,854,335,p1-block-1-trial-3-target-1,861.0,309.0,30.0,False,Pointer Move (Standard mouse)
1786007917.8828008,855,334,p1-block-1-trial-3-target-1,861.0,309.0,30.0,False,Pointer Move (Standard mouse)
1786007917.8906949,856,333,p1-block-1-trial-3-target-1,861.0,309.0,30.0,False,Pointer Move (Standard mouse)
1786007917.898725,857,333,p1-block-1-trial-3-target-1,861.0,309.0,30.0,False,Pointer Move (Standard mouse)
1786007917.906869,858,332,p1-block-1-trial-3-target-1,861.0,309.0,30.0,False,Pointer Move (Standard mouse)
1786007917.91479,858,331,p1-block-1-trial-3-target-1,861.0,309.0,30.0,False,Pointer Move (Standard mouse)
1786007917.92309,859,330,p1-block-1-trial-3-target-1,861.0,309.0,30.0,False,Pointer Move (Standard mouse)
1786007917.930868,860,329,p1-block-1-trial-3-target-1,861.0,309.0,30.0,False,Pointer Move (Standard mouse)
1786007917.939462,860,328,p1-block-1-trial-3-target-1,861.0,309.0,30.0,False,Pointer Move (Standard mouse)
1786007917.9466188,861,328,p1-block-1-trial-3-target-1,861.0,309.0,30.0,False,Pointer Move (Standard mouse)
1786007917.954756,862,327,p1-block-1-trial-3-target-1,861.0,309.0,30.0,False,Pointer Move (Standard mouse)
1786007917.98817,862,327,p1-block-1-trial-3-target-1,861.0,309.0,30.0,target_selected,target_selected
1786007918.003954,862,327,p1-block-1-trial-4-target-5,579.0,591.0,30.0,False,Pointer Move (Standard mouse)
1786007918.311877,861,327,p1-block-1-trial-4-target-5,579.0,591.0,30.0,False,Pointer Move (Standard mouse)
1786007918.319525,855,332,p1-block-1-trial-4-target-5,579.0,591.0,30.0,False,Pointer Move (Standard mouse)
1786007918.3274891,845,337,p1-block-1-trial-4-target-5,579.0,591.0,30.0,False,Pointer Move (Standard mouse)
1786007918.336021,830,347,p1-block-1-trial-4-target-5,579.0,591.0,30.0,False,Pointer Move (Standard mouse)
1786007918.3432581,804,362,p1-block-1-trial-4-target-5,579.0,591.0,30.0,False,Pointer Move (Standard mouse)
1786007918.35143,781,379,p1-block-1-trial-4-target-5,579.0,591.0,30.0,False,Pointer Move (Standard mouse)
1786007918.3591301,749,401,p1-block-1-trial-4-target-5,579.0,591.0,30.0,False,Pointer Move (Standard mouse)
1786007918.368333,736,412,p1-block-1-trial-4-target-5,579.0,591.0,30.0,False,Pointer Move (Standard mouse)
1786007918.375442,708,430,p1-block-1-trial-4-target-5,579.0,591.0,30.0,False,Pointer Move (Standard mouse)
1786007918.384372,679,452,p1-block-1-trial-4-target-5,579.0,591.0,30.0,False,Pointer Move (Standard mouse)
1786007918.392509,654,472,p1-block-1-trial-4-target-5,579.0,591.0,30.0,False,Pointer Move (Standard mouse)
1786007918.399683,630,487,p1-block-1-trial-4-target-5,579.0,591.0,30.0,False,Pointer Move (Standard mouse)
1786007918.4077199,610,503,p1-block-1-trial-4-target-5,579.0,591.0,30.0,False,Pointer Move (Standard mouse)
1786007918.416373,590,517,p1-block-1-trial-4-target-5,579.0,591.0,30.0,False,Pointer Move (Standard mouse)
1786007918.423977,577,529,p1-block-1-trial-4-target-5,579.0,591.0,30.0,False,Pointer Move (Standard mouse)
1786007918.4318001,564,537,p1-block-1-trial-4-target-5,579.0,591.0,30.0,False,Pointer Move (Standard mouse)
1786007918.439946,559,541,p1-block-1-trial-4-target-5,579.0,591.0,30.0,False,Pointer Move (Standard mouse)
1786007918.44798,551,547,p1-block-1-trial-4-target-5,579.0,591.0,30.0,False,Pointer Move (Standard mouse)
1786007918.456141,544,552,p1-block-1-trial-4-target-5,579.0,591.0,30.0,False,Pointer Move (Standard mouse)
1786007918.4644322,536,557,p1-block-1-trial-4-target-5,579.0,591.0,30.0,False,Pointer Move (Standard mouse)
1786007918.472699,532,561,p1-block-1-trial-4-target-5,579.0,591.0,30.0,False,Pointer Move (Standard mouse)
1786007918.481477,529,564,p1-block-1-trial-4-target-5,579.0,591.0,30.0,False,Pointer Move (Standard mouse)
1786007918.488823,526,567,p1-block-1-trial-4-target-5,579.0,591.0,30.0,False,Pointer Move (Standard mouse)
1786007918.49705,525,568,p1-block-1-trial-4-target-5,579.0,591.0,30.0,False,Pointer Move (Standard mouse)
1786007918.505632,524,568,p1-block-1-trial-4-target-5,579.0,591.0,30.0,False,Pointer Move (Standard mouse)
1786007918.513451,523,569,p1-block-1-trial-4-target-5,579.0,591.0,30.0,False,Pointer Move (Standard mouse)
1786007918.5212831,523,570,p1-block-1-trial-4-target-5,579.0,591.0,30.0,False,Pointer Move (Standard mouse)
1786007918.5293021,522,570,p1-block-1-trial-4-target-5,579.0,591.0,30.0,False,Pointer Move (Standard mouse)
1786007918.537336,522,571,p1-block-1-trial-4-target-5,579.0,591.0,30.0,False,Pointer Move (Standard mouse)
1786007918.54564,522,571,p1-block-1-trial-4-target-5,579.0,591.0,30.0,False,Pointer Move (Standard mouse)
1786007918.553739,522,571,p1-block-1-trial-4-target-5,579.0,591.0,30.0,False,Pointer Move (Standard mouse)
1786007918.5697641,521,572,p1-block-1-trial-4-target-5,579.0,591.0,30.0,False,Pointer Move (Standard mouse)
1786007918.577953,521,572,p1-block-1-trial-4-target-5,579.0,591.0,30.0,False,Pointer Move (Standard mouse)
1786007918.586184,521,572,p1-block-1-trial-4-target-5,579.0,591.0,30.0,False,Pointer Move (Standard mouse)
1786007918.593974,520,573,p1-block-1-trial-4-target-5,579.0,591.0,30.0,False,Pointer Move (Standard mouse)
1786007918.602096,519,574,p1-block-1-trial-4-target-5,579.0,591.0,30.0,False,Pointer Move (Standard mouse)
1786007918.609993,519,576,p1-block-1-trial-4-target-5,579.0,591.0,30.0,False,Pointer Move (Standard mouse)
1786007918.6182458,518,578,p1-block-1-trial-4-target-5,579.0,591.0,30.0,False,Pointer Move (Standard mouse)
1786007918.626498,517,580,p1-block-1-trial-4-target-5,579.0,591.0,30.0,False,Pointer Move (Standard mouse)
1786007918.634341,517,582,p1-block-1-trial-4-target-5,579.0,591.0,30.0,False,Pointer Move (Standard mouse)
1786007918.6423528,517,583,p1-block-1-trial-4-target-5,579.0,591.0,30.0,False,Pointer Move (Standard mouse)
1786007918.650366,517,584,p1-block-1-trial-4-target-5,579.0,591.0,30.0,False,Pointer Move (Standard mouse)
1786007918.6586702,517,584,p1-block-1-trial-4-target-5,579.0,591.0,30.0,False,Pointer Move (Standard mouse)
1786007918.666875,517,584,p1-block-1-trial-4-target-5,579.0,591.0,30.0,False,Pointer Move (Standard mouse)
1786007918.6751318,517,585,p1-block-1-trial-4-target-5,579.0,591.0,30.0,False,Pointer Move (Standard mouse)
1786007918.682998,517,585,p1-block-1-trial-4-target-5,579.0,591.0,30.0,False,Pointer Move (Standard mouse)
1786007918.69116,518,585,p1-block-1-trial-4-target-5,579.0,591.0,30.0,False,Pointer Move (Standard mouse)
1786007918.699628,519,585,p1-block-1-trial-4-target-5,579.0,591.0,30.0,False,Pointer Move (Standard mouse)
1786007918.7077801,521,585,p1-block-1-trial-4-target-5,579.0,591.0,30.0,False,Pointer Move (Standard mouse)
1786007918.715389,522,585,p1-block-1-trial-4-target-5,579.0,591.0,30.0,False,Pointer Move (Standard mouse)
1786007918.723519,524,585,p1-block-1-trial-4-target-5,579.0,591.0,30.0,False,Pointer Move (Standard mouse)
1786007918.7315369,526,585,p1-block-1-trial-4-target-5,579.0,591.0,30.0,False,Pointer Move (Standard mouse)
1786007918.7399092,527,585,p1-block-1-trial-4-target-5,579.0,591.0,30.0,False,Pointer Move (Standard mouse)
1786007918.747874,529,585,p1-block-1-trial-4-target-5,579.0,591.0,30.0,False,Pointer Move (Standard mouse)
1786007918.755921,530,585,p1-block-1-trial-4-target-5,579.0,591.0,30.0,False,Pointer Move (Standard mouse)
1786007918.763849,531,585,p1-block-1-trial-4-target-5,579.0,591.0,30.0,False,Pointer Move (Standard mouse)
1786007918.771829,532,585,p1-block-1-trial-4-target-5,579.0,591.0,30.0,False,Pointer Move (Standard mouse)
1786007918.7800682,532,585,p1-block-1-trial-4-target-5,579.0,591.0,30.0,False,Pointer Move (Standard mouse)
1786007918.788193,533,585,p1-block-1-trial-4-target-5,579.0,591.0,30.0,False,Pointer Move (Standard mouse)
1786007918.796246,533,585,p1-block-1-trial-4-target-5,579.0,591.0,30.0,False,Pointer Move (Standard mouse)
1786007918.804399,534,585,p1-block-1-trial-4-target-5,579.0,591.0,30.0,False,Pointer Move (Standard mouse)
1786007918.812486,534,585,p1-block-1-trial-4-target-5,579.0,591.0,30.0,False,Pointer Move (Standard mouse)
1786007918.821179,535,586,p1-block-1-trial-4-target-5,579.0,591.0,30.0,False,Pointer Move (Standard mouse)
1786007918.828744,535,586,p1-block-1-trial-4-target-5,579.0,591.0,30.0,False,Pointer Move (Standard mouse)
1786007918.837692,535,586,p1-block-1-trial-4-target-5,579.0,591.0,30.0,False,Pointer Move (Standard mouse)
1786007918.845244,536,586,p1-block-1-trial-4-target-5,579.0,591.0,30.0,False,Pointer Move (Standard mouse)
1786007918.852768,536,586,p1-block-1-trial-4-target-5,579.0,591.0,30.0,False,Pointer Move (Standard mouse)
1786007918.8616982,536,586,p1-block-1-trial-4-target-5,579.0,591.0,30.0,False,Pointer Move (Standard mouse)
1786007918.8692648,537,586,p1-block-1-trial-4-target-5,579.0,591.0,30.0,False,Pointer Move (Standard mouse)
1786007918.885136,537,586,p1-block-1-trial-4-target-5,579.0,591.0,30.0,False,Pointer Move (Standard mouse)
1786007918.9104881,537,586,p1-block-1-trial-4-target-5,579.0,591.0,30.0,False,Pointer Move (Standard mouse)
1786007918.91779,538,586,p1-block-1-trial-4-target-5,579.0,591.0,30.0,False,Pointer Move (Standard mouse)
1786007918.926313,538,586,p1-block-1-trial-4-target-5,579.0,591.0,30.0,False,Pointer Move (Standard mouse)
1786007918.942215,538,586,p1-block-1-trial-4-target-5,579.0,591.0,30.0,False,Pointer Move (Standard mouse)
1786007918.950819,539,586,p1-block-1-trial-4-target-5,579.0,591.0,30.0,False,Pointer Move (Standard mouse)
1786007918.958425,539,586,p1-block-1-trial-4-target-5,579.0,591.0,30.0,False,Pointer Move (Standard mouse)
1786007918.966589,540,587,p1-block-1-trial-4-target-5,579.0,591.0,30.0,False,Pointer Move (Standard mouse)
1786007918.9749131,541,587,p1-block-1-trial-4-target-5,579.0,591.0,30.0,False,Pointer Move (Standard mouse)
1786007918.9826329,543,588,p1-block-1-trial-4-target-5,579.0,591.0,30.0,False,Pointer Move (Standard mouse)
1786007918.9918709,545,589,p1-block-1-trial-4-target-5,579.0,591.0,30.0,False,Pointer Move (Standard mouse)
1786007918.998603,547,589,p1-block-1-trial-4-target-5,579.0,591.0,30.0,False,Pointer Move (Standard mouse)
1786007919.006266,550,590,p1-block-1-trial-4-target-5,579.0,591.0,30.0,False,Pointer Move (Standard mouse)
1786007919.014158,552,591,p1-block-1-trial-4-target-5,579.0,591.0,30.0,False,Pointer Move (Standard mouse)
1786007919.029449,556,593,p1-block-1-trial-4-target-5,579.0,591.0,30.0,False,Pointer Move (Standard mouse)
1786007919.030376,558,594,p1-block-1-trial-4-target-5,579.0,591.0,30.0,False,Pointer Move (Standard mouse)
1786007919.0390809,560,595,p1-block-1-trial-4-target-5,579.0,591.0,30.0,False,Pointer Move (Standard mouse)
1786007919.046956,562,596,p1-block-1-trial-4-target-5,579.0,591.0,30.0,False,Pointer Move (Standard mouse)
1786007919.055063,563,596,p1-block-1-trial-4-target-5,579.0,591.0,30.0,False,Pointer Move (Standard mouse)
1786007919.062958,565,597,p1-block-1-trial-4-target-5,579.0,591.0,30.0,False,Pointer Move (Standard mouse)
1786007919.071417,566,597,p1-block-1-trial-4-target-5,579.0,591.0,30.0,False,Pointer Move (Standard mouse)
1786007919.079474,567,599,p1-block-1-trial-4-target-5,579.0,591.0,30.0,False,Pointer Move (Standard mouse)
1786007919.088196,569,599,p1-block-1-trial-4-target-5,579.0,591.0,30.0,False,Pointer Move (Standard mouse)
1786007919.096222,570,600,p1-block-1-trial-4-target-5,579.0,591.0,30.0,False,Pointer Move (Standard mouse)
1786007919.1043332,571,600,p1-block-1-trial-4-target-5,579.0,591.0,30.0,False,Pointer Move (Standard mouse)
1786007919.112611,572,601,p1-block-1-trial-4-target-5,579.0,591.0,30.0,False,Pointer Move (Standard mouse)
1786007919.120644,572,601,p1-block-1-trial-4-target-5,579.0,591.0,30.0,False,Pointer Move (Standard mouse)
1786007919.1371908,572,601,p1-block-1-trial-4-target-5,579.0,591.0,30.0,target_selected,target_selected
1786007919.153389,572,601,p1-block-1-trial-5-target-1,861.0,309.0,30.0,False,Pointer Move (Standard mouse)
1786007919.510209,573,601,p1-block-1-trial-5-target-1,861.0,309.0,30.0,False,Pointer Move (Standard mouse)
1786007919.5172842,583,596,p1-block-1-trial-5-target-1,861.0,309.0,30.0,False,Pointer Move (Standard mouse)
1786007919.525694,601,585,p1-block-1-trial-5-target-1,861.0,309.0,30.0,False,Pointer Move (Standard mouse)
1786007919.532937,631,569,p1-block-1-trial-5-target-1,861.0,309.0,30.0,False,Pointer Move (Standard mouse)
1786007919.541127,667,548,p1-block-1-trial-5-target-1,861.0,309.0,30.0,False,Pointer Move (Standard mouse)
1786007919.54905,704,527,p1-block-1-trial-5-target-1,861.0,309.0,30.0,False,Pointer Move (Standard mouse)
1786007919.557129,748,508,p1-block-1-trial-5-target-1,861.0,309.0,30.0,False,Pointer Move (Standard mouse)
1786007919.565163,766,499,p1-block-1-trial-5-target-1,861.0,309.0,30.0,False,Pointer Move (Standard mouse)
1786007919.573032,800,482,p1-block-1-trial-5-target-1,861.0,309.0,30.0,False,Pointer Move (Standard mouse)
1786007919.5808918,834,467,p1-block-1-trial-5-target-1,861.0,309.0,30.0,False,Pointer Move (Standard mouse)
1786007919.5894542,860,456,p1-block-1-trial-5-target-1,861.0,309.0,30.0,False,Pointer Move (Standard mouse)
1786007919.597527,867,453,p1-block-1-trial-5-target-1,861.0,309.0,30.0,False,Pointer Move (Standard mouse)
1786007919.6059468,885,444,p1-block-1-trial-5-target-1,861.0,309.0,30.0,False,Pointer Move (Standard mouse)
1786007919.613719,911,433,p1-block-1-trial-5-target-1,861.0,309.0,30.0,False,Pointer Move (Standard mouse)
1786007919.621964,916,431,p1-block-1-trial-5-target-1,861.0,309.0,30.0,False,Pointer Move (Standard mouse)
1786007919.62939,927,426,p1-block-1-trial-5-target-1,861.0,309.0,30.0,False,Pointer Move (Standard mouse)
1786007919.6383228,943,419,p1-block-1-trial-5-target-1,861.0,309.0,30.0,False,Pointer Move (Standard mouse)
1786007919.646113,947,417,p1-block-1-trial-5-target-1,861.0,309.0,30.0,False,Pointer Move (Standard mouse)
1786007919.65425,953,414,p1-block-1-trial-5-target-1,861.0,309.0,30.0,False,Pointer Move (Standard mouse)
1786007919.66207,958,411,p1-block-1-trial-5-target-1,861.0,309.0,30.0,False,Pointer Move (Standard mouse)
1786007919.670495,965,408,p1-block-1-trial-5-target-1,861.0,309.0,30.0,False,Pointer Move (Standard mouse)
1786007919.678638,969,405,p1-block-1-trial-5-target-1,861.0,309.0,30.0,False,Pointer Move (Standard mouse)
1786007919.686673,972,402,p1-block-1-trial-5-target-1,861.0,309.0,30.0,False,Pointer Move (Standard mouse)
1786007919.69479,976,399,p1-block-1-trial-5-target-1,861.0,309.0,30.0,False,Pointer Move (Standard mouse)
1786007919.703161,979,397,p1-block-1-trial-5-target-1,861.0,309.0,30.0,False,Pointer Move (Standard mouse)
1786007919.711607,980,396,p1-block-1-trial-5-target-1,861.0,309.0,30.0,False,Pointer Move (Standard mouse)
1786007919.7192771,981,394,p1-block-1-trial-5-target-1,861.0,309.0,30.0,False,Pointer Move (Standard mouse)
1786007919.726836,982,393,p1-block-1-trial-5-target-1,861.0,309.0,30.0,False,Pointer Move (Standard mouse)
1786007919.7350578,983,391,p1-block-1-trial-5-target-1,861.0,309.0,30.0,False,Pointer Move (Standard mouse)
1786007919.743208,983,390,p1-block-1-trial-5-target-1,861.0,309.0,30.0,False,Pointer Move (Standard mouse)
1786007919.751054,984,388,p1-block-1-trial-5-target-1,861.0,309.0,30.0,False,Pointer Move (Standard mouse)
1786007919.759855,984,387,p1-block-1-trial-5-target-1,861.0,309.0,30.0,False,Pointer Move (Standard mouse)
1786007919.767534,985,386,p1-block-1-trial-5-target-1,861.0,309.0,30.0,False,Pointer Move (Standard mouse)
1786007919.775367,985,385,p1-block-1-trial-5-target-1,861.0,309.0,30.0,False,Pointer Move (Standard mouse)
1786007919.783764,985,385,p1-block-1-trial-5-target-1,861.0,309.0,30.0,False,Pointer Move (Standard mouse)
1786007919.7916028,985,385,p1-block-1-trial-5-target-1,861.0,309.0,30.0,False,Pointer Move (Standard mouse)
1786007919.800496,985,384,p1-block-1-trial-5-target-1,861.0,309.0,30.0,False,Pointer Move (Standard mouse)
1786007919.8158872,984,383,p1-block-1-trial-5-target-1,861.0,309.0,30.0,False,Pointer Move (Standard mouse)
1786007919.824089,984,383,p1-block-1-trial-5-target-1,861.0,309.0,30.0,False,Pointer Move (Standard mouse)
1786007919.831769,983,383,p1-block-1-trial-5-target-1,861.0,309.0,30.0,False,Pointer Move (Standard mouse)
1786007919.8401952,982,382,p1-block-1-trial-5-target-1,861.0,309.0,30.0,False,Pointer Move (Standard mouse)
1786007919.850223,980,382,p1-block-1-trial-5-target-1,861.0,309.0,30.0,False,Pointer Move (Standard mouse)
1786007919.856287,979,382,p1-block-1-trial-5-target-1,861.0,309.0,30.0,False,Pointer Move (Standard mouse)
1786007919.864109,978,381,p1-block-1-trial-5-target-1,861.0,309.0,30.0,False,Pointer Move (Standard mouse)
1786007919.872534,976,380,p1-block-1-trial-5-target-1,861.0,309.0,30.0,False,Pointer Move (Standard mouse)
1786007919.880948,975,379,p1-block-1-trial-5-target-1,861.0,309.0,30.0,False,Pointer Move (Standard mouse)
1786007919.888711,973,379,p1-block-1-trial-5-target-1,861.0,309.0,30.0,False,Pointer Move (Standard mouse)
1786007919.89711,971,377,p1-block-1-trial-5-target-1,861.0,309.0,30.0,False,Pointer Move (Standard mouse)
1786007919.905171,966,375,p1-block-1-trial-5-target-1,861.0,309.0,30.0,False,Pointer Move (Standard mouse)
1786007919.912736,962,372,p1-block-1-trial-5-target-1,861.0,309.0,30.0,False,Pointer Move (Standard mouse)
1786007919.9211352,955,367,p1-block-1-trial-5-target-1,861.0,309.0,30.0,False,Pointer Move (Standard mouse)
1786007919.9293928,945,360,p1-block-1-trial-5-target-1,861.0,309.0,30.0,False,Pointer Move (Standard mouse)
1786007919.937962,937,355,p1-block-1-trial-5-target-1,861.0,309.0,30.0,False,Pointer Move (Standard mouse)
1786007919.945235,932,351,p1-block-1-trial-5-target-1,861.0,309.0,30.0,False,Pointer Move (Standard mouse)
1786007919.953284,924,346,p1-block-1-trial-5-target-1,861.0,309.0,30.0,False,Pointer Move (Standard mouse)
1786007919.962368,917,341,p1-block-1-trial-5-target-1,861.0,309.0,30.0,False,Pointer Move (Standard mouse)
1786007919.9700851,912,337,p1-block-1-trial-5-target-1,861.0,309.0,30.0,False,Pointer Move (Standard mouse)
1786007919.978268,908,333,p1-block-1-trial-5-target-1,861.0,309.0,30.0,False,Pointer Move (Standard mouse)
1786007919.987338,904,330,p1-block-1-trial-5-target-1,861.0,309.0,30.0,False,Pointer Move (Standard mouse)
1786007919.9946392,901,328,p1-block-1-trial-5-target-1,861.0,309.0,30.0,False,Pointer Move (Standard mouse)
1786007920.002943,900,327,p1-block-1-trial-5-target-1,861.0,309.0,30.0,False,Pointer Move (Standard mouse)
1786007920.010454,900,325,p1-block-1-trial-5-target-1,861.0,309.0,30.0,False,Pointer Move (Standard mouse)
1786007920.0182242,899,324,p1-block-1-trial-5-target-1,861.0,309.0,30.0,False,Pointer Move (Standard mouse)
1786007920.026561,899,323,p1-block-1-trial-5-target-1,861.0,309.0,30.0,False,Pointer Move (Standard mouse)
1786007920.035336,899,323,p1-block-1-trial-5-target-1,861.0,309.0,30.0,False,Pointer Move (Standard mouse)
1786007920.0434701,899,322,p1-block-1-trial-5-target-1,861.0,309.0,30.0,False,Pointer Move (Standard mouse)
1786007920.0514948,899,322,p1-block-1-trial-5-target-1,861.0,309.0,30.0,False,Pointer Move (Standard mouse)
1786007920.059594,899,320,p1-block-1-trial-5-target-1,861.0,309.0,30.0,False,Pointer Move (Standard mouse)
1786007920.0676758,899,319,p1-block-1-trial-5-target-1,861.0,309.0,30.0,False,Pointer Move (Standard mouse)
1786007920.075779,899,318,p1-block-1-trial-5-target-1,861.0,309.0,30.0,False,Pointer Move (Standard mouse)
1786007920.083827,899,317,p1-block-1-trial-5-target-1,861.0,309.0,30.0,False,Pointer Move (Standard mouse)
1786007920.0919008,899,317,p1-block-1-trial-5-target-1,861.0,309.0,30.0,False,Pointer Move (Standard mouse)
1786007920.099893,899,316,p1-block-1-trial-5-target-1,861.0,309.0,30.0,False,Pointer Move (Standard mouse)
1786007920.108007,899,315,p1-block-1-trial-5-target-1,861.0,309.0,30.0,False,Pointer Move (Standard mouse)
1786007920.116394,899,314,p1-block-1-trial-5-target-1,861.0,309.0,30.0,False,Pointer Move (Standard mouse)
1786007920.124495,899,313,p1-block-1-trial-5-target-1,861.0,309.0,30.0,False,Pointer Move (Standard mouse)
1786007920.132401,899,313,p1-block-1-trial-5-target-1,861.0,309.0,30.0,False,Pointer Move (Standard mouse)
1786007920.140424,899,313,p1-block-1-trial-5-target-1,861.0,309.0,30.0,False,Pointer Move (Standard mouse)
1786007920.148424,899,312,p1-block-1-trial-5-target-1,861.0,309.0,30.0,False,Pointer Move (Standard mouse)
1786007920.156617,899,312,p1-block-1-trial-5-target-1,861.0,309.0,30.0,False,Pointer Move (Standard mouse)
1786007920.1718478,899,312,p1-block-1-trial-5-target-1,861.0,309.0,30.0,False,Pointer Move (Standard mouse)
1786007920.180193,899,311,p1-block-1-trial-5-target-1,861.0,309.0,30.0,False,Pointer Move (Standard mouse)
1786007920.1968472,899,311,p1-block-1-trial-5-target-1,861.0,309.0,30.0,False,Pointer Move (Standard mouse)
1786007920.2046888,898,311,p1-block-1-trial-5-target-1,861.0,309.0,30.0,False,Pointer Move (Standard mouse)
1786007920.212522,898,311,p1-block-1-trial-5-target-1,861.0,309.0,30.0,False,Pointer Move (Standard mouse)
1786007920.221102,898,310,p1-block-1-trial-5-target-1,861.0,309.0,30.0,False,Pointer Move (Standard mouse)
1786007920.228988,897,310,p1-block-1-trial-5-target-1,861.0,309.0,30.0,False,Pointer Move (Standard mouse)
1786007920.237022,897,310,p1-block-1-trial-5-target-1,861.0,309.0,30.0,False,Pointer Move (Standard mouse)
1786007920.245151,896,310,p1-block-1-trial-5-target-1,861.0,309.0,30.0,False,Pointer Move (Standard mouse)
1786007920.253189,896,310,p1-block-1-trial-5-target-1,861.0,309.0,30.0,False,Pointer Move (Standard mouse)
1786007920.261135,895,310,p1-block-1-trial-5-target-1,861.0,309.0,30.0,False,Pointer Move (Standard mouse)
1786007920.269289,895,309,p1-block-1-trial-5-target-1,861.0,309.0,30.0,False,Pointer Move (Standard mouse)
1786007920.2774148,894,309,p1-block-1-trial-5-target-1,861.0,309.0,30.0,False,Pointer Move (Standard mouse)
1786007920.286794,894,309,p1-block-1-trial-5-target-1,861.0,309.0,30.0,False,Pointer Move (Standard mouse)
1786007920.2942562,893,308,p1-block-1-trial-5-target-1,861.0,309.0,30.0,False,Pointer Move (Standard mouse)
1786007920.301483,892,308,p1-block-1-trial-5-target-1,861.0,309.0,30.0,False,Pointer Move (Standard mouse)
1786007920.3095849,892,308,p1-block-1-trial-5-target-1,861.0,309.0,30.0,False,Pointer Move (Standard mouse)
1786007920.3178,891,308,p1-block-1-trial-5-target-1,861.0,309.0,30.0,False,Pointer Move (Standard mouse)
1786007920.325988,890,308,p1-block-1-trial-5-target-1,861.0,309.0,30.0,False,Pointer Move (Standard mouse)
1786007920.333933,889,308,p1-block-1-trial-5-target-1,861.0,309.0,30.0,False,Pointer Move (Standard mouse)
1786007920.341962,889,308,p1-block-1-trial-5-target-1,861.0,309.0,30.0,False,Pointer Move (Standard mouse)
1786007920.3502772,888,308,p1-block-1-trial-5-target-1,861.0,309.0,30.0,False,Pointer Move (Standard mouse)
1786007920.358115,887,308,p1-block-1-trial-5-target-1,861.0,309.0,30.0,False,Pointer Move (Standard mouse)
1786007920.3664188,886,308,p1-block-1-trial-5-target-1,861.0,309.0,30.0,False,Pointer Move (Standard mouse)
1786007920.374583,885,308,p1-block-1-trial-5-target-1,861.0,309.0,30.0,False,Pointer Move (Standard mouse)
1786007920.382453,885,308,p1-block-1-trial-5-target-1,861.0,309.0,30.0,False,Pointer Move (Standard mouse)
1786007920.390351,884,308,p1-block-1-trial-5-target-1,861.0,309.0,30.0,False,Pointer Move (Standard mouse)
1786007920.398884,883,308,p1-block-1-trial-5-target-1,861.0,309.0,30.0,False,Pointer Move (Standard mouse)
1786007920.407157,883,308,p1-block-1-trial-5-target-1,861.0,309.0,30.0,False,Pointer Move (Standard mouse)
1786007920.4151402,882,308,p1-block-1-trial-5-target-1,861.0,309.0,30.0,False,Pointer Move (Standard mouse)
1786007920.4229708,881,308,p1-block-1-trial-5-target-1,861.0,309.0,30.0,False,Pointer Move (Standard mouse)
1786007920.430877,881,308,p1-block-1-trial-5-target-1,861.0,309.0,30.0,False,Pointer Move (Standard mouse)
1786007920.439013,880,308,p1-block-1-trial-5-target-1,861.0,309.0,30.0,False,Pointer Move (Standard mouse)
1786007920.447356,880,308,p1-block-1-trial-5-target-1,861.0,309.0,30.0,False,Pointer Move (Standard mouse)
1786007920.4633348,880,308,p1-block-1-trial-5-target-1,861.0,309.0,30.0,False,Pointer Move (Standard mouse)
1786007920.4715588,879,308,p1-block-1-trial-5-target-1,861.0,309.0,30.0,False,Pointer Move (Standard mouse)
1786007920.506551,879,308,p1-block-1-trial-5-target-1,861.0,309.0,30.0,target_selected,target_selected
1786007920.513552,879,308,p1-block-1-trial-6-target-5,579.0,591.0,30.0,False,Pointer Move (Standard mouse)
1786007920.983031,879,308,p1-block-1-trial-6-target-5,579.0,591.0,30.0,False,Pointer Move (Standard mouse)
1786007920.989939,872,308,p1-block-1-trial-6-target-5,579.0,591.0,30.0,False,Pointer Move (Standard mouse)
1786007920.997432,865,310,p1-block-1-trial-6-target-5,579.0,591.0,30.0,False,Pointer Move (Standard mouse)
1786007921.005566,854,315,p1-block-1-trial-6-target-5,579.0,591.0,30.0,False,Pointer Move (Standard mouse)
1786007921.013647,843,321,p1-block-1-trial-6-target-5,579.0,591.0,30.0,False,Pointer Move (Standard mouse)
1786007921.022212,828,329,p1-block-1-trial-6-target-5,579.0,591.0,30.0,False,Pointer Move (Standard mouse)
1786007921.029836,809,340,p1-block-1-trial-6-target-5,579.0,591.0,30.0,False,Pointer Move (Standard mouse)
1786007921.0381281,791,352,p1-block-1-trial-6-target-5,579.0,591.0,30.0,False,Pointer Move (Standard mouse)
1786007921.046078,776,362,p1-block-1-trial-6-target-5,579.0,591.0,30.0,False,Pointer Move (Standard mouse)
1786007921.054276,756,378,p1-block-1-trial-6-target-5,579.0,591.0,30.0,False,Pointer Move (Standard mouse)
1786007921.062318,736,392,p1-block-1-trial-6-target-5,579.0,591.0,30.0,False,Pointer Move (Standard mouse)
1786007921.070474,716,407,p1-block-1-trial-6-target-5,579.0,591.0,30.0,False,Pointer Move (Standard mouse)
1786007921.07888,696,421,p1-block-1-trial-6-target-5,579.0,591.0,30.0,False,Pointer Move (Standard mouse)
1786007921.086432,678,437,p1-block-1-trial-6-target-5,579.0,591.0,30.0,False,Pointer Move (Standard mouse)
1786007921.094528,662,450,p1-block-1-trial-6-target-5,579.0,591.0,30.0,False,Pointer Move (Standard mouse)
1786007921.10296,645,463,p1-block-1-trial-6-target-5,579.0,591.0,30.0,False,Pointer Move (Standard mouse)
1786007921.1107478,632,473,p1-block-1-trial-6-target-5,579.0,591.0,30.0,False,Pointer Move (Standard mouse)
1786007921.118944,628,477,p1-block-1-trial-6-target-5,579.0,591.0,30.0,False,Pointer Move (Standard mouse)
1786007921.126997,603,497,p1-block-1-trial-6-target-5,579.0,591.0,30.0,False,Pointer Move (Standard mouse)
1786007921.1348832,592,507,p1-block-1-trial-6-target-5,579.0,591.0,30.0,False,Pointer Move (Standard mouse)
1786007921.1436422,581,516,p1-block-1-trial-6-target-5,579.0,591.0,30.0,False,Pointer Move (Standard mouse)
1786007921.151266,571,523,p1-block-1-trial-6-target-5,579.0,591.0,30.0,False,Pointer Move (Standard mouse)
1786007921.159617,560,532,p1-block-1-trial-6-target-5,579.0,591.0,30.0,False,Pointer Move (Standard mouse)
1786007921.167218,550,542,p1-block-1-trial-6-target-5,579.0,591.0,30.0,False,Pointer Move (Standard mouse)
1786007921.175337,546,544,p1-block-1-trial-6-target-5,579.0,591.0,30.0,False,Pointer Move (Standard mouse)
1786007921.1839628,538,549,p1-block-1-trial-6-target-5,579.0,591.0,30.0,False,Pointer Move (Standard mouse)
1786007921.191977,531,556,p1-block-1-trial-6-target-5,579.0,591.0,30.0,False,Pointer Move (Standard mouse)
1786007921.199888,526,558,p1-block-1-trial-6-target-5,579.0,591.0,30.0,False,Pointer Move (Standard mouse)
1786007921.2080908,522,561,p1-block-1-trial-6-target-5,579.0,591.0,30.0,False,Pointer Move (Standard mouse)
1786007921.216183,520,564,p1-block-1-trial-6-target-5,579.0,591.0,30.0,False,Pointer Move (Standard mouse)
1786007921.224135,518,565,p1-block-1-trial-6-target-5,579.0,591.0,30.0,False,Pointer Move (Standard mouse)
1786007921.232437,517,566,p1-block-1-trial-6-target-5,579.0,591.0,30.0,False,Pointer Move (Standard mouse)
1786007921.2405398,516,567,p1-block-1-trial-6-target-5,579.0,591.0,30.0,False,Pointer Move (Standard mouse)
1786007921.248481,515,567,p1-block-1-trial-6-target-5,579.0,591.0,30.0,False,Pointer Move (Standard mouse)
1786007921.257138,514,568,p1-block-1-trial-6-target-5,579.0,591.0,30.0,False,Pointer Move (Standard mouse)
1786007921.265413,512,569,p1-block-1-trial-6-target-5,579.0,591.0,30.0,False,Pointer Move (Standard mouse)
1786007921.273342,510,570,p1-block-1-trial-6-target-5,579.0,591.0,30.0,False,Pointer Move (Standard mouse)
1786007921.281591,508,572,p1-block-1-trial-6-target-5,579.0,591.0,30.0,False,Pointer Move (Standard mouse)
1786007921.289668,506,573,p1-block-1-trial-6-target-5,579.0,591.0,30.0,False,Pointer Move (Standard mouse)
1786007921.29758,502,575,p1-block-1-trial-6-target-5,579.0,591.0,30.0,False,Pointer Move (Standard mouse)
1786007921.305791,500,576,p1-block-1-trial-6-target-5,579.0,591.0,30.0,False,Pointer Move (Standard mouse)
1786007921.3138108,498,577,p1-block-1-trial-6-target-5,579.0,591.0,30.0,False,Pointer Move (Standard mouse)
1786007921.3219252,496,579,p1-block-1-trial-6-target-5,579.0,591.0,30.0,False,Pointer Move (Standard mouse)
1786007921.329101,495,579,p1-block-1-trial-6-target-5,579.0,591.0,30.0,False,Pointer Move (Standard mouse)
1786007921.337642,494,580,p1-block-1-trial-6-target-5,579.0,591.0,30.0,False,Pointer Move (Standard mouse)
1786007921.3453739,494,581,p1-block-1-trial-6-target-5,579.0,591.0,30.0,False,Pointer Move (Standard mouse)
1786007921.353556,493,581,p1-block-1-trial-6-target-5,579.0,591.0,30.0,False,Pointer Move (Standard mouse)
1786007921.36142,493,581,p1-block-1-trial-6-target-5,579.0,591.0,30.0,False,Pointer Move (Standard mouse)
1786007921.369633,493,582,p1-block-1-trial-6-target-5,579.0,591.0,30.0,False,Pointer Move (Standard mouse)
1786007921.385828,493,582,p1-block-1-trial-6-target-5,579.0,591.0,30.0,False,Pointer Move (Standard mouse)
1786007921.40215,494,582,p1-block-1-trial-6-target-5,579.0,591.0,30.0,False,Pointer Move (Standard mouse)
1786007921.41024,495,583,p1-block-1-trial-6-target-5,579.0,591.0,30.0,False,Pointer Move (Standard mouse)
1786007921.418689,497,583,p1-block-1-trial-6-target-5,579.0,591.0,30.0,False,Pointer Move (Standard mouse)
1786007921.42675,498,583,p1-block-1-trial-6-target-5,579.0,591.0,30.0,False,Pointer Move (Standard mouse)
1786007921.434977,501,583,p1-block-1-trial-6-target-5,579.0,591.0,30.0,False,Pointer Move (Standard mouse)
1786007921.442685,502,583,p1-block-1-trial-6-target-5,579.0,591.0,30.0,False,Pointer Move (Standard mouse)
1786007921.4507189,506,583,p1-block-1-trial-6-target-5,579.0,591.0,30.0,False,Pointer Move (Standard mouse)
1786007921.4587939,508,583,p1-block-1-trial-6-target-5,579.0,591.0,30.0,False,Pointer Move (Standard mouse)
1786007921.4672499,510,583,p1-block-1-trial-6-target-5,579.0,591.0,30.0,False,Pointer Move (Standard mouse)
1786007921.475002,512,584,p1-block-1-trial-6-target-5,579.0,591.0,30.0,False,Pointer Move (Standard mouse)
1786007921.483104,514,584,p1-block-1-trial-6-target-5,579.0,591.0,30.0,False,Pointer Move (Standard mouse)
1786007921.491581,516,584,p1-block-1-trial-6-target-5,579.0,591.0,30.0,False,Pointer Move (Standard mouse)
1786007921.4999092,518,584,p1-block-1-trial-6-target-5,579.0,591.0,30.0,False,Pointer Move (Standard mouse)
1786007921.507982,520,584,p1-block-1-trial-6-target-5,579.0,591.0,30.0,False,Pointer Move (Standard mouse)
1786007921.515842,521,585,p1-block-1-trial-6-target-5,579.0,591.0,30.0,False,Pointer Move (Standard mouse)
1786007921.523869,522,585,p1-block-1-trial-6-target-5,579.0,591.0,30.0,False,Pointer Move (Standard mouse)
1786007921.531918,523,586,p1-block-1-trial-6-target-5,579.0,591.0,30.0,False,Pointer Move (Standard mouse)
1786007921.5397608,524,586,p1-block-1-trial-6-target-5,579.0,591.0,30.0,False,Pointer Move (Standard mouse)
1786007921.547949,524,586,p1-block-1-trial-6-target-5,579.0,591.0,30.0,False,Pointer Move (Standard mouse)
1786007921.555841,525,586,p1-block-1-trial-6-target-5,579.0,591.0,30.0,False,Pointer Move (Standard mouse)
1786007921.564065,526,586,p1-block-1-trial-6-target-5,579.0,591.0,30.0,False,Pointer Move (Standard mouse)
1786007921.572489,526,586,p1-block-1-trial-6-target-5,579.0,591.0,30.0,False,Pointer Move (Standard mouse)
1786007921.580105,527,586,p1-block-1-trial-6-target-5,579.0,591.0,30.0,False,Pointer Move (Standard mouse)
1786007921.58831,527,587,p1-block-1-trial-6-target-5,579.0,591.0,30.0,False,Pointer Move (Standard mouse)
1786007921.596069,527,587,p1-block-1-trial-6-target-5,579.0,591.0,30.0,False,Pointer Move (Standard mouse)
1786007921.604186,528,587,p1-block-1-trial-6-target-5,579.0,591.0,30.0,False,Pointer Move (Standard mouse)
1786007921.6128378,529,588,p1-block-1-trial-6-target-5,579.0,591.0,30.0,False,Pointer Move (Standard mouse)
1786007921.621001,529,588,p1-block-1-trial-6-target-5,579.0,591.0,30.0,False,Pointer Move (Standard mouse)
1786007921.6287649,530,588,p1-block-1-trial-6-target-5,579.0,591.0,30.0,False,Pointer Move (Standard mouse)
1786007921.637153,531,588,p1-block-1-trial-6-target-5,579.0,591.0,30.0,False,Pointer Move (Standard mouse)
1786007921.645202,532,589,p1-block-1-trial-6-target-5,579.0,591.0,30.0,False,Pointer Move (Standard mouse)
1786007921.65281,533,590,p1-block-1-trial-6-target-5,579.0,591.0,30.0,False,Pointer Move (Standard mouse)
1786007921.660886,534,590,p1-block-1-trial-6-target-5,579.0,591.0,30.0,False,Pointer Move (Standard mouse)
1786007921.669096,535,590,p1-block-1-trial-6-target-5,579.0,591.0,30.0,False,Pointer Move (Standard mouse)
1786007921.6772952,535,590,p1-block-1-trial-6-target-5,579.0,591.0,30.0,False,Pointer Move (Standard mouse)
1786007921.685389,535,590,p1-block-1-trial-6-target-5,579.0,591.0,30.0,False,Pointer Move (Standard mouse)
1786007921.6935549,536,590,p1-block-1-trial-6-target-5,579.0,591.0,30.0,False,Pointer Move (Standard mouse)
1786007921.701618,537,590,p1-block-1-trial-6-target-5,579.0,591.0,30.0,False,Pointer Move (Standard mouse)
1786007921.709644,537,590,p1-block-1-trial-6-target-5,579.0,591.0,30.0,False,Pointer Move (Standard mouse)
1786007921.7178738,538,591,p1-block-1-trial-6-target-5,579.0,591.0,30.0,False,Pointer Move (Standard mouse)
1786007921.7261739,539,591,p1-block-1-trial-6-target-5,579.0,591.0,30.0,False,Pointer Move (Standard mouse)
1786007921.734012,539,591,p1-block-1-trial-6-target-5,579.0,591.0,30.0,False,Pointer Move (Standard mouse)
1786007921.742528,540,591,p1-block-1-trial-6-target-5,579.0,591.0,30.0,False,Pointer Move (Standard mouse)
1786007921.750418,541,592,p1-block-1-trial-6-target-5,579.0,591.0,30.0,False,Pointer Move (Standard mouse)
1786007921.758375,542,592,p1-block-1-trial-6-target-5,579.0,591.0,30.0,False,Pointer Move (Standard mouse)
1786007921.766389,543,592,p1-block-1-trial-6-target-5,579.0,591.0,30.0,False,Pointer Move (Standard mouse)
1786007921.774812,543,592,p1-block-1-trial-6-target-5,579.0,591.0,30.0,False,Pointer Move (Standard mouse)
1786007921.7822988,543,593,p1-block-1-trial-6-target-5,579.0,591.0,30.0,False,Pointer Move (Standard mouse)
1786007921.7904708,544,593,p1-block-1-trial-6-target-5,579.0,591.0,30.0,False,Pointer Move (Standard mouse)
1786007921.79841,544,593,p1-block-1-trial-6-target-5,579.0,591.0,30.0,False,Pointer Move (Standard mouse)
1786007921.806499,545,593,p1-block-1-trial-6-target-5,579.0,591.0,30.0,False,Pointer Move (Standard mouse)
1786007921.8147688,545,593,p1-block-1-trial-6-target-5,579.0,591.0,30.0,False,Pointer Move (Standard mouse)
1786007921.822804,545,593,p1-block-1-trial-6-target-5,579.0,591.0,30.0,False,Pointer Move (Standard mouse)
1786007921.8306172,546,594,p1-block-1-trial-6-target-5,579.0,591.0,30.0,False,Pointer Move (Standard mouse)
1786007921.838774,546,594,p1-block-1-trial-6-target-5,579.0,591.0,30.0,False,Pointer Move (Standard mouse)
1786007921.8467488,546,594,p1-block-1-trial-6-target-5,579.0,591.0,30.0,False,Pointer Move (Standard mouse)
1786007921.855045,547,594,p1-block-1-trial-6-target-5,579.0,591.0,30.0,False,Pointer Move (Standard mouse)
1786007921.863698,548,595,p1-block-1-trial-6-target-5,579.0,591.0,30.0,False,Pointer Move (Standard mouse)
1786007921.8715641,549,595,p1-block-1-trial-6-target-5,579.0,591.0,30.0,False,Pointer Move (Standard mouse)
1786007921.8796952,549,595,p1-block-1-trial-6-target-5,579.0,591.0,30.0,False,Pointer Move (Standard mouse)
1786007921.923769,549,595,p1-block-1-trial-6-target-5,579.0,591.0,30.0,False,Pointer Move (Standard mouse)
1786007922.2858188,550,595,p1-block-1-trial-6-target-5,579.0,591.0,30.0,False,Pointer Move (Standard mouse)
1786007922.292765,553,594,p1-block-1-trial-6-target-5,579.0,591.0,30.0,False,Pointer Move (Standard mouse)
1786007922.300855,557,594,p1-block-1-trial-6-target-5,579.0,591.0,30.0,False,Pointer Move (Standard mouse)
1786007922.308682,561,592,p1-block-1-trial-6-target-5,579.0,591.0,30.0,False,Pointer Move (Standard mouse)
1786007922.316875,570,588,p1-block-1-trial-6-target-5,579.0,591.0,30.0,False,Pointer Move (Standard mouse)
1786007922.3247502,577,586,p1-block-1-trial-6-target-5,579.0,591.0,30.0,False,Pointer Move (Standard mouse)
1786007922.332586,582,583,p1-block-1-trial-6-target-5,579.0,591.0,30.0,False,Pointer Move (Standard mouse)
1786007922.3407302,593,579,p1-block-1-trial-6-target-5,579.0,591.0,30.0,False,Pointer Move (Standard mouse)
1786007922.3489459,598,578,p1-block-1-trial-6-target-5,579.0,591.0,30.0,False,Pointer Move (Standard mouse)
1786007922.3569138,604,574,p1-block-1-trial-6-target-5,579.0,591.0,30.0,False,Pointer Move (Standard mouse)
1786007922.365116,607,573,p1-block-1-trial-6-target-5,579.0,591.0,30.0,False,Pointer Move (Standard mouse)
1786007922.373183,609,571,p1-block-1-trial-6-target-5,579.0,591.0,30.0,False,Pointer Move (Standard mouse)
1786007922.381013,611,571,p1-block-1-trial-6-target-5,579.0,591.0,30.0,False,Pointer Move (Standard mouse)
1786007922.389549,611,571,p1-block-1-trial-6-target-5,579.0,591.0,30.0,False,Pointer Move (Standard mouse)
1786007922.3975291,611,570,p1-block-1-trial-6-target-5,579.0,591.0,30.0,False,Pointer Move (Standard mouse)
1786007922.405498,612,570,p1-block-1-trial-6-target-5,579.0,591.0,30.0,False,Pointer Move (Standard mouse)
1786007922.454443,611,570,p1-block-1-trial-6-target-5,579.0,591.0,30.0,False,Pointer Move (Standard mouse)
1786007922.462291,611,570,p1-block-1-trial-6-target-5,579.0,591.0,30.0,False,Pointer Move (Standard mouse)
1786007922.4707909,610,570,p1-block-1-trial-6-target-5,579.0,591.0,30.0,False,Pointer Move (Standard mouse)
1786007922.479415,609,570,p1-block-1-trial-6-target-5,579.0,591.0,30.0,False,Pointer Move (Standard mouse)
1786007922.487633,608,570,p1-block-1-trial-6-target-5,579.0,591.0,30.0,False,Pointer Move (Standard mouse)
1786007922.495518,604,570,p1-block-1-trial-6-target-5,579.0,591.0,30.0,False,Pointer Move (Standard mouse)
1786007922.50302,602,570,p1-block-1-trial-6-target-5,579.0,591.0,30.0,False,Pointer Move (Standard mouse)
1786007922.511793,597,570,p1-block-1-trial-6-target-5,579.0,591.0,30.0,False,Pointer Move (Standard mouse)
1786007922.5193632,594,571,p1-block-1-trial-6-target-5,579.0,591.0,30.0,False,Pointer Move (Standard mouse)
1786007922.526963,588,574,p1-block-1-trial-6-target-5,579.0,591.0,30.0,False,Pointer Move (Standard mouse)
1786007922.535072,584,575,p1-block-1-trial-6-target-5,579.0,591.0,30.0,False,Pointer Move (Standard mouse)
1786007922.5430698,578,576,p1-block-1-trial-6-target-5,579.0,591.0,30.0,False,Pointer Move (Standard mouse)
1786007922.551071,573,578,p1-block-1-trial-6-target-5,579.0,591.0,30.0,False,Pointer Move (Standard mouse)
1786007922.559486,566,579,p1-block-1-trial-6-target-5,579.0,591.0,30.0,False,Pointer Move (Standard mouse)
1786007922.567323,563,581,p1-block-1-trial-6-target-5,579.0,591.0,30.0,False,Pointer Move (Standard mouse)
1786007922.575372,560,582,p1-block-1-trial-6-target-5,579.0,591.0,30.0,False,Pointer Move (Standard mouse)
1786007922.583613,558,582,p1-block-1-trial-6-target-5,579.0,591.0,30.0,False,Pointer Move (Standard mouse)
1786007922.5918121,556,583,p1-block-1-trial-6-target-5,579.0,591.0,30.0,False,Pointer Move (Standard mouse)
1786007922.599939,554,584,p1-block-1-trial-6-target-5,579.0,591.0,30.0,False,Pointer Move (Standard mouse)
1786007922.60829,553,584,p1-block-1-trial-6-target-5,579.0,591.0,30.0,False,Pointer Move (Standard mouse)
1786007922.61601,551,584,p1-block-1-trial-6-target-5,579.0,591.0,30.0,False,Pointer Move (Standard mouse)
1786007922.624135,550,584,p1-block-1-trial-6-target-5,579.0,591.0,30.0,False,Pointer Move (Standard mouse)
1786007922.6319602,548,584,p1-block-1-trial-6-target-5,579.0,591.0,30.0,False,Pointer Move (Standard mouse)
1786007922.640672,547,585,p1-block-1-trial-6-target-5,579.0,591.0,30.0,False,Pointer Move (Standard mouse)
1786007922.6482902,546,585,p1-block-1-trial-6-target-5,579.0,591.0,30.0,False,Pointer Move (Standard mouse)
1786007922.6563258,544,585,p1-block-1-trial-6-target-5,579.0,591.0,30.0,False,Pointer Move (Standard mouse)
1786007922.66446,543,586,p1-block-1-trial-6-target-5,579.0,591.0,30.0,False,Pointer Move (Standard mouse)
1786007922.672765,543,586,p1-block-1-trial-6-target-5,579.0,591.0,30.0,False,Pointer Move (Standard mouse)
1786007922.680866,542,586,p1-block-1-trial-6-target-5,579.0,591.0,30.0,False,Pointer Move (Standard mouse)
1786007922.6889842,542,586,p1-block-1-trial-6-target-5,579.0,591.0,30.0,False,Pointer Move (Standard mouse)
1786007922.696658,542,587,p1-block-1-trial-6-target-5,579.0,591.0,30.0,False,Pointer Move (Standard mouse)
1786007922.7049851,541,587,p1-block-1-trial-6-target-5,579.0,591.0,30.0,False,Pointer Move (Standard mouse)
1786007922.7211719,541,587,p1-block-1-trial-6-target-5,579.0,591.0,30.0,False,Pointer Move (Standard mouse)
1786007922.737631,541,588,p1-block-1-trial-6-target-5,579.0,591.0,30.0,False,Pointer Move (Standard mouse)
1786007922.754564,541,588,p1-block-1-trial-6-target-5,579.0,591.0,30.0,False,Pointer Move (Standard mouse)
1786007922.7789161,541,588,p1-block-1-trial-6-target-5,579.0,591.0,30.0,False,Pointer Move (Standard mouse)
1786007922.786276,542,588,p1-block-1-trial-6-target-5,579.0,591.0,30.0,False,Pointer Move (Standard mouse)
1786007922.79426,542,589,p1-block-1-trial-6-target-5,579.0,591.0,30.0,False,Pointer Move (Standard mouse)
1786007922.802114,543,589,p1-block-1-trial-6-target-5,579.0,591.0,30.0,False,Pointer Move (Standard mouse)
1786007922.810184,544,589,p1-block-1-trial-6-target-5,579.0,591.0,30.0,False,Pointer Move (Standard mouse)
1786007922.818196,545,589,p1-block-1-trial-6-target-5,579.0,591.0,30.0,False,Pointer Move (Standard mouse)
1786007922.8263,546,589,p1-block-1-trial-6-target-5,579.0,591.0,30.0,False,Pointer Move (Standard mouse)
1786007922.83456,547,590,p1-block-1-trial-6-target-5,579.0,591.0,30.0,False,Pointer Move (Standard mouse)
1786007922.8425322,548,590,p1-block-1-trial-6-target-5,579.0,591.0,30.0,False,Pointer Move (Standard mouse)
1786007922.850606,549,590,p1-block-1-trial-6-target-5,579.0,591.0,30.0,False,Pointer Move (Standard mouse)
1786007922.859231,549,590,p1-block-1-trial-6-target-5,579.0,591.0,30.0,False,Pointer Move (Standard mouse)
1786007922.8675442,550,591,p1-block-1-trial-6-target-5,579.0,591.0,30.0,False,Pointer Move (Standard mouse)
1786007922.875684,551,591,p1-block-1-trial-6-target-5,579.0,591.0,30.0,False,Pointer Move (Standard mouse)
1786007922.883666,551,591,p1-block-1-trial-6-target-5,579.0,591.0,30.0,False,Pointer Move (Standard mouse)
1786007922.8913028,552,591,p1-block-1-trial-6-target-5,579.0,591.0,30.0,False,Pointer Move (Standard mouse)
1786007922.89941,552,591,p1-block-1-trial-6-target-5,579.0,591.0,30.0,False,Pointer Move (Standard mouse)
1786007922.9073,552,591,p1-block-1-trial-6-target-5,579.0,591.0,30.0,False,Pointer Move (Standard mouse)
1786007922.915435,553,591,p1-block-1-trial-6-target-5,579.0,591.0,30.0,False,Pointer Move (Standard mouse)
1786007922.92372,553,591,p1-block-1-trial-6-target-5,579.0,591.0,30.0,False,Pointer Move (Standard mouse)
1786007922.940394,553,591,p1-block-1-trial-6-target-5,579.0,591.0,30.0,False,Pointer Move (Standard mouse)
1786007922.956853,554,591,p1-block-1-trial-6-target-5,579.0,591.0,30.0,False,Pointer Move (Standard mouse)
1786007922.972069,554,591,p1-block-1-trial-6-target-5,579.0,591.0,30.0,False,Pointer Move (Standard mouse)
1786007922.980198,554,592,p1-block-1-trial-6-target-5,579.0,591.0,30.0,False,Pointer Move (Standard mouse)
1786007922.9883258,555,592,p1-block-1-trial-6-target-5,579.0,591.0,30.0,False,Pointer Move (Standard mouse)
1786007922.996299,555,592,p1-block-1-trial-6-target-5,579.0,591.0,30.0,False,Pointer Move (Standard mouse)
1786007923.004503,556,592,p1-block-1-trial-6-target-5,579.0,591.0,30.0,False,Pointer Move (Standard mouse)
1786007923.0125911,557,592,p1-block-1-trial-6-target-5,579.0,591.0,30.0,False,Pointer Move (Standard mouse)
1786007923.021025,557,592,p1-block-1-trial-6-target-5,579.0,591.0,30.0,False,Pointer Move (Standard mouse)
1786007923.028665,558,592,p1-block-1-trial-6-target-5,579.0,591.0,30.0,False,Pointer Move (Standard mouse)
1786007923.036713,558,592,p1-block-1-trial-6-target-5,579.0,591.0,30.0,False,Pointer Move (Standard mouse)
1786007923.054013,558,592,p1-block-1-trial-6-target-5,579.0,591.0,30.0,target_selected,target_selected
1786007923.073568,558,592,p1-block-1-trial-7-target-1,861.0,309.0,30.0,False,Pointer Move (Standard mouse)
1786007923.418599,562,592,p1-block-1-trial-7-target-1,861.0,309.0,30.0,False,Pointer Move (Standard mouse)
1786007923.426423,585,584,p1-block-1-trial-7-target-1,861.0,309.0,30.0,False,Pointer Move (Standard mouse)
1786007923.4337668,613,573,p1-block-1-trial-7-target-1,861.0,309.0,30.0,False,Pointer Move (Standard mouse)
1786007923.441718,641,562,p1-block-1-trial-7-target-1,861.0,309.0,30.0,False,Pointer Move (Standard mouse)
1786007923.4494238,678,550,p1-block-1-trial-7-target-1,861.0,309.0,30.0,False,Pointer Move (Standard mouse)
1786007923.457727,714,540,p1-block-1-trial-7-target-1,861.0,309.0,30.0,False,Pointer Move (Standard mouse)
1786007923.465856,802,514,p1-block-1-trial-7-target-1,861.0,309.0,30.0,False,Pointer Move (Standard mouse)
1786007923.4737952,839,504,p1-block-1-trial-7-target-1,861.0,309.0,30.0,False,Pointer Move (Standard mouse)
1786007923.482229,909,484,p1-block-1-trial-7-target-1,861.0,309.0,30.0,False,Pointer Move (Standard mouse)
1786007923.490001,937,477,p1-block-1-trial-7-target-1,861.0,309.0,30.0,False,Pointer Move (Standard mouse)
1786007923.498025,989,463,p1-block-1-trial-7-target-1,861.0,309.0,30.0,False,Pointer Move (Standard mouse)
1786007923.506897,1003,458,p1-block-1-trial-7-target-1,861.0,309.0,30.0,False,Pointer Move (Standard mouse)
1786007923.514101,1035,447,p1-block-1-trial-7-target-1,861.0,309.0,30.0,False,Pointer Move (Standard mouse)
1786007923.522322,1052,442,p1-block-1-trial-7-target-1,861.0,309.0,30.0,False,Pointer Move (Standard mouse)
1786007923.530206,1064,436,p1-block-1-trial-7-target-1,861.0,309.0,30.0,False,Pointer Move (Standard mouse)
1786007923.538445,1070,434,p1-block-1-trial-7-target-1,861.0,309.0,30.0,False,Pointer Move (Standard mouse)
1786007923.546441,1074,431,p1-block-1-trial-7-target-1,861.0,309.0,30.0,False,Pointer Move (Standard mouse)
1786007923.554733,1076,430,p1-block-1-trial-7-target-1,861.0,309.0,30.0,False,Pointer Move (Standard mouse)
1786007923.562593,1077,429,p1-block-1-trial-7-target-1,861.0,309.0,30.0,False,Pointer Move (Standard mouse)
1786007923.570909,1077,429,p1-block-1-trial-7-target-1,861.0,309.0,30.0,False,Pointer Move (Standard mouse)
1786007923.5789351,1077,428,p1-block-1-trial-7-target-1,861.0,309.0,30.0,False,Pointer Move (Standard mouse)
1786007923.5872068,1077,428,p1-block-1-trial-7-target-1,861.0,309.0,30.0,False,Pointer Move (Standard mouse)
1786007923.595465,1077,428,p1-block-1-trial-7-target-1,861.0,309.0,30.0,False,Pointer Move (Standard mouse)
1786007923.603369,1077,427,p1-block-1-trial-7-target-1,861.0,309.0,30.0,False,Pointer Move (Standard mouse)
1786007923.611252,1077,427,p1-block-1-trial-7-target-1,861.0,309.0,30.0,False,Pointer Move (Standard mouse)
1786007923.6278799,1077,427,p1-block-1-trial-7-target-1,861.0,309.0,30.0,False,Pointer Move (Standard mouse)
1786007923.6438851,1077,426,p1-block-1-trial-7-target-1,861.0,309.0,30.0,False,Pointer Move (Standard mouse)
1786007923.651734,1077,426,p1-block-1-trial-7-target-1,861.0,309.0,30.0,False,Pointer Move (Standard mouse)
1786007923.6597881,1076,426,p1-block-1-trial-7-target-1,861.0,309.0,30.0,False,Pointer Move (Standard mouse)
1786007923.668451,1074,425,p1-block-1-trial-7-target-1,861.0,309.0,30.0,False,Pointer Move (Standard mouse)
1786007923.675889,1071,422,p1-block-1-trial-7-target-1,861.0,309.0,30.0,False,Pointer Move (Standard mouse)
1786007923.684146,1067,418,p1-block-1-trial-7-target-1,861.0,309.0,30.0,False,Pointer Move (Standard mouse)
1786007923.692029,1061,414,p1-block-1-trial-7-target-1,861.0,309.0,30.0,False,Pointer Move (Standard mouse)
1786007923.7001112,1058,410,p1-block-1-trial-7-target-1,861.0,309.0,30.0,False,Pointer Move (Standard mouse)
1786007923.7082791,1055,406,p1-block-1-trial-7-target-1,861.0,309.0,30.0,False,Pointer Move (Standard mouse)
1786007923.716688,1049,402,p1-block-1-trial-7-target-1,861.0,309.0,30.0,False,Pointer Move (Standard mouse)
1786007923.72499,1044,398,p1-block-1-trial-7-target-1,861.0,309.0,30.0,False,Pointer Move (Standard mouse)
1786007923.7328691,1033,388,p1-block-1-trial-7-target-1,861.0,309.0,30.0,False,Pointer Move (Standard mouse)
1786007923.7409532,1026,382,p1-block-1-trial-7-target-1,861.0,309.0,30.0,False,Pointer Move (Standard mouse)
1786007923.748968,1019,376,p1-block-1-trial-7-target-1,861.0,309.0,30.0,False,Pointer Move (Standard mouse)
1786007923.7571409,1015,373,p1-block-1-trial-7-target-1,861.0,309.0,30.0,False,Pointer Move (Standard mouse)
1786007923.7651231,1008,368,p1-block-1-trial-7-target-1,861.0,309.0,30.0,False,Pointer Move (Standard mouse)
1786007923.7733,1002,363,p1-block-1-trial-7-target-1,861.0,309.0,30.0,False,Pointer Move (Standard mouse)
1786007923.781033,997,361,p1-block-1-trial-7-target-1,861.0,309.0,30.0,False,Pointer Move (Standard mouse)
1786007923.7892458,992,356,p1-block-1-trial-7-target-1,861.0,309.0,30.0,False,Pointer Move (Standard mouse)
1786007923.7972329,988,353,p1-block-1-trial-7-target-1,861.0,309.0,30.0,False,Pointer Move (Standard mouse)
1786007923.8056672,986,352,p1-block-1-trial-7-target-1,861.0,309.0,30.0,False,Pointer Move (Standard mouse)
1786007923.813558,982,349,p1-block-1-trial-7-target-1,861.0,309.0,30.0,False,Pointer Move (Standard mouse)
1786007923.822041,981,348,p1-block-1-trial-7-target-1,861.0,309.0,30.0,False,Pointer Move (Standard mouse)
1786007923.829749,979,346,p1-block-1-trial-7-target-1,861.0,309.0,30.0,False,Pointer Move (Standard mouse)
1786007923.8377879,978,345,p1-block-1-trial-7-target-1,861.0,309.0,30.0,False,Pointer Move (Standard mouse)
1786007923.845719,977,344,p1-block-1-trial-7-target-1,861.0,309.0,30.0,False,Pointer Move (Standard mouse)
1786007923.85395,977,343,p1-block-1-trial-7-target-1,861.0,309.0,30.0,False,Pointer Move (Standard mouse)
1786007923.8619149,976,343,p1-block-1-trial-7-target-1,861.0,309.0,30.0,False,Pointer Move (Standard mouse)
1786007923.870444,976,342,p1-block-1-trial-7-target-1,861.0,309.0,30.0,False,Pointer Move (Standard mouse)
1786007923.878221,975,341,p1-block-1-trial-7-target-1,861.0,309.0,30.0,False,Pointer Move (Standard mouse)
1786007923.8863318,975,341,p1-block-1-trial-7-target-1,861.0,309.0,30.0,False,Pointer Move (Standard mouse)
1786007923.894357,975,340,p1-block-1-trial-7-target-1,861.0,309.0,30.0,False,Pointer Move (Standard mouse)
1786007923.902805,974,339,p1-block-1-trial-7-target-1,861.0,309.0,30.0,False,Pointer Move (Standard mouse)
1786007923.910548,974,339,p1-block-1-trial-7-target-1,861.0,309.0,30.0,False,Pointer Move (Standard mouse)
1786007923.918818,974,339,p1-block-1-trial-7-target-1,861.0,309.0,30.0,False,Pointer Move (Standard mouse)
1786007923.926774,973,338,p1-block-1-trial-7-target-1,861.0,309.0,30.0,False,Pointer Move (Standard mouse)
1786007923.934944,972,337,p1-block-1-trial-7-target-1,861.0,309.0,30.0,False,Pointer Move (Standard mouse)
1786007923.9429069,971,336,p1-block-1-trial-7-target-1,861.0,309.0,30.0,False,Pointer Move (Standard mouse)
1786007923.951228,969,335,p1-block-1-trial-7-target-1,861.0,309.0,30.0,False,Pointer Move (Standard mouse)
1786007923.959615,967,333,p1-block-1-trial-7-target-1,861.0,309.0,30.0,False,Pointer Move (Standard mouse)
1786007923.9673269,964,332,p1-block-1-trial-7-target-1,861.0,309.0,30.0,False,Pointer Move (Standard mouse)
1786007923.975393,961,330,p1-block-1-trial-7-target-1,861.0,309.0,30.0,False,Pointer Move (Standard mouse)
1786007923.983742,957,328,p1-block-1-trial-7-target-1,861.0,309.0,30.0,False,Pointer Move (Standard mouse)
1786007923.991476,952,328,p1-block-1-trial-7-target-1,861.0,309.0,30.0,False,Pointer Move (Standard mouse)
1786007923.999533,948,326,p1-block-1-trial-7-target-1,861.0,309.0,30.0,False,Pointer Move (Standard mouse)
1786007924.007931,943,325,p1-block-1-trial-7-target-1,861.0,309.0,30.0,False,Pointer Move (Standard mouse)
1786007924.015878,938,324,p1-block-1-trial-7-target-1,861.0,309.0,30.0,False,Pointer Move (Standard mouse)
1786007924.023854,935,323,p1-block-1-trial-7-target-1,861.0,309.0,30.0,False,Pointer Move (Standard mouse)
1786007924.032423,932,322,p1-block-1-trial-7-target-1,861.0,309.0,30.0,False,Pointer Move (Standard mouse)
1786007924.040336,930,322,p1-block-1-trial-7-target-1,861.0,309.0,30.0,False,Pointer Move (Standard mouse)
1786007924.0483909,928,322,p1-block-1-trial-7-target-1,861.0,309.0,30.0,False,Pointer Move (Standard mouse)
1786007924.056191,926,322,p1-block-1-trial-7-target-1,861.0,309.0,30.0,False,Pointer Move (Standard mouse)
1786007924.064248,925,322,p1-block-1-trial-7-target-1,861.0,309.0,30.0,False,Pointer Move (Standard mouse)
1786007924.07269,923,322,p1-block-1-trial-7-target-1,861.0,309.0,30.0,False,Pointer Move (Standard mouse)
1786007924.080825,919,322,p1-block-1-trial-7-target-1,861.0,309.0,30.0,False,Pointer Move (Standard mouse)
1786007924.088686,917,322,p1-block-1-trial-7-target-1,861.0,309.0,30.0,False,Pointer Move (Standard mouse)
1786007924.096531,915,322,p1-block-1-trial-7-target-1,861.0,309.0,30.0,False,Pointer Move (Standard mouse)
1786007924.104882,913,322,p1-block-1-trial-7-target-1,861.0,309.0,30.0,False,Pointer Move (Standard mouse)
1786007924.113141,911,322,p1-block-1-trial-7-target-1,861.0,309.0,30.0,False,Pointer Move (Standard mouse)
1786007924.121291,909,322,p1-block-1-trial-7-target-1,861.0,309.0,30.0,False,Pointer Move (Standard mouse)
1786007924.1290371,907,322,p1-block-1-trial-7-target-1,861.0,309.0,30.0,False,Pointer Move (Standard mouse)
1786007924.1373792,906,322,p1-block-1-trial-7-target-1,861.0,309.0,30.0,False,Pointer Move (Standard mouse)
1786007924.145238,905,322,p1-block-1-trial-7-target-1,861.0,309.0,30.0,False,Pointer Move (Standard mouse)
1786007924.15362,904,322,p1-block-1-trial-7-target-1,861.0,309.0,30.0,False,Pointer Move (Standard mouse)
1786007924.161547,903,322,p1-block-1-trial-7-target-1,861.0,309.0,30.0,False,Pointer Move (Standard mouse)
1786007924.169525,902,322,p1-block-1-trial-7-target-1,861.0,309.0,30.0,False,Pointer Move (Standard mouse)
1786007924.177684,901,322,p1-block-1-trial-7-target-1,861.0,309.0,30.0,False,Pointer Move (Standard mouse)
1786007924.1857631,900,322,p1-block-1-trial-7-target-1,861.0,309.0,30.0,False,Pointer Move (Standard mouse)
1786007924.194276,899,322,p1-block-1-trial-7-target-1,861.0,309.0,30.0,False,Pointer Move (Standard mouse)
1786007924.201854,898,322,p1-block-1-trial-7-target-1,861.0,309.0,30.0,False,Pointer Move (Standard mouse)
1786007924.2102458,897,322,p1-block-1-trial-7-target-1,861.0,309.0,30.0,False,Pointer Move (Standard mouse)
1786007924.218372,896,322,p1-block-1-trial-7-target-1,861.0,309.0,30.0,False,Pointer Move (Standard mouse)
1786007924.226815,895,322,p1-block-1-trial-7-target-1,861.0,309.0,30.0,False,Pointer Move (Standard mouse)
1786007924.234463,895,322,p1-block-1-trial-7-target-1,861.0,309.0,30.0,False,Pointer Move (Standard mouse)
1786007924.242442,894,322,p1-block-1-trial-7-target-1,861.0,309.0,30.0,False,Pointer Move (Standard mouse)
1786007924.250688,894,322,p1-block-1-trial-7-target-1,861.0,309.0,30.0,False,Pointer Move (Standard mouse)
1786007924.2752519,894,322,p1-block-1-trial-7-target-1,861.0,309.0,30.0,False,Pointer Move (Standard mouse)
1786007924.282963,893,322,p1-block-1-trial-7-target-1,861.0,309.0,30.0,False,Pointer Move (Standard mouse)
1786007924.291084,893,322,p1-block-1-trial-7-target-1,861.0,309.0,30.0,False,Pointer Move (Standard mouse)
1786007924.299114,892,322,p1-block-1-trial-7-target-1,861.0,309.0,30.0,False,Pointer Move (Standard mouse)
1786007924.3075242,890,322,p1-block-1-trial-7-target-1,861.0,309.0,30.0,False,Pointer Move (Standard mouse)
1786007924.315892,889,322,p1-block-1-trial-7-target-1,861.0,309.0,30.0,False,Pointer Move (Standard mouse)
1786007924.323641,887,321,p1-block-1-trial-7-target-1,861.0,309.0,30.0,False,Pointer Move (Standard mouse)
1786007924.331925,886,320,p1-block-1-trial-7-target-1,861.0,309.0,30.0,False,Pointer Move (Standard mouse)
1786007924.340634,885,320,p1-block-1-trial-7-target-1,861.0,309.0,30.0,False,Pointer Move (Standard mouse)
1786007924.348502,884,319,p1-block-1-trial-7-target-1,861.0,309.0,30.0,False,Pointer Move (Standard mouse)
1786007924.3565052,883,319,p1-block-1-trial-7-target-1,861.0,309.0,30.0,False,Pointer Move (Standard mouse)
1786007924.36382,882,319,p1-block-1-trial-7-target-1,861.0,309.0,30.0,False,Pointer Move (Standard mouse)
1786007924.371856,882,318,p1-block-1-trial-7-target-1,861.0,309.0,30.0,False,Pointer Move (Standard mouse)
1786007924.3797948,882,318,p1-block-1-trial-7-target-1,861.0,309.0,30.0,False,Pointer Move (Standard mouse)
1786007924.421371,882,318,p1-block-1-trial-7-target-1,861.0,309.0,30.0,target_selected,target_selected
1786007924.430768,882,318,p1-block-1-trial-8-target-5,579.0,591.0,30.0,False,Pointer Move (Standard mouse)
1786007924.868245,881,318,p1-block-1-trial-8-target-5,579.0,591.0,30.0,False,Pointer Move (Standard mouse)
1786007924.874536,877,318,p1-block-1-trial-8-target-5,579.0,591.0,30.0,False,Pointer Move (Standard mouse)
1786007924.8857589,872,320,p1-block-1-trial-8-target-5,579.0,591.0,30.0,False,Pointer Move (Standard mouse)
1786007924.889514,862,325,p1-block-1-trial-8-target-5,579.0,591.0,30.0,False,Pointer Move (Standard mouse)
1786007924.897522,854,330,p1-block-1-trial-8-target-5,579.0,591.0,30.0,False,Pointer Move (Standard mouse)
1786007924.905463,836,341,p1-block-1-trial-8-target-5,579.0,591.0,30.0,False,Pointer Move (Standard mouse)
1786007924.9142778,816,355,p1-block-1-trial-8-target-5,579.0,591.0,30.0,False,Pointer Move (Standard mouse)
1786007924.92205,798,366,p1-block-1-trial-8-target-5,579.0,591.0,30.0,False,Pointer Move (Standard mouse)
1786007924.930033,778,382,p1-block-1-trial-8-target-5,579.0,591.0,30.0,False,Pointer Move (Standard mouse)
1786007924.9382222,759,393,p1-block-1-trial-8-target-5,579.0,591.0,30.0,False,Pointer Move (Standard mouse)
1786007924.94616,739,407,p1-block-1-trial-8-target-5,579.0,591.0,30.0,False,Pointer Move (Standard mouse)
1786007924.954813,724,417,p1-block-1-trial-8-target-5,579.0,591.0,30.0,False,Pointer Move (Standard mouse)
1786007924.963119,719,420,p1-block-1-trial-8-target-5,579.0,591.0,30.0,False,Pointer Move (Standard mouse)
1786007924.971214,709,430,p1-block-1-trial-8-target-5,579.0,591.0,30.0,False,Pointer Move (Standard mouse)
1786007924.978889,699,436,p1-block-1-trial-8-target-5,579.0,591.0,30.0,False,Pointer Move (Standard mouse)
1786007924.986927,691,443,p1-block-1-trial-8-target-5,579.0,591.0,30.0,False,Pointer Move (Standard mouse)
1786007924.994705,684,448,p1-block-1-trial-8-target-5,579.0,591.0,30.0,False,Pointer Move (Standard mouse)
1786007925.0034702,670,458,p1-block-1-trial-8-target-5,579.0,591.0,30.0,False,Pointer Move (Standard mouse)
1786007925.011935,664,464,p1-block-1-trial-8-target-5,579.0,591.0,30.0,False,Pointer Move (Standard mouse)
1786007925.019084,659,472,p1-block-1-trial-8-target-5,579.0,591.0,30.0,False,Pointer Move (Standard mouse)
1786007925.0274172,653,478,p1-block-1-trial-8-target-5,579.0,591.0,30.0,False,Pointer Move (Standard mouse)
1786007925.035108,647,485,p1-block-1-trial-8-target-5,579.0,591.0,30.0,False,Pointer Move (Standard mouse)
1786007925.043309,640,493,p1-block-1-trial-8-target-5,579.0,591.0,30.0,False,Pointer Move (Standard mouse)
1786007925.051051,633,503,p1-block-1-trial-8-target-5,579.0,591.0,30.0,False,Pointer Move (Standard mouse)
1786007925.059217,627,510,p1-block-1-trial-8-target-5,579.0,591.0,30.0,False,Pointer Move (Standard mouse)
1786007925.0677068,623,514,p1-block-1-trial-8-target-5,579.0,591.0,30.0,False,Pointer Move (Standard mouse)
1786007925.075627,617,521,p1-block-1-trial-8-target-5,579.0,591.0,30.0,False,Pointer Move (Standard mouse)
1786007925.083669,611,528,p1-block-1-trial-8-target-5,579.0,591.0,30.0,False,Pointer Move (Standard mouse)
1786007925.0922098,606,535,p1-block-1-trial-8-target-5,579.0,591.0,30.0,False,Pointer Move (Standard mouse)
1786007925.100138,600,541,p1-block-1-trial-8-target-5,579.0,591.0,30.0,False,Pointer Move (Standard mouse)
1786007925.1082828,596,545,p1-block-1-trial-8-target-5,579.0,591.0,30.0,False,Pointer Move (Standard mouse)
1786007925.11625,592,549,p1-block-1-trial-8-target-5,579.0,591.0,30.0,False,Pointer Move (Standard mouse)
1786007925.1241689,589,553,p1-block-1-trial-8-target-5,579.0,591.0,30.0,False,Pointer Move (Standard mouse)
1786007925.132482,585,557,p1-block-1-trial-8-target-5,579.0,591.0,30.0,False,Pointer Move (Standard mouse)
1786007925.140909,582,561,p1-block-1-trial-8-target-5,579.0,591.0,30.0,False,Pointer Move (Standard mouse)
1786007925.148524,579,564,p1-block-1-trial-8-target-5,579.0,591.0,30.0,False,Pointer Move (Standard mouse)
1786007925.156461,577,568,p1-block-1-trial-8-target-5,579.0,591.0,30.0,False,Pointer Move (Standard mouse)
1786007925.164723,574,572,p1-block-1-trial-8-target-5,579.0,591.0,30.0,False,Pointer Move (Standard mouse)
1786007925.1730409,571,576,p1-block-1-trial-8-target-5,579.0,591.0,30.0,False,Pointer Move (Standard mouse)
1786007925.180876,569,579,p1-block-1-trial-8-target-5,579.0,591.0,30.0,False,Pointer Move (Standard mouse)
1786007925.1893709,567,582,p1-block-1-trial-8-target-5,579.0,591.0,30.0,False,Pointer Move (Standard mouse)
1786007925.197264,566,583,p1-block-1-trial-8-target-5,579.0,591.0,30.0,False,Pointer Move (Standard mouse)
1786007925.205163,565,585,p1-block-1-trial-8-target-5,579.0,591.0,30.0,False,Pointer Move (Standard mouse)
1786007925.2133381,564,586,p1-block-1-trial-8-target-5,579.0,591.0,30.0,False,Pointer Move (Standard mouse)
1786007925.221447,564,586,p1-block-1-trial-8-target-5,579.0,591.0,30.0,False,Pointer Move (Standard mouse)
1786007925.229439,564,586,p1-block-1-trial-8-target-5,579.0,591.0,30.0,False,Pointer Move (Standard mouse)
1786007925.2378712,563,587,p1-block-1-trial-8-target-5,579.0,591.0,30.0,False,Pointer Move (Standard mouse)
1786007925.245885,563,587,p1-block-1-trial-8-target-5,579.0,591.0,30.0,False,Pointer Move (Standard mouse)
1786007925.254029,563,588,p1-block-1-trial-8-target-5,579.0,591.0,30.0,False,Pointer Move (Standard mouse)
1786007925.2620108,562,589,p1-block-1-trial-8-target-5,579.0,591.0,30.0,False,Pointer Move (Standard mouse)
1786007925.270428,562,590,p1-block-1-trial-8-target-5,579.0,591.0,30.0,False,Pointer Move (Standard mouse)
1786007925.2781792,561,591,p1-block-1-trial-8-target-5,579.0,591.0,30.0,False,Pointer Move (Standard mouse)
1786007925.28631,560,591,p1-block-1-trial-8-target-5,579.0,591.0,30.0,False,Pointer Move (Standard mouse)
1786007925.294179,560,592,p1-block-1-trial-8-target-5,579.0,591.0,30.0,False,Pointer Move (Standard mouse)
1786007925.302418,560,593,p1-block-1-trial-8-target-5,579.0,591.0,30.0,False,Pointer Move (Standard mouse)
1786007925.310449,559,593,p1-block-1-trial-8-target-5,579.0,591.0,30.0,False,Pointer Move (Standard mouse)
1786007925.318469,559,593,p1-block-1-trial-8-target-5,579.0,591.0,30.0,False,Pointer Move (Standard mouse)
1786007925.3274722,559,594,p1-block-1-trial-8-target-5,579.0,591.0,30.0,False,Pointer Move (Standard mouse)
1786007925.335158,559,594,p1-block-1-trial-8-target-5,579.0,591.0,30.0,False,Pointer Move (Standard mouse)
1786007925.401047,559,594,p1-block-1-trial-8-target-5,579.0,591.0,30.0,False,Pointer Move (Standard mouse)
1786007925.408917,559,593,p1-block-1-trial-8-target-5,579.0,591.0,30.0,False,Pointer Move (Standard mouse)
1786007925.417003,559,592,p1-block-1-trial-8-target-5,579.0,591.0,30.0,False,Pointer Move (Standard mouse)
1786007925.4250398,559,592,p1-block-1-trial-8-target-5,579.0,591.0,30.0,False,Pointer Move (Standard mouse)
1786007925.432244,559,592,p1-block-1-trial-8-target-5,579.0,591.0,30.0,False,Pointer Move (Standard mouse)
1786007925.4406772,559,591,p1-block-1-trial-8-target-5,579.0,591.0,30.0,False,Pointer Move (Standard mouse)
1786007925.448388,559,591,p1-block-1-trial-8-target-5,579.0,591.0,30.0,False,Pointer Move (Standard mouse)
1786007925.464389,559,590,p1-block-1-trial-8-target-5,579.0,591.0,30.0,False,Pointer Move (Standard mouse)
1786007925.480814,559,590,p1-block-1-trial-8-target-5,579.0,591.0,30.0,False,Pointer Move (Standard mouse)
1786007925.489446,559,589,p1-block-1-trial-8-target-5,579.0,591.0,30.0,False,Pointer Move (Standard mouse)
1786007925.496709,559,588,p1-block-1-trial-8-target-5,579.0,591.0,30.0,False,Pointer Move (Standard mouse)
1786007925.504616,559,588,p1-block-1-trial-8-target-5,579.0,591.0,30.0,False,Pointer Move (Standard mouse)
1786007925.5130382,559,588,p1-block-1-trial-8-target-5,579.0,591.0,30.0,False,Pointer Move (Standard mouse)
1786007925.521585,559,587,p1-block-1-trial-8-target-5,579.0,591.0,30.0,False,Pointer Move (Standard mouse)
1786007925.529098,559,587,p1-block-1-trial-8-target-5,579.0,591.0,30.0,False,Pointer Move (Standard mouse)
1786007925.545235,559,586,p1-block-1-trial-8-target-5,579.0,591.0,30.0,False,Pointer Move (Standard mouse)
1786007925.578335,559,586,p1-block-1-trial-8-target-5,579.0,591.0,30.0,False,Pointer Move (Standard mouse)
1786007925.5857432,560,586,p1-block-1-trial-8-target-5,579.0,591.0,30.0,False,Pointer Move (Standard mouse)
1786007925.593728,560,586,p1-block-1-trial-8-target-5,579.0,591.0,30.0,False,Pointer Move (Standard mouse)
1786007925.601451,560,586,p1-block-1-trial-8-target-5,579.0,591.0,30.0,False,Pointer Move (Standard mouse)
1786007925.609757,561,586,p1-block-1-trial-8-target-5,579.0,591.0,30.0,False,Pointer Move (Standard mouse)
1786007925.6178,561,586,p1-block-1-trial-8-target-5,579.0,591.0,30.0,False,Pointer Move (Standard mouse)
1786007925.626053,562,586,p1-block-1-trial-8-target-5,579.0,591.0,30.0,False,Pointer Move (Standard mouse)
1786007925.6343,562,587,p1-block-1-trial-8-target-5,579.0,591.0,30.0,False,Pointer Move (Standard mouse)
1786007925.6421251,562,587,p1-block-1-trial-8-target-5,579.0,591.0,30.0,False,Pointer Move (Standard mouse)
1786007925.67071,562,587,p1-block-1-trial-8-target-5,579.0,591.0,30.0,target_selected,target_selected
1786007925.687007,562,587,p1-block-1-trial-9-target-1,861.0,309.0,30.0,False,Pointer Move (Standard mouse)
1786007926.0236669,563,587,p1-block-1-trial-9-target-1,861.0,309.0,30.0,False,Pointer Move (Standard mouse)
1786007926.031452,574,583,p1-block-1-trial-9-target-1,861.0,309.0,30.0,False,Pointer Move (Standard mouse)
1786007926.039383,585,578,p1-block-1-trial-9-target-1,861.0,309.0,30.0,False,Pointer Move (Standard mouse)
1786007926.047046,619,561,p1-block-1-trial-9-target-1,861.0,309.0,30.0,False,Pointer Move (Standard mouse)
1786007926.0548759,658,542,p1-block-1-trial-9-target-1,861.0,309.0,30.0,False,Pointer Move (Standard mouse)
1786007926.062579,702,523,p1-block-1-trial-9-target-1,861.0,309.0,30.0,False,Pointer Move (Standard mouse)
1786007926.071184,717,515,p1-block-1-trial-9-target-1,861.0,309.0,30.0,False,Pointer Move (Standard mouse)
1786007926.0790322,756,499,p1-block-1-trial-9-target-1,861.0,309.0,30.0,False,Pointer Move (Standard mouse)
1786007926.087033,795,481,p1-block-1-trial-9-target-1,861.0,309.0,30.0,False,Pointer Move (Standard mouse)
1786007926.094708,805,475,p1-block-1-trial-9-target-1,861.0,309.0,30.0,False,Pointer Move (Standard mouse)
1786007926.1030889,826,463,p1-block-1-trial-9-target-1,861.0,309.0,30.0,False,Pointer Move (Standard mouse)
1786007926.111223,845,454,p1-block-1-trial-9-target-1,861.0,309.0,30.0,False,Pointer Move (Standard mouse)
1786007926.119494,859,448,p1-block-1-trial-9-target-1,861.0,309.0,30.0,False,Pointer Move (Standard mouse)
1786007926.1282308,869,441,p1-block-1-trial-9-target-1,861.0,309.0,30.0,False,Pointer Move (Standard mouse)
1786007926.1360052,875,438,p1-block-1-trial-9-target-1,861.0,309.0,30.0,False,Pointer Move (Standard mouse)
1786007926.144246,880,435,p1-block-1-trial-9-target-1,861.0,309.0,30.0,False,Pointer Move (Standard mouse)
1786007926.152964,884,432,p1-block-1-trial-9-target-1,861.0,309.0,30.0,False,Pointer Move (Standard mouse)
1786007926.160201,888,429,p1-block-1-trial-9-target-1,861.0,309.0,30.0,False,Pointer Move (Standard mouse)
1786007926.168204,890,427,p1-block-1-trial-9-target-1,861.0,309.0,30.0,False,Pointer Move (Standard mouse)
1786007926.1762502,892,424,p1-block-1-trial-9-target-1,861.0,309.0,30.0,False,Pointer Move (Standard mouse)
1786007926.1844249,894,422,p1-block-1-trial-9-target-1,861.0,309.0,30.0,False,Pointer Move (Standard mouse)
1786007926.192875,895,421,p1-block-1-trial-9-target-1,861.0,309.0,30.0,False,Pointer Move (Standard mouse)
1786007926.2008011,896,419,p1-block-1-trial-9-target-1,861.0,309.0,30.0,False,Pointer Move (Standard mouse)
1786007926.209193,897,418,p1-block-1-trial-9-target-1,861.0,309.0,30.0,False,Pointer Move (Standard mouse)
1786007926.217988,897,416,p1-block-1-trial-9-target-1,861.0,309.0,30.0,False,Pointer Move (Standard mouse)
1786007926.225121,898,415,p1-block-1-trial-9-target-1,861.0,309.0,30.0,False,Pointer Move (Standard mouse)
1786007926.232744,899,414,p1-block-1-trial-9-target-1,861.0,309.0,30.0,False,Pointer Move (Standard mouse)
1786007926.241557,900,412,p1-block-1-trial-9-target-1,861.0,309.0,30.0,False,Pointer Move (Standard mouse)
1786007926.249218,900,411,p1-block-1-trial-9-target-1,861.0,309.0,30.0,False,Pointer Move (Standard mouse)
1786007926.2570062,901,410,p1-block-1-trial-9-target-1,861.0,309.0,30.0,False,Pointer Move (Standard mouse)
1786007926.265146,901,408,p1-block-1-trial-9-target-1,861.0,309.0,30.0,False,Pointer Move (Standard mouse)
1786007926.273538,901,407,p1-block-1-trial-9-target-1,861.0,309.0,30.0,False,Pointer Move (Standard mouse)
1786007926.281697,901,406,p1-block-1-trial-9-target-1,861.0,309.0,30.0,False,Pointer Move (Standard mouse)
1786007926.289838,901,405,p1-block-1-trial-9-target-1,861.0,309.0,30.0,False,Pointer Move (Standard mouse)
1786007926.2978141,901,404,p1-block-1-trial-9-target-1,861.0,309.0,30.0,False,Pointer Move (Standard mouse)
1786007926.305695,901,403,p1-block-1-trial-9-target-1,861.0,309.0,30.0,False,Pointer Move (Standard mouse)
1786007926.314254,901,402,p1-block-1-trial-9-target-1,861.0,309.0,30.0,False,Pointer Move (Standard mouse)
1786007926.3223932,901,401,p1-block-1-trial-9-target-1,861.0,309.0,30.0,False,Pointer Move (Standard mouse)
1786007926.330187,901,399,p1-block-1-trial-9-target-1,861.0,309.0,30.0,False,Pointer Move (Standard mouse)
1786007926.338099,901,397,p1-block-1-trial-9-target-1,861.0,309.0,30.0,False,Pointer Move (Standard mouse)
1786007926.347352,901,394,p1-block-1-trial-9-target-1,861.0,309.0,30.0,False,Pointer Move (Standard mouse)
1786007926.355077,901,392,p1-block-1-trial-9-target-1,861.0,309.0,30.0,False,Pointer Move (Standard mouse)
1786007926.3626308,901,390,p1-block-1-trial-9-target-1,861.0,309.0,30.0,False,Pointer Move (Standard mouse)
1786007926.370494,901,387,p1-block-1-trial-9-target-1,861.0,309.0,30.0,False,Pointer Move (Standard mouse)
1786007926.378769,901,384,p1-block-1-trial-9-target-1,861.0,309.0,30.0,False,Pointer Move (Standard mouse)
1786007926.386823,901,380,p1-block-1-trial-9-target-1,861.0,309.0,30.0,False,Pointer Move (Standard mouse)
1786007926.394777,901,378,p1-block-1-trial-9-target-1,861.0,309.0,30.0,False,Pointer Move (Standard mouse)
1786007926.4029288,901,375,p1-block-1-trial-9-target-1,861.0,309.0,30.0,False,Pointer Move (Standard mouse)
1786007926.411089,901,372,p1-block-1-trial-9-target-1,861.0,309.0,30.0,False,Pointer Move (Standard mouse)
1786007926.419208,901,369,p1-block-1-trial-9-target-1,861.0,309.0,30.0,False,Pointer Move (Standard mouse)
1786007926.427354,901,365,p1-block-1-trial-9-target-1,861.0,309.0,30.0,False,Pointer Move (Standard mouse)
1786007926.435361,901,361,p1-block-1-trial-9-target-1,861.0,309.0,30.0,False,Pointer Move (Standard mouse)
1786007926.4433558,901,359,p1-block-1-trial-9-target-1,861.0,309.0,30.0,False,Pointer Move (Standard mouse)
1786007926.451503,901,355,p1-block-1-trial-9-target-1,861.0,309.0,30.0,False,Pointer Move (Standard mouse)
1786007926.460542,901,352,p1-block-1-trial-9-target-1,861.0,309.0,30.0,False,Pointer Move (Standard mouse)
1786007926.467448,901,350,p1-block-1-trial-9-target-1,861.0,309.0,30.0,False,Pointer Move (Standard mouse)
1786007926.476097,901,348,p1-block-1-trial-9-target-1,861.0,309.0,30.0,False,Pointer Move (Standard mouse)
1786007926.48401,901,346,p1-block-1-trial-9-target-1,861.0,309.0,30.0,False,Pointer Move (Standard mouse)
1786007926.492061,901,344,p1-block-1-trial-9-target-1,861.0,309.0,30.0,False,Pointer Move (Standard mouse)
1786007926.500383,901,342,p1-block-1-trial-9-target-1,861.0,309.0,30.0,False,Pointer Move (Standard mouse)
1786007926.508214,901,341,p1-block-1-trial-9-target-1,861.0,309.0,30.0,False,Pointer Move (Standard mouse)
1786007926.516913,901,339,p1-block-1-trial-9-target-1,861.0,309.0,30.0,False,Pointer Move (Standard mouse)
1786007926.524425,901,338,p1-block-1-trial-9-target-1,861.0,309.0,30.0,False,Pointer Move (Standard mouse)
1786007926.532249,901,337,p1-block-1-trial-9-target-1,861.0,309.0,30.0,False,Pointer Move (Standard mouse)
1786007926.540951,901,336,p1-block-1-trial-9-target-1,861.0,309.0,30.0,False,Pointer Move (Standard mouse)
1786007926.5485692,901,335,p1-block-1-trial-9-target-1,861.0,309.0,30.0,False,Pointer Move (Standard mouse)
1786007926.556677,901,334,p1-block-1-trial-9-target-1,861.0,309.0,30.0,False,Pointer Move (Standard mouse)
1786007926.564887,900,332,p1-block-1-trial-9-target-1,861.0,309.0,30.0,False,Pointer Move (Standard mouse)
1786007926.573083,900,331,p1-block-1-trial-9-target-1,861.0,309.0,30.0,False,Pointer Move (Standard mouse)
1786007926.580977,900,330,p1-block-1-trial-9-target-1,861.0,309.0,30.0,False,Pointer Move (Standard mouse)
1786007926.588948,899,328,p1-block-1-trial-9-target-1,861.0,309.0,30.0,False,Pointer Move (Standard mouse)
1786007926.597461,899,326,p1-block-1-trial-9-target-1,861.0,309.0,30.0,False,Pointer Move (Standard mouse)
1786007926.6056378,899,325,p1-block-1-trial-9-target-1,861.0,309.0,30.0,False,Pointer Move (Standard mouse)
1786007926.6132889,898,324,p1-block-1-trial-9-target-1,861.0,309.0,30.0,False,Pointer Move (Standard mouse)
1786007926.621333,897,322,p1-block-1-trial-9-target-1,861.0,309.0,30.0,False,Pointer Move (Standard mouse)
1786007926.6296918,897,321,p1-block-1-trial-9-target-1,861.0,309.0,30.0,False,Pointer Move (Standard mouse)
1786007926.6379771,897,320,p1-block-1-trial-9-target-1,861.0,309.0,30.0,False,Pointer Move (Standard mouse)
1786007926.6457841,896,319,p1-block-1-trial-9-target-1,861.0,309.0,30.0,False,Pointer Move (Standard mouse)
1786007926.65386,896,319,p1-block-1-trial-9-target-1,861.0,309.0,30.0,False,Pointer Move (Standard mouse)
1786007926.661778,896,319,p1-block-1-trial-9-target-1,861.0,309.0,30.0,False,Pointer Move (Standard mouse)
1786007926.670092,896,318,p1-block-1-trial-9-target-1,861.0,309.0,30.0,False,Pointer Move (Standard mouse)
1786007926.678383,895,318,p1-block-1-trial-9-target-1,861.0,309.0,30.0,False,Pointer Move (Standard mouse)
1786007926.6861,895,318,p1-block-1-trial-9-target-1,861.0,309.0,30.0,False,Pointer Move (Standard mouse)
1786007926.694442,894,318,p1-block-1-trial-9-target-1,861.0,309.0,30.0,False,Pointer Move (Standard mouse)
1786007926.7022898,894,318,p1-block-1-trial-9-target-1,861.0,309.0,30.0,False,Pointer Move (Standard mouse)
1786007926.710426,894,318,p1-block-1-trial-9-target-1,861.0,309.0,30.0,False,Pointer Move (Standard mouse)
1786007926.718677,893,318,p1-block-1-trial-9-target-1,861.0,309.0,30.0,False,Pointer Move (Standard mouse)
1786007926.72668,893,318,p1-block-1-trial-9-target-1,861.0,309.0,30.0,False,Pointer Move (Standard mouse)
1786007926.734758,893,318,p1-block-1-trial-9-target-1,861.0,309.0,30.0,False,Pointer Move (Standard mouse)
1786007926.7428658,892,317,p1-block-1-trial-9-target-1,861.0,309.0,30.0,False,Pointer Move (Standard mouse)
1786007926.751217,892,317,p1-block-1-trial-9-target-1,861.0,309.0,30.0,False,Pointer Move (Standard mouse)
1786007926.759135,891,317,p1-block-1-trial-9-target-1,861.0,309.0,30.0,False,Pointer Move (Standard mouse)
1786007926.767072,890,317,p1-block-1-trial-9-target-1,861.0,309.0,30.0,False,Pointer Move (Standard mouse)
1786007926.775095,889,317,p1-block-1-trial-9-target-1,861.0,309.0,30.0,False,Pointer Move (Standard mouse)
1786007926.783516,889,317,p1-block-1-trial-9-target-1,861.0,309.0,30.0,False,Pointer Move (Standard mouse)
1786007926.791583,888,317,p1-block-1-trial-9-target-1,861.0,309.0,30.0,False,Pointer Move (Standard mouse)
1786007926.7996979,887,317,p1-block-1-trial-9-target-1,861.0,309.0,30.0,False,Pointer Move (Standard mouse)
1786007926.808218,886,317,p1-block-1-trial-9-target-1,861.0,309.0,30.0,False,Pointer Move (Standard mouse)
1786007926.8157928,885,316,p1-block-1-trial-9-target-1,861.0,309.0,30.0,False,Pointer Move (Standard mouse)
1786007926.823549,884,316,p1-block-1-trial-9-target-1,861.0,309.0,30.0,False,Pointer Move (Standard mouse)
1786007926.832163,883,316,p1-block-1-trial-9-target-1,861.0,309.0,30.0,False,Pointer Move (Standard mouse)
1786007926.8400571,882,316,p1-block-1-trial-9-target-1,861.0,309.0,30.0,False,Pointer Move (Standard mouse)
1786007926.847858,882,315,p1-block-1-trial-9-target-1,861.0,309.0,30.0,False,Pointer Move (Standard mouse)
1786007926.856051,881,315,p1-block-1-trial-9-target-1,861.0,309.0,30.0,False,Pointer Move (Standard mouse)
1786007926.864377,881,315,p1-block-1-trial-9-target-1,861.0,309.0,30.0,False,Pointer Move (Standard mouse)
1786007926.8725069,881,315,p1-block-1-trial-9-target-1,861.0,309.0,30.0,False,Pointer Move (Standard mouse)
1786007926.888934,880,315,p1-block-1-trial-9-target-1,861.0,309.0,30.0,False,Pointer Move (Standard mouse)
1786007926.896676,880,315,p1-block-1-trial-9-target-1,861.0,309.0,30.0,False,Pointer Move (Standard mouse)
1786007926.904593,880,315,p1-block-1-trial-9-target-1,861.0,309.0,30.0,False,Pointer Move (Standard mouse)
1786007926.9133031,880,315,p1-block-1-trial-9-target-1,861.0,309.0,30.0,False,Pointer Move (Standard mouse)
1786007926.954953,880,315,p1-block-1-trial-9-target-1,861.0,309.0,30.0,target_selected,target_selected
1786007927.286844,879,315,p1-block-1-trial-10-target-5,579.0,591.0,30.0,False,Pointer Move (Standard mouse)
1786007927.293668,876,315,p1-block-1-trial-10-target-5,579.0,591.0,30.0,False,Pointer Move (Standard mouse)
1786007927.3016992,871,316,p1-block-1-trial-10-target-5,579.0,591.0,30.0,False,Pointer Move (Standard mouse)
1786007927.309382,865,319,p1-block-1-trial-10-target-5,579.0,591.0,30.0,False,Pointer Move (Standard mouse)
1786007927.317487,855,325,p1-block-1-trial-10-target-5,579.0,591.0,30.0,False,Pointer Move (Standard mouse)
1786007927.325662,847,330,p1-block-1-trial-10-target-5,579.0,591.0,30.0,False,Pointer Move (Standard mouse)
1786007927.333466,829,341,p1-block-1-trial-10-target-5,579.0,591.0,30.0,False,Pointer Move (Standard mouse)
1786007927.341876,791,368,p1-block-1-trial-10-target-5,579.0,591.0,30.0,False,Pointer Move (Standard mouse)
1786007927.350843,777,378,p1-block-1-trial-10-target-5,579.0,591.0,30.0,False,Pointer Move (Standard mouse)
1786007927.3578749,757,394,p1-block-1-trial-10-target-5,579.0,591.0,30.0,False,Pointer Move (Standard mouse)
1786007927.366223,732,415,p1-block-1-trial-10-target-5,579.0,591.0,30.0,False,Pointer Move (Standard mouse)
1786007927.374422,712,431,p1-block-1-trial-10-target-5,579.0,591.0,30.0,False,Pointer Move (Standard mouse)
1786007927.382245,694,449,p1-block-1-trial-10-target-5,579.0,591.0,30.0,False,Pointer Move (Standard mouse)
1786007927.390046,676,464,p1-block-1-trial-10-target-5,579.0,591.0,30.0,False,Pointer Move (Standard mouse)
1786007927.398536,661,479,p1-block-1-trial-10-target-5,579.0,591.0,30.0,False,Pointer Move (Standard mouse)
1786007927.4065611,658,483,p1-block-1-trial-10-target-5,579.0,591.0,30.0,False,Pointer Move (Standard mouse)
1786007927.4145799,647,492,p1-block-1-trial-10-target-5,579.0,591.0,30.0,False,Pointer Move (Standard mouse)
1786007927.42266,641,500,p1-block-1-trial-10-target-5,579.0,591.0,30.0,False,Pointer Move (Standard mouse)
1786007927.4310331,632,508,p1-block-1-trial-10-target-5,579.0,591.0,30.0,False,Pointer Move (Standard mouse)
1786007927.438784,628,514,p1-block-1-trial-10-target-5,579.0,591.0,30.0,False,Pointer Move (Standard mouse)
1786007927.447103,623,519,p1-block-1-trial-10-target-5,579.0,591.0,30.0,False,Pointer Move (Standard mouse)
1786007927.4553869,619,523,p1-block-1-trial-10-target-5,579.0,591.0,30.0,False,Pointer Move (Standard mouse)
1786007927.463135,617,527,p1-block-1-trial-10-target-5,579.0,591.0,30.0,False,Pointer Move (Standard mouse)
1786007927.4710789,615,530,p1-block-1-trial-10-target-5,579.0,591.0,30.0,False,Pointer Move (Standard mouse)
1786007927.479221,614,531,p1-block-1-trial-10-target-5,579.0,591.0,30.0,False,Pointer Move (Standard mouse)
1786007927.48751,613,533,p1-block-1-trial-10-target-5,579.0,591.0,30.0,False,Pointer Move (Standard mouse)
1786007927.495421,613,534,p1-block-1-trial-10-target-5,579.0,591.0,30.0,False,Pointer Move (Standard mouse)
1786007927.5036259,612,535,p1-block-1-trial-10-target-5,579.0,591.0,30.0,False,Pointer Move (Standard mouse)
1786007927.511555,612,535,p1-block-1-trial-10-target-5,579.0,591.0,30.0,False,Pointer Move (Standard mouse)
1786007927.520328,612,535,p1-block-1-trial-10-target-5,579.0,591.0,30.0,False,Pointer Move (Standard mouse)
1786007927.5281181,612,536,p1-block-1-trial-10-target-5,579.0,591.0,30.0,False,Pointer Move (Standard mouse)
1786007927.536041,612,536,p1-block-1-trial-10-target-5,579.0,591.0,30.0,False,Pointer Move (Standard mouse)
1786007927.543645,612,536,p1-block-1-trial-10-target-5,579.0,591.0,30.0,False,Pointer Move (Standard mouse)
1786007927.55201,612,537,p1-block-1-trial-10-target-5,579.0,591.0,30.0,False,Pointer Move (Standard mouse)
1786007927.560113,612,537,p1-block-1-trial-10-target-5,579.0,591.0,30.0,False,Pointer Move (Standard mouse)
1786007927.56804,612,538,p1-block-1-trial-10-target-5,579.0,591.0,30.0,False,Pointer Move (Standard mouse)
1786007927.5761962,612,539,p1-block-1-trial-10-target-5,579.0,591.0,30.0,False,Pointer Move (Standard mouse)
1786007927.5843232,611,540,p1-block-1-trial-10-target-5,579.0,591.0,30.0,False,Pointer Move (Standard mouse)
1786007927.592458,611,541,p1-block-1-trial-10-target-5,579.0,591.0,30.0,False,Pointer Move (Standard mouse)
1786007927.601148,611,543,p1-block-1-trial-10-target-5,579.0,591.0,30.0,False,Pointer Move (Standard mouse)
1786007927.6089191,611,545,p1-block-1-trial-10-target-5,579.0,591.0,30.0,False,Pointer Move (Standard mouse)
1786007927.616968,610,546,p1-block-1-trial-10-target-5,579.0,591.0,30.0,False,Pointer Move (Standard mouse)
1786007927.625323,610,548,p1-block-1-trial-10-target-5,579.0,591.0,30.0,False,Pointer Move (Standard mouse)
1786007927.633159,610,549,p1-block-1-trial-10-target-5,579.0,591.0,30.0,False,Pointer Move (Standard mouse)
1786007927.641885,609,551,p1-block-1-trial-10-target-5,579.0,591.0,30.0,False,Pointer Move (Standard mouse)
1786007927.648917,609,553,p1-block-1-trial-10-target-5,579.0,591.0,30.0,False,Pointer Move (Standard mouse)
1786007927.657241,608,555,p1-block-1-trial-10-target-5,579.0,591.0,30.0,False,Pointer Move (Standard mouse)
1786007927.665405,607,558,p1-block-1-trial-10-target-5,579.0,591.0,30.0,False,Pointer Move (Standard mouse)
1786007927.673249,607,560,p1-block-1-trial-10-target-5,579.0,591.0,30.0,False,Pointer Move (Standard mouse)
1786007927.6813881,605,563,p1-block-1-trial-10-target-5,579.0,591.0,30.0,False,Pointer Move (Standard mouse)
1786007927.689842,604,565,p1-block-1-trial-10-target-5,579.0,591.0,30.0,False,Pointer Move (Standard mouse)
1786007927.698257,601,569,p1-block-1-trial-10-target-5,579.0,591.0,30.0,False,Pointer Move (Standard mouse)
1786007927.705739,599,572,p1-block-1-trial-10-target-5,579.0,591.0,30.0,False,Pointer Move (Standard mouse)
1786007927.713931,597,575,p1-block-1-trial-10-target-5,579.0,591.0,30.0,False,Pointer Move (Standard mouse)
1786007927.7218869,595,578,p1-block-1-trial-10-target-5,579.0,591.0,30.0,False,Pointer Move (Standard mouse)
1786007927.729944,593,581,p1-block-1-trial-10-target-5,579.0,591.0,30.0,False,Pointer Move (Standard mouse)
1786007927.7382662,590,583,p1-block-1-trial-10-target-5,579.0,591.0,30.0,False,Pointer Move (Standard mouse)
1786007927.746933,588,584,p1-block-1-trial-10-target-5,579.0,591.0,30.0,False,Pointer Move (Standard mouse)
1786007927.754901,586,587,p1-block-1-trial-10-target-5,579.0,591.0,30.0,False,Pointer Move (Standard mouse)
1786007927.7626948,584,588,p1-block-1-trial-10-target-5,579.0,591.0,30.0,False,Pointer Move (Standard mouse)
1786007927.770807,581,591,p1-block-1-trial-10-target-5,579.0,591.0,30.0,False,Pointer Move (Standard mouse)
1786007927.778858,579,592,p1-block-1-trial-10-target-5,579.0,591.0,30.0,False,Pointer Move (Standard mouse)
1786007927.786939,577,593,p1-block-1-trial-10-target-5,579.0,591.0,30.0,False,Pointer Move (Standard mouse)
1786007927.795485,576,594,p1-block-1-trial-10-target-5,579.0,591.0,30.0,False,Pointer Move (Standard mouse)
1786007927.803606,575,595,p1-block-1-trial-10-target-5,579.0,591.0,30.0,False,Pointer Move (Standard mouse)
1786007927.8110662,574,596,p1-block-1-trial-10-target-5,579.0,591.0,30.0,False,Pointer Move (Standard mouse)
1786007927.819217,573,596,p1-block-1-trial-10-target-5,579.0,591.0,30.0,False,Pointer Move (Standard mouse)
1786007927.826946,573,597,p1-block-1-trial-10-target-5,579.0,591.0,30.0,False,Pointer Move (Standard mouse)
1786007927.835275,572,597,p1-block-1-trial-10-target-5,579.0,591.0,30.0,False,Pointer Move (Standard mouse)
1786007927.851499,572,597,p1-block-1-trial-10-target-5,579.0,591.0,30.0,False,Pointer Move (Standard mouse)
1786007927.875595,572,597,p1-block-1-trial-10-target-5,579.0,591.0,30.0,False,Pointer Move (Standard mouse)
1786007927.921847,572,597,p1-block-1-trial-10-target-5,579.0,591.0,30.0,target_selected,target_selected
1786007928.265856,572,597,p1-block-1-trial-11-target-1,861.0,309.0,30.0,False,Pointer Move (Standard mouse)
1786007928.27265,576,595,p1-block-1-trial-11-target-1,861.0,309.0,30.0,False,Pointer Move (Standard mouse)
1786007928.2808251,581,592,p1-block-1-trial-11-target-1,861.0,309.0,30.0,False,Pointer Move (Standard mouse)
1786007928.288498,587,588,p1-block-1-trial-11-target-1,861.0,309.0,30.0,False,Pointer Move (Standard mouse)
1786007928.296511,592,586,p1-block-1-trial-11-target-1,861.0,309.0,30.0,False,Pointer Move (Standard mouse)
1786007928.304553,606,575,p1-block-1-trial-11-target-1,861.0,309.0,30.0,False,Pointer Move (Standard mouse)
1786007928.3124359,619,565,p1-block-1-trial-11-target-1,861.0,309.0,30.0,False,Pointer Move (Standard mouse)
1786007928.3207629,630,556,p1-block-1-trial-11-target-1,861.0,309.0,30.0,False,Pointer Move (Standard mouse)
1786007928.328896,641,547,p1-block-1-trial-11-target-1,861.0,309.0,30.0,False,Pointer Move (Standard mouse)
1786007928.336907,654,537,p1-block-1-trial-11-target-1,861.0,309.0,30.0,False,Pointer Move (Standard mouse)
1786007928.344935,665,526,p1-block-1-trial-11-target-1,861.0,309.0,30.0,False,Pointer Move (Standard mouse)
1786007928.353785,673,517,p1-block-1-trial-11-target-1,861.0,309.0,30.0,False,Pointer Move (Standard mouse)
1786007928.3618088,677,514,p1-block-1-trial-11-target-1,861.0,309.0,30.0,False,Pointer Move (Standard mouse)
1786007928.369338,687,507,p1-block-1-trial-11-target-1,861.0,309.0,30.0,False,Pointer Move (Standard mouse)
1786007928.377774,695,498,p1-block-1-trial-11-target-1,861.0,309.0,30.0,False,Pointer Move (Standard mouse)
1786007928.385459,701,494,p1-block-1-trial-11-target-1,861.0,309.0,30.0,False,Pointer Move (Standard mouse)
1786007928.393302,707,487,p1-block-1-trial-11-target-1,861.0,309.0,30.0,False,Pointer Move (Standard mouse)
1786007928.401593,713,483,p1-block-1-trial-11-target-1,861.0,309.0,30.0,False,Pointer Move (Standard mouse)
1786007928.4096692,717,479,p1-block-1-trial-11-target-1,861.0,309.0,30.0,False,Pointer Move (Standard mouse)
1786007928.418124,720,476,p1-block-1-trial-11-target-1,861.0,309.0,30.0,False,Pointer Move (Standard mouse)
1786007928.4259908,724,473,p1-block-1-trial-11-target-1,861.0,309.0,30.0,False,Pointer Move (Standard mouse)
1786007928.434158,727,471,p1-block-1-trial-11-target-1,861.0,309.0,30.0,False,Pointer Move (Standard mouse)
1786007928.442189,728,469,p1-block-1-trial-11-target-1,861.0,309.0,30.0,False,Pointer Move (Standard mouse)
1786007928.450259,730,467,p1-block-1-trial-11-target-1,861.0,309.0,30.0,False,Pointer Move (Standard mouse)
1786007928.4586072,732,465,p1-block-1-trial-11-target-1,861.0,309.0,30.0,False,Pointer Move (Standard mouse)
1786007928.4664,734,463,p1-block-1-trial-11-target-1,861.0,309.0,30.0,False,Pointer Move (Standard mouse)
1786007928.474529,736,461,p1-block-1-trial-11-target-1,861.0,309.0,30.0,False,Pointer Move (Standard mouse)
1786007928.4826791,738,459,p1-block-1-trial-11-target-1,861.0,309.0,30.0,False,Pointer Move (Standard mouse)
1786007928.490815,740,457,p1-block-1-trial-11-target-1,861.0,309.0,30.0,False,Pointer Move (Standard mouse)
1786007928.499066,741,454,p1-block-1-trial-11-target-1,861.0,309.0,30.0,False,Pointer Move (Standard mouse)
1786007928.507234,744,452,p1-block-1-trial-11-target-1,861.0,309.0,30.0,False,Pointer Move (Standard mouse)
1786007928.515211,746,449,p1-block-1-trial-11-target-1,861.0,309.0,30.0,False,Pointer Move (Standard mouse)
1786007928.523634,749,445,p1-block-1-trial-11-target-1,861.0,309.0,30.0,False,Pointer Move (Standard mouse)
1786007928.531359,752,442,p1-block-1-trial-11-target-1,861.0,309.0,30.0,False,Pointer Move (Standard mouse)
1786007928.5390358,756,438,p1-block-1-trial-11-target-1,861.0,309.0,30.0,False,Pointer Move (Standard mouse)
1786007928.547631,759,434,p1-block-1-trial-11-target-1,861.0,309.0,30.0,False,Pointer Move (Standard mouse)
1786007928.555423,762,430,p1-block-1-trial-11-target-1,861.0,309.0,30.0,False,Pointer Move (Standard mouse)
1786007928.5635571,766,426,p1-block-1-trial-11-target-1,861.0,309.0,30.0,False,Pointer Move (Standard mouse)
1786007928.572198,771,421,p1-block-1-trial-11-target-1,861.0,309.0,30.0,False,Pointer Move (Standard mouse)
1786007928.579691,774,417,p1-block-1-trial-11-target-1,861.0,309.0,30.0,False,Pointer Move (Standard mouse)
1786007928.587769,777,412,p1-block-1-trial-11-target-1,861.0,309.0,30.0,False,Pointer Move (Standard mouse)
1786007928.595718,781,408,p1-block-1-trial-11-target-1,861.0,309.0,30.0,False,Pointer Move (Standard mouse)
1786007928.603978,785,404,p1-block-1-trial-11-target-1,861.0,309.0,30.0,False,Pointer Move (Standard mouse)
1786007928.61216,789,401,p1-block-1-trial-11-target-1,861.0,309.0,30.0,False,Pointer Move (Standard mouse)
1786007928.620374,792,397,p1-block-1-trial-11-target-1,861.0,309.0,30.0,False,Pointer Move (Standard mouse)
1786007928.6282299,794,394,p1-block-1-trial-11-target-1,861.0,309.0,30.0,False,Pointer Move (Standard mouse)
1786007928.6364338,797,392,p1-block-1-trial-11-target-1,861.0,309.0,30.0,False,Pointer Move (Standard mouse)
1786007928.6444428,799,389,p1-block-1-trial-11-target-1,861.0,309.0,30.0,False,Pointer Move (Standard mouse)
1786007928.652745,801,387,p1-block-1-trial-11-target-1,861.0,309.0,30.0,False,Pointer Move (Standard mouse)
1786007928.66067,803,385,p1-block-1-trial-11-target-1,861.0,309.0,30.0,False,Pointer Move (Standard mouse)
1786007928.6684978,804,384,p1-block-1-trial-11-target-1,861.0,309.0,30.0,False,Pointer Move (Standard mouse)
1786007928.676533,805,383,p1-block-1-trial-11-target-1,861.0,309.0,30.0,False,Pointer Move (Standard mouse)
1786007928.685029,805,382,p1-block-1-trial-11-target-1,861.0,309.0,30.0,False,Pointer Move (Standard mouse)
1786007928.6930182,806,381,p1-block-1-trial-11-target-1,861.0,309.0,30.0,False,Pointer Move (Standard mouse)
1786007928.701122,807,380,p1-block-1-trial-11-target-1,861.0,309.0,30.0,False,Pointer Move (Standard mouse)
1786007928.709126,807,379,p1-block-1-trial-11-target-1,861.0,309.0,30.0,False,Pointer Move (Standard mouse)
1786007928.7173052,808,378,p1-block-1-trial-11-target-1,861.0,309.0,30.0,False,Pointer Move (Standard mouse)
1786007928.725589,808,378,p1-block-1-trial-11-target-1,861.0,309.0,30.0,False,Pointer Move (Standard mouse)
1786007928.7334342,809,377,p1-block-1-trial-11-target-1,861.0,309.0,30.0,False,Pointer Move (Standard mouse)
1786007928.74173,809,377,p1-block-1-trial-11-target-1,861.0,309.0,30.0,False,Pointer Move (Standard mouse)
1786007928.749792,810,375,p1-block-1-trial-11-target-1,861.0,309.0,30.0,False,Pointer Move (Standard mouse)
1786007928.757696,811,375,p1-block-1-trial-11-target-1,861.0,309.0,30.0,False,Pointer Move (Standard mouse)
1786007928.7660642,811,375,p1-block-1-trial-11-target-1,861.0,309.0,30.0,False,Pointer Move (Standard mouse)
1786007928.773998,811,374,p1-block-1-trial-11-target-1,861.0,309.0,30.0,False,Pointer Move (Standard mouse)
1786007928.78241,812,373,p1-block-1-trial-11-target-1,861.0,309.0,30.0,False,Pointer Move (Standard mouse)
1786007928.790154,812,372,p1-block-1-trial-11-target-1,861.0,309.0,30.0,False,Pointer Move (Standard mouse)
1786007928.79817,813,371,p1-block-1-trial-11-target-1,861.0,309.0,30.0,False,Pointer Move (Standard mouse)
1786007928.806141,814,370,p1-block-1-trial-11-target-1,861.0,309.0,30.0,False,Pointer Move (Standard mouse)
1786007928.814817,814,370,p1-block-1-trial-11-target-1,861.0,309.0,30.0,False,Pointer Move (Standard mouse)
1786007928.822728,815,369,p1-block-1-trial-11-target-1,861.0,309.0,30.0,False,Pointer Move (Standard mouse)
1786007928.830718,816,368,p1-block-1-trial-11-target-1,861.0,309.0,30.0,False,Pointer Move (Standard mouse)
1786007928.839164,817,367,p1-block-1-trial-11-target-1,861.0,309.0,30.0,False,Pointer Move (Standard mouse)
1786007928.846734,818,365,p1-block-1-trial-11-target-1,861.0,309.0,30.0,False,Pointer Move (Standard mouse)
1786007928.854748,819,363,p1-block-1-trial-11-target-1,861.0,309.0,30.0,False,Pointer Move (Standard mouse)
1786007928.863148,821,361,p1-block-1-trial-11-target-1,861.0,309.0,30.0,False,Pointer Move (Standard mouse)
1786007928.870929,822,359,p1-block-1-trial-11-target-1,861.0,309.0,30.0,False,Pointer Move (Standard mouse)
1786007928.878651,825,356,p1-block-1-trial-11-target-1,861.0,309.0,30.0,False,Pointer Move (Standard mouse)
1786007928.886892,826,352,p1-block-1-trial-11-target-1,861.0,309.0,30.0,False,Pointer Move (Standard mouse)
1786007928.89503,829,349,p1-block-1-trial-11-target-1,861.0,309.0,30.0,False,Pointer Move (Standard mouse)
1786007928.903054,832,345,p1-block-1-trial-11-target-1,861.0,309.0,30.0,False,Pointer Move (Standard mouse)
1786007928.911401,835,340,p1-block-1-trial-11-target-1,861.0,309.0,30.0,False,Pointer Move (Standard mouse)
1786007928.919662,839,336,p1-block-1-trial-11-target-1,861.0,309.0,30.0,False,Pointer Move (Standard mouse)
1786007928.9278631,842,332,p1-block-1-trial-11-target-1,861.0,309.0,30.0,False,Pointer Move (Standard mouse)
1786007928.935934,845,328,p1-block-1-trial-11-target-1,861.0,309.0,30.0,False,Pointer Move (Standard mouse)
1786007928.943999,847,326,p1-block-1-trial-11-target-1,861.0,309.0,30.0,False,Pointer Move (Standard mouse)
1786007928.95243,849,323,p1-block-1-trial-11-target-1,861.0,309.0,30.0,False,Pointer Move (Standard mouse)
1786007928.960481,851,320,p1-block-1-trial-11-target-1,861.0,309.0,30.0,False,Pointer Move (Standard mouse)
1786007928.968572,853,318,p1-block-1-trial-11-target-1,861.0,309.0,30.0,False,Pointer Move (Standard mouse)
1786007928.9763231,855,316,p1-block-1-trial-11-target-1,861.0,309.0,30.0,False,Pointer Move (Standard mouse)
1786007928.984442,856,314,p1-block-1-trial-11-target-1,861.0,309.0,30.0,False,Pointer Move (Standard mouse)
1786007928.992429,857,313,p1-block-1-trial-11-target-1,861.0,309.0,30.0,False,Pointer Move (Standard mouse)
1786007929.000534,858,312,p1-block-1-trial-11-target-1,861.0,309.0,30.0,False,Pointer Move (Standard mouse)
1786007929.008707,859,311,p1-block-1-trial-11-target-1,861.0,309.0,30.0,False,Pointer Move (Standard mouse)
1786007929.01719,860,310,p1-block-1-trial-11-target-1,861.0,309.0,30.0,False,Pointer Move (Standard mouse)
1786007929.025297,862,309,p1-block-1-trial-11-target-1,861.0,309.0,30.0,False,Pointer Move (Standard mouse)
1786007929.0333362,862,308,p1-block-1-trial-11-target-1,861.0,309.0,30.0,False,Pointer Move (Standard mouse)
1786007929.041471,863,308,p1-block-1-trial-11-target-1,861.0,309.0,30.0,False,Pointer Move (Standard mouse)
1786007929.049521,863,307,p1-block-1-trial-11-target-1,861.0,309.0,30.0,False,Pointer Move (Standard mouse)
1786007929.057277,864,307,p1-block-1-trial-11-target-1,861.0,309.0,30.0,False,Pointer Move (Standard mouse)
1786007929.064916,864,306,p1-block-1-trial-11-target-1,861.0,309.0,30.0,False,Pointer Move (Standard mouse)
1786007929.081393,864,306,p1-block-1-trial-11-target-1,861.0,309.0,30.0,False,Pointer Move (Standard mouse)
1786007929.1223319,864,306,p1-block-1-trial-11-target-1,861.0,309.0,30.0,False,Pointer Move (Standard mouse)
1786007929.1710799,864,306,p1-block-1-trial-11-target-1,861.0,309.0,30.0,target_selected,target_selected
1786007929.366251,864,306,p1-block-1-trial-12-target-5,579.0,591.0,30.0,False,Pointer Move (Standard mouse)
1786007929.373116,860,309,p1-block-1-trial-12-target-5,579.0,591.0,30.0,False,Pointer Move (Standard mouse)
1786007929.380429,856,313,p1-block-1-trial-12-target-5,579.0,591.0,30.0,False,Pointer Move (Standard mouse)
1786007929.388695,852,315,p1-block-1-trial-12-target-5,579.0,591.0,30.0,False,Pointer Move (Standard mouse)
1786007929.3967202,846,320,p1-block-1-trial-12-target-5,579.0,591.0,30.0,False,Pointer Move (Standard mouse)
1786007929.404683,844,321,p1-block-1-trial-12-target-5,579.0,591.0,30.0,False,Pointer Move (Standard mouse)
1786007929.4129431,834,328,p1-block-1-trial-12-target-5,579.0,591.0,30.0,False,Pointer Move (Standard mouse)
1786007929.42108,828,331,p1-block-1-trial-12-target-5,579.0,591.0,30.0,False,Pointer Move (Standard mouse)
1786007929.429261,824,334,p1-block-1-trial-12-target-5,579.0,591.0,30.0,False,Pointer Move (Standard mouse)
1786007929.437113,820,337,p1-block-1-trial-12-target-5,579.0,591.0,30.0,False,Pointer Move (Standard mouse)
1786007929.445277,813,342,p1-block-1-trial-12-target-5,579.0,591.0,30.0,False,Pointer Move (Standard mouse)
1786007929.453248,807,346,p1-block-1-trial-12-target-5,579.0,591.0,30.0,False,Pointer Move (Standard mouse)
1786007929.461292,803,350,p1-block-1-trial-12-target-5,579.0,591.0,30.0,False,Pointer Move (Standard mouse)
1786007929.469753,797,356,p1-block-1-trial-12-target-5,579.0,591.0,30.0,False,Pointer Move (Standard mouse)
1786007929.477798,790,366,p1-block-1-trial-12-target-5,579.0,591.0,30.0,False,Pointer Move (Standard mouse)
1786007929.485847,782,374,p1-block-1-trial-12-target-5,579.0,591.0,30.0,False,Pointer Move (Standard mouse)
1786007929.493897,775,384,p1-block-1-trial-12-target-5,579.0,591.0,30.0,False,Pointer Move (Standard mouse)
1786007929.502413,766,392,p1-block-1-trial-12-target-5,579.0,591.0,30.0,False,Pointer Move (Standard mouse)
1786007929.510133,760,400,p1-block-1-trial-12-target-5,579.0,591.0,30.0,False,Pointer Move (Standard mouse)
1786007929.518017,750,413,p1-block-1-trial-12-target-5,579.0,591.0,30.0,False,Pointer Move (Standard mouse)
1786007929.526538,741,422,p1-block-1-trial-12-target-5,579.0,591.0,30.0,False,Pointer Move (Standard mouse)
1786007929.5342982,735,429,p1-block-1-trial-12-target-5,579.0,591.0,30.0,False,Pointer Move (Standard mouse)
1786007929.542529,732,433,p1-block-1-trial-12-target-5,579.0,591.0,30.0,False,Pointer Move (Standard mouse)
1786007929.5506618,727,443,p1-block-1-trial-12-target-5,579.0,591.0,30.0,False,Pointer Move (Standard mouse)
1786007929.558629,721,449,p1-block-1-trial-12-target-5,579.0,591.0,30.0,False,Pointer Move (Standard mouse)
1786007929.56732,710,463,p1-block-1-trial-12-target-5,579.0,591.0,30.0,False,Pointer Move (Standard mouse)
1786007929.57506,709,466,p1-block-1-trial-12-target-5,579.0,591.0,30.0,False,Pointer Move (Standard mouse)
1786007929.582675,704,473,p1-block-1-trial-12-target-5,579.0,591.0,30.0,False,Pointer Move (Standard mouse)
1786007929.59091,700,480,p1-block-1-trial-12-target-5,579.0,591.0,30.0,False,Pointer Move (Standard mouse)
1786007929.598776,698,485,p1-block-1-trial-12-target-5,579.0,591.0,30.0,False,Pointer Move (Standard mouse)
1786007929.606775,693,490,p1-block-1-trial-12-target-5,579.0,591.0,30.0,False,Pointer Move (Standard mouse)
1786007929.615051,690,495,p1-block-1-trial-12-target-5,579.0,591.0,30.0,False,Pointer Move (Standard mouse)
1786007929.623426,687,499,p1-block-1-trial-12-target-5,579.0,591.0,30.0,False,Pointer Move (Standard mouse)
1786007929.6314838,684,503,p1-block-1-trial-12-target-5,579.0,591.0,30.0,False,Pointer Move (Standard mouse)
1786007929.639442,682,507,p1-block-1-trial-12-target-5,579.0,591.0,30.0,False,Pointer Move (Standard mouse)
1786007929.647605,679,509,p1-block-1-trial-12-target-5,579.0,591.0,30.0,False,Pointer Move (Standard mouse)
1786007929.655822,678,511,p1-block-1-trial-12-target-5,579.0,591.0,30.0,False,Pointer Move (Standard mouse)
1786007929.663433,676,512,p1-block-1-trial-12-target-5,579.0,591.0,30.0,False,Pointer Move (Standard mouse)
1786007929.671461,674,514,p1-block-1-trial-12-target-5,579.0,591.0,30.0,False,Pointer Move (Standard mouse)
1786007929.6794639,672,517,p1-block-1-trial-12-target-5,579.0,591.0,30.0,False,Pointer Move (Standard mouse)
1786007929.687865,670,519,p1-block-1-trial-12-target-5,579.0,591.0,30.0,False,Pointer Move (Standard mouse)
1786007929.696085,667,522,p1-block-1-trial-12-target-5,579.0,591.0,30.0,False,Pointer Move (Standard mouse)
1786007929.704076,663,527,p1-block-1-trial-12-target-5,579.0,591.0,30.0,False,Pointer Move (Standard mouse)
1786007929.712306,659,530,p1-block-1-trial-12-target-5,579.0,591.0,30.0,False,Pointer Move (Standard mouse)
1786007929.720523,653,536,p1-block-1-trial-12-target-5,579.0,591.0,30.0,False,Pointer Move (Standard mouse)
1786007929.728564,649,539,p1-block-1-trial-12-target-5,579.0,591.0,30.0,False,Pointer Move (Standard mouse)
1786007929.73665,639,546,p1-block-1-trial-12-target-5,579.0,591.0,30.0,False,Pointer Move (Standard mouse)
1786007929.7446,635,549,p1-block-1-trial-12-target-5,579.0,591.0,30.0,False,Pointer Move (Standard mouse)
1786007929.752882,630,552,p1-block-1-trial-12-target-5,579.0,591.0,30.0,False,Pointer Move (Standard mouse)
1786007929.760766,623,557,p1-block-1-trial-12-target-5,579.0,591.0,30.0,False,Pointer Move (Standard mouse)
1786007929.769197,616,560,p1-block-1-trial-12-target-5,579.0,591.0,30.0,False,Pointer Move (Standard mouse)
1786007929.7769961,610,564,p1-block-1-trial-12-target-5,579.0,591.0,30.0,False,Pointer Move (Standard mouse)
1786007929.785145,603,566,p1-block-1-trial-12-target-5,579.0,591.0,30.0,False,Pointer Move (Standard mouse)
1786007929.7931771,596,569,p1-block-1-trial-12-target-5,579.0,591.0,30.0,False,Pointer Move (Standard mouse)
1786007929.801698,592,571,p1-block-1-trial-12-target-5,579.0,591.0,30.0,False,Pointer Move (Standard mouse)
1786007929.809577,587,572,p1-block-1-trial-12-target-5,579.0,591.0,30.0,False,Pointer Move (Standard mouse)
1786007929.817617,582,574,p1-block-1-trial-12-target-5,579.0,591.0,30.0,False,Pointer Move (Standard mouse)
1786007929.825539,577,575,p1-block-1-trial-12-target-5,579.0,591.0,30.0,False,Pointer Move (Standard mouse)
1786007929.833762,574,576,p1-block-1-trial-12-target-5,579.0,591.0,30.0,False,Pointer Move (Standard mouse)
1786007929.8416882,571,577,p1-block-1-trial-12-target-5,579.0,591.0,30.0,False,Pointer Move (Standard mouse)
1786007929.849747,569,578,p1-block-1-trial-12-target-5,579.0,591.0,30.0,False,Pointer Move (Standard mouse)
1786007929.8581219,568,578,p1-block-1-trial-12-target-5,579.0,591.0,30.0,False,Pointer Move (Standard mouse)
1786007929.866448,567,579,p1-block-1-trial-12-target-5,579.0,591.0,30.0,False,Pointer Move (Standard mouse)
1786007929.874451,566,579,p1-block-1-trial-12-target-5,579.0,591.0,30.0,False,Pointer Move (Standard mouse)
1786007929.8820322,565,580,p1-block-1-trial-12-target-5,579.0,591.0,30.0,False,Pointer Move (Standard mouse)
1786007929.890638,565,580,p1-block-1-trial-12-target-5,579.0,591.0,30.0,False,Pointer Move (Standard mouse)
1786007929.90658,564,580,p1-block-1-trial-12-target-5,579.0,591.0,30.0,False,Pointer Move (Standard mouse)
1786007929.930806,564,580,p1-block-1-trial-12-target-5,579.0,591.0,30.0,False,Pointer Move (Standard mouse)
1786007929.964493,564,581,p1-block-1-trial-12-target-5,579.0,591.0,30.0,False,Pointer Move (Standard mouse)
1786007929.99614,564,581,p1-block-1-trial-12-target-5,579.0,591.0,30.0,False,Pointer Move (Standard mouse)
1786007930.088586,564,581,p1-block-1-trial-12-target-5,579.0,591.0,30.0,target_selected,target_selected
1786007930.306218,565,581,p1-block-1-trial-13-target-1,861.0,309.0,30.0,False,Pointer Move (Standard mouse)
1786007930.311767,569,577,p1-block-1-trial-13-target-1,861.0,309.0,30.0,False,Pointer Move (Standard mouse)
1786007930.319349,579,566,p1-block-1-trial-13-target-1,861.0,309.0,30.0,False,Pointer Move (Standard mouse)
1786007930.327359,583,562,p1-block-1-trial-13-target-1,861.0,309.0,30.0,False,Pointer Move (Standard mouse)
1786007930.335535,608,539,p1-block-1-trial-13-target-1,861.0,309.0,30.0,False,Pointer Move (Standard mouse)
1786007930.343814,614,535,p1-block-1-trial-13-target-1,861.0,309.0,30.0,False,Pointer Move (Standard mouse)
1786007930.352969,632,519,p1-block-1-trial-13-target-1,861.0,309.0,30.0,False,Pointer Move (Standard mouse)
1786007930.359754,645,507,p1-block-1-trial-13-target-1,861.0,309.0,30.0,False,Pointer Move (Standard mouse)
1786007930.36813,659,495,p1-block-1-trial-13-target-1,861.0,309.0,30.0,False,Pointer Move (Standard mouse)
1786007930.375886,672,483,p1-block-1-trial-13-target-1,861.0,309.0,30.0,False,Pointer Move (Standard mouse)
1786007930.383841,686,471,p1-block-1-trial-13-target-1,861.0,309.0,30.0,False,Pointer Move (Standard mouse)
1786007930.392116,697,462,p1-block-1-trial-13-target-1,861.0,309.0,30.0,False,Pointer Move (Standard mouse)
1786007930.400306,708,453,p1-block-1-trial-13-target-1,861.0,309.0,30.0,False,Pointer Move (Standard mouse)
1786007930.4083571,719,447,p1-block-1-trial-13-target-1,861.0,309.0,30.0,False,Pointer Move (Standard mouse)
1786007930.417032,731,440,p1-block-1-trial-13-target-1,861.0,309.0,30.0,False,Pointer Move (Standard mouse)
1786007930.424833,745,435,p1-block-1-trial-13-target-1,861.0,309.0,30.0,False,Pointer Move (Standard mouse)
1786007930.4327738,757,427,p1-block-1-trial-13-target-1,861.0,309.0,30.0,False,Pointer Move (Standard mouse)
1786007930.440638,771,423,p1-block-1-trial-13-target-1,861.0,309.0,30.0,False,Pointer Move (Standard mouse)
1786007930.448819,780,419,p1-block-1-trial-13-target-1,861.0,309.0,30.0,False,Pointer Move (Standard mouse)
1786007930.4573529,783,418,p1-block-1-trial-13-target-1,861.0,309.0,30.0,False,Pointer Move (Standard mouse)
1786007930.4656289,790,416,p1-block-1-trial-13-target-1,861.0,309.0,30.0,False,Pointer Move (Standard mouse)
1786007930.47346,795,413,p1-block-1-trial-13-target-1,861.0,309.0,30.0,False,Pointer Move (Standard mouse)
1786007930.481911,799,411,p1-block-1-trial-13-target-1,861.0,309.0,30.0,False,Pointer Move (Standard mouse)
1786007930.4900239,801,410,p1-block-1-trial-13-target-1,861.0,309.0,30.0,False,Pointer Move (Standard mouse)
1786007930.498042,805,409,p1-block-1-trial-13-target-1,861.0,309.0,30.0,False,Pointer Move (Standard mouse)
1786007930.506243,806,408,p1-block-1-trial-13-target-1,861.0,309.0,30.0,False,Pointer Move (Standard mouse)
1786007930.514305,806,407,p1-block-1-trial-13-target-1,861.0,309.0,30.0,False,Pointer Move (Standard mouse)
1786007930.522379,807,407,p1-block-1-trial-13-target-1,861.0,309.0,30.0,False,Pointer Move (Standard mouse)
1786007930.530498,808,406,p1-block-1-trial-13-target-1,861.0,309.0,30.0,False,Pointer Move (Standard mouse)
1786007930.539095,809,406,p1-block-1-trial-13-target-1,861.0,309.0,30.0,False,Pointer Move (Standard mouse)
1786007930.546755,809,406,p1-block-1-trial-13-target-1,861.0,309.0,30.0,False,Pointer Move (Standard mouse)
1786007930.5538182,809,406,p1-block-1-trial-13-target-1,861.0,309.0,30.0,False,Pointer Move (Standard mouse)
1786007930.561929,809,406,p1-block-1-trial-13-target-1,861.0,309.0,30.0,False,Pointer Move (Standard mouse)
1786007930.594563,809,405,p1-block-1-trial-13-target-1,861.0,309.0,30.0,False,Pointer Move (Standard mouse)
1786007930.619921,809,405,p1-block-1-trial-13-target-1,861.0,309.0,30.0,False,Pointer Move (Standard mouse)
1786007930.6361558,809,404,p1-block-1-trial-13-target-1,861.0,309.0,30.0,False,Pointer Move (Standard mouse)
1786007930.6521878,809,404,p1-block-1-trial-13-target-1,861.0,309.0,30.0,False,Pointer Move (Standard mouse)
1786007930.660055,809,403,p1-block-1-trial-13-target-1,861.0,309.0,30.0,False,Pointer Move (Standard mouse)
1786007930.6674151,809,403,p1-block-1-trial-13-target-1,861.0,309.0,30.0,False,Pointer Move (Standard mouse)
1786007930.675476,809,402,p1-block-1-trial-13-target-1,861.0,309.0,30.0,False,Pointer Move (Standard mouse)
1786007930.683591,809,400,p1-block-1-trial-13-target-1,861.0,309.0,30.0,False,Pointer Move (Standard mouse)
1786007930.691575,809,399,p1-block-1-trial-13-target-1,861.0,309.0,30.0,False,Pointer Move (Standard mouse)
1786007930.6999848,809,398,p1-block-1-trial-13-target-1,861.0,309.0,30.0,False,Pointer Move (Standard mouse)
1786007930.707725,809,396,p1-block-1-trial-13-target-1,861.0,309.0,30.0,False,Pointer Move (Standard mouse)
1786007930.71568,809,394,p1-block-1-trial-13-target-1,861.0,309.0,30.0,False,Pointer Move (Standard mouse)
1786007930.723744,810,392,p1-block-1-trial-13-target-1,861.0,309.0,30.0,False,Pointer Move (Standard mouse)
1786007930.7317948,811,390,p1-block-1-trial-13-target-1,861.0,309.0,30.0,False,Pointer Move (Standard mouse)
1786007930.740103,813,387,p1-block-1-trial-13-target-1,861.0,309.0,30.0,False,Pointer Move (Standard mouse)
1786007930.74853,814,384,p1-block-1-trial-13-target-1,861.0,309.0,30.0,False,Pointer Move (Standard mouse)
1786007930.756362,816,382,p1-block-1-trial-13-target-1,861.0,309.0,30.0,False,Pointer Move (Standard mouse)
1786007930.764548,818,377,p1-block-1-trial-13-target-1,861.0,309.0,30.0,False,Pointer Move (Standard mouse)
1786007930.772816,819,374,p1-block-1-trial-13-target-1,861.0,309.0,30.0,False,Pointer Move (Standard mouse)
1786007930.781177,821,371,p1-block-1-trial-13-target-1,861.0,309.0,30.0,False,Pointer Move (Standard mouse)
1786007930.789738,823,366,p1-block-1-trial-13-target-1,861.0,309.0,30.0,False,Pointer Move (Standard mouse)
1786007930.797227,824,362,p1-block-1-trial-13-target-1,861.0,309.0,30.0,False,Pointer Move (Standard mouse)
1786007930.805005,826,358,p1-block-1-trial-13-target-1,861.0,309.0,30.0,False,Pointer Move (Standard mouse)
1786007930.8129878,828,354,p1-block-1-trial-13-target-1,861.0,309.0,30.0,False,Pointer Move (Standard mouse)
1786007930.820843,830,351,p1-block-1-trial-13-target-1,861.0,309.0,30.0,False,Pointer Move (Standard mouse)
1786007930.829046,831,348,p1-block-1-trial-13-target-1,861.0,309.0,30.0,False,Pointer Move (Standard mouse)
1786007930.837335,832,345,p1-block-1-trial-13-target-1,861.0,309.0,30.0,False,Pointer Move (Standard mouse)
1786007930.84558,834,341,p1-block-1-trial-13-target-1,861.0,309.0,30.0,False,Pointer Move (Standard mouse)
1786007930.853562,834,338,p1-block-1-trial-13-target-1,861.0,309.0,30.0,False,Pointer Move (Standard mouse)
1786007930.8616042,836,336,p1-block-1-trial-13-target-1,861.0,309.0,30.0,False,Pointer Move (Standard mouse)
1786007930.8697011,837,334,p1-block-1-trial-13-target-1,861.0,309.0,30.0,False,Pointer Move (Standard mouse)
1786007930.877862,838,332,p1-block-1-trial-13-target-1,861.0,309.0,30.0,False,Pointer Move (Standard mouse)
1786007930.886702,839,330,p1-block-1-trial-13-target-1,861.0,309.0,30.0,False,Pointer Move (Standard mouse)
1786007930.893708,840,329,p1-block-1-trial-13-target-1,861.0,309.0,30.0,False,Pointer Move (Standard mouse)
1786007930.90183,841,328,p1-block-1-trial-13-target-1,861.0,309.0,30.0,False,Pointer Move (Standard mouse)
1786007930.910388,842,327,p1-block-1-trial-13-target-1,861.0,309.0,30.0,False,Pointer Move (Standard mouse)
1786007930.918323,842,327,p1-block-1-trial-13-target-1,861.0,309.0,30.0,False,Pointer Move (Standard mouse)
1786007930.926807,843,326,p1-block-1-trial-13-target-1,861.0,309.0,30.0,False,Pointer Move (Standard mouse)
1786007930.934894,844,326,p1-block-1-trial-13-target-1,861.0,309.0,30.0,False,Pointer Move (Standard mouse)
1786007930.943209,845,325,p1-block-1-trial-13-target-1,861.0,309.0,30.0,False,Pointer Move (Standard mouse)
1786007930.951543,845,324,p1-block-1-trial-13-target-1,861.0,309.0,30.0,False,Pointer Move (Standard mouse)
1786007930.9593668,845,324,p1-block-1-trial-13-target-1,861.0,309.0,30.0,False,Pointer Move (Standard mouse)
1786007930.96751,847,324,p1-block-1-trial-13-target-1,861.0,309.0,30.0,False,Pointer Move (Standard mouse)
1786007930.975564,847,323,p1-block-1-trial-13-target-1,861.0,309.0,30.0,False,Pointer Move (Standard mouse)
1786007930.982761,848,323,p1-block-1-trial-13-target-1,861.0,309.0,30.0,False,Pointer Move (Standard mouse)
1786007930.990973,848,322,p1-block-1-trial-13-target-1,861.0,309.0,30.0,False,Pointer Move (Standard mouse)
1786007930.9994,849,322,p1-block-1-trial-13-target-1,861.0,309.0,30.0,False,Pointer Move (Standard mouse)
1786007931.007309,849,322,p1-block-1-trial-13-target-1,861.0,309.0,30.0,False,Pointer Move (Standard mouse)
1786007931.0153239,849,321,p1-block-1-trial-13-target-1,861.0,309.0,30.0,False,Pointer Move (Standard mouse)
1786007931.0233028,851,321,p1-block-1-trial-13-target-1,861.0,309.0,30.0,False,Pointer Move (Standard mouse)
1786007931.031608,851,321,p1-block-1-trial-13-target-1,861.0,309.0,30.0,False,Pointer Move (Standard mouse)
1786007931.039437,851,320,p1-block-1-trial-13-target-1,861.0,309.0,30.0,False,Pointer Move (Standard mouse)
1786007931.04757,852,320,p1-block-1-trial-13-target-1,861.0,309.0,30.0,False,Pointer Move (Standard mouse)
1786007931.055704,852,320,p1-block-1-trial-13-target-1,861.0,309.0,30.0,False,Pointer Move (Standard mouse)
1786007931.063692,852,319,p1-block-1-trial-13-target-1,861.0,309.0,30.0,False,Pointer Move (Standard mouse)
1786007931.072202,853,319,p1-block-1-trial-13-target-1,861.0,309.0,30.0,False,Pointer Move (Standard mouse)
1786007931.080126,853,319,p1-block-1-trial-13-target-1,861.0,309.0,30.0,False,Pointer Move (Standard mouse)
1786007931.0882099,854,318,p1-block-1-trial-13-target-1,861.0,309.0,30.0,False,Pointer Move (Standard mouse)
1786007931.122477,854,318,p1-block-1-trial-13-target-1,861.0,309.0,30.0,target_selected,target_selected
1786007931.129947,854,318,p1-block-1-trial-14-target-5,579.0,591.0,30.0,False,Pointer Move (Standard mouse)
1786007931.2998872,853,318,p1-block-1-trial-14-target-5,579.0,591.0,30.0,False,Pointer Move (Standard mouse)
1786007931.307383,851,318,p1-block-1-trial-14-target-5,579.0,591.0,30.0,False,Pointer Move (Standard mouse)
1786007931.315423,848,321,p1-block-1-trial-14-target-5,579.0,591.0,30.0,False,Pointer Move (Standard mouse)
1786007931.322977,843,324,p1-block-1-trial-14-target-5,579.0,591.0,30.0,False,Pointer Move (Standard mouse)
1786007931.3311949,837,328,p1-block-1-trial-14-target-5,579.0,591.0,30.0,False,Pointer Move (Standard mouse)
1786007931.338996,830,335,p1-block-1-trial-14-target-5,579.0,591.0,30.0,False,Pointer Move (Standard mouse)
1786007931.3468642,820,342,p1-block-1-trial-14-target-5,579.0,591.0,30.0,False,Pointer Move (Standard mouse)
1786007931.3553421,813,348,p1-block-1-trial-14-target-5,579.0,591.0,30.0,False,Pointer Move (Standard mouse)
1786007931.363306,804,356,p1-block-1-trial-14-target-5,579.0,591.0,30.0,False,Pointer Move (Standard mouse)
1786007931.371115,794,363,p1-block-1-trial-14-target-5,579.0,591.0,30.0,False,Pointer Move (Standard mouse)
1786007931.380079,785,370,p1-block-1-trial-14-target-5,579.0,591.0,30.0,False,Pointer Move (Standard mouse)
1786007931.387477,776,379,p1-block-1-trial-14-target-5,579.0,591.0,30.0,False,Pointer Move (Standard mouse)
1786007931.3955781,766,386,p1-block-1-trial-14-target-5,579.0,591.0,30.0,False,Pointer Move (Standard mouse)
1786007931.403667,760,393,p1-block-1-trial-14-target-5,579.0,591.0,30.0,False,Pointer Move (Standard mouse)
1786007931.411863,749,402,p1-block-1-trial-14-target-5,579.0,591.0,30.0,False,Pointer Move (Standard mouse)
1786007931.419513,739,412,p1-block-1-trial-14-target-5,579.0,591.0,30.0,False,Pointer Move (Standard mouse)
1786007931.428127,729,419,p1-block-1-trial-14-target-5,579.0,591.0,30.0,False,Pointer Move (Standard mouse)
1786007931.436235,715,429,p1-block-1-trial-14-target-5,579.0,591.0,30.0,False,Pointer Move (Standard mouse)
1786007931.444236,704,438,p1-block-1-trial-14-target-5,579.0,591.0,30.0,False,Pointer Move (Standard mouse)
1786007931.4522,696,446,p1-block-1-trial-14-target-5,579.0,591.0,30.0,False,Pointer Move (Standard mouse)
1786007931.4602299,685,457,p1-block-1-trial-14-target-5,579.0,591.0,30.0,False,Pointer Move (Standard mouse)
1786007931.468332,674,468,p1-block-1-trial-14-target-5,579.0,591.0,30.0,False,Pointer Move (Standard mouse)
1786007931.4765959,661,478,p1-block-1-trial-14-target-5,579.0,591.0,30.0,False,Pointer Move (Standard mouse)
1786007931.4846148,652,489,p1-block-1-trial-14-target-5,579.0,591.0,30.0,False,Pointer Move (Standard mouse)
1786007931.4930189,638,499,p1-block-1-trial-14-target-5,579.0,591.0,30.0,False,Pointer Move (Standard mouse)
1786007931.500957,627,508,p1-block-1-trial-14-target-5,579.0,591.0,30.0,False,Pointer Move (Standard mouse)
1786007931.5089679,617,518,p1-block-1-trial-14-target-5,579.0,591.0,30.0,False,Pointer Move (Standard mouse)
1786007931.517163,613,520,p1-block-1-trial-14-target-5,579.0,591.0,30.0,False,Pointer Move (Standard mouse)
1786007931.525592,606,527,p1-block-1-trial-14-target-5,579.0,591.0,30.0,False,Pointer Move (Standard mouse)
1786007931.533225,600,533,p1-block-1-trial-14-target-5,579.0,591.0,30.0,False,Pointer Move (Standard mouse)
1786007931.5415459,595,537,p1-block-1-trial-14-target-5,579.0,591.0,30.0,False,Pointer Move (Standard mouse)
1786007931.5493739,592,540,p1-block-1-trial-14-target-5,579.0,591.0,30.0,False,Pointer Move (Standard mouse)
1786007931.5576131,588,543,p1-block-1-trial-14-target-5,579.0,591.0,30.0,False,Pointer Move (Standard mouse)
1786007931.565231,587,545,p1-block-1-trial-14-target-5,579.0,591.0,30.0,False,Pointer Move (Standard mouse)
1786007931.573604,586,546,p1-block-1-trial-14-target-5,579.0,591.0,30.0,False,Pointer Move (Standard mouse)
1786007931.58111,584,547,p1-block-1-trial-14-target-5,579.0,591.0,30.0,False,Pointer Move (Standard mouse)
1786007931.589579,583,548,p1-block-1-trial-14-target-5,579.0,591.0,30.0,False,Pointer Move (Standard mouse)
1786007931.597693,582,550,p1-block-1-trial-14-target-5,579.0,591.0,30.0,False,Pointer Move (Standard mouse)
1786007931.605788,581,551,p1-block-1-trial-14-target-5,579.0,591.0,30.0,False,Pointer Move (Standard mouse)
1786007931.6144059,579,552,p1-block-1-trial-14-target-5,579.0,591.0,30.0,False,Pointer Move (Standard mouse)
1786007931.622116,578,553,p1-block-1-trial-14-target-5,579.0,591.0,30.0,False,Pointer Move (Standard mouse)
1786007931.630142,577,554,p1-block-1-trial-14-target-5,579.0,591.0,30.0,False,Pointer Move (Standard mouse)
1786007931.638649,577,555,p1-block-1-trial-14-target-5,579.0,591.0,30.0,False,Pointer Move (Standard mouse)
1786007931.646443,576,556,p1-block-1-trial-14-target-5,579.0,591.0,30.0,False,Pointer Move (Standard mouse)
1786007931.654382,575,557,p1-block-1-trial-14-target-5,579.0,591.0,30.0,False,Pointer Move (Standard mouse)
1786007931.662747,575,557,p1-block-1-trial-14-target-5,579.0,591.0,30.0,False,Pointer Move (Standard mouse)
1786007931.670635,575,558,p1-block-1-trial-14-target-5,579.0,591.0,30.0,False,Pointer Move (Standard mouse)
1786007931.678827,575,558,p1-block-1-trial-14-target-5,579.0,591.0,30.0,False,Pointer Move (Standard mouse)
1786007931.686652,574,558,p1-block-1-trial-14-target-5,579.0,591.0,30.0,False,Pointer Move (Standard mouse)
1786007931.6947432,574,558,p1-block-1-trial-14-target-5,579.0,591.0,30.0,False,Pointer Move (Standard mouse)
1786007931.7030091,574,559,p1-block-1-trial-14-target-5,579.0,591.0,30.0,False,Pointer Move (Standard mouse)
1786007931.711508,574,559,p1-block-1-trial-14-target-5,579.0,591.0,30.0,False,Pointer Move (Standard mouse)
1786007931.719219,574,560,p1-block-1-trial-14-target-5,579.0,591.0,30.0,False,Pointer Move (Standard mouse)
1786007931.727763,574,560,p1-block-1-trial-14-target-5,579.0,591.0,30.0,False,Pointer Move (Standard mouse)
1786007931.735405,574,560,p1-block-1-trial-14-target-5,579.0,591.0,30.0,False,Pointer Move (Standard mouse)
1786007931.743289,574,561,p1-block-1-trial-14-target-5,579.0,591.0,30.0,False,Pointer Move (Standard mouse)
1786007931.7512908,574,561,p1-block-1-trial-14-target-5,579.0,591.0,30.0,False,Pointer Move (Standard mouse)
1786007931.7596319,574,562,p1-block-1-trial-14-target-5,579.0,591.0,30.0,False,Pointer Move (Standard mouse)
1786007931.767753,574,562,p1-block-1-trial-14-target-5,579.0,591.0,30.0,False,Pointer Move (Standard mouse)
1786007931.775619,574,562,p1-block-1-trial-14-target-5,579.0,591.0,30.0,False,Pointer Move (Standard mouse)
1786007931.7835178,574,563,p1-block-1-trial-14-target-5,579.0,591.0,30.0,False,Pointer Move (Standard mouse)
1786007931.791789,574,563,p1-block-1-trial-14-target-5,579.0,591.0,30.0,False,Pointer Move (Standard mouse)
1786007931.8003469,574,563,p1-block-1-trial-14-target-5,579.0,591.0,30.0,False,Pointer Move (Standard mouse)
1786007931.816552,574,564,p1-block-1-trial-14-target-5,579.0,591.0,30.0,False,Pointer Move (Standard mouse)
1786007931.824415,574,564,p1-block-1-trial-14-target-5,579.0,591.0,30.0,False,Pointer Move (Standard mouse)
1786007931.832414,574,564,p1-block-1-trial-14-target-5,579.0,591.0,30.0,False,Pointer Move (Standard mouse)
1786007931.840986,574,565,p1-block-1-trial-14-target-5,579.0,591.0,30.0,False,Pointer Move (Standard mouse)
1786007931.857625,574,565,p1-block-1-trial-14-target-5,579.0,591.0,30.0,False,Pointer Move (Standard mouse)
1786007931.8651898,574,566,p1-block-1-trial-14-target-5,579.0,591.0,30.0,False,Pointer Move (Standard mouse)
1786007931.8732271,574,566,p1-block-1-trial-14-target-5,579.0,591.0,30.0,False,Pointer Move (Standard mouse)
1786007931.8812008,574,566,p1-block-1-trial-14-target-5,579.0,591.0,30.0,False,Pointer Move (Standard mouse)
1786007931.889021,574,567,p1-block-1-trial-14-target-5,579.0,591.0,30.0,False,Pointer Move (Standard mouse)
1786007931.896909,575,568,p1-block-1-trial-14-target-5,579.0,591.0,30.0,False,Pointer Move (Standard mouse)
1786007931.9053,575,569,p1-block-1-trial-14-target-5,579.0,591.0,30.0,False,Pointer Move (Standard mouse)
1786007931.9131289,575,571,p1-block-1-trial-14-target-5,579.0,591.0,30.0,False,Pointer Move (Standard mouse)
1786007931.9216158,575,572,p1-block-1-trial-14-target-5,579.0,591.0,30.0,False,Pointer Move (Standard mouse)
1786007931.9294138,575,573,p1-block-1-trial-14-target-5,579.0,591.0,30.0,False,Pointer Move (Standard mouse)
1786007931.937703,575,574,p1-block-1-trial-14-target-5,579.0,591.0,30.0,False,Pointer Move (Standard mouse)
1786007931.9459,575,575,p1-block-1-trial-14-target-5,579.0,591.0,30.0,False,Pointer Move (Standard mouse)
1786007931.953732,575,576,p1-block-1-trial-14-target-5,579.0,591.0,30.0,False,Pointer Move (Standard mouse)
1786007931.961496,575,576,p1-block-1-trial-14-target-5,579.0,591.0,30.0,False,Pointer Move (Standard mouse)
1786007931.9698298,575,577,p1-block-1-trial-14-target-5,579.0,591.0,30.0,False,Pointer Move (Standard mouse)
1786007931.97788,575,577,p1-block-1-trial-14-target-5,579.0,591.0,30.0,False,Pointer Move (Standard mouse)
1786007931.986145,575,578,p1-block-1-trial-14-target-5,579.0,591.0,30.0,False,Pointer Move (Standard mouse)
1786007931.994273,575,578,p1-block-1-trial-14-target-5,579.0,591.0,30.0,False,Pointer Move (Standard mouse)
1786007932.002814,575,578,p1-block-1-trial-14-target-5,579.0,591.0,30.0,False,Pointer Move (Standard mouse)
1786007932.010577,575,579,p1-block-1-trial-14-target-5,579.0,591.0,30.0,False,Pointer Move (Standard mouse)
1786007932.0190248,575,579,p1-block-1-trial-14-target-5,579.0,591.0,30.0,False,Pointer Move (Standard mouse)
1786007932.035037,575,579,p1-block-1-trial-14-target-5,579.0,591.0,30.0,False,Pointer Move (Standard mouse)
1786007932.054941,575,579,p1-block-1-trial-14-target-5,579.0,591.0,30.0,target_selected,target_selected
1786007932.295372,576,579,p1-block-1-trial-15-target-1,861.0,309.0,30.0,False,Pointer Move (Standard mouse)
1786007932.301922,578,575,p1-block-1-trial-15-target-1,861.0,309.0,30.0,False,Pointer Move (Standard mouse)
1786007932.309838,582,570,p1-block-1-trial-15-target-1,861.0,309.0,30.0,False,Pointer Move (Standard mouse)
1786007932.3178492,585,565,p1-block-1-trial-15-target-1,861.0,309.0,30.0,False,Pointer Move (Standard mouse)
1786007932.326445,592,555,p1-block-1-trial-15-target-1,861.0,309.0,30.0,False,Pointer Move (Standard mouse)
1786007932.334034,597,544,p1-block-1-trial-15-target-1,861.0,309.0,30.0,False,Pointer Move (Standard mouse)
1786007932.342303,605,532,p1-block-1-trial-15-target-1,861.0,309.0,30.0,False,Pointer Move (Standard mouse)
1786007932.350301,611,518,p1-block-1-trial-15-target-1,861.0,309.0,30.0,False,Pointer Move (Standard mouse)
1786007932.358305,619,506,p1-block-1-trial-15-target-1,861.0,309.0,30.0,False,Pointer Move (Standard mouse)
1786007932.3664372,625,494,p1-block-1-trial-15-target-1,861.0,309.0,30.0,False,Pointer Move (Standard mouse)
1786007932.3748531,631,487,p1-block-1-trial-15-target-1,861.0,309.0,30.0,False,Pointer Move (Standard mouse)
1786007932.382747,637,477,p1-block-1-trial-15-target-1,861.0,309.0,30.0,False,Pointer Move (Standard mouse)
1786007932.3907478,643,470,p1-block-1-trial-15-target-1,861.0,309.0,30.0,False,Pointer Move (Standard mouse)
1786007932.398674,650,460,p1-block-1-trial-15-target-1,861.0,309.0,30.0,False,Pointer Move (Standard mouse)
1786007932.407349,656,454,p1-block-1-trial-15-target-1,861.0,309.0,30.0,False,Pointer Move (Standard mouse)
1786007932.415122,662,446,p1-block-1-trial-15-target-1,861.0,309.0,30.0,False,Pointer Move (Standard mouse)
1786007932.4230971,670,440,p1-block-1-trial-15-target-1,861.0,309.0,30.0,False,Pointer Move (Standard mouse)
1786007932.431306,678,431,p1-block-1-trial-15-target-1,861.0,309.0,30.0,False,Pointer Move (Standard mouse)
1786007932.43921,680,430,p1-block-1-trial-15-target-1,861.0,309.0,30.0,False,Pointer Move (Standard mouse)
1786007932.447424,686,423,p1-block-1-trial-15-target-1,861.0,309.0,30.0,False,Pointer Move (Standard mouse)
1786007932.4561112,693,416,p1-block-1-trial-15-target-1,861.0,309.0,30.0,False,Pointer Move (Standard mouse)
1786007932.463535,697,414,p1-block-1-trial-15-target-1,861.0,309.0,30.0,False,Pointer Move (Standard mouse)
1786007932.4717078,700,409,p1-block-1-trial-15-target-1,861.0,309.0,30.0,False,Pointer Move (Standard mouse)
1786007932.4800608,704,405,p1-block-1-trial-15-target-1,861.0,309.0,30.0,False,Pointer Move (Standard mouse)
1786007932.4880168,708,402,p1-block-1-trial-15-target-1,861.0,309.0,30.0,False,Pointer Move (Standard mouse)
1786007932.49583,710,400,p1-block-1-trial-15-target-1,861.0,309.0,30.0,False,Pointer Move (Standard mouse)
1786007932.5043998,714,397,p1-block-1-trial-15-target-1,861.0,309.0,30.0,False,Pointer Move (Standard mouse)
1786007932.512222,717,394,p1-block-1-trial-15-target-1,861.0,309.0,30.0,False,Pointer Move (Standard mouse)
1786007932.520274,720,391,p1-block-1-trial-15-target-1,861.0,309.0,30.0,False,Pointer Move (Standard mouse)
1786007932.5283809,724,388,p1-block-1-trial-15-target-1,861.0,309.0,30.0,False,Pointer Move (Standard mouse)
1786007932.5375261,727,387,p1-block-1-trial-15-target-1,861.0,309.0,30.0,False,Pointer Move (Standard mouse)
1786007932.544346,731,384,p1-block-1-trial-15-target-1,861.0,309.0,30.0,False,Pointer Move (Standard mouse)
1786007932.55334,735,382,p1-block-1-trial-15-target-1,861.0,309.0,30.0,False,Pointer Move (Standard mouse)
1786007932.561103,739,379,p1-block-1-trial-15-target-1,861.0,309.0,30.0,False,Pointer Move (Standard mouse)
1786007932.568873,744,377,p1-block-1-trial-15-target-1,861.0,309.0,30.0,False,Pointer Move (Standard mouse)
1786007932.577023,749,374,p1-block-1-trial-15-target-1,861.0,309.0,30.0,False,Pointer Move (Standard mouse)
1786007932.585045,758,370,p1-block-1-trial-15-target-1,861.0,309.0,30.0,False,Pointer Move (Standard mouse)
1786007932.59288,760,369,p1-block-1-trial-15-target-1,861.0,309.0,30.0,False,Pointer Move (Standard mouse)
1786007932.6011891,764,366,p1-block-1-trial-15-target-1,861.0,309.0,30.0,False,Pointer Move (Standard mouse)
1786007932.609389,769,364,p1-block-1-trial-15-target-1,861.0,309.0,30.0,False,Pointer Move (Standard mouse)
1786007932.6173818,774,362,p1-block-1-trial-15-target-1,861.0,309.0,30.0,False,Pointer Move (Standard mouse)
1786007932.625626,777,360,p1-block-1-trial-15-target-1,861.0,309.0,30.0,False,Pointer Move (Standard mouse)
1786007932.63373,781,359,p1-block-1-trial-15-target-1,861.0,309.0,30.0,False,Pointer Move (Standard mouse)
1786007932.64212,784,357,p1-block-1-trial-15-target-1,861.0,309.0,30.0,False,Pointer Move (Standard mouse)
1786007932.6502872,786,356,p1-block-1-trial-15-target-1,861.0,309.0,30.0,False,Pointer Move (Standard mouse)
1786007932.657962,788,356,p1-block-1-trial-15-target-1,861.0,309.0,30.0,False,Pointer Move (Standard mouse)
1786007932.6660101,789,355,p1-block-1-trial-15-target-1,861.0,309.0,30.0,False,Pointer Move (Standard mouse)
1786007932.674041,791,355,p1-block-1-trial-15-target-1,861.0,309.0,30.0,False,Pointer Move (Standard mouse)
1786007932.682419,792,355,p1-block-1-trial-15-target-1,861.0,309.0,30.0,False,Pointer Move (Standard mouse)
1786007932.690552,793,354,p1-block-1-trial-15-target-1,861.0,309.0,30.0,False,Pointer Move (Standard mouse)
1786007932.698577,795,354,p1-block-1-trial-15-target-1,861.0,309.0,30.0,False,Pointer Move (Standard mouse)
1786007932.70663,796,353,p1-block-1-trial-15-target-1,861.0,309.0,30.0,False,Pointer Move (Standard mouse)
1786007932.714412,798,353,p1-block-1-trial-15-target-1,861.0,309.0,30.0,False,Pointer Move (Standard mouse)
1786007932.7229571,799,353,p1-block-1-trial-15-target-1,861.0,309.0,30.0,False,Pointer Move (Standard mouse)
1786007932.730714,801,353,p1-block-1-trial-15-target-1,861.0,309.0,30.0,False,Pointer Move (Standard mouse)
1786007932.738925,802,353,p1-block-1-trial-15-target-1,861.0,309.0,30.0,False,Pointer Move (Standard mouse)
1786007932.746664,803,352,p1-block-1-trial-15-target-1,861.0,309.0,30.0,False,Pointer Move (Standard mouse)
1786007932.7549288,804,352,p1-block-1-trial-15-target-1,861.0,309.0,30.0,False,Pointer Move (Standard mouse)
1786007932.762911,805,352,p1-block-1-trial-15-target-1,861.0,309.0,30.0,False,Pointer Move (Standard mouse)
1786007932.771421,805,351,p1-block-1-trial-15-target-1,861.0,309.0,30.0,False,Pointer Move (Standard mouse)
1786007932.7795289,805,351,p1-block-1-trial-15-target-1,861.0,309.0,30.0,False,Pointer Move (Standard mouse)
1786007932.78729,806,351,p1-block-1-trial-15-target-1,861.0,309.0,30.0,False,Pointer Move (Standard mouse)
1786007932.7955892,806,351,p1-block-1-trial-15-target-1,861.0,309.0,30.0,False,Pointer Move (Standard mouse)
1786007932.8036458,807,350,p1-block-1-trial-15-target-1,861.0,309.0,30.0,False,Pointer Move (Standard mouse)
1786007932.81179,807,350,p1-block-1-trial-15-target-1,861.0,309.0,30.0,False,Pointer Move (Standard mouse)
1786007932.819798,807,349,p1-block-1-trial-15-target-1,861.0,309.0,30.0,False,Pointer Move (Standard mouse)
1786007932.827719,807,349,p1-block-1-trial-15-target-1,861.0,309.0,30.0,False,Pointer Move (Standard mouse)
1786007932.835851,808,349,p1-block-1-trial-15-target-1,861.0,309.0,30.0,False,Pointer Move (Standard mouse)
1786007932.844107,808,348,p1-block-1-trial-15-target-1,861.0,309.0,30.0,False,Pointer Move (Standard mouse)
1786007932.8523688,809,347,p1-block-1-trial-15-target-1,861.0,309.0,30.0,False,Pointer Move (Standard mouse)
1786007932.8603148,810,346,p1-block-1-trial-15-target-1,861.0,309.0,30.0,False,Pointer Move (Standard mouse)
1786007932.868027,811,345,p1-block-1-trial-15-target-1,861.0,309.0,30.0,False,Pointer Move (Standard mouse)
1786007932.876394,812,345,p1-block-1-trial-15-target-1,861.0,309.0,30.0,False,Pointer Move (Standard mouse)
1786007932.884468,814,343,p1-block-1-trial-15-target-1,861.0,309.0,30.0,False,Pointer Move (Standard mouse)
1786007932.892672,815,342,p1-block-1-trial-15-target-1,861.0,309.0,30.0,False,Pointer Move (Standard mouse)
1786007932.900855,817,341,p1-block-1-trial-15-target-1,861.0,309.0,30.0,False,Pointer Move (Standard mouse)
1786007932.9089541,818,340,p1-block-1-trial-15-target-1,861.0,309.0,30.0,False,Pointer Move (Standard mouse)
1786007932.917542,819,339,p1-block-1-trial-15-target-1,861.0,309.0,30.0,False,Pointer Move (Standard mouse)
1786007932.9251509,821,338,p1-block-1-trial-15-target-1,861.0,309.0,30.0,False,Pointer Move (Standard mouse)
1786007932.933206,822,337,p1-block-1-trial-15-target-1,861.0,309.0,30.0,False,Pointer Move (Standard mouse)
1786007932.941288,824,336,p1-block-1-trial-15-target-1,861.0,309.0,30.0,False,Pointer Move (Standard mouse)
1786007932.949345,825,335,p1-block-1-trial-15-target-1,861.0,309.0,30.0,False,Pointer Move (Standard mouse)
1786007932.9574451,827,334,p1-block-1-trial-15-target-1,861.0,309.0,30.0,False,Pointer Move (Standard mouse)
1786007932.965295,829,332,p1-block-1-trial-15-target-1,861.0,309.0,30.0,False,Pointer Move (Standard mouse)
1786007932.973652,831,332,p1-block-1-trial-15-target-1,861.0,309.0,30.0,False,Pointer Move (Standard mouse)
1786007932.982306,833,330,p1-block-1-trial-15-target-1,861.0,309.0,30.0,False,Pointer Move (Standard mouse)
1786007932.989978,835,330,p1-block-1-trial-15-target-1,861.0,309.0,30.0,False,Pointer Move (Standard mouse)
1786007932.997857,836,329,p1-block-1-trial-15-target-1,861.0,309.0,30.0,False,Pointer Move (Standard mouse)
1786007933.006258,837,328,p1-block-1-trial-15-target-1,861.0,309.0,30.0,False,Pointer Move (Standard mouse)
1786007933.014264,839,327,p1-block-1-trial-15-target-1,861.0,309.0,30.0,False,Pointer Move (Standard mouse)
1786007933.022198,840,326,p1-block-1-trial-15-target-1,861.0,309.0,30.0,False,Pointer Move (Standard mouse)
1786007933.030408,841,326,p1-block-1-trial-15-target-1,861.0,309.0,30.0,False,Pointer Move (Standard mouse)
1786007933.038223,842,325,p1-block-1-trial-15-target-1,861.0,309.0,30.0,False,Pointer Move (Standard mouse)
1786007933.046454,843,325,p1-block-1-trial-15-target-1,861.0,309.0,30.0,False,Pointer Move (Standard mouse)
1786007933.0545201,844,324,p1-block-1-trial-15-target-1,861.0,309.0,30.0,False,Pointer Move (Standard mouse)
1786007933.062496,845,324,p1-block-1-trial-15-target-1,861.0,309.0,30.0,False,Pointer Move (Standard mouse)
1786007933.070622,845,324,p1-block-1-trial-15-target-1,861.0,309.0,30.0,False,Pointer Move (Standard mouse)
1786007933.0790322,846,323,p1-block-1-trial-15-target-1,861.0,309.0,30.0,False,Pointer Move (Standard mouse)
1786007933.086826,847,323,p1-block-1-trial-15-target-1,861.0,309.0,30.0,False,Pointer Move (Standard mouse)
1786007933.0952861,847,323,p1-block-1-trial-15-target-1,861.0,309.0,30.0,False,Pointer Move (Standard mouse)
1786007933.103251,847,323,p1-block-1-trial-15-target-1,861.0,309.0,30.0,False,Pointer Move (Standard mouse)
1786007933.111252,848,322,p1-block-1-trial-15-target-1,861.0,309.0,30.0,False,Pointer Move (Standard mouse)
1786007933.119096,848,322,p1-block-1-trial-15-target-1,861.0,309.0,30.0,False,Pointer Move (Standard mouse)
1786007933.127109,848,322,p1-block-1-trial-15-target-1,861.0,309.0,30.0,False,Pointer Move (Standard mouse)
1786007933.13555,849,322,p1-block-1-trial-15-target-1,861.0,309.0,30.0,False,Pointer Move (Standard mouse)
1786007933.143565,849,321,p1-block-1-trial-15-target-1,861.0,309.0,30.0,False,Pointer Move (Standard mouse)
1786007933.151412,850,321,p1-block-1-trial-15-target-1,861.0,309.0,30.0,False,Pointer Move (Standard mouse)
1786007933.1595972,850,321,p1-block-1-trial-15-target-1,861.0,309.0,30.0,False,Pointer Move (Standard mouse)
1786007933.1767402,850,321,p1-block-1-trial-15-target-1,861.0,309.0,30.0,False,Pointer Move (Standard mouse)
1786007933.1843588,851,321,p1-block-1-trial-15-target-1,861.0,309.0,30.0,False,Pointer Move (Standard mouse)
1786007933.1921191,851,321,p1-block-1-trial-15-target-1,861.0,309.0,30.0,False,Pointer Move (Standard mouse)
1786007933.2001321,851,320,p1-block-1-trial-15-target-1,861.0,309.0,30.0,False,Pointer Move (Standard mouse)
1786007933.208451,851,320,p1-block-1-trial-15-target-1,861.0,309.0,30.0,False,Pointer Move (Standard mouse)
1786007933.216877,852,320,p1-block-1-trial-15-target-1,861.0,309.0,30.0,False,Pointer Move (Standard mouse)
1786007933.2246232,852,320,p1-block-1-trial-15-target-1,861.0,309.0,30.0,False,Pointer Move (Standard mouse)
1786007933.254823,852,320,p1-block-1-trial-15-target-1,861.0,309.0,30.0,target_selected,target_selected
1786007933.2621582,852,320,p1-block-1-trial-16-target-5,579.0,591.0,30.0,False,Pointer Move (Standard mouse)
1786007933.459407,852,320,p1-block-1-trial-16-target-5,579.0,591.0,30.0,False,Pointer Move (Standard mouse)
1786007933.467266,852,322,p1-block-1-trial-16-target-5,579.0,591.0,30.0,False,Pointer Move (Standard mouse)
1786007933.475606,849,326,p1-block-1-trial-16-target-5,579.0,591.0,30.0,False,Pointer Move (Standard mouse)
1786007933.4833548,847,327,p1-block-1-trial-16-target-5,579.0,591.0,30.0,False,Pointer Move (Standard mouse)
1786007933.4914272,845,332,p1-block-1-trial-16-target-5,579.0,591.0,30.0,False,Pointer Move (Standard mouse)
1786007933.499555,839,336,p1-block-1-trial-16-target-5,579.0,591.0,30.0,False,Pointer Move (Standard mouse)
1786007933.507526,833,346,p1-block-1-trial-16-target-5,579.0,591.0,30.0,False,Pointer Move (Standard mouse)
1786007933.515763,826,352,p1-block-1-trial-16-target-5,579.0,591.0,30.0,False,Pointer Move (Standard mouse)
1786007933.5239239,820,360,p1-block-1-trial-16-target-5,579.0,591.0,30.0,False,Pointer Move (Standard mouse)
1786007933.531858,810,373,p1-block-1-trial-16-target-5,579.0,591.0,30.0,False,Pointer Move (Standard mouse)
1786007933.5399191,796,383,p1-block-1-trial-16-target-5,579.0,591.0,30.0,False,Pointer Move (Standard mouse)
1786007933.548043,786,397,p1-block-1-trial-16-target-5,579.0,591.0,30.0,False,Pointer Move (Standard mouse)
1786007933.5570009,772,409,p1-block-1-trial-16-target-5,579.0,591.0,30.0,False,Pointer Move (Standard mouse)
1786007933.5643609,758,423,p1-block-1-trial-16-target-5,579.0,591.0,30.0,False,Pointer Move (Standard mouse)
1786007933.572587,747,434,p1-block-1-trial-16-target-5,579.0,591.0,30.0,False,Pointer Move (Standard mouse)
1786007933.580225,733,446,p1-block-1-trial-16-target-5,579.0,591.0,30.0,False,Pointer Move (Standard mouse)
1786007933.588444,720,456,p1-block-1-trial-16-target-5,579.0,591.0,30.0,False,Pointer Move (Standard mouse)
1786007933.596467,709,466,p1-block-1-trial-16-target-5,579.0,591.0,30.0,False,Pointer Move (Standard mouse)
1786007933.604359,698,475,p1-block-1-trial-16-target-5,579.0,591.0,30.0,False,Pointer Move (Standard mouse)
1786007933.612385,693,477,p1-block-1-trial-16-target-5,579.0,591.0,30.0,False,Pointer Move (Standard mouse)
1786007933.620886,684,482,p1-block-1-trial-16-target-5,579.0,591.0,30.0,False,Pointer Move (Standard mouse)
1786007933.629062,677,486,p1-block-1-trial-16-target-5,579.0,591.0,30.0,False,Pointer Move (Standard mouse)
1786007933.6374779,669,491,p1-block-1-trial-16-target-5,579.0,591.0,30.0,False,Pointer Move (Standard mouse)
1786007933.644937,665,493,p1-block-1-trial-16-target-5,579.0,591.0,30.0,False,Pointer Move (Standard mouse)
1786007933.653018,658,497,p1-block-1-trial-16-target-5,579.0,591.0,30.0,False,Pointer Move (Standard mouse)
1786007933.661387,654,500,p1-block-1-trial-16-target-5,579.0,591.0,30.0,False,Pointer Move (Standard mouse)
1786007933.6693141,649,502,p1-block-1-trial-16-target-5,579.0,591.0,30.0,False,Pointer Move (Standard mouse)
1786007933.6773272,645,504,p1-block-1-trial-16-target-5,579.0,591.0,30.0,False,Pointer Move (Standard mouse)
1786007933.6852548,640,506,p1-block-1-trial-16-target-5,579.0,591.0,30.0,False,Pointer Move (Standard mouse)
1786007933.6936069,635,509,p1-block-1-trial-16-target-5,579.0,591.0,30.0,False,Pointer Move (Standard mouse)
1786007933.701924,630,511,p1-block-1-trial-16-target-5,579.0,591.0,30.0,False,Pointer Move (Standard mouse)
1786007933.709996,627,513,p1-block-1-trial-16-target-5,579.0,591.0,30.0,False,Pointer Move (Standard mouse)
1786007933.717661,624,514,p1-block-1-trial-16-target-5,579.0,591.0,30.0,False,Pointer Move (Standard mouse)
1786007933.725873,620,516,p1-block-1-trial-16-target-5,579.0,591.0,30.0,False,Pointer Move (Standard mouse)
1786007933.733888,617,518,p1-block-1-trial-16-target-5,579.0,591.0,30.0,False,Pointer Move (Standard mouse)
1786007933.742144,615,519,p1-block-1-trial-16-target-5,579.0,591.0,30.0,False,Pointer Move (Standard mouse)
1786007933.7502668,612,521,p1-block-1-trial-16-target-5,579.0,591.0,30.0,False,Pointer Move (Standard mouse)
1786007933.758154,610,522,p1-block-1-trial-16-target-5,579.0,591.0,30.0,False,Pointer Move (Standard mouse)
1786007933.76614,606,525,p1-block-1-trial-16-target-5,579.0,591.0,30.0,False,Pointer Move (Standard mouse)
1786007933.774511,602,528,p1-block-1-trial-16-target-5,579.0,591.0,30.0,False,Pointer Move (Standard mouse)
1786007933.782681,598,531,p1-block-1-trial-16-target-5,579.0,591.0,30.0,False,Pointer Move (Standard mouse)
1786007933.7906291,595,534,p1-block-1-trial-16-target-5,579.0,591.0,30.0,False,Pointer Move (Standard mouse)
1786007933.798698,592,538,p1-block-1-trial-16-target-5,579.0,591.0,30.0,False,Pointer Move (Standard mouse)
1786007933.806978,588,542,p1-block-1-trial-16-target-5,579.0,591.0,30.0,False,Pointer Move (Standard mouse)
1786007933.814806,586,545,p1-block-1-trial-16-target-5,579.0,591.0,30.0,False,Pointer Move (Standard mouse)
1786007933.823206,585,549,p1-block-1-trial-16-target-5,579.0,591.0,30.0,False,Pointer Move (Standard mouse)
1786007933.8311412,583,551,p1-block-1-trial-16-target-5,579.0,591.0,30.0,False,Pointer Move (Standard mouse)
1786007933.8390012,582,553,p1-block-1-trial-16-target-5,579.0,591.0,30.0,False,Pointer Move (Standard mouse)
1786007933.847209,581,555,p1-block-1-trial-16-target-5,579.0,591.0,30.0,False,Pointer Move (Standard mouse)
1786007933.8553631,581,556,p1-block-1-trial-16-target-5,579.0,591.0,30.0,False,Pointer Move (Standard mouse)
1786007933.863561,581,558,p1-block-1-trial-16-target-5,579.0,591.0,30.0,False,Pointer Move (Standard mouse)
1786007933.871628,580,560,p1-block-1-trial-16-target-5,579.0,591.0,30.0,False,Pointer Move (Standard mouse)
1786007933.87979,580,563,p1-block-1-trial-16-target-5,579.0,591.0,30.0,False,Pointer Move (Standard mouse)
1786007933.887785,579,566,p1-block-1-trial-16-target-5,579.0,591.0,30.0,False,Pointer Move (Standard mouse)
1786007933.8957791,578,569,p1-block-1-trial-16-target-5,579.0,591.0,30.0,False,Pointer Move (Standard mouse)
1786007933.9039779,578,574,p1-block-1-trial-16-target-5,579.0,591.0,30.0,False,Pointer Move (Standard mouse)
1786007933.9122481,577,577,p1-block-1-trial-16-target-5,579.0,591.0,30.0,False,Pointer Move (Standard mouse)
1786007933.920295,577,581,p1-block-1-trial-16-target-5,579.0,591.0,30.0,False,Pointer Move (Standard mouse)
1786007933.9280498,576,584,p1-block-1-trial-16-target-5,579.0,591.0,30.0,False,Pointer Move (Standard mouse)
1786007933.936376,575,586,p1-block-1-trial-16-target-5,579.0,591.0,30.0,False,Pointer Move (Standard mouse)
1786007933.944216,575,588,p1-block-1-trial-16-target-5,579.0,591.0,30.0,False,Pointer Move (Standard mouse)
1786007933.952372,575,589,p1-block-1-trial-16-target-5,579.0,591.0,30.0,False,Pointer Move (Standard mouse)
1786007933.960602,575,590,p1-block-1-trial-16-target-5,579.0,591.0,30.0,False,Pointer Move (Standard mouse)
1786007933.968705,575,591,p1-block-1-trial-16-target-5,579.0,591.0,30.0,False,Pointer Move (Standard mouse)
1786007933.976782,574,591,p1-block-1-trial-16-target-5,579.0,591.0,30.0,False,Pointer Move (Standard mouse)
1786007933.9846988,574,592,p1-block-1-trial-16-target-5,579.0,591.0,30.0,False,Pointer Move (Standard mouse)
1786007933.993473,574,592,p1-block-1-trial-16-target-5,579.0,591.0,30.0,False,Pointer Move (Standard mouse)
1786007934.0009751,574,593,p1-block-1-trial-16-target-5,579.0,591.0,30.0,False,Pointer Move (Standard mouse)
1786007934.008935,574,593,p1-block-1-trial-16-target-5,579.0,591.0,30.0,False,Pointer Move (Standard mouse)
1786007934.017133,574,593,p1-block-1-trial-16-target-5,579.0,591.0,30.0,False,Pointer Move (Standard mouse)
1786007934.033609,574,594,p1-block-1-trial-16-target-5,579.0,591.0,30.0,False,Pointer Move (Standard mouse)
1786007934.041266,573,594,p1-block-1-trial-16-target-5,579.0,591.0,30.0,False,Pointer Move (Standard mouse)
1786007934.057255,573,594,p1-block-1-trial-16-target-5,579.0,591.0,30.0,False,Pointer Move (Standard mouse)
1786007934.065324,573,594,p1-block-1-trial-16-target-5,579.0,591.0,30.0,False,Pointer Move (Standard mouse)
1786007934.081575,573,594,p1-block-1-trial-16-target-5,579.0,591.0,30.0,False,Pointer Move (Standard mouse)
1786007934.114815,573,594,p1-block-1-trial-16-target-5,579.0,591.0,30.0,False,Pointer Move (Standard mouse)
1786007934.13747,573,594,p1-block-1-trial-16-target-5,579.0,591.0,30.0,target_selected,target_selected
1786007934.155092,573,594,p1-block-2-trial-1-target-6,570.0,450.0,37.5,False,Pointer Move (Standard mouse)
1786007934.626258,573,594,p1-block-2-trial-1-target-6,570.0,450.0,37.5,False,Pointer Move (Standard mouse)
1786007934.63236,573,592,p1-block-2-trial-1-target-6,570.0,450.0,37.5,False,Pointer Move (Standard mouse)
1786007934.640627,573,589,p1-block-2-trial-1-target-6,570.0,450.0,37.5,False,Pointer Move (Standard mouse)
1786007934.64887,573,586,p1-block-2-trial-1-target-6,570.0,450.0,37.5,False,Pointer Move (Standard mouse)
1786007934.656518,573,581,p1-block-2-trial-1-target-6,570.0,450.0,37.5,False,Pointer Move (Standard mouse)
1786007934.664583,574,576,p1-block-2-trial-1-target-6,570.0,450.0,37.5,False,Pointer Move (Standard mouse)
1786007934.6726348,575,571,p1-block-2-trial-1-target-6,570.0,450.0,37.5,False,Pointer Move (Standard mouse)
1786007934.680589,576,565,p1-block-2-trial-1-target-6,570.0,450.0,37.5,False,Pointer Move (Standard mouse)
1786007934.689018,577,560,p1-block-2-trial-1-target-6,570.0,450.0,37.5,False,Pointer Move (Standard mouse)
1786007934.697052,578,551,p1-block-2-trial-1-target-6,570.0,450.0,37.5,False,Pointer Move (Standard mouse)
1786007934.7049909,579,540,p1-block-2-trial-1-target-6,570.0,450.0,37.5,False,Pointer Move (Standard mouse)
1786007934.71344,579,531,p1-block-2-trial-1-target-6,570.0,450.0,37.5,False,Pointer Move (Standard mouse)
1786007934.7210822,579,520,p1-block-2-trial-1-target-6,570.0,450.0,37.5,False,Pointer Move (Standard mouse)
1786007934.7291799,579,511,p1-block-2-trial-1-target-6,570.0,450.0,37.5,False,Pointer Move (Standard mouse)
1786007934.737906,579,500,p1-block-2-trial-1-target-6,570.0,450.0,37.5,False,Pointer Move (Standard mouse)
1786007934.7453701,579,495,p1-block-2-trial-1-target-6,570.0,450.0,37.5,False,Pointer Move (Standard mouse)
1786007934.7534919,579,484,p1-block-2-trial-1-target-6,570.0,450.0,37.5,False,Pointer Move (Standard mouse)
1786007934.761732,579,475,p1-block-2-trial-1-target-6,570.0,450.0,37.5,False,Pointer Move (Standard mouse)
1786007934.7698402,579,467,p1-block-2-trial-1-target-6,570.0,450.0,37.5,False,Pointer Move (Standard mouse)
1786007934.7776499,579,460,p1-block-2-trial-1-target-6,570.0,450.0,37.5,False,Pointer Move (Standard mouse)
1786007934.786025,579,453,p1-block-2-trial-1-target-6,570.0,450.0,37.5,False,Pointer Move (Standard mouse)
1786007934.7940748,579,447,p1-block-2-trial-1-target-6,570.0,450.0,37.5,False,Pointer Move (Standard mouse)
1786007934.802164,579,442,p1-block-2-trial-1-target-6,570.0,450.0,37.5,False,Pointer Move (Standard mouse)
1786007934.8104892,579,435,p1-block-2-trial-1-target-6,570.0,450.0,37.5,False,Pointer Move (Standard mouse)
1786007934.818582,579,431,p1-block-2-trial-1-target-6,570.0,450.0,37.5,False,Pointer Move (Standard mouse)
1786007934.826221,579,426,p1-block-2-trial-1-target-6,570.0,450.0,37.5,False,Pointer Move (Standard mouse)
1786007934.834647,579,421,p1-block-2-trial-1-target-6,570.0,450.0,37.5,False,Pointer Move (Standard mouse)
1786007934.84273,579,416,p1-block-2-trial-1-target-6,570.0,450.0,37.5,False,Pointer Move (Standard mouse)
1786007934.85088,579,413,p1-block-2-trial-1-target-6,570.0,450.0,37.5,False,Pointer Move (Standard mouse)
1786007934.858697,579,410,p1-block-2-trial-1-target-6,570.0,450.0,37.5,False,Pointer Move (Standard mouse)
1786007934.866842,579,406,p1-block-2-trial-1-target-6,570.0,450.0,37.5,False,Pointer Move (Standard mouse)
1786007934.874986,579,403,p1-block-2-trial-1-target-6,570.0,450.0,37.5,False,Pointer Move (Standard mouse)
1786007934.883273,579,401,p1-block-2-trial-1-target-6,570.0,450.0,37.5,False,Pointer Move (Standard mouse)
1786007934.8917172,579,398,p1-block-2-trial-1-target-6,570.0,450.0,37.5,False,Pointer Move (Standard mouse)
1786007934.89942,579,397,p1-block-2-trial-1-target-6,570.0,450.0,37.5,False,Pointer Move (Standard mouse)
1786007934.907543,579,395,p1-block-2-trial-1-target-6,570.0,450.0,37.5,False,Pointer Move (Standard mouse)
1786007934.9150798,579,394,p1-block-2-trial-1-target-6,570.0,450.0,37.5,False,Pointer Move (Standard mouse)
1786007934.9234078,579,393,p1-block-2-trial-1-target-6,570.0,450.0,37.5,False,Pointer Move (Standard mouse)
1786007934.9317088,579,392,p1-block-2-trial-1-target-6,570.0,450.0,37.5,False,Pointer Move (Standard mouse)
1786007934.93971,579,391,p1-block-2-trial-1-target-6,570.0,450.0,37.5,False,Pointer Move (Standard mouse)
1786007934.950216,579,391,p1-block-2-trial-1-target-6,570.0,450.0,37.5,False,Pointer Move (Standard mouse)
1786007934.9554508,579,391,p1-block-2-trial-1-target-6,570.0,450.0,37.5,False,Pointer Move (Standard mouse)
1786007934.971793,579,390,p1-block-2-trial-1-target-6,570.0,450.0,37.5,False,Pointer Move (Standard mouse)
1786007935.119143,579,390,p1-block-2-trial-1-target-6,570.0,450.0,37.5,False,Pointer Move (Standard mouse)
1786007935.126139,579,392,p1-block-2-trial-1-target-6,570.0,450.0,37.5,False,Pointer Move (Standard mouse)
1786007935.1341739,579,392,p1-block-2-trial-1-target-6,570.0,450.0,37.5,False,Pointer Move (Standard mouse)
1786007935.141958,579,393,p1-block-2-trial-1-target-6,570.0,450.0,37.5,False,Pointer Move (Standard mouse)
1786007935.150052,579,393,p1-block-2-trial-1-target-6,570.0,450.0,37.5,False,Pointer Move (Standard mouse)
1786007935.1583328,578,394,p1-block-2-trial-1-target-6,570.0,450.0,37.5,False,Pointer Move (Standard mouse)
1786007935.166045,578,395,p1-block-2-trial-1-target-6,570.0,450.0,37.5,False,Pointer Move (Standard mouse)
1786007935.174551,577,396,p1-block-2-trial-1-target-6,570.0,450.0,37.5,False,Pointer Move (Standard mouse)
1786007935.182477,577,397,p1-block-2-trial-1-target-6,570.0,450.0,37.5,False,Pointer Move (Standard mouse)
1786007935.1905768,576,399,p1-block-2-trial-1-target-6,570.0,450.0,37.5,False,Pointer Move (Standard mouse)
1786007935.198591,576,401,p1-block-2-trial-1-target-6,570.0,450.0,37.5,False,Pointer Move (Standard mouse)
1786007935.206481,575,404,p1-block-2-trial-1-target-6,570.0,450.0,37.5,False,Pointer Move (Standard mouse)
1786007935.2146711,574,407,p1-block-2-trial-1-target-6,570.0,450.0,37.5,False,Pointer Move (Standard mouse)
1786007935.222798,572,412,p1-block-2-trial-1-target-6,570.0,450.0,37.5,False,Pointer Move (Standard mouse)
1786007935.230945,571,417,p1-block-2-trial-1-target-6,570.0,450.0,37.5,False,Pointer Move (Standard mouse)
1786007935.239001,570,422,p1-block-2-trial-1-target-6,570.0,450.0,37.5,False,Pointer Move (Standard mouse)
1786007935.247106,568,427,p1-block-2-trial-1-target-6,570.0,450.0,37.5,False,Pointer Move (Standard mouse)
1786007935.255338,567,430,p1-block-2-trial-1-target-6,570.0,450.0,37.5,False,Pointer Move (Standard mouse)
1786007935.263287,567,432,p1-block-2-trial-1-target-6,570.0,450.0,37.5,False,Pointer Move (Standard mouse)
1786007935.271613,567,435,p1-block-2-trial-1-target-6,570.0,450.0,37.5,False,Pointer Move (Standard mouse)
1786007935.279416,566,436,p1-block-2-trial-1-target-6,570.0,450.0,37.5,False,Pointer Move (Standard mouse)
1786007935.287198,566,438,p1-block-2-trial-1-target-6,570.0,450.0,37.5,False,Pointer Move (Standard mouse)
1786007935.296281,566,438,p1-block-2-trial-1-target-6,570.0,450.0,37.5,False,Pointer Move (Standard mouse)
1786007935.303746,565,440,p1-block-2-trial-1-target-6,570.0,450.0,37.5,False,Pointer Move (Standard mouse)
1786007935.311583,565,440,p1-block-2-trial-1-target-6,570.0,450.0,37.5,False,Pointer Move (Standard mouse)
1786007935.319869,565,440,p1-block-2-trial-1-target-6,570.0,450.0,37.5,False,Pointer Move (Standard mouse)
1786007935.328223,565,441,p1-block-2-trial-1-target-6,570.0,450.0,37.5,False,Pointer Move (Standard mouse)
1786007935.336164,565,441,p1-block-2-trial-1-target-6,570.0,450.0,37.5,False,Pointer Move (Standard mouse)
1786007935.3524952,565,441,p1-block-2-trial-1-target-6,570.0,450.0,37.5,False,Pointer Move (Standard mouse)
1786007935.368984,564,442,p1-block-2-trial-1-target-6,570.0,450.0,37.5,False,Pointer Move (Standard mouse)
1786007935.3934422,564,442,p1-block-2-trial-1-target-6,570.0,450.0,37.5,False,Pointer Move (Standard mouse)
1786007935.409906,564,442,p1-block-2-trial-1-target-6,570.0,450.0,37.5,False,Pointer Move (Standard mouse)
1786007935.426048,564,443,p1-block-2-trial-1-target-6,570.0,450.0,37.5,False,Pointer Move (Standard mouse)
1786007935.434418,564,443,p1-block-2-trial-1-target-6,570.0,450.0,37.5,False,Pointer Move (Standard mouse)
1786007935.4417422,564,443,p1-block-2-trial-1-target-6,570.0,450.0,37.5,False,Pointer Move (Standard mouse)
1786007935.45781,564,444,p1-block-2-trial-1-target-6,570.0,450.0,37.5,False,Pointer Move (Standard mouse)
1786007935.4657521,564,444,p1-block-2-trial-1-target-6,570.0,450.0,37.5,False,Pointer Move (Standard mouse)
1786007935.481921,564,444,p1-block-2-trial-1-target-6,570.0,450.0,37.5,False,Pointer Move (Standard mouse)
1786007935.5047638,564,444,p1-block-2-trial-1-target-6,570.0,450.0,37.5,target_selected,target_selected
1786007935.526334,564,444,p1-block-2-trial-2-target-2,870.0,450.0,37.5,False,Pointer Move (Standard mouse)
1786007935.839164,566,444,p1-block-2-trial-2-target-2,870.0,450.0,37.5,False,Pointer Move (Standard mouse)
1786007935.846406,577,444,p1-block-2-trial-2-target-2,870.0,450.0,37.5,False,Pointer Move (Standard mouse)
1786007935.854348,588,444,p1-block-2-trial-2-target-2,870.0,450.0,37.5,False,Pointer Move (Standard mouse)
1786007935.862102,597,444,p1-block-2-trial-2-target-2,870.0,450.0,37.5,False,Pointer Move (Standard mouse)
1786007935.87011,608,446,p1-block-2-trial-2-target-2,870.0,450.0,37.5,False,Pointer Move (Standard mouse)
1786007935.878422,617,447,p1-block-2-trial-2-target-2,870.0,450.0,37.5,False,Pointer Move (Standard mouse)
1786007935.886312,637,451,p1-block-2-trial-2-target-2,870.0,450.0,37.5,False,Pointer Move (Standard mouse)
1786007935.894685,654,454,p1-block-2-trial-2-target-2,870.0,450.0,37.5,False,Pointer Move (Standard mouse)
1786007935.902494,661,455,p1-block-2-trial-2-target-2,870.0,450.0,37.5,False,Pointer Move (Standard mouse)
1786007935.910849,675,458,p1-block-2-trial-2-target-2,870.0,450.0,37.5,False,Pointer Move (Standard mouse)
1786007935.918575,689,460,p1-block-2-trial-2-target-2,870.0,450.0,37.5,False,Pointer Move (Standard mouse)
1786007935.9269571,695,462,p1-block-2-trial-2-target-2,870.0,450.0,37.5,False,Pointer Move (Standard mouse)
1786007935.934689,704,465,p1-block-2-trial-2-target-2,870.0,450.0,37.5,False,Pointer Move (Standard mouse)
1786007935.9431539,709,466,p1-block-2-trial-2-target-2,870.0,450.0,37.5,False,Pointer Move (Standard mouse)
1786007935.950915,714,468,p1-block-2-trial-2-target-2,870.0,450.0,37.5,False,Pointer Move (Standard mouse)
1786007935.959368,718,469,p1-block-2-trial-2-target-2,870.0,450.0,37.5,False,Pointer Move (Standard mouse)
1786007935.967065,722,471,p1-block-2-trial-2-target-2,870.0,450.0,37.5,False,Pointer Move (Standard mouse)
1786007935.975073,725,473,p1-block-2-trial-2-target-2,870.0,450.0,37.5,False,Pointer Move (Standard mouse)
1786007935.983437,727,474,p1-block-2-trial-2-target-2,870.0,450.0,37.5,False,Pointer Move (Standard mouse)
1786007935.991704,730,476,p1-block-2-trial-2-target-2,870.0,450.0,37.5,False,Pointer Move (Standard mouse)
1786007935.999823,735,478,p1-block-2-trial-2-target-2,870.0,450.0,37.5,False,Pointer Move (Standard mouse)
1786007936.007853,739,480,p1-block-2-trial-2-target-2,870.0,450.0,37.5,False,Pointer Move (Standard mouse)
1786007936.0156002,742,482,p1-block-2-trial-2-target-2,870.0,450.0,37.5,False,Pointer Move (Standard mouse)
1786007936.0239701,747,485,p1-block-2-trial-2-target-2,870.0,450.0,37.5,False,Pointer Move (Standard mouse)
1786007936.032019,752,488,p1-block-2-trial-2-target-2,870.0,450.0,37.5,False,Pointer Move (Standard mouse)
1786007936.040065,756,491,p1-block-2-trial-2-target-2,870.0,450.0,37.5,False,Pointer Move (Standard mouse)
1786007936.047928,761,494,p1-block-2-trial-2-target-2,870.0,450.0,37.5,False,Pointer Move (Standard mouse)
1786007936.056451,765,496,p1-block-2-trial-2-target-2,870.0,450.0,37.5,False,Pointer Move (Standard mouse)
1786007936.0644999,768,498,p1-block-2-trial-2-target-2,870.0,450.0,37.5,False,Pointer Move (Standard mouse)
1786007936.0722728,771,500,p1-block-2-trial-2-target-2,870.0,450.0,37.5,False,Pointer Move (Standard mouse)
1786007936.080269,773,501,p1-block-2-trial-2-target-2,870.0,450.0,37.5,False,Pointer Move (Standard mouse)
1786007936.0889668,776,502,p1-block-2-trial-2-target-2,870.0,450.0,37.5,False,Pointer Move (Standard mouse)
1786007936.09647,778,502,p1-block-2-trial-2-target-2,870.0,450.0,37.5,False,Pointer Move (Standard mouse)
1786007936.1049721,780,503,p1-block-2-trial-2-target-2,870.0,450.0,37.5,False,Pointer Move (Standard mouse)
1786007936.112899,781,504,p1-block-2-trial-2-target-2,870.0,450.0,37.5,False,Pointer Move (Standard mouse)
1786007936.120918,783,504,p1-block-2-trial-2-target-2,870.0,450.0,37.5,False,Pointer Move (Standard mouse)
1786007936.1288571,785,504,p1-block-2-trial-2-target-2,870.0,450.0,37.5,False,Pointer Move (Standard mouse)
1786007936.137124,787,504,p1-block-2-trial-2-target-2,870.0,450.0,37.5,False,Pointer Move (Standard mouse)
1786007936.1452858,790,504,p1-block-2-trial-2-target-2,870.0,450.0,37.5,False,Pointer Move (Standard mouse)
1786007936.153143,792,504,p1-block-2-trial-2-target-2,870.0,450.0,37.5,False,Pointer Move (Standard mouse)
1786007936.161341,797,504,p1-block-2-trial-2-target-2,870.0,450.0,37.5,False,Pointer Move (Standard mouse)
1786007936.169533,801,504,p1-block-2-trial-2-target-2,870.0,450.0,37.5,False,Pointer Move (Standard mouse)
1786007936.177773,806,504,p1-block-2-trial-2-target-2,870.0,450.0,37.5,False,Pointer Move (Standard mouse)
1786007936.18588,817,502,p1-block-2-trial-2-target-2,870.0,450.0,37.5,False,Pointer Move (Standard mouse)
1786007936.193645,821,501,p1-block-2-trial-2-target-2,870.0,450.0,37.5,False,Pointer Move (Standard mouse)
1786007936.201875,827,499,p1-block-2-trial-2-target-2,870.0,450.0,37.5,False,Pointer Move (Standard mouse)
1786007936.20994,832,497,p1-block-2-trial-2-target-2,870.0,450.0,37.5,False,Pointer Move (Standard mouse)
1786007936.2179918,839,495,p1-block-2-trial-2-target-2,870.0,450.0,37.5,False,Pointer Move (Standard mouse)
1786007936.225894,843,492,p1-block-2-trial-2-target-2,870.0,450.0,37.5,False,Pointer Move (Standard mouse)
1786007936.234648,848,490,p1-block-2-trial-2-target-2,870.0,450.0,37.5,False,Pointer Move (Standard mouse)
1786007936.2423072,851,489,p1-block-2-trial-2-target-2,870.0,450.0,37.5,False,Pointer Move (Standard mouse)
1786007936.250169,855,487,p1-block-2-trial-2-target-2,870.0,450.0,37.5,False,Pointer Move (Standard mouse)
1786007936.25869,858,485,p1-block-2-trial-2-target-2,870.0,450.0,37.5,False,Pointer Move (Standard mouse)
1786007936.266915,859,484,p1-block-2-trial-2-target-2,870.0,450.0,37.5,False,Pointer Move (Standard mouse)
1786007936.274503,861,483,p1-block-2-trial-2-target-2,870.0,450.0,37.5,False,Pointer Move (Standard mouse)
1786007936.2827961,862,482,p1-block-2-trial-2-target-2,870.0,450.0,37.5,False,Pointer Move (Standard mouse)
1786007936.29097,863,481,p1-block-2-trial-2-target-2,870.0,450.0,37.5,False,Pointer Move (Standard mouse)
1786007936.2990358,864,481,p1-block-2-trial-2-target-2,870.0,450.0,37.5,False,Pointer Move (Standard mouse)
1786007936.30737,865,480,p1-block-2-trial-2-target-2,870.0,450.0,37.5,False,Pointer Move (Standard mouse)
1786007936.3154812,865,479,p1-block-2-trial-2-target-2,870.0,450.0,37.5,False,Pointer Move (Standard mouse)
1786007936.323332,865,479,p1-block-2-trial-2-target-2,870.0,450.0,37.5,False,Pointer Move (Standard mouse)
1786007936.331827,867,478,p1-block-2-trial-2-target-2,870.0,450.0,37.5,False,Pointer Move (Standard mouse)
1786007936.339211,867,478,p1-block-2-trial-2-target-2,870.0,450.0,37.5,False,Pointer Move (Standard mouse)
1786007936.347342,867,477,p1-block-2-trial-2-target-2,870.0,450.0,37.5,False,Pointer Move (Standard mouse)
1786007936.355999,868,477,p1-block-2-trial-2-target-2,870.0,450.0,37.5,False,Pointer Move (Standard mouse)
1786007936.364512,868,476,p1-block-2-trial-2-target-2,870.0,450.0,37.5,False,Pointer Move (Standard mouse)
1786007936.371767,869,475,p1-block-2-trial-2-target-2,870.0,450.0,37.5,False,Pointer Move (Standard mouse)
1786007936.379599,869,474,p1-block-2-trial-2-target-2,870.0,450.0,37.5,False,Pointer Move (Standard mouse)
1786007936.3881521,869,474,p1-block-2-trial-2-target-2,870.0,450.0,37.5,False,Pointer Move (Standard mouse)
1786007936.39601,870,473,p1-block-2-trial-2-target-2,870.0,450.0,37.5,False,Pointer Move (Standard mouse)
1786007936.404585,870,472,p1-block-2-trial-2-target-2,870.0,450.0,37.5,False,Pointer Move (Standard mouse)
1786007936.41218,871,471,p1-block-2-trial-2-target-2,870.0,450.0,37.5,False,Pointer Move (Standard mouse)
1786007936.4203131,871,470,p1-block-2-trial-2-target-2,870.0,450.0,37.5,False,Pointer Move (Standard mouse)
1786007936.428496,871,470,p1-block-2-trial-2-target-2,870.0,450.0,37.5,False,Pointer Move (Standard mouse)
1786007936.436398,871,469,p1-block-2-trial-2-target-2,870.0,450.0,37.5,False,Pointer Move (Standard mouse)
1786007936.444376,872,468,p1-block-2-trial-2-target-2,870.0,450.0,37.5,False,Pointer Move (Standard mouse)
1786007936.452735,872,467,p1-block-2-trial-2-target-2,870.0,450.0,37.5,False,Pointer Move (Standard mouse)
1786007936.460672,872,466,p1-block-2-trial-2-target-2,870.0,450.0,37.5,False,Pointer Move (Standard mouse)
1786007936.4690502,872,465,p1-block-2-trial-2-target-2,870.0,450.0,37.5,False,Pointer Move (Standard mouse)
1786007936.476844,872,464,p1-block-2-trial-2-target-2,870.0,450.0,37.5,False,Pointer Move (Standard mouse)
1786007936.485125,872,464,p1-block-2-trial-2-target-2,870.0,450.0,37.5,False,Pointer Move (Standard mouse)
1786007936.493136,872,464,p1-block-2-trial-2-target-2,870.0,450.0,37.5,False,Pointer Move (Standard mouse)
1786007936.501158,872,462,p1-block-2-trial-2-target-2,870.0,450.0,37.5,False,Pointer Move (Standard mouse)
1786007936.520689,872,462,p1-block-2-trial-2-target-2,870.0,450.0,37.5,target_selected,target_selected
1786007936.5395908,872,462,p1-block-2-trial-3-target-6,570.0,450.0,37.5,False,Pointer Move (Standard mouse)
1786007936.70501,872,462,p1-block-2-trial-3-target-6,570.0,450.0,37.5,False,Pointer Move (Standard mouse)
1786007936.712074,868,462,p1-block-2-trial-3-target-6,570.0,450.0,37.5,False,Pointer Move (Standard mouse)
1786007936.720148,864,462,p1-block-2-trial-3-target-6,570.0,450.0,37.5,False,Pointer Move (Standard mouse)
1786007936.72799,857,462,p1-block-2-trial-3-target-6,570.0,450.0,37.5,False,Pointer Move (Standard mouse)
1786007936.735766,852,462,p1-block-2-trial-3-target-6,570.0,450.0,37.5,False,Pointer Move (Standard mouse)
1786007936.7439842,850,462,p1-block-2-trial-3-target-6,570.0,450.0,37.5,False,Pointer Move (Standard mouse)
1786007936.7520819,844,462,p1-block-2-trial-3-target-6,570.0,450.0,37.5,False,Pointer Move (Standard mouse)
1786007936.7602072,832,462,p1-block-2-trial-3-target-6,570.0,450.0,37.5,False,Pointer Move (Standard mouse)
1786007936.768092,826,462,p1-block-2-trial-3-target-6,570.0,450.0,37.5,False,Pointer Move (Standard mouse)
1786007936.77667,824,462,p1-block-2-trial-3-target-6,570.0,450.0,37.5,False,Pointer Move (Standard mouse)
1786007936.78472,813,462,p1-block-2-trial-3-target-6,570.0,450.0,37.5,False,Pointer Move (Standard mouse)
1786007936.792421,806,462,p1-block-2-trial-3-target-6,570.0,450.0,37.5,False,Pointer Move (Standard mouse)
1786007936.800692,799,462,p1-block-2-trial-3-target-6,570.0,450.0,37.5,False,Pointer Move (Standard mouse)
1786007936.808724,793,462,p1-block-2-trial-3-target-6,570.0,450.0,37.5,False,Pointer Move (Standard mouse)
1786007936.816706,782,462,p1-block-2-trial-3-target-6,570.0,450.0,37.5,False,Pointer Move (Standard mouse)
1786007936.8248682,773,462,p1-block-2-trial-3-target-6,570.0,450.0,37.5,False,Pointer Move (Standard mouse)
1786007936.8333812,771,462,p1-block-2-trial-3-target-6,570.0,450.0,37.5,False,Pointer Move (Standard mouse)
1786007936.8410292,762,462,p1-block-2-trial-3-target-6,570.0,450.0,37.5,False,Pointer Move (Standard mouse)
1786007936.849647,755,462,p1-block-2-trial-3-target-6,570.0,450.0,37.5,False,Pointer Move (Standard mouse)
1786007936.8573,749,462,p1-block-2-trial-3-target-6,570.0,450.0,37.5,False,Pointer Move (Standard mouse)
1786007936.8651981,742,462,p1-block-2-trial-3-target-6,570.0,450.0,37.5,False,Pointer Move (Standard mouse)
1786007936.873649,736,462,p1-block-2-trial-3-target-6,570.0,450.0,37.5,False,Pointer Move (Standard mouse)
1786007936.882184,732,462,p1-block-2-trial-3-target-6,570.0,450.0,37.5,False,Pointer Move (Standard mouse)
1786007936.88976,729,462,p1-block-2-trial-3-target-6,570.0,450.0,37.5,False,Pointer Move (Standard mouse)
1786007936.897868,727,462,p1-block-2-trial-3-target-6,570.0,450.0,37.5,False,Pointer Move (Standard mouse)
1786007936.905762,726,462,p1-block-2-trial-3-target-6,570.0,450.0,37.5,False,Pointer Move (Standard mouse)
1786007936.91406,725,462,p1-block-2-trial-3-target-6,570.0,450.0,37.5,False,Pointer Move (Standard mouse)
1786007936.9220679,725,462,p1-block-2-trial-3-target-6,570.0,450.0,37.5,False,Pointer Move (Standard mouse)
1786007936.930767,724,462,p1-block-2-trial-3-target-6,570.0,450.0,37.5,False,Pointer Move (Standard mouse)
1786007936.938352,724,462,p1-block-2-trial-3-target-6,570.0,450.0,37.5,False,Pointer Move (Standard mouse)
1786007936.946044,723,462,p1-block-2-trial-3-target-6,570.0,450.0,37.5,False,Pointer Move (Standard mouse)
1786007936.9623811,723,462,p1-block-2-trial-3-target-6,570.0,450.0,37.5,False,Pointer Move (Standard mouse)
1786007936.995717,723,462,p1-block-2-trial-3-target-6,570.0,450.0,37.5,False,Pointer Move (Standard mouse)
1786007937.011837,723,462,p1-block-2-trial-3-target-6,570.0,450.0,37.5,False,Pointer Move (Standard mouse)
1786007937.019562,722,462,p1-block-2-trial-3-target-6,570.0,450.0,37.5,False,Pointer Move (Standard mouse)
1786007937.028251,722,462,p1-block-2-trial-3-target-6,570.0,450.0,37.5,False,Pointer Move (Standard mouse)
1786007937.0359712,720,461,p1-block-2-trial-3-target-6,570.0,450.0,37.5,False,Pointer Move (Standard mouse)
1786007937.0435011,718,461,p1-block-2-trial-3-target-6,570.0,450.0,37.5,False,Pointer Move (Standard mouse)
1786007937.051543,711,460,p1-block-2-trial-3-target-6,570.0,450.0,37.5,False,Pointer Move (Standard mouse)
1786007937.05953,709,459,p1-block-2-trial-3-target-6,570.0,450.0,37.5,False,Pointer Move (Standard mouse)
1786007937.067627,702,458,p1-block-2-trial-3-target-6,570.0,450.0,37.5,False,Pointer Move (Standard mouse)
1786007937.075702,698,457,p1-block-2-trial-3-target-6,570.0,450.0,37.5,False,Pointer Move (Standard mouse)
1786007937.0838778,691,456,p1-block-2-trial-3-target-6,570.0,450.0,37.5,False,Pointer Move (Standard mouse)
1786007937.091957,686,455,p1-block-2-trial-3-target-6,570.0,450.0,37.5,False,Pointer Move (Standard mouse)
1786007937.100045,680,454,p1-block-2-trial-3-target-6,570.0,450.0,37.5,False,Pointer Move (Standard mouse)
1786007937.1082408,675,453,p1-block-2-trial-3-target-6,570.0,450.0,37.5,False,Pointer Move (Standard mouse)
1786007937.116436,670,453,p1-block-2-trial-3-target-6,570.0,450.0,37.5,False,Pointer Move (Standard mouse)
1786007937.124471,667,452,p1-block-2-trial-3-target-6,570.0,450.0,37.5,False,Pointer Move (Standard mouse)
1786007937.132362,664,451,p1-block-2-trial-3-target-6,570.0,450.0,37.5,False,Pointer Move (Standard mouse)
1786007937.1407502,662,451,p1-block-2-trial-3-target-6,570.0,450.0,37.5,False,Pointer Move (Standard mouse)
1786007937.1486132,658,451,p1-block-2-trial-3-target-6,570.0,450.0,37.5,False,Pointer Move (Standard mouse)
1786007937.1570308,655,451,p1-block-2-trial-3-target-6,570.0,450.0,37.5,False,Pointer Move (Standard mouse)
1786007937.164896,652,450,p1-block-2-trial-3-target-6,570.0,450.0,37.5,False,Pointer Move (Standard mouse)
1786007937.172817,649,450,p1-block-2-trial-3-target-6,570.0,450.0,37.5,False,Pointer Move (Standard mouse)
1786007937.180824,644,449,p1-block-2-trial-3-target-6,570.0,450.0,37.5,False,Pointer Move (Standard mouse)
1786007937.1889448,639,448,p1-block-2-trial-3-target-6,570.0,450.0,37.5,False,Pointer Move (Standard mouse)
1786007937.197244,636,447,p1-block-2-trial-3-target-6,570.0,450.0,37.5,False,Pointer Move (Standard mouse)
1786007937.204963,632,446,p1-block-2-trial-3-target-6,570.0,450.0,37.5,False,Pointer Move (Standard mouse)
1786007937.213398,629,445,p1-block-2-trial-3-target-6,570.0,450.0,37.5,False,Pointer Move (Standard mouse)
1786007937.2212,626,445,p1-block-2-trial-3-target-6,570.0,450.0,37.5,False,Pointer Move (Standard mouse)
1786007937.229585,625,445,p1-block-2-trial-3-target-6,570.0,450.0,37.5,False,Pointer Move (Standard mouse)
1786007937.237814,624,444,p1-block-2-trial-3-target-6,570.0,450.0,37.5,False,Pointer Move (Standard mouse)
1786007937.245601,622,444,p1-block-2-trial-3-target-6,570.0,450.0,37.5,False,Pointer Move (Standard mouse)
1786007937.253729,622,444,p1-block-2-trial-3-target-6,570.0,450.0,37.5,False,Pointer Move (Standard mouse)
1786007937.2616692,622,444,p1-block-2-trial-3-target-6,570.0,450.0,37.5,False,Pointer Move (Standard mouse)
1786007937.2779782,621,444,p1-block-2-trial-3-target-6,570.0,450.0,37.5,False,Pointer Move (Standard mouse)
1786007937.302541,621,444,p1-block-2-trial-3-target-6,570.0,450.0,37.5,False,Pointer Move (Standard mouse)
1786007937.311216,621,443,p1-block-2-trial-3-target-6,570.0,450.0,37.5,False,Pointer Move (Standard mouse)
1786007937.31888,621,443,p1-block-2-trial-3-target-6,570.0,450.0,37.5,False,Pointer Move (Standard mouse)
1786007937.326528,620,443,p1-block-2-trial-3-target-6,570.0,450.0,37.5,False,Pointer Move (Standard mouse)
1786007937.334953,620,443,p1-block-2-trial-3-target-6,570.0,450.0,37.5,False,Pointer Move (Standard mouse)
1786007937.342674,620,443,p1-block-2-trial-3-target-6,570.0,450.0,37.5,False,Pointer Move (Standard mouse)
1786007937.351274,619,443,p1-block-2-trial-3-target-6,570.0,450.0,37.5,False,Pointer Move (Standard mouse)
1786007937.359566,617,443,p1-block-2-trial-3-target-6,570.0,450.0,37.5,False,Pointer Move (Standard mouse)
1786007937.3673642,616,443,p1-block-2-trial-3-target-6,570.0,450.0,37.5,False,Pointer Move (Standard mouse)
1786007937.37516,614,443,p1-block-2-trial-3-target-6,570.0,450.0,37.5,False,Pointer Move (Standard mouse)
1786007937.383223,613,443,p1-block-2-trial-3-target-6,570.0,450.0,37.5,False,Pointer Move (Standard mouse)
1786007937.391148,611,443,p1-block-2-trial-3-target-6,570.0,450.0,37.5,False,Pointer Move (Standard mouse)
1786007937.399657,609,443,p1-block-2-trial-3-target-6,570.0,450.0,37.5,False,Pointer Move (Standard mouse)
1786007937.407823,607,443,p1-block-2-trial-3-target-6,570.0,450.0,37.5,False,Pointer Move (Standard mouse)
1786007937.415713,605,443,p1-block-2-trial-3-target-6,570.0,450.0,37.5,False,Pointer Move (Standard mouse)
1786007937.4235961,604,442,p1-block-2-trial-3-target-6,570.0,450.0,37.5,False,Pointer Move (Standard mouse)
1786007937.431707,602,442,p1-block-2-trial-3-target-6,570.0,450.0,37.5,False,Pointer Move (Standard mouse)
1786007937.439913,601,442,p1-block-2-trial-3-target-6,570.0,450.0,37.5,False,Pointer Move (Standard mouse)
1786007937.447961,600,442,p1-block-2-trial-3-target-6,570.0,450.0,37.5,False,Pointer Move (Standard mouse)
1786007937.455991,599,442,p1-block-2-trial-3-target-6,570.0,450.0,37.5,False,Pointer Move (Standard mouse)
1786007937.463891,598,442,p1-block-2-trial-3-target-6,570.0,450.0,37.5,False,Pointer Move (Standard mouse)
1786007937.471963,597,442,p1-block-2-trial-3-target-6,570.0,450.0,37.5,False,Pointer Move (Standard mouse)
1786007937.4801972,595,442,p1-block-2-trial-3-target-6,570.0,450.0,37.5,False,Pointer Move (Standard mouse)
1786007937.488708,593,442,p1-block-2-trial-3-target-6,570.0,450.0,37.5,False,Pointer Move (Standard mouse)
1786007937.496248,591,442,p1-block-2-trial-3-target-6,570.0,450.0,37.5,False,Pointer Move (Standard mouse)
1786007937.5043461,588,442,p1-block-2-trial-3-target-6,570.0,450.0,37.5,False,Pointer Move (Standard mouse)
1786007937.512594,584,442,p1-block-2-trial-3-target-6,570.0,450.0,37.5,False,Pointer Move (Standard mouse)
1786007937.5209112,582,441,p1-block-2-trial-3-target-6,570.0,450.0,37.5,False,Pointer Move (Standard mouse)
1786007937.528831,580,441,p1-block-2-trial-3-target-6,570.0,450.0,37.5,False,Pointer Move (Standard mouse)
1786007937.536861,578,441,p1-block-2-trial-3-target-6,570.0,450.0,37.5,False,Pointer Move (Standard mouse)
1786007937.544789,577,441,p1-block-2-trial-3-target-6,570.0,450.0,37.5,False,Pointer Move (Standard mouse)
1786007937.55319,576,440,p1-block-2-trial-3-target-6,570.0,450.0,37.5,False,Pointer Move (Standard mouse)
1786007937.561153,576,440,p1-block-2-trial-3-target-6,570.0,450.0,37.5,False,Pointer Move (Standard mouse)
1786007937.56992,576,440,p1-block-2-trial-3-target-6,570.0,450.0,37.5,False,Pointer Move (Standard mouse)
1786007937.577653,575,440,p1-block-2-trial-3-target-6,570.0,450.0,37.5,False,Pointer Move (Standard mouse)
1786007937.586237,575,440,p1-block-2-trial-3-target-6,570.0,450.0,37.5,False,Pointer Move (Standard mouse)
1786007937.620959,575,440,p1-block-2-trial-3-target-6,570.0,450.0,37.5,target_selected,target_selected
1786007937.829449,578,440,p1-block-2-trial-4-target-2,870.0,450.0,37.5,False,Pointer Move (Standard mouse)
1786007937.836714,592,440,p1-block-2-trial-4-target-2,870.0,450.0,37.5,False,Pointer Move (Standard mouse)
1786007937.844694,601,442,p1-block-2-trial-4-target-2,870.0,450.0,37.5,False,Pointer Move (Standard mouse)
1786007937.8524082,618,446,p1-block-2-trial-4-target-2,870.0,450.0,37.5,False,Pointer Move (Standard mouse)
1786007937.860288,659,456,p1-block-2-trial-4-target-2,870.0,450.0,37.5,False,Pointer Move (Standard mouse)
1786007937.868393,683,462,p1-block-2-trial-4-target-2,870.0,450.0,37.5,False,Pointer Move (Standard mouse)
1786007937.8762538,694,465,p1-block-2-trial-4-target-2,870.0,450.0,37.5,False,Pointer Move (Standard mouse)
1786007937.8848698,722,469,p1-block-2-trial-4-target-2,870.0,450.0,37.5,False,Pointer Move (Standard mouse)
1786007937.89314,750,476,p1-block-2-trial-4-target-2,870.0,450.0,37.5,False,Pointer Move (Standard mouse)
1786007937.900814,774,480,p1-block-2-trial-4-target-2,870.0,450.0,37.5,False,Pointer Move (Standard mouse)
1786007937.908993,797,484,p1-block-2-trial-4-target-2,870.0,450.0,37.5,False,Pointer Move (Standard mouse)
1786007937.91747,814,485,p1-block-2-trial-4-target-2,870.0,450.0,37.5,False,Pointer Move (Standard mouse)
1786007937.9255638,831,489,p1-block-2-trial-4-target-2,870.0,450.0,37.5,False,Pointer Move (Standard mouse)
1786007937.933555,836,489,p1-block-2-trial-4-target-2,870.0,450.0,37.5,False,Pointer Move (Standard mouse)
1786007937.942205,847,489,p1-block-2-trial-4-target-2,870.0,450.0,37.5,False,Pointer Move (Standard mouse)
1786007937.9491498,856,489,p1-block-2-trial-4-target-2,870.0,450.0,37.5,False,Pointer Move (Standard mouse)
1786007937.9576309,861,489,p1-block-2-trial-4-target-2,870.0,450.0,37.5,False,Pointer Move (Standard mouse)
1786007937.965935,866,489,p1-block-2-trial-4-target-2,870.0,450.0,37.5,False,Pointer Move (Standard mouse)
1786007937.973732,869,489,p1-block-2-trial-4-target-2,870.0,450.0,37.5,False,Pointer Move (Standard mouse)
1786007937.981705,871,489,p1-block-2-trial-4-target-2,870.0,450.0,37.5,False,Pointer Move (Standard mouse)
1786007937.989693,873,489,p1-block-2-trial-4-target-2,870.0,450.0,37.5,False,Pointer Move (Standard mouse)
1786007937.9977741,873,489,p1-block-2-trial-4-target-2,870.0,450.0,37.5,False,Pointer Move (Standard mouse)
1786007938.0064251,874,489,p1-block-2-trial-4-target-2,870.0,450.0,37.5,False,Pointer Move (Standard mouse)
1786007938.014234,875,489,p1-block-2-trial-4-target-2,870.0,450.0,37.5,False,Pointer Move (Standard mouse)
1786007938.022602,875,489,p1-block-2-trial-4-target-2,870.0,450.0,37.5,False,Pointer Move (Standard mouse)
1786007938.0304818,875,489,p1-block-2-trial-4-target-2,870.0,450.0,37.5,False,Pointer Move (Standard mouse)
1786007938.038527,876,489,p1-block-2-trial-4-target-2,870.0,450.0,37.5,False,Pointer Move (Standard mouse)
1786007938.079912,876,489,p1-block-2-trial-4-target-2,870.0,450.0,37.5,False,Pointer Move (Standard mouse)
1786007938.0960279,876,489,p1-block-2-trial-4-target-2,870.0,450.0,37.5,False,Pointer Move (Standard mouse)
1786007938.120311,876,489,p1-block-2-trial-4-target-2,870.0,450.0,37.5,False,Pointer Move (Standard mouse)
1786007938.1285582,876,488,p1-block-2-trial-4-target-2,870.0,450.0,37.5,False,Pointer Move (Standard mouse)
1786007938.1441548,876,488,p1-block-2-trial-4-target-2,870.0,450.0,37.5,False,Pointer Move (Standard mouse)
1786007938.151988,876,487,p1-block-2-trial-4-target-2,870.0,450.0,37.5,False,Pointer Move (Standard mouse)
1786007938.1598852,876,487,p1-block-2-trial-4-target-2,870.0,450.0,37.5,False,Pointer Move (Standard mouse)
1786007938.1679811,876,487,p1-block-2-trial-4-target-2,870.0,450.0,37.5,False,Pointer Move (Standard mouse)
1786007938.175711,876,486,p1-block-2-trial-4-target-2,870.0,450.0,37.5,False,Pointer Move (Standard mouse)
1786007938.184143,877,485,p1-block-2-trial-4-target-2,870.0,450.0,37.5,False,Pointer Move (Standard mouse)
1786007938.192342,877,485,p1-block-2-trial-4-target-2,870.0,450.0,37.5,False,Pointer Move (Standard mouse)
1786007938.2003992,878,484,p1-block-2-trial-4-target-2,870.0,450.0,37.5,False,Pointer Move (Standard mouse)
1786007938.208713,878,483,p1-block-2-trial-4-target-2,870.0,450.0,37.5,False,Pointer Move (Standard mouse)
1786007938.216827,878,482,p1-block-2-trial-4-target-2,870.0,450.0,37.5,False,Pointer Move (Standard mouse)
1786007938.224847,879,482,p1-block-2-trial-4-target-2,870.0,450.0,37.5,False,Pointer Move (Standard mouse)
1786007938.233023,881,481,p1-block-2-trial-4-target-2,870.0,450.0,37.5,False,Pointer Move (Standard mouse)
1786007938.2412941,882,480,p1-block-2-trial-4-target-2,870.0,450.0,37.5,False,Pointer Move (Standard mouse)
1786007938.249592,882,479,p1-block-2-trial-4-target-2,870.0,450.0,37.5,False,Pointer Move (Standard mouse)
1786007938.2575328,883,477,p1-block-2-trial-4-target-2,870.0,450.0,37.5,False,Pointer Move (Standard mouse)
1786007938.2652018,884,476,p1-block-2-trial-4-target-2,870.0,450.0,37.5,False,Pointer Move (Standard mouse)
1786007938.2736871,884,475,p1-block-2-trial-4-target-2,870.0,450.0,37.5,False,Pointer Move (Standard mouse)
1786007938.281268,885,474,p1-block-2-trial-4-target-2,870.0,450.0,37.5,False,Pointer Move (Standard mouse)
1786007938.289508,885,473,p1-block-2-trial-4-target-2,870.0,450.0,37.5,False,Pointer Move (Standard mouse)
1786007938.2975,886,473,p1-block-2-trial-4-target-2,870.0,450.0,37.5,False,Pointer Move (Standard mouse)
1786007938.306179,886,472,p1-block-2-trial-4-target-2,870.0,450.0,37.5,False,Pointer Move (Standard mouse)
1786007938.3134239,886,471,p1-block-2-trial-4-target-2,870.0,450.0,37.5,False,Pointer Move (Standard mouse)
1786007938.322366,886,470,p1-block-2-trial-4-target-2,870.0,450.0,37.5,False,Pointer Move (Standard mouse)
1786007938.330066,886,469,p1-block-2-trial-4-target-2,870.0,450.0,37.5,False,Pointer Move (Standard mouse)
1786007938.3378549,886,469,p1-block-2-trial-4-target-2,870.0,450.0,37.5,False,Pointer Move (Standard mouse)
1786007938.345918,886,469,p1-block-2-trial-4-target-2,870.0,450.0,37.5,False,Pointer Move (Standard mouse)
1786007938.354343,886,468,p1-block-2-trial-4-target-2,870.0,450.0,37.5,False,Pointer Move (Standard mouse)
1786007938.3619819,886,467,p1-block-2-trial-4-target-2,870.0,450.0,37.5,False,Pointer Move (Standard mouse)
1786007938.370165,886,467,p1-block-2-trial-4-target-2,870.0,450.0,37.5,False,Pointer Move (Standard mouse)
1786007938.378277,886,466,p1-block-2-trial-4-target-2,870.0,450.0,37.5,False,Pointer Move (Standard mouse)
1786007938.3866282,886,466,p1-block-2-trial-4-target-2,870.0,450.0,37.5,False,Pointer Move (Standard mouse)
1786007938.394769,886,466,p1-block-2-trial-4-target-2,870.0,450.0,37.5,False,Pointer Move (Standard mouse)
1786007938.4208908,886,466,p1-block-2-trial-4-target-2,870.0,450.0,37.5,target_selected,target_selected
1786007938.438076,886,465,p1-block-2-trial-5-target-6,570.0,450.0,37.5,False,Pointer Move (Standard mouse)
1786007938.623001,886,465,p1-block-2-trial-5-target-6,570.0,450.0,37.5,False,Pointer Move (Standard mouse)
1786007938.629955,884,465,p1-block-2-trial-5-target-6,570.0,450.0,37.5,False,Pointer Move (Standard mouse)
1786007938.637832,881,465,p1-block-2-trial-5-target-6,570.0,450.0,37.5,False,Pointer Move (Standard mouse)
1786007938.645472,876,465,p1-block-2-trial-5-target-6,570.0,450.0,37.5,False,Pointer Move (Standard mouse)
1786007938.653754,871,465,p1-block-2-trial-5-target-6,570.0,450.0,37.5,False,Pointer Move (Standard mouse)
1786007938.661622,862,465,p1-block-2-trial-5-target-6,570.0,450.0,37.5,False,Pointer Move (Standard mouse)
1786007938.669622,848,465,p1-block-2-trial-5-target-6,570.0,450.0,37.5,False,Pointer Move (Standard mouse)
1786007938.677784,840,465,p1-block-2-trial-5-target-6,570.0,450.0,37.5,False,Pointer Move (Standard mouse)
1786007938.686151,828,465,p1-block-2-trial-5-target-6,570.0,450.0,37.5,False,Pointer Move (Standard mouse)
1786007938.694127,825,465,p1-block-2-trial-5-target-6,570.0,450.0,37.5,False,Pointer Move (Standard mouse)
1786007938.701854,808,465,p1-block-2-trial-5-target-6,570.0,450.0,37.5,False,Pointer Move (Standard mouse)
1786007938.7098858,803,465,p1-block-2-trial-5-target-6,570.0,450.0,37.5,False,Pointer Move (Standard mouse)
1786007938.7182028,790,465,p1-block-2-trial-5-target-6,570.0,450.0,37.5,False,Pointer Move (Standard mouse)
1786007938.726112,786,465,p1-block-2-trial-5-target-6,570.0,450.0,37.5,False,Pointer Move (Standard mouse)
1786007938.7345762,769,465,p1-block-2-trial-5-target-6,570.0,450.0,37.5,False,Pointer Move (Standard mouse)
1786007938.742492,761,465,p1-block-2-trial-5-target-6,570.0,450.0,37.5,False,Pointer Move (Standard mouse)
1786007938.7510579,752,465,p1-block-2-trial-5-target-6,570.0,450.0,37.5,False,Pointer Move (Standard mouse)
1786007938.758792,741,465,p1-block-2-trial-5-target-6,570.0,450.0,37.5,False,Pointer Move (Standard mouse)
1786007938.766816,730,465,p1-block-2-trial-5-target-6,570.0,450.0,37.5,False,Pointer Move (Standard mouse)
1786007938.775028,726,464,p1-block-2-trial-5-target-6,570.0,450.0,37.5,False,Pointer Move (Standard mouse)
1786007938.78277,720,464,p1-block-2-trial-5-target-6,570.0,450.0,37.5,False,Pointer Move (Standard mouse)
1786007938.7913542,713,462,p1-block-2-trial-5-target-6,570.0,450.0,37.5,False,Pointer Move (Standard mouse)
1786007938.799191,706,461,p1-block-2-trial-5-target-6,570.0,450.0,37.5,False,Pointer Move (Standard mouse)
1786007938.807559,703,460,p1-block-2-trial-5-target-6,570.0,450.0,37.5,False,Pointer Move (Standard mouse)
1786007938.815884,700,459,p1-block-2-trial-5-target-6,570.0,450.0,37.5,False,Pointer Move (Standard mouse)
1786007938.823519,697,458,p1-block-2-trial-5-target-6,570.0,450.0,37.5,False,Pointer Move (Standard mouse)
1786007938.831373,696,458,p1-block-2-trial-5-target-6,570.0,450.0,37.5,False,Pointer Move (Standard mouse)
1786007938.839655,695,458,p1-block-2-trial-5-target-6,570.0,450.0,37.5,False,Pointer Move (Standard mouse)
1786007938.8476548,695,458,p1-block-2-trial-5-target-6,570.0,450.0,37.5,False,Pointer Move (Standard mouse)
1786007938.855809,694,456,p1-block-2-trial-5-target-6,570.0,450.0,37.5,False,Pointer Move (Standard mouse)
1786007938.86379,693,456,p1-block-2-trial-5-target-6,570.0,450.0,37.5,False,Pointer Move (Standard mouse)
1786007938.8718379,693,456,p1-block-2-trial-5-target-6,570.0,450.0,37.5,False,Pointer Move (Standard mouse)
1786007938.880662,693,456,p1-block-2-trial-5-target-6,570.0,450.0,37.5,False,Pointer Move (Standard mouse)
1786007938.888157,692,456,p1-block-2-trial-5-target-6,570.0,450.0,37.5,False,Pointer Move (Standard mouse)
1786007938.89652,692,456,p1-block-2-trial-5-target-6,570.0,450.0,37.5,False,Pointer Move (Standard mouse)
1786007938.904156,692,456,p1-block-2-trial-5-target-6,570.0,450.0,37.5,False,Pointer Move (Standard mouse)
1786007938.920234,691,456,p1-block-2-trial-5-target-6,570.0,450.0,37.5,False,Pointer Move (Standard mouse)
1786007938.928446,691,456,p1-block-2-trial-5-target-6,570.0,450.0,37.5,False,Pointer Move (Standard mouse)
1786007938.9367511,690,456,p1-block-2-trial-5-target-6,570.0,450.0,37.5,False,Pointer Move (Standard mouse)
1786007938.94466,687,455,p1-block-2-trial-5-target-6,570.0,450.0,37.5,False,Pointer Move (Standard mouse)
1786007938.9531798,683,454,p1-block-2-trial-5-target-6,570.0,450.0,37.5,False,Pointer Move (Standard mouse)
1786007938.9609442,678,453,p1-block-2-trial-5-target-6,570.0,450.0,37.5,False,Pointer Move (Standard mouse)
1786007938.9689221,675,453,p1-block-2-trial-5-target-6,570.0,450.0,37.5,False,Pointer Move (Standard mouse)
1786007938.9775062,669,452,p1-block-2-trial-5-target-6,570.0,450.0,37.5,False,Pointer Move (Standard mouse)
1786007938.985395,664,451,p1-block-2-trial-5-target-6,570.0,450.0,37.5,False,Pointer Move (Standard mouse)
1786007938.993502,661,450,p1-block-2-trial-5-target-6,570.0,450.0,37.5,False,Pointer Move (Standard mouse)
1786007939.001471,656,450,p1-block-2-trial-5-target-6,570.0,450.0,37.5,False,Pointer Move (Standard mouse)
1786007939.0096672,654,450,p1-block-2-trial-5-target-6,570.0,450.0,37.5,False,Pointer Move (Standard mouse)
1786007939.017483,652,450,p1-block-2-trial-5-target-6,570.0,450.0,37.5,False,Pointer Move (Standard mouse)
1786007939.0257668,650,449,p1-block-2-trial-5-target-6,570.0,450.0,37.5,False,Pointer Move (Standard mouse)
1786007939.0338821,648,449,p1-block-2-trial-5-target-6,570.0,450.0,37.5,False,Pointer Move (Standard mouse)
1786007939.0417228,646,449,p1-block-2-trial-5-target-6,570.0,450.0,37.5,False,Pointer Move (Standard mouse)
1786007939.049812,642,449,p1-block-2-trial-5-target-6,570.0,450.0,37.5,False,Pointer Move (Standard mouse)
1786007939.0584419,639,448,p1-block-2-trial-5-target-6,570.0,450.0,37.5,False,Pointer Move (Standard mouse)
1786007939.0662332,634,448,p1-block-2-trial-5-target-6,570.0,450.0,37.5,False,Pointer Move (Standard mouse)
1786007939.074365,631,448,p1-block-2-trial-5-target-6,570.0,450.0,37.5,False,Pointer Move (Standard mouse)
1786007939.082366,628,448,p1-block-2-trial-5-target-6,570.0,450.0,37.5,False,Pointer Move (Standard mouse)
1786007939.090486,625,448,p1-block-2-trial-5-target-6,570.0,450.0,37.5,False,Pointer Move (Standard mouse)
1786007939.099175,621,447,p1-block-2-trial-5-target-6,570.0,450.0,37.5,False,Pointer Move (Standard mouse)
1786007939.1065211,618,447,p1-block-2-trial-5-target-6,570.0,450.0,37.5,False,Pointer Move (Standard mouse)
1786007939.114558,617,447,p1-block-2-trial-5-target-6,570.0,450.0,37.5,False,Pointer Move (Standard mouse)
1786007939.122592,615,447,p1-block-2-trial-5-target-6,570.0,450.0,37.5,False,Pointer Move (Standard mouse)
1786007939.131022,614,447,p1-block-2-trial-5-target-6,570.0,450.0,37.5,False,Pointer Move (Standard mouse)
1786007939.1390238,614,447,p1-block-2-trial-5-target-6,570.0,450.0,37.5,False,Pointer Move (Standard mouse)
1786007939.14702,613,447,p1-block-2-trial-5-target-6,570.0,450.0,37.5,False,Pointer Move (Standard mouse)
1786007939.155343,612,447,p1-block-2-trial-5-target-6,570.0,450.0,37.5,False,Pointer Move (Standard mouse)
1786007939.163275,611,447,p1-block-2-trial-5-target-6,570.0,450.0,37.5,False,Pointer Move (Standard mouse)
1786007939.1713312,610,447,p1-block-2-trial-5-target-6,570.0,450.0,37.5,False,Pointer Move (Standard mouse)
1786007939.179614,608,446,p1-block-2-trial-5-target-6,570.0,450.0,37.5,False,Pointer Move (Standard mouse)
1786007939.1877801,606,446,p1-block-2-trial-5-target-6,570.0,450.0,37.5,False,Pointer Move (Standard mouse)
1786007939.195623,604,446,p1-block-2-trial-5-target-6,570.0,450.0,37.5,False,Pointer Move (Standard mouse)
1786007939.20369,602,445,p1-block-2-trial-5-target-6,570.0,450.0,37.5,False,Pointer Move (Standard mouse)
1786007939.211951,601,445,p1-block-2-trial-5-target-6,570.0,450.0,37.5,False,Pointer Move (Standard mouse)
1786007939.220074,599,445,p1-block-2-trial-5-target-6,570.0,450.0,37.5,False,Pointer Move (Standard mouse)
1786007939.22809,598,445,p1-block-2-trial-5-target-6,570.0,450.0,37.5,False,Pointer Move (Standard mouse)
1786007939.2359948,597,445,p1-block-2-trial-5-target-6,570.0,450.0,37.5,False,Pointer Move (Standard mouse)
1786007939.244287,597,445,p1-block-2-trial-5-target-6,570.0,450.0,37.5,False,Pointer Move (Standard mouse)
1786007939.252672,596,444,p1-block-2-trial-5-target-6,570.0,450.0,37.5,False,Pointer Move (Standard mouse)
1786007939.26064,596,444,p1-block-2-trial-5-target-6,570.0,450.0,37.5,False,Pointer Move (Standard mouse)
1786007939.285266,595,444,p1-block-2-trial-5-target-6,570.0,450.0,37.5,False,Pointer Move (Standard mouse)
1786007939.309668,595,444,p1-block-2-trial-5-target-6,570.0,450.0,37.5,False,Pointer Move (Standard mouse)
1786007939.3340318,595,444,p1-block-2-trial-5-target-6,570.0,450.0,37.5,False,Pointer Move (Standard mouse)
1786007939.350215,595,444,p1-block-2-trial-5-target-6,570.0,450.0,37.5,False,Pointer Move (Standard mouse)
1786007939.367457,594,444,p1-block-2-trial-5-target-6,570.0,450.0,37.5,False,Pointer Move (Standard mouse)
1786007939.3830268,594,444,p1-block-2-trial-5-target-6,570.0,450.0,37.5,False,Pointer Move (Standard mouse)
1786007939.422567,594,444,p1-block-2-trial-5-target-6,570.0,450.0,37.5,target_selected,target_selected
1786007939.430138,594,444,p1-block-2-trial-6-target-2,870.0,450.0,37.5,False,Pointer Move (Standard mouse)
1786007939.617921,595,444,p1-block-2-trial-6-target-2,870.0,450.0,37.5,False,Pointer Move (Standard mouse)
1786007939.625491,603,444,p1-block-2-trial-6-target-2,870.0,450.0,37.5,False,Pointer Move (Standard mouse)
1786007939.633305,610,444,p1-block-2-trial-6-target-2,870.0,450.0,37.5,False,Pointer Move (Standard mouse)
1786007939.6412852,621,444,p1-block-2-trial-6-target-2,870.0,450.0,37.5,False,Pointer Move (Standard mouse)
1786007939.64881,638,444,p1-block-2-trial-6-target-2,870.0,450.0,37.5,False,Pointer Move (Standard mouse)
1786007939.657255,675,452,p1-block-2-trial-6-target-2,870.0,450.0,37.5,False,Pointer Move (Standard mouse)
1786007939.66524,702,456,p1-block-2-trial-6-target-2,870.0,450.0,37.5,False,Pointer Move (Standard mouse)
1786007939.673784,716,459,p1-block-2-trial-6-target-2,870.0,450.0,37.5,False,Pointer Move (Standard mouse)
1786007939.6811678,744,461,p1-block-2-trial-6-target-2,870.0,450.0,37.5,False,Pointer Move (Standard mouse)
1786007939.68919,772,468,p1-block-2-trial-6-target-2,870.0,450.0,37.5,False,Pointer Move (Standard mouse)
1786007939.697161,792,469,p1-block-2-trial-6-target-2,870.0,450.0,37.5,False,Pointer Move (Standard mouse)
1786007939.70543,816,471,p1-block-2-trial-6-target-2,870.0,450.0,37.5,False,Pointer Move (Standard mouse)
1786007939.713569,830,471,p1-block-2-trial-6-target-2,870.0,450.0,37.5,False,Pointer Move (Standard mouse)
1786007939.7216299,835,471,p1-block-2-trial-6-target-2,870.0,450.0,37.5,False,Pointer Move (Standard mouse)
1786007939.730123,846,473,p1-block-2-trial-6-target-2,870.0,450.0,37.5,False,Pointer Move (Standard mouse)
1786007939.737795,857,474,p1-block-2-trial-6-target-2,870.0,450.0,37.5,False,Pointer Move (Standard mouse)
1786007939.74596,866,474,p1-block-2-trial-6-target-2,870.0,450.0,37.5,False,Pointer Move (Standard mouse)
1786007939.754,871,474,p1-block-2-trial-6-target-2,870.0,450.0,37.5,False,Pointer Move (Standard mouse)
1786007939.7619982,877,474,p1-block-2-trial-6-target-2,870.0,450.0,37.5,False,Pointer Move (Standard mouse)
1786007939.769996,884,475,p1-block-2-trial-6-target-2,870.0,450.0,37.5,False,Pointer Move (Standard mouse)
1786007939.778473,889,475,p1-block-2-trial-6-target-2,870.0,450.0,37.5,False,Pointer Move (Standard mouse)
1786007939.7865589,892,475,p1-block-2-trial-6-target-2,870.0,450.0,37.5,False,Pointer Move (Standard mouse)
1786007939.7942631,897,475,p1-block-2-trial-6-target-2,870.0,450.0,37.5,False,Pointer Move (Standard mouse)
1786007939.8030221,900,475,p1-block-2-trial-6-target-2,870.0,450.0,37.5,False,Pointer Move (Standard mouse)
1786007939.810695,902,475,p1-block-2-trial-6-target-2,870.0,450.0,37.5,False,Pointer Move (Standard mouse)
1786007939.818791,904,475,p1-block-2-trial-6-target-2,870.0,450.0,37.5,False,Pointer Move (Standard mouse)
1786007939.826911,905,475,p1-block-2-trial-6-target-2,870.0,450.0,37.5,False,Pointer Move (Standard mouse)
1786007939.834917,906,475,p1-block-2-trial-6-target-2,870.0,450.0,37.5,False,Pointer Move (Standard mouse)
1786007939.842979,906,475,p1-block-2-trial-6-target-2,870.0,450.0,37.5,False,Pointer Move (Standard mouse)
1786007939.851048,907,475,p1-block-2-trial-6-target-2,870.0,450.0,37.5,False,Pointer Move (Standard mouse)
1786007939.85917,907,475,p1-block-2-trial-6-target-2,870.0,450.0,37.5,False,Pointer Move (Standard mouse)
1786007939.8672671,908,475,p1-block-2-trial-6-target-2,870.0,450.0,37.5,False,Pointer Move (Standard mouse)
1786007939.9254122,908,475,p1-block-2-trial-6-target-2,870.0,450.0,37.5,False,Pointer Move (Standard mouse)
1786007939.965295,907,475,p1-block-2-trial-6-target-2,870.0,450.0,37.5,False,Pointer Move (Standard mouse)
1786007939.972495,907,475,p1-block-2-trial-6-target-2,870.0,450.0,37.5,False,Pointer Move (Standard mouse)
1786007939.9838731,907,475,p1-block-2-trial-6-target-2,870.0,450.0,37.5,False,Pointer Move (Standard mouse)
1786007939.9886599,906,474,p1-block-2-trial-6-target-2,870.0,450.0,37.5,False,Pointer Move (Standard mouse)
1786007939.9964979,905,474,p1-block-2-trial-6-target-2,870.0,450.0,37.5,False,Pointer Move (Standard mouse)
1786007940.00679,905,474,p1-block-2-trial-6-target-2,870.0,450.0,37.5,False,Pointer Move (Standard mouse)
1786007940.014158,904,473,p1-block-2-trial-6-target-2,870.0,450.0,37.5,False,Pointer Move (Standard mouse)
1786007940.021191,903,473,p1-block-2-trial-6-target-2,870.0,450.0,37.5,False,Pointer Move (Standard mouse)
1786007940.0293398,902,473,p1-block-2-trial-6-target-2,870.0,450.0,37.5,False,Pointer Move (Standard mouse)
1786007940.0371919,902,472,p1-block-2-trial-6-target-2,870.0,450.0,37.5,False,Pointer Move (Standard mouse)
1786007940.0453582,901,472,p1-block-2-trial-6-target-2,870.0,450.0,37.5,False,Pointer Move (Standard mouse)
1786007940.053016,900,472,p1-block-2-trial-6-target-2,870.0,450.0,37.5,False,Pointer Move (Standard mouse)
1786007940.061707,899,471,p1-block-2-trial-6-target-2,870.0,450.0,37.5,False,Pointer Move (Standard mouse)
1786007940.06965,898,470,p1-block-2-trial-6-target-2,870.0,450.0,37.5,False,Pointer Move (Standard mouse)
1786007940.077409,897,469,p1-block-2-trial-6-target-2,870.0,450.0,37.5,False,Pointer Move (Standard mouse)
1786007940.085799,895,468,p1-block-2-trial-6-target-2,870.0,450.0,37.5,False,Pointer Move (Standard mouse)
1786007940.09392,894,467,p1-block-2-trial-6-target-2,870.0,450.0,37.5,False,Pointer Move (Standard mouse)
1786007940.10177,893,466,p1-block-2-trial-6-target-2,870.0,450.0,37.5,False,Pointer Move (Standard mouse)
1786007940.1102011,892,464,p1-block-2-trial-6-target-2,870.0,450.0,37.5,False,Pointer Move (Standard mouse)
1786007940.117962,891,463,p1-block-2-trial-6-target-2,870.0,450.0,37.5,False,Pointer Move (Standard mouse)
1786007940.1260061,889,461,p1-block-2-trial-6-target-2,870.0,450.0,37.5,False,Pointer Move (Standard mouse)
1786007940.134042,889,459,p1-block-2-trial-6-target-2,870.0,450.0,37.5,False,Pointer Move (Standard mouse)
1786007940.142643,888,458,p1-block-2-trial-6-target-2,870.0,450.0,37.5,False,Pointer Move (Standard mouse)
1786007940.150712,886,456,p1-block-2-trial-6-target-2,870.0,450.0,37.5,False,Pointer Move (Standard mouse)
1786007940.159324,886,455,p1-block-2-trial-6-target-2,870.0,450.0,37.5,False,Pointer Move (Standard mouse)
1786007940.1673,885,454,p1-block-2-trial-6-target-2,870.0,450.0,37.5,False,Pointer Move (Standard mouse)
1786007940.183101,885,453,p1-block-2-trial-6-target-2,870.0,450.0,37.5,False,Pointer Move (Standard mouse)
1786007940.191539,884,452,p1-block-2-trial-6-target-2,870.0,450.0,37.5,False,Pointer Move (Standard mouse)
1786007940.207592,884,451,p1-block-2-trial-6-target-2,870.0,450.0,37.5,False,Pointer Move (Standard mouse)
1786007940.2154438,884,451,p1-block-2-trial-6-target-2,870.0,450.0,37.5,False,Pointer Move (Standard mouse)
1786007940.22353,884,451,p1-block-2-trial-6-target-2,870.0,450.0,37.5,False,Pointer Move (Standard mouse)
1786007940.231533,884,450,p1-block-2-trial-6-target-2,870.0,450.0,37.5,False,Pointer Move (Standard mouse)
1786007940.271531,884,450,p1-block-2-trial-6-target-2,870.0,450.0,37.5,target_selected,target_selected
1786007940.4351969,884,450,p1-block-2-trial-7-target-6,570.0,450.0,37.5,False,Pointer Move (Standard mouse)
1786007940.4424472,879,450,p1-block-2-trial-7-target-6,570.0,450.0,37.5,False,Pointer Move (Standard mouse)
1786007940.450138,874,450,p1-block-2-trial-7-target-6,570.0,450.0,37.5,False,Pointer Move (Standard mouse)
1786007940.4582038,867,450,p1-block-2-trial-7-target-6,570.0,450.0,37.5,False,Pointer Move (Standard mouse)
1786007940.4662101,859,449,p1-block-2-trial-7-target-6,570.0,450.0,37.5,False,Pointer Move (Standard mouse)
1786007940.474171,854,449,p1-block-2-trial-7-target-6,570.0,450.0,37.5,False,Pointer Move (Standard mouse)
1786007940.482489,845,450,p1-block-2-trial-7-target-6,570.0,450.0,37.5,False,Pointer Move (Standard mouse)
1786007940.490335,838,450,p1-block-2-trial-7-target-6,570.0,450.0,37.5,False,Pointer Move (Standard mouse)
1786007940.498297,832,450,p1-block-2-trial-7-target-6,570.0,450.0,37.5,False,Pointer Move (Standard mouse)
1786007940.506727,829,450,p1-block-2-trial-7-target-6,570.0,450.0,37.5,False,Pointer Move (Standard mouse)
1786007940.514624,822,450,p1-block-2-trial-7-target-6,570.0,450.0,37.5,False,Pointer Move (Standard mouse)
1786007940.5228748,813,450,p1-block-2-trial-7-target-6,570.0,450.0,37.5,False,Pointer Move (Standard mouse)
1786007940.5307882,811,450,p1-block-2-trial-7-target-6,570.0,450.0,37.5,False,Pointer Move (Standard mouse)
1786007940.539376,806,450,p1-block-2-trial-7-target-6,570.0,450.0,37.5,False,Pointer Move (Standard mouse)
1786007940.546734,802,450,p1-block-2-trial-7-target-6,570.0,450.0,37.5,False,Pointer Move (Standard mouse)
1786007940.5555499,797,450,p1-block-2-trial-7-target-6,570.0,450.0,37.5,False,Pointer Move (Standard mouse)
1786007940.563201,786,450,p1-block-2-trial-7-target-6,570.0,450.0,37.5,False,Pointer Move (Standard mouse)
1786007940.571008,784,450,p1-block-2-trial-7-target-6,570.0,450.0,37.5,False,Pointer Move (Standard mouse)
1786007940.5791628,780,450,p1-block-2-trial-7-target-6,570.0,450.0,37.5,False,Pointer Move (Standard mouse)
1786007940.5879948,776,450,p1-block-2-trial-7-target-6,570.0,450.0,37.5,False,Pointer Move (Standard mouse)
1786007940.596493,771,450,p1-block-2-trial-7-target-6,570.0,450.0,37.5,False,Pointer Move (Standard mouse)
1786007940.60381,766,450,p1-block-2-trial-7-target-6,570.0,450.0,37.5,False,Pointer Move (Standard mouse)
1786007940.6123981,763,450,p1-block-2-trial-7-target-6,570.0,450.0,37.5,False,Pointer Move (Standard mouse)
1786007940.619617,758,450,p1-block-2-trial-7-target-6,570.0,450.0,37.5,False,Pointer Move (Standard mouse)
1786007940.627588,749,450,p1-block-2-trial-7-target-6,570.0,450.0,37.5,False,Pointer Move (Standard mouse)
1786007940.6361442,746,450,p1-block-2-trial-7-target-6,570.0,450.0,37.5,False,Pointer Move (Standard mouse)
1786007940.644128,741,450,p1-block-2-trial-7-target-6,570.0,450.0,37.5,False,Pointer Move (Standard mouse)
1786007940.652214,734,450,p1-block-2-trial-7-target-6,570.0,450.0,37.5,False,Pointer Move (Standard mouse)
1786007940.660316,728,450,p1-block-2-trial-7-target-6,570.0,450.0,37.5,False,Pointer Move (Standard mouse)
1786007940.668322,723,450,p1-block-2-trial-7-target-6,570.0,450.0,37.5,False,Pointer Move (Standard mouse)
1786007940.676241,716,450,p1-block-2-trial-7-target-6,570.0,450.0,37.5,False,Pointer Move (Standard mouse)
1786007940.684544,710,450,p1-block-2-trial-7-target-6,570.0,450.0,37.5,False,Pointer Move (Standard mouse)
1786007940.6926432,705,449,p1-block-2-trial-7-target-6,570.0,450.0,37.5,False,Pointer Move (Standard mouse)
1786007940.700646,698,448,p1-block-2-trial-7-target-6,570.0,450.0,37.5,False,Pointer Move (Standard mouse)
1786007940.7087228,694,447,p1-block-2-trial-7-target-6,570.0,450.0,37.5,False,Pointer Move (Standard mouse)
1786007940.7171588,689,446,p1-block-2-trial-7-target-6,570.0,450.0,37.5,False,Pointer Move (Standard mouse)
1786007940.7250729,686,446,p1-block-2-trial-7-target-6,570.0,450.0,37.5,False,Pointer Move (Standard mouse)
1786007940.733193,681,445,p1-block-2-trial-7-target-6,570.0,450.0,37.5,False,Pointer Move (Standard mouse)
1786007940.741617,676,444,p1-block-2-trial-7-target-6,570.0,450.0,37.5,False,Pointer Move (Standard mouse)
1786007940.749351,669,443,p1-block-2-trial-7-target-6,570.0,450.0,37.5,False,Pointer Move (Standard mouse)
1786007940.757558,661,441,p1-block-2-trial-7-target-6,570.0,450.0,37.5,False,Pointer Move (Standard mouse)
1786007940.765378,657,441,p1-block-2-trial-7-target-6,570.0,450.0,37.5,False,Pointer Move (Standard mouse)
1786007940.773498,653,441,p1-block-2-trial-7-target-6,570.0,450.0,37.5,False,Pointer Move (Standard mouse)
1786007940.781439,646,440,p1-block-2-trial-7-target-6,570.0,450.0,37.5,False,Pointer Move (Standard mouse)
1786007940.789685,641,440,p1-block-2-trial-7-target-6,570.0,450.0,37.5,False,Pointer Move (Standard mouse)
1786007940.7979798,636,440,p1-block-2-trial-7-target-6,570.0,450.0,37.5,False,Pointer Move (Standard mouse)
1786007940.805879,632,440,p1-block-2-trial-7-target-6,570.0,450.0,37.5,False,Pointer Move (Standard mouse)
1786007940.813992,628,440,p1-block-2-trial-7-target-6,570.0,450.0,37.5,False,Pointer Move (Standard mouse)
1786007940.822129,624,440,p1-block-2-trial-7-target-6,570.0,450.0,37.5,False,Pointer Move (Standard mouse)
1786007940.8301399,620,440,p1-block-2-trial-7-target-6,570.0,450.0,37.5,False,Pointer Move (Standard mouse)
1786007940.838367,617,440,p1-block-2-trial-7-target-6,570.0,450.0,37.5,False,Pointer Move (Standard mouse)
1786007940.846572,614,440,p1-block-2-trial-7-target-6,570.0,450.0,37.5,False,Pointer Move (Standard mouse)
1786007940.854697,610,440,p1-block-2-trial-7-target-6,570.0,450.0,37.5,False,Pointer Move (Standard mouse)
1786007940.8632069,606,440,p1-block-2-trial-7-target-6,570.0,450.0,37.5,False,Pointer Move (Standard mouse)
1786007940.871419,602,440,p1-block-2-trial-7-target-6,570.0,450.0,37.5,False,Pointer Move (Standard mouse)
1786007940.879492,599,440,p1-block-2-trial-7-target-6,570.0,450.0,37.5,False,Pointer Move (Standard mouse)
1786007940.8874629,597,440,p1-block-2-trial-7-target-6,570.0,450.0,37.5,False,Pointer Move (Standard mouse)
1786007940.895479,595,440,p1-block-2-trial-7-target-6,570.0,450.0,37.5,False,Pointer Move (Standard mouse)
1786007940.9035149,593,440,p1-block-2-trial-7-target-6,570.0,450.0,37.5,False,Pointer Move (Standard mouse)
1786007940.911036,592,440,p1-block-2-trial-7-target-6,570.0,450.0,37.5,False,Pointer Move (Standard mouse)
1786007940.9195771,592,440,p1-block-2-trial-7-target-6,570.0,450.0,37.5,False,Pointer Move (Standard mouse)
1786007940.927531,591,440,p1-block-2-trial-7-target-6,570.0,450.0,37.5,False,Pointer Move (Standard mouse)
1786007940.9352808,591,440,p1-block-2-trial-7-target-6,570.0,450.0,37.5,False,Pointer Move (Standard mouse)
1786007940.943136,591,440,p1-block-2-trial-7-target-6,570.0,450.0,37.5,False,Pointer Move (Standard mouse)
1786007940.967943,590,440,p1-block-2-trial-7-target-6,570.0,450.0,37.5,False,Pointer Move (Standard mouse)
1786007941.088481,590,440,p1-block-2-trial-7-target-6,570.0,450.0,37.5,target_selected,target_selected
1786007941.292869,591,440,p1-block-2-trial-8-target-2,870.0,450.0,37.5,False,Pointer Move (Standard mouse)
1786007941.300129,598,440,p1-block-2-trial-8-target-2,870.0,450.0,37.5,False,Pointer Move (Standard mouse)
1786007941.30761,605,440,p1-block-2-trial-8-target-2,870.0,450.0,37.5,False,Pointer Move (Standard mouse)
1786007941.3157618,613,440,p1-block-2-trial-8-target-2,870.0,450.0,37.5,False,Pointer Move (Standard mouse)
1786007941.324037,624,440,p1-block-2-trial-8-target-2,870.0,450.0,37.5,False,Pointer Move (Standard mouse)
1786007941.331876,641,440,p1-block-2-trial-8-target-2,870.0,450.0,37.5,False,Pointer Move (Standard mouse)
1786007941.3399239,653,440,p1-block-2-trial-8-target-2,870.0,450.0,37.5,False,Pointer Move (Standard mouse)
1786007941.348046,666,440,p1-block-2-trial-8-target-2,870.0,450.0,37.5,False,Pointer Move (Standard mouse)
1786007941.356065,670,440,p1-block-2-trial-8-target-2,870.0,450.0,37.5,False,Pointer Move (Standard mouse)
1786007941.364649,678,440,p1-block-2-trial-8-target-2,870.0,450.0,37.5,False,Pointer Move (Standard mouse)
1786007941.372331,685,440,p1-block-2-trial-8-target-2,870.0,450.0,37.5,False,Pointer Move (Standard mouse)
1786007941.380358,694,440,p1-block-2-trial-8-target-2,870.0,450.0,37.5,False,Pointer Move (Standard mouse)
1786007941.388341,708,440,p1-block-2-trial-8-target-2,870.0,450.0,37.5,False,Pointer Move (Standard mouse)
1786007941.396596,716,440,p1-block-2-trial-8-target-2,870.0,450.0,37.5,False,Pointer Move (Standard mouse)
1786007941.404978,718,440,p1-block-2-trial-8-target-2,870.0,450.0,37.5,False,Pointer Move (Standard mouse)
1786007941.41263,725,440,p1-block-2-trial-8-target-2,870.0,450.0,37.5,False,Pointer Move (Standard mouse)
1786007941.4208121,730,440,p1-block-2-trial-8-target-2,870.0,450.0,37.5,False,Pointer Move (Standard mouse)
1786007941.428767,736,440,p1-block-2-trial-8-target-2,870.0,450.0,37.5,False,Pointer Move (Standard mouse)
1786007941.436817,741,440,p1-block-2-trial-8-target-2,870.0,450.0,37.5,False,Pointer Move (Standard mouse)
1786007941.445308,746,440,p1-block-2-trial-8-target-2,870.0,450.0,37.5,False,Pointer Move (Standard mouse)
1786007941.453302,751,440,p1-block-2-trial-8-target-2,870.0,450.0,37.5,False,Pointer Move (Standard mouse)
1786007941.46165,756,440,p1-block-2-trial-8-target-2,870.0,450.0,37.5,False,Pointer Move (Standard mouse)
1786007941.469475,759,440,p1-block-2-trial-8-target-2,870.0,450.0,37.5,False,Pointer Move (Standard mouse)
1786007941.477472,764,441,p1-block-2-trial-8-target-2,870.0,450.0,37.5,False,Pointer Move (Standard mouse)
1786007941.485612,767,441,p1-block-2-trial-8-target-2,870.0,450.0,37.5,False,Pointer Move (Standard mouse)
1786007941.4937139,769,442,p1-block-2-trial-8-target-2,870.0,450.0,37.5,False,Pointer Move (Standard mouse)
1786007941.501763,772,443,p1-block-2-trial-8-target-2,870.0,450.0,37.5,False,Pointer Move (Standard mouse)
1786007941.509584,774,443,p1-block-2-trial-8-target-2,870.0,450.0,37.5,False,Pointer Move (Standard mouse)
1786007941.5176919,776,443,p1-block-2-trial-8-target-2,870.0,450.0,37.5,False,Pointer Move (Standard mouse)
1786007941.526171,779,444,p1-block-2-trial-8-target-2,870.0,450.0,37.5,False,Pointer Move (Standard mouse)
1786007941.5342028,781,445,p1-block-2-trial-8-target-2,870.0,450.0,37.5,False,Pointer Move (Standard mouse)
1786007941.542159,785,446,p1-block-2-trial-8-target-2,870.0,450.0,37.5,False,Pointer Move (Standard mouse)
1786007941.550318,788,446,p1-block-2-trial-8-target-2,870.0,450.0,37.5,False,Pointer Move (Standard mouse)
1786007941.558419,791,447,p1-block-2-trial-8-target-2,870.0,450.0,37.5,False,Pointer Move (Standard mouse)
1786007941.566601,794,448,p1-block-2-trial-8-target-2,870.0,450.0,37.5,False,Pointer Move (Standard mouse)
1786007941.5748491,796,449,p1-block-2-trial-8-target-2,870.0,450.0,37.5,False,Pointer Move (Standard mouse)
1786007941.582724,798,449,p1-block-2-trial-8-target-2,870.0,450.0,37.5,False,Pointer Move (Standard mouse)
1786007941.590849,800,450,p1-block-2-trial-8-target-2,870.0,450.0,37.5,False,Pointer Move (Standard mouse)
1786007941.599696,802,450,p1-block-2-trial-8-target-2,870.0,450.0,37.5,False,Pointer Move (Standard mouse)
1786007941.607883,804,451,p1-block-2-trial-8-target-2,870.0,450.0,37.5,False,Pointer Move (Standard mouse)
1786007941.6151118,806,451,p1-block-2-trial-8-target-2,870.0,450.0,37.5,False,Pointer Move (Standard mouse)
1786007941.622943,807,451,p1-block-2-trial-8-target-2,870.0,450.0,37.5,False,Pointer Move (Standard mouse)
1786007941.631103,808,451,p1-block-2-trial-8-target-2,870.0,450.0,37.5,False,Pointer Move (Standard mouse)
1786007941.6394072,810,452,p1-block-2-trial-8-target-2,870.0,450.0,37.5,False,Pointer Move (Standard mouse)
1786007941.647528,812,453,p1-block-2-trial-8-target-2,870.0,450.0,37.5,False,Pointer Move (Standard mouse)
1786007941.6555772,814,453,p1-block-2-trial-8-target-2,870.0,450.0,37.5,False,Pointer Move (Standard mouse)
1786007941.6634161,816,453,p1-block-2-trial-8-target-2,870.0,450.0,37.5,False,Pointer Move (Standard mouse)
1786007941.671474,818,454,p1-block-2-trial-8-target-2,870.0,450.0,37.5,False,Pointer Move (Standard mouse)
1786007941.680321,820,455,p1-block-2-trial-8-target-2,870.0,450.0,37.5,False,Pointer Move (Standard mouse)
1786007941.687959,822,455,p1-block-2-trial-8-target-2,870.0,450.0,37.5,False,Pointer Move (Standard mouse)
1786007941.6960058,824,455,p1-block-2-trial-8-target-2,870.0,450.0,37.5,False,Pointer Move (Standard mouse)
1786007941.703926,825,456,p1-block-2-trial-8-target-2,870.0,450.0,37.5,False,Pointer Move (Standard mouse)
1786007941.712082,827,456,p1-block-2-trial-8-target-2,870.0,450.0,37.5,False,Pointer Move (Standard mouse)
1786007941.720224,829,456,p1-block-2-trial-8-target-2,870.0,450.0,37.5,False,Pointer Move (Standard mouse)
1786007941.728311,830,457,p1-block-2-trial-8-target-2,870.0,450.0,37.5,False,Pointer Move (Standard mouse)
1786007941.736508,832,458,p1-block-2-trial-8-target-2,870.0,450.0,37.5,False,Pointer Move (Standard mouse)
1786007941.744535,834,458,p1-block-2-trial-8-target-2,870.0,450.0,37.5,False,Pointer Move (Standard mouse)
1786007941.7524,837,459,p1-block-2-trial-8-target-2,870.0,450.0,37.5,False,Pointer Move (Standard mouse)
1786007941.7607,839,460,p1-block-2-trial-8-target-2,870.0,450.0,37.5,False,Pointer Move (Standard mouse)
1786007941.7689679,842,461,p1-block-2-trial-8-target-2,870.0,450.0,37.5,False,Pointer Move (Standard mouse)
1786007941.777,846,461,p1-block-2-trial-8-target-2,870.0,450.0,37.5,False,Pointer Move (Standard mouse)
1786007941.784885,849,461,p1-block-2-trial-8-target-2,870.0,450.0,37.5,False,Pointer Move (Standard mouse)
1786007941.7929769,852,462,p1-block-2-trial-8-target-2,870.0,450.0,37.5,False,Pointer Move (Standard mouse)
1786007941.801124,855,462,p1-block-2-trial-8-target-2,870.0,450.0,37.5,False,Pointer Move (Standard mouse)
1786007941.809982,859,463,p1-block-2-trial-8-target-2,870.0,450.0,37.5,False,Pointer Move (Standard mouse)
1786007941.818017,862,463,p1-block-2-trial-8-target-2,870.0,450.0,37.5,False,Pointer Move (Standard mouse)
1786007941.825498,864,464,p1-block-2-trial-8-target-2,870.0,450.0,37.5,False,Pointer Move (Standard mouse)
1786007941.834226,866,464,p1-block-2-trial-8-target-2,870.0,450.0,37.5,False,Pointer Move (Standard mouse)
1786007941.841509,868,464,p1-block-2-trial-8-target-2,870.0,450.0,37.5,False,Pointer Move (Standard mouse)
1786007941.84968,869,464,p1-block-2-trial-8-target-2,870.0,450.0,37.5,False,Pointer Move (Standard mouse)
1786007941.8580139,870,464,p1-block-2-trial-8-target-2,870.0,450.0,37.5,False,Pointer Move (Standard mouse)
1786007941.865952,871,464,p1-block-2-trial-8-target-2,870.0,450.0,37.5,False,Pointer Move (Standard mouse)
1786007941.873832,871,464,p1-block-2-trial-8-target-2,870.0,450.0,37.5,False,Pointer Move (Standard mouse)
1786007941.881757,872,464,p1-block-2-trial-8-target-2,870.0,450.0,37.5,False,Pointer Move (Standard mouse)
1786007941.889985,873,464,p1-block-2-trial-8-target-2,870.0,450.0,37.5,False,Pointer Move (Standard mouse)
1786007941.898446,873,464,p1-block-2-trial-8-target-2,870.0,450.0,37.5,False,Pointer Move (Standard mouse)
1786007941.920425,873,464,p1-block-2-trial-8-target-2,870.0,450.0,37.5,target_selected,target_selected
1786007942.231297,873,464,p1-block-2-trial-9-target-6,570.0,450.0,37.5,False,Pointer Move (Standard mouse)
1786007942.238451,866,464,p1-block-2-trial-9-target-6,570.0,450.0,37.5,False,Pointer Move (Standard mouse)
1786007942.24647,857,464,p1-block-2-trial-9-target-6,570.0,450.0,37.5,False,Pointer Move (Standard mouse)
1786007942.254425,851,464,p1-block-2-trial-9-target-6,570.0,450.0,37.5,False,Pointer Move (Standard mouse)
1786007942.26257,842,464,p1-block-2-trial-9-target-6,570.0,450.0,37.5,False,Pointer Move (Standard mouse)
1786007942.270515,835,464,p1-block-2-trial-9-target-6,570.0,450.0,37.5,False,Pointer Move (Standard mouse)
1786007942.278406,821,464,p1-block-2-trial-9-target-6,570.0,450.0,37.5,False,Pointer Move (Standard mouse)
1786007942.2864761,807,462,p1-block-2-trial-9-target-6,570.0,450.0,37.5,False,Pointer Move (Standard mouse)
1786007942.29476,794,462,p1-block-2-trial-9-target-6,570.0,450.0,37.5,False,Pointer Move (Standard mouse)
1786007942.30284,780,461,p1-block-2-trial-9-target-6,570.0,450.0,37.5,False,Pointer Move (Standard mouse)
1786007942.3107479,773,461,p1-block-2-trial-9-target-6,570.0,450.0,37.5,False,Pointer Move (Standard mouse)
1786007942.319595,762,458,p1-block-2-trial-9-target-6,570.0,450.0,37.5,False,Pointer Move (Standard mouse)
1786007942.3268101,745,456,p1-block-2-trial-9-target-6,570.0,450.0,37.5,False,Pointer Move (Standard mouse)
1786007942.3350642,734,453,p1-block-2-trial-9-target-6,570.0,450.0,37.5,False,Pointer Move (Standard mouse)
1786007942.3434591,723,450,p1-block-2-trial-9-target-6,570.0,450.0,37.5,False,Pointer Move (Standard mouse)
1786007942.351615,714,448,p1-block-2-trial-9-target-6,570.0,450.0,37.5,False,Pointer Move (Standard mouse)
1786007942.3593118,705,444,p1-block-2-trial-9-target-6,570.0,450.0,37.5,False,Pointer Move (Standard mouse)
1786007942.367865,700,443,p1-block-2-trial-9-target-6,570.0,450.0,37.5,False,Pointer Move (Standard mouse)
1786007942.37566,692,441,p1-block-2-trial-9-target-6,570.0,450.0,37.5,False,Pointer Move (Standard mouse)
1786007942.383956,683,438,p1-block-2-trial-9-target-6,570.0,450.0,37.5,False,Pointer Move (Standard mouse)
1786007942.391702,676,435,p1-block-2-trial-9-target-6,570.0,450.0,37.5,False,Pointer Move (Standard mouse)
1786007942.399671,670,433,p1-block-2-trial-9-target-6,570.0,450.0,37.5,False,Pointer Move (Standard mouse)
1786007942.40785,665,432,p1-block-2-trial-9-target-6,570.0,450.0,37.5,False,Pointer Move (Standard mouse)
1786007942.416158,660,430,p1-block-2-trial-9-target-6,570.0,450.0,37.5,False,Pointer Move (Standard mouse)
1786007942.4242618,655,429,p1-block-2-trial-9-target-6,570.0,450.0,37.5,False,Pointer Move (Standard mouse)
1786007942.432356,652,427,p1-block-2-trial-9-target-6,570.0,450.0,37.5,False,Pointer Move (Standard mouse)
1786007942.440877,647,426,p1-block-2-trial-9-target-6,570.0,450.0,37.5,False,Pointer Move (Standard mouse)
1786007942.448469,642,425,p1-block-2-trial-9-target-6,570.0,450.0,37.5,False,Pointer Move (Standard mouse)
1786007942.457293,638,424,p1-block-2-trial-9-target-6,570.0,450.0,37.5,False,Pointer Move (Standard mouse)
1786007942.464874,629,422,p1-block-2-trial-9-target-6,570.0,450.0,37.5,False,Pointer Move (Standard mouse)
1786007942.472851,627,421,p1-block-2-trial-9-target-6,570.0,450.0,37.5,False,Pointer Move (Standard mouse)
1786007942.480819,620,420,p1-block-2-trial-9-target-6,570.0,450.0,37.5,False,Pointer Move (Standard mouse)
1786007942.4894102,615,419,p1-block-2-trial-9-target-6,570.0,450.0,37.5,False,Pointer Move (Standard mouse)
1786007942.4968278,611,418,p1-block-2-trial-9-target-6,570.0,450.0,37.5,False,Pointer Move (Standard mouse)
1786007942.5053089,606,417,p1-block-2-trial-9-target-6,570.0,450.0,37.5,False,Pointer Move (Standard mouse)
1786007942.5131578,604,417,p1-block-2-trial-9-target-6,570.0,450.0,37.5,False,Pointer Move (Standard mouse)
1786007942.520962,602,416,p1-block-2-trial-9-target-6,570.0,450.0,37.5,False,Pointer Move (Standard mouse)
1786007942.529124,600,416,p1-block-2-trial-9-target-6,570.0,450.0,37.5,False,Pointer Move (Standard mouse)
1786007942.537388,599,416,p1-block-2-trial-9-target-6,570.0,450.0,37.5,False,Pointer Move (Standard mouse)
1786007942.5454662,598,416,p1-block-2-trial-9-target-6,570.0,450.0,37.5,False,Pointer Move (Standard mouse)
1786007942.553578,598,416,p1-block-2-trial-9-target-6,570.0,450.0,37.5,False,Pointer Move (Standard mouse)
1786007942.561441,597,416,p1-block-2-trial-9-target-6,570.0,450.0,37.5,False,Pointer Move (Standard mouse)
1786007942.569896,597,416,p1-block-2-trial-9-target-6,570.0,450.0,37.5,False,Pointer Move (Standard mouse)
1786007942.578204,595,416,p1-block-2-trial-9-target-6,570.0,450.0,37.5,False,Pointer Move (Standard mouse)
1786007942.586205,594,416,p1-block-2-trial-9-target-6,570.0,450.0,37.5,False,Pointer Move (Standard mouse)
1786007942.594261,593,416,p1-block-2-trial-9-target-6,570.0,450.0,37.5,False,Pointer Move (Standard mouse)
1786007942.6029692,592,416,p1-block-2-trial-9-target-6,570.0,450.0,37.5,False,Pointer Move (Standard mouse)
1786007942.61072,591,416,p1-block-2-trial-9-target-6,570.0,450.0,37.5,False,Pointer Move (Standard mouse)
1786007942.618416,590,416,p1-block-2-trial-9-target-6,570.0,450.0,37.5,False,Pointer Move (Standard mouse)
1786007942.626441,589,416,p1-block-2-trial-9-target-6,570.0,450.0,37.5,False,Pointer Move (Standard mouse)
1786007942.63501,588,416,p1-block-2-trial-9-target-6,570.0,450.0,37.5,False,Pointer Move (Standard mouse)
1786007942.6425018,587,417,p1-block-2-trial-9-target-6,570.0,450.0,37.5,False,Pointer Move (Standard mouse)
1786007942.650568,586,417,p1-block-2-trial-9-target-6,570.0,450.0,37.5,False,Pointer Move (Standard mouse)
1786007942.659034,585,418,p1-block-2-trial-9-target-6,570.0,450.0,37.5,False,Pointer Move (Standard mouse)
1786007942.666956,585,419,p1-block-2-trial-9-target-6,570.0,450.0,37.5,False,Pointer Move (Standard mouse)
1786007942.675155,584,420,p1-block-2-trial-9-target-6,570.0,450.0,37.5,False,Pointer Move (Standard mouse)
1786007942.683174,583,420,p1-block-2-trial-9-target-6,570.0,450.0,37.5,False,Pointer Move (Standard mouse)
1786007942.691434,582,421,p1-block-2-trial-9-target-6,570.0,450.0,37.5,False,Pointer Move (Standard mouse)
1786007942.6992278,582,421,p1-block-2-trial-9-target-6,570.0,450.0,37.5,False,Pointer Move (Standard mouse)
1786007942.707392,581,422,p1-block-2-trial-9-target-6,570.0,450.0,37.5,False,Pointer Move (Standard mouse)
1786007942.7157109,581,423,p1-block-2-trial-9-target-6,570.0,450.0,37.5,False,Pointer Move (Standard mouse)
1786007942.723636,581,423,p1-block-2-trial-9-target-6,570.0,450.0,37.5,False,Pointer Move (Standard mouse)
1786007942.731893,581,424,p1-block-2-trial-9-target-6,570.0,450.0,37.5,False,Pointer Move (Standard mouse)
1786007942.739834,580,424,p1-block-2-trial-9-target-6,570.0,450.0,37.5,False,Pointer Move (Standard mouse)
1786007942.747929,580,424,p1-block-2-trial-9-target-6,570.0,450.0,37.5,False,Pointer Move (Standard mouse)
1786007942.756036,580,425,p1-block-2-trial-9-target-6,570.0,450.0,37.5,False,Pointer Move (Standard mouse)
1786007942.764375,580,425,p1-block-2-trial-9-target-6,570.0,450.0,37.5,False,Pointer Move (Standard mouse)
1786007942.7725189,580,425,p1-block-2-trial-9-target-6,570.0,450.0,37.5,False,Pointer Move (Standard mouse)
1786007942.78044,580,426,p1-block-2-trial-9-target-6,570.0,450.0,37.5,False,Pointer Move (Standard mouse)
1786007942.788527,579,426,p1-block-2-trial-9-target-6,570.0,450.0,37.5,False,Pointer Move (Standard mouse)
1786007942.79649,579,427,p1-block-2-trial-9-target-6,570.0,450.0,37.5,False,Pointer Move (Standard mouse)
1786007942.8048398,579,427,p1-block-2-trial-9-target-6,570.0,450.0,37.5,False,Pointer Move (Standard mouse)
1786007942.8126059,579,427,p1-block-2-trial-9-target-6,570.0,450.0,37.5,False,Pointer Move (Standard mouse)
1786007942.8207328,578,428,p1-block-2-trial-9-target-6,570.0,450.0,37.5,False,Pointer Move (Standard mouse)
1786007942.828822,578,429,p1-block-2-trial-9-target-6,570.0,450.0,37.5,False,Pointer Move (Standard mouse)
1786007942.836978,577,429,p1-block-2-trial-9-target-6,570.0,450.0,37.5,False,Pointer Move (Standard mouse)
1786007942.8448682,577,430,p1-block-2-trial-9-target-6,570.0,450.0,37.5,False,Pointer Move (Standard mouse)
1786007942.8531232,577,430,p1-block-2-trial-9-target-6,570.0,450.0,37.5,False,Pointer Move (Standard mouse)
1786007942.8609889,576,430,p1-block-2-trial-9-target-6,570.0,450.0,37.5,False,Pointer Move (Standard mouse)
1786007942.8694122,576,431,p1-block-2-trial-9-target-6,570.0,450.0,37.5,False,Pointer Move (Standard mouse)
1786007942.877567,575,432,p1-block-2-trial-9-target-6,570.0,450.0,37.5,False,Pointer Move (Standard mouse)
1786007942.903887,575,432,p1-block-2-trial-9-target-6,570.0,450.0,37.5,target_selected,target_selected
1786007942.921629,575,432,p1-block-2-trial-10-target-2,870.0,450.0,37.5,False,Pointer Move (Standard mouse)
1786007943.202632,576,432,p1-block-2-trial-10-target-2,870.0,450.0,37.5,False,Pointer Move (Standard mouse)
1786007943.210119,579,432,p1-block-2-trial-10-target-2,870.0,450.0,37.5,False,Pointer Move (Standard mouse)
1786007943.2180212,584,432,p1-block-2-trial-10-target-2,870.0,450.0,37.5,False,Pointer Move (Standard mouse)
1786007943.2253902,590,432,p1-block-2-trial-10-target-2,870.0,450.0,37.5,False,Pointer Move (Standard mouse)
1786007943.2335858,599,432,p1-block-2-trial-10-target-2,870.0,450.0,37.5,False,Pointer Move (Standard mouse)
1786007943.241442,613,432,p1-block-2-trial-10-target-2,870.0,450.0,37.5,False,Pointer Move (Standard mouse)
1786007943.249099,624,432,p1-block-2-trial-10-target-2,870.0,450.0,37.5,False,Pointer Move (Standard mouse)
1786007943.25754,641,432,p1-block-2-trial-10-target-2,870.0,450.0,37.5,False,Pointer Move (Standard mouse)
1786007943.2652612,646,432,p1-block-2-trial-10-target-2,870.0,450.0,37.5,False,Pointer Move (Standard mouse)
1786007943.273908,657,432,p1-block-2-trial-10-target-2,870.0,450.0,37.5,False,Pointer Move (Standard mouse)
1786007943.2817972,666,432,p1-block-2-trial-10-target-2,870.0,450.0,37.5,False,Pointer Move (Standard mouse)
1786007943.2900832,677,432,p1-block-2-trial-10-target-2,870.0,450.0,37.5,False,Pointer Move (Standard mouse)
1786007943.298384,685,432,p1-block-2-trial-10-target-2,870.0,450.0,37.5,False,Pointer Move (Standard mouse)
1786007943.30621,690,433,p1-block-2-trial-10-target-2,870.0,450.0,37.5,False,Pointer Move (Standard mouse)
1786007943.3142889,699,434,p1-block-2-trial-10-target-2,870.0,450.0,37.5,False,Pointer Move (Standard mouse)
1786007943.322137,706,435,p1-block-2-trial-10-target-2,870.0,450.0,37.5,False,Pointer Move (Standard mouse)
1786007943.330563,712,437,p1-block-2-trial-10-target-2,870.0,450.0,37.5,False,Pointer Move (Standard mouse)
1786007943.3383281,717,439,p1-block-2-trial-10-target-2,870.0,450.0,37.5,False,Pointer Move (Standard mouse)
1786007943.346632,722,440,p1-block-2-trial-10-target-2,870.0,450.0,37.5,False,Pointer Move (Standard mouse)
1786007943.354534,725,441,p1-block-2-trial-10-target-2,870.0,450.0,37.5,False,Pointer Move (Standard mouse)
1786007943.362457,727,442,p1-block-2-trial-10-target-2,870.0,450.0,37.5,False,Pointer Move (Standard mouse)
1786007943.370649,729,442,p1-block-2-trial-10-target-2,870.0,450.0,37.5,False,Pointer Move (Standard mouse)
1786007943.378745,731,443,p1-block-2-trial-10-target-2,870.0,450.0,37.5,False,Pointer Move (Standard mouse)
1786007943.387037,732,444,p1-block-2-trial-10-target-2,870.0,450.0,37.5,False,Pointer Move (Standard mouse)
1786007943.395189,734,444,p1-block-2-trial-10-target-2,870.0,450.0,37.5,False,Pointer Move (Standard mouse)
1786007943.403476,735,445,p1-block-2-trial-10-target-2,870.0,450.0,37.5,False,Pointer Move (Standard mouse)
1786007943.411252,736,445,p1-block-2-trial-10-target-2,870.0,450.0,37.5,False,Pointer Move (Standard mouse)
1786007943.4195578,737,446,p1-block-2-trial-10-target-2,870.0,450.0,37.5,False,Pointer Move (Standard mouse)
1786007943.4274728,739,446,p1-block-2-trial-10-target-2,870.0,450.0,37.5,False,Pointer Move (Standard mouse)
1786007943.43565,743,447,p1-block-2-trial-10-target-2,870.0,450.0,37.5,False,Pointer Move (Standard mouse)
1786007943.443578,746,447,p1-block-2-trial-10-target-2,870.0,450.0,37.5,False,Pointer Move (Standard mouse)
1786007943.4518578,749,448,p1-block-2-trial-10-target-2,870.0,450.0,37.5,False,Pointer Move (Standard mouse)
1786007943.4597151,754,449,p1-block-2-trial-10-target-2,870.0,450.0,37.5,False,Pointer Move (Standard mouse)
1786007943.4679492,765,451,p1-block-2-trial-10-target-2,870.0,450.0,37.5,False,Pointer Move (Standard mouse)
1786007943.476223,772,452,p1-block-2-trial-10-target-2,870.0,450.0,37.5,False,Pointer Move (Standard mouse)
1786007943.4841988,780,454,p1-block-2-trial-10-target-2,870.0,450.0,37.5,False,Pointer Move (Standard mouse)
1786007943.4921548,789,455,p1-block-2-trial-10-target-2,870.0,450.0,37.5,False,Pointer Move (Standard mouse)
1786007943.500107,800,457,p1-block-2-trial-10-target-2,870.0,450.0,37.5,False,Pointer Move (Standard mouse)
1786007943.5083761,811,458,p1-block-2-trial-10-target-2,870.0,450.0,37.5,False,Pointer Move (Standard mouse)
1786007943.516856,823,460,p1-block-2-trial-10-target-2,870.0,450.0,37.5,False,Pointer Move (Standard mouse)
1786007943.524881,827,461,p1-block-2-trial-10-target-2,870.0,450.0,37.5,False,Pointer Move (Standard mouse)
1786007943.533221,839,462,p1-block-2-trial-10-target-2,870.0,450.0,37.5,False,Pointer Move (Standard mouse)
1786007943.54086,850,465,p1-block-2-trial-10-target-2,870.0,450.0,37.5,False,Pointer Move (Standard mouse)
1786007943.548907,858,466,p1-block-2-trial-10-target-2,870.0,450.0,37.5,False,Pointer Move (Standard mouse)
1786007943.55739,867,467,p1-block-2-trial-10-target-2,870.0,450.0,37.5,False,Pointer Move (Standard mouse)
1786007943.5655308,874,468,p1-block-2-trial-10-target-2,870.0,450.0,37.5,False,Pointer Move (Standard mouse)
1786007943.573239,880,470,p1-block-2-trial-10-target-2,870.0,450.0,37.5,False,Pointer Move (Standard mouse)
1786007943.581182,885,470,p1-block-2-trial-10-target-2,870.0,450.0,37.5,False,Pointer Move (Standard mouse)
1786007943.589528,890,471,p1-block-2-trial-10-target-2,870.0,450.0,37.5,False,Pointer Move (Standard mouse)
1786007943.5976262,893,471,p1-block-2-trial-10-target-2,870.0,450.0,37.5,False,Pointer Move (Standard mouse)
1786007943.6060858,895,471,p1-block-2-trial-10-target-2,870.0,450.0,37.5,False,Pointer Move (Standard mouse)
1786007943.613547,897,471,p1-block-2-trial-10-target-2,870.0,450.0,37.5,False,Pointer Move (Standard mouse)
1786007943.6225421,898,471,p1-block-2-trial-10-target-2,870.0,450.0,37.5,False,Pointer Move (Standard mouse)
1786007943.6295328,899,472,p1-block-2-trial-10-target-2,870.0,450.0,37.5,False,Pointer Move (Standard mouse)
1786007943.637909,899,472,p1-block-2-trial-10-target-2,870.0,450.0,37.5,False,Pointer Move (Standard mouse)
1786007943.645947,900,472,p1-block-2-trial-10-target-2,870.0,450.0,37.5,False,Pointer Move (Standard mouse)
1786007943.654071,900,472,p1-block-2-trial-10-target-2,870.0,450.0,37.5,False,Pointer Move (Standard mouse)
1786007943.728174,900,472,p1-block-2-trial-10-target-2,870.0,450.0,37.5,False,Pointer Move (Standard mouse)
1786007943.735848,899,472,p1-block-2-trial-10-target-2,870.0,450.0,37.5,False,Pointer Move (Standard mouse)
1786007943.743516,898,472,p1-block-2-trial-10-target-2,870.0,450.0,37.5,False,Pointer Move (Standard mouse)
1786007943.7511392,897,472,p1-block-2-trial-10-target-2,870.0,450.0,37.5,False,Pointer Move (Standard mouse)
1786007943.759317,896,472,p1-block-2-trial-10-target-2,870.0,450.0,37.5,False,Pointer Move (Standard mouse)
1786007943.7673972,895,472,p1-block-2-trial-10-target-2,870.0,450.0,37.5,False,Pointer Move (Standard mouse)
1786007943.775655,894,471,p1-block-2-trial-10-target-2,870.0,450.0,37.5,False,Pointer Move (Standard mouse)
1786007943.78356,893,471,p1-block-2-trial-10-target-2,870.0,450.0,37.5,False,Pointer Move (Standard mouse)
1786007943.79172,892,471,p1-block-2-trial-10-target-2,870.0,450.0,37.5,False,Pointer Move (Standard mouse)
1786007943.8004491,891,470,p1-block-2-trial-10-target-2,870.0,450.0,37.5,False,Pointer Move (Standard mouse)
1786007943.807999,890,470,p1-block-2-trial-10-target-2,870.0,450.0,37.5,False,Pointer Move (Standard mouse)
1786007943.81644,888,469,p1-block-2-trial-10-target-2,870.0,450.0,37.5,False,Pointer Move (Standard mouse)
1786007943.824116,887,469,p1-block-2-trial-10-target-2,870.0,450.0,37.5,False,Pointer Move (Standard mouse)
1786007943.832203,883,467,p1-block-2-trial-10-target-2,870.0,450.0,37.5,False,Pointer Move (Standard mouse)
1786007943.840371,881,466,p1-block-2-trial-10-target-2,870.0,450.0,37.5,False,Pointer Move (Standard mouse)
1786007943.848406,879,465,p1-block-2-trial-10-target-2,870.0,450.0,37.5,False,Pointer Move (Standard mouse)
1786007943.8562582,877,464,p1-block-2-trial-10-target-2,870.0,450.0,37.5,False,Pointer Move (Standard mouse)
1786007943.864506,875,462,p1-block-2-trial-10-target-2,870.0,450.0,37.5,False,Pointer Move (Standard mouse)
1786007943.872852,873,462,p1-block-2-trial-10-target-2,870.0,450.0,37.5,False,Pointer Move (Standard mouse)
1786007943.880934,872,460,p1-block-2-trial-10-target-2,870.0,450.0,37.5,False,Pointer Move (Standard mouse)
1786007943.8886762,871,460,p1-block-2-trial-10-target-2,870.0,450.0,37.5,False,Pointer Move (Standard mouse)
1786007943.896456,871,460,p1-block-2-trial-10-target-2,870.0,450.0,37.5,False,Pointer Move (Standard mouse)
1786007943.904651,870,459,p1-block-2-trial-10-target-2,870.0,450.0,37.5,False,Pointer Move (Standard mouse)
1786007943.912828,869,459,p1-block-2-trial-10-target-2,870.0,450.0,37.5,False,Pointer Move (Standard mouse)
1786007943.9212868,869,458,p1-block-2-trial-10-target-2,870.0,450.0,37.5,False,Pointer Move (Standard mouse)
1786007943.929656,869,458,p1-block-2-trial-10-target-2,870.0,450.0,37.5,False,Pointer Move (Standard mouse)
1786007943.93738,869,457,p1-block-2-trial-10-target-2,870.0,450.0,37.5,False,Pointer Move (Standard mouse)
1786007943.945385,869,457,p1-block-2-trial-10-target-2,870.0,450.0,37.5,False,Pointer Move (Standard mouse)
1786007943.953612,869,457,p1-block-2-trial-10-target-2,870.0,450.0,37.5,False,Pointer Move (Standard mouse)
1786007943.961848,869,457,p1-block-2-trial-10-target-2,870.0,450.0,37.5,False,Pointer Move (Standard mouse)
1786007943.9873521,869,457,p1-block-2-trial-10-target-2,870.0,450.0,37.5,target_selected,target_selected
1786007944.1886988,868,457,p1-block-2-trial-11-target-6,570.0,450.0,37.5,False,Pointer Move (Standard mouse)
1786007944.1962628,863,457,p1-block-2-trial-11-target-6,570.0,450.0,37.5,False,Pointer Move (Standard mouse)
1786007944.204743,857,457,p1-block-2-trial-11-target-6,570.0,450.0,37.5,False,Pointer Move (Standard mouse)
1786007944.21259,848,457,p1-block-2-trial-11-target-6,570.0,450.0,37.5,False,Pointer Move (Standard mouse)
1786007944.220887,834,457,p1-block-2-trial-11-target-6,570.0,450.0,37.5,False,Pointer Move (Standard mouse)
1786007944.2293189,820,457,p1-block-2-trial-11-target-6,570.0,450.0,37.5,False,Pointer Move (Standard mouse)
1786007944.2374651,800,457,p1-block-2-trial-11-target-6,570.0,450.0,37.5,False,Pointer Move (Standard mouse)
1786007944.244731,786,457,p1-block-2-trial-11-target-6,570.0,450.0,37.5,False,Pointer Move (Standard mouse)
1786007944.2528121,769,457,p1-block-2-trial-11-target-6,570.0,450.0,37.5,False,Pointer Move (Standard mouse)
1786007944.2609081,758,457,p1-block-2-trial-11-target-6,570.0,450.0,37.5,False,Pointer Move (Standard mouse)
1786007944.2697449,753,457,p1-block-2-trial-11-target-6,570.0,450.0,37.5,False,Pointer Move (Standard mouse)
1786007944.2776399,733,457,p1-block-2-trial-11-target-6,570.0,450.0,37.5,False,Pointer Move (Standard mouse)
1786007944.285426,722,457,p1-block-2-trial-11-target-6,570.0,450.0,37.5,False,Pointer Move (Standard mouse)
1786007944.2934122,713,455,p1-block-2-trial-11-target-6,570.0,450.0,37.5,False,Pointer Move (Standard mouse)
1786007944.3013241,699,454,p1-block-2-trial-11-target-6,570.0,450.0,37.5,False,Pointer Move (Standard mouse)
1786007944.30966,688,453,p1-block-2-trial-11-target-6,570.0,450.0,37.5,False,Pointer Move (Standard mouse)
1786007944.3177578,677,453,p1-block-2-trial-11-target-6,570.0,450.0,37.5,False,Pointer Move (Standard mouse)
1786007944.32655,672,452,p1-block-2-trial-11-target-6,570.0,450.0,37.5,False,Pointer Move (Standard mouse)
1786007944.334624,661,452,p1-block-2-trial-11-target-6,570.0,450.0,37.5,False,Pointer Move (Standard mouse)
1786007944.342747,654,452,p1-block-2-trial-11-target-6,570.0,450.0,37.5,False,Pointer Move (Standard mouse)
1786007944.350368,645,450,p1-block-2-trial-11-target-6,570.0,450.0,37.5,False,Pointer Move (Standard mouse)
1786007944.3588622,642,450,p1-block-2-trial-11-target-6,570.0,450.0,37.5,False,Pointer Move (Standard mouse)
1786007944.366944,637,450,p1-block-2-trial-11-target-6,570.0,450.0,37.5,False,Pointer Move (Standard mouse)
1786007944.374996,634,450,p1-block-2-trial-11-target-6,570.0,450.0,37.5,False,Pointer Move (Standard mouse)
1786007944.3827899,632,450,p1-block-2-trial-11-target-6,570.0,450.0,37.5,False,Pointer Move (Standard mouse)
1786007944.391192,631,450,p1-block-2-trial-11-target-6,570.0,450.0,37.5,False,Pointer Move (Standard mouse)
1786007944.398998,630,450,p1-block-2-trial-11-target-6,570.0,450.0,37.5,False,Pointer Move (Standard mouse)
1786007944.4075022,628,450,p1-block-2-trial-11-target-6,570.0,450.0,37.5,False,Pointer Move (Standard mouse)
1786007944.4150279,626,450,p1-block-2-trial-11-target-6,570.0,450.0,37.5,False,Pointer Move (Standard mouse)
1786007944.422621,621,450,p1-block-2-trial-11-target-6,570.0,450.0,37.5,False,Pointer Move (Standard mouse)
1786007944.430974,619,450,p1-block-2-trial-11-target-6,570.0,450.0,37.5,False,Pointer Move (Standard mouse)
1786007944.439424,616,450,p1-block-2-trial-11-target-6,570.0,450.0,37.5,False,Pointer Move (Standard mouse)
1786007944.4477172,613,450,p1-block-2-trial-11-target-6,570.0,450.0,37.5,False,Pointer Move (Standard mouse)
1786007944.45486,609,451,p1-block-2-trial-11-target-6,570.0,450.0,37.5,False,Pointer Move (Standard mouse)
1786007944.46259,607,452,p1-block-2-trial-11-target-6,570.0,450.0,37.5,False,Pointer Move (Standard mouse)
1786007944.47119,605,452,p1-block-2-trial-11-target-6,570.0,450.0,37.5,False,Pointer Move (Standard mouse)
1786007944.478925,604,453,p1-block-2-trial-11-target-6,570.0,450.0,37.5,False,Pointer Move (Standard mouse)
1786007944.487495,603,454,p1-block-2-trial-11-target-6,570.0,450.0,37.5,False,Pointer Move (Standard mouse)
1786007944.4952252,602,454,p1-block-2-trial-11-target-6,570.0,450.0,37.5,False,Pointer Move (Standard mouse)
1786007944.5113752,602,454,p1-block-2-trial-11-target-6,570.0,450.0,37.5,False,Pointer Move (Standard mouse)
1786007944.560983,601,454,p1-block-2-trial-11-target-6,570.0,450.0,37.5,False,Pointer Move (Standard mouse)
1786007944.601623,601,454,p1-block-2-trial-11-target-6,570.0,450.0,37.5,False,Pointer Move (Standard mouse)
1786007944.626399,601,454,p1-block-2-trial-11-target-6,570.0,450.0,37.5,False,Pointer Move (Standard mouse)
1786007944.6339378,601,454,p1-block-2-trial-11-target-6,570.0,450.0,37.5,False,Pointer Move (Standard mouse)
1786007944.6418781,600,454,p1-block-2-trial-11-target-6,570.0,450.0,37.5,False,Pointer Move (Standard mouse)
1786007944.65024,598,454,p1-block-2-trial-11-target-6,570.0,450.0,37.5,False,Pointer Move (Standard mouse)
1786007944.658208,597,454,p1-block-2-trial-11-target-6,570.0,450.0,37.5,False,Pointer Move (Standard mouse)
1786007944.666507,596,454,p1-block-2-trial-11-target-6,570.0,450.0,37.5,False,Pointer Move (Standard mouse)
1786007944.6744802,594,454,p1-block-2-trial-11-target-6,570.0,450.0,37.5,False,Pointer Move (Standard mouse)
1786007944.682522,593,454,p1-block-2-trial-11-target-6,570.0,450.0,37.5,False,Pointer Move (Standard mouse)
1786007944.69058,592,454,p1-block-2-trial-11-target-6,570.0,450.0,37.5,False,Pointer Move (Standard mouse)
1786007944.698688,591,454,p1-block-2-trial-11-target-6,570.0,450.0,37.5,False,Pointer Move (Standard mouse)
1786007944.705955,590,453,p1-block-2-trial-11-target-6,570.0,450.0,37.5,False,Pointer Move (Standard mouse)
1786007944.71412,589,453,p1-block-2-trial-11-target-6,570.0,450.0,37.5,False,Pointer Move (Standard mouse)
1786007944.722222,588,453,p1-block-2-trial-11-target-6,570.0,450.0,37.5,False,Pointer Move (Standard mouse)
1786007944.7309482,587,453,p1-block-2-trial-11-target-6,570.0,450.0,37.5,False,Pointer Move (Standard mouse)
1786007944.738082,587,453,p1-block-2-trial-11-target-6,570.0,450.0,37.5,False,Pointer Move (Standard mouse)
1786007944.746271,586,453,p1-block-2-trial-11-target-6,570.0,450.0,37.5,False,Pointer Move (Standard mouse)
1786007944.7543921,586,453,p1-block-2-trial-11-target-6,570.0,450.0,37.5,False,Pointer Move (Standard mouse)
1786007944.7622359,585,453,p1-block-2-trial-11-target-6,570.0,450.0,37.5,False,Pointer Move (Standard mouse)
1786007944.770653,585,453,p1-block-2-trial-11-target-6,570.0,450.0,37.5,False,Pointer Move (Standard mouse)
1786007944.77878,584,453,p1-block-2-trial-11-target-6,570.0,450.0,37.5,False,Pointer Move (Standard mouse)
1786007944.795176,584,453,p1-block-2-trial-11-target-6,570.0,450.0,37.5,False,Pointer Move (Standard mouse)
1786007944.821045,584,453,p1-block-2-trial-11-target-6,570.0,450.0,37.5,target_selected,target_selected
1786007945.048005,588,453,p1-block-2-trial-12-target-2,870.0,450.0,37.5,False,Pointer Move (Standard mouse)
1786007945.055079,602,453,p1-block-2-trial-12-target-2,870.0,450.0,37.5,False,Pointer Move (Standard mouse)
1786007945.0628,613,453,p1-block-2-trial-12-target-2,870.0,450.0,37.5,False,Pointer Move (Standard mouse)
1786007945.070393,624,453,p1-block-2-trial-12-target-2,870.0,450.0,37.5,False,Pointer Move (Standard mouse)
1786007945.078329,666,453,p1-block-2-trial-12-target-2,870.0,450.0,37.5,False,Pointer Move (Standard mouse)
1786007945.086368,677,453,p1-block-2-trial-12-target-2,870.0,450.0,37.5,False,Pointer Move (Standard mouse)
1786007945.0946612,704,453,p1-block-2-trial-12-target-2,870.0,450.0,37.5,False,Pointer Move (Standard mouse)
1786007945.102713,709,453,p1-block-2-trial-12-target-2,870.0,450.0,37.5,False,Pointer Move (Standard mouse)
1786007945.110642,726,453,p1-block-2-trial-12-target-2,870.0,450.0,37.5,False,Pointer Move (Standard mouse)
1786007945.1189198,737,453,p1-block-2-trial-12-target-2,870.0,450.0,37.5,False,Pointer Move (Standard mouse)
1786007945.126587,746,453,p1-block-2-trial-12-target-2,870.0,450.0,37.5,False,Pointer Move (Standard mouse)
1786007945.1349351,751,453,p1-block-2-trial-12-target-2,870.0,450.0,37.5,False,Pointer Move (Standard mouse)
1786007945.143091,756,453,p1-block-2-trial-12-target-2,870.0,450.0,37.5,False,Pointer Move (Standard mouse)
1786007945.151139,759,453,p1-block-2-trial-12-target-2,870.0,450.0,37.5,False,Pointer Move (Standard mouse)
1786007945.159184,761,453,p1-block-2-trial-12-target-2,870.0,450.0,37.5,False,Pointer Move (Standard mouse)
1786007945.167454,764,453,p1-block-2-trial-12-target-2,870.0,450.0,37.5,False,Pointer Move (Standard mouse)
1786007945.175487,765,453,p1-block-2-trial-12-target-2,870.0,450.0,37.5,False,Pointer Move (Standard mouse)
1786007945.1837,766,453,p1-block-2-trial-12-target-2,870.0,450.0,37.5,False,Pointer Move (Standard mouse)
1786007945.191649,768,453,p1-block-2-trial-12-target-2,870.0,450.0,37.5,False,Pointer Move (Standard mouse)
1786007945.199502,769,453,p1-block-2-trial-12-target-2,870.0,450.0,37.5,False,Pointer Move (Standard mouse)
1786007945.2078888,770,453,p1-block-2-trial-12-target-2,870.0,450.0,37.5,False,Pointer Move (Standard mouse)
1786007945.2163332,771,453,p1-block-2-trial-12-target-2,870.0,450.0,37.5,False,Pointer Move (Standard mouse)
1786007945.223993,773,453,p1-block-2-trial-12-target-2,870.0,450.0,37.5,False,Pointer Move (Standard mouse)
1786007945.232139,775,453,p1-block-2-trial-12-target-2,870.0,450.0,37.5,False,Pointer Move (Standard mouse)
1786007945.2402802,777,453,p1-block-2-trial-12-target-2,870.0,450.0,37.5,False,Pointer Move (Standard mouse)
1786007945.248217,778,452,p1-block-2-trial-12-target-2,870.0,450.0,37.5,False,Pointer Move (Standard mouse)
1786007945.2562718,780,452,p1-block-2-trial-12-target-2,870.0,450.0,37.5,False,Pointer Move (Standard mouse)
1786007945.264452,781,452,p1-block-2-trial-12-target-2,870.0,450.0,37.5,False,Pointer Move (Standard mouse)
1786007945.272305,781,452,p1-block-2-trial-12-target-2,870.0,450.0,37.5,False,Pointer Move (Standard mouse)
1786007945.280863,781,452,p1-block-2-trial-12-target-2,870.0,450.0,37.5,False,Pointer Move (Standard mouse)
1786007945.2888331,782,452,p1-block-2-trial-12-target-2,870.0,450.0,37.5,False,Pointer Move (Standard mouse)
1786007945.297158,783,452,p1-block-2-trial-12-target-2,870.0,450.0,37.5,False,Pointer Move (Standard mouse)
1786007945.304851,783,452,p1-block-2-trial-12-target-2,870.0,450.0,37.5,False,Pointer Move (Standard mouse)
1786007945.312904,784,452,p1-block-2-trial-12-target-2,870.0,450.0,37.5,False,Pointer Move (Standard mouse)
1786007945.321009,784,452,p1-block-2-trial-12-target-2,870.0,450.0,37.5,False,Pointer Move (Standard mouse)
1786007945.3291562,785,452,p1-block-2-trial-12-target-2,870.0,450.0,37.5,False,Pointer Move (Standard mouse)
1786007945.3374941,786,452,p1-block-2-trial-12-target-2,870.0,450.0,37.5,False,Pointer Move (Standard mouse)
1786007945.345227,788,452,p1-block-2-trial-12-target-2,870.0,450.0,37.5,False,Pointer Move (Standard mouse)
1786007945.3534489,791,452,p1-block-2-trial-12-target-2,870.0,450.0,37.5,False,Pointer Move (Standard mouse)
1786007945.3622222,795,452,p1-block-2-trial-12-target-2,870.0,450.0,37.5,False,Pointer Move (Standard mouse)
1786007945.3699782,798,452,p1-block-2-trial-12-target-2,870.0,450.0,37.5,False,Pointer Move (Standard mouse)
1786007945.377724,803,452,p1-block-2-trial-12-target-2,870.0,450.0,37.5,False,Pointer Move (Standard mouse)
1786007945.386125,807,452,p1-block-2-trial-12-target-2,870.0,450.0,37.5,False,Pointer Move (Standard mouse)
1786007945.393755,812,453,p1-block-2-trial-12-target-2,870.0,450.0,37.5,False,Pointer Move (Standard mouse)
1786007945.402286,821,454,p1-block-2-trial-12-target-2,870.0,450.0,37.5,False,Pointer Move (Standard mouse)
1786007945.41045,827,455,p1-block-2-trial-12-target-2,870.0,450.0,37.5,False,Pointer Move (Standard mouse)
1786007945.41835,834,457,p1-block-2-trial-12-target-2,870.0,450.0,37.5,False,Pointer Move (Standard mouse)
1786007945.4262998,843,460,p1-block-2-trial-12-target-2,870.0,450.0,37.5,False,Pointer Move (Standard mouse)
1786007945.434368,849,463,p1-block-2-trial-12-target-2,870.0,450.0,37.5,False,Pointer Move (Standard mouse)
1786007945.442237,854,464,p1-block-2-trial-12-target-2,870.0,450.0,37.5,False,Pointer Move (Standard mouse)
1786007945.450206,861,466,p1-block-2-trial-12-target-2,870.0,450.0,37.5,False,Pointer Move (Standard mouse)
1786007945.459157,870,469,p1-block-2-trial-12-target-2,870.0,450.0,37.5,False,Pointer Move (Standard mouse)
1786007945.467314,874,471,p1-block-2-trial-12-target-2,870.0,450.0,37.5,False,Pointer Move (Standard mouse)
1786007945.475614,879,472,p1-block-2-trial-12-target-2,870.0,450.0,37.5,False,Pointer Move (Standard mouse)
1786007945.483835,884,472,p1-block-2-trial-12-target-2,870.0,450.0,37.5,False,Pointer Move (Standard mouse)
1786007945.491936,887,473,p1-block-2-trial-12-target-2,870.0,450.0,37.5,False,Pointer Move (Standard mouse)
1786007945.500523,889,474,p1-block-2-trial-12-target-2,870.0,450.0,37.5,False,Pointer Move (Standard mouse)
1786007945.508308,890,474,p1-block-2-trial-12-target-2,870.0,450.0,37.5,False,Pointer Move (Standard mouse)
1786007945.51652,891,474,p1-block-2-trial-12-target-2,870.0,450.0,37.5,False,Pointer Move (Standard mouse)
1786007945.52463,892,474,p1-block-2-trial-12-target-2,870.0,450.0,37.5,False,Pointer Move (Standard mouse)
1786007945.5324469,892,474,p1-block-2-trial-12-target-2,870.0,450.0,37.5,False,Pointer Move (Standard mouse)
1786007945.540621,892,474,p1-block-2-trial-12-target-2,870.0,450.0,37.5,False,Pointer Move (Standard mouse)
1786007945.548503,893,474,p1-block-2-trial-12-target-2,870.0,450.0,37.5,False,Pointer Move (Standard mouse)
1786007945.686296,893,474,p1-block-2-trial-12-target-2,870.0,450.0,37.5,False,Pointer Move (Standard mouse)
1786007945.709737,892,474,p1-block-2-trial-12-target-2,870.0,450.0,37.5,False,Pointer Move (Standard mouse)
1786007945.718132,892,474,p1-block-2-trial-12-target-2,870.0,450.0,37.5,False,Pointer Move (Standard mouse)
1786007945.725541,892,474,p1-block-2-trial-12-target-2,870.0,450.0,37.5,False,Pointer Move (Standard mouse)
1786007945.7338939,891,474,p1-block-2-trial-12-target-2,870.0,450.0,37.5,False,Pointer Move (Standard mouse)
1786007945.741728,891,474,p1-block-2-trial-12-target-2,870.0,450.0,37.5,False,Pointer Move (Standard mouse)
1786007945.7500632,891,474,p1-block-2-trial-12-target-2,870.0,450.0,37.5,False,Pointer Move (Standard mouse)
1786007945.758042,890,474,p1-block-2-trial-12-target-2,870.0,450.0,37.5,False,Pointer Move (Standard mouse)
1786007945.76606,890,473,p1-block-2-trial-12-target-2,870.0,450.0,37.5,False,Pointer Move (Standard mouse)
1786007945.7872949,890,473,p1-block-2-trial-12-target-2,870.0,450.0,37.5,target_selected,target_selected
1786007945.9780538,890,473,p1-block-2-trial-13-target-6,570.0,450.0,37.5,False,Pointer Move (Standard mouse)
1786007945.985179,888,473,p1-block-2-trial-13-target-6,570.0,450.0,37.5,False,Pointer Move (Standard mouse)
1786007945.993217,884,473,p1-block-2-trial-13-target-6,570.0,450.0,37.5,False,Pointer Move (Standard mouse)
1786007946.001178,881,473,p1-block-2-trial-13-target-6,570.0,450.0,37.5,False,Pointer Move (Standard mouse)
1786007946.008857,875,473,p1-block-2-trial-13-target-6,570.0,450.0,37.5,False,Pointer Move (Standard mouse)
1786007946.0168939,868,473,p1-block-2-trial-13-target-6,570.0,450.0,37.5,False,Pointer Move (Standard mouse)
1786007946.0253701,857,473,p1-block-2-trial-13-target-6,570.0,450.0,37.5,False,Pointer Move (Standard mouse)
1786007946.033247,854,473,p1-block-2-trial-13-target-6,570.0,450.0,37.5,False,Pointer Move (Standard mouse)
1786007946.04144,840,473,p1-block-2-trial-13-target-6,570.0,450.0,37.5,False,Pointer Move (Standard mouse)
1786007946.04945,831,473,p1-block-2-trial-13-target-6,570.0,450.0,37.5,False,Pointer Move (Standard mouse)
1786007946.057461,824,473,p1-block-2-trial-13-target-6,570.0,450.0,37.5,False,Pointer Move (Standard mouse)
1786007946.065624,813,473,p1-block-2-trial-13-target-6,570.0,450.0,37.5,False,Pointer Move (Standard mouse)
1786007946.0736709,804,473,p1-block-2-trial-13-target-6,570.0,450.0,37.5,False,Pointer Move (Standard mouse)
1786007946.081541,793,473,p1-block-2-trial-13-target-6,570.0,450.0,37.5,False,Pointer Move (Standard mouse)
1786007946.0898712,779,472,p1-block-2-trial-13-target-6,570.0,450.0,37.5,False,Pointer Move (Standard mouse)
1786007946.098023,765,469,p1-block-2-trial-13-target-6,570.0,450.0,37.5,False,Pointer Move (Standard mouse)
1786007946.106561,754,466,p1-block-2-trial-13-target-6,570.0,450.0,37.5,False,Pointer Move (Standard mouse)
1786007946.114114,737,463,p1-block-2-trial-13-target-6,570.0,450.0,37.5,False,Pointer Move (Standard mouse)
1786007946.122457,720,461,p1-block-2-trial-13-target-6,570.0,450.0,37.5,False,Pointer Move (Standard mouse)
1786007946.130209,706,456,p1-block-2-trial-13-target-6,570.0,450.0,37.5,False,Pointer Move (Standard mouse)
1786007946.138307,695,455,p1-block-2-trial-13-target-6,570.0,450.0,37.5,False,Pointer Move (Standard mouse)
1786007946.1466901,692,455,p1-block-2-trial-13-target-6,570.0,450.0,37.5,False,Pointer Move (Standard mouse)
1786007946.1547148,678,452,p1-block-2-trial-13-target-6,570.0,450.0,37.5,False,Pointer Move (Standard mouse)
1786007946.16283,672,452,p1-block-2-trial-13-target-6,570.0,450.0,37.5,False,Pointer Move (Standard mouse)
1786007946.1707609,665,451,p1-block-2-trial-13-target-6,570.0,450.0,37.5,False,Pointer Move (Standard mouse)
1786007946.17855,660,451,p1-block-2-trial-13-target-6,570.0,450.0,37.5,False,Pointer Move (Standard mouse)
1786007946.1874912,658,450,p1-block-2-trial-13-target-6,570.0,450.0,37.5,False,Pointer Move (Standard mouse)
1786007946.194999,656,450,p1-block-2-trial-13-target-6,570.0,450.0,37.5,False,Pointer Move (Standard mouse)
1786007946.202931,654,449,p1-block-2-trial-13-target-6,570.0,450.0,37.5,False,Pointer Move (Standard mouse)
1786007946.210953,652,449,p1-block-2-trial-13-target-6,570.0,450.0,37.5,False,Pointer Move (Standard mouse)
1786007946.2195451,651,449,p1-block-2-trial-13-target-6,570.0,450.0,37.5,False,Pointer Move (Standard mouse)
1786007946.2273788,649,449,p1-block-2-trial-13-target-6,570.0,450.0,37.5,False,Pointer Move (Standard mouse)
1786007946.2352939,648,449,p1-block-2-trial-13-target-6,570.0,450.0,37.5,False,Pointer Move (Standard mouse)
1786007946.243571,647,448,p1-block-2-trial-13-target-6,570.0,450.0,37.5,False,Pointer Move (Standard mouse)
1786007946.251495,646,448,p1-block-2-trial-13-target-6,570.0,450.0,37.5,False,Pointer Move (Standard mouse)
1786007946.260063,645,448,p1-block-2-trial-13-target-6,570.0,450.0,37.5,False,Pointer Move (Standard mouse)
1786007946.268258,644,448,p1-block-2-trial-13-target-6,570.0,450.0,37.5,False,Pointer Move (Standard mouse)
1786007946.2758741,644,448,p1-block-2-trial-13-target-6,570.0,450.0,37.5,False,Pointer Move (Standard mouse)
1786007946.284174,644,448,p1-block-2-trial-13-target-6,570.0,450.0,37.5,False,Pointer Move (Standard mouse)
1786007946.300898,643,448,p1-block-2-trial-13-target-6,570.0,450.0,37.5,False,Pointer Move (Standard mouse)
1786007946.3083231,643,448,p1-block-2-trial-13-target-6,570.0,450.0,37.5,False,Pointer Move (Standard mouse)
1786007946.316467,642,448,p1-block-2-trial-13-target-6,570.0,450.0,37.5,False,Pointer Move (Standard mouse)
1786007946.324821,641,448,p1-block-2-trial-13-target-6,570.0,450.0,37.5,False,Pointer Move (Standard mouse)
1786007946.332437,639,447,p1-block-2-trial-13-target-6,570.0,450.0,37.5,False,Pointer Move (Standard mouse)
1786007946.3407638,637,447,p1-block-2-trial-13-target-6,570.0,450.0,37.5,False,Pointer Move (Standard mouse)
1786007946.34904,634,446,p1-block-2-trial-13-target-6,570.0,450.0,37.5,False,Pointer Move (Standard mouse)
1786007946.357301,630,445,p1-block-2-trial-13-target-6,570.0,450.0,37.5,False,Pointer Move (Standard mouse)
1786007946.364981,628,445,p1-block-2-trial-13-target-6,570.0,450.0,37.5,False,Pointer Move (Standard mouse)
1786007946.3731,625,445,p1-block-2-trial-13-target-6,570.0,450.0,37.5,False,Pointer Move (Standard mouse)
1786007946.3811688,623,445,p1-block-2-trial-13-target-6,570.0,450.0,37.5,False,Pointer Move (Standard mouse)
1786007946.389272,621,444,p1-block-2-trial-13-target-6,570.0,450.0,37.5,False,Pointer Move (Standard mouse)
1786007946.397446,619,444,p1-block-2-trial-13-target-6,570.0,450.0,37.5,False,Pointer Move (Standard mouse)
1786007946.405378,617,444,p1-block-2-trial-13-target-6,570.0,450.0,37.5,False,Pointer Move (Standard mouse)
1786007946.413379,615,444,p1-block-2-trial-13-target-6,570.0,450.0,37.5,False,Pointer Move (Standard mouse)
1786007946.42187,613,443,p1-block-2-trial-13-target-6,570.0,450.0,37.5,False,Pointer Move (Standard mouse)
1786007946.42986,610,443,p1-block-2-trial-13-target-6,570.0,450.0,37.5,False,Pointer Move (Standard mouse)
1786007946.437554,606,443,p1-block-2-trial-13-target-6,570.0,450.0,37.5,False,Pointer Move (Standard mouse)
1786007946.445653,603,443,p1-block-2-trial-13-target-6,570.0,450.0,37.5,False,Pointer Move (Standard mouse)
1786007946.453952,600,443,p1-block-2-trial-13-target-6,570.0,450.0,37.5,False,Pointer Move (Standard mouse)
1786007946.462144,597,443,p1-block-2-trial-13-target-6,570.0,450.0,37.5,False,Pointer Move (Standard mouse)
1786007946.470201,593,443,p1-block-2-trial-13-target-6,570.0,450.0,37.5,False,Pointer Move (Standard mouse)
1786007946.478427,590,443,p1-block-2-trial-13-target-6,570.0,450.0,37.5,False,Pointer Move (Standard mouse)
1786007946.4862661,587,443,p1-block-2-trial-13-target-6,570.0,450.0,37.5,False,Pointer Move (Standard mouse)
1786007946.494251,585,443,p1-block-2-trial-13-target-6,570.0,450.0,37.5,False,Pointer Move (Standard mouse)
1786007946.5025868,583,443,p1-block-2-trial-13-target-6,570.0,450.0,37.5,False,Pointer Move (Standard mouse)
1786007946.510498,580,443,p1-block-2-trial-13-target-6,570.0,450.0,37.5,False,Pointer Move (Standard mouse)
1786007946.518783,579,443,p1-block-2-trial-13-target-6,570.0,450.0,37.5,False,Pointer Move (Standard mouse)
1786007946.526724,577,443,p1-block-2-trial-13-target-6,570.0,450.0,37.5,False,Pointer Move (Standard mouse)
1786007946.534815,575,443,p1-block-2-trial-13-target-6,570.0,450.0,37.5,False,Pointer Move (Standard mouse)
1786007946.543082,574,443,p1-block-2-trial-13-target-6,570.0,450.0,37.5,False,Pointer Move (Standard mouse)
1786007946.551075,573,443,p1-block-2-trial-13-target-6,570.0,450.0,37.5,False,Pointer Move (Standard mouse)
1786007946.559029,571,443,p1-block-2-trial-13-target-6,570.0,450.0,37.5,False,Pointer Move (Standard mouse)
1786007946.5673878,570,443,p1-block-2-trial-13-target-6,570.0,450.0,37.5,False,Pointer Move (Standard mouse)
1786007946.575198,570,443,p1-block-2-trial-13-target-6,570.0,450.0,37.5,False,Pointer Move (Standard mouse)
1786007946.58338,570,443,p1-block-2-trial-13-target-6,570.0,450.0,37.5,False,Pointer Move (Standard mouse)
1786007946.591617,569,443,p1-block-2-trial-13-target-6,570.0,450.0,37.5,False,Pointer Move (Standard mouse)
1786007946.600069,569,443,p1-block-2-trial-13-target-6,570.0,450.0,37.5,False,Pointer Move (Standard mouse)
1786007946.607789,569,443,p1-block-2-trial-13-target-6,570.0,450.0,37.5,False,Pointer Move (Standard mouse)
1786007946.633794,568,443,p1-block-2-trial-13-target-6,570.0,450.0,37.5,False,Pointer Move (Standard mouse)
1786007946.648677,568,443,p1-block-2-trial-13-target-6,570.0,450.0,37.5,False,Pointer Move (Standard mouse)
1786007946.665184,568,443,p1-block-2-trial-13-target-6,570.0,450.0,37.5,False,Pointer Move (Standard mouse)
1786007946.687509,568,443,p1-block-2-trial-13-target-6,570.0,450.0,37.5,target_selected,target_selected
1786007947.013819,568,443,p1-block-2-trial-14-target-2,870.0,450.0,37.5,False,Pointer Move (Standard mouse)
1786007947.021204,569,443,p1-block-2-trial-14-target-2,870.0,450.0,37.5,False,Pointer Move (Standard mouse)
1786007947.028658,571,443,p1-block-2-trial-14-target-2,870.0,450.0,37.5,False,Pointer Move (Standard mouse)
1786007947.036793,573,443,p1-block-2-trial-14-target-2,870.0,450.0,37.5,False,Pointer Move (Standard mouse)
1786007947.044846,576,443,p1-block-2-trial-14-target-2,870.0,450.0,37.5,False,Pointer Move (Standard mouse)
1786007947.052812,580,443,p1-block-2-trial-14-target-2,870.0,450.0,37.5,False,Pointer Move (Standard mouse)
1786007947.0606122,588,443,p1-block-2-trial-14-target-2,870.0,450.0,37.5,False,Pointer Move (Standard mouse)
1786007947.068943,595,443,p1-block-2-trial-14-target-2,870.0,450.0,37.5,False,Pointer Move (Standard mouse)
1786007947.077854,600,443,p1-block-2-trial-14-target-2,870.0,450.0,37.5,False,Pointer Move (Standard mouse)
1786007947.084933,611,443,p1-block-2-trial-14-target-2,870.0,450.0,37.5,False,Pointer Move (Standard mouse)
1786007947.092893,620,443,p1-block-2-trial-14-target-2,870.0,450.0,37.5,False,Pointer Move (Standard mouse)
1786007947.1012669,631,444,p1-block-2-trial-14-target-2,870.0,450.0,37.5,False,Pointer Move (Standard mouse)
1786007947.1095948,645,446,p1-block-2-trial-14-target-2,870.0,450.0,37.5,False,Pointer Move (Standard mouse)
1786007947.117409,656,447,p1-block-2-trial-14-target-2,870.0,450.0,37.5,False,Pointer Move (Standard mouse)
1786007947.1256168,667,448,p1-block-2-trial-14-target-2,870.0,450.0,37.5,False,Pointer Move (Standard mouse)
1786007947.133777,681,452,p1-block-2-trial-14-target-2,870.0,450.0,37.5,False,Pointer Move (Standard mouse)
1786007947.141661,692,453,p1-block-2-trial-14-target-2,870.0,450.0,37.5,False,Pointer Move (Standard mouse)
1786007947.149886,697,454,p1-block-2-trial-14-target-2,870.0,450.0,37.5,False,Pointer Move (Standard mouse)
1786007947.158323,717,458,p1-block-2-trial-14-target-2,870.0,450.0,37.5,False,Pointer Move (Standard mouse)
1786007947.165975,726,459,p1-block-2-trial-14-target-2,870.0,450.0,37.5,False,Pointer Move (Standard mouse)
1786007947.174047,731,460,p1-block-2-trial-14-target-2,870.0,450.0,37.5,False,Pointer Move (Standard mouse)
1786007947.182005,740,461,p1-block-2-trial-14-target-2,870.0,450.0,37.5,False,Pointer Move (Standard mouse)
1786007947.19018,746,462,p1-block-2-trial-14-target-2,870.0,450.0,37.5,False,Pointer Move (Standard mouse)
1786007947.198307,755,465,p1-block-2-trial-14-target-2,870.0,450.0,37.5,False,Pointer Move (Standard mouse)
1786007947.206629,761,466,p1-block-2-trial-14-target-2,870.0,450.0,37.5,False,Pointer Move (Standard mouse)
1786007947.214935,766,467,p1-block-2-trial-14-target-2,870.0,450.0,37.5,False,Pointer Move (Standard mouse)
1786007947.222978,771,468,p1-block-2-trial-14-target-2,870.0,450.0,37.5,False,Pointer Move (Standard mouse)
1786007947.230726,776,469,p1-block-2-trial-14-target-2,870.0,450.0,37.5,False,Pointer Move (Standard mouse)
1786007947.2391622,781,470,p1-block-2-trial-14-target-2,870.0,450.0,37.5,False,Pointer Move (Standard mouse)
1786007947.2469702,784,470,p1-block-2-trial-14-target-2,870.0,450.0,37.5,False,Pointer Move (Standard mouse)
1786007947.2550578,787,471,p1-block-2-trial-14-target-2,870.0,450.0,37.5,False,Pointer Move (Standard mouse)
1786007947.262879,790,472,p1-block-2-trial-14-target-2,870.0,450.0,37.5,False,Pointer Move (Standard mouse)
1786007947.271172,794,473,p1-block-2-trial-14-target-2,870.0,450.0,37.5,False,Pointer Move (Standard mouse)
1786007947.27951,797,474,p1-block-2-trial-14-target-2,870.0,450.0,37.5,False,Pointer Move (Standard mouse)
1786007947.287255,802,475,p1-block-2-trial-14-target-2,870.0,450.0,37.5,False,Pointer Move (Standard mouse)
1786007947.29558,805,476,p1-block-2-trial-14-target-2,870.0,450.0,37.5,False,Pointer Move (Standard mouse)
1786007947.303572,810,477,p1-block-2-trial-14-target-2,870.0,450.0,37.5,False,Pointer Move (Standard mouse)
1786007947.3117068,813,478,p1-block-2-trial-14-target-2,870.0,450.0,37.5,False,Pointer Move (Standard mouse)
1786007947.319915,818,480,p1-block-2-trial-14-target-2,870.0,450.0,37.5,False,Pointer Move (Standard mouse)
1786007947.327977,821,481,p1-block-2-trial-14-target-2,870.0,450.0,37.5,False,Pointer Move (Standard mouse)
1786007947.335954,824,481,p1-block-2-trial-14-target-2,870.0,450.0,37.5,False,Pointer Move (Standard mouse)
1786007947.344005,826,482,p1-block-2-trial-14-target-2,870.0,450.0,37.5,False,Pointer Move (Standard mouse)
1786007947.352206,828,483,p1-block-2-trial-14-target-2,870.0,450.0,37.5,False,Pointer Move (Standard mouse)
1786007947.3604312,830,483,p1-block-2-trial-14-target-2,870.0,450.0,37.5,False,Pointer Move (Standard mouse)
1786007947.368442,832,484,p1-block-2-trial-14-target-2,870.0,450.0,37.5,False,Pointer Move (Standard mouse)
1786007947.3765419,833,485,p1-block-2-trial-14-target-2,870.0,450.0,37.5,False,Pointer Move (Standard mouse)
1786007947.384501,834,485,p1-block-2-trial-14-target-2,870.0,450.0,37.5,False,Pointer Move (Standard mouse)
1786007947.3929641,835,486,p1-block-2-trial-14-target-2,870.0,450.0,37.5,False,Pointer Move (Standard mouse)
1786007947.401162,836,486,p1-block-2-trial-14-target-2,870.0,450.0,37.5,False,Pointer Move (Standard mouse)
1786007947.408759,838,486,p1-block-2-trial-14-target-2,870.0,450.0,37.5,False,Pointer Move (Standard mouse)
1786007947.416828,838,486,p1-block-2-trial-14-target-2,870.0,450.0,37.5,False,Pointer Move (Standard mouse)
1786007947.424963,839,487,p1-block-2-trial-14-target-2,870.0,450.0,37.5,False,Pointer Move (Standard mouse)
1786007947.433604,841,487,p1-block-2-trial-14-target-2,870.0,450.0,37.5,False,Pointer Move (Standard mouse)
1786007947.441132,842,487,p1-block-2-trial-14-target-2,870.0,450.0,37.5,False,Pointer Move (Standard mouse)
1786007947.4498188,843,488,p1-block-2-trial-14-target-2,870.0,450.0,37.5,False,Pointer Move (Standard mouse)
1786007947.457296,845,488,p1-block-2-trial-14-target-2,870.0,450.0,37.5,False,Pointer Move (Standard mouse)
1786007947.466465,846,488,p1-block-2-trial-14-target-2,870.0,450.0,37.5,False,Pointer Move (Standard mouse)
1786007947.473356,847,489,p1-block-2-trial-14-target-2,870.0,450.0,37.5,False,Pointer Move (Standard mouse)
1786007947.481552,848,489,p1-block-2-trial-14-target-2,870.0,450.0,37.5,False,Pointer Move (Standard mouse)
1786007947.489714,849,489,p1-block-2-trial-14-target-2,870.0,450.0,37.5,False,Pointer Move (Standard mouse)
1786007947.497691,850,490,p1-block-2-trial-14-target-2,870.0,450.0,37.5,False,Pointer Move (Standard mouse)
1786007947.5056179,850,490,p1-block-2-trial-14-target-2,870.0,450.0,37.5,False,Pointer Move (Standard mouse)
1786007947.5138729,850,490,p1-block-2-trial-14-target-2,870.0,450.0,37.5,False,Pointer Move (Standard mouse)
1786007947.522124,851,490,p1-block-2-trial-14-target-2,870.0,450.0,37.5,False,Pointer Move (Standard mouse)
1786007947.530306,851,490,p1-block-2-trial-14-target-2,870.0,450.0,37.5,False,Pointer Move (Standard mouse)
1786007947.546633,851,490,p1-block-2-trial-14-target-2,870.0,450.0,37.5,False,Pointer Move (Standard mouse)
1786007947.595567,852,490,p1-block-2-trial-14-target-2,870.0,450.0,37.5,False,Pointer Move (Standard mouse)
1786007947.733014,852,490,p1-block-2-trial-14-target-2,870.0,450.0,37.5,False,Pointer Move (Standard mouse)
1786007947.740436,853,489,p1-block-2-trial-14-target-2,870.0,450.0,37.5,False,Pointer Move (Standard mouse)
1786007947.749002,853,488,p1-block-2-trial-14-target-2,870.0,450.0,37.5,False,Pointer Move (Standard mouse)
1786007947.757372,854,487,p1-block-2-trial-14-target-2,870.0,450.0,37.5,False,Pointer Move (Standard mouse)
1786007947.765223,854,486,p1-block-2-trial-14-target-2,870.0,450.0,37.5,False,Pointer Move (Standard mouse)
1786007947.773259,855,485,p1-block-2-trial-14-target-2,870.0,450.0,37.5,False,Pointer Move (Standard mouse)
1786007947.780889,856,484,p1-block-2-trial-14-target-2,870.0,450.0,37.5,False,Pointer Move (Standard mouse)
1786007947.789331,857,482,p1-block-2-trial-14-target-2,870.0,450.0,37.5,False,Pointer Move (Standard mouse)
1786007947.796749,858,481,p1-block-2-trial-14-target-2,870.0,450.0,37.5,False,Pointer Move (Standard mouse)
1786007947.8056781,858,480,p1-block-2-trial-14-target-2,870.0,450.0,37.5,False,Pointer Move (Standard mouse)
1786007947.813579,859,480,p1-block-2-trial-14-target-2,870.0,450.0,37.5,False,Pointer Move (Standard mouse)
1786007947.8217402,859,479,p1-block-2-trial-14-target-2,870.0,450.0,37.5,False,Pointer Move (Standard mouse)
1786007947.829637,860,478,p1-block-2-trial-14-target-2,870.0,450.0,37.5,False,Pointer Move (Standard mouse)
1786007947.8376231,861,478,p1-block-2-trial-14-target-2,870.0,450.0,37.5,False,Pointer Move (Standard mouse)
1786007947.845897,861,476,p1-block-2-trial-14-target-2,870.0,450.0,37.5,False,Pointer Move (Standard mouse)
1786007947.853875,862,476,p1-block-2-trial-14-target-2,870.0,450.0,37.5,False,Pointer Move (Standard mouse)
1786007947.861974,862,475,p1-block-2-trial-14-target-2,870.0,450.0,37.5,False,Pointer Move (Standard mouse)
1786007947.870083,862,475,p1-block-2-trial-14-target-2,870.0,450.0,37.5,False,Pointer Move (Standard mouse)
1786007947.878016,862,474,p1-block-2-trial-14-target-2,870.0,450.0,37.5,False,Pointer Move (Standard mouse)
1786007947.8868952,863,473,p1-block-2-trial-14-target-2,870.0,450.0,37.5,False,Pointer Move (Standard mouse)
1786007947.8942358,863,472,p1-block-2-trial-14-target-2,870.0,450.0,37.5,False,Pointer Move (Standard mouse)
1786007947.902486,864,472,p1-block-2-trial-14-target-2,870.0,450.0,37.5,False,Pointer Move (Standard mouse)
1786007947.9108858,864,471,p1-block-2-trial-14-target-2,870.0,450.0,37.5,False,Pointer Move (Standard mouse)
1786007947.9189608,864,470,p1-block-2-trial-14-target-2,870.0,450.0,37.5,False,Pointer Move (Standard mouse)
1786007947.927145,865,469,p1-block-2-trial-14-target-2,870.0,450.0,37.5,False,Pointer Move (Standard mouse)
1786007947.934759,865,468,p1-block-2-trial-14-target-2,870.0,450.0,37.5,False,Pointer Move (Standard mouse)
1786007947.953869,865,468,p1-block-2-trial-14-target-2,870.0,450.0,37.5,target_selected,target_selected
1786007947.973025,865,468,p1-block-2-trial-15-target-6,570.0,450.0,37.5,False,Pointer Move (Standard mouse)
1786007948.162282,865,468,p1-block-2-trial-15-target-6,570.0,450.0,37.5,False,Pointer Move (Standard mouse)
1786007948.1699278,858,468,p1-block-2-trial-15-target-6,570.0,450.0,37.5,False,Pointer Move (Standard mouse)
1786007948.1774862,852,468,p1-block-2-trial-15-target-6,570.0,450.0,37.5,False,Pointer Move (Standard mouse)
1786007948.185689,840,468,p1-block-2-trial-15-target-6,570.0,450.0,37.5,False,Pointer Move (Standard mouse)
1786007948.193619,829,468,p1-block-2-trial-15-target-6,570.0,450.0,37.5,False,Pointer Move (Standard mouse)
1786007948.201931,815,468,p1-block-2-trial-15-target-6,570.0,450.0,37.5,False,Pointer Move (Standard mouse)
1786007948.209981,801,468,p1-block-2-trial-15-target-6,570.0,450.0,37.5,False,Pointer Move (Standard mouse)
1786007948.217938,787,468,p1-block-2-trial-15-target-6,570.0,450.0,37.5,False,Pointer Move (Standard mouse)
1786007948.225966,783,468,p1-block-2-trial-15-target-6,570.0,450.0,37.5,False,Pointer Move (Standard mouse)
1786007948.234269,774,468,p1-block-2-trial-15-target-6,570.0,450.0,37.5,False,Pointer Move (Standard mouse)
1786007948.2422988,765,468,p1-block-2-trial-15-target-6,570.0,450.0,37.5,False,Pointer Move (Standard mouse)
1786007948.250751,748,468,p1-block-2-trial-15-target-6,570.0,450.0,37.5,False,Pointer Move (Standard mouse)
1786007948.25891,740,468,p1-block-2-trial-15-target-6,570.0,450.0,37.5,False,Pointer Move (Standard mouse)
1786007948.2672698,733,468,p1-block-2-trial-15-target-6,570.0,450.0,37.5,False,Pointer Move (Standard mouse)
1786007948.274981,722,468,p1-block-2-trial-15-target-6,570.0,450.0,37.5,False,Pointer Move (Standard mouse)
1786007948.283516,711,468,p1-block-2-trial-15-target-6,570.0,450.0,37.5,False,Pointer Move (Standard mouse)
1786007948.2912698,697,468,p1-block-2-trial-15-target-6,570.0,450.0,37.5,False,Pointer Move (Standard mouse)
1786007948.2994251,683,468,p1-block-2-trial-15-target-6,570.0,450.0,37.5,False,Pointer Move (Standard mouse)
1786007948.3069592,669,468,p1-block-2-trial-15-target-6,570.0,450.0,37.5,False,Pointer Move (Standard mouse)
1786007948.314752,664,468,p1-block-2-trial-15-target-6,570.0,450.0,37.5,False,Pointer Move (Standard mouse)
1786007948.3230028,653,468,p1-block-2-trial-15-target-6,570.0,450.0,37.5,False,Pointer Move (Standard mouse)
1786007948.3313448,644,467,p1-block-2-trial-15-target-6,570.0,450.0,37.5,False,Pointer Move (Standard mouse)
1786007948.33919,640,467,p1-block-2-trial-15-target-6,570.0,450.0,37.5,False,Pointer Move (Standard mouse)
1786007948.3470569,633,466,p1-block-2-trial-15-target-6,570.0,450.0,37.5,False,Pointer Move (Standard mouse)
1786007948.355662,631,466,p1-block-2-trial-15-target-6,570.0,450.0,37.5,False,Pointer Move (Standard mouse)
1786007948.363491,628,466,p1-block-2-trial-15-target-6,570.0,450.0,37.5,False,Pointer Move (Standard mouse)
1786007948.3720598,627,466,p1-block-2-trial-15-target-6,570.0,450.0,37.5,False,Pointer Move (Standard mouse)
1786007948.3800719,625,465,p1-block-2-trial-15-target-6,570.0,450.0,37.5,False,Pointer Move (Standard mouse)
1786007948.387882,623,464,p1-block-2-trial-15-target-6,570.0,450.0,37.5,False,Pointer Move (Standard mouse)
1786007948.396054,622,464,p1-block-2-trial-15-target-6,570.0,450.0,37.5,False,Pointer Move (Standard mouse)
1786007948.404397,620,464,p1-block-2-trial-15-target-6,570.0,450.0,37.5,False,Pointer Move (Standard mouse)
1786007948.412263,619,463,p1-block-2-trial-15-target-6,570.0,450.0,37.5,False,Pointer Move (Standard mouse)
1786007948.420322,618,463,p1-block-2-trial-15-target-6,570.0,450.0,37.5,False,Pointer Move (Standard mouse)
1786007948.42826,617,463,p1-block-2-trial-15-target-6,570.0,450.0,37.5,False,Pointer Move (Standard mouse)
1786007948.4363499,616,462,p1-block-2-trial-15-target-6,570.0,450.0,37.5,False,Pointer Move (Standard mouse)
1786007948.4447942,616,462,p1-block-2-trial-15-target-6,570.0,450.0,37.5,False,Pointer Move (Standard mouse)
1786007948.452878,615,462,p1-block-2-trial-15-target-6,570.0,450.0,37.5,False,Pointer Move (Standard mouse)
1786007948.460626,614,462,p1-block-2-trial-15-target-6,570.0,450.0,37.5,False,Pointer Move (Standard mouse)
1786007948.469074,611,461,p1-block-2-trial-15-target-6,570.0,450.0,37.5,False,Pointer Move (Standard mouse)
1786007948.4766982,609,460,p1-block-2-trial-15-target-6,570.0,450.0,37.5,False,Pointer Move (Standard mouse)
1786007948.485783,606,459,p1-block-2-trial-15-target-6,570.0,450.0,37.5,False,Pointer Move (Standard mouse)
1786007948.494068,603,458,p1-block-2-trial-15-target-6,570.0,450.0,37.5,False,Pointer Move (Standard mouse)
1786007948.501981,599,456,p1-block-2-trial-15-target-6,570.0,450.0,37.5,False,Pointer Move (Standard mouse)
1786007948.5097501,595,454,p1-block-2-trial-15-target-6,570.0,450.0,37.5,False,Pointer Move (Standard mouse)
1786007948.51724,590,452,p1-block-2-trial-15-target-6,570.0,450.0,37.5,False,Pointer Move (Standard mouse)
1786007948.525197,585,449,p1-block-2-trial-15-target-6,570.0,450.0,37.5,False,Pointer Move (Standard mouse)
1786007948.5336058,582,448,p1-block-2-trial-15-target-6,570.0,450.0,37.5,False,Pointer Move (Standard mouse)
1786007948.541837,580,447,p1-block-2-trial-15-target-6,570.0,450.0,37.5,False,Pointer Move (Standard mouse)
1786007948.54989,578,446,p1-block-2-trial-15-target-6,570.0,450.0,37.5,False,Pointer Move (Standard mouse)
1786007948.557643,577,445,p1-block-2-trial-15-target-6,570.0,450.0,37.5,False,Pointer Move (Standard mouse)
1786007948.565829,576,445,p1-block-2-trial-15-target-6,570.0,450.0,37.5,False,Pointer Move (Standard mouse)
1786007948.574013,576,445,p1-block-2-trial-15-target-6,570.0,450.0,37.5,False,Pointer Move (Standard mouse)
1786007948.582151,576,445,p1-block-2-trial-15-target-6,570.0,450.0,37.5,False,Pointer Move (Standard mouse)
1786007948.5904262,575,444,p1-block-2-trial-15-target-6,570.0,450.0,37.5,False,Pointer Move (Standard mouse)
1786007948.640116,575,444,p1-block-2-trial-15-target-6,570.0,450.0,37.5,False,Pointer Move (Standard mouse)
1786007948.655871,575,444,p1-block-2-trial-15-target-6,570.0,450.0,37.5,False,Pointer Move (Standard mouse)
1786007948.712566,575,444,p1-block-2-trial-15-target-6,570.0,450.0,37.5,False,Pointer Move (Standard mouse)
1786007948.7614698,575,443,p1-block-2-trial-15-target-6,570.0,450.0,37.5,False,Pointer Move (Standard mouse)
1786007949.019776,575,443,p1-block-2-trial-15-target-6,570.0,450.0,37.5,False,Pointer Move (Standard mouse)
1786007949.036591,575,443,p1-block-2-trial-15-target-6,570.0,450.0,37.5,target_selected,target_selected
1786007949.320449,576,443,p1-block-2-trial-16-target-2,870.0,450.0,37.5,False,Pointer Move (Standard mouse)
1786007949.327148,579,443,p1-block-2-trial-16-target-2,870.0,450.0,37.5,False,Pointer Move (Standard mouse)
1786007949.3347561,582,443,p1-block-2-trial-16-target-2,870.0,450.0,37.5,False,Pointer Move (Standard mouse)
1786007949.342914,589,444,p1-block-2-trial-16-target-2,870.0,450.0,37.5,False,Pointer Move (Standard mouse)
1786007949.3516722,600,448,p1-block-2-trial-16-target-2,870.0,450.0,37.5,False,Pointer Move (Standard mouse)
1786007949.359103,607,449,p1-block-2-trial-16-target-2,870.0,450.0,37.5,False,Pointer Move (Standard mouse)
1786007949.366817,616,450,p1-block-2-trial-16-target-2,870.0,450.0,37.5,False,Pointer Move (Standard mouse)
1786007949.375211,619,450,p1-block-2-trial-16-target-2,870.0,450.0,37.5,False,Pointer Move (Standard mouse)
1786007949.383103,624,451,p1-block-2-trial-16-target-2,870.0,450.0,37.5,False,Pointer Move (Standard mouse)
1786007949.391554,630,451,p1-block-2-trial-16-target-2,870.0,450.0,37.5,False,Pointer Move (Standard mouse)
1786007949.399725,635,452,p1-block-2-trial-16-target-2,870.0,450.0,37.5,False,Pointer Move (Standard mouse)
1786007949.407664,649,452,p1-block-2-trial-16-target-2,870.0,450.0,37.5,False,Pointer Move (Standard mouse)
1786007949.415769,654,453,p1-block-2-trial-16-target-2,870.0,450.0,37.5,False,Pointer Move (Standard mouse)
1786007949.4239,662,453,p1-block-2-trial-16-target-2,870.0,450.0,37.5,False,Pointer Move (Standard mouse)
1786007949.431832,671,455,p1-block-2-trial-16-target-2,870.0,450.0,37.5,False,Pointer Move (Standard mouse)
1786007949.4397671,673,455,p1-block-2-trial-16-target-2,870.0,450.0,37.5,False,Pointer Move (Standard mouse)
1786007949.448063,682,456,p1-block-2-trial-16-target-2,870.0,450.0,37.5,False,Pointer Move (Standard mouse)
1786007949.456227,689,456,p1-block-2-trial-16-target-2,870.0,450.0,37.5,False,Pointer Move (Standard mouse)
1786007949.4642508,695,459,p1-block-2-trial-16-target-2,870.0,450.0,37.5,False,Pointer Move (Standard mouse)
1786007949.472299,700,460,p1-block-2-trial-16-target-2,870.0,450.0,37.5,False,Pointer Move (Standard mouse)
1786007949.4807339,707,461,p1-block-2-trial-16-target-2,870.0,450.0,37.5,False,Pointer Move (Standard mouse)
1786007949.488399,710,462,p1-block-2-trial-16-target-2,870.0,450.0,37.5,False,Pointer Move (Standard mouse)
1786007949.497167,715,463,p1-block-2-trial-16-target-2,870.0,450.0,37.5,False,Pointer Move (Standard mouse)
1786007949.504621,718,464,p1-block-2-trial-16-target-2,870.0,450.0,37.5,False,Pointer Move (Standard mouse)
1786007949.512915,723,465,p1-block-2-trial-16-target-2,870.0,450.0,37.5,False,Pointer Move (Standard mouse)
1786007949.520511,726,467,p1-block-2-trial-16-target-2,870.0,450.0,37.5,False,Pointer Move (Standard mouse)
1786007949.528394,731,469,p1-block-2-trial-16-target-2,870.0,450.0,37.5,False,Pointer Move (Standard mouse)
1786007949.536583,736,470,p1-block-2-trial-16-target-2,870.0,450.0,37.5,False,Pointer Move (Standard mouse)
1786007949.545075,740,472,p1-block-2-trial-16-target-2,870.0,450.0,37.5,False,Pointer Move (Standard mouse)
1786007949.5529191,744,473,p1-block-2-trial-16-target-2,870.0,450.0,37.5,False,Pointer Move (Standard mouse)
1786007949.561195,748,475,p1-block-2-trial-16-target-2,870.0,450.0,37.5,False,Pointer Move (Standard mouse)
1786007949.569618,753,476,p1-block-2-trial-16-target-2,870.0,450.0,37.5,False,Pointer Move (Standard mouse)
1786007949.577505,756,478,p1-block-2-trial-16-target-2,870.0,450.0,37.5,False,Pointer Move (Standard mouse)
1786007949.58575,760,479,p1-block-2-trial-16-target-2,870.0,450.0,37.5,False,Pointer Move (Standard mouse)
1786007949.593817,763,479,p1-block-2-trial-16-target-2,870.0,450.0,37.5,False,Pointer Move (Standard mouse)
1786007949.602071,765,480,p1-block-2-trial-16-target-2,870.0,450.0,37.5,False,Pointer Move (Standard mouse)
1786007949.609857,767,481,p1-block-2-trial-16-target-2,870.0,450.0,37.5,False,Pointer Move (Standard mouse)
1786007949.618054,768,481,p1-block-2-trial-16-target-2,870.0,450.0,37.5,False,Pointer Move (Standard mouse)
1786007949.6264782,770,482,p1-block-2-trial-16-target-2,870.0,450.0,37.5,False,Pointer Move (Standard mouse)
1786007949.634122,771,482,p1-block-2-trial-16-target-2,870.0,450.0,37.5,False,Pointer Move (Standard mouse)
1786007949.642553,773,483,p1-block-2-trial-16-target-2,870.0,450.0,37.5,False,Pointer Move (Standard mouse)
1786007949.650229,774,484,p1-block-2-trial-16-target-2,870.0,450.0,37.5,False,Pointer Move (Standard mouse)
1786007949.6581151,776,484,p1-block-2-trial-16-target-2,870.0,450.0,37.5,False,Pointer Move (Standard mouse)
1786007949.666664,778,485,p1-block-2-trial-16-target-2,870.0,450.0,37.5,False,Pointer Move (Standard mouse)
1786007949.6746612,780,486,p1-block-2-trial-16-target-2,870.0,450.0,37.5,False,Pointer Move (Standard mouse)
1786007949.6824121,783,486,p1-block-2-trial-16-target-2,870.0,450.0,37.5,False,Pointer Move (Standard mouse)
1786007949.690363,784,487,p1-block-2-trial-16-target-2,870.0,450.0,37.5,False,Pointer Move (Standard mouse)
1786007949.698574,786,488,p1-block-2-trial-16-target-2,870.0,450.0,37.5,False,Pointer Move (Standard mouse)
1786007949.707232,788,488,p1-block-2-trial-16-target-2,870.0,450.0,37.5,False,Pointer Move (Standard mouse)
1786007949.7150972,789,488,p1-block-2-trial-16-target-2,870.0,450.0,37.5,False,Pointer Move (Standard mouse)
1786007949.7230191,790,489,p1-block-2-trial-16-target-2,870.0,450.0,37.5,False,Pointer Move (Standard mouse)
1786007949.7312489,791,489,p1-block-2-trial-16-target-2,870.0,450.0,37.5,False,Pointer Move (Standard mouse)
1786007949.739619,792,489,p1-block-2-trial-16-target-2,870.0,450.0,37.5,False,Pointer Move (Standard mouse)
1786007949.7477398,792,489,p1-block-2-trial-16-target-2,870.0,450.0,37.5,False,Pointer Move (Standard mouse)
1786007949.7562408,793,489,p1-block-2-trial-16-target-2,870.0,450.0,37.5,False,Pointer Move (Standard mouse)
1786007949.764284,793,489,p1-block-2-trial-16-target-2,870.0,450.0,37.5,False,Pointer Move (Standard mouse)
1786007949.772419,794,489,p1-block-2-trial-16-target-2,870.0,450.0,37.5,False,Pointer Move (Standard mouse)
1786007949.779639,794,490,p1-block-2-trial-16-target-2,870.0,450.0,37.5,False,Pointer Move (Standard mouse)
1786007949.787951,796,490,p1-block-2-trial-16-target-2,870.0,450.0,37.5,False,Pointer Move (Standard mouse)
1786007949.796155,798,490,p1-block-2-trial-16-target-2,870.0,450.0,37.5,False,Pointer Move (Standard mouse)
1786007949.804044,800,490,p1-block-2-trial-16-target-2,870.0,450.0,37.5,False,Pointer Move (Standard mouse)
1786007949.812129,801,490,p1-block-2-trial-16-target-2,870.0,450.0,37.5,False,Pointer Move (Standard mouse)
1786007949.8202162,802,490,p1-block-2-trial-16-target-2,870.0,450.0,37.5,False,Pointer Move (Standard mouse)
1786007949.828507,803,490,p1-block-2-trial-16-target-2,870.0,450.0,37.5,False,Pointer Move (Standard mouse)
1786007949.8364959,803,490,p1-block-2-trial-16-target-2,870.0,450.0,37.5,False,Pointer Move (Standard mouse)
1786007949.8443332,803,490,p1-block-2-trial-16-target-2,870.0,450.0,37.5,False,Pointer Move (Standard mouse)
1786007949.8526158,804,490,p1-block-2-trial-16-target-2,870.0,450.0,37.5,False,Pointer Move (Standard mouse)
1786007949.8610728,804,490,p1-block-2-trial-16-target-2,870.0,450.0,37.5,False,Pointer Move (Standard mouse)
1786007949.868982,805,490,p1-block-2-trial-16-target-2,870.0,450.0,37.5,False,Pointer Move (Standard mouse)
1786007949.9019022,805,490,p1-block-2-trial-16-target-2,870.0,450.0,37.5,False,Pointer Move (Standard mouse)
1786007949.925823,805,490,p1-block-2-trial-16-target-2,870.0,450.0,37.5,False,Pointer Move (Standard mouse)
1786007949.933506,805,490,p1-block-2-trial-16-target-2,870.0,450.0,37.5,False,Pointer Move (Standard mouse)
1786007949.941767,806,490,p1-block-2-trial-16-target-2,870.0,450.0,37.5,False,Pointer Move (Standard mouse)
1786007949.950041,806,490,p1-block-2-trial-16-target-2,870.0,450.0,37.5,False,Pointer Move (Standard mouse)
1786007949.9577138,807,490,p1-block-2-trial-16-target-2,870.0,450.0,37.5,False,Pointer Move (Standard mouse)
1786007949.965451,808,490,p1-block-2-trial-16-target-2,870.0,450.0,37.5,False,Pointer Move (Standard mouse)
1786007949.973747,810,490,p1-block-2-trial-16-target-2,870.0,450.0,37.5,False,Pointer Move (Standard mouse)
1786007949.9819431,812,490,p1-block-2-trial-16-target-2,870.0,450.0,37.5,False,Pointer Move (Standard mouse)
1786007949.990134,816,490,p1-block-2-trial-16-target-2,870.0,450.0,37.5,False,Pointer Move (Standard mouse)
1786007949.998071,819,490,p1-block-2-trial-16-target-2,870.0,450.0,37.5,False,Pointer Move (Standard mouse)
1786007950.0065112,822,489,p1-block-2-trial-16-target-2,870.0,450.0,37.5,False,Pointer Move (Standard mouse)
1786007950.014571,825,488,p1-block-2-trial-16-target-2,870.0,450.0,37.5,False,Pointer Move (Standard mouse)
1786007950.022557,827,487,p1-block-2-trial-16-target-2,870.0,450.0,37.5,False,Pointer Move (Standard mouse)
1786007950.030474,831,486,p1-block-2-trial-16-target-2,870.0,450.0,37.5,False,Pointer Move (Standard mouse)
1786007950.0388281,834,485,p1-block-2-trial-16-target-2,870.0,450.0,37.5,False,Pointer Move (Standard mouse)
1786007950.046836,836,485,p1-block-2-trial-16-target-2,870.0,450.0,37.5,False,Pointer Move (Standard mouse)
1786007950.057427,838,484,p1-block-2-trial-16-target-2,870.0,450.0,37.5,False,Pointer Move (Standard mouse)
1786007950.0625558,839,484,p1-block-2-trial-16-target-2,870.0,450.0,37.5,False,Pointer Move (Standard mouse)
1786007950.0707672,841,484,p1-block-2-trial-16-target-2,870.0,450.0,37.5,False,Pointer Move (Standard mouse)
1786007950.078655,841,483,p1-block-2-trial-16-target-2,870.0,450.0,37.5,False,Pointer Move (Standard mouse)
1786007950.086902,842,483,p1-block-2-trial-16-target-2,870.0,450.0,37.5,False,Pointer Move (Standard mouse)
1786007950.09554,843,482,p1-block-2-trial-16-target-2,870.0,450.0,37.5,False,Pointer Move (Standard mouse)
1786007950.103402,844,482,p1-block-2-trial-16-target-2,870.0,450.0,37.5,False,Pointer Move (Standard mouse)
1786007950.1114151,844,482,p1-block-2-trial-16-target-2,870.0,450.0,37.5,False,Pointer Move (Standard mouse)
1786007950.11988,845,482,p1-block-2-trial-16-target-2,870.0,450.0,37.5,False,Pointer Move (Standard mouse)
1786007950.127698,845,482,p1-block-2-trial-16-target-2,870.0,450.0,37.5,False,Pointer Move (Standard mouse)
1786007950.135786,845,481,p1-block-2-trial-16-target-2,870.0,450.0,37.5,False,Pointer Move (Standard mouse)
1786007950.144133,846,481,p1-block-2-trial-16-target-2,870.0,450.0,37.5,False,Pointer Move (Standard mouse)
1786007950.152016,846,481,p1-block-2-trial-16-target-2,870.0,450.0,37.5,False,Pointer Move (Standard mouse)
1786007950.160009,846,480,p1-block-2-trial-16-target-2,870.0,450.0,37.5,False,Pointer Move (Standard mouse)
1786007950.168284,847,480,p1-block-2-trial-16-target-2,870.0,450.0,37.5,False,Pointer Move (Standard mouse)
1786007950.17614,847,480,p1-block-2-trial-16-target-2,870.0,450.0,37.5,False,Pointer Move (Standard mouse)
1786007950.184418,848,480,p1-block-2-trial-16-target-2,870.0,450.0,37.5,False,Pointer Move (Standard mouse)
1786007950.192582,849,479,p1-block-2-trial-16-target-2,870.0,450.0,37.5,False,Pointer Move (Standard mouse)
1786007950.2006872,849,478,p1-block-2-trial-16-target-2,870.0,450.0,37.5,False,Pointer Move (Standard mouse)
1786007950.208694,850,478,p1-block-2-trial-16-target-2,870.0,450.0,37.5,False,Pointer Move (Standard mouse)
1786007950.2168078,851,477,p1-block-2-trial-16-target-2,870.0,450.0,37.5,False,Pointer Move (Standard mouse)
1786007950.224763,852,477,p1-block-2-trial-16-target-2,870.0,450.0,37.5,False,Pointer Move (Standard mouse)
1786007950.2333498,852,476,p1-block-2-trial-16-target-2,870.0,450.0,37.5,False,Pointer Move (Standard mouse)
1786007950.241584,853,476,p1-block-2-trial-16-target-2,870.0,450.0,37.5,False,Pointer Move (Standard mouse)
1786007950.249839,854,475,p1-block-2-trial-16-target-2,870.0,450.0,37.5,False,Pointer Move (Standard mouse)
1786007950.257931,855,474,p1-block-2-trial-16-target-2,870.0,450.0,37.5,False,Pointer Move (Standard mouse)
1786007950.26624,856,474,p1-block-2-trial-16-target-2,870.0,450.0,37.5,False,Pointer Move (Standard mouse)
1786007950.274356,856,473,p1-block-2-trial-16-target-2,870.0,450.0,37.5,False,Pointer Move (Standard mouse)
1786007950.282197,857,472,p1-block-2-trial-16-target-2,870.0,450.0,37.5,False,Pointer Move (Standard mouse)
1786007950.290442,857,472,p1-block-2-trial-16-target-2,870.0,450.0,37.5,False,Pointer Move (Standard mouse)
1786007950.298531,859,471,p1-block-2-trial-16-target-2,870.0,450.0,37.5,False,Pointer Move (Standard mouse)
1786007950.306488,859,470,p1-block-2-trial-16-target-2,870.0,450.0,37.5,False,Pointer Move (Standard mouse)
1786007950.314102,860,469,p1-block-2-trial-16-target-2,870.0,450.0,37.5,False,Pointer Move (Standard mouse)
1786007950.321975,861,468,p1-block-2-trial-16-target-2,870.0,450.0,37.5,False,Pointer Move (Standard mouse)
1786007950.3307369,862,466,p1-block-2-trial-16-target-2,870.0,450.0,37.5,False,Pointer Move (Standard mouse)
1786007950.338102,863,466,p1-block-2-trial-16-target-2,870.0,450.0,37.5,False,Pointer Move (Standard mouse)
1786007950.34607,864,465,p1-block-2-trial-16-target-2,870.0,450.0,37.5,False,Pointer Move (Standard mouse)
1786007950.354878,865,464,p1-block-2-trial-16-target-2,870.0,450.0,37.5,False,Pointer Move (Standard mouse)
1786007950.362313,865,463,p1-block-2-trial-16-target-2,870.0,450.0,37.5,False,Pointer Move (Standard mouse)
1786007950.370233,866,462,p1-block-2-trial-16-target-2,870.0,450.0,37.5,False,Pointer Move (Standard mouse)
1786007950.378277,867,461,p1-block-2-trial-16-target-2,870.0,450.0,37.5,False,Pointer Move (Standard mouse)
1786007950.404139,867,461,p1-block-2-trial-16-target-2,870.0,450.0,37.5,target_selected,target_selected
1786007950.4230258,867,461,p1-block-3-trial-1-target-7,543.0,273.0,22.5,False,Pointer Move (Standard mouse)
1786007950.921089,867,461,p1-block-3-trial-1-target-7,543.0,273.0,22.5,False,Pointer Move (Standard mouse)
1786007950.929666,857,456,p1-block-3-trial-1-target-7,543.0,273.0,22.5,False,Pointer Move (Standard mouse)
1786007950.937741,850,449,p1-block-3-trial-1-target-7,543.0,273.0,22.5,False,Pointer Move (Standard mouse)
1786007950.9459121,839,440,p1-block-3-trial-1-target-7,543.0,273.0,22.5,False,Pointer Move (Standard mouse)
1786007950.954043,828,431,p1-block-3-trial-1-target-7,543.0,273.0,22.5,False,Pointer Move (Standard mouse)
1786007950.96118,815,419,p1-block-3-trial-1-target-7,543.0,273.0,22.5,False,Pointer Move (Standard mouse)
1786007950.968836,801,407,p1-block-3-trial-1-target-7,543.0,273.0,22.5,False,Pointer Move (Standard mouse)
1786007950.977322,787,395,p1-block-3-trial-1-target-7,543.0,273.0,22.5,False,Pointer Move (Standard mouse)
1786007950.984789,774,383,p1-block-3-trial-1-target-7,543.0,273.0,22.5,False,Pointer Move (Standard mouse)
1786007950.993492,760,371,p1-block-3-trial-1-target-7,543.0,273.0,22.5,False,Pointer Move (Standard mouse)
1786007951.001042,747,360,p1-block-3-trial-1-target-7,543.0,273.0,22.5,False,Pointer Move (Standard mouse)
1786007951.0094888,743,356,p1-block-3-trial-1-target-7,543.0,273.0,22.5,False,Pointer Move (Standard mouse)
1786007951.017917,732,347,p1-block-3-trial-1-target-7,543.0,273.0,22.5,False,Pointer Move (Standard mouse)
1786007951.025856,724,338,p1-block-3-trial-1-target-7,543.0,273.0,22.5,False,Pointer Move (Standard mouse)
1786007951.033993,719,333,p1-block-3-trial-1-target-7,543.0,273.0,22.5,False,Pointer Move (Standard mouse)
1786007951.042364,714,328,p1-block-3-trial-1-target-7,543.0,273.0,22.5,False,Pointer Move (Standard mouse)
1786007951.0502248,711,324,p1-block-3-trial-1-target-7,543.0,273.0,22.5,False,Pointer Move (Standard mouse)
1786007951.058329,708,321,p1-block-3-trial-1-target-7,543.0,273.0,22.5,False,Pointer Move (Standard mouse)
1786007951.0665221,707,319,p1-block-3-trial-1-target-7,543.0,273.0,22.5,False,Pointer Move (Standard mouse)
1786007951.0744882,706,317,p1-block-3-trial-1-target-7,543.0,273.0,22.5,False,Pointer Move (Standard mouse)
1786007951.0823412,705,315,p1-block-3-trial-1-target-7,543.0,273.0,22.5,False,Pointer Move (Standard mouse)
1786007951.090791,705,313,p1-block-3-trial-1-target-7,543.0,273.0,22.5,False,Pointer Move (Standard mouse)
1786007951.098806,704,311,p1-block-3-trial-1-target-7,543.0,273.0,22.5,False,Pointer Move (Standard mouse)
1786007951.106941,703,309,p1-block-3-trial-1-target-7,543.0,273.0,22.5,False,Pointer Move (Standard mouse)
1786007951.114969,703,306,p1-block-3-trial-1-target-7,543.0,273.0,22.5,False,Pointer Move (Standard mouse)
1786007951.123256,702,303,p1-block-3-trial-1-target-7,543.0,273.0,22.5,False,Pointer Move (Standard mouse)
1786007951.1311948,701,301,p1-block-3-trial-1-target-7,543.0,273.0,22.5,False,Pointer Move (Standard mouse)
1786007951.1393359,699,296,p1-block-3-trial-1-target-7,543.0,273.0,22.5,False,Pointer Move (Standard mouse)
1786007951.147386,698,293,p1-block-3-trial-1-target-7,543.0,273.0,22.5,False,Pointer Move (Standard mouse)
1786007951.1552908,696,290,p1-block-3-trial-1-target-7,543.0,273.0,22.5,False,Pointer Move (Standard mouse)
1786007951.1634078,695,287,p1-block-3-trial-1-target-7,543.0,273.0,22.5,False,Pointer Move (Standard mouse)
1786007951.171959,692,283,p1-block-3-trial-1-target-7,543.0,273.0,22.5,False,Pointer Move (Standard mouse)
1786007951.17964,690,280,p1-block-3-trial-1-target-7,543.0,273.0,22.5,False,Pointer Move (Standard mouse)
1786007951.187804,687,275,p1-block-3-trial-1-target-7,543.0,273.0,22.5,False,Pointer Move (Standard mouse)
1786007951.195889,684,271,p1-block-3-trial-1-target-7,543.0,273.0,22.5,False,Pointer Move (Standard mouse)
1786007951.2041569,681,266,p1-block-3-trial-1-target-7,543.0,273.0,22.5,False,Pointer Move (Standard mouse)
1786007951.212789,678,262,p1-block-3-trial-1-target-7,543.0,273.0,22.5,False,Pointer Move (Standard mouse)
1786007951.220198,674,259,p1-block-3-trial-1-target-7,543.0,273.0,22.5,False,Pointer Move (Standard mouse)
1786007951.228402,668,254,p1-block-3-trial-1-target-7,543.0,273.0,22.5,False,Pointer Move (Standard mouse)
1786007951.2364311,664,251,p1-block-3-trial-1-target-7,543.0,273.0,22.5,False,Pointer Move (Standard mouse)
1786007951.2445061,660,248,p1-block-3-trial-1-target-7,543.0,273.0,22.5,False,Pointer Move (Standard mouse)
1786007951.252547,656,247,p1-block-3-trial-1-target-7,543.0,273.0,22.5,False,Pointer Move (Standard mouse)
1786007951.260739,653,246,p1-block-3-trial-1-target-7,543.0,273.0,22.5,False,Pointer Move (Standard mouse)
1786007951.269127,650,245,p1-block-3-trial-1-target-7,543.0,273.0,22.5,False,Pointer Move (Standard mouse)
1786007951.2768362,647,244,p1-block-3-trial-1-target-7,543.0,273.0,22.5,False,Pointer Move (Standard mouse)
1786007951.2848,645,244,p1-block-3-trial-1-target-7,543.0,273.0,22.5,False,Pointer Move (Standard mouse)
1786007951.293045,641,244,p1-block-3-trial-1-target-7,543.0,273.0,22.5,False,Pointer Move (Standard mouse)
1786007951.301523,638,244,p1-block-3-trial-1-target-7,543.0,273.0,22.5,False,Pointer Move (Standard mouse)
1786007951.309152,635,244,p1-block-3-trial-1-target-7,543.0,273.0,22.5,False,Pointer Move (Standard mouse)
1786007951.3170261,632,244,p1-block-3-trial-1-target-7,543.0,273.0,22.5,False,Pointer Move (Standard mouse)
1786007951.325187,627,244,p1-block-3-trial-1-target-7,543.0,273.0,22.5,False,Pointer Move (Standard mouse)
1786007951.3332999,622,244,p1-block-3-trial-1-target-7,543.0,273.0,22.5,False,Pointer Move (Standard mouse)
1786007951.342388,619,245,p1-block-3-trial-1-target-7,543.0,273.0,22.5,False,Pointer Move (Standard mouse)
1786007951.3495092,614,246,p1-block-3-trial-1-target-7,543.0,273.0,22.5,False,Pointer Move (Standard mouse)
1786007951.357425,611,248,p1-block-3-trial-1-target-7,543.0,273.0,22.5,False,Pointer Move (Standard mouse)
1786007951.365775,607,249,p1-block-3-trial-1-target-7,543.0,273.0,22.5,False,Pointer Move (Standard mouse)
1786007951.374615,604,250,p1-block-3-trial-1-target-7,543.0,273.0,22.5,False,Pointer Move (Standard mouse)
1786007951.382098,602,251,p1-block-3-trial-1-target-7,543.0,273.0,22.5,False,Pointer Move (Standard mouse)
1786007951.389848,600,253,p1-block-3-trial-1-target-7,543.0,273.0,22.5,False,Pointer Move (Standard mouse)
1786007951.3982022,598,254,p1-block-3-trial-1-target-7,543.0,273.0,22.5,False,Pointer Move (Standard mouse)
1786007951.406383,596,255,p1-block-3-trial-1-target-7,543.0,273.0,22.5,False,Pointer Move (Standard mouse)
1786007951.414743,594,256,p1-block-3-trial-1-target-7,543.0,273.0,22.5,False,Pointer Move (Standard mouse)
1786007951.4232268,592,259,p1-block-3-trial-1-target-7,543.0,273.0,22.5,False,Pointer Move (Standard mouse)
1786007951.431257,590,259,p1-block-3-trial-1-target-7,543.0,273.0,22.5,False,Pointer Move (Standard mouse)
1786007951.439444,587,262,p1-block-3-trial-1-target-7,543.0,273.0,22.5,False,Pointer Move (Standard mouse)
1786007951.4473212,585,263,p1-block-3-trial-1-target-7,543.0,273.0,22.5,False,Pointer Move (Standard mouse)
1786007951.4548,583,264,p1-block-3-trial-1-target-7,543.0,273.0,22.5,False,Pointer Move (Standard mouse)
1786007951.462955,581,266,p1-block-3-trial-1-target-7,543.0,273.0,22.5,False,Pointer Move (Standard mouse)
1786007951.4710069,579,267,p1-block-3-trial-1-target-7,543.0,273.0,22.5,False,Pointer Move (Standard mouse)
1786007951.4788349,578,268,p1-block-3-trial-1-target-7,543.0,273.0,22.5,False,Pointer Move (Standard mouse)
1786007951.490473,577,269,p1-block-3-trial-1-target-7,543.0,273.0,22.5,False,Pointer Move (Standard mouse)
1786007951.495417,575,270,p1-block-3-trial-1-target-7,543.0,273.0,22.5,False,Pointer Move (Standard mouse)
1786007951.50322,574,270,p1-block-3-trial-1-target-7,543.0,273.0,22.5,False,Pointer Move (Standard mouse)
1786007951.5112572,573,271,p1-block-3-trial-1-target-7,543.0,273.0,22.5,False,Pointer Move (Standard mouse)
1786007951.519835,572,272,p1-block-3-trial-1-target-7,543.0,273.0,22.5,False,Pointer Move (Standard mouse)
1786007951.527998,571,273,p1-block-3-trial-1-target-7,543.0,273.0,22.5,False,Pointer Move (Standard mouse)
1786007951.5362492,570,274,p1-block-3-trial-1-target-7,543.0,273.0,22.5,False,Pointer Move (Standard mouse)
1786007951.5439591,568,274,p1-block-3-trial-1-target-7,543.0,273.0,22.5,False,Pointer Move (Standard mouse)
1786007951.552279,567,275,p1-block-3-trial-1-target-7,543.0,273.0,22.5,False,Pointer Move (Standard mouse)
1786007951.5603578,565,277,p1-block-3-trial-1-target-7,543.0,273.0,22.5,False,Pointer Move (Standard mouse)
1786007951.568744,564,277,p1-block-3-trial-1-target-7,543.0,273.0,22.5,False,Pointer Move (Standard mouse)
1786007951.576394,562,278,p1-block-3-trial-1-target-7,543.0,273.0,22.5,False,Pointer Move (Standard mouse)
1786007951.584388,561,278,p1-block-3-trial-1-target-7,543.0,273.0,22.5,False,Pointer Move (Standard mouse)
1786007951.5922089,560,279,p1-block-3-trial-1-target-7,543.0,273.0,22.5,False,Pointer Move (Standard mouse)
1786007951.600351,559,279,p1-block-3-trial-1-target-7,543.0,273.0,22.5,False,Pointer Move (Standard mouse)
1786007951.608865,559,280,p1-block-3-trial-1-target-7,543.0,273.0,22.5,False,Pointer Move (Standard mouse)
1786007951.6167428,559,280,p1-block-3-trial-1-target-7,543.0,273.0,22.5,False,Pointer Move (Standard mouse)
1786007951.633733,558,280,p1-block-3-trial-1-target-7,543.0,273.0,22.5,False,Pointer Move (Standard mouse)
1786007951.641624,558,280,p1-block-3-trial-1-target-7,543.0,273.0,22.5,False,Pointer Move (Standard mouse)
1786007951.6744761,558,280,p1-block-3-trial-1-target-7,543.0,273.0,22.5,False,Pointer Move (Standard mouse)
1786007951.723418,558,280,p1-block-3-trial-1-target-7,543.0,273.0,22.5,False,Pointer Move (Standard mouse)
1786007951.754542,558,280,p1-block-3-trial-1-target-7,543.0,273.0,22.5,target_selected,target_selected
1786007952.144331,558,281,p1-block-3-trial-2-target-3,897.0,627.0,22.5,False,Pointer Move (Standard mouse)
1786007952.15131,558,289,p1-block-3-trial-2-target-3,897.0,627.0,22.5,False,Pointer Move (Standard mouse)
1786007952.15897,558,296,p1-block-3-trial-2-target-3,897.0,627.0,22.5,False,Pointer Move (Standard mouse)
1786007952.1671271,560,305,p1-block-3-trial-2-target-3,897.0,627.0,22.5,False,Pointer Move (Standard mouse)
1786007952.174965,562,311,p1-block-3-trial-2-target-3,897.0,627.0,22.5,False,Pointer Move (Standard mouse)
1786007952.183274,565,318,p1-block-3-trial-2-target-3,897.0,627.0,22.5,False,Pointer Move (Standard mouse)
1786007952.191273,567,329,p1-block-3-trial-2-target-3,897.0,627.0,22.5,False,Pointer Move (Standard mouse)
1786007952.1992488,571,338,p1-block-3-trial-2-target-3,897.0,627.0,22.5,False,Pointer Move (Standard mouse)
1786007952.207572,575,347,p1-block-3-trial-2-target-3,897.0,627.0,22.5,False,Pointer Move (Standard mouse)
1786007952.21573,577,353,p1-block-3-trial-2-target-3,897.0,627.0,22.5,False,Pointer Move (Standard mouse)
1786007952.223927,580,358,p1-block-3-trial-2-target-3,897.0,627.0,22.5,False,Pointer Move (Standard mouse)
1786007952.231904,582,363,p1-block-3-trial-2-target-3,897.0,627.0,22.5,False,Pointer Move (Standard mouse)
1786007952.2403982,587,372,p1-block-3-trial-2-target-3,897.0,627.0,22.5,False,Pointer Move (Standard mouse)
1786007952.2479239,591,379,p1-block-3-trial-2-target-3,897.0,627.0,22.5,False,Pointer Move (Standard mouse)
1786007952.2563689,596,387,p1-block-3-trial-2-target-3,897.0,627.0,22.5,False,Pointer Move (Standard mouse)
1786007952.26426,600,398,p1-block-3-trial-2-target-3,897.0,627.0,22.5,False,Pointer Move (Standard mouse)
1786007952.2726011,606,412,p1-block-3-trial-2-target-3,897.0,627.0,22.5,False,Pointer Move (Standard mouse)
1786007952.280363,612,423,p1-block-3-trial-2-target-3,897.0,627.0,22.5,False,Pointer Move (Standard mouse)
1786007952.288213,614,429,p1-block-3-trial-2-target-3,897.0,627.0,22.5,False,Pointer Move (Standard mouse)
1786007952.296501,619,441,p1-block-3-trial-2-target-3,897.0,627.0,22.5,False,Pointer Move (Standard mouse)
1786007952.304684,623,449,p1-block-3-trial-2-target-3,897.0,627.0,22.5,False,Pointer Move (Standard mouse)
1786007952.31265,626,458,p1-block-3-trial-2-target-3,897.0,627.0,22.5,False,Pointer Move (Standard mouse)
1786007952.320659,629,467,p1-block-3-trial-2-target-3,897.0,627.0,22.5,False,Pointer Move (Standard mouse)
1786007952.328796,632,474,p1-block-3-trial-2-target-3,897.0,627.0,22.5,False,Pointer Move (Standard mouse)
1786007952.337018,634,480,p1-block-3-trial-2-target-3,897.0,627.0,22.5,False,Pointer Move (Standard mouse)
1786007952.34527,637,491,p1-block-3-trial-2-target-3,897.0,627.0,22.5,False,Pointer Move (Standard mouse)
1786007952.3532548,639,500,p1-block-3-trial-2-target-3,897.0,627.0,22.5,False,Pointer Move (Standard mouse)
1786007952.361333,642,509,p1-block-3-trial-2-target-3,897.0,627.0,22.5,False,Pointer Move (Standard mouse)
1786007952.369646,644,520,p1-block-3-trial-2-target-3,897.0,627.0,22.5,False,Pointer Move (Standard mouse)
1786007952.377353,646,525,p1-block-3-trial-2-target-3,897.0,627.0,22.5,False,Pointer Move (Standard mouse)
1786007952.385552,649,533,p1-block-3-trial-2-target-3,897.0,627.0,22.5,False,Pointer Move (Standard mouse)
1786007952.3934348,651,542,p1-block-3-trial-2-target-3,897.0,627.0,22.5,False,Pointer Move (Standard mouse)
1786007952.401611,654,549,p1-block-3-trial-2-target-3,897.0,627.0,22.5,False,Pointer Move (Standard mouse)
1786007952.4097311,656,555,p1-block-3-trial-2-target-3,897.0,627.0,22.5,False,Pointer Move (Standard mouse)
1786007952.417692,658,560,p1-block-3-trial-2-target-3,897.0,627.0,22.5,False,Pointer Move (Standard mouse)
1786007952.425803,659,563,p1-block-3-trial-2-target-3,897.0,627.0,22.5,False,Pointer Move (Standard mouse)
1786007952.433753,661,568,p1-block-3-trial-2-target-3,897.0,627.0,22.5,False,Pointer Move (Standard mouse)
1786007952.4421551,663,570,p1-block-3-trial-2-target-3,897.0,627.0,22.5,False,Pointer Move (Standard mouse)
1786007952.450103,665,574,p1-block-3-trial-2-target-3,897.0,627.0,22.5,False,Pointer Move (Standard mouse)
1786007952.458067,667,577,p1-block-3-trial-2-target-3,897.0,627.0,22.5,False,Pointer Move (Standard mouse)
1786007952.4664042,673,585,p1-block-3-trial-2-target-3,897.0,627.0,22.5,False,Pointer Move (Standard mouse)
1786007952.4745998,677,589,p1-block-3-trial-2-target-3,897.0,627.0,22.5,False,Pointer Move (Standard mouse)
1786007952.482568,683,596,p1-block-3-trial-2-target-3,897.0,627.0,22.5,False,Pointer Move (Standard mouse)
1786007952.490994,690,604,p1-block-3-trial-2-target-3,897.0,627.0,22.5,False,Pointer Move (Standard mouse)
1786007952.498719,698,612,p1-block-3-trial-2-target-3,897.0,627.0,22.5,False,Pointer Move (Standard mouse)
1786007952.506856,709,621,p1-block-3-trial-2-target-3,897.0,627.0,22.5,False,Pointer Move (Standard mouse)
1786007952.514699,720,631,p1-block-3-trial-2-target-3,897.0,627.0,22.5,False,Pointer Move (Standard mouse)
1786007952.522997,729,638,p1-block-3-trial-2-target-3,897.0,627.0,22.5,False,Pointer Move (Standard mouse)
1786007952.530886,743,648,p1-block-3-trial-2-target-3,897.0,627.0,22.5,False,Pointer Move (Standard mouse)
1786007952.539127,756,658,p1-block-3-trial-2-target-3,897.0,627.0,22.5,False,Pointer Move (Standard mouse)
1786007952.547471,766,665,p1-block-3-trial-2-target-3,897.0,627.0,22.5,False,Pointer Move (Standard mouse)
1786007952.555212,771,668,p1-block-3-trial-2-target-3,897.0,627.0,22.5,False,Pointer Move (Standard mouse)
1786007952.563434,781,673,p1-block-3-trial-2-target-3,897.0,627.0,22.5,False,Pointer Move (Standard mouse)
1786007952.571506,791,679,p1-block-3-trial-2-target-3,897.0,627.0,22.5,False,Pointer Move (Standard mouse)
1786007952.579572,797,682,p1-block-3-trial-2-target-3,897.0,627.0,22.5,False,Pointer Move (Standard mouse)
1786007952.587918,804,685,p1-block-3-trial-2-target-3,897.0,627.0,22.5,False,Pointer Move (Standard mouse)
1786007952.595959,810,688,p1-block-3-trial-2-target-3,897.0,627.0,22.5,False,Pointer Move (Standard mouse)
1786007952.603862,817,690,p1-block-3-trial-2-target-3,897.0,627.0,22.5,False,Pointer Move (Standard mouse)
1786007952.6120179,822,692,p1-block-3-trial-2-target-3,897.0,627.0,22.5,False,Pointer Move (Standard mouse)
1786007952.620876,827,693,p1-block-3-trial-2-target-3,897.0,627.0,22.5,False,Pointer Move (Standard mouse)
1786007952.628219,831,694,p1-block-3-trial-2-target-3,897.0,627.0,22.5,False,Pointer Move (Standard mouse)
1786007952.63602,835,695,p1-block-3-trial-2-target-3,897.0,627.0,22.5,False,Pointer Move (Standard mouse)
1786007952.644547,838,695,p1-block-3-trial-2-target-3,897.0,627.0,22.5,False,Pointer Move (Standard mouse)
1786007952.652124,840,695,p1-block-3-trial-2-target-3,897.0,627.0,22.5,False,Pointer Move (Standard mouse)
1786007952.660645,842,695,p1-block-3-trial-2-target-3,897.0,627.0,22.5,False,Pointer Move (Standard mouse)
1786007952.668588,844,695,p1-block-3-trial-2-target-3,897.0,627.0,22.5,False,Pointer Move (Standard mouse)
1786007952.676638,845,695,p1-block-3-trial-2-target-3,897.0,627.0,22.5,False,Pointer Move (Standard mouse)
1786007952.6846788,846,695,p1-block-3-trial-2-target-3,897.0,627.0,22.5,False,Pointer Move (Standard mouse)
1786007952.69262,846,695,p1-block-3-trial-2-target-3,897.0,627.0,22.5,False,Pointer Move (Standard mouse)
1786007952.700969,847,695,p1-block-3-trial-2-target-3,897.0,627.0,22.5,False,Pointer Move (Standard mouse)
1786007952.709413,848,694,p1-block-3-trial-2-target-3,897.0,627.0,22.5,False,Pointer Move (Standard mouse)
1786007952.717451,848,693,p1-block-3-trial-2-target-3,897.0,627.0,22.5,False,Pointer Move (Standard mouse)
1786007952.725295,849,693,p1-block-3-trial-2-target-3,897.0,627.0,22.5,False,Pointer Move (Standard mouse)
1786007952.733442,849,691,p1-block-3-trial-2-target-3,897.0,627.0,22.5,False,Pointer Move (Standard mouse)
1786007952.7418182,850,690,p1-block-3-trial-2-target-3,897.0,627.0,22.5,False,Pointer Move (Standard mouse)
1786007952.749729,850,688,p1-block-3-trial-2-target-3,897.0,627.0,22.5,False,Pointer Move (Standard mouse)
1786007952.7576802,851,686,p1-block-3-trial-2-target-3,897.0,627.0,22.5,False,Pointer Move (Standard mouse)
1786007952.765495,852,684,p1-block-3-trial-2-target-3,897.0,627.0,22.5,False,Pointer Move (Standard mouse)
1786007952.774657,853,682,p1-block-3-trial-2-target-3,897.0,627.0,22.5,False,Pointer Move (Standard mouse)
1786007952.782262,854,679,p1-block-3-trial-2-target-3,897.0,627.0,22.5,False,Pointer Move (Standard mouse)
1786007952.790126,855,676,p1-block-3-trial-2-target-3,897.0,627.0,22.5,False,Pointer Move (Standard mouse)
1786007952.798023,856,673,p1-block-3-trial-2-target-3,897.0,627.0,22.5,False,Pointer Move (Standard mouse)
1786007952.806405,858,669,p1-block-3-trial-2-target-3,897.0,627.0,22.5,False,Pointer Move (Standard mouse)
1786007952.814351,859,666,p1-block-3-trial-2-target-3,897.0,627.0,22.5,False,Pointer Move (Standard mouse)
1786007952.8224618,860,663,p1-block-3-trial-2-target-3,897.0,627.0,22.5,False,Pointer Move (Standard mouse)
1786007952.8302,862,660,p1-block-3-trial-2-target-3,897.0,627.0,22.5,False,Pointer Move (Standard mouse)
1786007952.8381069,863,658,p1-block-3-trial-2-target-3,897.0,627.0,22.5,False,Pointer Move (Standard mouse)
1786007952.84653,865,654,p1-block-3-trial-2-target-3,897.0,627.0,22.5,False,Pointer Move (Standard mouse)
1786007952.85461,866,652,p1-block-3-trial-2-target-3,897.0,627.0,22.5,False,Pointer Move (Standard mouse)
1786007952.862828,868,649,p1-block-3-trial-2-target-3,897.0,627.0,22.5,False,Pointer Move (Standard mouse)
1786007952.8709838,869,647,p1-block-3-trial-2-target-3,897.0,627.0,22.5,False,Pointer Move (Standard mouse)
1786007952.87934,871,644,p1-block-3-trial-2-target-3,897.0,627.0,22.5,False,Pointer Move (Standard mouse)
1786007952.887406,872,642,p1-block-3-trial-2-target-3,897.0,627.0,22.5,False,Pointer Move (Standard mouse)
1786007952.895942,874,639,p1-block-3-trial-2-target-3,897.0,627.0,22.5,False,Pointer Move (Standard mouse)
1786007952.909954,876,635,p1-block-3-trial-2-target-3,897.0,627.0,22.5,False,Pointer Move (Standard mouse)
1786007952.911267,877,633,p1-block-3-trial-2-target-3,897.0,627.0,22.5,False,Pointer Move (Standard mouse)
1786007952.92021,878,631,p1-block-3-trial-2-target-3,897.0,627.0,22.5,False,Pointer Move (Standard mouse)
1786007952.927571,880,629,p1-block-3-trial-2-target-3,897.0,627.0,22.5,False,Pointer Move (Standard mouse)
1786007952.9358778,880,627,p1-block-3-trial-2-target-3,897.0,627.0,22.5,False,Pointer Move (Standard mouse)
1786007952.943895,882,625,p1-block-3-trial-2-target-3,897.0,627.0,22.5,False,Pointer Move (Standard mouse)
1786007952.952677,882,624,p1-block-3-trial-2-target-3,897.0,627.0,22.5,False,Pointer Move (Standard mouse)
1786007952.960557,883,623,p1-block-3-trial-2-target-3,897.0,627.0,22.5,False,Pointer Move (Standard mouse)
1786007952.968458,883,623,p1-block-3-trial-2-target-3,897.0,627.0,22.5,False,Pointer Move (Standard mouse)
1786007952.976202,884,622,p1-block-3-trial-2-target-3,897.0,627.0,22.5,False,Pointer Move (Standard mouse)
1786007952.9839401,884,622,p1-block-3-trial-2-target-3,897.0,627.0,22.5,False,Pointer Move (Standard mouse)
1786007952.992342,885,622,p1-block-3-trial-2-target-3,897.0,627.0,22.5,False,Pointer Move (Standard mouse)
1786007953.0001159,885,622,p1-block-3-trial-2-target-3,897.0,627.0,22.5,False,Pointer Move (Standard mouse)
1786007953.008498,885,622,p1-block-3-trial-2-target-3,897.0,627.0,22.5,False,Pointer Move (Standard mouse)
1786007953.0256279,886,622,p1-block-3-trial-2-target-3,897.0,627.0,22.5,False,Pointer Move (Standard mouse)
1786007953.0419211,886,622,p1-block-3-trial-2-target-3,897.0,627.0,22.5,False,Pointer Move (Standard mouse)
1786007953.049879,886,622,p1-block-3-trial-2-target-3,897.0,627.0,22.5,False,Pointer Move (Standard mouse)
1786007953.065995,887,622,p1-block-3-trial-2-target-3,897.0,627.0,22.5,False,Pointer Move (Standard mouse)
1786007953.074463,887,622,p1-block-3-trial-2-target-3,897.0,627.0,22.5,False,Pointer Move (Standard mouse)
1786007953.081586,887,622,p1-block-3-trial-2-target-3,897.0,627.0,22.5,False,Pointer Move (Standard mouse)
1786007953.0905411,888,622,p1-block-3-trial-2-target-3,897.0,627.0,22.5,False,Pointer Move (Standard mouse)
1786007953.106425,888,622,p1-block-3-trial-2-target-3,897.0,627.0,22.5,False,Pointer Move (Standard mouse)
1786007953.114079,889,622,p1-block-3-trial-2-target-3,897.0,627.0,22.5,False,Pointer Move (Standard mouse)
1786007953.122826,889,622,p1-block-3-trial-2-target-3,897.0,627.0,22.5,False,Pointer Move (Standard mouse)
1786007953.1300428,889,622,p1-block-3-trial-2-target-3,897.0,627.0,22.5,False,Pointer Move (Standard mouse)
1786007953.138857,890,622,p1-block-3-trial-2-target-3,897.0,627.0,22.5,False,Pointer Move (Standard mouse)
1786007953.155599,890,622,p1-block-3-trial-2-target-3,897.0,627.0,22.5,False,Pointer Move (Standard mouse)
1786007953.162508,890,622,p1-block-3-trial-2-target-3,897.0,627.0,22.5,False,Pointer Move (Standard mouse)
1786007953.204872,890,622,p1-block-3-trial-2-target-3,897.0,627.0,22.5,target_selected,target_selected
1786007953.673724,890,621,p1-block-3-trial-3-target-7,543.0,273.0,22.5,False,Pointer Move (Standard mouse)
1786007953.6809971,887,617,p1-block-3-trial-3-target-7,543.0,273.0,22.5,False,Pointer Move (Standard mouse)
1786007953.6902242,883,609,p1-block-3-trial-3-target-7,543.0,273.0,22.5,False,Pointer Move (Standard mouse)
1786007953.697034,877,598,p1-block-3-trial-3-target-7,543.0,273.0,22.5,False,Pointer Move (Standard mouse)
1786007953.705528,869,586,p1-block-3-trial-3-target-7,543.0,273.0,22.5,False,Pointer Move (Standard mouse)
1786007953.713349,858,567,p1-block-3-trial-3-target-7,543.0,273.0,22.5,False,Pointer Move (Standard mouse)
1786007953.7206998,844,547,p1-block-3-trial-3-target-7,543.0,273.0,22.5,False,Pointer Move (Standard mouse)
1786007953.728624,831,531,p1-block-3-trial-3-target-7,543.0,273.0,22.5,False,Pointer Move (Standard mouse)
1786007953.7369769,820,512,p1-block-3-trial-3-target-7,543.0,273.0,22.5,False,Pointer Move (Standard mouse)
1786007953.7450628,816,507,p1-block-3-trial-3-target-7,543.0,273.0,22.5,False,Pointer Move (Standard mouse)
1786007953.7529972,806,493,p1-block-3-trial-3-target-7,543.0,273.0,22.5,False,Pointer Move (Standard mouse)
1786007953.7610528,798,481,p1-block-3-trial-3-target-7,543.0,273.0,22.5,False,Pointer Move (Standard mouse)
1786007953.769095,791,471,p1-block-3-trial-3-target-7,543.0,273.0,22.5,False,Pointer Move (Standard mouse)
1786007953.7773929,780,453,p1-block-3-trial-3-target-7,543.0,273.0,22.5,False,Pointer Move (Standard mouse)
1786007953.78531,775,445,p1-block-3-trial-3-target-7,543.0,273.0,22.5,False,Pointer Move (Standard mouse)
1786007953.7934458,769,436,p1-block-3-trial-3-target-7,543.0,273.0,22.5,False,Pointer Move (Standard mouse)
1786007953.801492,763,428,p1-block-3-trial-3-target-7,543.0,273.0,22.5,False,Pointer Move (Standard mouse)
1786007953.8095932,758,418,p1-block-3-trial-3-target-7,543.0,273.0,22.5,False,Pointer Move (Standard mouse)
1786007953.817856,751,411,p1-block-3-trial-3-target-7,543.0,273.0,22.5,False,Pointer Move (Standard mouse)
1786007953.825739,744,401,p1-block-3-trial-3-target-7,543.0,273.0,22.5,False,Pointer Move (Standard mouse)
1786007953.8337312,741,397,p1-block-3-trial-3-target-7,543.0,273.0,22.5,False,Pointer Move (Standard mouse)
1786007953.8420749,735,390,p1-block-3-trial-3-target-7,543.0,273.0,22.5,False,Pointer Move (Standard mouse)
1786007953.850471,731,384,p1-block-3-trial-3-target-7,543.0,273.0,22.5,False,Pointer Move (Standard mouse)
1786007953.858878,726,379,p1-block-3-trial-3-target-7,543.0,273.0,22.5,False,Pointer Move (Standard mouse)
1786007953.866156,724,374,p1-block-3-trial-3-target-7,543.0,273.0,22.5,False,Pointer Move (Standard mouse)
1786007953.874026,721,370,p1-block-3-trial-3-target-7,543.0,273.0,22.5,False,Pointer Move (Standard mouse)
1786007953.882056,718,365,p1-block-3-trial-3-target-7,543.0,273.0,22.5,False,Pointer Move (Standard mouse)
1786007953.8900962,716,362,p1-block-3-trial-3-target-7,543.0,273.0,22.5,False,Pointer Move (Standard mouse)
1786007953.899137,715,359,p1-block-3-trial-3-target-7,543.0,273.0,22.5,False,Pointer Move (Standard mouse)
1786007953.906338,713,357,p1-block-3-trial-3-target-7,543.0,273.0,22.5,False,Pointer Move (Standard mouse)
1786007953.915353,712,353,p1-block-3-trial-3-target-7,543.0,273.0,22.5,False,Pointer Move (Standard mouse)
1786007953.9227068,711,350,p1-block-3-trial-3-target-7,543.0,273.0,22.5,False,Pointer Move (Standard mouse)
1786007953.931068,709,347,p1-block-3-trial-3-target-7,543.0,273.0,22.5,False,Pointer Move (Standard mouse)
1786007953.938957,707,344,p1-block-3-trial-3-target-7,543.0,273.0,22.5,False,Pointer Move (Standard mouse)
1786007953.946848,706,342,p1-block-3-trial-3-target-7,543.0,273.0,22.5,False,Pointer Move (Standard mouse)
1786007953.95514,705,338,p1-block-3-trial-3-target-7,543.0,273.0,22.5,False,Pointer Move (Standard mouse)
1786007953.963051,703,335,p1-block-3-trial-3-target-7,543.0,273.0,22.5,False,Pointer Move (Standard mouse)
1786007953.971296,700,333,p1-block-3-trial-3-target-7,543.0,273.0,22.5,False,Pointer Move (Standard mouse)
1786007953.979497,698,329,p1-block-3-trial-3-target-7,543.0,273.0,22.5,False,Pointer Move (Standard mouse)
1786007953.9879029,694,326,p1-block-3-trial-3-target-7,543.0,273.0,22.5,False,Pointer Move (Standard mouse)
1786007953.995787,690,323,p1-block-3-trial-3-target-7,543.0,273.0,22.5,False,Pointer Move (Standard mouse)
1786007954.003912,684,319,p1-block-3-trial-3-target-7,543.0,273.0,22.5,False,Pointer Move (Standard mouse)
1786007954.012116,680,316,p1-block-3-trial-3-target-7,543.0,273.0,22.5,False,Pointer Move (Standard mouse)
1786007954.020115,673,313,p1-block-3-trial-3-target-7,543.0,273.0,22.5,False,Pointer Move (Standard mouse)
1786007954.02804,664,309,p1-block-3-trial-3-target-7,543.0,273.0,22.5,False,Pointer Move (Standard mouse)
1786007954.035894,653,306,p1-block-3-trial-3-target-7,543.0,273.0,22.5,False,Pointer Move (Standard mouse)
1786007954.044445,642,303,p1-block-3-trial-3-target-7,543.0,273.0,22.5,False,Pointer Move (Standard mouse)
1786007954.052486,631,300,p1-block-3-trial-3-target-7,543.0,273.0,22.5,False,Pointer Move (Standard mouse)
1786007954.060574,620,299,p1-block-3-trial-3-target-7,543.0,273.0,22.5,False,Pointer Move (Standard mouse)
1786007954.0687318,613,298,p1-block-3-trial-3-target-7,543.0,273.0,22.5,False,Pointer Move (Standard mouse)
1786007954.0767272,604,297,p1-block-3-trial-3-target-7,543.0,273.0,22.5,False,Pointer Move (Standard mouse)
1786007954.084445,595,297,p1-block-3-trial-3-target-7,543.0,273.0,22.5,False,Pointer Move (Standard mouse)
1786007954.0926201,589,297,p1-block-3-trial-3-target-7,543.0,273.0,22.5,False,Pointer Move (Standard mouse)
1786007954.101137,584,296,p1-block-3-trial-3-target-7,543.0,273.0,22.5,False,Pointer Move (Standard mouse)
1786007954.109026,579,296,p1-block-3-trial-3-target-7,543.0,273.0,22.5,False,Pointer Move (Standard mouse)
1786007954.116972,577,296,p1-block-3-trial-3-target-7,543.0,273.0,22.5,False,Pointer Move (Standard mouse)
1786007954.1253278,575,296,p1-block-3-trial-3-target-7,543.0,273.0,22.5,False,Pointer Move (Standard mouse)
1786007954.1333818,574,296,p1-block-3-trial-3-target-7,543.0,273.0,22.5,False,Pointer Move (Standard mouse)
1786007954.141312,573,296,p1-block-3-trial-3-target-7,543.0,273.0,22.5,False,Pointer Move (Standard mouse)
1786007954.1495721,571,296,p1-block-3-trial-3-target-7,543.0,273.0,22.5,False,Pointer Move (Standard mouse)
1786007954.157593,570,296,p1-block-3-trial-3-target-7,543.0,273.0,22.5,False,Pointer Move (Standard mouse)
1786007954.165486,569,296,p1-block-3-trial-3-target-7,543.0,273.0,22.5,False,Pointer Move (Standard mouse)
1786007954.173694,568,296,p1-block-3-trial-3-target-7,543.0,273.0,22.5,False,Pointer Move (Standard mouse)
1786007954.181896,567,296,p1-block-3-trial-3-target-7,543.0,273.0,22.5,False,Pointer Move (Standard mouse)
1786007954.189623,566,296,p1-block-3-trial-3-target-7,543.0,273.0,22.5,False,Pointer Move (Standard mouse)
1786007954.197782,565,296,p1-block-3-trial-3-target-7,543.0,273.0,22.5,False,Pointer Move (Standard mouse)
1786007954.206121,564,296,p1-block-3-trial-3-target-7,543.0,273.0,22.5,False,Pointer Move (Standard mouse)
1786007954.21438,563,296,p1-block-3-trial-3-target-7,543.0,273.0,22.5,False,Pointer Move (Standard mouse)
1786007954.2302258,563,296,p1-block-3-trial-3-target-7,543.0,273.0,22.5,False,Pointer Move (Standard mouse)
1786007954.2384682,563,296,p1-block-3-trial-3-target-7,543.0,273.0,22.5,False,Pointer Move (Standard mouse)
1786007954.328456,563,295,p1-block-3-trial-3-target-7,543.0,273.0,22.5,False,Pointer Move (Standard mouse)
1786007954.336643,563,295,p1-block-3-trial-3-target-7,543.0,273.0,22.5,False,Pointer Move (Standard mouse)
1786007954.344036,563,295,p1-block-3-trial-3-target-7,543.0,273.0,22.5,False,Pointer Move (Standard mouse)
1786007954.351825,563,294,p1-block-3-trial-3-target-7,543.0,273.0,22.5,False,Pointer Move (Standard mouse)
1786007954.3597598,563,294,p1-block-3-trial-3-target-7,543.0,273.0,22.5,False,Pointer Move (Standard mouse)
1786007954.3677921,563,294,p1-block-3-trial-3-target-7,543.0,273.0,22.5,False,Pointer Move (Standard mouse)
1786007954.376659,563,293,p1-block-3-trial-3-target-7,543.0,273.0,22.5,False,Pointer Move (Standard mouse)
1786007954.384619,563,292,p1-block-3-trial-3-target-7,543.0,273.0,22.5,False,Pointer Move (Standard mouse)
1786007954.391971,563,292,p1-block-3-trial-3-target-7,543.0,273.0,22.5,False,Pointer Move (Standard mouse)
1786007954.40034,563,291,p1-block-3-trial-3-target-7,543.0,273.0,22.5,False,Pointer Move (Standard mouse)
1786007954.408394,563,290,p1-block-3-trial-3-target-7,543.0,273.0,22.5,False,Pointer Move (Standard mouse)
1786007954.416802,563,289,p1-block-3-trial-3-target-7,543.0,273.0,22.5,False,Pointer Move (Standard mouse)
1786007954.4249501,563,288,p1-block-3-trial-3-target-7,543.0,273.0,22.5,False,Pointer Move (Standard mouse)
1786007954.4325912,563,286,p1-block-3-trial-3-target-7,543.0,273.0,22.5,False,Pointer Move (Standard mouse)
1786007954.4402418,563,285,p1-block-3-trial-3-target-7,543.0,273.0,22.5,False,Pointer Move (Standard mouse)
1786007954.4486,563,284,p1-block-3-trial-3-target-7,543.0,273.0,22.5,False,Pointer Move (Standard mouse)
1786007954.456696,563,283,p1-block-3-trial-3-target-7,543.0,273.0,22.5,False,Pointer Move (Standard mouse)
1786007954.465065,563,282,p1-block-3-trial-3-target-7,543.0,273.0,22.5,False,Pointer Move (Standard mouse)
1786007954.473374,562,281,p1-block-3-trial-3-target-7,543.0,273.0,22.5,False,Pointer Move (Standard mouse)
1786007954.4812531,562,281,p1-block-3-trial-3-target-7,543.0,273.0,22.5,False,Pointer Move (Standard mouse)
1786007954.489347,562,279,p1-block-3-trial-3-target-7,543.0,273.0,22.5,False,Pointer Move (Standard mouse)
1786007954.497729,562,279,p1-block-3-trial-3-target-7,543.0,273.0,22.5,False,Pointer Move (Standard mouse)
1786007954.506001,561,279,p1-block-3-trial-3-target-7,543.0,273.0,22.5,False,Pointer Move (Standard mouse)
1786007954.5139499,561,278,p1-block-3-trial-3-target-7,543.0,273.0,22.5,False,Pointer Move (Standard mouse)
1786007954.538759,561,278,p1-block-3-trial-3-target-7,543.0,273.0,22.5,False,Pointer Move (Standard mouse)
1786007954.55388,561,278,p1-block-3-trial-3-target-7,543.0,273.0,22.5,False,Pointer Move (Standard mouse)
1786007954.587917,561,278,p1-block-3-trial-3-target-7,543.0,273.0,22.5,target_selected,target_selected
1786007954.984421,561,278,p1-block-3-trial-4-target-3,897.0,627.0,22.5,False,Pointer Move (Standard mouse)
1786007954.991359,562,285,p1-block-3-trial-4-target-3,897.0,627.0,22.5,False,Pointer Move (Standard mouse)
1786007954.999629,573,310,p1-block-3-trial-4-target-3,897.0,627.0,22.5,False,Pointer Move (Standard mouse)
1786007955.007892,585,336,p1-block-3-trial-4-target-3,897.0,627.0,22.5,False,Pointer Move (Standard mouse)
1786007955.0160189,600,362,p1-block-3-trial-4-target-3,897.0,627.0,22.5,False,Pointer Move (Standard mouse)
1786007955.0234518,610,380,p1-block-3-trial-4-target-3,897.0,627.0,22.5,False,Pointer Move (Standard mouse)
1786007955.031491,626,410,p1-block-3-trial-4-target-3,897.0,627.0,22.5,False,Pointer Move (Standard mouse)
1786007955.0397031,645,441,p1-block-3-trial-4-target-3,897.0,627.0,22.5,False,Pointer Move (Standard mouse)
1786007955.046773,666,478,p1-block-3-trial-4-target-3,897.0,627.0,22.5,False,Pointer Move (Standard mouse)
1786007955.0560691,684,505,p1-block-3-trial-4-target-3,897.0,627.0,22.5,False,Pointer Move (Standard mouse)
1786007955.064031,699,531,p1-block-3-trial-4-target-3,897.0,627.0,22.5,False,Pointer Move (Standard mouse)
1786007955.072,714,554,p1-block-3-trial-4-target-3,897.0,627.0,22.5,False,Pointer Move (Standard mouse)
1786007955.080034,717,561,p1-block-3-trial-4-target-3,897.0,627.0,22.5,False,Pointer Move (Standard mouse)
1786007955.0925791,728,576,p1-block-3-trial-4-target-3,897.0,627.0,22.5,False,Pointer Move (Standard mouse)
1786007955.096215,735,589,p1-block-3-trial-4-target-3,897.0,627.0,22.5,False,Pointer Move (Standard mouse)
1786007955.1039,742,598,p1-block-3-trial-4-target-3,897.0,627.0,22.5,False,Pointer Move (Standard mouse)
1786007955.112289,746,607,p1-block-3-trial-4-target-3,897.0,627.0,22.5,False,Pointer Move (Standard mouse)
1786007955.120548,751,615,p1-block-3-trial-4-target-3,897.0,627.0,22.5,False,Pointer Move (Standard mouse)
1786007955.1284952,754,621,p1-block-3-trial-4-target-3,897.0,627.0,22.5,False,Pointer Move (Standard mouse)
1786007955.136773,756,626,p1-block-3-trial-4-target-3,897.0,627.0,22.5,False,Pointer Move (Standard mouse)
1786007955.145099,758,629,p1-block-3-trial-4-target-3,897.0,627.0,22.5,False,Pointer Move (Standard mouse)
1786007955.152651,760,632,p1-block-3-trial-4-target-3,897.0,627.0,22.5,False,Pointer Move (Standard mouse)
1786007955.161456,761,634,p1-block-3-trial-4-target-3,897.0,627.0,22.5,False,Pointer Move (Standard mouse)
1786007955.168972,762,636,p1-block-3-trial-4-target-3,897.0,627.0,22.5,False,Pointer Move (Standard mouse)
1786007955.176991,762,637,p1-block-3-trial-4-target-3,897.0,627.0,22.5,False,Pointer Move (Standard mouse)
1786007955.185292,763,639,p1-block-3-trial-4-target-3,897.0,627.0,22.5,False,Pointer Move (Standard mouse)
1786007955.1934998,764,641,p1-block-3-trial-4-target-3,897.0,627.0,22.5,False,Pointer Move (Standard mouse)
1786007955.20139,764,641,p1-block-3-trial-4-target-3,897.0,627.0,22.5,False,Pointer Move (Standard mouse)
1786007955.209422,765,642,p1-block-3-trial-4-target-3,897.0,627.0,22.5,False,Pointer Move (Standard mouse)
1786007955.2179399,765,642,p1-block-3-trial-4-target-3,897.0,627.0,22.5,False,Pointer Move (Standard mouse)
1786007955.225377,766,643,p1-block-3-trial-4-target-3,897.0,627.0,22.5,False,Pointer Move (Standard mouse)
1786007955.234018,766,644,p1-block-3-trial-4-target-3,897.0,627.0,22.5,False,Pointer Move (Standard mouse)
1786007955.241919,767,645,p1-block-3-trial-4-target-3,897.0,627.0,22.5,False,Pointer Move (Standard mouse)
1786007955.2499561,768,645,p1-block-3-trial-4-target-3,897.0,627.0,22.5,False,Pointer Move (Standard mouse)
1786007955.257952,769,646,p1-block-3-trial-4-target-3,897.0,627.0,22.5,False,Pointer Move (Standard mouse)
1786007955.266013,771,648,p1-block-3-trial-4-target-3,897.0,627.0,22.5,False,Pointer Move (Standard mouse)
1786007955.274414,772,649,p1-block-3-trial-4-target-3,897.0,627.0,22.5,False,Pointer Move (Standard mouse)
1786007955.2823691,775,650,p1-block-3-trial-4-target-3,897.0,627.0,22.5,False,Pointer Move (Standard mouse)
1786007955.290445,779,653,p1-block-3-trial-4-target-3,897.0,627.0,22.5,False,Pointer Move (Standard mouse)
1786007955.298559,784,655,p1-block-3-trial-4-target-3,897.0,627.0,22.5,False,Pointer Move (Standard mouse)
1786007955.306762,788,657,p1-block-3-trial-4-target-3,897.0,627.0,22.5,False,Pointer Move (Standard mouse)
1786007955.314643,795,659,p1-block-3-trial-4-target-3,897.0,627.0,22.5,False,Pointer Move (Standard mouse)
1786007955.322528,806,662,p1-block-3-trial-4-target-3,897.0,627.0,22.5,False,Pointer Move (Standard mouse)
1786007955.3307729,813,663,p1-block-3-trial-4-target-3,897.0,627.0,22.5,False,Pointer Move (Standard mouse)
1786007955.338909,818,664,p1-block-3-trial-4-target-3,897.0,627.0,22.5,False,Pointer Move (Standard mouse)
1786007955.346803,826,665,p1-block-3-trial-4-target-3,897.0,627.0,22.5,False,Pointer Move (Standard mouse)
1786007955.355086,833,665,p1-block-3-trial-4-target-3,897.0,627.0,22.5,False,Pointer Move (Standard mouse)
1786007955.363009,842,665,p1-block-3-trial-4-target-3,897.0,627.0,22.5,False,Pointer Move (Standard mouse)
1786007955.370993,848,665,p1-block-3-trial-4-target-3,897.0,627.0,22.5,False,Pointer Move (Standard mouse)
1786007955.3792481,853,665,p1-block-3-trial-4-target-3,897.0,627.0,22.5,False,Pointer Move (Standard mouse)
1786007955.387599,858,665,p1-block-3-trial-4-target-3,897.0,627.0,22.5,False,Pointer Move (Standard mouse)
1786007955.395787,861,665,p1-block-3-trial-4-target-3,897.0,627.0,22.5,False,Pointer Move (Standard mouse)
1786007955.403819,864,665,p1-block-3-trial-4-target-3,897.0,627.0,22.5,False,Pointer Move (Standard mouse)
1786007955.411865,866,665,p1-block-3-trial-4-target-3,897.0,627.0,22.5,False,Pointer Move (Standard mouse)
1786007955.420286,870,663,p1-block-3-trial-4-target-3,897.0,627.0,22.5,False,Pointer Move (Standard mouse)
1786007955.4283679,871,662,p1-block-3-trial-4-target-3,897.0,627.0,22.5,False,Pointer Move (Standard mouse)
1786007955.436384,873,661,p1-block-3-trial-4-target-3,897.0,627.0,22.5,False,Pointer Move (Standard mouse)
1786007955.444296,874,660,p1-block-3-trial-4-target-3,897.0,627.0,22.5,False,Pointer Move (Standard mouse)
1786007955.4521642,875,660,p1-block-3-trial-4-target-3,897.0,627.0,22.5,False,Pointer Move (Standard mouse)
1786007955.460254,875,659,p1-block-3-trial-4-target-3,897.0,627.0,22.5,False,Pointer Move (Standard mouse)
1786007955.4683049,876,658,p1-block-3-trial-4-target-3,897.0,627.0,22.5,False,Pointer Move (Standard mouse)
1786007955.476576,877,657,p1-block-3-trial-4-target-3,897.0,627.0,22.5,False,Pointer Move (Standard mouse)
1786007955.484587,877,656,p1-block-3-trial-4-target-3,897.0,627.0,22.5,False,Pointer Move (Standard mouse)
1786007955.492737,878,655,p1-block-3-trial-4-target-3,897.0,627.0,22.5,False,Pointer Move (Standard mouse)
1786007955.5006342,879,654,p1-block-3-trial-4-target-3,897.0,627.0,22.5,False,Pointer Move (Standard mouse)
1786007955.508665,879,654,p1-block-3-trial-4-target-3,897.0,627.0,22.5,False,Pointer Move (Standard mouse)
1786007955.517014,879,653,p1-block-3-trial-4-target-3,897.0,627.0,22.5,False,Pointer Move (Standard mouse)
1786007955.5249972,879,652,p1-block-3-trial-4-target-3,897.0,627.0,22.5,False,Pointer Move (Standard mouse)
1786007955.533168,879,650,p1-block-3-trial-4-target-3,897.0,627.0,22.5,False,Pointer Move (Standard mouse)
1786007955.5413609,880,649,p1-block-3-trial-4-target-3,897.0,627.0,22.5,False,Pointer Move (Standard mouse)
1786007955.549527,880,648,p1-block-3-trial-4-target-3,897.0,627.0,22.5,False,Pointer Move (Standard mouse)
1786007955.557604,880,647,p1-block-3-trial-4-target-3,897.0,627.0,22.5,False,Pointer Move (Standard mouse)
1786007955.5659142,881,646,p1-block-3-trial-4-target-3,897.0,627.0,22.5,False,Pointer Move (Standard mouse)
1786007955.5736299,881,645,p1-block-3-trial-4-target-3,897.0,627.0,22.5,False,Pointer Move (Standard mouse)
1786007955.5816479,881,645,p1-block-3-trial-4-target-3,897.0,627.0,22.5,False,Pointer Move (Standard mouse)
1786007955.589761,881,644,p1-block-3-trial-4-target-3,897.0,627.0,22.5,False,Pointer Move (Standard mouse)
1786007955.5979571,882,643,p1-block-3-trial-4-target-3,897.0,627.0,22.5,False,Pointer Move (Standard mouse)
1786007955.606069,882,642,p1-block-3-trial-4-target-3,897.0,627.0,22.5,False,Pointer Move (Standard mouse)
1786007955.614448,883,641,p1-block-3-trial-4-target-3,897.0,627.0,22.5,False,Pointer Move (Standard mouse)
1786007955.622108,883,641,p1-block-3-trial-4-target-3,897.0,627.0,22.5,False,Pointer Move (Standard mouse)
1786007955.6301749,883,640,p1-block-3-trial-4-target-3,897.0,627.0,22.5,False,Pointer Move (Standard mouse)
1786007955.63822,884,639,p1-block-3-trial-4-target-3,897.0,627.0,22.5,False,Pointer Move (Standard mouse)
1786007955.646392,884,638,p1-block-3-trial-4-target-3,897.0,627.0,22.5,False,Pointer Move (Standard mouse)
1786007955.6545842,885,638,p1-block-3-trial-4-target-3,897.0,627.0,22.5,False,Pointer Move (Standard mouse)
1786007955.663549,885,638,p1-block-3-trial-4-target-3,897.0,627.0,22.5,False,Pointer Move (Standard mouse)
1786007955.670936,886,637,p1-block-3-trial-4-target-3,897.0,627.0,22.5,False,Pointer Move (Standard mouse)
1786007955.679938,887,636,p1-block-3-trial-4-target-3,897.0,627.0,22.5,False,Pointer Move (Standard mouse)
1786007955.686713,887,636,p1-block-3-trial-4-target-3,897.0,627.0,22.5,False,Pointer Move (Standard mouse)
1786007955.694706,887,635,p1-block-3-trial-4-target-3,897.0,627.0,22.5,False,Pointer Move (Standard mouse)
1786007955.703412,888,635,p1-block-3-trial-4-target-3,897.0,627.0,22.5,False,Pointer Move (Standard mouse)
1786007955.710755,888,634,p1-block-3-trial-4-target-3,897.0,627.0,22.5,False,Pointer Move (Standard mouse)
1786007955.719111,888,634,p1-block-3-trial-4-target-3,897.0,627.0,22.5,False,Pointer Move (Standard mouse)
1786007955.7268732,889,634,p1-block-3-trial-4-target-3,897.0,627.0,22.5,False,Pointer Move (Standard mouse)
1786007955.734922,889,634,p1-block-3-trial-4-target-3,897.0,627.0,22.5,False,Pointer Move (Standard mouse)
1786007955.743136,890,634,p1-block-3-trial-4-target-3,897.0,627.0,22.5,False,Pointer Move (Standard mouse)
1786007955.759858,890,634,p1-block-3-trial-4-target-3,897.0,627.0,22.5,False,Pointer Move (Standard mouse)
1786007955.804995,890,634,p1-block-3-trial-4-target-3,897.0,627.0,22.5,target_selected,target_selected
1786007955.824285,890,634,p1-block-3-trial-5-target-7,543.0,273.0,22.5,False,Pointer Move (Standard mouse)
1786007956.190172,890,634,p1-block-3-trial-5-target-7,543.0,273.0,22.5,False,Pointer Move (Standard mouse)
1786007956.197133,883,627,p1-block-3-trial-5-target-7,543.0,273.0,22.5,False,Pointer Move (Standard mouse)
1786007956.2052538,878,623,p1-block-3-trial-5-target-7,543.0,273.0,22.5,False,Pointer Move (Standard mouse)
1786007956.212865,871,613,p1-block-3-trial-5-target-7,543.0,273.0,22.5,False,Pointer Move (Standard mouse)
1786007956.2212632,865,606,p1-block-3-trial-5-target-7,543.0,273.0,22.5,False,Pointer Move (Standard mouse)
1786007956.228957,859,596,p1-block-3-trial-5-target-7,543.0,273.0,22.5,False,Pointer Move (Standard mouse)
1786007956.2374148,849,582,p1-block-3-trial-5-target-7,543.0,273.0,22.5,False,Pointer Move (Standard mouse)
1786007956.2452219,843,571,p1-block-3-trial-5-target-7,543.0,273.0,22.5,False,Pointer Move (Standard mouse)
1786007956.253589,835,559,p1-block-3-trial-5-target-7,543.0,273.0,22.5,False,Pointer Move (Standard mouse)
1786007956.2612748,828,547,p1-block-3-trial-5-target-7,543.0,273.0,22.5,False,Pointer Move (Standard mouse)
1786007956.269757,820,534,p1-block-3-trial-5-target-7,543.0,273.0,22.5,False,Pointer Move (Standard mouse)
1786007956.277688,812,522,p1-block-3-trial-5-target-7,543.0,273.0,22.5,False,Pointer Move (Standard mouse)
1786007956.286128,805,510,p1-block-3-trial-5-target-7,543.0,273.0,22.5,False,Pointer Move (Standard mouse)
1786007956.293795,796,494,p1-block-3-trial-5-target-7,543.0,273.0,22.5,False,Pointer Move (Standard mouse)
1786007956.301903,788,482,p1-block-3-trial-5-target-7,543.0,273.0,22.5,False,Pointer Move (Standard mouse)
1786007956.3098528,781,470,p1-block-3-trial-5-target-7,543.0,273.0,22.5,False,Pointer Move (Standard mouse)
1786007956.317864,773,457,p1-block-3-trial-5-target-7,543.0,273.0,22.5,False,Pointer Move (Standard mouse)
1786007956.3262131,766,447,p1-block-3-trial-5-target-7,543.0,273.0,22.5,False,Pointer Move (Standard mouse)
1786007956.334422,763,443,p1-block-3-trial-5-target-7,543.0,273.0,22.5,False,Pointer Move (Standard mouse)
1786007956.342179,758,433,p1-block-3-trial-5-target-7,543.0,273.0,22.5,False,Pointer Move (Standard mouse)
1786007956.350205,754,426,p1-block-3-trial-5-target-7,543.0,273.0,22.5,False,Pointer Move (Standard mouse)
1786007956.358159,750,418,p1-block-3-trial-5-target-7,543.0,273.0,22.5,False,Pointer Move (Standard mouse)
1786007956.3664541,745,410,p1-block-3-trial-5-target-7,543.0,273.0,22.5,False,Pointer Move (Standard mouse)
1786007956.3743849,744,405,p1-block-3-trial-5-target-7,543.0,273.0,22.5,False,Pointer Move (Standard mouse)
1786007956.382986,741,400,p1-block-3-trial-5-target-7,543.0,273.0,22.5,False,Pointer Move (Standard mouse)
1786007956.390954,737,394,p1-block-3-trial-5-target-7,543.0,273.0,22.5,False,Pointer Move (Standard mouse)
1786007956.399294,732,383,p1-block-3-trial-5-target-7,543.0,273.0,22.5,False,Pointer Move (Standard mouse)
1786007956.4075332,728,376,p1-block-3-trial-5-target-7,543.0,273.0,22.5,False,Pointer Move (Standard mouse)
1786007956.4153442,725,369,p1-block-3-trial-5-target-7,543.0,273.0,22.5,False,Pointer Move (Standard mouse)
1786007956.423517,724,366,p1-block-3-trial-5-target-7,543.0,273.0,22.5,False,Pointer Move (Standard mouse)
1786007956.431152,719,359,p1-block-3-trial-5-target-7,543.0,273.0,22.5,False,Pointer Move (Standard mouse)
1786007956.4392178,715,352,p1-block-3-trial-5-target-7,543.0,273.0,22.5,False,Pointer Move (Standard mouse)
1786007956.4480362,710,344,p1-block-3-trial-5-target-7,543.0,273.0,22.5,False,Pointer Move (Standard mouse)
1786007956.455504,707,340,p1-block-3-trial-5-target-7,543.0,273.0,22.5,False,Pointer Move (Standard mouse)
1786007956.464365,703,334,p1-block-3-trial-5-target-7,543.0,273.0,22.5,False,Pointer Move (Standard mouse)
1786007956.4716349,700,329,p1-block-3-trial-5-target-7,543.0,273.0,22.5,False,Pointer Move (Standard mouse)
1786007956.47963,696,326,p1-block-3-trial-5-target-7,543.0,273.0,22.5,False,Pointer Move (Standard mouse)
1786007956.4880488,693,322,p1-block-3-trial-5-target-7,543.0,273.0,22.5,False,Pointer Move (Standard mouse)
1786007956.4960299,689,318,p1-block-3-trial-5-target-7,543.0,273.0,22.5,False,Pointer Move (Standard mouse)
1786007956.5038478,681,310,p1-block-3-trial-5-target-7,543.0,273.0,22.5,False,Pointer Move (Standard mouse)
1786007956.5121,676,305,p1-block-3-trial-5-target-7,543.0,273.0,22.5,False,Pointer Move (Standard mouse)
1786007956.5202718,673,303,p1-block-3-trial-5-target-7,543.0,273.0,22.5,False,Pointer Move (Standard mouse)
1786007956.5282218,668,298,p1-block-3-trial-5-target-7,543.0,273.0,22.5,False,Pointer Move (Standard mouse)
1786007956.5365708,657,289,p1-block-3-trial-5-target-7,543.0,273.0,22.5,False,Pointer Move (Standard mouse)
1786007956.544503,649,284,p1-block-3-trial-5-target-7,543.0,273.0,22.5,False,Pointer Move (Standard mouse)
1786007956.552744,642,279,p1-block-3-trial-5-target-7,543.0,273.0,22.5,False,Pointer Move (Standard mouse)
1786007956.5608692,633,275,p1-block-3-trial-5-target-7,543.0,273.0,22.5,False,Pointer Move (Standard mouse)
1786007956.568942,623,270,p1-block-3-trial-5-target-7,543.0,273.0,22.5,False,Pointer Move (Standard mouse)
1786007956.5772989,614,264,p1-block-3-trial-5-target-7,543.0,273.0,22.5,False,Pointer Move (Standard mouse)
1786007956.585433,610,263,p1-block-3-trial-5-target-7,543.0,273.0,22.5,False,Pointer Move (Standard mouse)
1786007956.593354,604,260,p1-block-3-trial-5-target-7,543.0,273.0,22.5,False,Pointer Move (Standard mouse)
1786007956.6011388,599,258,p1-block-3-trial-5-target-7,543.0,273.0,22.5,False,Pointer Move (Standard mouse)
1786007956.609511,594,256,p1-block-3-trial-5-target-7,543.0,273.0,22.5,False,Pointer Move (Standard mouse)
1786007956.6174212,591,255,p1-block-3-trial-5-target-7,543.0,273.0,22.5,False,Pointer Move (Standard mouse)
1786007956.62554,588,254,p1-block-3-trial-5-target-7,543.0,273.0,22.5,False,Pointer Move (Standard mouse)
1786007956.633548,586,254,p1-block-3-trial-5-target-7,543.0,273.0,22.5,False,Pointer Move (Standard mouse)
1786007956.641669,584,254,p1-block-3-trial-5-target-7,543.0,273.0,22.5,False,Pointer Move (Standard mouse)
1786007956.649914,580,254,p1-block-3-trial-5-target-7,543.0,273.0,22.5,False,Pointer Move (Standard mouse)
1786007956.6579049,578,254,p1-block-3-trial-5-target-7,543.0,273.0,22.5,False,Pointer Move (Standard mouse)
1786007956.665921,575,254,p1-block-3-trial-5-target-7,543.0,273.0,22.5,False,Pointer Move (Standard mouse)
1786007956.674688,573,254,p1-block-3-trial-5-target-7,543.0,273.0,22.5,False,Pointer Move (Standard mouse)
1786007956.682775,570,254,p1-block-3-trial-5-target-7,543.0,273.0,22.5,False,Pointer Move (Standard mouse)
1786007956.690305,568,254,p1-block-3-trial-5-target-7,543.0,273.0,22.5,False,Pointer Move (Standard mouse)
1786007956.6984808,564,254,p1-block-3-trial-5-target-7,543.0,273.0,22.5,False,Pointer Move (Standard mouse)
1786007956.7069929,563,254,p1-block-3-trial-5-target-7,543.0,273.0,22.5,False,Pointer Move (Standard mouse)
1786007956.7150779,561,254,p1-block-3-trial-5-target-7,543.0,273.0,22.5,False,Pointer Move (Standard mouse)
1786007956.723179,560,254,p1-block-3-trial-5-target-7,543.0,273.0,22.5,False,Pointer Move (Standard mouse)
1786007956.7314718,559,254,p1-block-3-trial-5-target-7,543.0,273.0,22.5,False,Pointer Move (Standard mouse)
1786007956.739659,559,254,p1-block-3-trial-5-target-7,543.0,273.0,22.5,False,Pointer Move (Standard mouse)
1786007956.7474408,558,254,p1-block-3-trial-5-target-7,543.0,273.0,22.5,False,Pointer Move (Standard mouse)
1786007956.755523,557,254,p1-block-3-trial-5-target-7,543.0,273.0,22.5,False,Pointer Move (Standard mouse)
1786007956.7635589,557,254,p1-block-3-trial-5-target-7,543.0,273.0,22.5,False,Pointer Move (Standard mouse)
1786007956.771764,557,255,p1-block-3-trial-5-target-7,543.0,273.0,22.5,False,Pointer Move (Standard mouse)
1786007956.779784,557,255,p1-block-3-trial-5-target-7,543.0,273.0,22.5,False,Pointer Move (Standard mouse)
1786007956.7871082,556,256,p1-block-3-trial-5-target-7,543.0,273.0,22.5,False,Pointer Move (Standard mouse)
1786007956.795213,556,256,p1-block-3-trial-5-target-7,543.0,273.0,22.5,False,Pointer Move (Standard mouse)
1786007956.811661,556,256,p1-block-3-trial-5-target-7,543.0,273.0,22.5,False,Pointer Move (Standard mouse)
1786007956.8197062,556,257,p1-block-3-trial-5-target-7,543.0,273.0,22.5,False,Pointer Move (Standard mouse)
1786007956.8357272,556,257,p1-block-3-trial-5-target-7,543.0,273.0,22.5,False,Pointer Move (Standard mouse)
1786007956.843562,555,257,p1-block-3-trial-5-target-7,543.0,273.0,22.5,False,Pointer Move (Standard mouse)
1786007956.8518689,555,258,p1-block-3-trial-5-target-7,543.0,273.0,22.5,False,Pointer Move (Standard mouse)
1786007956.8598819,555,259,p1-block-3-trial-5-target-7,543.0,273.0,22.5,False,Pointer Move (Standard mouse)
1786007956.868024,554,260,p1-block-3-trial-5-target-7,543.0,273.0,22.5,False,Pointer Move (Standard mouse)
1786007956.876087,554,262,p1-block-3-trial-5-target-7,543.0,273.0,22.5,False,Pointer Move (Standard mouse)
1786007956.884344,553,263,p1-block-3-trial-5-target-7,543.0,273.0,22.5,False,Pointer Move (Standard mouse)
1786007956.892564,553,264,p1-block-3-trial-5-target-7,543.0,273.0,22.5,False,Pointer Move (Standard mouse)
1786007956.9005618,552,265,p1-block-3-trial-5-target-7,543.0,273.0,22.5,False,Pointer Move (Standard mouse)
1786007956.908658,551,267,p1-block-3-trial-5-target-7,543.0,273.0,22.5,False,Pointer Move (Standard mouse)
1786007956.916748,551,267,p1-block-3-trial-5-target-7,543.0,273.0,22.5,False,Pointer Move (Standard mouse)
1786007956.924841,551,268,p1-block-3-trial-5-target-7,543.0,273.0,22.5,False,Pointer Move (Standard mouse)
1786007956.932888,551,269,p1-block-3-trial-5-target-7,543.0,273.0,22.5,False,Pointer Move (Standard mouse)
1786007956.941555,551,269,p1-block-3-trial-5-target-7,543.0,273.0,22.5,False,Pointer Move (Standard mouse)
1786007956.949107,551,270,p1-block-3-trial-5-target-7,543.0,273.0,22.5,False,Pointer Move (Standard mouse)
1786007956.957081,550,270,p1-block-3-trial-5-target-7,543.0,273.0,22.5,False,Pointer Move (Standard mouse)
1786007956.965128,550,270,p1-block-3-trial-5-target-7,543.0,273.0,22.5,False,Pointer Move (Standard mouse)
1786007956.974095,550,271,p1-block-3-trial-5-target-7,543.0,273.0,22.5,False,Pointer Move (Standard mouse)
1786007956.981639,550,271,p1-block-3-trial-5-target-7,543.0,273.0,22.5,False,Pointer Move (Standard mouse)
1786007956.997807,550,271,p1-block-3-trial-5-target-7,543.0,273.0,22.5,False,Pointer Move (Standard mouse)
1786007957.020502,550,271,p1-block-3-trial-5-target-7,543.0,273.0,22.5,target_selected,target_selected
1786007957.038433,550,272,p1-block-3-trial-6-target-3,897.0,627.0,22.5,False,Pointer Move (Standard mouse)
1786007957.2501602,550,272,p1-block-3-trial-6-target-3,897.0,627.0,22.5,False,Pointer Move (Standard mouse)
1786007957.2576609,550,277,p1-block-3-trial-6-target-3,897.0,627.0,22.5,False,Pointer Move (Standard mouse)
1786007957.2653189,553,284,p1-block-3-trial-6-target-3,897.0,627.0,22.5,False,Pointer Move (Standard mouse)
1786007957.2729542,557,295,p1-block-3-trial-6-target-3,897.0,627.0,22.5,False,Pointer Move (Standard mouse)
1786007957.2809432,571,325,p1-block-3-trial-6-target-3,897.0,627.0,22.5,False,Pointer Move (Standard mouse)
1786007957.289271,577,342,p1-block-3-trial-6-target-3,897.0,627.0,22.5,False,Pointer Move (Standard mouse)
1786007957.2971709,583,351,p1-block-3-trial-6-target-3,897.0,627.0,22.5,False,Pointer Move (Standard mouse)
1786007957.305249,591,375,p1-block-3-trial-6-target-3,897.0,627.0,22.5,False,Pointer Move (Standard mouse)
1786007957.313343,602,394,p1-block-3-trial-6-target-3,897.0,627.0,22.5,False,Pointer Move (Standard mouse)
1786007957.3214211,609,411,p1-block-3-trial-6-target-3,897.0,627.0,22.5,False,Pointer Move (Standard mouse)
1786007957.3292449,612,415,p1-block-3-trial-6-target-3,897.0,627.0,22.5,False,Pointer Move (Standard mouse)
1786007957.337814,617,425,p1-block-3-trial-6-target-3,897.0,627.0,22.5,False,Pointer Move (Standard mouse)
1786007957.345603,623,435,p1-block-3-trial-6-target-3,897.0,627.0,22.5,False,Pointer Move (Standard mouse)
1786007957.353879,628,442,p1-block-3-trial-6-target-3,897.0,627.0,22.5,False,Pointer Move (Standard mouse)
1786007957.362102,638,457,p1-block-3-trial-6-target-3,897.0,627.0,22.5,False,Pointer Move (Standard mouse)
1786007957.37008,642,463,p1-block-3-trial-6-target-3,897.0,627.0,22.5,False,Pointer Move (Standard mouse)
1786007957.37904,646,470,p1-block-3-trial-6-target-3,897.0,627.0,22.5,False,Pointer Move (Standard mouse)
1786007957.386213,650,475,p1-block-3-trial-6-target-3,897.0,627.0,22.5,False,Pointer Move (Standard mouse)
1786007957.394432,656,481,p1-block-3-trial-6-target-3,897.0,627.0,22.5,False,Pointer Move (Standard mouse)
1786007957.4022331,659,485,p1-block-3-trial-6-target-3,897.0,627.0,22.5,False,Pointer Move (Standard mouse)
1786007957.410069,663,491,p1-block-3-trial-6-target-3,897.0,627.0,22.5,False,Pointer Move (Standard mouse)
1786007957.418529,666,495,p1-block-3-trial-6-target-3,897.0,627.0,22.5,False,Pointer Move (Standard mouse)
1786007957.426242,670,498,p1-block-3-trial-6-target-3,897.0,627.0,22.5,False,Pointer Move (Standard mouse)
1786007957.434669,674,502,p1-block-3-trial-6-target-3,897.0,627.0,22.5,False,Pointer Move (Standard mouse)
1786007957.442623,677,507,p1-block-3-trial-6-target-3,897.0,627.0,22.5,False,Pointer Move (Standard mouse)
1786007957.450917,680,511,p1-block-3-trial-6-target-3,897.0,627.0,22.5,False,Pointer Move (Standard mouse)
1786007957.459104,684,515,p1-block-3-trial-6-target-3,897.0,627.0,22.5,False,Pointer Move (Standard mouse)
1786007957.467094,686,518,p1-block-3-trial-6-target-3,897.0,627.0,22.5,False,Pointer Move (Standard mouse)
1786007957.475123,689,522,p1-block-3-trial-6-target-3,897.0,627.0,22.5,False,Pointer Move (Standard mouse)
1786007957.483059,693,526,p1-block-3-trial-6-target-3,897.0,627.0,22.5,False,Pointer Move (Standard mouse)
1786007957.491207,696,529,p1-block-3-trial-6-target-3,897.0,627.0,22.5,False,Pointer Move (Standard mouse)
1786007957.499258,698,532,p1-block-3-trial-6-target-3,897.0,627.0,22.5,False,Pointer Move (Standard mouse)
1786007957.507246,701,535,p1-block-3-trial-6-target-3,897.0,627.0,22.5,False,Pointer Move (Standard mouse)
1786007957.515766,703,537,p1-block-3-trial-6-target-3,897.0,627.0,22.5,False,Pointer Move (Standard mouse)
1786007957.52372,706,540,p1-block-3-trial-6-target-3,897.0,627.0,22.5,False,Pointer Move (Standard mouse)
1786007957.531559,710,543,p1-block-3-trial-6-target-3,897.0,627.0,22.5,False,Pointer Move (Standard mouse)
1786007957.5398898,712,545,p1-block-3-trial-6-target-3,897.0,627.0,22.5,False,Pointer Move (Standard mouse)
1786007957.548009,717,547,p1-block-3-trial-6-target-3,897.0,627.0,22.5,False,Pointer Move (Standard mouse)
1786007957.5563169,724,552,p1-block-3-trial-6-target-3,897.0,627.0,22.5,False,Pointer Move (Standard mouse)
1786007957.564257,729,555,p1-block-3-trial-6-target-3,897.0,627.0,22.5,False,Pointer Move (Standard mouse)
1786007957.572393,738,557,p1-block-3-trial-6-target-3,897.0,627.0,22.5,False,Pointer Move (Standard mouse)
1786007957.580343,748,563,p1-block-3-trial-6-target-3,897.0,627.0,22.5,False,Pointer Move (Standard mouse)
1786007957.588452,759,568,p1-block-3-trial-6-target-3,897.0,627.0,22.5,False,Pointer Move (Standard mouse)
1786007957.597323,773,573,p1-block-3-trial-6-target-3,897.0,627.0,22.5,False,Pointer Move (Standard mouse)
1786007957.604841,779,576,p1-block-3-trial-6-target-3,897.0,627.0,22.5,False,Pointer Move (Standard mouse)
1786007957.612729,791,582,p1-block-3-trial-6-target-3,897.0,627.0,22.5,False,Pointer Move (Standard mouse)
1786007957.6208699,800,588,p1-block-3-trial-6-target-3,897.0,627.0,22.5,False,Pointer Move (Standard mouse)
1786007957.629218,809,591,p1-block-3-trial-6-target-3,897.0,627.0,22.5,False,Pointer Move (Standard mouse)
1786007957.637418,818,595,p1-block-3-trial-6-target-3,897.0,627.0,22.5,False,Pointer Move (Standard mouse)
1786007957.6449459,824,598,p1-block-3-trial-6-target-3,897.0,627.0,22.5,False,Pointer Move (Standard mouse)
1786007957.653627,829,600,p1-block-3-trial-6-target-3,897.0,627.0,22.5,False,Pointer Move (Standard mouse)
1786007957.661352,834,603,p1-block-3-trial-6-target-3,897.0,627.0,22.5,False,Pointer Move (Standard mouse)
1786007957.669306,839,606,p1-block-3-trial-6-target-3,897.0,627.0,22.5,False,Pointer Move (Standard mouse)
1786007957.67777,843,609,p1-block-3-trial-6-target-3,897.0,627.0,22.5,False,Pointer Move (Standard mouse)
1786007957.685556,847,611,p1-block-3-trial-6-target-3,897.0,627.0,22.5,False,Pointer Move (Standard mouse)
1786007957.6934452,852,614,p1-block-3-trial-6-target-3,897.0,627.0,22.5,False,Pointer Move (Standard mouse)
1786007957.701787,856,618,p1-block-3-trial-6-target-3,897.0,627.0,22.5,False,Pointer Move (Standard mouse)
1786007957.7097611,860,620,p1-block-3-trial-6-target-3,897.0,627.0,22.5,False,Pointer Move (Standard mouse)
1786007957.717788,864,623,p1-block-3-trial-6-target-3,897.0,627.0,22.5,False,Pointer Move (Standard mouse)
1786007957.7257862,867,625,p1-block-3-trial-6-target-3,897.0,627.0,22.5,False,Pointer Move (Standard mouse)
1786007957.733948,868,626,p1-block-3-trial-6-target-3,897.0,627.0,22.5,False,Pointer Move (Standard mouse)
1786007957.742196,870,627,p1-block-3-trial-6-target-3,897.0,627.0,22.5,False,Pointer Move (Standard mouse)
1786007957.75063,870,627,p1-block-3-trial-6-target-3,897.0,627.0,22.5,False,Pointer Move (Standard mouse)
1786007957.758262,871,627,p1-block-3-trial-6-target-3,897.0,627.0,22.5,False,Pointer Move (Standard mouse)
1786007957.766645,871,628,p1-block-3-trial-6-target-3,897.0,627.0,22.5,False,Pointer Move (Standard mouse)
1786007957.7745888,871,628,p1-block-3-trial-6-target-3,897.0,627.0,22.5,False,Pointer Move (Standard mouse)
1786007957.929339,871,628,p1-block-3-trial-6-target-3,897.0,627.0,22.5,False,Pointer Move (Standard mouse)
1786007957.9532712,871,628,p1-block-3-trial-6-target-3,897.0,627.0,22.5,False,Pointer Move (Standard mouse)
1786007958.018338,872,628,p1-block-3-trial-6-target-3,897.0,627.0,22.5,False,Pointer Move (Standard mouse)
1786007958.0259368,872,628,p1-block-3-trial-6-target-3,897.0,627.0,22.5,False,Pointer Move (Standard mouse)
1786007958.034015,873,628,p1-block-3-trial-6-target-3,897.0,627.0,22.5,False,Pointer Move (Standard mouse)
1786007958.0419998,874,628,p1-block-3-trial-6-target-3,897.0,627.0,22.5,False,Pointer Move (Standard mouse)
1786007958.049769,875,628,p1-block-3-trial-6-target-3,897.0,627.0,22.5,False,Pointer Move (Standard mouse)
1786007958.057596,877,628,p1-block-3-trial-6-target-3,897.0,627.0,22.5,False,Pointer Move (Standard mouse)
1786007958.0657978,879,628,p1-block-3-trial-6-target-3,897.0,627.0,22.5,False,Pointer Move (Standard mouse)
1786007958.073774,881,628,p1-block-3-trial-6-target-3,897.0,627.0,22.5,False,Pointer Move (Standard mouse)
1786007958.081989,882,628,p1-block-3-trial-6-target-3,897.0,627.0,22.5,False,Pointer Move (Standard mouse)
1786007958.090262,884,628,p1-block-3-trial-6-target-3,897.0,627.0,22.5,False,Pointer Move (Standard mouse)
1786007958.0982242,886,628,p1-block-3-trial-6-target-3,897.0,627.0,22.5,False,Pointer Move (Standard mouse)
1786007958.1063979,888,628,p1-block-3-trial-6-target-3,897.0,627.0,22.5,False,Pointer Move (Standard mouse)
1786007958.114408,890,628,p1-block-3-trial-6-target-3,897.0,627.0,22.5,False,Pointer Move (Standard mouse)
1786007958.1222138,892,628,p1-block-3-trial-6-target-3,897.0,627.0,22.5,False,Pointer Move (Standard mouse)
1786007958.13052,893,628,p1-block-3-trial-6-target-3,897.0,627.0,22.5,False,Pointer Move (Standard mouse)
1786007958.1383739,894,628,p1-block-3-trial-6-target-3,897.0,627.0,22.5,False,Pointer Move (Standard mouse)
1786007958.1464908,896,628,p1-block-3-trial-6-target-3,897.0,627.0,22.5,False,Pointer Move (Standard mouse)
1786007958.154963,896,628,p1-block-3-trial-6-target-3,897.0,627.0,22.5,False,Pointer Move (Standard mouse)
1786007958.162669,896,628,p1-block-3-trial-6-target-3,897.0,627.0,22.5,False,Pointer Move (Standard mouse)
1786007958.170532,897,627,p1-block-3-trial-6-target-3,897.0,627.0,22.5,False,Pointer Move (Standard mouse)
1786007958.1786869,897,627,p1-block-3-trial-6-target-3,897.0,627.0,22.5,False,Pointer Move (Standard mouse)
1786007958.2612128,897,627,p1-block-3-trial-6-target-3,897.0,627.0,22.5,False,Pointer Move (Standard mouse)
1786007958.317398,897,627,p1-block-3-trial-6-target-3,897.0,627.0,22.5,False,Pointer Move (Standard mouse)
1786007958.3544698,897,627,p1-block-3-trial-6-target-3,897.0,627.0,22.5,target_selected,target_selected
1786007958.374779,897,627,p1-block-3-trial-7-target-7,543.0,273.0,22.5,False,Pointer Move (Standard mouse)
1786007958.625391,897,627,p1-block-3-trial-7-target-7,543.0,273.0,22.5,False,Pointer Move (Standard mouse)
1786007958.6325078,895,625,p1-block-3-trial-7-target-7,543.0,273.0,22.5,False,Pointer Move (Standard mouse)
1786007958.640575,889,619,p1-block-3-trial-7-target-7,543.0,273.0,22.5,False,Pointer Move (Standard mouse)
1786007958.6485069,885,615,p1-block-3-trial-7-target-7,543.0,273.0,22.5,False,Pointer Move (Standard mouse)
1786007958.656553,876,605,p1-block-3-trial-7-target-7,543.0,273.0,22.5,False,Pointer Move (Standard mouse)
1786007958.665092,866,591,p1-block-3-trial-7-target-7,543.0,273.0,22.5,False,Pointer Move (Standard mouse)
1786007958.672967,854,577,p1-block-3-trial-7-target-7,543.0,273.0,22.5,False,Pointer Move (Standard mouse)
1786007958.680831,828,544,p1-block-3-trial-7-target-7,543.0,273.0,22.5,False,Pointer Move (Standard mouse)
1786007958.688448,820,531,p1-block-3-trial-7-target-7,543.0,273.0,22.5,False,Pointer Move (Standard mouse)
1786007958.696616,803,508,p1-block-3-trial-7-target-7,543.0,273.0,22.5,False,Pointer Move (Standard mouse)
1786007958.7050219,789,488,p1-block-3-trial-7-target-7,543.0,273.0,22.5,False,Pointer Move (Standard mouse)
1786007958.7131588,775,468,p1-block-3-trial-7-target-7,543.0,273.0,22.5,False,Pointer Move (Standard mouse)
1786007958.721405,765,453,p1-block-3-trial-7-target-7,543.0,273.0,22.5,False,Pointer Move (Standard mouse)
1786007958.7291782,760,445,p1-block-3-trial-7-target-7,543.0,273.0,22.5,False,Pointer Move (Standard mouse)
1786007958.7373629,754,436,p1-block-3-trial-7-target-7,543.0,273.0,22.5,False,Pointer Move (Standard mouse)
1786007958.745436,744,422,p1-block-3-trial-7-target-7,543.0,273.0,22.5,False,Pointer Move (Standard mouse)
1786007958.754196,733,404,p1-block-3-trial-7-target-7,543.0,273.0,22.5,False,Pointer Move (Standard mouse)
1786007958.762284,726,394,p1-block-3-trial-7-target-7,543.0,273.0,22.5,False,Pointer Move (Standard mouse)
1786007958.770158,721,386,p1-block-3-trial-7-target-7,543.0,273.0,22.5,False,Pointer Move (Standard mouse)
1786007958.7780402,713,374,p1-block-3-trial-7-target-7,543.0,273.0,22.5,False,Pointer Move (Standard mouse)
1786007958.785877,708,364,p1-block-3-trial-7-target-7,543.0,273.0,22.5,False,Pointer Move (Standard mouse)
1786007958.793935,701,355,p1-block-3-trial-7-target-7,543.0,273.0,22.5,False,Pointer Move (Standard mouse)
1786007958.802321,694,345,p1-block-3-trial-7-target-7,543.0,273.0,22.5,False,Pointer Move (Standard mouse)
1786007958.81025,691,340,p1-block-3-trial-7-target-7,543.0,273.0,22.5,False,Pointer Move (Standard mouse)
1786007958.818131,685,332,p1-block-3-trial-7-target-7,543.0,273.0,22.5,False,Pointer Move (Standard mouse)
1786007958.826665,681,326,p1-block-3-trial-7-target-7,543.0,273.0,22.5,False,Pointer Move (Standard mouse)
1786007958.834342,677,320,p1-block-3-trial-7-target-7,543.0,273.0,22.5,False,Pointer Move (Standard mouse)
1786007958.842401,674,316,p1-block-3-trial-7-target-7,543.0,273.0,22.5,False,Pointer Move (Standard mouse)
1786007958.8505259,673,314,p1-block-3-trial-7-target-7,543.0,273.0,22.5,False,Pointer Move (Standard mouse)
1786007958.858598,671,311,p1-block-3-trial-7-target-7,543.0,273.0,22.5,False,Pointer Move (Standard mouse)
1786007958.866862,670,310,p1-block-3-trial-7-target-7,543.0,273.0,22.5,False,Pointer Move (Standard mouse)
1786007958.87518,670,309,p1-block-3-trial-7-target-7,543.0,273.0,22.5,False,Pointer Move (Standard mouse)
1786007958.8829749,669,308,p1-block-3-trial-7-target-7,543.0,273.0,22.5,False,Pointer Move (Standard mouse)
1786007958.8912508,669,308,p1-block-3-trial-7-target-7,543.0,273.0,22.5,False,Pointer Move (Standard mouse)
1786007958.8992581,669,307,p1-block-3-trial-7-target-7,543.0,273.0,22.5,False,Pointer Move (Standard mouse)
1786007958.90735,669,307,p1-block-3-trial-7-target-7,543.0,273.0,22.5,False,Pointer Move (Standard mouse)
1786007958.9154172,668,307,p1-block-3-trial-7-target-7,543.0,273.0,22.5,False,Pointer Move (Standard mouse)
1786007958.923556,668,306,p1-block-3-trial-7-target-7,543.0,273.0,22.5,False,Pointer Move (Standard mouse)
1786007958.9314072,668,306,p1-block-3-trial-7-target-7,543.0,273.0,22.5,False,Pointer Move (Standard mouse)
1786007958.9395032,667,306,p1-block-3-trial-7-target-7,543.0,273.0,22.5,False,Pointer Move (Standard mouse)
1786007958.947882,666,306,p1-block-3-trial-7-target-7,543.0,273.0,22.5,False,Pointer Move (Standard mouse)
1786007958.9559019,664,305,p1-block-3-trial-7-target-7,543.0,273.0,22.5,False,Pointer Move (Standard mouse)
1786007958.963806,662,304,p1-block-3-trial-7-target-7,543.0,273.0,22.5,False,Pointer Move (Standard mouse)
1786007958.971793,659,303,p1-block-3-trial-7-target-7,543.0,273.0,22.5,False,Pointer Move (Standard mouse)
1786007958.9799192,656,302,p1-block-3-trial-7-target-7,543.0,273.0,22.5,False,Pointer Move (Standard mouse)
1786007958.987942,652,300,p1-block-3-trial-7-target-7,543.0,273.0,22.5,False,Pointer Move (Standard mouse)
1786007958.996514,648,300,p1-block-3-trial-7-target-7,543.0,273.0,22.5,False,Pointer Move (Standard mouse)
1786007959.0045319,643,299,p1-block-3-trial-7-target-7,543.0,273.0,22.5,False,Pointer Move (Standard mouse)
1786007959.012396,638,298,p1-block-3-trial-7-target-7,543.0,273.0,22.5,False,Pointer Move (Standard mouse)
1786007959.0205178,631,297,p1-block-3-trial-7-target-7,543.0,273.0,22.5,False,Pointer Move (Standard mouse)
1786007959.0284731,627,297,p1-block-3-trial-7-target-7,543.0,273.0,22.5,False,Pointer Move (Standard mouse)
1786007959.036944,620,297,p1-block-3-trial-7-target-7,543.0,273.0,22.5,False,Pointer Move (Standard mouse)
1786007959.0450199,615,297,p1-block-3-trial-7-target-7,543.0,273.0,22.5,False,Pointer Move (Standard mouse)
1786007959.05304,610,297,p1-block-3-trial-7-target-7,543.0,273.0,22.5,False,Pointer Move (Standard mouse)
1786007959.06145,606,297,p1-block-3-trial-7-target-7,543.0,273.0,22.5,False,Pointer Move (Standard mouse)
1786007959.069036,602,297,p1-block-3-trial-7-target-7,543.0,273.0,22.5,False,Pointer Move (Standard mouse)
1786007959.077593,599,297,p1-block-3-trial-7-target-7,543.0,273.0,22.5,False,Pointer Move (Standard mouse)
1786007959.085438,597,297,p1-block-3-trial-7-target-7,543.0,273.0,22.5,False,Pointer Move (Standard mouse)
1786007959.093884,595,297,p1-block-3-trial-7-target-7,543.0,273.0,22.5,False,Pointer Move (Standard mouse)
1786007959.101652,594,297,p1-block-3-trial-7-target-7,543.0,273.0,22.5,False,Pointer Move (Standard mouse)
1786007959.109334,592,297,p1-block-3-trial-7-target-7,543.0,273.0,22.5,False,Pointer Move (Standard mouse)
1786007959.116815,592,297,p1-block-3-trial-7-target-7,543.0,273.0,22.5,False,Pointer Move (Standard mouse)
1786007959.124589,591,297,p1-block-3-trial-7-target-7,543.0,273.0,22.5,False,Pointer Move (Standard mouse)
1786007959.1329541,589,297,p1-block-3-trial-7-target-7,543.0,273.0,22.5,False,Pointer Move (Standard mouse)
1786007959.1409001,589,297,p1-block-3-trial-7-target-7,543.0,273.0,22.5,False,Pointer Move (Standard mouse)
1786007959.149327,588,297,p1-block-3-trial-7-target-7,543.0,273.0,22.5,False,Pointer Move (Standard mouse)
1786007959.1580749,587,296,p1-block-3-trial-7-target-7,543.0,273.0,22.5,False,Pointer Move (Standard mouse)
1786007959.165917,585,296,p1-block-3-trial-7-target-7,543.0,273.0,22.5,False,Pointer Move (Standard mouse)
1786007959.173951,584,295,p1-block-3-trial-7-target-7,543.0,273.0,22.5,False,Pointer Move (Standard mouse)
1786007959.182369,583,295,p1-block-3-trial-7-target-7,543.0,273.0,22.5,False,Pointer Move (Standard mouse)
1786007959.1905322,582,294,p1-block-3-trial-7-target-7,543.0,273.0,22.5,False,Pointer Move (Standard mouse)
1786007959.1992462,581,294,p1-block-3-trial-7-target-7,543.0,273.0,22.5,False,Pointer Move (Standard mouse)
1786007959.207305,580,294,p1-block-3-trial-7-target-7,543.0,273.0,22.5,False,Pointer Move (Standard mouse)
1786007959.215292,579,294,p1-block-3-trial-7-target-7,543.0,273.0,22.5,False,Pointer Move (Standard mouse)
1786007959.223424,578,293,p1-block-3-trial-7-target-7,543.0,273.0,22.5,False,Pointer Move (Standard mouse)
1786007959.2307599,577,293,p1-block-3-trial-7-target-7,543.0,273.0,22.5,False,Pointer Move (Standard mouse)
1786007959.23898,576,292,p1-block-3-trial-7-target-7,543.0,273.0,22.5,False,Pointer Move (Standard mouse)
1786007959.247225,574,292,p1-block-3-trial-7-target-7,543.0,273.0,22.5,False,Pointer Move (Standard mouse)
1786007959.2546408,572,290,p1-block-3-trial-7-target-7,543.0,273.0,22.5,False,Pointer Move (Standard mouse)
1786007959.2633228,569,289,p1-block-3-trial-7-target-7,543.0,273.0,22.5,False,Pointer Move (Standard mouse)
1786007959.2707021,566,287,p1-block-3-trial-7-target-7,543.0,273.0,22.5,False,Pointer Move (Standard mouse)
1786007959.279019,564,286,p1-block-3-trial-7-target-7,543.0,273.0,22.5,False,Pointer Move (Standard mouse)
1786007959.2871308,562,284,p1-block-3-trial-7-target-7,543.0,273.0,22.5,False,Pointer Move (Standard mouse)
1786007959.2956421,560,284,p1-block-3-trial-7-target-7,543.0,273.0,22.5,False,Pointer Move (Standard mouse)
1786007959.3037682,559,283,p1-block-3-trial-7-target-7,543.0,273.0,22.5,False,Pointer Move (Standard mouse)
1786007959.311711,558,282,p1-block-3-trial-7-target-7,543.0,273.0,22.5,False,Pointer Move (Standard mouse)
1786007959.319902,556,282,p1-block-3-trial-7-target-7,543.0,273.0,22.5,False,Pointer Move (Standard mouse)
1786007959.328172,556,281,p1-block-3-trial-7-target-7,543.0,273.0,22.5,False,Pointer Move (Standard mouse)
1786007959.336365,556,281,p1-block-3-trial-7-target-7,543.0,273.0,22.5,False,Pointer Move (Standard mouse)
1786007959.3530948,555,281,p1-block-3-trial-7-target-7,543.0,273.0,22.5,False,Pointer Move (Standard mouse)
1786007959.36126,555,280,p1-block-3-trial-7-target-7,543.0,273.0,22.5,False,Pointer Move (Standard mouse)
1786007959.369233,555,280,p1-block-3-trial-7-target-7,543.0,273.0,22.5,False,Pointer Move (Standard mouse)
1786007959.376423,554,280,p1-block-3-trial-7-target-7,543.0,273.0,22.5,False,Pointer Move (Standard mouse)
1786007959.3933609,554,280,p1-block-3-trial-7-target-7,543.0,273.0,22.5,False,Pointer Move (Standard mouse)
1786007959.401694,554,279,p1-block-3-trial-7-target-7,543.0,273.0,22.5,False,Pointer Move (Standard mouse)
1786007959.41771,553,279,p1-block-3-trial-7-target-7,543.0,273.0,22.5,False,Pointer Move (Standard mouse)
1786007959.433739,553,279,p1-block-3-trial-7-target-7,543.0,273.0,22.5,False,Pointer Move (Standard mouse)
1786007959.449253,553,279,p1-block-3-trial-7-target-7,543.0,273.0,22.5,False,Pointer Move (Standard mouse)
1786007959.457762,553,278,p1-block-3-trial-7-target-7,543.0,273.0,22.5,False,Pointer Move (Standard mouse)
1786007959.481718,553,278,p1-block-3-trial-7-target-7,543.0,273.0,22.5,False,Pointer Move (Standard mouse)
1786007959.498163,553,278,p1-block-3-trial-7-target-7,543.0,273.0,22.5,False,Pointer Move (Standard mouse)
1786007959.513521,553,277,p1-block-3-trial-7-target-7,543.0,273.0,22.5,False,Pointer Move (Standard mouse)
1786007959.53003,553,277,p1-block-3-trial-7-target-7,543.0,273.0,22.5,False,Pointer Move (Standard mouse)
1786007959.570636,553,277,p1-block-3-trial-7-target-7,543.0,273.0,22.5,target_selected,target_selected
1786007959.593077,553,277,p1-block-3-trial-8-target-3,897.0,627.0,22.5,False,Pointer Move (Standard mouse)
1786007959.912461,553,277,p1-block-3-trial-8-target-3,897.0,627.0,22.5,False,Pointer Move (Standard mouse)
1786007959.919598,555,288,p1-block-3-trial-8-target-3,897.0,627.0,22.5,False,Pointer Move (Standard mouse)
1786007959.927831,559,295,p1-block-3-trial-8-target-3,897.0,627.0,22.5,False,Pointer Move (Standard mouse)
1786007959.935094,568,313,p1-block-3-trial-8-target-3,897.0,627.0,22.5,False,Pointer Move (Standard mouse)
1786007959.9430242,575,330,p1-block-3-trial-8-target-3,897.0,627.0,22.5,False,Pointer Move (Standard mouse)
1786007959.9509702,582,350,p1-block-3-trial-8-target-3,897.0,627.0,22.5,False,Pointer Move (Standard mouse)
1786007959.959019,590,366,p1-block-3-trial-8-target-3,897.0,627.0,22.5,False,Pointer Move (Standard mouse)
1786007959.967529,593,370,p1-block-3-trial-8-target-3,897.0,627.0,22.5,False,Pointer Move (Standard mouse)
1786007959.9757178,607,400,p1-block-3-trial-8-target-3,897.0,627.0,22.5,False,Pointer Move (Standard mouse)
1786007959.983626,615,413,p1-block-3-trial-8-target-3,897.0,627.0,22.5,False,Pointer Move (Standard mouse)
1786007959.991772,623,425,p1-block-3-trial-8-target-3,897.0,627.0,22.5,False,Pointer Move (Standard mouse)
1786007959.9996061,633,438,p1-block-3-trial-8-target-3,897.0,627.0,22.5,False,Pointer Move (Standard mouse)
1786007960.007804,640,448,p1-block-3-trial-8-target-3,897.0,627.0,22.5,False,Pointer Move (Standard mouse)
1786007960.015981,650,463,p1-block-3-trial-8-target-3,897.0,627.0,22.5,False,Pointer Move (Standard mouse)
1786007960.024116,660,477,p1-block-3-trial-8-target-3,897.0,627.0,22.5,False,Pointer Move (Standard mouse)
1786007960.032056,670,492,p1-block-3-trial-8-target-3,897.0,627.0,22.5,False,Pointer Move (Standard mouse)
1786007960.0412438,680,507,p1-block-3-trial-8-target-3,897.0,627.0,22.5,False,Pointer Move (Standard mouse)
1786007960.049097,682,512,p1-block-3-trial-8-target-3,897.0,627.0,22.5,False,Pointer Move (Standard mouse)
1786007960.057345,689,522,p1-block-3-trial-8-target-3,897.0,627.0,22.5,False,Pointer Move (Standard mouse)
1786007960.064341,695,532,p1-block-3-trial-8-target-3,897.0,627.0,22.5,False,Pointer Move (Standard mouse)
1786007960.072475,700,541,p1-block-3-trial-8-target-3,897.0,627.0,22.5,False,Pointer Move (Standard mouse)
1786007960.080409,705,549,p1-block-3-trial-8-target-3,897.0,627.0,22.5,False,Pointer Move (Standard mouse)
1786007960.088913,708,554,p1-block-3-trial-8-target-3,897.0,627.0,22.5,False,Pointer Move (Standard mouse)
1786007960.096887,711,558,p1-block-3-trial-8-target-3,897.0,627.0,22.5,False,Pointer Move (Standard mouse)
1786007960.104573,714,563,p1-block-3-trial-8-target-3,897.0,627.0,22.5,False,Pointer Move (Standard mouse)
1786007960.112611,715,566,p1-block-3-trial-8-target-3,897.0,627.0,22.5,False,Pointer Move (Standard mouse)
1786007960.123913,718,570,p1-block-3-trial-8-target-3,897.0,627.0,22.5,False,Pointer Move (Standard mouse)
1786007960.128808,720,574,p1-block-3-trial-8-target-3,897.0,627.0,22.5,False,Pointer Move (Standard mouse)
1786007960.136962,721,576,p1-block-3-trial-8-target-3,897.0,627.0,22.5,False,Pointer Move (Standard mouse)
1786007960.144911,723,578,p1-block-3-trial-8-target-3,897.0,627.0,22.5,False,Pointer Move (Standard mouse)
1786007960.153153,724,579,p1-block-3-trial-8-target-3,897.0,627.0,22.5,False,Pointer Move (Standard mouse)
1786007960.1610959,724,580,p1-block-3-trial-8-target-3,897.0,627.0,22.5,False,Pointer Move (Standard mouse)
1786007960.1697102,725,581,p1-block-3-trial-8-target-3,897.0,627.0,22.5,False,Pointer Move (Standard mouse)
1786007960.1776571,726,582,p1-block-3-trial-8-target-3,897.0,627.0,22.5,False,Pointer Move (Standard mouse)
1786007960.185898,726,582,p1-block-3-trial-8-target-3,897.0,627.0,22.5,False,Pointer Move (Standard mouse)
1786007960.1938539,727,583,p1-block-3-trial-8-target-3,897.0,627.0,22.5,False,Pointer Move (Standard mouse)
1786007960.202143,730,585,p1-block-3-trial-8-target-3,897.0,627.0,22.5,False,Pointer Move (Standard mouse)
1786007960.2099788,733,587,p1-block-3-trial-8-target-3,897.0,627.0,22.5,False,Pointer Move (Standard mouse)
1786007960.218407,738,591,p1-block-3-trial-8-target-3,897.0,627.0,22.5,False,Pointer Move (Standard mouse)
1786007960.226304,740,592,p1-block-3-trial-8-target-3,897.0,627.0,22.5,False,Pointer Move (Standard mouse)
1786007960.234263,745,595,p1-block-3-trial-8-target-3,897.0,627.0,22.5,False,Pointer Move (Standard mouse)
1786007960.242423,755,602,p1-block-3-trial-8-target-3,897.0,627.0,22.5,False,Pointer Move (Standard mouse)
1786007960.250622,762,606,p1-block-3-trial-8-target-3,897.0,627.0,22.5,False,Pointer Move (Standard mouse)
1786007960.258392,769,611,p1-block-3-trial-8-target-3,897.0,627.0,22.5,False,Pointer Move (Standard mouse)
1786007960.266717,772,612,p1-block-3-trial-8-target-3,897.0,627.0,22.5,False,Pointer Move (Standard mouse)
1786007960.274872,777,615,p1-block-3-trial-8-target-3,897.0,627.0,22.5,False,Pointer Move (Standard mouse)
1786007960.282752,780,617,p1-block-3-trial-8-target-3,897.0,627.0,22.5,False,Pointer Move (Standard mouse)
1786007960.2912471,784,618,p1-block-3-trial-8-target-3,897.0,627.0,22.5,False,Pointer Move (Standard mouse)
1786007960.299233,786,619,p1-block-3-trial-8-target-3,897.0,627.0,22.5,False,Pointer Move (Standard mouse)
1786007960.3070002,787,620,p1-block-3-trial-8-target-3,897.0,627.0,22.5,False,Pointer Move (Standard mouse)
1786007960.315095,788,620,p1-block-3-trial-8-target-3,897.0,627.0,22.5,False,Pointer Move (Standard mouse)
1786007960.3233018,788,620,p1-block-3-trial-8-target-3,897.0,627.0,22.5,False,Pointer Move (Standard mouse)
1786007960.331288,789,620,p1-block-3-trial-8-target-3,897.0,627.0,22.5,False,Pointer Move (Standard mouse)
1786007960.3396978,789,620,p1-block-3-trial-8-target-3,897.0,627.0,22.5,False,Pointer Move (Standard mouse)
1786007960.347498,790,620,p1-block-3-trial-8-target-3,897.0,627.0,22.5,False,Pointer Move (Standard mouse)
1786007960.35569,790,620,p1-block-3-trial-8-target-3,897.0,627.0,22.5,False,Pointer Move (Standard mouse)
1786007960.3639932,791,620,p1-block-3-trial-8-target-3,897.0,627.0,22.5,False,Pointer Move (Standard mouse)
1786007960.372253,792,620,p1-block-3-trial-8-target-3,897.0,627.0,22.5,False,Pointer Move (Standard mouse)
1786007960.380607,793,620,p1-block-3-trial-8-target-3,897.0,627.0,22.5,False,Pointer Move (Standard mouse)
1786007960.388741,794,620,p1-block-3-trial-8-target-3,897.0,627.0,22.5,False,Pointer Move (Standard mouse)
1786007960.396609,795,620,p1-block-3-trial-8-target-3,897.0,627.0,22.5,False,Pointer Move (Standard mouse)
1786007960.4047868,797,620,p1-block-3-trial-8-target-3,897.0,627.0,22.5,False,Pointer Move (Standard mouse)
1786007960.412661,798,620,p1-block-3-trial-8-target-3,897.0,627.0,22.5,False,Pointer Move (Standard mouse)
1786007960.420338,800,620,p1-block-3-trial-8-target-3,897.0,627.0,22.5,False,Pointer Move (Standard mouse)
1786007960.428436,802,620,p1-block-3-trial-8-target-3,897.0,627.0,22.5,False,Pointer Move (Standard mouse)
1786007960.4372292,804,620,p1-block-3-trial-8-target-3,897.0,627.0,22.5,False,Pointer Move (Standard mouse)
1786007960.444494,807,620,p1-block-3-trial-8-target-3,897.0,627.0,22.5,False,Pointer Move (Standard mouse)
1786007960.4527528,809,620,p1-block-3-trial-8-target-3,897.0,627.0,22.5,False,Pointer Move (Standard mouse)
1786007960.461269,811,620,p1-block-3-trial-8-target-3,897.0,627.0,22.5,False,Pointer Move (Standard mouse)
1786007960.468649,813,620,p1-block-3-trial-8-target-3,897.0,627.0,22.5,False,Pointer Move (Standard mouse)
1786007960.476662,815,620,p1-block-3-trial-8-target-3,897.0,627.0,22.5,False,Pointer Move (Standard mouse)
1786007960.484946,817,620,p1-block-3-trial-8-target-3,897.0,627.0,22.5,False,Pointer Move (Standard mouse)
1786007960.4932349,818,620,p1-block-3-trial-8-target-3,897.0,627.0,22.5,False,Pointer Move (Standard mouse)
1786007960.5011158,820,620,p1-block-3-trial-8-target-3,897.0,627.0,22.5,False,Pointer Move (Standard mouse)
1786007960.509753,821,620,p1-block-3-trial-8-target-3,897.0,627.0,22.5,False,Pointer Move (Standard mouse)
1786007960.517466,823,620,p1-block-3-trial-8-target-3,897.0,627.0,22.5,False,Pointer Move (Standard mouse)
1786007960.525413,824,620,p1-block-3-trial-8-target-3,897.0,627.0,22.5,False,Pointer Move (Standard mouse)
1786007960.533946,826,620,p1-block-3-trial-8-target-3,897.0,627.0,22.5,False,Pointer Move (Standard mouse)
1786007960.5419478,828,620,p1-block-3-trial-8-target-3,897.0,627.0,22.5,False,Pointer Move (Standard mouse)
1786007960.550324,830,620,p1-block-3-trial-8-target-3,897.0,627.0,22.5,False,Pointer Move (Standard mouse)
1786007960.558024,834,620,p1-block-3-trial-8-target-3,897.0,627.0,22.5,False,Pointer Move (Standard mouse)
1786007960.5660632,837,620,p1-block-3-trial-8-target-3,897.0,627.0,22.5,False,Pointer Move (Standard mouse)
1786007960.57429,840,620,p1-block-3-trial-8-target-3,897.0,627.0,22.5,False,Pointer Move (Standard mouse)
1786007960.582307,845,620,p1-block-3-trial-8-target-3,897.0,627.0,22.5,False,Pointer Move (Standard mouse)
1786007960.5903099,848,620,p1-block-3-trial-8-target-3,897.0,627.0,22.5,False,Pointer Move (Standard mouse)
1786007960.598563,851,620,p1-block-3-trial-8-target-3,897.0,627.0,22.5,False,Pointer Move (Standard mouse)
1786007960.607219,855,620,p1-block-3-trial-8-target-3,897.0,627.0,22.5,False,Pointer Move (Standard mouse)
1786007960.6149728,858,621,p1-block-3-trial-8-target-3,897.0,627.0,22.5,False,Pointer Move (Standard mouse)
1786007960.6226099,860,621,p1-block-3-trial-8-target-3,897.0,627.0,22.5,False,Pointer Move (Standard mouse)
1786007960.630909,861,622,p1-block-3-trial-8-target-3,897.0,627.0,22.5,False,Pointer Move (Standard mouse)
1786007960.639394,863,622,p1-block-3-trial-8-target-3,897.0,627.0,22.5,False,Pointer Move (Standard mouse)
1786007960.646484,864,622,p1-block-3-trial-8-target-3,897.0,627.0,22.5,False,Pointer Move (Standard mouse)
1786007960.656588,864,622,p1-block-3-trial-8-target-3,897.0,627.0,22.5,False,Pointer Move (Standard mouse)
1786007960.663381,865,622,p1-block-3-trial-8-target-3,897.0,627.0,22.5,False,Pointer Move (Standard mouse)
1786007960.671621,865,622,p1-block-3-trial-8-target-3,897.0,627.0,22.5,False,Pointer Move (Standard mouse)
1786007960.6794739,865,622,p1-block-3-trial-8-target-3,897.0,627.0,22.5,False,Pointer Move (Standard mouse)
1786007960.6879911,866,622,p1-block-3-trial-8-target-3,897.0,627.0,22.5,False,Pointer Move (Standard mouse)
1786007960.6961331,866,622,p1-block-3-trial-8-target-3,897.0,627.0,22.5,False,Pointer Move (Standard mouse)
1786007960.704522,867,622,p1-block-3-trial-8-target-3,897.0,627.0,22.5,False,Pointer Move (Standard mouse)
1786007960.728226,867,622,p1-block-3-trial-8-target-3,897.0,627.0,22.5,False,Pointer Move (Standard mouse)
1786007960.744695,867,622,p1-block-3-trial-8-target-3,897.0,627.0,22.5,False,Pointer Move (Standard mouse)
1786007960.752373,867,623,p1-block-3-trial-8-target-3,897.0,627.0,22.5,False,Pointer Move (Standard mouse)
1786007960.760324,868,623,p1-block-3-trial-8-target-3,897.0,627.0,22.5,False,Pointer Move (Standard mouse)
1786007960.7684522,868,623,p1-block-3-trial-8-target-3,897.0,627.0,22.5,False,Pointer Move (Standard mouse)
1786007960.7763462,868,623,p1-block-3-trial-8-target-3,897.0,627.0,22.5,False,Pointer Move (Standard mouse)
1786007960.784544,869,623,p1-block-3-trial-8-target-3,897.0,627.0,22.5,False,Pointer Move (Standard mouse)
1786007960.792566,869,623,p1-block-3-trial-8-target-3,897.0,627.0,22.5,False,Pointer Move (Standard mouse)
1786007960.800572,869,623,p1-block-3-trial-8-target-3,897.0,627.0,22.5,False,Pointer Move (Standard mouse)
1786007960.8087318,870,623,p1-block-3-trial-8-target-3,897.0,627.0,22.5,False,Pointer Move (Standard mouse)
1786007960.817154,870,623,p1-block-3-trial-8-target-3,897.0,627.0,22.5,False,Pointer Move (Standard mouse)
1786007960.825184,871,623,p1-block-3-trial-8-target-3,897.0,627.0,22.5,False,Pointer Move (Standard mouse)
1786007960.833877,871,623,p1-block-3-trial-8-target-3,897.0,627.0,22.5,False,Pointer Move (Standard mouse)
1786007960.849805,871,623,p1-block-3-trial-8-target-3,897.0,627.0,22.5,False,Pointer Move (Standard mouse)
1786007960.8583229,872,623,p1-block-3-trial-8-target-3,897.0,627.0,22.5,False,Pointer Move (Standard mouse)
1786007960.865867,872,623,p1-block-3-trial-8-target-3,897.0,627.0,22.5,False,Pointer Move (Standard mouse)
1786007960.874403,872,623,p1-block-3-trial-8-target-3,897.0,627.0,22.5,False,Pointer Move (Standard mouse)
1786007960.882598,873,623,p1-block-3-trial-8-target-3,897.0,627.0,22.5,False,Pointer Move (Standard mouse)
1786007960.889963,873,624,p1-block-3-trial-8-target-3,897.0,627.0,22.5,False,Pointer Move (Standard mouse)
1786007960.898819,874,624,p1-block-3-trial-8-target-3,897.0,627.0,22.5,False,Pointer Move (Standard mouse)
1786007960.906255,876,624,p1-block-3-trial-8-target-3,897.0,627.0,22.5,False,Pointer Move (Standard mouse)
1786007960.9139462,877,624,p1-block-3-trial-8-target-3,897.0,627.0,22.5,False,Pointer Move (Standard mouse)
1786007960.922137,879,624,p1-block-3-trial-8-target-3,897.0,627.0,22.5,False,Pointer Move (Standard mouse)
1786007960.9306371,881,625,p1-block-3-trial-8-target-3,897.0,627.0,22.5,False,Pointer Move (Standard mouse)
1786007960.938414,883,625,p1-block-3-trial-8-target-3,897.0,627.0,22.5,False,Pointer Move (Standard mouse)
1786007960.946256,885,625,p1-block-3-trial-8-target-3,897.0,627.0,22.5,False,Pointer Move (Standard mouse)
1786007960.9543731,887,626,p1-block-3-trial-8-target-3,897.0,627.0,22.5,False,Pointer Move (Standard mouse)
1786007960.9629152,888,626,p1-block-3-trial-8-target-3,897.0,627.0,22.5,False,Pointer Move (Standard mouse)
1786007960.970465,890,626,p1-block-3-trial-8-target-3,897.0,627.0,22.5,False,Pointer Move (Standard mouse)
1786007960.978951,891,626,p1-block-3-trial-8-target-3,897.0,627.0,22.5,False,Pointer Move (Standard mouse)
1786007960.9866722,893,626,p1-block-3-trial-8-target-3,897.0,627.0,22.5,False,Pointer Move (Standard mouse)
1786007960.9952252,894,627,p1-block-3-trial-8-target-3,897.0,627.0,22.5,False,Pointer Move (Standard mouse)
1786007961.0030038,895,627,p1-block-3-trial-8-target-3,897.0,627.0,22.5,False,Pointer Move (Standard mouse)
1786007961.011067,895,627,p1-block-3-trial-8-target-3,897.0,627.0,22.5,False,Pointer Move (Standard mouse)
1786007961.019347,896,627,p1-block-3-trial-8-target-3,897.0,627.0,22.5,False,Pointer Move (Standard mouse)
1786007961.028317,896,627,p1-block-3-trial-8-target-3,897.0,627.0,22.5,False,Pointer Move (Standard mouse)
1786007961.0355031,896,627,p1-block-3-trial-8-target-3,897.0,627.0,22.5,False,Pointer Move (Standard mouse)
1786007961.043514,897,627,p1-block-3-trial-8-target-3,897.0,627.0,22.5,False,Pointer Move (Standard mouse)
1786007961.052226,897,627,p1-block-3-trial-8-target-3,897.0,627.0,22.5,False,Pointer Move (Standard mouse)
1786007961.076137,897,627,p1-block-3-trial-8-target-3,897.0,627.0,22.5,False,Pointer Move (Standard mouse)
1786007961.125311,898,627,p1-block-3-trial-8-target-3,897.0,627.0,22.5,False,Pointer Move (Standard mouse)
1786007961.2047842,898,627,p1-block-3-trial-8-target-3,897.0,627.0,22.5,target_selected,target_selected
1786007964.9249861,898,627,p1-block-3-trial-9-target-7,543.0,273.0,22.5,False,Pointer Move (Standard mouse)
1786007964.931672,898,620,p1-block-3-trial-9-target-7,543.0,273.0,22.5,False,Pointer Move (Standard mouse)
1786007964.939691,899,617,p1-block-3-trial-9-target-7,543.0,273.0,22.5,False,Pointer Move (Standard mouse)
1786007964.948042,902,613,p1-block-3-trial-9-target-7,543.0,273.0,22.5,False,Pointer Move (Standard mouse)
1786007964.955922,904,611,p1-block-3-trial-9-target-7,543.0,273.0,22.5,False,Pointer Move (Standard mouse)
1786007964.963906,906,609,p1-block-3-trial-9-target-7,543.0,273.0,22.5,False,Pointer Move (Standard mouse)
1786007964.971957,908,606,p1-block-3-trial-9-target-7,543.0,273.0,22.5,False,Pointer Move (Standard mouse)
1786007964.9800131,910,605,p1-block-3-trial-9-target-7,543.0,273.0,22.5,False,Pointer Move (Standard mouse)
1786007964.988273,915,599,p1-block-3-trial-9-target-7,543.0,273.0,22.5,False,Pointer Move (Standard mouse)
1786007964.9963,924,589,p1-block-3-trial-9-target-7,543.0,273.0,22.5,False,Pointer Move (Standard mouse)
1786007965.0044138,929,581,p1-block-3-trial-9-target-7,543.0,273.0,22.5,False,Pointer Move (Standard mouse)
1786007965.012348,934,574,p1-block-3-trial-9-target-7,543.0,273.0,22.5,False,Pointer Move (Standard mouse)
1786007965.02099,940,562,p1-block-3-trial-9-target-7,543.0,273.0,22.5,False,Pointer Move (Standard mouse)
1786007965.0288908,945,551,p1-block-3-trial-9-target-7,543.0,273.0,22.5,False,Pointer Move (Standard mouse)
1786007965.037101,950,537,p1-block-3-trial-9-target-7,543.0,273.0,22.5,False,Pointer Move (Standard mouse)
1786007965.0453188,952,533,p1-block-3-trial-9-target-7,543.0,273.0,22.5,False,Pointer Move (Standard mouse)
1786007965.053488,953,521,p1-block-3-trial-9-target-7,543.0,273.0,22.5,False,Pointer Move (Standard mouse)
1786007965.0611148,956,513,p1-block-3-trial-9-target-7,543.0,273.0,22.5,False,Pointer Move (Standard mouse)
1786007965.069963,957,506,p1-block-3-trial-9-target-7,543.0,273.0,22.5,False,Pointer Move (Standard mouse)
1786007965.078043,957,499,p1-block-3-trial-9-target-7,543.0,273.0,22.5,False,Pointer Move (Standard mouse)
1786007965.085301,957,491,p1-block-3-trial-9-target-7,543.0,273.0,22.5,False,Pointer Move (Standard mouse)
1786007965.093285,957,484,p1-block-3-trial-9-target-7,543.0,273.0,22.5,False,Pointer Move (Standard mouse)
1786007965.10202,951,477,p1-block-3-trial-9-target-7,543.0,273.0,22.5,False,Pointer Move (Standard mouse)
1786007965.109816,943,470,p1-block-3-trial-9-target-7,543.0,273.0,22.5,False,Pointer Move (Standard mouse)
1786007965.117741,934,459,p1-block-3-trial-9-target-7,543.0,273.0,22.5,False,Pointer Move (Standard mouse)
1786007965.1259232,923,450,p1-block-3-trial-9-target-7,543.0,273.0,22.5,False,Pointer Move (Standard mouse)
1786007965.134146,915,442,p1-block-3-trial-9-target-7,543.0,273.0,22.5,False,Pointer Move (Standard mouse)
1786007965.141856,904,431,p1-block-3-trial-9-target-7,543.0,273.0,22.5,False,Pointer Move (Standard mouse)
1786007965.155452,890,421,p1-block-3-trial-9-target-7,543.0,273.0,22.5,False,Pointer Move (Standard mouse)
1786007965.15791,875,411,p1-block-3-trial-9-target-7,543.0,273.0,22.5,False,Pointer Move (Standard mouse)
1786007965.166091,857,400,p1-block-3-trial-9-target-7,543.0,273.0,22.5,False,Pointer Move (Standard mouse)
1786007965.174114,835,388,p1-block-3-trial-9-target-7,543.0,273.0,22.5,False,Pointer Move (Standard mouse)
1786007965.183254,811,373,p1-block-3-trial-9-target-7,543.0,273.0,22.5,False,Pointer Move (Standard mouse)
1786007965.190971,789,361,p1-block-3-trial-9-target-7,543.0,273.0,22.5,False,Pointer Move (Standard mouse)
1786007965.1987042,767,349,p1-block-3-trial-9-target-7,543.0,273.0,22.5,False,Pointer Move (Standard mouse)
1786007965.206912,742,334,p1-block-3-trial-9-target-7,543.0,273.0,22.5,False,Pointer Move (Standard mouse)
1786007965.2147782,716,321,p1-block-3-trial-9-target-7,543.0,273.0,22.5,False,Pointer Move (Standard mouse)
1786007965.222972,688,303,p1-block-3-trial-9-target-7,543.0,273.0,22.5,False,Pointer Move (Standard mouse)
1786007965.2309692,665,288,p1-block-3-trial-9-target-7,543.0,273.0,22.5,False,Pointer Move (Standard mouse)
1786007965.239242,645,274,p1-block-3-trial-9-target-7,543.0,273.0,22.5,False,Pointer Move (Standard mouse)
1786007965.24739,639,268,p1-block-3-trial-9-target-7,543.0,273.0,22.5,False,Pointer Move (Standard mouse)
1786007965.2554429,625,257,p1-block-3-trial-9-target-7,543.0,273.0,22.5,False,Pointer Move (Standard mouse)
1786007965.263226,617,249,p1-block-3-trial-9-target-7,543.0,273.0,22.5,False,Pointer Move (Standard mouse)
1786007965.271598,609,244,p1-block-3-trial-9-target-7,543.0,273.0,22.5,False,Pointer Move (Standard mouse)
1786007965.279692,603,238,p1-block-3-trial-9-target-7,543.0,273.0,22.5,False,Pointer Move (Standard mouse)
1786007965.2879,599,235,p1-block-3-trial-9-target-7,543.0,273.0,22.5,False,Pointer Move (Standard mouse)
1786007965.295533,596,232,p1-block-3-trial-9-target-7,543.0,273.0,22.5,False,Pointer Move (Standard mouse)
1786007965.303761,594,231,p1-block-3-trial-9-target-7,543.0,273.0,22.5,False,Pointer Move (Standard mouse)
1786007965.311581,591,229,p1-block-3-trial-9-target-7,543.0,273.0,22.5,False,Pointer Move (Standard mouse)
1786007965.320141,589,228,p1-block-3-trial-9-target-7,543.0,273.0,22.5,False,Pointer Move (Standard mouse)
1786007965.328168,587,227,p1-block-3-trial-9-target-7,543.0,273.0,22.5,False,Pointer Move (Standard mouse)
1786007965.336273,584,226,p1-block-3-trial-9-target-7,543.0,273.0,22.5,False,Pointer Move (Standard mouse)
1786007965.3445818,578,225,p1-block-3-trial-9-target-7,543.0,273.0,22.5,False,Pointer Move (Standard mouse)
1786007965.3523998,574,225,p1-block-3-trial-9-target-7,543.0,273.0,22.5,False,Pointer Move (Standard mouse)
1786007965.36055,570,224,p1-block-3-trial-9-target-7,543.0,273.0,22.5,False,Pointer Move (Standard mouse)
1786007965.369008,565,224,p1-block-3-trial-9-target-7,543.0,273.0,22.5,False,Pointer Move (Standard mouse)
1786007965.377368,562,224,p1-block-3-trial-9-target-7,543.0,273.0,22.5,False,Pointer Move (Standard mouse)
1786007965.385134,558,224,p1-block-3-trial-9-target-7,543.0,273.0,22.5,False,Pointer Move (Standard mouse)
1786007965.392986,555,224,p1-block-3-trial-9-target-7,543.0,273.0,22.5,False,Pointer Move (Standard mouse)
1786007965.40115,553,224,p1-block-3-trial-9-target-7,543.0,273.0,22.5,False,Pointer Move (Standard mouse)
1786007965.4091752,552,224,p1-block-3-trial-9-target-7,543.0,273.0,22.5,False,Pointer Move (Standard mouse)
1786007965.416969,551,224,p1-block-3-trial-9-target-7,543.0,273.0,22.5,False,Pointer Move (Standard mouse)
1786007965.4251919,550,224,p1-block-3-trial-9-target-7,543.0,273.0,22.5,False,Pointer Move (Standard mouse)
1786007965.433331,549,224,p1-block-3-trial-9-target-7,543.0,273.0,22.5,False,Pointer Move (Standard mouse)
1786007965.441841,549,224,p1-block-3-trial-9-target-7,543.0,273.0,22.5,False,Pointer Move (Standard mouse)
1786007965.449545,549,224,p1-block-3-trial-9-target-7,543.0,273.0,22.5,False,Pointer Move (Standard mouse)
1786007965.4575438,548,224,p1-block-3-trial-9-target-7,543.0,273.0,22.5,False,Pointer Move (Standard mouse)
1786007965.465952,548,226,p1-block-3-trial-9-target-7,543.0,273.0,22.5,False,Pointer Move (Standard mouse)
1786007965.474043,547,228,p1-block-3-trial-9-target-7,543.0,273.0,22.5,False,Pointer Move (Standard mouse)
1786007965.4820511,546,231,p1-block-3-trial-9-target-7,543.0,273.0,22.5,False,Pointer Move (Standard mouse)
1786007965.490099,545,234,p1-block-3-trial-9-target-7,543.0,273.0,22.5,False,Pointer Move (Standard mouse)
1786007965.4982772,545,238,p1-block-3-trial-9-target-7,543.0,273.0,22.5,False,Pointer Move (Standard mouse)
1786007965.506449,545,243,p1-block-3-trial-9-target-7,543.0,273.0,22.5,False,Pointer Move (Standard mouse)
1786007965.5141702,545,246,p1-block-3-trial-9-target-7,543.0,273.0,22.5,False,Pointer Move (Standard mouse)
1786007965.52259,545,248,p1-block-3-trial-9-target-7,543.0,273.0,22.5,False,Pointer Move (Standard mouse)
1786007965.530591,545,251,p1-block-3-trial-9-target-7,543.0,273.0,22.5,False,Pointer Move (Standard mouse)
1786007965.538591,545,253,p1-block-3-trial-9-target-7,543.0,273.0,22.5,False,Pointer Move (Standard mouse)
1786007965.546664,545,256,p1-block-3-trial-9-target-7,543.0,273.0,22.5,False,Pointer Move (Standard mouse)
1786007965.5545971,545,258,p1-block-3-trial-9-target-7,543.0,273.0,22.5,False,Pointer Move (Standard mouse)
1786007965.562935,545,260,p1-block-3-trial-9-target-7,543.0,273.0,22.5,False,Pointer Move (Standard mouse)
1786007965.5709682,545,264,p1-block-3-trial-9-target-7,543.0,273.0,22.5,False,Pointer Move (Standard mouse)
1786007965.578916,545,266,p1-block-3-trial-9-target-7,543.0,273.0,22.5,False,Pointer Move (Standard mouse)
1786007965.587253,546,269,p1-block-3-trial-9-target-7,543.0,273.0,22.5,False,Pointer Move (Standard mouse)
1786007965.595145,547,271,p1-block-3-trial-9-target-7,543.0,273.0,22.5,False,Pointer Move (Standard mouse)
1786007965.603738,547,273,p1-block-3-trial-9-target-7,543.0,273.0,22.5,False,Pointer Move (Standard mouse)
1786007965.6114938,548,274,p1-block-3-trial-9-target-7,543.0,273.0,22.5,False,Pointer Move (Standard mouse)
1786007965.619607,549,275,p1-block-3-trial-9-target-7,543.0,273.0,22.5,False,Pointer Move (Standard mouse)
1786007965.627388,549,276,p1-block-3-trial-9-target-7,543.0,273.0,22.5,False,Pointer Move (Standard mouse)
1786007965.635699,550,277,p1-block-3-trial-9-target-7,543.0,273.0,22.5,False,Pointer Move (Standard mouse)
1786007965.644222,551,277,p1-block-3-trial-9-target-7,543.0,273.0,22.5,False,Pointer Move (Standard mouse)
1786007965.6518872,551,278,p1-block-3-trial-9-target-7,543.0,273.0,22.5,False,Pointer Move (Standard mouse)
1786007965.659919,552,278,p1-block-3-trial-9-target-7,543.0,273.0,22.5,False,Pointer Move (Standard mouse)
1786007965.6678069,552,279,p1-block-3-trial-9-target-7,543.0,273.0,22.5,False,Pointer Move (Standard mouse)
1786007965.67643,552,279,p1-block-3-trial-9-target-7,543.0,273.0,22.5,False,Pointer Move (Standard mouse)
1786007965.684278,553,279,p1-block-3-trial-9-target-7,543.0,273.0,22.5,False,Pointer Move (Standard mouse)
1786007965.693303,553,280,p1-block-3-trial-9-target-7,543.0,273.0,22.5,False,Pointer Move (Standard mouse)
1786007965.7003598,553,280,p1-block-3-trial-9-target-7,543.0,273.0,22.5,False,Pointer Move (Standard mouse)
1786007965.7083871,553,280,p1-block-3-trial-9-target-7,543.0,273.0,22.5,False,Pointer Move (Standard mouse)
1786007965.717003,553,281,p1-block-3-trial-9-target-7,543.0,273.0,22.5,False,Pointer Move (Standard mouse)
1786007965.724548,553,281,p1-block-3-trial-9-target-7,543.0,273.0,22.5,False,Pointer Move (Standard mouse)
1786007965.7535622,553,281,p1-block-3-trial-9-target-7,543.0,273.0,22.5,target_selected,target_selected
1786007965.778166,553,281,p1-block-3-trial-10-target-3,897.0,627.0,22.5,False,Pointer Move (Standard mouse)
1786007966.082547,553,282,p1-block-3-trial-10-target-3,897.0,627.0,22.5,False,Pointer Move (Standard mouse)
1786007966.08924,553,293,p1-block-3-trial-10-target-3,897.0,627.0,22.5,False,Pointer Move (Standard mouse)
1786007966.0969632,556,302,p1-block-3-trial-10-target-3,897.0,627.0,22.5,False,Pointer Move (Standard mouse)
1786007966.104915,561,316,p1-block-3-trial-10-target-3,897.0,627.0,22.5,False,Pointer Move (Standard mouse)
1786007966.113055,569,331,p1-block-3-trial-10-target-3,897.0,627.0,22.5,False,Pointer Move (Standard mouse)
1786007966.121168,589,380,p1-block-3-trial-10-target-3,897.0,627.0,22.5,False,Pointer Move (Standard mouse)
1786007966.1291342,596,397,p1-block-3-trial-10-target-3,897.0,627.0,22.5,False,Pointer Move (Standard mouse)
1786007966.13788,609,422,p1-block-3-trial-10-target-3,897.0,627.0,22.5,False,Pointer Move (Standard mouse)
1786007966.14604,626,457,p1-block-3-trial-10-target-3,897.0,627.0,22.5,False,Pointer Move (Standard mouse)
1786007966.153578,639,482,p1-block-3-trial-10-target-3,897.0,627.0,22.5,False,Pointer Move (Standard mouse)
1786007966.161935,654,506,p1-block-3-trial-10-target-3,897.0,627.0,22.5,False,Pointer Move (Standard mouse)
1786007966.169863,666,528,p1-block-3-trial-10-target-3,897.0,627.0,22.5,False,Pointer Move (Standard mouse)
1786007966.178408,680,548,p1-block-3-trial-10-target-3,897.0,627.0,22.5,False,Pointer Move (Standard mouse)
1786007966.1864178,694,568,p1-block-3-trial-10-target-3,897.0,627.0,22.5,False,Pointer Move (Standard mouse)
1786007966.194462,705,581,p1-block-3-trial-10-target-3,897.0,627.0,22.5,False,Pointer Move (Standard mouse)
1786007966.2023091,717,595,p1-block-3-trial-10-target-3,897.0,627.0,22.5,False,Pointer Move (Standard mouse)
1786007966.21012,728,605,p1-block-3-trial-10-target-3,897.0,627.0,22.5,False,Pointer Move (Standard mouse)
1786007966.21865,732,609,p1-block-3-trial-10-target-3,897.0,627.0,22.5,False,Pointer Move (Standard mouse)
1786007966.2262568,740,618,p1-block-3-trial-10-target-3,897.0,627.0,22.5,False,Pointer Move (Standard mouse)
1786007966.2350001,748,624,p1-block-3-trial-10-target-3,897.0,627.0,22.5,False,Pointer Move (Standard mouse)
1786007966.2425332,753,628,p1-block-3-trial-10-target-3,897.0,627.0,22.5,False,Pointer Move (Standard mouse)
1786007966.250595,761,633,p1-block-3-trial-10-target-3,897.0,627.0,22.5,False,Pointer Move (Standard mouse)
1786007966.258959,765,636,p1-block-3-trial-10-target-3,897.0,627.0,22.5,False,Pointer Move (Standard mouse)
1786007966.2666829,768,639,p1-block-3-trial-10-target-3,897.0,627.0,22.5,False,Pointer Move (Standard mouse)
1786007966.274484,772,642,p1-block-3-trial-10-target-3,897.0,627.0,22.5,False,Pointer Move (Standard mouse)
1786007966.282814,775,644,p1-block-3-trial-10-target-3,897.0,627.0,22.5,False,Pointer Move (Standard mouse)
1786007966.291012,776,645,p1-block-3-trial-10-target-3,897.0,627.0,22.5,False,Pointer Move (Standard mouse)
1786007966.299229,777,646,p1-block-3-trial-10-target-3,897.0,627.0,22.5,False,Pointer Move (Standard mouse)
1786007966.307536,778,647,p1-block-3-trial-10-target-3,897.0,627.0,22.5,False,Pointer Move (Standard mouse)
1786007966.3155851,779,648,p1-block-3-trial-10-target-3,897.0,627.0,22.5,False,Pointer Move (Standard mouse)
1786007966.324267,779,648,p1-block-3-trial-10-target-3,897.0,627.0,22.5,False,Pointer Move (Standard mouse)
1786007966.3320289,780,648,p1-block-3-trial-10-target-3,897.0,627.0,22.5,False,Pointer Move (Standard mouse)
1786007966.340215,781,649,p1-block-3-trial-10-target-3,897.0,627.0,22.5,False,Pointer Move (Standard mouse)
1786007966.347735,782,649,p1-block-3-trial-10-target-3,897.0,627.0,22.5,False,Pointer Move (Standard mouse)
1786007966.356202,783,650,p1-block-3-trial-10-target-3,897.0,627.0,22.5,False,Pointer Move (Standard mouse)
1786007966.363942,785,651,p1-block-3-trial-10-target-3,897.0,627.0,22.5,False,Pointer Move (Standard mouse)
1786007966.372284,787,651,p1-block-3-trial-10-target-3,897.0,627.0,22.5,False,Pointer Move (Standard mouse)
1786007966.380472,791,652,p1-block-3-trial-10-target-3,897.0,627.0,22.5,False,Pointer Move (Standard mouse)
1786007966.389266,796,653,p1-block-3-trial-10-target-3,897.0,627.0,22.5,False,Pointer Move (Standard mouse)
1786007966.39606,800,654,p1-block-3-trial-10-target-3,897.0,627.0,22.5,False,Pointer Move (Standard mouse)
1786007966.404254,807,655,p1-block-3-trial-10-target-3,897.0,627.0,22.5,False,Pointer Move (Standard mouse)
1786007966.412548,816,655,p1-block-3-trial-10-target-3,897.0,627.0,22.5,False,Pointer Move (Standard mouse)
1786007966.4204092,820,655,p1-block-3-trial-10-target-3,897.0,627.0,22.5,False,Pointer Move (Standard mouse)
1786007966.42869,827,655,p1-block-3-trial-10-target-3,897.0,627.0,22.5,False,Pointer Move (Standard mouse)
1786007966.436378,834,655,p1-block-3-trial-10-target-3,897.0,627.0,22.5,False,Pointer Move (Standard mouse)
1786007966.44466,842,655,p1-block-3-trial-10-target-3,897.0,627.0,22.5,False,Pointer Move (Standard mouse)
1786007966.452745,847,655,p1-block-3-trial-10-target-3,897.0,627.0,22.5,False,Pointer Move (Standard mouse)
1786007966.461117,854,655,p1-block-3-trial-10-target-3,897.0,627.0,22.5,False,Pointer Move (Standard mouse)
1786007966.4693491,860,655,p1-block-3-trial-10-target-3,897.0,627.0,22.5,False,Pointer Move (Standard mouse)
1786007966.477221,865,654,p1-block-3-trial-10-target-3,897.0,627.0,22.5,False,Pointer Move (Standard mouse)
1786007966.485503,870,653,p1-block-3-trial-10-target-3,897.0,627.0,22.5,False,Pointer Move (Standard mouse)
1786007966.4933681,873,652,p1-block-3-trial-10-target-3,897.0,627.0,22.5,False,Pointer Move (Standard mouse)
1786007966.502045,882,650,p1-block-3-trial-10-target-3,897.0,627.0,22.5,False,Pointer Move (Standard mouse)
1786007966.5101151,889,649,p1-block-3-trial-10-target-3,897.0,627.0,22.5,False,Pointer Move (Standard mouse)
1786007966.5178409,895,648,p1-block-3-trial-10-target-3,897.0,627.0,22.5,False,Pointer Move (Standard mouse)
1786007966.5257149,900,648,p1-block-3-trial-10-target-3,897.0,627.0,22.5,False,Pointer Move (Standard mouse)
1786007966.5340679,905,647,p1-block-3-trial-10-target-3,897.0,627.0,22.5,False,Pointer Move (Standard mouse)
1786007966.542047,911,646,p1-block-3-trial-10-target-3,897.0,627.0,22.5,False,Pointer Move (Standard mouse)
1786007966.5501142,916,645,p1-block-3-trial-10-target-3,897.0,627.0,22.5,False,Pointer Move (Standard mouse)
1786007966.558208,920,644,p1-block-3-trial-10-target-3,897.0,627.0,22.5,False,Pointer Move (Standard mouse)
1786007966.566245,922,644,p1-block-3-trial-10-target-3,897.0,627.0,22.5,False,Pointer Move (Standard mouse)
1786007966.574879,924,643,p1-block-3-trial-10-target-3,897.0,627.0,22.5,False,Pointer Move (Standard mouse)
1786007966.5827131,925,642,p1-block-3-trial-10-target-3,897.0,627.0,22.5,False,Pointer Move (Standard mouse)
1786007966.5907578,925,642,p1-block-3-trial-10-target-3,897.0,627.0,22.5,False,Pointer Move (Standard mouse)
1786007966.598732,925,642,p1-block-3-trial-10-target-3,897.0,627.0,22.5,False,Pointer Move (Standard mouse)
1786007966.6067991,926,642,p1-block-3-trial-10-target-3,897.0,627.0,22.5,False,Pointer Move (Standard mouse)
1786007966.614805,926,642,p1-block-3-trial-10-target-3,897.0,627.0,22.5,False,Pointer Move (Standard mouse)
1786007966.64832,926,641,p1-block-3-trial-10-target-3,897.0,627.0,22.5,False,Pointer Move (Standard mouse)
1786007966.6795928,925,641,p1-block-3-trial-10-target-3,897.0,627.0,22.5,False,Pointer Move (Standard mouse)
1786007966.687486,925,641,p1-block-3-trial-10-target-3,897.0,627.0,22.5,False,Pointer Move (Standard mouse)
1786007966.695702,924,641,p1-block-3-trial-10-target-3,897.0,627.0,22.5,False,Pointer Move (Standard mouse)
1786007966.703871,923,641,p1-block-3-trial-10-target-3,897.0,627.0,22.5,False,Pointer Move (Standard mouse)
1786007966.711854,922,641,p1-block-3-trial-10-target-3,897.0,627.0,22.5,False,Pointer Move (Standard mouse)
1786007966.7204401,922,640,p1-block-3-trial-10-target-3,897.0,627.0,22.5,False,Pointer Move (Standard mouse)
1786007966.728105,920,640,p1-block-3-trial-10-target-3,897.0,627.0,22.5,False,Pointer Move (Standard mouse)
1786007966.736325,920,640,p1-block-3-trial-10-target-3,897.0,627.0,22.5,False,Pointer Move (Standard mouse)
1786007966.744201,919,640,p1-block-3-trial-10-target-3,897.0,627.0,22.5,False,Pointer Move (Standard mouse)
1786007966.753067,919,640,p1-block-3-trial-10-target-3,897.0,627.0,22.5,False,Pointer Move (Standard mouse)
1786007966.7604742,918,640,p1-block-3-trial-10-target-3,897.0,627.0,22.5,False,Pointer Move (Standard mouse)
1786007966.7684941,917,640,p1-block-3-trial-10-target-3,897.0,627.0,22.5,False,Pointer Move (Standard mouse)
1786007966.7766342,916,640,p1-block-3-trial-10-target-3,897.0,627.0,22.5,False,Pointer Move (Standard mouse)
1786007966.784846,916,639,p1-block-3-trial-10-target-3,897.0,627.0,22.5,False,Pointer Move (Standard mouse)
1786007966.792755,915,639,p1-block-3-trial-10-target-3,897.0,627.0,22.5,False,Pointer Move (Standard mouse)
1786007966.8010051,914,639,p1-block-3-trial-10-target-3,897.0,627.0,22.5,False,Pointer Move (Standard mouse)
1786007966.8089721,913,639,p1-block-3-trial-10-target-3,897.0,627.0,22.5,False,Pointer Move (Standard mouse)
1786007966.817572,912,638,p1-block-3-trial-10-target-3,897.0,627.0,22.5,False,Pointer Move (Standard mouse)
1786007966.8251698,911,638,p1-block-3-trial-10-target-3,897.0,627.0,22.5,False,Pointer Move (Standard mouse)
1786007966.8329651,909,638,p1-block-3-trial-10-target-3,897.0,627.0,22.5,False,Pointer Move (Standard mouse)
1786007966.8411698,909,637,p1-block-3-trial-10-target-3,897.0,627.0,22.5,False,Pointer Move (Standard mouse)
1786007966.849429,908,637,p1-block-3-trial-10-target-3,897.0,627.0,22.5,False,Pointer Move (Standard mouse)
1786007966.857729,908,637,p1-block-3-trial-10-target-3,897.0,627.0,22.5,False,Pointer Move (Standard mouse)
1786007966.865716,907,637,p1-block-3-trial-10-target-3,897.0,627.0,22.5,False,Pointer Move (Standard mouse)
1786007966.8824801,907,636,p1-block-3-trial-10-target-3,897.0,627.0,22.5,False,Pointer Move (Standard mouse)
1786007966.8904169,907,636,p1-block-3-trial-10-target-3,897.0,627.0,22.5,False,Pointer Move (Standard mouse)
1786007966.899071,907,636,p1-block-3-trial-10-target-3,897.0,627.0,22.5,False,Pointer Move (Standard mouse)
1786007966.913729,906,636,p1-block-3-trial-10-target-3,897.0,627.0,22.5,False,Pointer Move (Standard mouse)
1786007966.921588,906,636,p1-block-3-trial-10-target-3,897.0,627.0,22.5,False,Pointer Move (Standard mouse)
1786007966.954883,906,636,p1-block-3-trial-10-target-3,897.0,627.0,22.5,target_selected,target_selected
1786007967.288438,906,634,p1-block-3-trial-11-target-7,543.0,273.0,22.5,False,Pointer Move (Standard mouse)
1786007967.295736,900,625,p1-block-3-trial-11-target-7,543.0,273.0,22.5,False,Pointer Move (Standard mouse)
1786007967.303314,892,612,p1-block-3-trial-11-target-7,543.0,273.0,22.5,False,Pointer Move (Standard mouse)
1786007967.311286,882,597,p1-block-3-trial-11-target-7,543.0,273.0,22.5,False,Pointer Move (Standard mouse)
1786007967.3192132,872,582,p1-block-3-trial-11-target-7,543.0,273.0,22.5,False,Pointer Move (Standard mouse)
1786007967.327256,847,541,p1-block-3-trial-11-target-7,543.0,273.0,22.5,False,Pointer Move (Standard mouse)
1786007967.335099,832,515,p1-block-3-trial-11-target-7,543.0,273.0,22.5,False,Pointer Move (Standard mouse)
1786007967.343786,826,501,p1-block-3-trial-11-target-7,543.0,273.0,22.5,False,Pointer Move (Standard mouse)
1786007967.3514051,813,471,p1-block-3-trial-11-target-7,543.0,273.0,22.5,False,Pointer Move (Standard mouse)
1786007967.359835,799,442,p1-block-3-trial-11-target-7,543.0,273.0,22.5,False,Pointer Move (Standard mouse)
1786007967.367444,788,416,p1-block-3-trial-11-target-7,543.0,273.0,22.5,False,Pointer Move (Standard mouse)
1786007967.376299,775,390,p1-block-3-trial-11-target-7,543.0,273.0,22.5,False,Pointer Move (Standard mouse)
1786007967.384398,767,366,p1-block-3-trial-11-target-7,543.0,273.0,22.5,False,Pointer Move (Standard mouse)
1786007967.3920588,757,341,p1-block-3-trial-11-target-7,543.0,273.0,22.5,False,Pointer Move (Standard mouse)
1786007967.400589,746,315,p1-block-3-trial-11-target-7,543.0,273.0,22.5,False,Pointer Move (Standard mouse)
1786007967.408154,734,293,p1-block-3-trial-11-target-7,543.0,273.0,22.5,False,Pointer Move (Standard mouse)
1786007967.4166038,725,275,p1-block-3-trial-11-target-7,543.0,273.0,22.5,False,Pointer Move (Standard mouse)
1786007967.424005,715,260,p1-block-3-trial-11-target-7,543.0,273.0,22.5,False,Pointer Move (Standard mouse)
1786007967.4318871,711,253,p1-block-3-trial-11-target-7,543.0,273.0,22.5,False,Pointer Move (Standard mouse)
1786007967.440186,704,241,p1-block-3-trial-11-target-7,543.0,273.0,22.5,False,Pointer Move (Standard mouse)
1786007967.448436,698,231,p1-block-3-trial-11-target-7,543.0,273.0,22.5,False,Pointer Move (Standard mouse)
1786007967.457057,694,225,p1-block-3-trial-11-target-7,543.0,273.0,22.5,False,Pointer Move (Standard mouse)
1786007967.464688,690,219,p1-block-3-trial-11-target-7,543.0,273.0,22.5,False,Pointer Move (Standard mouse)
1786007967.472692,687,215,p1-block-3-trial-11-target-7,543.0,273.0,22.5,False,Pointer Move (Standard mouse)
1786007967.480727,685,212,p1-block-3-trial-11-target-7,543.0,273.0,22.5,False,Pointer Move (Standard mouse)
1786007967.4892008,683,209,p1-block-3-trial-11-target-7,543.0,273.0,22.5,False,Pointer Move (Standard mouse)
1786007967.496781,682,208,p1-block-3-trial-11-target-7,543.0,273.0,22.5,False,Pointer Move (Standard mouse)
1786007967.504833,681,206,p1-block-3-trial-11-target-7,543.0,273.0,22.5,False,Pointer Move (Standard mouse)
1786007967.513094,678,204,p1-block-3-trial-11-target-7,543.0,273.0,22.5,False,Pointer Move (Standard mouse)
1786007967.521373,677,203,p1-block-3-trial-11-target-7,543.0,273.0,22.5,False,Pointer Move (Standard mouse)
1786007967.5289311,675,201,p1-block-3-trial-11-target-7,543.0,273.0,22.5,False,Pointer Move (Standard mouse)
1786007967.538898,673,199,p1-block-3-trial-11-target-7,543.0,273.0,22.5,False,Pointer Move (Standard mouse)
1786007967.545815,671,197,p1-block-3-trial-11-target-7,543.0,273.0,22.5,False,Pointer Move (Standard mouse)
1786007967.553679,669,196,p1-block-3-trial-11-target-7,543.0,273.0,22.5,False,Pointer Move (Standard mouse)
1786007967.561619,667,195,p1-block-3-trial-11-target-7,543.0,273.0,22.5,False,Pointer Move (Standard mouse)
1786007967.5700312,664,194,p1-block-3-trial-11-target-7,543.0,273.0,22.5,False,Pointer Move (Standard mouse)
1786007967.5778959,660,193,p1-block-3-trial-11-target-7,543.0,273.0,22.5,False,Pointer Move (Standard mouse)
1786007967.5860338,657,193,p1-block-3-trial-11-target-7,543.0,273.0,22.5,False,Pointer Move (Standard mouse)
1786007967.59394,648,193,p1-block-3-trial-11-target-7,543.0,273.0,22.5,False,Pointer Move (Standard mouse)
1786007967.602041,642,193,p1-block-3-trial-11-target-7,543.0,273.0,22.5,False,Pointer Move (Standard mouse)
1786007967.610348,637,193,p1-block-3-trial-11-target-7,543.0,273.0,22.5,False,Pointer Move (Standard mouse)
1786007967.6181362,628,193,p1-block-3-trial-11-target-7,543.0,273.0,22.5,False,Pointer Move (Standard mouse)
1786007967.626328,625,194,p1-block-3-trial-11-target-7,543.0,273.0,22.5,False,Pointer Move (Standard mouse)
1786007967.634339,618,196,p1-block-3-trial-11-target-7,543.0,273.0,22.5,False,Pointer Move (Standard mouse)
1786007967.6421251,614,199,p1-block-3-trial-11-target-7,543.0,273.0,22.5,False,Pointer Move (Standard mouse)
1786007967.650471,609,201,p1-block-3-trial-11-target-7,543.0,273.0,22.5,False,Pointer Move (Standard mouse)
1786007967.658606,605,204,p1-block-3-trial-11-target-7,543.0,273.0,22.5,False,Pointer Move (Standard mouse)
1786007967.6666749,602,206,p1-block-3-trial-11-target-7,543.0,273.0,22.5,False,Pointer Move (Standard mouse)
1786007967.675528,600,209,p1-block-3-trial-11-target-7,543.0,273.0,22.5,False,Pointer Move (Standard mouse)
1786007967.6844108,598,210,p1-block-3-trial-11-target-7,543.0,273.0,22.5,False,Pointer Move (Standard mouse)
1786007967.6912608,597,211,p1-block-3-trial-11-target-7,543.0,273.0,22.5,False,Pointer Move (Standard mouse)
1786007967.700546,596,213,p1-block-3-trial-11-target-7,543.0,273.0,22.5,False,Pointer Move (Standard mouse)
1786007967.707573,594,215,p1-block-3-trial-11-target-7,543.0,273.0,22.5,False,Pointer Move (Standard mouse)
1786007967.715678,593,216,p1-block-3-trial-11-target-7,543.0,273.0,22.5,False,Pointer Move (Standard mouse)
1786007967.723944,592,219,p1-block-3-trial-11-target-7,543.0,273.0,22.5,False,Pointer Move (Standard mouse)
1786007967.731162,587,225,p1-block-3-trial-11-target-7,543.0,273.0,22.5,False,Pointer Move (Standard mouse)
1786007967.7389219,586,227,p1-block-3-trial-11-target-7,543.0,273.0,22.5,False,Pointer Move (Standard mouse)
1786007967.747315,583,231,p1-block-3-trial-11-target-7,543.0,273.0,22.5,False,Pointer Move (Standard mouse)
1786007967.7555919,580,235,p1-block-3-trial-11-target-7,543.0,273.0,22.5,False,Pointer Move (Standard mouse)
1786007967.7634728,578,239,p1-block-3-trial-11-target-7,543.0,273.0,22.5,False,Pointer Move (Standard mouse)
1786007967.771638,576,243,p1-block-3-trial-11-target-7,543.0,273.0,22.5,False,Pointer Move (Standard mouse)
1786007967.77954,574,245,p1-block-3-trial-11-target-7,543.0,273.0,22.5,False,Pointer Move (Standard mouse)
1786007967.7870662,573,247,p1-block-3-trial-11-target-7,543.0,273.0,22.5,False,Pointer Move (Standard mouse)
1786007967.796247,572,249,p1-block-3-trial-11-target-7,543.0,273.0,22.5,False,Pointer Move (Standard mouse)
1786007967.803998,572,251,p1-block-3-trial-11-target-7,543.0,273.0,22.5,False,Pointer Move (Standard mouse)
1786007967.811869,571,252,p1-block-3-trial-11-target-7,543.0,273.0,22.5,False,Pointer Move (Standard mouse)
1786007967.8204422,571,253,p1-block-3-trial-11-target-7,543.0,273.0,22.5,False,Pointer Move (Standard mouse)
1786007967.828453,571,254,p1-block-3-trial-11-target-7,543.0,273.0,22.5,False,Pointer Move (Standard mouse)
1786007967.836295,571,255,p1-block-3-trial-11-target-7,543.0,273.0,22.5,False,Pointer Move (Standard mouse)
1786007967.8442838,571,255,p1-block-3-trial-11-target-7,543.0,273.0,22.5,False,Pointer Move (Standard mouse)
1786007967.8523898,570,256,p1-block-3-trial-11-target-7,543.0,273.0,22.5,False,Pointer Move (Standard mouse)
1786007967.860385,570,256,p1-block-3-trial-11-target-7,543.0,273.0,22.5,False,Pointer Move (Standard mouse)
1786007967.868533,570,256,p1-block-3-trial-11-target-7,543.0,273.0,22.5,False,Pointer Move (Standard mouse)
1786007967.876875,570,257,p1-block-3-trial-11-target-7,543.0,273.0,22.5,False,Pointer Move (Standard mouse)
1786007967.884886,570,257,p1-block-3-trial-11-target-7,543.0,273.0,22.5,False,Pointer Move (Standard mouse)
1786007967.893378,570,258,p1-block-3-trial-11-target-7,543.0,273.0,22.5,False,Pointer Move (Standard mouse)
1786007967.9014468,570,258,p1-block-3-trial-11-target-7,543.0,273.0,22.5,False,Pointer Move (Standard mouse)
1786007967.909079,569,258,p1-block-3-trial-11-target-7,543.0,273.0,22.5,False,Pointer Move (Standard mouse)
1786007967.917449,569,259,p1-block-3-trial-11-target-7,543.0,273.0,22.5,False,Pointer Move (Standard mouse)
1786007967.925539,569,259,p1-block-3-trial-11-target-7,543.0,273.0,22.5,False,Pointer Move (Standard mouse)
1786007967.933436,569,259,p1-block-3-trial-11-target-7,543.0,273.0,22.5,False,Pointer Move (Standard mouse)
1786007967.941449,568,259,p1-block-3-trial-11-target-7,543.0,273.0,22.5,False,Pointer Move (Standard mouse)
1786007967.95083,568,260,p1-block-3-trial-11-target-7,543.0,273.0,22.5,False,Pointer Move (Standard mouse)
1786007967.957629,568,260,p1-block-3-trial-11-target-7,543.0,273.0,22.5,False,Pointer Move (Standard mouse)
1786007967.971174,568,260,p1-block-3-trial-11-target-7,543.0,273.0,22.5,False,Pointer Move (Standard mouse)
1786007967.9735081,567,261,p1-block-3-trial-11-target-7,543.0,273.0,22.5,False,Pointer Move (Standard mouse)
1786007967.982985,567,261,p1-block-3-trial-11-target-7,543.0,273.0,22.5,False,Pointer Move (Standard mouse)
1786007967.990608,566,261,p1-block-3-trial-11-target-7,543.0,273.0,22.5,False,Pointer Move (Standard mouse)
1786007967.9979641,566,261,p1-block-3-trial-11-target-7,543.0,273.0,22.5,False,Pointer Move (Standard mouse)
1786007968.006912,566,261,p1-block-3-trial-11-target-7,543.0,273.0,22.5,False,Pointer Move (Standard mouse)
1786007968.0146172,565,262,p1-block-3-trial-11-target-7,543.0,273.0,22.5,False,Pointer Move (Standard mouse)
1786007968.022858,564,262,p1-block-3-trial-11-target-7,543.0,273.0,22.5,False,Pointer Move (Standard mouse)
1786007968.030954,564,263,p1-block-3-trial-11-target-7,543.0,273.0,22.5,False,Pointer Move (Standard mouse)
1786007968.039407,563,263,p1-block-3-trial-11-target-7,543.0,273.0,22.5,False,Pointer Move (Standard mouse)
1786007968.0473459,562,264,p1-block-3-trial-11-target-7,543.0,273.0,22.5,False,Pointer Move (Standard mouse)
1786007968.055525,562,264,p1-block-3-trial-11-target-7,543.0,273.0,22.5,False,Pointer Move (Standard mouse)
1786007968.063213,562,264,p1-block-3-trial-11-target-7,543.0,273.0,22.5,False,Pointer Move (Standard mouse)
1786007968.0713758,561,264,p1-block-3-trial-11-target-7,543.0,273.0,22.5,False,Pointer Move (Standard mouse)
1786007968.0793421,560,265,p1-block-3-trial-11-target-7,543.0,273.0,22.5,False,Pointer Move (Standard mouse)
1786007968.087351,560,265,p1-block-3-trial-11-target-7,543.0,273.0,22.5,False,Pointer Move (Standard mouse)
1786007968.0953019,559,265,p1-block-3-trial-11-target-7,543.0,273.0,22.5,False,Pointer Move (Standard mouse)
1786007968.103793,559,265,p1-block-3-trial-11-target-7,543.0,273.0,22.5,False,Pointer Move (Standard mouse)
1786007968.120254,559,266,p1-block-3-trial-11-target-7,543.0,273.0,22.5,False,Pointer Move (Standard mouse)
1786007968.128001,558,266,p1-block-3-trial-11-target-7,543.0,273.0,22.5,False,Pointer Move (Standard mouse)
1786007968.136272,557,266,p1-block-3-trial-11-target-7,543.0,273.0,22.5,False,Pointer Move (Standard mouse)
1786007968.153688,557,266,p1-block-3-trial-11-target-7,543.0,273.0,22.5,target_selected,target_selected
1786007968.175633,557,266,p1-block-3-trial-12-target-3,897.0,627.0,22.5,False,Pointer Move (Standard mouse)
1786007968.614632,557,267,p1-block-3-trial-12-target-3,897.0,627.0,22.5,False,Pointer Move (Standard mouse)
1786007968.6219351,557,276,p1-block-3-trial-12-target-3,897.0,627.0,22.5,False,Pointer Move (Standard mouse)
1786007968.629924,561,287,p1-block-3-trial-12-target-3,897.0,627.0,22.5,False,Pointer Move (Standard mouse)
1786007968.6383412,567,298,p1-block-3-trial-12-target-3,897.0,627.0,22.5,False,Pointer Move (Standard mouse)
1786007968.6457112,573,312,p1-block-3-trial-12-target-3,897.0,627.0,22.5,False,Pointer Move (Standard mouse)
1786007968.654054,586,338,p1-block-3-trial-12-target-3,897.0,627.0,22.5,False,Pointer Move (Standard mouse)
1786007968.662133,600,367,p1-block-3-trial-12-target-3,897.0,627.0,22.5,False,Pointer Move (Standard mouse)
1786007968.67025,613,397,p1-block-3-trial-12-target-3,897.0,627.0,22.5,False,Pointer Move (Standard mouse)
1786007968.678215,626,423,p1-block-3-trial-12-target-3,897.0,627.0,22.5,False,Pointer Move (Standard mouse)
1786007968.686929,637,449,p1-block-3-trial-12-target-3,897.0,627.0,22.5,False,Pointer Move (Standard mouse)
1786007968.694348,649,470,p1-block-3-trial-12-target-3,897.0,627.0,22.5,False,Pointer Move (Standard mouse)
1786007968.702465,659,492,p1-block-3-trial-12-target-3,897.0,627.0,22.5,False,Pointer Move (Standard mouse)
1786007968.710481,668,511,p1-block-3-trial-12-target-3,897.0,627.0,22.5,False,Pointer Move (Standard mouse)
1786007968.719742,679,529,p1-block-3-trial-12-target-3,897.0,627.0,22.5,False,Pointer Move (Standard mouse)
1786007968.726877,688,548,p1-block-3-trial-12-target-3,897.0,627.0,22.5,False,Pointer Move (Standard mouse)
1786007968.7358038,698,563,p1-block-3-trial-12-target-3,897.0,627.0,22.5,False,Pointer Move (Standard mouse)
1786007968.7430432,710,581,p1-block-3-trial-12-target-3,897.0,627.0,22.5,False,Pointer Move (Standard mouse)
1786007968.7512991,720,595,p1-block-3-trial-12-target-3,897.0,627.0,22.5,False,Pointer Move (Standard mouse)
1786007968.758843,730,610,p1-block-3-trial-12-target-3,897.0,627.0,22.5,False,Pointer Move (Standard mouse)
1786007968.767374,737,620,p1-block-3-trial-12-target-3,897.0,627.0,22.5,False,Pointer Move (Standard mouse)
1786007968.7753549,740,624,p1-block-3-trial-12-target-3,897.0,627.0,22.5,False,Pointer Move (Standard mouse)
1786007968.783155,746,632,p1-block-3-trial-12-target-3,897.0,627.0,22.5,False,Pointer Move (Standard mouse)
1786007968.791345,753,642,p1-block-3-trial-12-target-3,897.0,627.0,22.5,False,Pointer Move (Standard mouse)
1786007968.7998002,757,647,p1-block-3-trial-12-target-3,897.0,627.0,22.5,False,Pointer Move (Standard mouse)
1786007968.8077629,760,652,p1-block-3-trial-12-target-3,897.0,627.0,22.5,False,Pointer Move (Standard mouse)
1786007968.816023,763,654,p1-block-3-trial-12-target-3,897.0,627.0,22.5,False,Pointer Move (Standard mouse)
1786007968.823893,765,657,p1-block-3-trial-12-target-3,897.0,627.0,22.5,False,Pointer Move (Standard mouse)
1786007968.8317068,766,659,p1-block-3-trial-12-target-3,897.0,627.0,22.5,False,Pointer Move (Standard mouse)
1786007968.8399072,767,660,p1-block-3-trial-12-target-3,897.0,627.0,22.5,False,Pointer Move (Standard mouse)
1786007968.8481128,768,661,p1-block-3-trial-12-target-3,897.0,627.0,22.5,False,Pointer Move (Standard mouse)
1786007968.8562932,768,661,p1-block-3-trial-12-target-3,897.0,627.0,22.5,False,Pointer Move (Standard mouse)
1786007968.8646011,769,662,p1-block-3-trial-12-target-3,897.0,627.0,22.5,False,Pointer Move (Standard mouse)
1786007968.872381,769,662,p1-block-3-trial-12-target-3,897.0,627.0,22.5,False,Pointer Move (Standard mouse)
1786007968.8805718,769,663,p1-block-3-trial-12-target-3,897.0,627.0,22.5,False,Pointer Move (Standard mouse)
1786007968.8887239,770,663,p1-block-3-trial-12-target-3,897.0,627.0,22.5,False,Pointer Move (Standard mouse)
1786007968.896786,770,663,p1-block-3-trial-12-target-3,897.0,627.0,22.5,False,Pointer Move (Standard mouse)
1786007968.904711,771,663,p1-block-3-trial-12-target-3,897.0,627.0,22.5,False,Pointer Move (Standard mouse)
1786007968.912496,771,663,p1-block-3-trial-12-target-3,897.0,627.0,22.5,False,Pointer Move (Standard mouse)
1786007968.921081,771,663,p1-block-3-trial-12-target-3,897.0,627.0,22.5,False,Pointer Move (Standard mouse)
1786007968.92923,771,663,p1-block-3-trial-12-target-3,897.0,627.0,22.5,False,Pointer Move (Standard mouse)
1786007968.937613,772,663,p1-block-3-trial-12-target-3,897.0,627.0,22.5,False,Pointer Move (Standard mouse)
1786007968.9452438,772,663,p1-block-3-trial-12-target-3,897.0,627.0,22.5,False,Pointer Move (Standard mouse)
1786007968.9537961,774,663,p1-block-3-trial-12-target-3,897.0,627.0,22.5,False,Pointer Move (Standard mouse)
1786007968.961293,775,663,p1-block-3-trial-12-target-3,897.0,627.0,22.5,False,Pointer Move (Standard mouse)
1786007968.970016,777,663,p1-block-3-trial-12-target-3,897.0,627.0,22.5,False,Pointer Move (Standard mouse)
1786007968.978029,780,663,p1-block-3-trial-12-target-3,897.0,627.0,22.5,False,Pointer Move (Standard mouse)
1786007968.985781,787,662,p1-block-3-trial-12-target-3,897.0,627.0,22.5,False,Pointer Move (Standard mouse)
1786007968.993772,790,661,p1-block-3-trial-12-target-3,897.0,627.0,22.5,False,Pointer Move (Standard mouse)
1786007969.001704,795,659,p1-block-3-trial-12-target-3,897.0,627.0,22.5,False,Pointer Move (Standard mouse)
1786007969.009907,798,658,p1-block-3-trial-12-target-3,897.0,627.0,22.5,False,Pointer Move (Standard mouse)
1786007969.0178618,803,656,p1-block-3-trial-12-target-3,897.0,627.0,22.5,False,Pointer Move (Standard mouse)
1786007969.026172,806,654,p1-block-3-trial-12-target-3,897.0,627.0,22.5,False,Pointer Move (Standard mouse)
1786007969.0342982,810,653,p1-block-3-trial-12-target-3,897.0,627.0,22.5,False,Pointer Move (Standard mouse)
1786007969.042607,812,651,p1-block-3-trial-12-target-3,897.0,627.0,22.5,False,Pointer Move (Standard mouse)
1786007969.051114,814,650,p1-block-3-trial-12-target-3,897.0,627.0,22.5,False,Pointer Move (Standard mouse)
1786007969.0585651,816,649,p1-block-3-trial-12-target-3,897.0,627.0,22.5,False,Pointer Move (Standard mouse)
1786007969.066807,817,648,p1-block-3-trial-12-target-3,897.0,627.0,22.5,False,Pointer Move (Standard mouse)
1786007969.074791,818,647,p1-block-3-trial-12-target-3,897.0,627.0,22.5,False,Pointer Move (Standard mouse)
1786007969.083366,819,647,p1-block-3-trial-12-target-3,897.0,627.0,22.5,False,Pointer Move (Standard mouse)
1786007969.091327,821,646,p1-block-3-trial-12-target-3,897.0,627.0,22.5,False,Pointer Move (Standard mouse)
1786007969.099415,821,645,p1-block-3-trial-12-target-3,897.0,627.0,22.5,False,Pointer Move (Standard mouse)
1786007969.1074,822,645,p1-block-3-trial-12-target-3,897.0,627.0,22.5,False,Pointer Move (Standard mouse)
1786007969.115467,823,644,p1-block-3-trial-12-target-3,897.0,627.0,22.5,False,Pointer Move (Standard mouse)
1786007969.1236851,824,644,p1-block-3-trial-12-target-3,897.0,627.0,22.5,False,Pointer Move (Standard mouse)
1786007969.1317508,825,643,p1-block-3-trial-12-target-3,897.0,627.0,22.5,False,Pointer Move (Standard mouse)
1786007969.139765,826,643,p1-block-3-trial-12-target-3,897.0,627.0,22.5,False,Pointer Move (Standard mouse)
1786007969.147894,827,642,p1-block-3-trial-12-target-3,897.0,627.0,22.5,False,Pointer Move (Standard mouse)
1786007969.155114,828,642,p1-block-3-trial-12-target-3,897.0,627.0,22.5,False,Pointer Move (Standard mouse)
1786007969.163104,830,642,p1-block-3-trial-12-target-3,897.0,627.0,22.5,False,Pointer Move (Standard mouse)
1786007969.171586,832,641,p1-block-3-trial-12-target-3,897.0,627.0,22.5,False,Pointer Move (Standard mouse)
1786007969.179462,833,641,p1-block-3-trial-12-target-3,897.0,627.0,22.5,False,Pointer Move (Standard mouse)
1786007969.187813,835,640,p1-block-3-trial-12-target-3,897.0,627.0,22.5,False,Pointer Move (Standard mouse)
1786007969.195298,837,640,p1-block-3-trial-12-target-3,897.0,627.0,22.5,False,Pointer Move (Standard mouse)
1786007969.2034402,838,639,p1-block-3-trial-12-target-3,897.0,627.0,22.5,False,Pointer Move (Standard mouse)
1786007969.2114758,839,639,p1-block-3-trial-12-target-3,897.0,627.0,22.5,False,Pointer Move (Standard mouse)
1786007969.219755,840,639,p1-block-3-trial-12-target-3,897.0,627.0,22.5,False,Pointer Move (Standard mouse)
1786007969.2277288,841,639,p1-block-3-trial-12-target-3,897.0,627.0,22.5,False,Pointer Move (Standard mouse)
1786007969.236331,842,639,p1-block-3-trial-12-target-3,897.0,627.0,22.5,False,Pointer Move (Standard mouse)
1786007969.2444632,843,639,p1-block-3-trial-12-target-3,897.0,627.0,22.5,False,Pointer Move (Standard mouse)
1786007969.252846,844,639,p1-block-3-trial-12-target-3,897.0,627.0,22.5,False,Pointer Move (Standard mouse)
1786007969.260731,845,639,p1-block-3-trial-12-target-3,897.0,627.0,22.5,False,Pointer Move (Standard mouse)
1786007969.2691221,846,639,p1-block-3-trial-12-target-3,897.0,627.0,22.5,False,Pointer Move (Standard mouse)
1786007969.2771661,848,639,p1-block-3-trial-12-target-3,897.0,627.0,22.5,False,Pointer Move (Standard mouse)
1786007969.2857091,849,639,p1-block-3-trial-12-target-3,897.0,627.0,22.5,False,Pointer Move (Standard mouse)
1786007969.293802,851,639,p1-block-3-trial-12-target-3,897.0,627.0,22.5,False,Pointer Move (Standard mouse)
1786007969.301844,852,639,p1-block-3-trial-12-target-3,897.0,627.0,22.5,False,Pointer Move (Standard mouse)
1786007969.309115,854,639,p1-block-3-trial-12-target-3,897.0,627.0,22.5,False,Pointer Move (Standard mouse)
1786007969.317216,855,639,p1-block-3-trial-12-target-3,897.0,627.0,22.5,False,Pointer Move (Standard mouse)
1786007969.325758,856,639,p1-block-3-trial-12-target-3,897.0,627.0,22.5,False,Pointer Move (Standard mouse)
1786007969.3334389,857,639,p1-block-3-trial-12-target-3,897.0,627.0,22.5,False,Pointer Move (Standard mouse)
1786007969.3412979,857,639,p1-block-3-trial-12-target-3,897.0,627.0,22.5,False,Pointer Move (Standard mouse)
1786007969.349519,858,639,p1-block-3-trial-12-target-3,897.0,627.0,22.5,False,Pointer Move (Standard mouse)
1786007969.357723,859,639,p1-block-3-trial-12-target-3,897.0,627.0,22.5,False,Pointer Move (Standard mouse)
1786007969.365557,860,639,p1-block-3-trial-12-target-3,897.0,627.0,22.5,False,Pointer Move (Standard mouse)
1786007969.373966,860,639,p1-block-3-trial-12-target-3,897.0,627.0,22.5,False,Pointer Move (Standard mouse)
1786007969.381909,861,639,p1-block-3-trial-12-target-3,897.0,627.0,22.5,False,Pointer Move (Standard mouse)
1786007969.390081,861,639,p1-block-3-trial-12-target-3,897.0,627.0,22.5,False,Pointer Move (Standard mouse)
1786007969.398321,861,639,p1-block-3-trial-12-target-3,897.0,627.0,22.5,False,Pointer Move (Standard mouse)
1786007969.406868,862,639,p1-block-3-trial-12-target-3,897.0,627.0,22.5,False,Pointer Move (Standard mouse)
1786007969.4148521,862,639,p1-block-3-trial-12-target-3,897.0,627.0,22.5,False,Pointer Move (Standard mouse)
1786007969.4228978,862,639,p1-block-3-trial-12-target-3,897.0,627.0,22.5,False,Pointer Move (Standard mouse)
1786007969.430772,863,639,p1-block-3-trial-12-target-3,897.0,627.0,22.5,False,Pointer Move (Standard mouse)
1786007969.43881,863,639,p1-block-3-trial-12-target-3,897.0,627.0,22.5,False,Pointer Move (Standard mouse)
1786007969.4553542,864,639,p1-block-3-trial-12-target-3,897.0,627.0,22.5,False,Pointer Move (Standard mouse)
1786007969.471183,864,638,p1-block-3-trial-12-target-3,897.0,627.0,22.5,False,Pointer Move (Standard mouse)
1786007969.626422,864,638,p1-block-3-trial-12-target-3,897.0,627.0,22.5,False,Pointer Move (Standard mouse)
1786007969.633722,864,638,p1-block-3-trial-12-target-3,897.0,627.0,22.5,False,Pointer Move (Standard mouse)
1786007969.641387,865,638,p1-block-3-trial-12-target-3,897.0,627.0,22.5,False,Pointer Move (Standard mouse)
1786007969.6497762,866,638,p1-block-3-trial-12-target-3,897.0,627.0,22.5,False,Pointer Move (Standard mouse)
1786007969.657865,866,638,p1-block-3-trial-12-target-3,897.0,627.0,22.5,False,Pointer Move (Standard mouse)
1786007969.665365,867,637,p1-block-3-trial-12-target-3,897.0,627.0,22.5,False,Pointer Move (Standard mouse)
1786007969.6734679,868,637,p1-block-3-trial-12-target-3,897.0,627.0,22.5,False,Pointer Move (Standard mouse)
1786007969.6814778,869,637,p1-block-3-trial-12-target-3,897.0,627.0,22.5,False,Pointer Move (Standard mouse)
1786007969.689465,869,637,p1-block-3-trial-12-target-3,897.0,627.0,22.5,False,Pointer Move (Standard mouse)
1786007969.69795,870,637,p1-block-3-trial-12-target-3,897.0,627.0,22.5,False,Pointer Move (Standard mouse)
1786007969.7059999,870,637,p1-block-3-trial-12-target-3,897.0,627.0,22.5,False,Pointer Move (Standard mouse)
1786007969.7141042,870,637,p1-block-3-trial-12-target-3,897.0,627.0,22.5,False,Pointer Move (Standard mouse)
1786007969.7222028,871,636,p1-block-3-trial-12-target-3,897.0,627.0,22.5,False,Pointer Move (Standard mouse)
1786007969.73002,871,636,p1-block-3-trial-12-target-3,897.0,627.0,22.5,False,Pointer Move (Standard mouse)
1786007969.738913,871,636,p1-block-3-trial-12-target-3,897.0,627.0,22.5,False,Pointer Move (Standard mouse)
1786007969.7463481,872,636,p1-block-3-trial-12-target-3,897.0,627.0,22.5,False,Pointer Move (Standard mouse)
1786007969.75562,872,636,p1-block-3-trial-12-target-3,897.0,627.0,22.5,False,Pointer Move (Standard mouse)
1786007969.762198,873,636,p1-block-3-trial-12-target-3,897.0,627.0,22.5,False,Pointer Move (Standard mouse)
1786007969.770354,873,636,p1-block-3-trial-12-target-3,897.0,627.0,22.5,False,Pointer Move (Standard mouse)
1786007969.778799,874,636,p1-block-3-trial-12-target-3,897.0,627.0,22.5,False,Pointer Move (Standard mouse)
1786007969.78669,874,636,p1-block-3-trial-12-target-3,897.0,627.0,22.5,False,Pointer Move (Standard mouse)
1786007969.7950678,875,636,p1-block-3-trial-12-target-3,897.0,627.0,22.5,False,Pointer Move (Standard mouse)
1786007969.802667,876,636,p1-block-3-trial-12-target-3,897.0,627.0,22.5,False,Pointer Move (Standard mouse)
1786007969.810696,876,636,p1-block-3-trial-12-target-3,897.0,627.0,22.5,False,Pointer Move (Standard mouse)
1786007969.819019,877,636,p1-block-3-trial-12-target-3,897.0,627.0,22.5,False,Pointer Move (Standard mouse)
1786007969.827008,877,636,p1-block-3-trial-12-target-3,897.0,627.0,22.5,False,Pointer Move (Standard mouse)
1786007969.8356311,877,636,p1-block-3-trial-12-target-3,897.0,627.0,22.5,False,Pointer Move (Standard mouse)
1786007969.843458,878,636,p1-block-3-trial-12-target-3,897.0,627.0,22.5,False,Pointer Move (Standard mouse)
1786007969.8516438,878,636,p1-block-3-trial-12-target-3,897.0,627.0,22.5,False,Pointer Move (Standard mouse)
1786007969.860127,878,636,p1-block-3-trial-12-target-3,897.0,627.0,22.5,False,Pointer Move (Standard mouse)
1786007969.867908,879,636,p1-block-3-trial-12-target-3,897.0,627.0,22.5,False,Pointer Move (Standard mouse)
1786007969.87599,879,636,p1-block-3-trial-12-target-3,897.0,627.0,22.5,False,Pointer Move (Standard mouse)
1786007969.884616,880,636,p1-block-3-trial-12-target-3,897.0,627.0,22.5,False,Pointer Move (Standard mouse)
1786007969.892601,880,636,p1-block-3-trial-12-target-3,897.0,627.0,22.5,False,Pointer Move (Standard mouse)
1786007969.90079,880,636,p1-block-3-trial-12-target-3,897.0,627.0,22.5,False,Pointer Move (Standard mouse)
1786007969.9089038,881,636,p1-block-3-trial-12-target-3,897.0,627.0,22.5,False,Pointer Move (Standard mouse)
1786007969.917078,881,635,p1-block-3-trial-12-target-3,897.0,627.0,22.5,False,Pointer Move (Standard mouse)
1786007969.9243011,881,635,p1-block-3-trial-12-target-3,897.0,627.0,22.5,False,Pointer Move (Standard mouse)
1786007969.94079,882,635,p1-block-3-trial-12-target-3,897.0,627.0,22.5,False,Pointer Move (Standard mouse)
1786007969.948904,882,635,p1-block-3-trial-12-target-3,897.0,627.0,22.5,False,Pointer Move (Standard mouse)
1786007969.970238,882,635,p1-block-3-trial-12-target-3,897.0,627.0,22.5,target_selected,target_selected
1786007970.379346,882,635,p1-block-3-trial-13-target-7,543.0,273.0,22.5,False,Pointer Move (Standard mouse)
1786007970.3857229,877,629,p1-block-3-trial-13-target-7,543.0,273.0,22.5,False,Pointer Move (Standard mouse)
1786007970.393929,873,624,p1-block-3-trial-13-target-7,543.0,273.0,22.5,False,Pointer Move (Standard mouse)
1786007970.401543,862,613,p1-block-3-trial-13-target-7,543.0,273.0,22.5,False,Pointer Move (Standard mouse)
1786007970.409646,852,598,p1-block-3-trial-13-target-7,543.0,273.0,22.5,False,Pointer Move (Standard mouse)
1786007970.417713,836,580,p1-block-3-trial-13-target-7,543.0,273.0,22.5,False,Pointer Move (Standard mouse)
1786007970.4258912,820,560,p1-block-3-trial-13-target-7,543.0,273.0,22.5,False,Pointer Move (Standard mouse)
1786007970.4342132,804,540,p1-block-3-trial-13-target-7,543.0,273.0,22.5,False,Pointer Move (Standard mouse)
1786007970.442044,788,522,p1-block-3-trial-13-target-7,543.0,273.0,22.5,False,Pointer Move (Standard mouse)
1786007970.450512,772,502,p1-block-3-trial-13-target-7,543.0,273.0,22.5,False,Pointer Move (Standard mouse)
1786007970.458312,766,496,p1-block-3-trial-13-target-7,543.0,273.0,22.5,False,Pointer Move (Standard mouse)
1786007970.466611,743,473,p1-block-3-trial-13-target-7,543.0,273.0,22.5,False,Pointer Move (Standard mouse)
1786007970.474455,734,462,p1-block-3-trial-13-target-7,543.0,273.0,22.5,False,Pointer Move (Standard mouse)
1786007970.482752,723,452,p1-block-3-trial-13-target-7,543.0,273.0,22.5,False,Pointer Move (Standard mouse)
1786007970.490836,715,443,p1-block-3-trial-13-target-7,543.0,273.0,22.5,False,Pointer Move (Standard mouse)
1786007970.499033,712,439,p1-block-3-trial-13-target-7,543.0,273.0,22.5,False,Pointer Move (Standard mouse)
1786007970.5070348,704,431,p1-block-3-trial-13-target-7,543.0,273.0,22.5,False,Pointer Move (Standard mouse)
1786007970.5154119,697,425,p1-block-3-trial-13-target-7,543.0,273.0,22.5,False,Pointer Move (Standard mouse)
1786007970.523415,693,419,p1-block-3-trial-13-target-7,543.0,273.0,22.5,False,Pointer Move (Standard mouse)
1786007970.531229,689,415,p1-block-3-trial-13-target-7,543.0,273.0,22.5,False,Pointer Move (Standard mouse)
1786007970.539378,686,411,p1-block-3-trial-13-target-7,543.0,273.0,22.5,False,Pointer Move (Standard mouse)
1786007970.5475688,684,409,p1-block-3-trial-13-target-7,543.0,273.0,22.5,False,Pointer Move (Standard mouse)
1786007970.555361,681,407,p1-block-3-trial-13-target-7,543.0,273.0,22.5,False,Pointer Move (Standard mouse)
1786007970.563406,680,405,p1-block-3-trial-13-target-7,543.0,273.0,22.5,False,Pointer Move (Standard mouse)
1786007970.571311,679,404,p1-block-3-trial-13-target-7,543.0,273.0,22.5,False,Pointer Move (Standard mouse)
1786007970.579603,677,402,p1-block-3-trial-13-target-7,543.0,273.0,22.5,False,Pointer Move (Standard mouse)
1786007970.588186,676,400,p1-block-3-trial-13-target-7,543.0,273.0,22.5,False,Pointer Move (Standard mouse)
1786007970.59621,675,399,p1-block-3-trial-13-target-7,543.0,273.0,22.5,False,Pointer Move (Standard mouse)
1786007970.6041641,673,397,p1-block-3-trial-13-target-7,543.0,273.0,22.5,False,Pointer Move (Standard mouse)
1786007970.612534,672,395,p1-block-3-trial-13-target-7,543.0,273.0,22.5,False,Pointer Move (Standard mouse)
1786007970.620377,669,393,p1-block-3-trial-13-target-7,543.0,273.0,22.5,False,Pointer Move (Standard mouse)
1786007970.628944,667,390,p1-block-3-trial-13-target-7,543.0,273.0,22.5,False,Pointer Move (Standard mouse)
1786007970.636842,665,388,p1-block-3-trial-13-target-7,543.0,273.0,22.5,False,Pointer Move (Standard mouse)
1786007970.644477,661,384,p1-block-3-trial-13-target-7,543.0,273.0,22.5,False,Pointer Move (Standard mouse)
1786007970.652697,654,378,p1-block-3-trial-13-target-7,543.0,273.0,22.5,False,Pointer Move (Standard mouse)
1786007970.6604621,648,370,p1-block-3-trial-13-target-7,543.0,273.0,22.5,False,Pointer Move (Standard mouse)
1786007970.668617,640,362,p1-block-3-trial-13-target-7,543.0,273.0,22.5,False,Pointer Move (Standard mouse)
1786007970.6769369,631,351,p1-block-3-trial-13-target-7,543.0,273.0,22.5,False,Pointer Move (Standard mouse)
1786007970.685017,616,336,p1-block-3-trial-13-target-7,543.0,273.0,22.5,False,Pointer Move (Standard mouse)
1786007970.6928508,604,323,p1-block-3-trial-13-target-7,543.0,273.0,22.5,False,Pointer Move (Standard mouse)
1786007970.7011771,600,317,p1-block-3-trial-13-target-7,543.0,273.0,22.5,False,Pointer Move (Standard mouse)
1786007970.709294,590,306,p1-block-3-trial-13-target-7,543.0,273.0,22.5,False,Pointer Move (Standard mouse)
1786007970.71736,584,299,p1-block-3-trial-13-target-7,543.0,273.0,22.5,False,Pointer Move (Standard mouse)
1786007970.725523,578,293,p1-block-3-trial-13-target-7,543.0,273.0,22.5,False,Pointer Move (Standard mouse)
1786007970.733483,575,289,p1-block-3-trial-13-target-7,543.0,273.0,22.5,False,Pointer Move (Standard mouse)
1786007970.742239,572,285,p1-block-3-trial-13-target-7,543.0,273.0,22.5,False,Pointer Move (Standard mouse)
1786007970.750048,571,284,p1-block-3-trial-13-target-7,543.0,273.0,22.5,False,Pointer Move (Standard mouse)
1786007970.7584052,570,283,p1-block-3-trial-13-target-7,543.0,273.0,22.5,False,Pointer Move (Standard mouse)
1786007970.7658958,570,282,p1-block-3-trial-13-target-7,543.0,273.0,22.5,False,Pointer Move (Standard mouse)
1786007970.774326,570,281,p1-block-3-trial-13-target-7,543.0,273.0,22.5,False,Pointer Move (Standard mouse)
1786007970.782021,570,281,p1-block-3-trial-13-target-7,543.0,273.0,22.5,False,Pointer Move (Standard mouse)
1786007970.7980978,570,281,p1-block-3-trial-13-target-7,543.0,273.0,22.5,False,Pointer Move (Standard mouse)
1786007970.8063931,570,280,p1-block-3-trial-13-target-7,543.0,273.0,22.5,False,Pointer Move (Standard mouse)
1786007970.814369,570,279,p1-block-3-trial-13-target-7,543.0,273.0,22.5,False,Pointer Move (Standard mouse)
1786007970.822607,570,277,p1-block-3-trial-13-target-7,543.0,273.0,22.5,False,Pointer Move (Standard mouse)
1786007970.830852,570,276,p1-block-3-trial-13-target-7,543.0,273.0,22.5,False,Pointer Move (Standard mouse)
1786007970.838814,570,275,p1-block-3-trial-13-target-7,543.0,273.0,22.5,False,Pointer Move (Standard mouse)
1786007970.846515,570,274,p1-block-3-trial-13-target-7,543.0,273.0,22.5,False,Pointer Move (Standard mouse)
1786007970.854435,570,274,p1-block-3-trial-13-target-7,543.0,273.0,22.5,False,Pointer Move (Standard mouse)
1786007970.862592,570,273,p1-block-3-trial-13-target-7,543.0,273.0,22.5,False,Pointer Move (Standard mouse)
1786007970.870869,570,272,p1-block-3-trial-13-target-7,543.0,273.0,22.5,False,Pointer Move (Standard mouse)
1786007970.879065,570,271,p1-block-3-trial-13-target-7,543.0,273.0,22.5,False,Pointer Move (Standard mouse)
1786007970.8873851,570,271,p1-block-3-trial-13-target-7,543.0,273.0,22.5,False,Pointer Move (Standard mouse)
1786007970.9363358,569,271,p1-block-3-trial-13-target-7,543.0,273.0,22.5,False,Pointer Move (Standard mouse)
1786007970.952138,569,271,p1-block-3-trial-13-target-7,543.0,273.0,22.5,False,Pointer Move (Standard mouse)
1786007970.960105,569,271,p1-block-3-trial-13-target-7,543.0,273.0,22.5,False,Pointer Move (Standard mouse)
1786007970.968141,568,271,p1-block-3-trial-13-target-7,543.0,273.0,22.5,False,Pointer Move (Standard mouse)
1786007970.976375,568,271,p1-block-3-trial-13-target-7,543.0,273.0,22.5,False,Pointer Move (Standard mouse)
1786007970.98436,567,271,p1-block-3-trial-13-target-7,543.0,273.0,22.5,False,Pointer Move (Standard mouse)
1786007970.992723,567,271,p1-block-3-trial-13-target-7,543.0,273.0,22.5,False,Pointer Move (Standard mouse)
1786007971.000591,567,271,p1-block-3-trial-13-target-7,543.0,273.0,22.5,False,Pointer Move (Standard mouse)
1786007971.0087628,566,271,p1-block-3-trial-13-target-7,543.0,273.0,22.5,False,Pointer Move (Standard mouse)
1786007971.016871,566,271,p1-block-3-trial-13-target-7,543.0,273.0,22.5,False,Pointer Move (Standard mouse)
1786007971.024908,565,272,p1-block-3-trial-13-target-7,543.0,273.0,22.5,False,Pointer Move (Standard mouse)
1786007971.033086,564,272,p1-block-3-trial-13-target-7,543.0,273.0,22.5,False,Pointer Move (Standard mouse)
1786007971.041056,564,273,p1-block-3-trial-13-target-7,543.0,273.0,22.5,False,Pointer Move (Standard mouse)
1786007971.049116,564,273,p1-block-3-trial-13-target-7,543.0,273.0,22.5,False,Pointer Move (Standard mouse)
1786007971.0572102,563,273,p1-block-3-trial-13-target-7,543.0,273.0,22.5,False,Pointer Move (Standard mouse)
1786007971.065558,563,273,p1-block-3-trial-13-target-7,543.0,273.0,22.5,False,Pointer Move (Standard mouse)
1786007971.0736918,563,274,p1-block-3-trial-13-target-7,543.0,273.0,22.5,False,Pointer Move (Standard mouse)
1786007971.0816588,561,274,p1-block-3-trial-13-target-7,543.0,273.0,22.5,False,Pointer Move (Standard mouse)
1786007971.089664,561,275,p1-block-3-trial-13-target-7,543.0,273.0,22.5,False,Pointer Move (Standard mouse)
1786007971.0976708,561,275,p1-block-3-trial-13-target-7,543.0,273.0,22.5,False,Pointer Move (Standard mouse)
1786007971.1056,560,275,p1-block-3-trial-13-target-7,543.0,273.0,22.5,False,Pointer Move (Standard mouse)
1786007971.1142762,559,276,p1-block-3-trial-13-target-7,543.0,273.0,22.5,False,Pointer Move (Standard mouse)
1786007971.122721,559,276,p1-block-3-trial-13-target-7,543.0,273.0,22.5,False,Pointer Move (Standard mouse)
1786007971.130561,558,277,p1-block-3-trial-13-target-7,543.0,273.0,22.5,False,Pointer Move (Standard mouse)
1786007971.1388311,557,277,p1-block-3-trial-13-target-7,543.0,273.0,22.5,False,Pointer Move (Standard mouse)
1786007971.146202,557,278,p1-block-3-trial-13-target-7,543.0,273.0,22.5,False,Pointer Move (Standard mouse)
1786007971.154416,557,278,p1-block-3-trial-13-target-7,543.0,273.0,22.5,False,Pointer Move (Standard mouse)
1786007971.162697,556,278,p1-block-3-trial-13-target-7,543.0,273.0,22.5,False,Pointer Move (Standard mouse)
1786007971.186832,556,278,p1-block-3-trial-13-target-7,543.0,273.0,22.5,target_selected,target_selected
1786007971.203518,556,278,p1-block-3-trial-14-target-3,897.0,627.0,22.5,False,Pointer Move (Standard mouse)
1786007971.593017,556,280,p1-block-3-trial-14-target-3,897.0,627.0,22.5,False,Pointer Move (Standard mouse)
1786007971.600271,559,288,p1-block-3-trial-14-target-3,897.0,627.0,22.5,False,Pointer Move (Standard mouse)
1786007971.608759,562,297,p1-block-3-trial-14-target-3,897.0,627.0,22.5,False,Pointer Move (Standard mouse)
1786007971.615857,569,311,p1-block-3-trial-14-target-3,897.0,627.0,22.5,False,Pointer Move (Standard mouse)
1786007971.6238542,578,329,p1-block-3-trial-14-target-3,897.0,627.0,22.5,False,Pointer Move (Standard mouse)
1786007971.631553,587,348,p1-block-3-trial-14-target-3,897.0,627.0,22.5,False,Pointer Move (Standard mouse)
1786007971.6399,599,370,p1-block-3-trial-14-target-3,897.0,627.0,22.5,False,Pointer Move (Standard mouse)
1786007971.647899,614,393,p1-block-3-trial-14-target-3,897.0,627.0,22.5,False,Pointer Move (Standard mouse)
1786007971.656148,629,419,p1-block-3-trial-14-target-3,897.0,627.0,22.5,False,Pointer Move (Standard mouse)
1786007971.6646101,646,442,p1-block-3-trial-14-target-3,897.0,627.0,22.5,False,Pointer Move (Standard mouse)
1786007971.672418,663,466,p1-block-3-trial-14-target-3,897.0,627.0,22.5,False,Pointer Move (Standard mouse)
1786007971.680017,677,486,p1-block-3-trial-14-target-3,897.0,627.0,22.5,False,Pointer Move (Standard mouse)
1786007971.688044,693,506,p1-block-3-trial-14-target-3,897.0,627.0,22.5,False,Pointer Move (Standard mouse)
1786007971.696116,706,522,p1-block-3-trial-14-target-3,897.0,627.0,22.5,False,Pointer Move (Standard mouse)
1786007971.704397,721,537,p1-block-3-trial-14-target-3,897.0,627.0,22.5,False,Pointer Move (Standard mouse)
1786007971.712663,732,550,p1-block-3-trial-14-target-3,897.0,627.0,22.5,False,Pointer Move (Standard mouse)
1786007971.7210681,736,554,p1-block-3-trial-14-target-3,897.0,627.0,22.5,False,Pointer Move (Standard mouse)
1786007971.7289028,745,565,p1-block-3-trial-14-target-3,897.0,627.0,22.5,False,Pointer Move (Standard mouse)
1786007971.73702,752,571,p1-block-3-trial-14-target-3,897.0,627.0,22.5,False,Pointer Move (Standard mouse)
1786007971.7457762,758,578,p1-block-3-trial-14-target-3,897.0,627.0,22.5,False,Pointer Move (Standard mouse)
1786007971.753552,762,581,p1-block-3-trial-14-target-3,897.0,627.0,22.5,False,Pointer Move (Standard mouse)
1786007971.761215,765,585,p1-block-3-trial-14-target-3,897.0,627.0,22.5,False,Pointer Move (Standard mouse)
1786007971.769245,769,588,p1-block-3-trial-14-target-3,897.0,627.0,22.5,False,Pointer Move (Standard mouse)
1786007971.77721,771,592,p1-block-3-trial-14-target-3,897.0,627.0,22.5,False,Pointer Move (Standard mouse)
1786007971.785296,774,596,p1-block-3-trial-14-target-3,897.0,627.0,22.5,False,Pointer Move (Standard mouse)
1786007971.794265,777,598,p1-block-3-trial-14-target-3,897.0,627.0,22.5,False,Pointer Move (Standard mouse)
1786007971.80198,780,602,p1-block-3-trial-14-target-3,897.0,627.0,22.5,False,Pointer Move (Standard mouse)
1786007971.809636,782,606,p1-block-3-trial-14-target-3,897.0,627.0,22.5,False,Pointer Move (Standard mouse)
1786007971.8178308,785,610,p1-block-3-trial-14-target-3,897.0,627.0,22.5,False,Pointer Move (Standard mouse)
1786007971.825991,787,613,p1-block-3-trial-14-target-3,897.0,627.0,22.5,False,Pointer Move (Standard mouse)
1786007971.834026,789,615,p1-block-3-trial-14-target-3,897.0,627.0,22.5,False,Pointer Move (Standard mouse)
1786007971.841952,791,617,p1-block-3-trial-14-target-3,897.0,627.0,22.5,False,Pointer Move (Standard mouse)
1786007971.850004,793,619,p1-block-3-trial-14-target-3,897.0,627.0,22.5,False,Pointer Move (Standard mouse)
1786007971.8581,794,621,p1-block-3-trial-14-target-3,897.0,627.0,22.5,False,Pointer Move (Standard mouse)
1786007971.866102,795,622,p1-block-3-trial-14-target-3,897.0,627.0,22.5,False,Pointer Move (Standard mouse)
1786007971.87462,796,622,p1-block-3-trial-14-target-3,897.0,627.0,22.5,False,Pointer Move (Standard mouse)
1786007971.882737,797,623,p1-block-3-trial-14-target-3,897.0,627.0,22.5,False,Pointer Move (Standard mouse)
1786007971.890916,798,624,p1-block-3-trial-14-target-3,897.0,627.0,22.5,False,Pointer Move (Standard mouse)
1786007971.899053,799,624,p1-block-3-trial-14-target-3,897.0,627.0,22.5,False,Pointer Move (Standard mouse)
1786007971.906788,800,625,p1-block-3-trial-14-target-3,897.0,627.0,22.5,False,Pointer Move (Standard mouse)
1786007971.9148958,800,625,p1-block-3-trial-14-target-3,897.0,627.0,22.5,False,Pointer Move (Standard mouse)
1786007971.923705,801,625,p1-block-3-trial-14-target-3,897.0,627.0,22.5,False,Pointer Move (Standard mouse)
1786007971.931052,802,625,p1-block-3-trial-14-target-3,897.0,627.0,22.5,False,Pointer Move (Standard mouse)
1786007971.93956,803,625,p1-block-3-trial-14-target-3,897.0,627.0,22.5,False,Pointer Move (Standard mouse)
1786007971.9477482,805,625,p1-block-3-trial-14-target-3,897.0,627.0,22.5,False,Pointer Move (Standard mouse)
1786007971.955777,807,625,p1-block-3-trial-14-target-3,897.0,627.0,22.5,False,Pointer Move (Standard mouse)
1786007971.9635992,809,625,p1-block-3-trial-14-target-3,897.0,627.0,22.5,False,Pointer Move (Standard mouse)
1786007971.972011,816,625,p1-block-3-trial-14-target-3,897.0,627.0,22.5,False,Pointer Move (Standard mouse)
1786007971.9795442,819,625,p1-block-3-trial-14-target-3,897.0,627.0,22.5,False,Pointer Move (Standard mouse)
1786007971.987657,824,625,p1-block-3-trial-14-target-3,897.0,627.0,22.5,False,Pointer Move (Standard mouse)
1786007971.9959009,829,625,p1-block-3-trial-14-target-3,897.0,627.0,22.5,False,Pointer Move (Standard mouse)
1786007972.00404,835,625,p1-block-3-trial-14-target-3,897.0,627.0,22.5,False,Pointer Move (Standard mouse)
1786007972.011909,842,625,p1-block-3-trial-14-target-3,897.0,627.0,22.5,False,Pointer Move (Standard mouse)
1786007972.020065,847,625,p1-block-3-trial-14-target-3,897.0,627.0,22.5,False,Pointer Move (Standard mouse)
1786007972.028716,851,625,p1-block-3-trial-14-target-3,897.0,627.0,22.5,False,Pointer Move (Standard mouse)
1786007972.0371509,855,625,p1-block-3-trial-14-target-3,897.0,627.0,22.5,False,Pointer Move (Standard mouse)
1786007972.0444329,858,625,p1-block-3-trial-14-target-3,897.0,627.0,22.5,False,Pointer Move (Standard mouse)
1786007972.052303,861,625,p1-block-3-trial-14-target-3,897.0,627.0,22.5,False,Pointer Move (Standard mouse)
1786007972.060666,862,625,p1-block-3-trial-14-target-3,897.0,627.0,22.5,False,Pointer Move (Standard mouse)
1786007972.0687292,864,625,p1-block-3-trial-14-target-3,897.0,627.0,22.5,False,Pointer Move (Standard mouse)
1786007972.076674,865,625,p1-block-3-trial-14-target-3,897.0,627.0,22.5,False,Pointer Move (Standard mouse)
1786007972.084671,866,625,p1-block-3-trial-14-target-3,897.0,627.0,22.5,False,Pointer Move (Standard mouse)
1786007972.092761,867,625,p1-block-3-trial-14-target-3,897.0,627.0,22.5,False,Pointer Move (Standard mouse)
1786007972.100644,868,625,p1-block-3-trial-14-target-3,897.0,627.0,22.5,False,Pointer Move (Standard mouse)
1786007972.1086469,870,625,p1-block-3-trial-14-target-3,897.0,627.0,22.5,False,Pointer Move (Standard mouse)
1786007972.1166348,870,625,p1-block-3-trial-14-target-3,897.0,627.0,22.5,False,Pointer Move (Standard mouse)
1786007972.1250181,871,626,p1-block-3-trial-14-target-3,897.0,627.0,22.5,False,Pointer Move (Standard mouse)
1786007972.133356,871,626,p1-block-3-trial-14-target-3,897.0,627.0,22.5,False,Pointer Move (Standard mouse)
1786007972.1412852,872,626,p1-block-3-trial-14-target-3,897.0,627.0,22.5,False,Pointer Move (Standard mouse)
1786007972.149429,873,626,p1-block-3-trial-14-target-3,897.0,627.0,22.5,False,Pointer Move (Standard mouse)
1786007972.157658,874,627,p1-block-3-trial-14-target-3,897.0,627.0,22.5,False,Pointer Move (Standard mouse)
1786007972.166317,874,627,p1-block-3-trial-14-target-3,897.0,627.0,22.5,False,Pointer Move (Standard mouse)
1786007972.174,875,627,p1-block-3-trial-14-target-3,897.0,627.0,22.5,False,Pointer Move (Standard mouse)
1786007972.182011,876,627,p1-block-3-trial-14-target-3,897.0,627.0,22.5,False,Pointer Move (Standard mouse)
1786007972.190114,877,628,p1-block-3-trial-14-target-3,897.0,627.0,22.5,False,Pointer Move (Standard mouse)
1786007972.198155,878,628,p1-block-3-trial-14-target-3,897.0,627.0,22.5,False,Pointer Move (Standard mouse)
1786007972.206165,879,628,p1-block-3-trial-14-target-3,897.0,627.0,22.5,False,Pointer Move (Standard mouse)
1786007972.214282,881,629,p1-block-3-trial-14-target-3,897.0,627.0,22.5,False,Pointer Move (Standard mouse)
1786007972.2227101,882,630,p1-block-3-trial-14-target-3,897.0,627.0,22.5,False,Pointer Move (Standard mouse)
1786007972.231355,884,630,p1-block-3-trial-14-target-3,897.0,627.0,22.5,False,Pointer Move (Standard mouse)
1786007972.23867,886,631,p1-block-3-trial-14-target-3,897.0,627.0,22.5,False,Pointer Move (Standard mouse)
1786007972.2466922,888,631,p1-block-3-trial-14-target-3,897.0,627.0,22.5,False,Pointer Move (Standard mouse)
1786007972.2547112,889,631,p1-block-3-trial-14-target-3,897.0,627.0,22.5,False,Pointer Move (Standard mouse)
1786007972.262954,890,631,p1-block-3-trial-14-target-3,897.0,627.0,22.5,False,Pointer Move (Standard mouse)
1786007972.271011,892,632,p1-block-3-trial-14-target-3,897.0,627.0,22.5,False,Pointer Move (Standard mouse)
1786007972.278661,893,633,p1-block-3-trial-14-target-3,897.0,627.0,22.5,False,Pointer Move (Standard mouse)
1786007972.28705,895,633,p1-block-3-trial-14-target-3,897.0,627.0,22.5,False,Pointer Move (Standard mouse)
1786007972.2952142,896,633,p1-block-3-trial-14-target-3,897.0,627.0,22.5,False,Pointer Move (Standard mouse)
1786007972.3032792,896,633,p1-block-3-trial-14-target-3,897.0,627.0,22.5,False,Pointer Move (Standard mouse)
1786007972.31117,897,634,p1-block-3-trial-14-target-3,897.0,627.0,22.5,False,Pointer Move (Standard mouse)
1786007972.3192902,898,634,p1-block-3-trial-14-target-3,897.0,627.0,22.5,False,Pointer Move (Standard mouse)
1786007972.327331,898,634,p1-block-3-trial-14-target-3,897.0,627.0,22.5,False,Pointer Move (Standard mouse)
1786007972.335825,898,634,p1-block-3-trial-14-target-3,897.0,627.0,22.5,False,Pointer Move (Standard mouse)
1786007972.3437812,899,634,p1-block-3-trial-14-target-3,897.0,627.0,22.5,False,Pointer Move (Standard mouse)
1786007972.3518898,899,634,p1-block-3-trial-14-target-3,897.0,627.0,22.5,False,Pointer Move (Standard mouse)
1786007972.4380329,899,634,p1-block-3-trial-14-target-3,897.0,627.0,22.5,target_selected,target_selected
1786007972.78286,899,634,p1-block-3-trial-15-target-7,543.0,273.0,22.5,False,Pointer Move (Standard mouse)
1786007972.789365,894,632,p1-block-3-trial-15-target-7,543.0,273.0,22.5,False,Pointer Move (Standard mouse)
1786007972.7980008,885,623,p1-block-3-trial-15-target-7,543.0,273.0,22.5,False,Pointer Move (Standard mouse)
1786007972.805326,876,616,p1-block-3-trial-15-target-7,543.0,273.0,22.5,False,Pointer Move (Standard mouse)
1786007972.813739,865,606,p1-block-3-trial-15-target-7,543.0,273.0,22.5,False,Pointer Move (Standard mouse)
1786007972.821301,853,592,p1-block-3-trial-15-target-7,543.0,273.0,22.5,False,Pointer Move (Standard mouse)
1786007972.829344,838,577,p1-block-3-trial-15-target-7,543.0,273.0,22.5,False,Pointer Move (Standard mouse)
1786007972.837213,827,564,p1-block-3-trial-15-target-7,543.0,273.0,22.5,False,Pointer Move (Standard mouse)
1786007972.845267,811,546,p1-block-3-trial-15-target-7,543.0,273.0,22.5,False,Pointer Move (Standard mouse)
1786007972.853627,799,532,p1-block-3-trial-15-target-7,543.0,273.0,22.5,False,Pointer Move (Standard mouse)
1786007972.861684,786,516,p1-block-3-trial-15-target-7,543.0,273.0,22.5,False,Pointer Move (Standard mouse)
1786007972.869929,776,501,p1-block-3-trial-15-target-7,543.0,273.0,22.5,False,Pointer Move (Standard mouse)
1786007972.877682,764,487,p1-block-3-trial-15-target-7,543.0,273.0,22.5,False,Pointer Move (Standard mouse)
1786007972.8858528,750,467,p1-block-3-trial-15-target-7,543.0,273.0,22.5,False,Pointer Move (Standard mouse)
1786007972.89419,734,449,p1-block-3-trial-15-target-7,543.0,273.0,22.5,False,Pointer Move (Standard mouse)
1786007972.902208,720,429,p1-block-3-trial-15-target-7,543.0,273.0,22.5,False,Pointer Move (Standard mouse)
1786007972.910455,701,408,p1-block-3-trial-15-target-7,543.0,273.0,22.5,False,Pointer Move (Standard mouse)
1786007972.918381,685,388,p1-block-3-trial-15-target-7,543.0,273.0,22.5,False,Pointer Move (Standard mouse)
1786007972.926692,670,373,p1-block-3-trial-15-target-7,543.0,273.0,22.5,False,Pointer Move (Standard mouse)
1786007972.935043,664,367,p1-block-3-trial-15-target-7,543.0,273.0,22.5,False,Pointer Move (Standard mouse)
1786007972.942647,653,356,p1-block-3-trial-15-target-7,543.0,273.0,22.5,False,Pointer Move (Standard mouse)
1786007972.950806,642,345,p1-block-3-trial-15-target-7,543.0,273.0,22.5,False,Pointer Move (Standard mouse)
1786007972.958642,634,337,p1-block-3-trial-15-target-7,543.0,273.0,22.5,False,Pointer Move (Standard mouse)
1786007972.9668632,626,331,p1-block-3-trial-15-target-7,543.0,273.0,22.5,False,Pointer Move (Standard mouse)
1786007972.975075,618,322,p1-block-3-trial-15-target-7,543.0,273.0,22.5,False,Pointer Move (Standard mouse)
1786007972.9832041,612,316,p1-block-3-trial-15-target-7,543.0,273.0,22.5,False,Pointer Move (Standard mouse)
1786007972.9915211,606,312,p1-block-3-trial-15-target-7,543.0,273.0,22.5,False,Pointer Move (Standard mouse)
1786007972.999249,601,307,p1-block-3-trial-15-target-7,543.0,273.0,22.5,False,Pointer Move (Standard mouse)
1786007973.007941,596,302,p1-block-3-trial-15-target-7,543.0,273.0,22.5,False,Pointer Move (Standard mouse)
1786007973.01559,593,299,p1-block-3-trial-15-target-7,543.0,273.0,22.5,False,Pointer Move (Standard mouse)
1786007973.0235882,590,295,p1-block-3-trial-15-target-7,543.0,273.0,22.5,False,Pointer Move (Standard mouse)
1786007973.031512,588,294,p1-block-3-trial-15-target-7,543.0,273.0,22.5,False,Pointer Move (Standard mouse)
1786007973.039841,585,291,p1-block-3-trial-15-target-7,543.0,273.0,22.5,False,Pointer Move (Standard mouse)
1786007973.047791,584,290,p1-block-3-trial-15-target-7,543.0,273.0,22.5,False,Pointer Move (Standard mouse)
1786007973.0560498,583,290,p1-block-3-trial-15-target-7,543.0,273.0,22.5,False,Pointer Move (Standard mouse)
1786007973.0639129,583,289,p1-block-3-trial-15-target-7,543.0,273.0,22.5,False,Pointer Move (Standard mouse)
1786007973.0721269,582,288,p1-block-3-trial-15-target-7,543.0,273.0,22.5,False,Pointer Move (Standard mouse)
1786007973.08012,582,288,p1-block-3-trial-15-target-7,543.0,273.0,22.5,False,Pointer Move (Standard mouse)
1786007973.088342,581,287,p1-block-3-trial-15-target-7,543.0,273.0,22.5,False,Pointer Move (Standard mouse)
1786007973.096273,580,287,p1-block-3-trial-15-target-7,543.0,273.0,22.5,False,Pointer Move (Standard mouse)
1786007973.104658,579,285,p1-block-3-trial-15-target-7,543.0,273.0,22.5,False,Pointer Move (Standard mouse)
1786007973.112653,578,284,p1-block-3-trial-15-target-7,543.0,273.0,22.5,False,Pointer Move (Standard mouse)
1786007973.1206222,577,284,p1-block-3-trial-15-target-7,543.0,273.0,22.5,False,Pointer Move (Standard mouse)
1786007973.129073,577,283,p1-block-3-trial-15-target-7,543.0,273.0,22.5,False,Pointer Move (Standard mouse)
1786007973.137005,576,282,p1-block-3-trial-15-target-7,543.0,273.0,22.5,False,Pointer Move (Standard mouse)
1786007973.145333,575,281,p1-block-3-trial-15-target-7,543.0,273.0,22.5,False,Pointer Move (Standard mouse)
1786007973.1530318,574,281,p1-block-3-trial-15-target-7,543.0,273.0,22.5,False,Pointer Move (Standard mouse)
1786007973.161056,574,280,p1-block-3-trial-15-target-7,543.0,273.0,22.5,False,Pointer Move (Standard mouse)
1786007973.169049,573,280,p1-block-3-trial-15-target-7,543.0,273.0,22.5,False,Pointer Move (Standard mouse)
1786007973.177275,572,280,p1-block-3-trial-15-target-7,543.0,273.0,22.5,False,Pointer Move (Standard mouse)
1786007973.185389,572,280,p1-block-3-trial-15-target-7,543.0,273.0,22.5,False,Pointer Move (Standard mouse)
1786007973.19338,572,279,p1-block-3-trial-15-target-7,543.0,273.0,22.5,False,Pointer Move (Standard mouse)
1786007973.20984,571,279,p1-block-3-trial-15-target-7,543.0,273.0,22.5,False,Pointer Move (Standard mouse)
1786007973.2183821,571,279,p1-block-3-trial-15-target-7,543.0,273.0,22.5,False,Pointer Move (Standard mouse)
1786007973.225961,570,279,p1-block-3-trial-15-target-7,543.0,273.0,22.5,False,Pointer Move (Standard mouse)
1786007973.234227,570,279,p1-block-3-trial-15-target-7,543.0,273.0,22.5,False,Pointer Move (Standard mouse)
1786007973.241843,570,279,p1-block-3-trial-15-target-7,543.0,273.0,22.5,False,Pointer Move (Standard mouse)
1786007973.2504818,569,278,p1-block-3-trial-15-target-7,543.0,273.0,22.5,False,Pointer Move (Standard mouse)
1786007973.258257,568,278,p1-block-3-trial-15-target-7,543.0,273.0,22.5,False,Pointer Move (Standard mouse)
1786007973.266303,566,278,p1-block-3-trial-15-target-7,543.0,273.0,22.5,False,Pointer Move (Standard mouse)
1786007973.274477,564,277,p1-block-3-trial-15-target-7,543.0,273.0,22.5,False,Pointer Move (Standard mouse)
1786007973.282217,563,276,p1-block-3-trial-15-target-7,543.0,273.0,22.5,False,Pointer Move (Standard mouse)
1786007973.29025,561,275,p1-block-3-trial-15-target-7,543.0,273.0,22.5,False,Pointer Move (Standard mouse)
1786007973.29858,559,274,p1-block-3-trial-15-target-7,543.0,273.0,22.5,False,Pointer Move (Standard mouse)
1786007973.306932,557,274,p1-block-3-trial-15-target-7,543.0,273.0,22.5,False,Pointer Move (Standard mouse)
1786007973.314942,556,273,p1-block-3-trial-15-target-7,543.0,273.0,22.5,False,Pointer Move (Standard mouse)
1786007973.3229089,555,273,p1-block-3-trial-15-target-7,543.0,273.0,22.5,False,Pointer Move (Standard mouse)
1786007973.331349,555,273,p1-block-3-trial-15-target-7,543.0,273.0,22.5,False,Pointer Move (Standard mouse)
1786007973.339169,554,273,p1-block-3-trial-15-target-7,543.0,273.0,22.5,False,Pointer Move (Standard mouse)
1786007973.347146,554,273,p1-block-3-trial-15-target-7,543.0,273.0,22.5,False,Pointer Move (Standard mouse)
1786007973.355016,553,273,p1-block-3-trial-15-target-7,543.0,273.0,22.5,False,Pointer Move (Standard mouse)
1786007973.3633978,553,272,p1-block-3-trial-15-target-7,543.0,273.0,22.5,False,Pointer Move (Standard mouse)
1786007973.371577,552,272,p1-block-3-trial-15-target-7,543.0,273.0,22.5,False,Pointer Move (Standard mouse)
1786007973.387715,552,272,p1-block-3-trial-15-target-7,543.0,273.0,22.5,False,Pointer Move (Standard mouse)
1786007973.3958778,552,272,p1-block-3-trial-15-target-7,543.0,273.0,22.5,False,Pointer Move (Standard mouse)
1786007973.4124632,551,272,p1-block-3-trial-15-target-7,543.0,273.0,22.5,False,Pointer Move (Standard mouse)
1786007973.428245,551,272,p1-block-3-trial-15-target-7,543.0,273.0,22.5,False,Pointer Move (Standard mouse)
1786007973.435866,551,271,p1-block-3-trial-15-target-7,543.0,273.0,22.5,False,Pointer Move (Standard mouse)
1786007973.453506,551,271,p1-block-3-trial-15-target-7,543.0,273.0,22.5,target_selected,target_selected
1786007973.996783,551,272,p1-block-3-trial-16-target-3,897.0,627.0,22.5,False,Pointer Move (Standard mouse)
1786007974.002694,554,277,p1-block-3-trial-16-target-3,897.0,627.0,22.5,False,Pointer Move (Standard mouse)
1786007974.0109,557,282,p1-block-3-trial-16-target-3,897.0,627.0,22.5,False,Pointer Move (Standard mouse)
1786007974.018971,563,292,p1-block-3-trial-16-target-3,897.0,627.0,22.5,False,Pointer Move (Standard mouse)
1786007974.027051,566,298,p1-block-3-trial-16-target-3,897.0,627.0,22.5,False,Pointer Move (Standard mouse)
1786007974.035605,572,308,p1-block-3-trial-16-target-3,897.0,627.0,22.5,False,Pointer Move (Standard mouse)
1786007974.0428438,577,318,p1-block-3-trial-16-target-3,897.0,627.0,22.5,False,Pointer Move (Standard mouse)
1786007974.051051,583,329,p1-block-3-trial-16-target-3,897.0,627.0,22.5,False,Pointer Move (Standard mouse)
1786007974.059181,591,344,p1-block-3-trial-16-target-3,897.0,627.0,22.5,False,Pointer Move (Standard mouse)
1786007974.067328,600,363,p1-block-3-trial-16-target-3,897.0,627.0,22.5,False,Pointer Move (Standard mouse)
1786007974.075689,610,381,p1-block-3-trial-16-target-3,897.0,627.0,22.5,False,Pointer Move (Standard mouse)
1786007974.083773,621,399,p1-block-3-trial-16-target-3,897.0,627.0,22.5,False,Pointer Move (Standard mouse)
1786007974.091284,632,418,p1-block-3-trial-16-target-3,897.0,627.0,22.5,False,Pointer Move (Standard mouse)
1786007974.099536,645,444,p1-block-3-trial-16-target-3,897.0,627.0,22.5,False,Pointer Move (Standard mouse)
1786007974.1085,654,465,p1-block-3-trial-16-target-3,897.0,627.0,22.5,False,Pointer Move (Standard mouse)
1786007974.11594,667,491,p1-block-3-trial-16-target-3,897.0,627.0,22.5,False,Pointer Move (Standard mouse)
1786007974.124179,677,513,p1-block-3-trial-16-target-3,897.0,627.0,22.5,False,Pointer Move (Standard mouse)
1786007974.132203,686,531,p1-block-3-trial-16-target-3,897.0,627.0,22.5,False,Pointer Move (Standard mouse)
1786007974.140725,693,548,p1-block-3-trial-16-target-3,897.0,627.0,22.5,False,Pointer Move (Standard mouse)
1786007974.148609,696,553,p1-block-3-trial-16-target-3,897.0,627.0,22.5,False,Pointer Move (Standard mouse)
1786007974.156925,702,564,p1-block-3-trial-16-target-3,897.0,627.0,22.5,False,Pointer Move (Standard mouse)
1786007974.163967,706,575,p1-block-3-trial-16-target-3,897.0,627.0,22.5,False,Pointer Move (Standard mouse)
1786007974.172031,711,583,p1-block-3-trial-16-target-3,897.0,627.0,22.5,False,Pointer Move (Standard mouse)
1786007974.179958,714,590,p1-block-3-trial-16-target-3,897.0,627.0,22.5,False,Pointer Move (Standard mouse)
1786007974.1879082,717,594,p1-block-3-trial-16-target-3,897.0,627.0,22.5,False,Pointer Move (Standard mouse)
1786007974.196488,719,598,p1-block-3-trial-16-target-3,897.0,627.0,22.5,False,Pointer Move (Standard mouse)
1786007974.204584,720,601,p1-block-3-trial-16-target-3,897.0,627.0,22.5,False,Pointer Move (Standard mouse)
1786007974.2127302,723,603,p1-block-3-trial-16-target-3,897.0,627.0,22.5,False,Pointer Move (Standard mouse)
1786007974.2208781,724,605,p1-block-3-trial-16-target-3,897.0,627.0,22.5,False,Pointer Move (Standard mouse)
1786007974.2291021,725,607,p1-block-3-trial-16-target-3,897.0,627.0,22.5,False,Pointer Move (Standard mouse)
1786007974.2372422,727,609,p1-block-3-trial-16-target-3,897.0,627.0,22.5,False,Pointer Move (Standard mouse)
1786007974.2457862,728,610,p1-block-3-trial-16-target-3,897.0,627.0,22.5,False,Pointer Move (Standard mouse)
1786007974.253917,729,611,p1-block-3-trial-16-target-3,897.0,627.0,22.5,False,Pointer Move (Standard mouse)
1786007974.2619772,730,612,p1-block-3-trial-16-target-3,897.0,627.0,22.5,False,Pointer Move (Standard mouse)
1786007974.27042,731,613,p1-block-3-trial-16-target-3,897.0,627.0,22.5,False,Pointer Move (Standard mouse)
1786007974.2784178,732,614,p1-block-3-trial-16-target-3,897.0,627.0,22.5,False,Pointer Move (Standard mouse)
1786007974.286481,733,615,p1-block-3-trial-16-target-3,897.0,627.0,22.5,False,Pointer Move (Standard mouse)
1786007974.2944949,738,617,p1-block-3-trial-16-target-3,897.0,627.0,22.5,False,Pointer Move (Standard mouse)
1786007974.302696,742,620,p1-block-3-trial-16-target-3,897.0,627.0,22.5,False,Pointer Move (Standard mouse)
1786007974.309768,746,623,p1-block-3-trial-16-target-3,897.0,627.0,22.5,False,Pointer Move (Standard mouse)
1786007974.3182132,753,626,p1-block-3-trial-16-target-3,897.0,627.0,22.5,False,Pointer Move (Standard mouse)
1786007974.3264241,760,630,p1-block-3-trial-16-target-3,897.0,627.0,22.5,False,Pointer Move (Standard mouse)
1786007974.334105,764,632,p1-block-3-trial-16-target-3,897.0,627.0,22.5,False,Pointer Move (Standard mouse)
1786007974.342376,773,635,p1-block-3-trial-16-target-3,897.0,627.0,22.5,False,Pointer Move (Standard mouse)
1786007974.3500328,780,638,p1-block-3-trial-16-target-3,897.0,627.0,22.5,False,Pointer Move (Standard mouse)
1786007974.3581,789,641,p1-block-3-trial-16-target-3,897.0,627.0,22.5,False,Pointer Move (Standard mouse)
1786007974.3663528,795,642,p1-block-3-trial-16-target-3,897.0,627.0,22.5,False,Pointer Move (Standard mouse)
1786007974.374402,802,645,p1-block-3-trial-16-target-3,897.0,627.0,22.5,False,Pointer Move (Standard mouse)
1786007974.382522,807,646,p1-block-3-trial-16-target-3,897.0,627.0,22.5,False,Pointer Move (Standard mouse)
1786007974.3908658,811,647,p1-block-3-trial-16-target-3,897.0,627.0,22.5,False,Pointer Move (Standard mouse)
1786007974.3994062,815,647,p1-block-3-trial-16-target-3,897.0,627.0,22.5,False,Pointer Move (Standard mouse)
1786007974.407317,818,648,p1-block-3-trial-16-target-3,897.0,627.0,22.5,False,Pointer Move (Standard mouse)
1786007974.415487,821,648,p1-block-3-trial-16-target-3,897.0,627.0,22.5,False,Pointer Move (Standard mouse)
1786007974.423437,824,649,p1-block-3-trial-16-target-3,897.0,627.0,22.5,False,Pointer Move (Standard mouse)
1786007974.431211,828,649,p1-block-3-trial-16-target-3,897.0,627.0,22.5,False,Pointer Move (Standard mouse)
1786007974.439067,831,649,p1-block-3-trial-16-target-3,897.0,627.0,22.5,False,Pointer Move (Standard mouse)
1786007974.4470599,836,649,p1-block-3-trial-16-target-3,897.0,627.0,22.5,False,Pointer Move (Standard mouse)
1786007974.456249,840,650,p1-block-3-trial-16-target-3,897.0,627.0,22.5,False,Pointer Move (Standard mouse)
1786007974.463385,845,650,p1-block-3-trial-16-target-3,897.0,627.0,22.5,False,Pointer Move (Standard mouse)
1786007974.471822,848,650,p1-block-3-trial-16-target-3,897.0,627.0,22.5,False,Pointer Move (Standard mouse)
1786007974.479609,855,650,p1-block-3-trial-16-target-3,897.0,627.0,22.5,False,Pointer Move (Standard mouse)
1786007974.487922,860,650,p1-block-3-trial-16-target-3,897.0,627.0,22.5,False,Pointer Move (Standard mouse)
1786007974.495855,863,650,p1-block-3-trial-16-target-3,897.0,627.0,22.5,False,Pointer Move (Standard mouse)
1786007974.5098162,868,650,p1-block-3-trial-16-target-3,897.0,627.0,22.5,False,Pointer Move (Standard mouse)
1786007974.511693,871,650,p1-block-3-trial-16-target-3,897.0,627.0,22.5,False,Pointer Move (Standard mouse)
1786007974.520923,873,650,p1-block-3-trial-16-target-3,897.0,627.0,22.5,False,Pointer Move (Standard mouse)
1786007974.528918,874,650,p1-block-3-trial-16-target-3,897.0,627.0,22.5,False,Pointer Move (Standard mouse)
1786007974.53701,876,650,p1-block-3-trial-16-target-3,897.0,627.0,22.5,False,Pointer Move (Standard mouse)
1786007974.5450282,877,650,p1-block-3-trial-16-target-3,897.0,627.0,22.5,False,Pointer Move (Standard mouse)
1786007974.553235,878,650,p1-block-3-trial-16-target-3,897.0,627.0,22.5,False,Pointer Move (Standard mouse)
1786007974.5608919,878,650,p1-block-3-trial-16-target-3,897.0,627.0,22.5,False,Pointer Move (Standard mouse)
1786007974.5687628,878,650,p1-block-3-trial-16-target-3,897.0,627.0,22.5,False,Pointer Move (Standard mouse)
1786007974.577557,879,650,p1-block-3-trial-16-target-3,897.0,627.0,22.5,False,Pointer Move (Standard mouse)
1786007974.5859241,879,650,p1-block-3-trial-16-target-3,897.0,627.0,22.5,False,Pointer Move (Standard mouse)
1786007974.593642,879,650,p1-block-3-trial-16-target-3,897.0,627.0,22.5,False,Pointer Move (Standard mouse)
1786007974.601047,879,649,p1-block-3-trial-16-target-3,897.0,627.0,22.5,False,Pointer Move (Standard mouse)
1786007974.6178071,879,649,p1-block-3-trial-16-target-3,897.0,627.0,22.5,False,Pointer Move (Standard mouse)
1786007974.633451,879,649,p1-block-3-trial-16-target-3,897.0,627.0,22.5,False,Pointer Move (Standard mouse)
1786007974.641133,879,648,p1-block-3-trial-16-target-3,897.0,627.0,22.5,False,Pointer Move (Standard mouse)
1786007974.658188,879,648,p1-block-3-trial-16-target-3,897.0,627.0,22.5,False,Pointer Move (Standard mouse)
1786007974.673867,879,648,p1-block-3-trial-16-target-3,897.0,627.0,22.5,False,Pointer Move (Standard mouse)
1786007974.682349,880,647,p1-block-3-trial-16-target-3,897.0,627.0,22.5,False,Pointer Move (Standard mouse)
1786007974.6907918,880,647,p1-block-3-trial-16-target-3,897.0,627.0,22.5,False,Pointer Move (Standard mouse)
1786007974.6988091,880,646,p1-block-3-trial-16-target-3,897.0,627.0,22.5,False,Pointer Move (Standard mouse)
1786007974.706971,880,646,p1-block-3-trial-16-target-3,897.0,627.0,22.5,False,Pointer Move (Standard mouse)
1786007974.714368,880,645,p1-block-3-trial-16-target-3,897.0,627.0,22.5,False,Pointer Move (Standard mouse)
1786007974.722348,881,645,p1-block-3-trial-16-target-3,897.0,627.0,22.5,False,Pointer Move (Standard mouse)
1786007974.730731,881,644,p1-block-3-trial-16-target-3,897.0,627.0,22.5,False,Pointer Move (Standard mouse)
1786007974.738268,882,643,p1-block-3-trial-16-target-3,897.0,627.0,22.5,False,Pointer Move (Standard mouse)
1786007974.7468202,882,641,p1-block-3-trial-16-target-3,897.0,627.0,22.5,False,Pointer Move (Standard mouse)
1786007974.7544699,883,640,p1-block-3-trial-16-target-3,897.0,627.0,22.5,False,Pointer Move (Standard mouse)
1786007974.762725,883,639,p1-block-3-trial-16-target-3,897.0,627.0,22.5,False,Pointer Move (Standard mouse)
1786007974.770635,884,637,p1-block-3-trial-16-target-3,897.0,627.0,22.5,False,Pointer Move (Standard mouse)
1786007974.7790039,885,636,p1-block-3-trial-16-target-3,897.0,627.0,22.5,False,Pointer Move (Standard mouse)
1786007974.7871842,886,635,p1-block-3-trial-16-target-3,897.0,627.0,22.5,False,Pointer Move (Standard mouse)
1786007974.795089,887,633,p1-block-3-trial-16-target-3,897.0,627.0,22.5,False,Pointer Move (Standard mouse)
1786007974.8034,888,632,p1-block-3-trial-16-target-3,897.0,627.0,22.5,False,Pointer Move (Standard mouse)
1786007974.811821,889,631,p1-block-3-trial-16-target-3,897.0,627.0,22.5,False,Pointer Move (Standard mouse)
1786007974.8198998,890,630,p1-block-3-trial-16-target-3,897.0,627.0,22.5,False,Pointer Move (Standard mouse)
1786007974.828504,891,629,p1-block-3-trial-16-target-3,897.0,627.0,22.5,False,Pointer Move (Standard mouse)
1786007974.8368618,892,628,p1-block-3-trial-16-target-3,897.0,627.0,22.5,False,Pointer Move (Standard mouse)
1786007974.844967,892,627,p1-block-3-trial-16-target-3,897.0,627.0,22.5,False,Pointer Move (Standard mouse)
1786007974.85301,893,627,p1-block-3-trial-16-target-3,897.0,627.0,22.5,False,Pointer Move (Standard mouse)
1786007974.8610592,894,627,p1-block-3-trial-16-target-3,897.0,627.0,22.5,False,Pointer Move (Standard mouse)
1786007974.869133,894,626,p1-block-3-trial-16-target-3,897.0,627.0,22.5,False,Pointer Move (Standard mouse)
1786007974.877129,894,626,p1-block-3-trial-16-target-3,897.0,627.0,22.5,False,Pointer Move (Standard mouse)
1786007974.903711,894,626,p1-block-3-trial-16-target-3,897.0,627.0,22.5,target_selected,target_selected
