timestamp,cursor_x,cursor_y,target_id,target_center_x,target_center_y,target_radius,click_event,movement_state
1789742657.865364,762,446,shimul-01-block-1-trial-1-target-1,861.0,309.0,30.0,False,Pointer Move (Standard mouse)
1789742657.8657238,762,441,shimul-01-block-1-trial-1-target-1,861.0,309.0,30.0,False,Pointer Move (Standard mouse)
1789742657.8746822,762,435,shimul-01-block-1-trial-1-target-1,861.0,309.0,30.0,False,Pointer Move (Standard mouse)
1789742657.88163,762,430,shimul-01-block-1-trial-1-target-1,861.0,309.0,30.0,False,Pointer Move (Standard mouse)
1789742657.88873,762,423,shimul-01-block-1-trial-1-target-1,861.0,309.0,30.0,False,Pointer Move (Standard mouse)
1789742657.895977,762,414,shimul-01-block-1-trial-1-target-1,861.0,309.0,30.0,False,Pointer Move (Standard mouse)
1789742657.9043021,763,407,shimul-01-block-1-trial-1-target-1,861.0,309.0,30.0,False,Pointer Move (Standard mouse)
1789742657.9121091,764,404,shimul-01-block-1-trial-1-target-1,861.0,309.0,30.0,False,Pointer Move (Standard mouse)
1789742657.918968,767,400,shimul-01-block-1-trial-1-target-1,861.0,309.0,30.0,False,Pointer Move (Standard mouse)
1789742657.9263911,767,399,shimul-01-block-1-trial-1-target-1,861.0,309.0,30.0,False,Pointer Move (Standard mouse)
1789742657.9334772,768,398,shimul-01-block-1-trial-1-target-1,861.0,309.0,30.0,False,Pointer Move (Standard mouse)
1789742657.941448,772,393,shimul-01-block-1-trial-1-target-1,861.0,309.0,30.0,False,Pointer Move (Standard mouse)
1789742657.9497721,773,392,shimul-01-block-1-trial-1-target-1,861.0,309.0,30.0,False,Pointer Move (Standard mouse)
1789742657.957948,778,386,shimul-01-block-1-trial-1-target-1,861.0,309.0,30.0,False,Pointer Move (Standard mouse)
1789742657.969183,782,381,shimul-01-block-1-trial-1-target-1,861.0,309.0,30.0,False,Pointer Move (Standard mouse)
1789742657.972128,788,375,shimul-01-block-1-trial-1-target-1,861.0,309.0,30.0,False,Pointer Move (Standard mouse)
1789742657.9794838,796,365,shimul-01-block-1-trial-1-target-1,861.0,309.0,30.0,False,Pointer Move (Standard mouse)
1789742657.9872751,802,359,shimul-01-block-1-trial-1-target-1,861.0,309.0,30.0,False,Pointer Move (Standard mouse)
1789742657.994795,810,350,shimul-01-block-1-trial-1-target-1,861.0,309.0,30.0,False,Pointer Move (Standard mouse)
1789742658.001748,817,341,shimul-01-block-1-trial-1-target-1,861.0,309.0,30.0,False,Pointer Move (Standard mouse)
1789742658.0095968,825,330,shimul-01-block-1-trial-1-target-1,861.0,309.0,30.0,False,Pointer Move (Standard mouse)
1789742658.01743,832,320,shimul-01-block-1-trial-1-target-1,861.0,309.0,30.0,False,Pointer Move (Standard mouse)
1789742658.024313,838,311,shimul-01-block-1-trial-1-target-1,861.0,309.0,30.0,False,Pointer Move (Standard mouse)
1789742658.0327199,839,310,shimul-01-block-1-trial-1-target-1,861.0,309.0,30.0,False,Pointer Move (Standard mouse)
1789742658.039667,844,301,shimul-01-block-1-trial-1-target-1,861.0,309.0,30.0,False,Pointer Move (Standard mouse)
1789742658.047554,846,296,shimul-01-block-1-trial-1-target-1,861.0,309.0,30.0,False,Pointer Move (Standard mouse)
1789742658.056433,847,295,shimul-01-block-1-trial-1-target-1,861.0,309.0,30.0,False,Pointer Move (Standard mouse)
1789742658.06195,847,294,shimul-01-block-1-trial-1-target-1,861.0,309.0,30.0,False,Pointer Move (Standard mouse)
1789742658.0694551,848,293,shimul-01-block-1-trial-1-target-1,861.0,309.0,30.0,False,Pointer Move (Standard mouse)
1789742658.077031,848,293,shimul-01-block-1-trial-1-target-1,861.0,309.0,30.0,False,Pointer Move (Standard mouse)
1789742658.084345,848,293,shimul-01-block-1-trial-1-target-1,861.0,309.0,30.0,False,Pointer Move (Standard mouse)
1789742658.092132,848,292,shimul-01-block-1-trial-1-target-1,861.0,309.0,30.0,False,Pointer Move (Standard mouse)
1789742658.0998778,849,292,shimul-01-block-1-trial-1-target-1,861.0,309.0,30.0,False,Pointer Move (Standard mouse)
1789742658.1077719,849,292,shimul-01-block-1-trial-1-target-1,861.0,309.0,30.0,False,Pointer Move (Standard mouse)
1789742658.175203,849,292,shimul-01-block-1-trial-1-target-1,861.0,309.0,30.0,False,Pointer Move (Standard mouse)
1789742658.219838,849,293,shimul-01-block-1-trial-1-target-1,861.0,309.0,30.0,False,Pointer Move (Standard mouse)
1789742658.228157,849,293,shimul-01-block-1-trial-1-target-1,861.0,309.0,30.0,False,Pointer Move (Standard mouse)
1789742658.235157,849,302,shimul-01-block-1-trial-1-target-1,861.0,309.0,30.0,False,Pointer Move (Standard mouse)
1789742658.2425501,848,307,shimul-01-block-1-trial-1-target-1,861.0,309.0,30.0,False,Pointer Move (Standard mouse)
1789742658.25006,848,309,shimul-01-block-1-trial-1-target-1,861.0,309.0,30.0,False,Pointer Move (Standard mouse)
1789742658.2579992,847,317,shimul-01-block-1-trial-1-target-1,861.0,309.0,30.0,False,Pointer Move (Standard mouse)
1789742658.265413,846,324,shimul-01-block-1-trial-1-target-1,861.0,309.0,30.0,False,Pointer Move (Standard mouse)
1789742658.274038,845,329,shimul-01-block-1-trial-1-target-1,861.0,309.0,30.0,False,Pointer Move (Standard mouse)
1789742658.279695,845,334,shimul-01-block-1-trial-1-target-1,861.0,309.0,30.0,False,Pointer Move (Standard mouse)
1789742658.2866921,844,336,shimul-01-block-1-trial-1-target-1,861.0,309.0,30.0,False,Pointer Move (Standard mouse)
1789742658.294009,844,337,shimul-01-block-1-trial-1-target-1,861.0,309.0,30.0,False,Pointer Move (Standard mouse)
1789742658.301389,844,338,shimul-01-block-1-trial-1-target-1,861.0,309.0,30.0,False,Pointer Move (Standard mouse)
1789742658.3087628,844,339,shimul-01-block-1-trial-1-target-1,861.0,309.0,30.0,False,Pointer Move (Standard mouse)
1789742658.316264,844,339,shimul-01-block-1-trial-1-target-1,861.0,309.0,30.0,False,Pointer Move (Standard mouse)
1789742658.4592881,844,339,shimul-01-block-1-trial-1-target-1,861.0,309.0,30.0,False,Pointer Move (Standard mouse)
1789742658.466774,845,338,shimul-01-block-1-trial-1-target-1,861.0,309.0,30.0,False,Pointer Move (Standard mouse)
1789742658.4744399,846,337,shimul-01-block-1-trial-1-target-1,861.0,309.0,30.0,False,Pointer Move (Standard mouse)
1789742658.4822369,848,335,shimul-01-block-1-trial-1-target-1,861.0,309.0,30.0,False,Pointer Move (Standard mouse)
1789742658.488768,851,331,shimul-01-block-1-trial-1-target-1,861.0,309.0,30.0,False,Pointer Move (Standard mouse)
1789742658.49701,854,328,shimul-01-block-1-trial-1-target-1,861.0,309.0,30.0,False,Pointer Move (Standard mouse)
1789742658.503446,854,328,shimul-01-block-1-trial-1-target-1,861.0,309.0,30.0,False,Pointer Move (Standard mouse)
1789742658.511167,856,324,shimul-01-block-1-trial-1-target-1,861.0,309.0,30.0,False,Pointer Move (Standard mouse)
1789742658.518925,860,321,shimul-01-block-1-trial-1-target-1,861.0,309.0,30.0,False,Pointer Move (Standard mouse)
1789742658.5272908,860,320,shimul-01-block-1-trial-1-target-1,861.0,309.0,30.0,False,Pointer Move (Standard mouse)
1789742658.5336409,861,319,shimul-01-block-1-trial-1-target-1,861.0,309.0,30.0,False,Pointer Move (Standard mouse)
1789742658.541961,861,318,shimul-01-block-1-trial-1-target-1,861.0,309.0,30.0,False,Pointer Move (Standard mouse)
1789742658.548979,862,317,shimul-01-block-1-trial-1-target-1,861.0,309.0,30.0,False,Pointer Move (Standard mouse)
1789742658.5560918,862,316,shimul-01-block-1-trial-1-target-1,861.0,309.0,30.0,False,Pointer Move (Standard mouse)
1789742658.563798,863,316,shimul-01-block-1-trial-1-target-1,861.0,309.0,30.0,False,Pointer Move (Standard mouse)
1789742658.594742,863,315,shimul-01-block-1-trial-1-target-1,861.0,309.0,30.0,False,Pointer Move (Standard mouse)
1789742658.701875,863,315,shimul-01-block-1-trial-1-target-1,861.0,309.0,30.0,target_selected,target_selected
1789742658.7959502,862,316,shimul-01-block-1-trial-2-target-5,579.0,591.0,30.0,False,Pointer Move (Standard mouse)
1789742658.804928,862,316,shimul-01-block-1-trial-2-target-5,579.0,591.0,30.0,False,Pointer Move (Standard mouse)
1789742658.81212,858,320,shimul-01-block-1-trial-2-target-5,579.0,591.0,30.0,False,Pointer Move (Standard mouse)
1789742658.819107,855,324,shimul-01-block-1-trial-2-target-5,579.0,591.0,30.0,False,Pointer Move (Standard mouse)
1789742658.8271732,851,327,shimul-01-block-1-trial-2-target-5,579.0,591.0,30.0,False,Pointer Move (Standard mouse)
1789742658.8344471,848,330,shimul-01-block-1-trial-2-target-5,579.0,591.0,30.0,False,Pointer Move (Standard mouse)
1789742658.842121,844,336,shimul-01-block-1-trial-2-target-5,579.0,591.0,30.0,False,Pointer Move (Standard mouse)
1789742658.849626,841,338,shimul-01-block-1-trial-2-target-5,579.0,591.0,30.0,False,Pointer Move (Standard mouse)
1789742658.855913,835,347,shimul-01-block-1-trial-2-target-5,579.0,591.0,30.0,False,Pointer Move (Standard mouse)
1789742658.879499,826,358,shimul-01-block-1-trial-2-target-5,579.0,591.0,30.0,False,Pointer Move (Standard mouse)
1789742658.8870752,808,378,shimul-01-block-1-trial-2-target-5,579.0,591.0,30.0,False,Pointer Move (Standard mouse)
1789742658.8938801,739,455,shimul-01-block-1-trial-2-target-5,579.0,591.0,30.0,False,Pointer Move (Standard mouse)
1789742658.900963,724,468,shimul-01-block-1-trial-2-target-5,579.0,591.0,30.0,False,Pointer Move (Standard mouse)
1789742658.9096751,709,483,shimul-01-block-1-trial-2-target-5,579.0,591.0,30.0,False,Pointer Move (Standard mouse)
1789742658.916568,695,495,shimul-01-block-1-trial-2-target-5,579.0,591.0,30.0,False,Pointer Move (Standard mouse)
1789742658.924869,680,510,shimul-01-block-1-trial-2-target-5,579.0,591.0,30.0,False,Pointer Move (Standard mouse)
1789742658.932309,667,521,shimul-01-block-1-trial-2-target-5,579.0,591.0,30.0,False,Pointer Move (Standard mouse)
1789742658.9396741,657,531,shimul-01-block-1-trial-2-target-5,579.0,591.0,30.0,False,Pointer Move (Standard mouse)
1789742658.947501,641,545,shimul-01-block-1-trial-2-target-5,579.0,591.0,30.0,False,Pointer Move (Standard mouse)
1789742658.954347,628,558,shimul-01-block-1-trial-2-target-5,579.0,591.0,30.0,False,Pointer Move (Standard mouse)
1789742658.962657,617,570,shimul-01-block-1-trial-2-target-5,579.0,591.0,30.0,False,Pointer Move (Standard mouse)
1789742658.9697332,604,581,shimul-01-block-1-trial-2-target-5,579.0,591.0,30.0,False,Pointer Move (Standard mouse)
1789742658.977578,591,594,shimul-01-block-1-trial-2-target-5,579.0,591.0,30.0,False,Pointer Move (Standard mouse)
1789742658.984372,585,599,shimul-01-block-1-trial-2-target-5,579.0,591.0,30.0,False,Pointer Move (Standard mouse)
1789742658.991437,572,614,shimul-01-block-1-trial-2-target-5,579.0,591.0,30.0,False,Pointer Move (Standard mouse)
1789742658.9999511,562,625,shimul-01-block-1-trial-2-target-5,579.0,591.0,30.0,False,Pointer Move (Standard mouse)
1789742659.006929,554,632,shimul-01-block-1-trial-2-target-5,579.0,591.0,30.0,False,Pointer Move (Standard mouse)
1789742659.01526,548,639,shimul-01-block-1-trial-2-target-5,579.0,591.0,30.0,False,Pointer Move (Standard mouse)
1789742659.022249,544,644,shimul-01-block-1-trial-2-target-5,579.0,591.0,30.0,False,Pointer Move (Standard mouse)
1789742659.029783,537,650,shimul-01-block-1-trial-2-target-5,579.0,591.0,30.0,False,Pointer Move (Standard mouse)
1789742659.036335,533,654,shimul-01-block-1-trial-2-target-5,579.0,591.0,30.0,False,Pointer Move (Standard mouse)
1789742659.044323,530,658,shimul-01-block-1-trial-2-target-5,579.0,591.0,30.0,False,Pointer Move (Standard mouse)
1789742659.051357,530,659,shimul-01-block-1-trial-2-target-5,579.0,591.0,30.0,False,Pointer Move (Standard mouse)
1789742659.059575,528,660,shimul-01-block-1-trial-2-target-5,579.0,591.0,30.0,False,Pointer Move (Standard mouse)
1789742659.066716,528,660,shimul-01-block-1-trial-2-target-5,579.0,591.0,30.0,False,Pointer Move (Standard mouse)
1789742659.073575,528,661,shimul-01-block-1-trial-2-target-5,579.0,591.0,30.0,False,Pointer Move (Standard mouse)
1789742659.081631,527,661,shimul-01-block-1-trial-2-target-5,579.0,591.0,30.0,False,Pointer Move (Standard mouse)
1789742659.08944,527,661,shimul-01-block-1-trial-2-target-5,579.0,591.0,30.0,False,Pointer Move (Standard mouse)
1789742659.09741,527,661,shimul-01-block-1-trial-2-target-5,579.0,591.0,30.0,False,Pointer Move (Standard mouse)
1789742659.105299,527,662,shimul-01-block-1-trial-2-target-5,579.0,591.0,30.0,False,Pointer Move (Standard mouse)
1789742659.111882,527,662,shimul-01-block-1-trial-2-target-5,579.0,591.0,30.0,False,Pointer Move (Standard mouse)
1789742659.121034,526,662,shimul-01-block-1-trial-2-target-5,579.0,591.0,30.0,False,Pointer Move (Standard mouse)
1789742659.1272829,526,663,shimul-01-block-1-trial-2-target-5,579.0,591.0,30.0,False,Pointer Move (Standard mouse)
1789742659.1509812,525,663,shimul-01-block-1-trial-2-target-5,579.0,591.0,30.0,False,Pointer Move (Standard mouse)
1789742659.195787,525,662,shimul-01-block-1-trial-2-target-5,579.0,591.0,30.0,False,Pointer Move (Standard mouse)
1789742659.2019598,525,661,shimul-01-block-1-trial-2-target-5,579.0,591.0,30.0,False,Pointer Move (Standard mouse)
1789742659.209138,525,658,shimul-01-block-1-trial-2-target-5,579.0,591.0,30.0,False,Pointer Move (Standard mouse)
1789742659.2165608,527,653,shimul-01-block-1-trial-2-target-5,579.0,591.0,30.0,False,Pointer Move (Standard mouse)
1789742659.225198,530,649,shimul-01-block-1-trial-2-target-5,579.0,591.0,30.0,False,Pointer Move (Standard mouse)
1789742659.2334652,535,641,shimul-01-block-1-trial-2-target-5,579.0,591.0,30.0,False,Pointer Move (Standard mouse)
1789742659.240536,540,632,shimul-01-block-1-trial-2-target-5,579.0,591.0,30.0,False,Pointer Move (Standard mouse)
1789742659.247605,548,625,shimul-01-block-1-trial-2-target-5,579.0,591.0,30.0,False,Pointer Move (Standard mouse)
1789742659.277141,567,603,shimul-01-block-1-trial-2-target-5,579.0,591.0,30.0,False,Pointer Move (Standard mouse)
1789742659.27748,571,597,shimul-01-block-1-trial-2-target-5,579.0,591.0,30.0,False,Pointer Move (Standard mouse)
1789742659.285913,572,596,shimul-01-block-1-trial-2-target-5,579.0,591.0,30.0,False,Pointer Move (Standard mouse)
1789742659.292725,575,592,shimul-01-block-1-trial-2-target-5,579.0,591.0,30.0,False,Pointer Move (Standard mouse)
1789742659.300155,577,591,shimul-01-block-1-trial-2-target-5,579.0,591.0,30.0,False,Pointer Move (Standard mouse)
1789742659.30651,577,590,shimul-01-block-1-trial-2-target-5,579.0,591.0,30.0,False,Pointer Move (Standard mouse)
1789742659.3141608,577,590,shimul-01-block-1-trial-2-target-5,579.0,591.0,30.0,False,Pointer Move (Standard mouse)
1789742659.3221738,577,590,shimul-01-block-1-trial-2-target-5,579.0,591.0,30.0,False,Pointer Move (Standard mouse)
1789742659.329875,578,590,shimul-01-block-1-trial-2-target-5,579.0,591.0,30.0,False,Pointer Move (Standard mouse)
1789742659.3441,578,589,shimul-01-block-1-trial-2-target-5,579.0,591.0,30.0,False,Pointer Move (Standard mouse)
1789742659.351784,578,589,shimul-01-block-1-trial-2-target-5,579.0,591.0,30.0,False,Pointer Move (Standard mouse)
1789742659.359643,579,589,shimul-01-block-1-trial-2-target-5,579.0,591.0,30.0,False,Pointer Move (Standard mouse)
1789742659.3823009,579,589,shimul-01-block-1-trial-2-target-5,579.0,591.0,30.0,False,Pointer Move (Standard mouse)
1789742659.40485,579,588,shimul-01-block-1-trial-2-target-5,579.0,591.0,30.0,False,Pointer Move (Standard mouse)
1789742659.5102131,579,588,shimul-01-block-1-trial-2-target-5,579.0,591.0,30.0,target_selected,target_selected
1789742659.539241,579,588,shimul-01-block-1-trial-3-target-1,861.0,309.0,30.0,False,Pointer Move (Standard mouse)
1789742659.706165,580,588,shimul-01-block-1-trial-3-target-1,861.0,309.0,30.0,False,Pointer Move (Standard mouse)
1789742659.712847,580,587,shimul-01-block-1-trial-3-target-1,861.0,309.0,30.0,False,Pointer Move (Standard mouse)
1789742659.719742,582,584,shimul-01-block-1-trial-3-target-1,861.0,309.0,30.0,False,Pointer Move (Standard mouse)
1789742659.727766,587,574,shimul-01-block-1-trial-3-target-1,861.0,309.0,30.0,False,Pointer Move (Standard mouse)
1789742659.734834,593,565,shimul-01-block-1-trial-3-target-1,861.0,309.0,30.0,False,Pointer Move (Standard mouse)
1789742659.742111,594,564,shimul-01-block-1-trial-3-target-1,861.0,309.0,30.0,False,Pointer Move (Standard mouse)
1789742659.7499251,603,553,shimul-01-block-1-trial-3-target-1,861.0,309.0,30.0,False,Pointer Move (Standard mouse)
1789742659.7574022,610,547,shimul-01-block-1-trial-3-target-1,861.0,309.0,30.0,False,Pointer Move (Standard mouse)
1789742659.764588,617,541,shimul-01-block-1-trial-3-target-1,861.0,309.0,30.0,False,Pointer Move (Standard mouse)
1789742659.772285,626,537,shimul-01-block-1-trial-3-target-1,861.0,309.0,30.0,False,Pointer Move (Standard mouse)
1789742659.779061,635,532,shimul-01-block-1-trial-3-target-1,861.0,309.0,30.0,False,Pointer Move (Standard mouse)
1789742659.786131,651,524,shimul-01-block-1-trial-3-target-1,861.0,309.0,30.0,False,Pointer Move (Standard mouse)
1789742659.795169,666,519,shimul-01-block-1-trial-3-target-1,861.0,309.0,30.0,False,Pointer Move (Standard mouse)
1789742659.801677,687,510,shimul-01-block-1-trial-3-target-1,861.0,309.0,30.0,False,Pointer Move (Standard mouse)
1789742659.8096588,703,504,shimul-01-block-1-trial-3-target-1,861.0,309.0,30.0,False,Pointer Move (Standard mouse)
1789742659.817012,724,497,shimul-01-block-1-trial-3-target-1,861.0,309.0,30.0,False,Pointer Move (Standard mouse)
1789742659.825006,738,490,shimul-01-block-1-trial-3-target-1,861.0,309.0,30.0,False,Pointer Move (Standard mouse)
1789742659.832022,750,483,shimul-01-block-1-trial-3-target-1,861.0,309.0,30.0,False,Pointer Move (Standard mouse)
1789742659.8398778,772,469,shimul-01-block-1-trial-3-target-1,861.0,309.0,30.0,False,Pointer Move (Standard mouse)
1789742659.847417,793,452,shimul-01-block-1-trial-3-target-1,861.0,309.0,30.0,False,Pointer Move (Standard mouse)
1789742659.8557792,799,446,shimul-01-block-1-trial-3-target-1,861.0,309.0,30.0,False,Pointer Move (Standard mouse)
1789742659.86258,814,433,shimul-01-block-1-trial-3-target-1,861.0,309.0,30.0,False,Pointer Move (Standard mouse)
1789742659.8699362,825,421,shimul-01-block-1-trial-3-target-1,861.0,309.0,30.0,False,Pointer Move (Standard mouse)
1789742659.876745,837,408,shimul-01-block-1-trial-3-target-1,861.0,309.0,30.0,False,Pointer Move (Standard mouse)
1789742659.8843079,843,401,shimul-01-block-1-trial-3-target-1,861.0,309.0,30.0,False,Pointer Move (Standard mouse)
1789742659.8919199,844,400,shimul-01-block-1-trial-3-target-1,861.0,309.0,30.0,False,Pointer Move (Standard mouse)
1789742659.899372,845,399,shimul-01-block-1-trial-3-target-1,861.0,309.0,30.0,False,Pointer Move (Standard mouse)
1789742659.907037,846,397,shimul-01-block-1-trial-3-target-1,861.0,309.0,30.0,False,Pointer Move (Standard mouse)
1789742659.9318578,846,396,shimul-01-block-1-trial-3-target-1,861.0,309.0,30.0,False,Pointer Move (Standard mouse)
1789742659.9369779,846,396,shimul-01-block-1-trial-3-target-1,861.0,309.0,30.0,False,Pointer Move (Standard mouse)
1789742659.94473,846,392,shimul-01-block-1-trial-3-target-1,861.0,309.0,30.0,False,Pointer Move (Standard mouse)
1789742659.9519758,846,392,shimul-01-block-1-trial-3-target-1,861.0,309.0,30.0,False,Pointer Move (Standard mouse)
1789742659.983246,846,392,shimul-01-block-1-trial-3-target-1,861.0,309.0,30.0,False,Pointer Move (Standard mouse)
1789742659.99031,846,392,shimul-01-block-1-trial-3-target-1,861.0,309.0,30.0,False,Pointer Move (Standard mouse)
1789742659.9975,845,392,shimul-01-block-1-trial-3-target-1,861.0,309.0,30.0,False,Pointer Move (Standard mouse)
1789742660.004302,845,392,shimul-01-block-1-trial-3-target-1,861.0,309.0,30.0,False,Pointer Move (Standard mouse)
1789742660.01233,844,392,shimul-01-block-1-trial-3-target-1,861.0,309.0,30.0,False,Pointer Move (Standard mouse)
1789742660.0192919,844,392,shimul-01-block-1-trial-3-target-1,861.0,309.0,30.0,False,Pointer Move (Standard mouse)
1789742660.02824,844,392,shimul-01-block-1-trial-3-target-1,861.0,309.0,30.0,False,Pointer Move (Standard mouse)
1789742660.034621,843,392,shimul-01-block-1-trial-3-target-1,861.0,309.0,30.0,False,Pointer Move (Standard mouse)
1789742660.041738,842,392,shimul-01-block-1-trial-3-target-1,861.0,309.0,30.0,False,Pointer Move (Standard mouse)
1789742660.050017,842,391,shimul-01-block-1-trial-3-target-1,861.0,309.0,30.0,False,Pointer Move (Standard mouse)
1789742660.056724,841,391,shimul-01-block-1-trial-3-target-1,861.0,309.0,30.0,False,Pointer Move (Standard mouse)
1789742660.063926,841,390,shimul-01-block-1-trial-3-target-1,861.0,309.0,30.0,False,Pointer Move (Standard mouse)
1789742660.07233,840,390,shimul-01-block-1-trial-3-target-1,861.0,309.0,30.0,False,Pointer Move (Standard mouse)
1789742660.0795882,840,388,shimul-01-block-1-trial-3-target-1,861.0,309.0,30.0,False,Pointer Move (Standard mouse)
1789742660.086786,839,385,shimul-01-block-1-trial-3-target-1,861.0,309.0,30.0,False,Pointer Move (Standard mouse)
1789742660.0944629,839,382,shimul-01-block-1-trial-3-target-1,861.0,309.0,30.0,False,Pointer Move (Standard mouse)
1789742660.10255,839,377,shimul-01-block-1-trial-3-target-1,861.0,309.0,30.0,False,Pointer Move (Standard mouse)
1789742660.1095092,839,373,shimul-01-block-1-trial-3-target-1,861.0,309.0,30.0,False,Pointer Move (Standard mouse)
1789742660.1179478,839,366,shimul-01-block-1-trial-3-target-1,861.0,309.0,30.0,False,Pointer Move (Standard mouse)
1789742660.1247401,841,360,shimul-01-block-1-trial-3-target-1,861.0,309.0,30.0,False,Pointer Move (Standard mouse)
1789742660.1330009,843,353,shimul-01-block-1-trial-3-target-1,861.0,309.0,30.0,False,Pointer Move (Standard mouse)
1789742660.14112,846,348,shimul-01-block-1-trial-3-target-1,861.0,309.0,30.0,False,Pointer Move (Standard mouse)
1789742660.147428,850,341,shimul-01-block-1-trial-3-target-1,861.0,309.0,30.0,False,Pointer Move (Standard mouse)
1789742660.155831,851,338,shimul-01-block-1-trial-3-target-1,861.0,309.0,30.0,False,Pointer Move (Standard mouse)
1789742660.162705,853,332,shimul-01-block-1-trial-3-target-1,861.0,309.0,30.0,False,Pointer Move (Standard mouse)
1789742660.168971,854,329,shimul-01-block-1-trial-3-target-1,861.0,309.0,30.0,False,Pointer Move (Standard mouse)
1789742660.177911,856,324,shimul-01-block-1-trial-3-target-1,861.0,309.0,30.0,False,Pointer Move (Standard mouse)
1789742660.184284,857,323,shimul-01-block-1-trial-3-target-1,861.0,309.0,30.0,False,Pointer Move (Standard mouse)
1789742660.192624,857,322,shimul-01-block-1-trial-3-target-1,861.0,309.0,30.0,False,Pointer Move (Standard mouse)
1789742660.1990132,857,320,shimul-01-block-1-trial-3-target-1,861.0,309.0,30.0,False,Pointer Move (Standard mouse)
1789742660.2068229,857,319,shimul-01-block-1-trial-3-target-1,861.0,309.0,30.0,False,Pointer Move (Standard mouse)
1789742660.2139788,857,318,shimul-01-block-1-trial-3-target-1,861.0,309.0,30.0,False,Pointer Move (Standard mouse)
1789742660.221353,857,318,shimul-01-block-1-trial-3-target-1,861.0,309.0,30.0,False,Pointer Move (Standard mouse)
1789742660.229402,857,317,shimul-01-block-1-trial-3-target-1,861.0,309.0,30.0,False,Pointer Move (Standard mouse)
1789742660.236916,857,316,shimul-01-block-1-trial-3-target-1,861.0,309.0,30.0,False,Pointer Move (Standard mouse)
1789742660.245188,856,316,shimul-01-block-1-trial-3-target-1,861.0,309.0,30.0,False,Pointer Move (Standard mouse)
1789742660.2512488,856,315,shimul-01-block-1-trial-3-target-1,861.0,309.0,30.0,False,Pointer Move (Standard mouse)
1789742660.259156,856,315,shimul-01-block-1-trial-3-target-1,861.0,309.0,30.0,False,Pointer Move (Standard mouse)
1789742660.358882,856,315,shimul-01-block-1-trial-3-target-1,861.0,309.0,30.0,target_selected,target_selected
1789742660.456287,855,317,shimul-01-block-1-trial-4-target-5,579.0,591.0,30.0,False,Pointer Move (Standard mouse)
1789742660.46343,852,319,shimul-01-block-1-trial-4-target-5,579.0,591.0,30.0,False,Pointer Move (Standard mouse)
1789742660.4690292,827,348,shimul-01-block-1-trial-4-target-5,579.0,591.0,30.0,False,Pointer Move (Standard mouse)
1789742660.477345,824,350,shimul-01-block-1-trial-4-target-5,579.0,591.0,30.0,False,Pointer Move (Standard mouse)
1789742660.484444,815,358,shimul-01-block-1-trial-4-target-5,579.0,591.0,30.0,False,Pointer Move (Standard mouse)
1789742660.492225,811,362,shimul-01-block-1-trial-4-target-5,579.0,591.0,30.0,False,Pointer Move (Standard mouse)
1789742660.500858,803,370,shimul-01-block-1-trial-4-target-5,579.0,591.0,30.0,False,Pointer Move (Standard mouse)
1789742660.507495,801,373,shimul-01-block-1-trial-4-target-5,579.0,591.0,30.0,False,Pointer Move (Standard mouse)
1789742660.514059,798,375,shimul-01-block-1-trial-4-target-5,579.0,591.0,30.0,False,Pointer Move (Standard mouse)
1789742660.521486,791,386,shimul-01-block-1-trial-4-target-5,579.0,591.0,30.0,False,Pointer Move (Standard mouse)
1789742660.5297651,785,393,shimul-01-block-1-trial-4-target-5,579.0,591.0,30.0,False,Pointer Move (Standard mouse)
1789742660.5376651,770,411,shimul-01-block-1-trial-4-target-5,579.0,591.0,30.0,False,Pointer Move (Standard mouse)
1789742660.544411,757,428,shimul-01-block-1-trial-4-target-5,579.0,591.0,30.0,False,Pointer Move (Standard mouse)
1789742660.551934,747,442,shimul-01-block-1-trial-4-target-5,579.0,591.0,30.0,False,Pointer Move (Standard mouse)
1789742660.5598552,728,460,shimul-01-block-1-trial-4-target-5,579.0,591.0,30.0,False,Pointer Move (Standard mouse)
1789742660.567082,710,482,shimul-01-block-1-trial-4-target-5,579.0,591.0,30.0,False,Pointer Move (Standard mouse)
1789742660.574715,695,495,shimul-01-block-1-trial-4-target-5,579.0,591.0,30.0,False,Pointer Move (Standard mouse)
1789742660.581383,677,510,shimul-01-block-1-trial-4-target-5,579.0,591.0,30.0,False,Pointer Move (Standard mouse)
1789742660.5892532,652,531,shimul-01-block-1-trial-4-target-5,579.0,591.0,30.0,False,Pointer Move (Standard mouse)
1789742660.59647,634,544,shimul-01-block-1-trial-4-target-5,579.0,591.0,30.0,False,Pointer Move (Standard mouse)
1789742660.604181,620,556,shimul-01-block-1-trial-4-target-5,579.0,591.0,30.0,False,Pointer Move (Standard mouse)
1789742660.611864,610,564,shimul-01-block-1-trial-4-target-5,579.0,591.0,30.0,False,Pointer Move (Standard mouse)
1789742660.6191711,598,572,shimul-01-block-1-trial-4-target-5,579.0,591.0,30.0,False,Pointer Move (Standard mouse)
1789742660.627739,587,581,shimul-01-block-1-trial-4-target-5,579.0,591.0,30.0,False,Pointer Move (Standard mouse)
1789742660.6345448,576,587,shimul-01-block-1-trial-4-target-5,579.0,591.0,30.0,False,Pointer Move (Standard mouse)
1789742660.642121,567,592,shimul-01-block-1-trial-4-target-5,579.0,591.0,30.0,False,Pointer Move (Standard mouse)
1789742660.649459,562,595,shimul-01-block-1-trial-4-target-5,579.0,591.0,30.0,False,Pointer Move (Standard mouse)
1789742660.6567051,559,598,shimul-01-block-1-trial-4-target-5,579.0,591.0,30.0,False,Pointer Move (Standard mouse)
1789742660.664479,554,601,shimul-01-block-1-trial-4-target-5,579.0,591.0,30.0,False,Pointer Move (Standard mouse)
1789742660.671405,548,606,shimul-01-block-1-trial-4-target-5,579.0,591.0,30.0,False,Pointer Move (Standard mouse)
1789742660.6794949,544,609,shimul-01-block-1-trial-4-target-5,579.0,591.0,30.0,False,Pointer Move (Standard mouse)
1789742660.687627,544,609,shimul-01-block-1-trial-4-target-5,579.0,591.0,30.0,False,Pointer Move (Standard mouse)
1789742660.694484,542,610,shimul-01-block-1-trial-4-target-5,579.0,591.0,30.0,False,Pointer Move (Standard mouse)
1789742660.702105,541,611,shimul-01-block-1-trial-4-target-5,579.0,591.0,30.0,False,Pointer Move (Standard mouse)
1789742660.7094882,541,612,shimul-01-block-1-trial-4-target-5,579.0,591.0,30.0,False,Pointer Move (Standard mouse)
1789742660.7171352,540,612,shimul-01-block-1-trial-4-target-5,579.0,591.0,30.0,False,Pointer Move (Standard mouse)
1789742660.724138,539,612,shimul-01-block-1-trial-4-target-5,579.0,591.0,30.0,False,Pointer Move (Standard mouse)
1789742660.732127,539,613,shimul-01-block-1-trial-4-target-5,579.0,591.0,30.0,False,Pointer Move (Standard mouse)
1789742660.747869,539,613,shimul-01-block-1-trial-4-target-5,579.0,591.0,30.0,False,Pointer Move (Standard mouse)
1789742660.8681002,539,612,shimul-01-block-1-trial-4-target-5,579.0,591.0,30.0,False,Pointer Move (Standard mouse)
1789742660.875057,540,612,shimul-01-block-1-trial-4-target-5,579.0,591.0,30.0,False,Pointer Move (Standard mouse)
1789742660.883442,541,611,shimul-01-block-1-trial-4-target-5,579.0,591.0,30.0,False,Pointer Move (Standard mouse)
1789742660.8894641,541,611,shimul-01-block-1-trial-4-target-5,579.0,591.0,30.0,False,Pointer Move (Standard mouse)
1789742660.8978271,543,610,shimul-01-block-1-trial-4-target-5,579.0,591.0,30.0,False,Pointer Move (Standard mouse)
1789742660.904502,547,606,shimul-01-block-1-trial-4-target-5,579.0,591.0,30.0,False,Pointer Move (Standard mouse)
1789742660.912941,551,603,shimul-01-block-1-trial-4-target-5,579.0,591.0,30.0,False,Pointer Move (Standard mouse)
1789742660.918837,553,600,shimul-01-block-1-trial-4-target-5,579.0,591.0,30.0,False,Pointer Move (Standard mouse)
1789742660.926699,555,599,shimul-01-block-1-trial-4-target-5,579.0,591.0,30.0,False,Pointer Move (Standard mouse)
1789742660.9342499,556,599,shimul-01-block-1-trial-4-target-5,579.0,591.0,30.0,False,Pointer Move (Standard mouse)
1789742660.942261,556,598,shimul-01-block-1-trial-4-target-5,579.0,591.0,30.0,False,Pointer Move (Standard mouse)
1789742660.94981,557,598,shimul-01-block-1-trial-4-target-5,579.0,591.0,30.0,False,Pointer Move (Standard mouse)
1789742660.956505,557,597,shimul-01-block-1-trial-4-target-5,579.0,591.0,30.0,False,Pointer Move (Standard mouse)
1789742660.9806678,558,597,shimul-01-block-1-trial-4-target-5,579.0,591.0,30.0,False,Pointer Move (Standard mouse)
1789742660.987448,558,596,shimul-01-block-1-trial-4-target-5,579.0,591.0,30.0,False,Pointer Move (Standard mouse)
1789742660.993647,559,596,shimul-01-block-1-trial-4-target-5,579.0,591.0,30.0,False,Pointer Move (Standard mouse)
1789742661.0016901,559,596,shimul-01-block-1-trial-4-target-5,579.0,591.0,30.0,False,Pointer Move (Standard mouse)
1789742661.010416,559,596,shimul-01-block-1-trial-4-target-5,579.0,591.0,30.0,False,Pointer Move (Standard mouse)
1789742661.0163982,559,595,shimul-01-block-1-trial-4-target-5,579.0,591.0,30.0,False,Pointer Move (Standard mouse)
1789742661.032573,559,595,shimul-01-block-1-trial-4-target-5,579.0,591.0,30.0,False,Pointer Move (Standard mouse)
1789742661.0478358,560,595,shimul-01-block-1-trial-4-target-5,579.0,591.0,30.0,False,Pointer Move (Standard mouse)
1789742661.054843,560,595,shimul-01-block-1-trial-4-target-5,579.0,591.0,30.0,False,Pointer Move (Standard mouse)
1789742661.085294,560,595,shimul-01-block-1-trial-4-target-5,579.0,591.0,30.0,False,Pointer Move (Standard mouse)
1789742661.092062,560,594,shimul-01-block-1-trial-4-target-5,579.0,591.0,30.0,False,Pointer Move (Standard mouse)
1789742661.099164,560,594,shimul-01-block-1-trial-4-target-5,579.0,591.0,30.0,False,Pointer Move (Standard mouse)
1789742661.1070778,560,594,shimul-01-block-1-trial-4-target-5,579.0,591.0,30.0,False,Pointer Move (Standard mouse)
1789742661.11452,561,594,shimul-01-block-1-trial-4-target-5,579.0,591.0,30.0,False,Pointer Move (Standard mouse)
1789742661.1230001,561,594,shimul-01-block-1-trial-4-target-5,579.0,591.0,30.0,False,Pointer Move (Standard mouse)
1789742661.129035,561,593,shimul-01-block-1-trial-4-target-5,579.0,591.0,30.0,False,Pointer Move (Standard mouse)
1789742661.137507,561,593,shimul-01-block-1-trial-4-target-5,579.0,591.0,30.0,False,Pointer Move (Standard mouse)
1789742661.1451662,562,593,shimul-01-block-1-trial-4-target-5,579.0,591.0,30.0,False,Pointer Move (Standard mouse)
1789742661.1597319,562,593,shimul-01-block-1-trial-4-target-5,579.0,591.0,30.0,target_selected,target_selected
1789742661.166064,562,593,shimul-01-block-1-trial-5-target-1,861.0,309.0,30.0,False,Pointer Move (Standard mouse)
1789742661.28142,562,592,shimul-01-block-1-trial-5-target-1,861.0,309.0,30.0,False,Pointer Move (Standard mouse)
1789742661.288107,563,591,shimul-01-block-1-trial-5-target-1,861.0,309.0,30.0,False,Pointer Move (Standard mouse)
1789742661.2963681,569,585,shimul-01-block-1-trial-5-target-1,861.0,309.0,30.0,False,Pointer Move (Standard mouse)
1789742661.302474,581,570,shimul-01-block-1-trial-5-target-1,861.0,309.0,30.0,False,Pointer Move (Standard mouse)
1789742661.310347,585,566,shimul-01-block-1-trial-5-target-1,861.0,309.0,30.0,False,Pointer Move (Standard mouse)
1789742661.3195882,598,555,shimul-01-block-1-trial-5-target-1,861.0,309.0,30.0,False,Pointer Move (Standard mouse)
1789742661.326229,611,542,shimul-01-block-1-trial-5-target-1,861.0,309.0,30.0,False,Pointer Move (Standard mouse)
1789742661.3332438,627,525,shimul-01-block-1-trial-5-target-1,861.0,309.0,30.0,False,Pointer Move (Standard mouse)
1789742661.340668,653,501,shimul-01-block-1-trial-5-target-1,861.0,309.0,30.0,False,Pointer Move (Standard mouse)
1789742661.347554,666,490,shimul-01-block-1-trial-5-target-1,861.0,309.0,30.0,False,Pointer Move (Standard mouse)
1789742661.354756,687,470,shimul-01-block-1-trial-5-target-1,861.0,309.0,30.0,False,Pointer Move (Standard mouse)
1789742661.362005,711,449,shimul-01-block-1-trial-5-target-1,861.0,309.0,30.0,False,Pointer Move (Standard mouse)
1789742661.369102,725,436,shimul-01-block-1-trial-5-target-1,861.0,309.0,30.0,False,Pointer Move (Standard mouse)
1789742661.376746,740,423,shimul-01-block-1-trial-5-target-1,861.0,309.0,30.0,False,Pointer Move (Standard mouse)
1789742661.3841112,751,415,shimul-01-block-1-trial-5-target-1,861.0,309.0,30.0,False,Pointer Move (Standard mouse)
1789742661.39155,762,405,shimul-01-block-1-trial-5-target-1,861.0,309.0,30.0,False,Pointer Move (Standard mouse)
1789742661.398565,774,394,shimul-01-block-1-trial-5-target-1,861.0,309.0,30.0,False,Pointer Move (Standard mouse)
1789742661.405956,785,385,shimul-01-block-1-trial-5-target-1,861.0,309.0,30.0,False,Pointer Move (Standard mouse)
1789742661.4134111,792,379,shimul-01-block-1-trial-5-target-1,861.0,309.0,30.0,False,Pointer Move (Standard mouse)
1789742661.421195,793,378,shimul-01-block-1-trial-5-target-1,861.0,309.0,30.0,False,Pointer Move (Standard mouse)
1789742661.429263,797,374,shimul-01-block-1-trial-5-target-1,861.0,309.0,30.0,False,Pointer Move (Standard mouse)
1789742661.436426,798,372,shimul-01-block-1-trial-5-target-1,861.0,309.0,30.0,False,Pointer Move (Standard mouse)
1789742661.443999,800,371,shimul-01-block-1-trial-5-target-1,861.0,309.0,30.0,False,Pointer Move (Standard mouse)
1789742661.4507678,800,370,shimul-01-block-1-trial-5-target-1,861.0,309.0,30.0,False,Pointer Move (Standard mouse)
1789742661.459291,801,370,shimul-01-block-1-trial-5-target-1,861.0,309.0,30.0,False,Pointer Move (Standard mouse)
1789742661.466478,801,369,shimul-01-block-1-trial-5-target-1,861.0,309.0,30.0,False,Pointer Move (Standard mouse)
1789742661.473608,802,368,shimul-01-block-1-trial-5-target-1,861.0,309.0,30.0,False,Pointer Move (Standard mouse)
1789742661.5032692,803,367,shimul-01-block-1-trial-5-target-1,861.0,309.0,30.0,False,Pointer Move (Standard mouse)
1789742661.5121129,803,366,shimul-01-block-1-trial-5-target-1,861.0,309.0,30.0,False,Pointer Move (Standard mouse)
1789742661.519253,813,356,shimul-01-block-1-trial-5-target-1,861.0,309.0,30.0,False,Pointer Move (Standard mouse)
1789742661.526506,814,356,shimul-01-block-1-trial-5-target-1,861.0,309.0,30.0,False,Pointer Move (Standard mouse)
1789742661.5345979,815,355,shimul-01-block-1-trial-5-target-1,861.0,309.0,30.0,False,Pointer Move (Standard mouse)
1789742661.541781,815,354,shimul-01-block-1-trial-5-target-1,861.0,309.0,30.0,False,Pointer Move (Standard mouse)
1789742661.5493262,816,354,shimul-01-block-1-trial-5-target-1,861.0,309.0,30.0,False,Pointer Move (Standard mouse)
1789742661.55631,818,353,shimul-01-block-1-trial-5-target-1,861.0,309.0,30.0,False,Pointer Move (Standard mouse)
1789742661.564165,818,352,shimul-01-block-1-trial-5-target-1,861.0,309.0,30.0,False,Pointer Move (Standard mouse)
1789742661.5716538,819,352,shimul-01-block-1-trial-5-target-1,861.0,309.0,30.0,False,Pointer Move (Standard mouse)
1789742661.5791621,819,351,shimul-01-block-1-trial-5-target-1,861.0,309.0,30.0,False,Pointer Move (Standard mouse)
1789742661.5876338,823,347,shimul-01-block-1-trial-5-target-1,861.0,309.0,30.0,False,Pointer Move (Standard mouse)
1789742661.59462,828,344,shimul-01-block-1-trial-5-target-1,861.0,309.0,30.0,False,Pointer Move (Standard mouse)
1789742661.601629,832,341,shimul-01-block-1-trial-5-target-1,861.0,309.0,30.0,False,Pointer Move (Standard mouse)
1789742661.609714,837,338,shimul-01-block-1-trial-5-target-1,861.0,309.0,30.0,False,Pointer Move (Standard mouse)
1789742661.616678,837,337,shimul-01-block-1-trial-5-target-1,861.0,309.0,30.0,False,Pointer Move (Standard mouse)
1789742661.624765,838,337,shimul-01-block-1-trial-5-target-1,861.0,309.0,30.0,False,Pointer Move (Standard mouse)
1789742661.631938,839,337,shimul-01-block-1-trial-5-target-1,861.0,309.0,30.0,False,Pointer Move (Standard mouse)
1789742661.640382,841,334,shimul-01-block-1-trial-5-target-1,861.0,309.0,30.0,False,Pointer Move (Standard mouse)
1789742661.64758,843,333,shimul-01-block-1-trial-5-target-1,861.0,309.0,30.0,False,Pointer Move (Standard mouse)
1789742661.65486,845,331,shimul-01-block-1-trial-5-target-1,861.0,309.0,30.0,False,Pointer Move (Standard mouse)
1789742661.661622,849,329,shimul-01-block-1-trial-5-target-1,861.0,309.0,30.0,False,Pointer Move (Standard mouse)
1789742661.6694221,851,326,shimul-01-block-1-trial-5-target-1,861.0,309.0,30.0,False,Pointer Move (Standard mouse)
1789742661.6764102,851,326,shimul-01-block-1-trial-5-target-1,861.0,309.0,30.0,False,Pointer Move (Standard mouse)
1789742661.684003,852,325,shimul-01-block-1-trial-5-target-1,861.0,309.0,30.0,False,Pointer Move (Standard mouse)
1789742661.692391,852,325,shimul-01-block-1-trial-5-target-1,861.0,309.0,30.0,False,Pointer Move (Standard mouse)
1789742661.699569,853,325,shimul-01-block-1-trial-5-target-1,861.0,309.0,30.0,False,Pointer Move (Standard mouse)
1789742661.7073479,854,324,shimul-01-block-1-trial-5-target-1,861.0,309.0,30.0,False,Pointer Move (Standard mouse)
1789742661.715529,854,324,shimul-01-block-1-trial-5-target-1,861.0,309.0,30.0,False,Pointer Move (Standard mouse)
1789742661.72135,854,324,shimul-01-block-1-trial-5-target-1,861.0,309.0,30.0,False,Pointer Move (Standard mouse)
1789742661.829698,854,324,shimul-01-block-1-trial-5-target-1,861.0,309.0,30.0,target_selected,target_selected
1789742661.917269,852,327,shimul-01-block-1-trial-6-target-5,579.0,591.0,30.0,False,Pointer Move (Standard mouse)
1789742661.92661,851,328,shimul-01-block-1-trial-6-target-5,579.0,591.0,30.0,False,Pointer Move (Standard mouse)
1789742661.933033,847,335,shimul-01-block-1-trial-6-target-5,579.0,591.0,30.0,False,Pointer Move (Standard mouse)
1789742661.940027,841,344,shimul-01-block-1-trial-6-target-5,579.0,591.0,30.0,False,Pointer Move (Standard mouse)
1789742661.9474182,831,357,shimul-01-block-1-trial-6-target-5,579.0,591.0,30.0,False,Pointer Move (Standard mouse)
1789742661.954703,825,367,shimul-01-block-1-trial-6-target-5,579.0,591.0,30.0,False,Pointer Move (Standard mouse)
1789742661.9625778,822,372,shimul-01-block-1-trial-6-target-5,579.0,591.0,30.0,False,Pointer Move (Standard mouse)
1789742661.970473,815,386,shimul-01-block-1-trial-6-target-5,579.0,591.0,30.0,False,Pointer Move (Standard mouse)
1789742661.976547,808,398,shimul-01-block-1-trial-6-target-5,579.0,591.0,30.0,False,Pointer Move (Standard mouse)
1789742661.984295,798,411,shimul-01-block-1-trial-6-target-5,579.0,591.0,30.0,False,Pointer Move (Standard mouse)
1789742661.9917922,790,423,shimul-01-block-1-trial-6-target-5,579.0,591.0,30.0,False,Pointer Move (Standard mouse)
1789742661.999462,778,441,shimul-01-block-1-trial-6-target-5,579.0,591.0,30.0,False,Pointer Move (Standard mouse)
1789742662.007095,767,457,shimul-01-block-1-trial-6-target-5,579.0,591.0,30.0,False,Pointer Move (Standard mouse)
1789742662.022206,761,464,shimul-01-block-1-trial-6-target-5,579.0,591.0,30.0,False,Pointer Move (Standard mouse)
1789742662.0289228,748,482,shimul-01-block-1-trial-6-target-5,579.0,591.0,30.0,False,Pointer Move (Standard mouse)
1789742662.037642,736,496,shimul-01-block-1-trial-6-target-5,579.0,591.0,30.0,False,Pointer Move (Standard mouse)
1789742662.044373,728,505,shimul-01-block-1-trial-6-target-5,579.0,591.0,30.0,False,Pointer Move (Standard mouse)
1789742662.051562,718,518,shimul-01-block-1-trial-6-target-5,579.0,591.0,30.0,False,Pointer Move (Standard mouse)
1789742662.059337,710,528,shimul-01-block-1-trial-6-target-5,579.0,591.0,30.0,False,Pointer Move (Standard mouse)
1789742662.0670211,702,535,shimul-01-block-1-trial-6-target-5,579.0,591.0,30.0,False,Pointer Move (Standard mouse)
1789742662.075665,698,541,shimul-01-block-1-trial-6-target-5,579.0,591.0,30.0,False,Pointer Move (Standard mouse)
1789742662.0823839,692,547,shimul-01-block-1-trial-6-target-5,579.0,591.0,30.0,False,Pointer Move (Standard mouse)
1789742662.088928,689,550,shimul-01-block-1-trial-6-target-5,579.0,591.0,30.0,False,Pointer Move (Standard mouse)
1789742662.0972888,688,550,shimul-01-block-1-trial-6-target-5,579.0,591.0,30.0,False,Pointer Move (Standard mouse)
1789742662.104154,684,554,shimul-01-block-1-trial-6-target-5,579.0,591.0,30.0,False,Pointer Move (Standard mouse)
1789742662.111912,681,558,shimul-01-block-1-trial-6-target-5,579.0,591.0,30.0,False,Pointer Move (Standard mouse)
1789742662.118976,677,562,shimul-01-block-1-trial-6-target-5,579.0,591.0,30.0,False,Pointer Move (Standard mouse)
1789742662.127025,675,565,shimul-01-block-1-trial-6-target-5,579.0,591.0,30.0,False,Pointer Move (Standard mouse)
1789742662.133971,673,566,shimul-01-block-1-trial-6-target-5,579.0,591.0,30.0,False,Pointer Move (Standard mouse)
1789742662.1420171,672,567,shimul-01-block-1-trial-6-target-5,579.0,591.0,30.0,False,Pointer Move (Standard mouse)
1789742662.149719,672,567,shimul-01-block-1-trial-6-target-5,579.0,591.0,30.0,False,Pointer Move (Standard mouse)
1789742662.156608,670,568,shimul-01-block-1-trial-6-target-5,579.0,591.0,30.0,False,Pointer Move (Standard mouse)
1789742662.164823,670,569,shimul-01-block-1-trial-6-target-5,579.0,591.0,30.0,False,Pointer Move (Standard mouse)
1789742662.171114,669,569,shimul-01-block-1-trial-6-target-5,579.0,591.0,30.0,False,Pointer Move (Standard mouse)
1789742662.1790562,669,570,shimul-01-block-1-trial-6-target-5,579.0,591.0,30.0,False,Pointer Move (Standard mouse)
1789742662.1868742,668,570,shimul-01-block-1-trial-6-target-5,579.0,591.0,30.0,False,Pointer Move (Standard mouse)
1789742662.194206,668,571,shimul-01-block-1-trial-6-target-5,579.0,591.0,30.0,False,Pointer Move (Standard mouse)
1789742662.201544,667,571,shimul-01-block-1-trial-6-target-5,579.0,591.0,30.0,False,Pointer Move (Standard mouse)
1789742662.209641,664,573,shimul-01-block-1-trial-6-target-5,579.0,591.0,30.0,False,Pointer Move (Standard mouse)
1789742662.2166982,663,573,shimul-01-block-1-trial-6-target-5,579.0,591.0,30.0,False,Pointer Move (Standard mouse)
1789742662.225133,658,576,shimul-01-block-1-trial-6-target-5,579.0,591.0,30.0,False,Pointer Move (Standard mouse)
1789742662.2322612,652,581,shimul-01-block-1-trial-6-target-5,579.0,591.0,30.0,False,Pointer Move (Standard mouse)
1789742662.2404191,649,583,shimul-01-block-1-trial-6-target-5,579.0,591.0,30.0,False,Pointer Move (Standard mouse)
1789742662.2474911,645,584,shimul-01-block-1-trial-6-target-5,579.0,591.0,30.0,False,Pointer Move (Standard mouse)
1789742662.254666,636,589,shimul-01-block-1-trial-6-target-5,579.0,591.0,30.0,False,Pointer Move (Standard mouse)
1789742662.2620192,635,590,shimul-01-block-1-trial-6-target-5,579.0,591.0,30.0,False,Pointer Move (Standard mouse)
1789742662.269224,632,592,shimul-01-block-1-trial-6-target-5,579.0,591.0,30.0,False,Pointer Move (Standard mouse)
1789742662.2764668,626,594,shimul-01-block-1-trial-6-target-5,579.0,591.0,30.0,False,Pointer Move (Standard mouse)
1789742662.2841442,625,594,shimul-01-block-1-trial-6-target-5,579.0,591.0,30.0,False,Pointer Move (Standard mouse)
1789742662.292584,623,594,shimul-01-block-1-trial-6-target-5,579.0,591.0,30.0,False,Pointer Move (Standard mouse)
1789742662.299094,622,595,shimul-01-block-1-trial-6-target-5,579.0,591.0,30.0,False,Pointer Move (Standard mouse)
1789742662.307534,618,596,shimul-01-block-1-trial-6-target-5,579.0,591.0,30.0,False,Pointer Move (Standard mouse)
1789742662.313856,618,596,shimul-01-block-1-trial-6-target-5,579.0,591.0,30.0,False,Pointer Move (Standard mouse)
1789742662.322952,617,596,shimul-01-block-1-trial-6-target-5,579.0,591.0,30.0,False,Pointer Move (Standard mouse)
1789742662.329133,615,596,shimul-01-block-1-trial-6-target-5,579.0,591.0,30.0,False,Pointer Move (Standard mouse)
1789742662.33686,615,597,shimul-01-block-1-trial-6-target-5,579.0,591.0,30.0,False,Pointer Move (Standard mouse)
1789742662.344509,613,598,shimul-01-block-1-trial-6-target-5,579.0,591.0,30.0,False,Pointer Move (Standard mouse)
1789742662.353258,610,598,shimul-01-block-1-trial-6-target-5,579.0,591.0,30.0,False,Pointer Move (Standard mouse)
1789742662.3591092,608,599,shimul-01-block-1-trial-6-target-5,579.0,591.0,30.0,False,Pointer Move (Standard mouse)
1789742662.3670459,607,600,shimul-01-block-1-trial-6-target-5,579.0,591.0,30.0,False,Pointer Move (Standard mouse)
1789742662.374358,606,600,shimul-01-block-1-trial-6-target-5,579.0,591.0,30.0,False,Pointer Move (Standard mouse)
1789742662.381906,606,600,shimul-01-block-1-trial-6-target-5,579.0,591.0,30.0,False,Pointer Move (Standard mouse)
1789742662.3894222,606,600,shimul-01-block-1-trial-6-target-5,579.0,591.0,30.0,False,Pointer Move (Standard mouse)
1789742662.3968709,605,600,shimul-01-block-1-trial-6-target-5,579.0,591.0,30.0,False,Pointer Move (Standard mouse)
1789742662.420747,605,601,shimul-01-block-1-trial-6-target-5,579.0,591.0,30.0,False,Pointer Move (Standard mouse)
1789742662.426806,605,601,shimul-01-block-1-trial-6-target-5,579.0,591.0,30.0,False,Pointer Move (Standard mouse)
1789742662.4338508,604,601,shimul-01-block-1-trial-6-target-5,579.0,591.0,30.0,False,Pointer Move (Standard mouse)
1789742662.442162,603,601,shimul-01-block-1-trial-6-target-5,579.0,591.0,30.0,False,Pointer Move (Standard mouse)
1789742662.449547,603,602,shimul-01-block-1-trial-6-target-5,579.0,591.0,30.0,False,Pointer Move (Standard mouse)
1789742662.457145,603,602,shimul-01-block-1-trial-6-target-5,579.0,591.0,30.0,False,Pointer Move (Standard mouse)
1789742662.46403,602,602,shimul-01-block-1-trial-6-target-5,579.0,591.0,30.0,False,Pointer Move (Standard mouse)
1789742662.4717922,602,602,shimul-01-block-1-trial-6-target-5,579.0,591.0,30.0,False,Pointer Move (Standard mouse)
1789742662.480041,602,602,shimul-01-block-1-trial-6-target-5,579.0,591.0,30.0,False,Pointer Move (Standard mouse)
1789742662.586698,602,602,shimul-01-block-1-trial-6-target-5,579.0,591.0,30.0,target_selected,target_selected
1789742662.6902678,602,602,shimul-01-block-1-trial-7-target-1,861.0,309.0,30.0,False,Pointer Move (Standard mouse)
1789742662.697637,602,601,shimul-01-block-1-trial-7-target-1,861.0,309.0,30.0,False,Pointer Move (Standard mouse)
1789742662.704829,605,597,shimul-01-block-1-trial-7-target-1,861.0,309.0,30.0,False,Pointer Move (Standard mouse)
1789742662.711676,609,593,shimul-01-block-1-trial-7-target-1,861.0,309.0,30.0,False,Pointer Move (Standard mouse)
1789742662.719658,613,589,shimul-01-block-1-trial-7-target-1,861.0,309.0,30.0,False,Pointer Move (Standard mouse)
1789742662.7279732,618,584,shimul-01-block-1-trial-7-target-1,861.0,309.0,30.0,False,Pointer Move (Standard mouse)
1789742662.7348852,627,572,shimul-01-block-1-trial-7-target-1,861.0,309.0,30.0,False,Pointer Move (Standard mouse)
1789742662.742187,642,556,shimul-01-block-1-trial-7-target-1,861.0,309.0,30.0,False,Pointer Move (Standard mouse)
1789742662.749536,654,543,shimul-01-block-1-trial-7-target-1,861.0,309.0,30.0,False,Pointer Move (Standard mouse)
1789742662.756783,674,523,shimul-01-block-1-trial-7-target-1,861.0,309.0,30.0,False,Pointer Move (Standard mouse)
1789742662.763558,689,510,shimul-01-block-1-trial-7-target-1,861.0,309.0,30.0,False,Pointer Move (Standard mouse)
1789742662.772398,716,483,shimul-01-block-1-trial-7-target-1,861.0,309.0,30.0,False,Pointer Move (Standard mouse)
1789742662.779636,730,469,shimul-01-block-1-trial-7-target-1,861.0,309.0,30.0,False,Pointer Move (Standard mouse)
1789742662.787252,754,449,shimul-01-block-1-trial-7-target-1,861.0,309.0,30.0,False,Pointer Move (Standard mouse)
1789742662.795158,774,431,shimul-01-block-1-trial-7-target-1,861.0,309.0,30.0,False,Pointer Move (Standard mouse)
1789742662.8021388,781,425,shimul-01-block-1-trial-7-target-1,861.0,309.0,30.0,False,Pointer Move (Standard mouse)
1789742662.809126,801,408,shimul-01-block-1-trial-7-target-1,861.0,309.0,30.0,False,Pointer Move (Standard mouse)
1789742662.816566,814,395,shimul-01-block-1-trial-7-target-1,861.0,309.0,30.0,False,Pointer Move (Standard mouse)
1789742662.8239229,820,389,shimul-01-block-1-trial-7-target-1,861.0,309.0,30.0,False,Pointer Move (Standard mouse)
1789742662.832277,833,376,shimul-01-block-1-trial-7-target-1,861.0,309.0,30.0,False,Pointer Move (Standard mouse)
1789742662.8403,836,371,shimul-01-block-1-trial-7-target-1,861.0,309.0,30.0,False,Pointer Move (Standard mouse)
1789742662.8472629,846,360,shimul-01-block-1-trial-7-target-1,861.0,309.0,30.0,False,Pointer Move (Standard mouse)
1789742662.855956,847,360,shimul-01-block-1-trial-7-target-1,861.0,309.0,30.0,False,Pointer Move (Standard mouse)
1789742662.8627148,850,355,shimul-01-block-1-trial-7-target-1,861.0,309.0,30.0,False,Pointer Move (Standard mouse)
1789742662.869983,853,351,shimul-01-block-1-trial-7-target-1,861.0,309.0,30.0,False,Pointer Move (Standard mouse)
1789742662.877208,854,347,shimul-01-block-1-trial-7-target-1,861.0,309.0,30.0,False,Pointer Move (Standard mouse)
1789742662.884094,855,347,shimul-01-block-1-trial-7-target-1,861.0,309.0,30.0,False,Pointer Move (Standard mouse)
1789742662.891733,855,346,shimul-01-block-1-trial-7-target-1,861.0,309.0,30.0,False,Pointer Move (Standard mouse)
1789742662.89845,857,342,shimul-01-block-1-trial-7-target-1,861.0,309.0,30.0,False,Pointer Move (Standard mouse)
1789742662.906625,858,341,shimul-01-block-1-trial-7-target-1,861.0,309.0,30.0,False,Pointer Move (Standard mouse)
1789742662.914565,858,340,shimul-01-block-1-trial-7-target-1,861.0,309.0,30.0,False,Pointer Move (Standard mouse)
1789742662.922642,859,338,shimul-01-block-1-trial-7-target-1,861.0,309.0,30.0,False,Pointer Move (Standard mouse)
1789742662.928836,861,337,shimul-01-block-1-trial-7-target-1,861.0,309.0,30.0,False,Pointer Move (Standard mouse)
1789742662.93655,861,337,shimul-01-block-1-trial-7-target-1,861.0,309.0,30.0,False,Pointer Move (Standard mouse)
1789742662.944628,861,336,shimul-01-block-1-trial-7-target-1,861.0,309.0,30.0,False,Pointer Move (Standard mouse)
1789742662.951796,862,336,shimul-01-block-1-trial-7-target-1,861.0,309.0,30.0,False,Pointer Move (Standard mouse)
1789742662.95915,862,335,shimul-01-block-1-trial-7-target-1,861.0,309.0,30.0,False,Pointer Move (Standard mouse)
1789742662.9665549,862,335,shimul-01-block-1-trial-7-target-1,861.0,309.0,30.0,False,Pointer Move (Standard mouse)
1789742663.1423502,862,335,shimul-01-block-1-trial-7-target-1,861.0,309.0,30.0,target_selected,target_selected
1789742663.232977,862,335,shimul-01-block-1-trial-8-target-5,579.0,591.0,30.0,False,Pointer Move (Standard mouse)
1789742663.2377431,862,336,shimul-01-block-1-trial-8-target-5,579.0,591.0,30.0,False,Pointer Move (Standard mouse)
1789742663.245287,852,348,shimul-01-block-1-trial-8-target-5,579.0,591.0,30.0,False,Pointer Move (Standard mouse)
1789742663.2690718,833,374,shimul-01-block-1-trial-8-target-5,579.0,591.0,30.0,False,Pointer Move (Standard mouse)
1789742663.2751338,828,380,shimul-01-block-1-trial-8-target-5,579.0,591.0,30.0,False,Pointer Move (Standard mouse)
1789742663.281268,822,387,shimul-01-block-1-trial-8-target-5,579.0,591.0,30.0,False,Pointer Move (Standard mouse)
1789742663.289897,812,400,shimul-01-block-1-trial-8-target-5,579.0,591.0,30.0,False,Pointer Move (Standard mouse)
1789742663.296511,807,409,shimul-01-block-1-trial-8-target-5,579.0,591.0,30.0,False,Pointer Move (Standard mouse)
1789742663.304867,797,422,shimul-01-block-1-trial-8-target-5,579.0,591.0,30.0,False,Pointer Move (Standard mouse)
1789742663.3133,793,427,shimul-01-block-1-trial-8-target-5,579.0,591.0,30.0,False,Pointer Move (Standard mouse)
1789742663.3197381,782,445,shimul-01-block-1-trial-8-target-5,579.0,591.0,30.0,False,Pointer Move (Standard mouse)
1789742663.327703,779,449,shimul-01-block-1-trial-8-target-5,579.0,591.0,30.0,False,Pointer Move (Standard mouse)
1789742663.334489,768,464,shimul-01-block-1-trial-8-target-5,579.0,591.0,30.0,False,Pointer Move (Standard mouse)
1789742663.341708,759,476,shimul-01-block-1-trial-8-target-5,579.0,591.0,30.0,False,Pointer Move (Standard mouse)
1789742663.349246,750,485,shimul-01-block-1-trial-8-target-5,579.0,591.0,30.0,False,Pointer Move (Standard mouse)
1789742663.357183,740,498,shimul-01-block-1-trial-8-target-5,579.0,591.0,30.0,False,Pointer Move (Standard mouse)
1789742663.364877,728,511,shimul-01-block-1-trial-8-target-5,579.0,591.0,30.0,False,Pointer Move (Standard mouse)
1789742663.372082,720,522,shimul-01-block-1-trial-8-target-5,579.0,591.0,30.0,False,Pointer Move (Standard mouse)
1789742663.379046,712,530,shimul-01-block-1-trial-8-target-5,579.0,591.0,30.0,False,Pointer Move (Standard mouse)
1789742663.3867,709,534,shimul-01-block-1-trial-8-target-5,579.0,591.0,30.0,False,Pointer Move (Standard mouse)
1789742663.3950121,698,545,shimul-01-block-1-trial-8-target-5,579.0,591.0,30.0,False,Pointer Move (Standard mouse)
1789742663.402059,689,553,shimul-01-block-1-trial-8-target-5,579.0,591.0,30.0,False,Pointer Move (Standard mouse)
1789742663.409823,681,560,shimul-01-block-1-trial-8-target-5,579.0,591.0,30.0,False,Pointer Move (Standard mouse)
1789742663.416994,680,561,shimul-01-block-1-trial-8-target-5,579.0,591.0,30.0,False,Pointer Move (Standard mouse)
1789742663.424746,671,566,shimul-01-block-1-trial-8-target-5,579.0,591.0,30.0,False,Pointer Move (Standard mouse)
1789742663.433268,667,569,shimul-01-block-1-trial-8-target-5,579.0,591.0,30.0,False,Pointer Move (Standard mouse)
1789742663.4400551,666,569,shimul-01-block-1-trial-8-target-5,579.0,591.0,30.0,False,Pointer Move (Standard mouse)
1789742663.4605818,665,570,shimul-01-block-1-trial-8-target-5,579.0,591.0,30.0,False,Pointer Move (Standard mouse)
1789742663.4623842,665,571,shimul-01-block-1-trial-8-target-5,579.0,591.0,30.0,False,Pointer Move (Standard mouse)
1789742663.469847,664,571,shimul-01-block-1-trial-8-target-5,579.0,591.0,30.0,False,Pointer Move (Standard mouse)
1789742663.476769,664,571,shimul-01-block-1-trial-8-target-5,579.0,591.0,30.0,False,Pointer Move (Standard mouse)
1789742663.48351,662,572,shimul-01-block-1-trial-8-target-5,579.0,591.0,30.0,False,Pointer Move (Standard mouse)
1789742663.493237,662,572,shimul-01-block-1-trial-8-target-5,579.0,591.0,30.0,False,Pointer Move (Standard mouse)
1789742663.499628,661,573,shimul-01-block-1-trial-8-target-5,579.0,591.0,30.0,False,Pointer Move (Standard mouse)
1789742663.5058901,658,573,shimul-01-block-1-trial-8-target-5,579.0,591.0,30.0,False,Pointer Move (Standard mouse)
1789742663.513685,654,574,shimul-01-block-1-trial-8-target-5,579.0,591.0,30.0,False,Pointer Move (Standard mouse)
1789742663.5223832,649,576,shimul-01-block-1-trial-8-target-5,579.0,591.0,30.0,False,Pointer Move (Standard mouse)
1789742663.529972,649,577,shimul-01-block-1-trial-8-target-5,579.0,591.0,30.0,False,Pointer Move (Standard mouse)
1789742663.537326,644,578,shimul-01-block-1-trial-8-target-5,579.0,591.0,30.0,False,Pointer Move (Standard mouse)
1789742663.5453062,639,578,shimul-01-block-1-trial-8-target-5,579.0,591.0,30.0,False,Pointer Move (Standard mouse)
1789742663.552046,632,580,shimul-01-block-1-trial-8-target-5,579.0,591.0,30.0,False,Pointer Move (Standard mouse)
1789742663.559938,628,580,shimul-01-block-1-trial-8-target-5,579.0,591.0,30.0,False,Pointer Move (Standard mouse)
1789742663.566605,623,581,shimul-01-block-1-trial-8-target-5,579.0,591.0,30.0,False,Pointer Move (Standard mouse)
1789742663.5737731,616,582,shimul-01-block-1-trial-8-target-5,579.0,591.0,30.0,False,Pointer Move (Standard mouse)
1789742663.597632,611,582,shimul-01-block-1-trial-8-target-5,579.0,591.0,30.0,False,Pointer Move (Standard mouse)
1789742663.6042361,610,582,shimul-01-block-1-trial-8-target-5,579.0,591.0,30.0,False,Pointer Move (Standard mouse)
1789742663.612044,603,581,shimul-01-block-1-trial-8-target-5,579.0,591.0,30.0,False,Pointer Move (Standard mouse)
1789742663.6196768,603,581,shimul-01-block-1-trial-8-target-5,579.0,591.0,30.0,False,Pointer Move (Standard mouse)
1789742663.626932,602,581,shimul-01-block-1-trial-8-target-5,579.0,591.0,30.0,False,Pointer Move (Standard mouse)
1789742663.634507,601,582,shimul-01-block-1-trial-8-target-5,579.0,591.0,30.0,False,Pointer Move (Standard mouse)
1789742663.6417332,599,582,shimul-01-block-1-trial-8-target-5,579.0,591.0,30.0,False,Pointer Move (Standard mouse)
1789742663.649098,596,583,shimul-01-block-1-trial-8-target-5,579.0,591.0,30.0,False,Pointer Move (Standard mouse)
1789742663.656615,591,585,shimul-01-block-1-trial-8-target-5,579.0,591.0,30.0,False,Pointer Move (Standard mouse)
1789742663.664526,586,587,shimul-01-block-1-trial-8-target-5,579.0,591.0,30.0,False,Pointer Move (Standard mouse)
1789742663.671617,579,588,shimul-01-block-1-trial-8-target-5,579.0,591.0,30.0,False,Pointer Move (Standard mouse)
1789742663.679168,574,589,shimul-01-block-1-trial-8-target-5,579.0,591.0,30.0,False,Pointer Move (Standard mouse)
1789742663.6879292,572,590,shimul-01-block-1-trial-8-target-5,579.0,591.0,30.0,False,Pointer Move (Standard mouse)
1789742663.694109,567,591,shimul-01-block-1-trial-8-target-5,579.0,591.0,30.0,False,Pointer Move (Standard mouse)
1789742663.701725,564,591,shimul-01-block-1-trial-8-target-5,579.0,591.0,30.0,False,Pointer Move (Standard mouse)
1789742663.7096179,560,591,shimul-01-block-1-trial-8-target-5,579.0,591.0,30.0,False,Pointer Move (Standard mouse)
1789742663.716392,560,591,shimul-01-block-1-trial-8-target-5,579.0,591.0,30.0,False,Pointer Move (Standard mouse)
1789742663.8318741,560,591,shimul-01-block-1-trial-8-target-5,579.0,591.0,30.0,target_selected,target_selected
1789742663.91297,560,590,shimul-01-block-1-trial-9-target-1,861.0,309.0,30.0,False,Pointer Move (Standard mouse)
1789742663.920331,560,590,shimul-01-block-1-trial-9-target-1,861.0,309.0,30.0,False,Pointer Move (Standard mouse)
1789742663.9273999,561,589,shimul-01-block-1-trial-9-target-1,861.0,309.0,30.0,False,Pointer Move (Standard mouse)
1789742663.9349918,563,588,shimul-01-block-1-trial-9-target-1,861.0,309.0,30.0,False,Pointer Move (Standard mouse)
1789742663.943166,567,584,shimul-01-block-1-trial-9-target-1,861.0,309.0,30.0,False,Pointer Move (Standard mouse)
1789742663.9494138,569,582,shimul-01-block-1-trial-9-target-1,861.0,309.0,30.0,False,Pointer Move (Standard mouse)
1789742663.956555,573,579,shimul-01-block-1-trial-9-target-1,861.0,309.0,30.0,False,Pointer Move (Standard mouse)
1789742663.9643729,575,578,shimul-01-block-1-trial-9-target-1,861.0,309.0,30.0,False,Pointer Move (Standard mouse)
1789742663.972367,577,575,shimul-01-block-1-trial-9-target-1,861.0,309.0,30.0,False,Pointer Move (Standard mouse)
1789742663.979519,581,572,shimul-01-block-1-trial-9-target-1,861.0,309.0,30.0,False,Pointer Move (Standard mouse)
1789742663.986912,582,572,shimul-01-block-1-trial-9-target-1,861.0,309.0,30.0,False,Pointer Move (Standard mouse)
1789742663.9946969,588,567,shimul-01-block-1-trial-9-target-1,861.0,309.0,30.0,False,Pointer Move (Standard mouse)
1789742664.0016232,595,561,shimul-01-block-1-trial-9-target-1,861.0,309.0,30.0,False,Pointer Move (Standard mouse)
1789742664.010219,597,560,shimul-01-block-1-trial-9-target-1,861.0,309.0,30.0,False,Pointer Move (Standard mouse)
1789742664.016483,611,548,shimul-01-block-1-trial-9-target-1,861.0,309.0,30.0,False,Pointer Move (Standard mouse)
1789742664.024527,626,537,shimul-01-block-1-trial-9-target-1,861.0,309.0,30.0,False,Pointer Move (Standard mouse)
1789742664.031795,641,522,shimul-01-block-1-trial-9-target-1,861.0,309.0,30.0,False,Pointer Move (Standard mouse)
1789742664.038955,659,507,shimul-01-block-1-trial-9-target-1,861.0,309.0,30.0,False,Pointer Move (Standard mouse)
1789742664.04728,680,488,shimul-01-block-1-trial-9-target-1,861.0,309.0,30.0,False,Pointer Move (Standard mouse)
1789742664.053843,700,470,shimul-01-block-1-trial-9-target-1,861.0,309.0,30.0,False,Pointer Move (Standard mouse)
1789742664.061837,722,450,shimul-01-block-1-trial-9-target-1,861.0,309.0,30.0,False,Pointer Move (Standard mouse)
1789742664.070252,738,435,shimul-01-block-1-trial-9-target-1,861.0,309.0,30.0,False,Pointer Move (Standard mouse)
1789742664.077295,755,417,shimul-01-block-1-trial-9-target-1,861.0,309.0,30.0,False,Pointer Move (Standard mouse)
1789742664.08416,782,391,shimul-01-block-1-trial-9-target-1,861.0,309.0,30.0,False,Pointer Move (Standard mouse)
1789742664.0925472,797,376,shimul-01-block-1-trial-9-target-1,861.0,309.0,30.0,False,Pointer Move (Standard mouse)
1789742664.099286,809,363,shimul-01-block-1-trial-9-target-1,861.0,309.0,30.0,False,Pointer Move (Standard mouse)
1789742664.123708,827,346,shimul-01-block-1-trial-9-target-1,861.0,309.0,30.0,False,Pointer Move (Standard mouse)
1789742664.1301591,833,339,shimul-01-block-1-trial-9-target-1,861.0,309.0,30.0,False,Pointer Move (Standard mouse)
1789742664.1384058,852,312,shimul-01-block-1-trial-9-target-1,861.0,309.0,30.0,False,Pointer Move (Standard mouse)
1789742664.145107,856,307,shimul-01-block-1-trial-9-target-1,861.0,309.0,30.0,False,Pointer Move (Standard mouse)
1789742664.152085,858,303,shimul-01-block-1-trial-9-target-1,861.0,309.0,30.0,False,Pointer Move (Standard mouse)
1789742664.1597,859,302,shimul-01-block-1-trial-9-target-1,861.0,309.0,30.0,False,Pointer Move (Standard mouse)
1789742664.169028,860,300,shimul-01-block-1-trial-9-target-1,861.0,309.0,30.0,False,Pointer Move (Standard mouse)
1789742664.174247,861,300,shimul-01-block-1-trial-9-target-1,861.0,309.0,30.0,False,Pointer Move (Standard mouse)
1789742664.18203,861,300,shimul-01-block-1-trial-9-target-1,861.0,309.0,30.0,False,Pointer Move (Standard mouse)
1789742664.18969,861,299,shimul-01-block-1-trial-9-target-1,861.0,309.0,30.0,False,Pointer Move (Standard mouse)
1789742664.197579,861,299,shimul-01-block-1-trial-9-target-1,861.0,309.0,30.0,False,Pointer Move (Standard mouse)
1789742664.204237,861,299,shimul-01-block-1-trial-9-target-1,861.0,309.0,30.0,False,Pointer Move (Standard mouse)
1789742664.211572,862,298,shimul-01-block-1-trial-9-target-1,861.0,309.0,30.0,False,Pointer Move (Standard mouse)
1789742664.2186098,862,298,shimul-01-block-1-trial-9-target-1,861.0,309.0,30.0,False,Pointer Move (Standard mouse)
1789742664.226409,862,297,shimul-01-block-1-trial-9-target-1,861.0,309.0,30.0,False,Pointer Move (Standard mouse)
1789742664.2423701,863,297,shimul-01-block-1-trial-9-target-1,861.0,309.0,30.0,False,Pointer Move (Standard mouse)
1789742664.2491531,863,297,shimul-01-block-1-trial-9-target-1,861.0,309.0,30.0,False,Pointer Move (Standard mouse)
1789742664.2569852,863,296,shimul-01-block-1-trial-9-target-1,861.0,309.0,30.0,False,Pointer Move (Standard mouse)
1789742664.265684,864,296,shimul-01-block-1-trial-9-target-1,861.0,309.0,30.0,False,Pointer Move (Standard mouse)
1789742664.272204,864,296,shimul-01-block-1-trial-9-target-1,861.0,309.0,30.0,False,Pointer Move (Standard mouse)
1789742664.2794619,864,295,shimul-01-block-1-trial-9-target-1,861.0,309.0,30.0,False,Pointer Move (Standard mouse)
1789742664.2864718,864,295,shimul-01-block-1-trial-9-target-1,861.0,309.0,30.0,False,Pointer Move (Standard mouse)
1789742664.294389,865,295,shimul-01-block-1-trial-9-target-1,861.0,309.0,30.0,False,Pointer Move (Standard mouse)
1789742664.310368,865,295,shimul-01-block-1-trial-9-target-1,861.0,309.0,30.0,False,Pointer Move (Standard mouse)
1789742664.325381,865,294,shimul-01-block-1-trial-9-target-1,861.0,309.0,30.0,False,Pointer Move (Standard mouse)
1789742664.4314399,865,294,shimul-01-block-1-trial-9-target-1,861.0,309.0,30.0,target_selected,target_selected
1789742664.528182,865,295,shimul-01-block-1-trial-10-target-5,579.0,591.0,30.0,False,Pointer Move (Standard mouse)
1789742664.5350862,865,295,shimul-01-block-1-trial-10-target-5,579.0,591.0,30.0,False,Pointer Move (Standard mouse)
1789742664.542284,863,297,shimul-01-block-1-trial-10-target-5,579.0,591.0,30.0,False,Pointer Move (Standard mouse)
1789742664.5503008,862,299,shimul-01-block-1-trial-10-target-5,579.0,591.0,30.0,False,Pointer Move (Standard mouse)
1789742664.557524,857,305,shimul-01-block-1-trial-10-target-5,579.0,591.0,30.0,False,Pointer Move (Standard mouse)
1789742664.564801,854,310,shimul-01-block-1-trial-10-target-5,579.0,591.0,30.0,False,Pointer Move (Standard mouse)
1789742664.57273,853,310,shimul-01-block-1-trial-10-target-5,579.0,591.0,30.0,False,Pointer Move (Standard mouse)
1789742664.5803032,848,318,shimul-01-block-1-trial-10-target-5,579.0,591.0,30.0,False,Pointer Move (Standard mouse)
1789742664.5873878,843,325,shimul-01-block-1-trial-10-target-5,579.0,591.0,30.0,False,Pointer Move (Standard mouse)
1789742664.594953,835,338,shimul-01-block-1-trial-10-target-5,579.0,591.0,30.0,False,Pointer Move (Standard mouse)
1789742664.601533,828,350,shimul-01-block-1-trial-10-target-5,579.0,591.0,30.0,False,Pointer Move (Standard mouse)
1789742664.6092732,825,355,shimul-01-block-1-trial-10-target-5,579.0,591.0,30.0,False,Pointer Move (Standard mouse)
1789742664.6171572,817,366,shimul-01-block-1-trial-10-target-5,579.0,591.0,30.0,False,Pointer Move (Standard mouse)
1789742664.624602,810,377,shimul-01-block-1-trial-10-target-5,579.0,591.0,30.0,False,Pointer Move (Standard mouse)
1789742664.6486871,802,389,shimul-01-block-1-trial-10-target-5,579.0,591.0,30.0,False,Pointer Move (Standard mouse)
1789742664.654075,789,402,shimul-01-block-1-trial-10-target-5,579.0,591.0,30.0,False,Pointer Move (Standard mouse)
1789742664.662233,754,441,shimul-01-block-1-trial-10-target-5,579.0,591.0,30.0,False,Pointer Move (Standard mouse)
1789742664.669406,748,447,shimul-01-block-1-trial-10-target-5,579.0,591.0,30.0,False,Pointer Move (Standard mouse)
1789742664.6770968,741,453,shimul-01-block-1-trial-10-target-5,579.0,591.0,30.0,False,Pointer Move (Standard mouse)
1789742664.684265,737,457,shimul-01-block-1-trial-10-target-5,579.0,591.0,30.0,False,Pointer Move (Standard mouse)
1789742664.692078,730,463,shimul-01-block-1-trial-10-target-5,579.0,591.0,30.0,False,Pointer Move (Standard mouse)
1789742664.699158,724,470,shimul-01-block-1-trial-10-target-5,579.0,591.0,30.0,False,Pointer Move (Standard mouse)
1789742664.707454,718,478,shimul-01-block-1-trial-10-target-5,579.0,591.0,30.0,False,Pointer Move (Standard mouse)
1789742664.715059,714,484,shimul-01-block-1-trial-10-target-5,579.0,591.0,30.0,False,Pointer Move (Standard mouse)
1789742664.722373,708,490,shimul-01-block-1-trial-10-target-5,579.0,591.0,30.0,False,Pointer Move (Standard mouse)
1789742664.730264,706,493,shimul-01-block-1-trial-10-target-5,579.0,591.0,30.0,False,Pointer Move (Standard mouse)
1789742664.7371142,702,496,shimul-01-block-1-trial-10-target-5,579.0,591.0,30.0,False,Pointer Move (Standard mouse)
1789742664.745046,699,500,shimul-01-block-1-trial-10-target-5,579.0,591.0,30.0,False,Pointer Move (Standard mouse)
1789742664.751898,698,502,shimul-01-block-1-trial-10-target-5,579.0,591.0,30.0,False,Pointer Move (Standard mouse)
1789742664.759773,695,504,shimul-01-block-1-trial-10-target-5,579.0,591.0,30.0,False,Pointer Move (Standard mouse)
1789742664.766855,694,506,shimul-01-block-1-trial-10-target-5,579.0,591.0,30.0,False,Pointer Move (Standard mouse)
1789742664.775212,690,509,shimul-01-block-1-trial-10-target-5,579.0,591.0,30.0,False,Pointer Move (Standard mouse)
1789742664.781846,687,513,shimul-01-block-1-trial-10-target-5,579.0,591.0,30.0,False,Pointer Move (Standard mouse)
1789742664.789639,685,515,shimul-01-block-1-trial-10-target-5,579.0,591.0,30.0,False,Pointer Move (Standard mouse)
1789742664.796673,684,516,shimul-01-block-1-trial-10-target-5,579.0,591.0,30.0,False,Pointer Move (Standard mouse)
1789742664.804029,681,518,shimul-01-block-1-trial-10-target-5,579.0,591.0,30.0,False,Pointer Move (Standard mouse)
1789742664.811831,681,519,shimul-01-block-1-trial-10-target-5,579.0,591.0,30.0,False,Pointer Move (Standard mouse)
1789742664.818978,680,520,shimul-01-block-1-trial-10-target-5,579.0,591.0,30.0,False,Pointer Move (Standard mouse)
1789742664.827105,680,520,shimul-01-block-1-trial-10-target-5,579.0,591.0,30.0,False,Pointer Move (Standard mouse)
1789742664.833992,679,521,shimul-01-block-1-trial-10-target-5,579.0,591.0,30.0,False,Pointer Move (Standard mouse)
1789742664.8427432,678,522,shimul-01-block-1-trial-10-target-5,579.0,591.0,30.0,False,Pointer Move (Standard mouse)
1789742664.850257,676,523,shimul-01-block-1-trial-10-target-5,579.0,591.0,30.0,False,Pointer Move (Standard mouse)
1789742664.857034,676,524,shimul-01-block-1-trial-10-target-5,579.0,591.0,30.0,False,Pointer Move (Standard mouse)
1789742664.864117,672,526,shimul-01-block-1-trial-10-target-5,579.0,591.0,30.0,False,Pointer Move (Standard mouse)
1789742664.871393,668,530,shimul-01-block-1-trial-10-target-5,579.0,591.0,30.0,False,Pointer Move (Standard mouse)
1789742664.879012,664,533,shimul-01-block-1-trial-10-target-5,579.0,591.0,30.0,False,Pointer Move (Standard mouse)
1789742664.886621,660,536,shimul-01-block-1-trial-10-target-5,579.0,591.0,30.0,False,Pointer Move (Standard mouse)
1789742664.894018,653,541,shimul-01-block-1-trial-10-target-5,579.0,591.0,30.0,False,Pointer Move (Standard mouse)
1789742664.902665,648,544,shimul-01-block-1-trial-10-target-5,579.0,591.0,30.0,False,Pointer Move (Standard mouse)
1789742664.9094179,643,547,shimul-01-block-1-trial-10-target-5,579.0,591.0,30.0,False,Pointer Move (Standard mouse)
1789742664.916825,637,550,shimul-01-block-1-trial-10-target-5,579.0,591.0,30.0,False,Pointer Move (Standard mouse)
1789742664.9251661,630,555,shimul-01-block-1-trial-10-target-5,579.0,591.0,30.0,False,Pointer Move (Standard mouse)
1789742664.931682,627,556,shimul-01-block-1-trial-10-target-5,579.0,591.0,30.0,False,Pointer Move (Standard mouse)
1789742664.939162,623,559,shimul-01-block-1-trial-10-target-5,579.0,591.0,30.0,False,Pointer Move (Standard mouse)
1789742664.9468448,614,563,shimul-01-block-1-trial-10-target-5,579.0,591.0,30.0,False,Pointer Move (Standard mouse)
1789742664.953932,609,566,shimul-01-block-1-trial-10-target-5,579.0,591.0,30.0,False,Pointer Move (Standard mouse)
1789742664.961844,603,571,shimul-01-block-1-trial-10-target-5,579.0,591.0,30.0,False,Pointer Move (Standard mouse)
1789742664.970113,596,576,shimul-01-block-1-trial-10-target-5,579.0,591.0,30.0,False,Pointer Move (Standard mouse)
1789742664.9770072,589,580,shimul-01-block-1-trial-10-target-5,579.0,591.0,30.0,False,Pointer Move (Standard mouse)
1789742664.984899,581,585,shimul-01-block-1-trial-10-target-5,579.0,591.0,30.0,False,Pointer Move (Standard mouse)
1789742664.9917839,577,588,shimul-01-block-1-trial-10-target-5,579.0,591.0,30.0,False,Pointer Move (Standard mouse)
1789742664.999121,576,589,shimul-01-block-1-trial-10-target-5,579.0,591.0,30.0,False,Pointer Move (Standard mouse)
1789742665.007046,575,590,shimul-01-block-1-trial-10-target-5,579.0,591.0,30.0,False,Pointer Move (Standard mouse)
1789742665.015506,575,590,shimul-01-block-1-trial-10-target-5,579.0,591.0,30.0,False,Pointer Move (Standard mouse)
1789742665.022316,574,590,shimul-01-block-1-trial-10-target-5,579.0,591.0,30.0,False,Pointer Move (Standard mouse)
1789742665.171916,574,590,shimul-01-block-1-trial-10-target-5,579.0,591.0,30.0,False,Pointer Move (Standard mouse)
1789742665.2029219,574,590,shimul-01-block-1-trial-10-target-5,579.0,591.0,30.0,target_selected,target_selected
1789742665.2463381,575,590,shimul-01-block-1-trial-11-target-1,861.0,309.0,30.0,False,Pointer Move (Standard mouse)
1789742665.271219,575,589,shimul-01-block-1-trial-11-target-1,861.0,309.0,30.0,False,Pointer Move (Standard mouse)
1789742665.2777689,576,588,shimul-01-block-1-trial-11-target-1,861.0,309.0,30.0,False,Pointer Move (Standard mouse)
1789742665.2846951,579,586,shimul-01-block-1-trial-11-target-1,861.0,309.0,30.0,False,Pointer Move (Standard mouse)
1789742665.291959,582,582,shimul-01-block-1-trial-11-target-1,861.0,309.0,30.0,False,Pointer Move (Standard mouse)
1789742665.299757,583,580,shimul-01-block-1-trial-11-target-1,861.0,309.0,30.0,False,Pointer Move (Standard mouse)
1789742665.3069959,591,569,shimul-01-block-1-trial-11-target-1,861.0,309.0,30.0,False,Pointer Move (Standard mouse)
1789742665.314215,601,558,shimul-01-block-1-trial-11-target-1,861.0,309.0,30.0,False,Pointer Move (Standard mouse)
1789742665.322454,607,549,shimul-01-block-1-trial-11-target-1,861.0,309.0,30.0,False,Pointer Move (Standard mouse)
1789742665.32994,620,534,shimul-01-block-1-trial-11-target-1,861.0,309.0,30.0,False,Pointer Move (Standard mouse)
1789742665.337146,632,523,shimul-01-block-1-trial-11-target-1,861.0,309.0,30.0,False,Pointer Move (Standard mouse)
1789742665.344953,640,514,shimul-01-block-1-trial-11-target-1,861.0,309.0,30.0,False,Pointer Move (Standard mouse)
1789742665.352082,658,494,shimul-01-block-1-trial-11-target-1,861.0,309.0,30.0,False,Pointer Move (Standard mouse)
1789742665.359402,675,477,shimul-01-block-1-trial-11-target-1,861.0,309.0,30.0,False,Pointer Move (Standard mouse)
1789742665.3663518,686,466,shimul-01-block-1-trial-11-target-1,861.0,309.0,30.0,False,Pointer Move (Standard mouse)
1789742665.374075,702,451,shimul-01-block-1-trial-11-target-1,861.0,309.0,30.0,False,Pointer Move (Standard mouse)
1789742665.381671,715,439,shimul-01-block-1-trial-11-target-1,861.0,309.0,30.0,False,Pointer Move (Standard mouse)
1789742665.3891149,719,435,shimul-01-block-1-trial-11-target-1,861.0,309.0,30.0,False,Pointer Move (Standard mouse)
1789742665.39629,730,426,shimul-01-block-1-trial-11-target-1,861.0,309.0,30.0,False,Pointer Move (Standard mouse)
1789742665.40412,738,418,shimul-01-block-1-trial-11-target-1,861.0,309.0,30.0,False,Pointer Move (Standard mouse)
1789742665.411603,749,408,shimul-01-block-1-trial-11-target-1,861.0,309.0,30.0,False,Pointer Move (Standard mouse)
1789742665.419134,755,402,shimul-01-block-1-trial-11-target-1,861.0,309.0,30.0,False,Pointer Move (Standard mouse)
1789742665.427,763,393,shimul-01-block-1-trial-11-target-1,861.0,309.0,30.0,False,Pointer Move (Standard mouse)
1789742665.433772,766,390,shimul-01-block-1-trial-11-target-1,861.0,309.0,30.0,False,Pointer Move (Standard mouse)
1789742665.4415722,772,384,shimul-01-block-1-trial-11-target-1,861.0,309.0,30.0,False,Pointer Move (Standard mouse)
1789742665.449467,780,376,shimul-01-block-1-trial-11-target-1,861.0,309.0,30.0,False,Pointer Move (Standard mouse)
1789742665.456713,787,370,shimul-01-block-1-trial-11-target-1,861.0,309.0,30.0,False,Pointer Move (Standard mouse)
1789742665.464415,795,362,shimul-01-block-1-trial-11-target-1,861.0,309.0,30.0,False,Pointer Move (Standard mouse)
1789742665.4721038,799,358,shimul-01-block-1-trial-11-target-1,861.0,309.0,30.0,False,Pointer Move (Standard mouse)
1789742665.480007,805,351,shimul-01-block-1-trial-11-target-1,861.0,309.0,30.0,False,Pointer Move (Standard mouse)
1789742665.4875572,810,345,shimul-01-block-1-trial-11-target-1,861.0,309.0,30.0,False,Pointer Move (Standard mouse)
1789742665.4945102,817,339,shimul-01-block-1-trial-11-target-1,861.0,309.0,30.0,False,Pointer Move (Standard mouse)
1789742665.5022342,822,333,shimul-01-block-1-trial-11-target-1,861.0,309.0,30.0,False,Pointer Move (Standard mouse)
1789742665.509988,825,328,shimul-01-block-1-trial-11-target-1,861.0,309.0,30.0,False,Pointer Move (Standard mouse)
1789742665.517521,829,324,shimul-01-block-1-trial-11-target-1,861.0,309.0,30.0,False,Pointer Move (Standard mouse)
1789742665.524841,832,320,shimul-01-block-1-trial-11-target-1,861.0,309.0,30.0,False,Pointer Move (Standard mouse)
1789742665.532773,833,319,shimul-01-block-1-trial-11-target-1,861.0,309.0,30.0,False,Pointer Move (Standard mouse)
1789742665.540297,834,317,shimul-01-block-1-trial-11-target-1,861.0,309.0,30.0,False,Pointer Move (Standard mouse)
1789742665.548148,836,315,shimul-01-block-1-trial-11-target-1,861.0,309.0,30.0,False,Pointer Move (Standard mouse)
1789742665.555326,837,314,shimul-01-block-1-trial-11-target-1,861.0,309.0,30.0,False,Pointer Move (Standard mouse)
1789742665.562125,837,314,shimul-01-block-1-trial-11-target-1,861.0,309.0,30.0,False,Pointer Move (Standard mouse)
1789742665.570526,837,314,shimul-01-block-1-trial-11-target-1,861.0,309.0,30.0,False,Pointer Move (Standard mouse)
1789742665.578951,837,313,shimul-01-block-1-trial-11-target-1,861.0,309.0,30.0,False,Pointer Move (Standard mouse)
1789742665.819123,838,313,shimul-01-block-1-trial-11-target-1,861.0,309.0,30.0,False,Pointer Move (Standard mouse)
1789742665.8413801,839,313,shimul-01-block-1-trial-11-target-1,861.0,309.0,30.0,False,Pointer Move (Standard mouse)
1789742665.847114,839,313,shimul-01-block-1-trial-11-target-1,861.0,309.0,30.0,False,Pointer Move (Standard mouse)
1789742665.856927,843,312,shimul-01-block-1-trial-11-target-1,861.0,309.0,30.0,False,Pointer Move (Standard mouse)
1789742665.8620129,843,312,shimul-01-block-1-trial-11-target-1,861.0,309.0,30.0,False,Pointer Move (Standard mouse)
1789742665.8692632,843,312,shimul-01-block-1-trial-11-target-1,861.0,309.0,30.0,False,Pointer Move (Standard mouse)
1789742665.876768,843,312,shimul-01-block-1-trial-11-target-1,861.0,309.0,30.0,False,Pointer Move (Standard mouse)
1789742665.8838332,843,312,shimul-01-block-1-trial-11-target-1,861.0,309.0,30.0,False,Pointer Move (Standard mouse)
1789742665.9074152,844,312,shimul-01-block-1-trial-11-target-1,861.0,309.0,30.0,False,Pointer Move (Standard mouse)
1789742665.9615412,844,312,shimul-01-block-1-trial-11-target-1,861.0,309.0,30.0,target_selected,target_selected
1789742666.066737,844,312,shimul-01-block-1-trial-12-target-5,579.0,591.0,30.0,False,Pointer Move (Standard mouse)
1789742666.072559,843,312,shimul-01-block-1-trial-12-target-5,579.0,591.0,30.0,False,Pointer Move (Standard mouse)
1789742666.0803041,842,314,shimul-01-block-1-trial-12-target-5,579.0,591.0,30.0,False,Pointer Move (Standard mouse)
1789742666.0877619,840,316,shimul-01-block-1-trial-12-target-5,579.0,591.0,30.0,False,Pointer Move (Standard mouse)
1789742666.094358,839,318,shimul-01-block-1-trial-12-target-5,579.0,591.0,30.0,False,Pointer Move (Standard mouse)
1789742666.102032,833,324,shimul-01-block-1-trial-12-target-5,579.0,591.0,30.0,False,Pointer Move (Standard mouse)
1789742666.111031,828,331,shimul-01-block-1-trial-12-target-5,579.0,591.0,30.0,False,Pointer Move (Standard mouse)
1789742666.1165912,822,339,shimul-01-block-1-trial-12-target-5,579.0,591.0,30.0,False,Pointer Move (Standard mouse)
1789742666.125155,815,346,shimul-01-block-1-trial-12-target-5,579.0,591.0,30.0,False,Pointer Move (Standard mouse)
1789742666.131656,811,352,shimul-01-block-1-trial-12-target-5,579.0,591.0,30.0,False,Pointer Move (Standard mouse)
1789742666.1394088,799,365,shimul-01-block-1-trial-12-target-5,579.0,591.0,30.0,False,Pointer Move (Standard mouse)
1789742666.14713,786,378,shimul-01-block-1-trial-12-target-5,579.0,591.0,30.0,False,Pointer Move (Standard mouse)
1789742666.154177,773,392,shimul-01-block-1-trial-12-target-5,579.0,591.0,30.0,False,Pointer Move (Standard mouse)
1789742666.161917,766,399,shimul-01-block-1-trial-12-target-5,579.0,591.0,30.0,False,Pointer Move (Standard mouse)
1789742666.1698759,744,417,shimul-01-block-1-trial-12-target-5,579.0,591.0,30.0,False,Pointer Move (Standard mouse)
1789742666.178216,736,425,shimul-01-block-1-trial-12-target-5,579.0,591.0,30.0,False,Pointer Move (Standard mouse)
1789742666.184206,715,443,shimul-01-block-1-trial-12-target-5,579.0,591.0,30.0,False,Pointer Move (Standard mouse)
1789742666.191582,706,450,shimul-01-block-1-trial-12-target-5,579.0,591.0,30.0,False,Pointer Move (Standard mouse)
1789742666.199017,693,460,shimul-01-block-1-trial-12-target-5,579.0,591.0,30.0,False,Pointer Move (Standard mouse)
1789742666.2232478,680,470,shimul-01-block-1-trial-12-target-5,579.0,591.0,30.0,False,Pointer Move (Standard mouse)
1789742666.2300348,669,478,shimul-01-block-1-trial-12-target-5,579.0,591.0,30.0,False,Pointer Move (Standard mouse)
1789742666.238237,639,502,shimul-01-block-1-trial-12-target-5,579.0,591.0,30.0,False,Pointer Move (Standard mouse)
1789742666.2445319,626,512,shimul-01-block-1-trial-12-target-5,579.0,591.0,30.0,False,Pointer Move (Standard mouse)
1789742666.251931,625,513,shimul-01-block-1-trial-12-target-5,579.0,591.0,30.0,False,Pointer Move (Standard mouse)
1789742666.25959,618,519,shimul-01-block-1-trial-12-target-5,579.0,591.0,30.0,False,Pointer Move (Standard mouse)
1789742666.266863,612,525,shimul-01-block-1-trial-12-target-5,579.0,591.0,30.0,False,Pointer Move (Standard mouse)
1789742666.274657,606,529,shimul-01-block-1-trial-12-target-5,579.0,591.0,30.0,False,Pointer Move (Standard mouse)
1789742666.28201,597,536,shimul-01-block-1-trial-12-target-5,579.0,591.0,30.0,False,Pointer Move (Standard mouse)
1789742666.290068,596,537,shimul-01-block-1-trial-12-target-5,579.0,591.0,30.0,False,Pointer Move (Standard mouse)
1789742666.297568,592,540,shimul-01-block-1-trial-12-target-5,579.0,591.0,30.0,False,Pointer Move (Standard mouse)
1789742666.305067,588,543,shimul-01-block-1-trial-12-target-5,579.0,591.0,30.0,False,Pointer Move (Standard mouse)
1789742666.311856,587,544,shimul-01-block-1-trial-12-target-5,579.0,591.0,30.0,False,Pointer Move (Standard mouse)
1789742666.318944,586,544,shimul-01-block-1-trial-12-target-5,579.0,591.0,30.0,False,Pointer Move (Standard mouse)
1789742666.327837,585,545,shimul-01-block-1-trial-12-target-5,579.0,591.0,30.0,False,Pointer Move (Standard mouse)
1789742666.335519,584,546,shimul-01-block-1-trial-12-target-5,579.0,591.0,30.0,False,Pointer Move (Standard mouse)
1789742666.342417,584,546,shimul-01-block-1-trial-12-target-5,579.0,591.0,30.0,False,Pointer Move (Standard mouse)
1789742666.3497758,582,547,shimul-01-block-1-trial-12-target-5,579.0,591.0,30.0,False,Pointer Move (Standard mouse)
1789742666.357045,580,550,shimul-01-block-1-trial-12-target-5,579.0,591.0,30.0,False,Pointer Move (Standard mouse)
1789742666.36539,579,550,shimul-01-block-1-trial-12-target-5,579.0,591.0,30.0,False,Pointer Move (Standard mouse)
1789742666.371758,579,551,shimul-01-block-1-trial-12-target-5,579.0,591.0,30.0,False,Pointer Move (Standard mouse)
1789742666.379711,578,552,shimul-01-block-1-trial-12-target-5,579.0,591.0,30.0,False,Pointer Move (Standard mouse)
1789742666.386577,577,553,shimul-01-block-1-trial-12-target-5,579.0,591.0,30.0,False,Pointer Move (Standard mouse)
1789742666.394432,576,554,shimul-01-block-1-trial-12-target-5,579.0,591.0,30.0,False,Pointer Move (Standard mouse)
1789742666.401741,573,558,shimul-01-block-1-trial-12-target-5,579.0,591.0,30.0,False,Pointer Move (Standard mouse)
1789742666.409986,571,561,shimul-01-block-1-trial-12-target-5,579.0,591.0,30.0,False,Pointer Move (Standard mouse)
1789742666.4167979,570,561,shimul-01-block-1-trial-12-target-5,579.0,591.0,30.0,False,Pointer Move (Standard mouse)
1789742666.433752,569,563,shimul-01-block-1-trial-12-target-5,579.0,591.0,30.0,False,Pointer Move (Standard mouse)
1789742666.439434,568,564,shimul-01-block-1-trial-12-target-5,579.0,591.0,30.0,False,Pointer Move (Standard mouse)
1789742666.446945,568,564,shimul-01-block-1-trial-12-target-5,579.0,591.0,30.0,False,Pointer Move (Standard mouse)
1789742666.45447,568,565,shimul-01-block-1-trial-12-target-5,579.0,591.0,30.0,False,Pointer Move (Standard mouse)
1789742666.461505,568,565,shimul-01-block-1-trial-12-target-5,579.0,591.0,30.0,False,Pointer Move (Standard mouse)
1789742666.469158,567,566,shimul-01-block-1-trial-12-target-5,579.0,591.0,30.0,False,Pointer Move (Standard mouse)
1789742666.476923,567,566,shimul-01-block-1-trial-12-target-5,579.0,591.0,30.0,False,Pointer Move (Standard mouse)
1789742666.484142,567,567,shimul-01-block-1-trial-12-target-5,579.0,591.0,30.0,False,Pointer Move (Standard mouse)
1789742666.492657,567,567,shimul-01-block-1-trial-12-target-5,579.0,591.0,30.0,False,Pointer Move (Standard mouse)
1789742666.4990451,567,568,shimul-01-block-1-trial-12-target-5,579.0,591.0,30.0,False,Pointer Move (Standard mouse)
1789742666.506755,567,569,shimul-01-block-1-trial-12-target-5,579.0,591.0,30.0,False,Pointer Move (Standard mouse)
1789742666.514337,567,569,shimul-01-block-1-trial-12-target-5,579.0,591.0,30.0,False,Pointer Move (Standard mouse)
1789742666.5226638,567,570,shimul-01-block-1-trial-12-target-5,579.0,591.0,30.0,False,Pointer Move (Standard mouse)
1789742666.529732,566,570,shimul-01-block-1-trial-12-target-5,579.0,591.0,30.0,False,Pointer Move (Standard mouse)
1789742666.537133,566,570,shimul-01-block-1-trial-12-target-5,579.0,591.0,30.0,False,Pointer Move (Standard mouse)
1789742666.5449579,566,571,shimul-01-block-1-trial-12-target-5,579.0,591.0,30.0,False,Pointer Move (Standard mouse)
1789742666.552534,566,571,shimul-01-block-1-trial-12-target-5,579.0,591.0,30.0,False,Pointer Move (Standard mouse)
1789742666.560197,566,572,shimul-01-block-1-trial-12-target-5,579.0,591.0,30.0,False,Pointer Move (Standard mouse)
1789742666.566666,566,572,shimul-01-block-1-trial-12-target-5,579.0,591.0,30.0,False,Pointer Move (Standard mouse)
1789742666.574039,567,572,shimul-01-block-1-trial-12-target-5,579.0,591.0,30.0,False,Pointer Move (Standard mouse)
1789742666.589718,567,572,shimul-01-block-1-trial-12-target-5,579.0,591.0,30.0,False,Pointer Move (Standard mouse)
1789742666.596708,567,573,shimul-01-block-1-trial-12-target-5,579.0,591.0,30.0,False,Pointer Move (Standard mouse)
1789742666.6124742,567,573,shimul-01-block-1-trial-12-target-5,579.0,591.0,30.0,False,Pointer Move (Standard mouse)
1789742666.6200042,567,573,shimul-01-block-1-trial-12-target-5,579.0,591.0,30.0,False,Pointer Move (Standard mouse)
1789742666.62727,567,574,shimul-01-block-1-trial-12-target-5,579.0,591.0,30.0,False,Pointer Move (Standard mouse)
1789742666.633889,567,575,shimul-01-block-1-trial-12-target-5,579.0,591.0,30.0,False,Pointer Move (Standard mouse)
1789742666.6584268,567,576,shimul-01-block-1-trial-12-target-5,579.0,591.0,30.0,False,Pointer Move (Standard mouse)
1789742666.6814542,567,576,shimul-01-block-1-trial-12-target-5,579.0,591.0,30.0,False,Pointer Move (Standard mouse)
1789742666.756373,567,576,shimul-01-block-1-trial-12-target-5,579.0,591.0,30.0,target_selected,target_selected
1789742666.846367,567,575,shimul-01-block-1-trial-13-target-1,861.0,309.0,30.0,False,Pointer Move (Standard mouse)
1789742666.853529,568,575,shimul-01-block-1-trial-13-target-1,861.0,309.0,30.0,False,Pointer Move (Standard mouse)
1789742666.861186,571,569,shimul-01-block-1-trial-13-target-1,861.0,309.0,30.0,False,Pointer Move (Standard mouse)
1789742666.866744,577,562,shimul-01-block-1-trial-13-target-1,861.0,309.0,30.0,False,Pointer Move (Standard mouse)
1789742666.8746939,582,555,shimul-01-block-1-trial-13-target-1,861.0,309.0,30.0,False,Pointer Move (Standard mouse)
1789742666.882644,594,540,shimul-01-block-1-trial-13-target-1,861.0,309.0,30.0,False,Pointer Move (Standard mouse)
1789742666.888803,607,524,shimul-01-block-1-trial-13-target-1,861.0,309.0,30.0,False,Pointer Move (Standard mouse)
1789742666.8973398,620,509,shimul-01-block-1-trial-13-target-1,861.0,309.0,30.0,False,Pointer Move (Standard mouse)
1789742666.904332,635,494,shimul-01-block-1-trial-13-target-1,861.0,309.0,30.0,False,Pointer Move (Standard mouse)
1789742666.911587,652,478,shimul-01-block-1-trial-13-target-1,861.0,309.0,30.0,False,Pointer Move (Standard mouse)
1789742666.919369,674,459,shimul-01-block-1-trial-13-target-1,861.0,309.0,30.0,False,Pointer Move (Standard mouse)
1789742666.9275331,692,441,shimul-01-block-1-trial-13-target-1,861.0,309.0,30.0,False,Pointer Move (Standard mouse)
1789742666.934551,701,433,shimul-01-block-1-trial-13-target-1,861.0,309.0,30.0,False,Pointer Move (Standard mouse)
1789742666.9428391,712,423,shimul-01-block-1-trial-13-target-1,861.0,309.0,30.0,False,Pointer Move (Standard mouse)
1789742666.9496052,725,412,shimul-01-block-1-trial-13-target-1,861.0,309.0,30.0,False,Pointer Move (Standard mouse)
1789742666.956912,738,399,shimul-01-block-1-trial-13-target-1,861.0,309.0,30.0,False,Pointer Move (Standard mouse)
1789742666.964681,749,389,shimul-01-block-1-trial-13-target-1,861.0,309.0,30.0,False,Pointer Move (Standard mouse)
1789742666.97188,757,383,shimul-01-block-1-trial-13-target-1,861.0,309.0,30.0,False,Pointer Move (Standard mouse)
1789742666.9794502,766,375,shimul-01-block-1-trial-13-target-1,861.0,309.0,30.0,False,Pointer Move (Standard mouse)
1789742666.986526,772,369,shimul-01-block-1-trial-13-target-1,861.0,309.0,30.0,False,Pointer Move (Standard mouse)
1789742666.994457,780,362,shimul-01-block-1-trial-13-target-1,861.0,309.0,30.0,False,Pointer Move (Standard mouse)
1789742667.001934,789,354,shimul-01-block-1-trial-13-target-1,861.0,309.0,30.0,False,Pointer Move (Standard mouse)
1789742667.009121,800,345,shimul-01-block-1-trial-13-target-1,861.0,309.0,30.0,False,Pointer Move (Standard mouse)
1789742667.017073,808,337,shimul-01-block-1-trial-13-target-1,861.0,309.0,30.0,False,Pointer Move (Standard mouse)
1789742667.0246458,819,327,shimul-01-block-1-trial-13-target-1,861.0,309.0,30.0,False,Pointer Move (Standard mouse)
1789742667.031586,826,321,shimul-01-block-1-trial-13-target-1,861.0,309.0,30.0,False,Pointer Move (Standard mouse)
1789742667.0393238,846,304,shimul-01-block-1-trial-13-target-1,861.0,309.0,30.0,False,Pointer Move (Standard mouse)
1789742667.047039,854,297,shimul-01-block-1-trial-13-target-1,861.0,309.0,30.0,False,Pointer Move (Standard mouse)
1789742667.054156,863,290,shimul-01-block-1-trial-13-target-1,861.0,309.0,30.0,False,Pointer Move (Standard mouse)
1789742667.061573,869,284,shimul-01-block-1-trial-13-target-1,861.0,309.0,30.0,False,Pointer Move (Standard mouse)
1789742667.0703518,875,279,shimul-01-block-1-trial-13-target-1,861.0,309.0,30.0,False,Pointer Move (Standard mouse)
1789742667.0768042,879,275,shimul-01-block-1-trial-13-target-1,861.0,309.0,30.0,False,Pointer Move (Standard mouse)
1789742667.0851772,879,275,shimul-01-block-1-trial-13-target-1,861.0,309.0,30.0,False,Pointer Move (Standard mouse)
1789742667.091987,881,274,shimul-01-block-1-trial-13-target-1,861.0,309.0,30.0,False,Pointer Move (Standard mouse)
1789742667.098953,881,273,shimul-01-block-1-trial-13-target-1,861.0,309.0,30.0,False,Pointer Move (Standard mouse)
1789742667.107566,881,273,shimul-01-block-1-trial-13-target-1,861.0,309.0,30.0,False,Pointer Move (Standard mouse)
1789742667.114076,881,272,shimul-01-block-1-trial-13-target-1,861.0,309.0,30.0,False,Pointer Move (Standard mouse)
1789742667.122495,882,272,shimul-01-block-1-trial-13-target-1,861.0,309.0,30.0,False,Pointer Move (Standard mouse)
1789742667.130486,882,272,shimul-01-block-1-trial-13-target-1,861.0,309.0,30.0,False,Pointer Move (Standard mouse)
1789742667.137891,882,272,shimul-01-block-1-trial-13-target-1,861.0,309.0,30.0,False,Pointer Move (Standard mouse)
1789742667.34187,851,311,shimul-01-block-1-trial-13-target-1,861.0,309.0,30.0,False,Pointer Move (Standard mouse)
1789742667.347502,848,315,shimul-01-block-1-trial-13-target-1,861.0,309.0,30.0,False,Pointer Move (Standard mouse)
1789742667.353958,848,316,shimul-01-block-1-trial-13-target-1,861.0,309.0,30.0,False,Pointer Move (Standard mouse)
1789742667.361984,847,316,shimul-01-block-1-trial-13-target-1,861.0,309.0,30.0,False,Pointer Move (Standard mouse)
1789742667.3690848,847,317,shimul-01-block-1-trial-13-target-1,861.0,309.0,30.0,False,Pointer Move (Standard mouse)
1789742667.377363,847,317,shimul-01-block-1-trial-13-target-1,861.0,309.0,30.0,False,Pointer Move (Standard mouse)
1789742667.384407,847,317,shimul-01-block-1-trial-13-target-1,861.0,309.0,30.0,False,Pointer Move (Standard mouse)
1789742667.552072,847,317,shimul-01-block-1-trial-13-target-1,861.0,309.0,30.0,target_selected,target_selected
1789742667.649575,847,318,shimul-01-block-1-trial-14-target-5,579.0,591.0,30.0,False,Pointer Move (Standard mouse)
1789742667.6555488,846,318,shimul-01-block-1-trial-14-target-5,579.0,591.0,30.0,False,Pointer Move (Standard mouse)
1789742667.662806,846,318,shimul-01-block-1-trial-14-target-5,579.0,591.0,30.0,False,Pointer Move (Standard mouse)
1789742667.6695712,845,319,shimul-01-block-1-trial-14-target-5,579.0,591.0,30.0,False,Pointer Move (Standard mouse)
1789742667.677366,844,321,shimul-01-block-1-trial-14-target-5,579.0,591.0,30.0,False,Pointer Move (Standard mouse)
1789742667.683997,842,323,shimul-01-block-1-trial-14-target-5,579.0,591.0,30.0,False,Pointer Move (Standard mouse)
1789742667.692291,839,326,shimul-01-block-1-trial-14-target-5,579.0,591.0,30.0,False,Pointer Move (Standard mouse)
1789742667.6993752,833,333,shimul-01-block-1-trial-14-target-5,579.0,591.0,30.0,False,Pointer Move (Standard mouse)
1789742667.7079859,828,339,shimul-01-block-1-trial-14-target-5,579.0,591.0,30.0,False,Pointer Move (Standard mouse)
1789742667.7143412,824,343,shimul-01-block-1-trial-14-target-5,579.0,591.0,30.0,False,Pointer Move (Standard mouse)
1789742667.722111,815,352,shimul-01-block-1-trial-14-target-5,579.0,591.0,30.0,False,Pointer Move (Standard mouse)
1789742667.730217,807,362,shimul-01-block-1-trial-14-target-5,579.0,591.0,30.0,False,Pointer Move (Standard mouse)
1789742667.737637,795,373,shimul-01-block-1-trial-14-target-5,579.0,591.0,30.0,False,Pointer Move (Standard mouse)
1789742667.7450721,781,386,shimul-01-block-1-trial-14-target-5,579.0,591.0,30.0,False,Pointer Move (Standard mouse)
1789742667.7527192,769,398,shimul-01-block-1-trial-14-target-5,579.0,591.0,30.0,False,Pointer Move (Standard mouse)
1789742667.7595289,758,407,shimul-01-block-1-trial-14-target-5,579.0,591.0,30.0,False,Pointer Move (Standard mouse)
1789742667.7672698,749,415,shimul-01-block-1-trial-14-target-5,579.0,591.0,30.0,False,Pointer Move (Standard mouse)
1789742667.7910101,745,419,shimul-01-block-1-trial-14-target-5,579.0,591.0,30.0,False,Pointer Move (Standard mouse)
1789742667.79809,729,433,shimul-01-block-1-trial-14-target-5,579.0,591.0,30.0,False,Pointer Move (Standard mouse)
1789742667.804335,679,474,shimul-01-block-1-trial-14-target-5,579.0,591.0,30.0,False,Pointer Move (Standard mouse)
1789742667.812404,665,484,shimul-01-block-1-trial-14-target-5,579.0,591.0,30.0,False,Pointer Move (Standard mouse)
1789742667.8190668,656,491,shimul-01-block-1-trial-14-target-5,579.0,591.0,30.0,False,Pointer Move (Standard mouse)
1789742667.82708,644,500,shimul-01-block-1-trial-14-target-5,579.0,591.0,30.0,False,Pointer Move (Standard mouse)
1789742667.835297,632,509,shimul-01-block-1-trial-14-target-5,579.0,591.0,30.0,False,Pointer Move (Standard mouse)
1789742667.842797,621,518,shimul-01-block-1-trial-14-target-5,579.0,591.0,30.0,False,Pointer Move (Standard mouse)
1789742667.848938,612,525,shimul-01-block-1-trial-14-target-5,579.0,591.0,30.0,False,Pointer Move (Standard mouse)
1789742667.857368,606,529,shimul-01-block-1-trial-14-target-5,579.0,591.0,30.0,False,Pointer Move (Standard mouse)
1789742667.86434,599,535,shimul-01-block-1-trial-14-target-5,579.0,591.0,30.0,False,Pointer Move (Standard mouse)
1789742667.871708,595,539,shimul-01-block-1-trial-14-target-5,579.0,591.0,30.0,False,Pointer Move (Standard mouse)
1789742667.8791769,594,540,shimul-01-block-1-trial-14-target-5,579.0,591.0,30.0,False,Pointer Move (Standard mouse)
1789742667.887279,592,542,shimul-01-block-1-trial-14-target-5,579.0,591.0,30.0,False,Pointer Move (Standard mouse)
1789742667.89438,589,545,shimul-01-block-1-trial-14-target-5,579.0,591.0,30.0,False,Pointer Move (Standard mouse)
1789742667.902667,589,546,shimul-01-block-1-trial-14-target-5,579.0,591.0,30.0,False,Pointer Move (Standard mouse)
1789742667.909096,588,547,shimul-01-block-1-trial-14-target-5,579.0,591.0,30.0,False,Pointer Move (Standard mouse)
1789742667.916338,587,548,shimul-01-block-1-trial-14-target-5,579.0,591.0,30.0,False,Pointer Move (Standard mouse)
1789742667.923886,587,548,shimul-01-block-1-trial-14-target-5,579.0,591.0,30.0,False,Pointer Move (Standard mouse)
1789742667.9318342,587,549,shimul-01-block-1-trial-14-target-5,579.0,591.0,30.0,False,Pointer Move (Standard mouse)
1789742667.939671,586,550,shimul-01-block-1-trial-14-target-5,579.0,591.0,30.0,False,Pointer Move (Standard mouse)
1789742667.948122,585,551,shimul-01-block-1-trial-14-target-5,579.0,591.0,30.0,False,Pointer Move (Standard mouse)
1789742667.955512,584,552,shimul-01-block-1-trial-14-target-5,579.0,591.0,30.0,False,Pointer Move (Standard mouse)
1789742667.963125,583,554,shimul-01-block-1-trial-14-target-5,579.0,591.0,30.0,False,Pointer Move (Standard mouse)
1789742667.970708,583,555,shimul-01-block-1-trial-14-target-5,579.0,591.0,30.0,False,Pointer Move (Standard mouse)
1789742667.977321,582,555,shimul-01-block-1-trial-14-target-5,579.0,591.0,30.0,False,Pointer Move (Standard mouse)
1789742667.985752,579,559,shimul-01-block-1-trial-14-target-5,579.0,591.0,30.0,False,Pointer Move (Standard mouse)
1789742667.992652,575,562,shimul-01-block-1-trial-14-target-5,579.0,591.0,30.0,False,Pointer Move (Standard mouse)
1789742668.0002859,572,565,shimul-01-block-1-trial-14-target-5,579.0,591.0,30.0,False,Pointer Move (Standard mouse)
1789742668.0078049,570,567,shimul-01-block-1-trial-14-target-5,579.0,591.0,30.0,False,Pointer Move (Standard mouse)
1789742668.015015,569,568,shimul-01-block-1-trial-14-target-5,579.0,591.0,30.0,False,Pointer Move (Standard mouse)
1789742668.022845,568,569,shimul-01-block-1-trial-14-target-5,579.0,591.0,30.0,False,Pointer Move (Standard mouse)
1789742668.030014,568,569,shimul-01-block-1-trial-14-target-5,579.0,591.0,30.0,False,Pointer Move (Standard mouse)
1789742668.0378911,568,569,shimul-01-block-1-trial-14-target-5,579.0,591.0,30.0,False,Pointer Move (Standard mouse)
1789742668.061096,568,570,shimul-01-block-1-trial-14-target-5,579.0,591.0,30.0,False,Pointer Move (Standard mouse)
1789742668.067192,568,570,shimul-01-block-1-trial-14-target-5,579.0,591.0,30.0,False,Pointer Move (Standard mouse)
1789742668.073884,568,570,shimul-01-block-1-trial-14-target-5,579.0,591.0,30.0,False,Pointer Move (Standard mouse)
1789742668.081722,567,570,shimul-01-block-1-trial-14-target-5,579.0,591.0,30.0,False,Pointer Move (Standard mouse)
1789742668.0892348,567,571,shimul-01-block-1-trial-14-target-5,579.0,591.0,30.0,False,Pointer Move (Standard mouse)
1789742668.096351,566,572,shimul-01-block-1-trial-14-target-5,579.0,591.0,30.0,False,Pointer Move (Standard mouse)
1789742668.104877,566,572,shimul-01-block-1-trial-14-target-5,579.0,591.0,30.0,False,Pointer Move (Standard mouse)
1789742668.1127439,566,572,shimul-01-block-1-trial-14-target-5,579.0,591.0,30.0,False,Pointer Move (Standard mouse)
1789742668.119655,566,572,shimul-01-block-1-trial-14-target-5,579.0,591.0,30.0,False,Pointer Move (Standard mouse)
1789742668.1268108,565,572,shimul-01-block-1-trial-14-target-5,579.0,591.0,30.0,False,Pointer Move (Standard mouse)
1789742668.134279,565,573,shimul-01-block-1-trial-14-target-5,579.0,591.0,30.0,False,Pointer Move (Standard mouse)
1789742668.2190661,565,573,shimul-01-block-1-trial-14-target-5,579.0,591.0,30.0,target_selected,target_selected
1789742668.32405,566,572,shimul-01-block-1-trial-15-target-1,861.0,309.0,30.0,False,Pointer Move (Standard mouse)
1789742668.330587,566,572,shimul-01-block-1-trial-15-target-1,861.0,309.0,30.0,False,Pointer Move (Standard mouse)
1789742668.3380811,571,564,shimul-01-block-1-trial-15-target-1,861.0,309.0,30.0,False,Pointer Move (Standard mouse)
1789742668.34544,577,558,shimul-01-block-1-trial-15-target-1,861.0,309.0,30.0,False,Pointer Move (Standard mouse)
1789742668.352997,583,551,shimul-01-block-1-trial-15-target-1,861.0,309.0,30.0,False,Pointer Move (Standard mouse)
1789742668.3598,584,549,shimul-01-block-1-trial-15-target-1,861.0,309.0,30.0,False,Pointer Move (Standard mouse)
1789742668.366996,592,543,shimul-01-block-1-trial-15-target-1,861.0,309.0,30.0,False,Pointer Move (Standard mouse)
1789742668.374885,598,536,shimul-01-block-1-trial-15-target-1,861.0,309.0,30.0,False,Pointer Move (Standard mouse)
1789742668.381676,609,526,shimul-01-block-1-trial-15-target-1,861.0,309.0,30.0,False,Pointer Move (Standard mouse)
1789742668.3898702,611,524,shimul-01-block-1-trial-15-target-1,861.0,309.0,30.0,False,Pointer Move (Standard mouse)
1789742668.396988,626,510,shimul-01-block-1-trial-15-target-1,861.0,309.0,30.0,False,Pointer Move (Standard mouse)
1789742668.404225,637,501,shimul-01-block-1-trial-15-target-1,861.0,309.0,30.0,False,Pointer Move (Standard mouse)
1789742668.412107,641,497,shimul-01-block-1-trial-15-target-1,861.0,309.0,30.0,False,Pointer Move (Standard mouse)
1789742668.4189482,658,480,shimul-01-block-1-trial-15-target-1,861.0,309.0,30.0,False,Pointer Move (Standard mouse)
1789742668.42641,672,467,shimul-01-block-1-trial-15-target-1,861.0,309.0,30.0,False,Pointer Move (Standard mouse)
1789742668.4344609,682,456,shimul-01-block-1-trial-15-target-1,861.0,309.0,30.0,False,Pointer Move (Standard mouse)
1789742668.441783,704,437,shimul-01-block-1-trial-15-target-1,861.0,309.0,30.0,False,Pointer Move (Standard mouse)
1789742668.449425,715,427,shimul-01-block-1-trial-15-target-1,861.0,309.0,30.0,False,Pointer Move (Standard mouse)
1789742668.4570408,735,407,shimul-01-block-1-trial-15-target-1,861.0,309.0,30.0,False,Pointer Move (Standard mouse)
1789742668.465069,750,394,shimul-01-block-1-trial-15-target-1,861.0,309.0,30.0,False,Pointer Move (Standard mouse)
1789742668.473268,765,379,shimul-01-block-1-trial-15-target-1,861.0,309.0,30.0,False,Pointer Move (Standard mouse)
1789742668.479456,777,369,shimul-01-block-1-trial-15-target-1,861.0,309.0,30.0,False,Pointer Move (Standard mouse)
1789742668.487255,790,358,shimul-01-block-1-trial-15-target-1,861.0,309.0,30.0,False,Pointer Move (Standard mouse)
1789742668.494441,798,353,shimul-01-block-1-trial-15-target-1,861.0,309.0,30.0,False,Pointer Move (Standard mouse)
1789742668.5018308,805,345,shimul-01-block-1-trial-15-target-1,861.0,309.0,30.0,False,Pointer Move (Standard mouse)
1789742668.5094342,811,341,shimul-01-block-1-trial-15-target-1,861.0,309.0,30.0,False,Pointer Move (Standard mouse)
1789742668.516521,815,337,shimul-01-block-1-trial-15-target-1,861.0,309.0,30.0,False,Pointer Move (Standard mouse)
1789742668.524485,817,336,shimul-01-block-1-trial-15-target-1,861.0,309.0,30.0,False,Pointer Move (Standard mouse)
1789742668.531543,817,336,shimul-01-block-1-trial-15-target-1,861.0,309.0,30.0,False,Pointer Move (Standard mouse)
1789742668.5403311,818,335,shimul-01-block-1-trial-15-target-1,861.0,309.0,30.0,False,Pointer Move (Standard mouse)
1789742668.5470788,818,335,shimul-01-block-1-trial-15-target-1,861.0,309.0,30.0,False,Pointer Move (Standard mouse)
1789742668.554118,819,334,shimul-01-block-1-trial-15-target-1,861.0,309.0,30.0,False,Pointer Move (Standard mouse)
1789742668.56256,820,334,shimul-01-block-1-trial-15-target-1,861.0,309.0,30.0,False,Pointer Move (Standard mouse)
1789742668.569592,820,334,shimul-01-block-1-trial-15-target-1,861.0,309.0,30.0,False,Pointer Move (Standard mouse)
1789742668.576579,820,333,shimul-01-block-1-trial-15-target-1,861.0,309.0,30.0,False,Pointer Move (Standard mouse)
1789742668.583592,821,333,shimul-01-block-1-trial-15-target-1,861.0,309.0,30.0,False,Pointer Move (Standard mouse)
1789742668.591216,821,333,shimul-01-block-1-trial-15-target-1,861.0,309.0,30.0,False,Pointer Move (Standard mouse)
1789742668.599308,821,333,shimul-01-block-1-trial-15-target-1,861.0,309.0,30.0,False,Pointer Move (Standard mouse)
1789742668.607573,821,333,shimul-01-block-1-trial-15-target-1,861.0,309.0,30.0,False,Pointer Move (Standard mouse)
1789742668.614133,822,332,shimul-01-block-1-trial-15-target-1,861.0,309.0,30.0,False,Pointer Move (Standard mouse)
1789742668.622136,822,332,shimul-01-block-1-trial-15-target-1,861.0,309.0,30.0,False,Pointer Move (Standard mouse)
1789742668.638007,823,332,shimul-01-block-1-trial-15-target-1,861.0,309.0,30.0,False,Pointer Move (Standard mouse)
1789742668.645182,823,332,shimul-01-block-1-trial-15-target-1,861.0,309.0,30.0,False,Pointer Move (Standard mouse)
1789742668.651983,823,331,shimul-01-block-1-trial-15-target-1,861.0,309.0,30.0,False,Pointer Move (Standard mouse)
1789742668.659554,824,331,shimul-01-block-1-trial-15-target-1,861.0,309.0,30.0,False,Pointer Move (Standard mouse)
1789742668.66732,827,329,shimul-01-block-1-trial-15-target-1,861.0,309.0,30.0,False,Pointer Move (Standard mouse)
1789742668.674025,833,326,shimul-01-block-1-trial-15-target-1,861.0,309.0,30.0,False,Pointer Move (Standard mouse)
1789742668.681345,833,326,shimul-01-block-1-trial-15-target-1,861.0,309.0,30.0,False,Pointer Move (Standard mouse)
1789742668.689528,837,324,shimul-01-block-1-trial-15-target-1,861.0,309.0,30.0,False,Pointer Move (Standard mouse)
1789742668.696685,837,324,shimul-01-block-1-trial-15-target-1,861.0,309.0,30.0,False,Pointer Move (Standard mouse)
1789742668.70458,838,323,shimul-01-block-1-trial-15-target-1,861.0,309.0,30.0,False,Pointer Move (Standard mouse)
1789742668.712301,838,323,shimul-01-block-1-trial-15-target-1,861.0,309.0,30.0,False,Pointer Move (Standard mouse)
1789742668.719776,839,323,shimul-01-block-1-trial-15-target-1,861.0,309.0,30.0,False,Pointer Move (Standard mouse)
1789742668.727231,839,323,shimul-01-block-1-trial-15-target-1,861.0,309.0,30.0,False,Pointer Move (Standard mouse)
1789742668.7352152,840,322,shimul-01-block-1-trial-15-target-1,861.0,309.0,30.0,False,Pointer Move (Standard mouse)
1789742668.7415822,840,321,shimul-01-block-1-trial-15-target-1,861.0,309.0,30.0,False,Pointer Move (Standard mouse)
1789742668.749324,841,321,shimul-01-block-1-trial-15-target-1,861.0,309.0,30.0,False,Pointer Move (Standard mouse)
1789742668.757623,842,320,shimul-01-block-1-trial-15-target-1,861.0,309.0,30.0,False,Pointer Move (Standard mouse)
1789742668.7645829,843,319,shimul-01-block-1-trial-15-target-1,861.0,309.0,30.0,False,Pointer Move (Standard mouse)
1789742668.77171,846,317,shimul-01-block-1-trial-15-target-1,861.0,309.0,30.0,False,Pointer Move (Standard mouse)
1789742668.779614,849,315,shimul-01-block-1-trial-15-target-1,861.0,309.0,30.0,False,Pointer Move (Standard mouse)
1789742668.786978,850,314,shimul-01-block-1-trial-15-target-1,861.0,309.0,30.0,False,Pointer Move (Standard mouse)
1789742668.7946482,854,311,shimul-01-block-1-trial-15-target-1,861.0,309.0,30.0,False,Pointer Move (Standard mouse)
1789742668.802387,856,310,shimul-01-block-1-trial-15-target-1,861.0,309.0,30.0,False,Pointer Move (Standard mouse)
1789742668.809624,857,309,shimul-01-block-1-trial-15-target-1,861.0,309.0,30.0,False,Pointer Move (Standard mouse)
1789742668.81671,858,309,shimul-01-block-1-trial-15-target-1,861.0,309.0,30.0,False,Pointer Move (Standard mouse)
1789742668.840509,858,308,shimul-01-block-1-trial-15-target-1,861.0,309.0,30.0,False,Pointer Move (Standard mouse)
1789742668.8472278,859,308,shimul-01-block-1-trial-15-target-1,861.0,309.0,30.0,False,Pointer Move (Standard mouse)
1789742668.854341,859,307,shimul-01-block-1-trial-15-target-1,861.0,309.0,30.0,False,Pointer Move (Standard mouse)
1789742668.862853,860,307,shimul-01-block-1-trial-15-target-1,861.0,309.0,30.0,False,Pointer Move (Standard mouse)
1789742668.9247308,860,307,shimul-01-block-1-trial-15-target-1,861.0,309.0,30.0,target_selected,target_selected
1789742669.0361311,859,308,shimul-01-block-1-trial-16-target-5,579.0,591.0,30.0,False,Pointer Move (Standard mouse)
1789742669.042437,859,308,shimul-01-block-1-trial-16-target-5,579.0,591.0,30.0,False,Pointer Move (Standard mouse)
1789742669.050642,855,312,shimul-01-block-1-trial-16-target-5,579.0,591.0,30.0,False,Pointer Move (Standard mouse)
1789742669.0580401,855,313,shimul-01-block-1-trial-16-target-5,579.0,591.0,30.0,False,Pointer Move (Standard mouse)
1789742669.064532,851,318,shimul-01-block-1-trial-16-target-5,579.0,591.0,30.0,False,Pointer Move (Standard mouse)
1789742669.071969,848,322,shimul-01-block-1-trial-16-target-5,579.0,591.0,30.0,False,Pointer Move (Standard mouse)
1789742669.079115,845,326,shimul-01-block-1-trial-16-target-5,579.0,591.0,30.0,False,Pointer Move (Standard mouse)
1789742669.086373,841,330,shimul-01-block-1-trial-16-target-5,579.0,591.0,30.0,False,Pointer Move (Standard mouse)
1789742669.094917,838,335,shimul-01-block-1-trial-16-target-5,579.0,591.0,30.0,False,Pointer Move (Standard mouse)
1789742669.1019251,837,336,shimul-01-block-1-trial-16-target-5,579.0,591.0,30.0,False,Pointer Move (Standard mouse)
1789742669.10955,829,345,shimul-01-block-1-trial-16-target-5,579.0,591.0,30.0,False,Pointer Move (Standard mouse)
1789742669.118272,821,353,shimul-01-block-1-trial-16-target-5,579.0,591.0,30.0,False,Pointer Move (Standard mouse)
1789742669.124319,816,359,shimul-01-block-1-trial-16-target-5,579.0,591.0,30.0,False,Pointer Move (Standard mouse)
1789742669.1317692,801,374,shimul-01-block-1-trial-16-target-5,579.0,591.0,30.0,False,Pointer Move (Standard mouse)
1789742669.1391308,798,378,shimul-01-block-1-trial-16-target-5,579.0,591.0,30.0,False,Pointer Move (Standard mouse)
1789742669.14736,785,389,shimul-01-block-1-trial-16-target-5,579.0,591.0,30.0,False,Pointer Move (Standard mouse)
1789742669.1543539,774,401,shimul-01-block-1-trial-16-target-5,579.0,591.0,30.0,False,Pointer Move (Standard mouse)
1789742669.161655,766,410,shimul-01-block-1-trial-16-target-5,579.0,591.0,30.0,False,Pointer Move (Standard mouse)
1789742669.169164,757,418,shimul-01-block-1-trial-16-target-5,579.0,591.0,30.0,False,Pointer Move (Standard mouse)
1789742669.1779041,747,428,shimul-01-block-1-trial-16-target-5,579.0,591.0,30.0,False,Pointer Move (Standard mouse)
1789742669.184764,738,437,shimul-01-block-1-trial-16-target-5,579.0,591.0,30.0,False,Pointer Move (Standard mouse)
1789742669.1913521,734,441,shimul-01-block-1-trial-16-target-5,579.0,591.0,30.0,False,Pointer Move (Standard mouse)
1789742669.1991339,723,451,shimul-01-block-1-trial-16-target-5,579.0,591.0,30.0,False,Pointer Move (Standard mouse)
1789742669.2074082,715,457,shimul-01-block-1-trial-16-target-5,579.0,591.0,30.0,False,Pointer Move (Standard mouse)
1789742669.2142148,703,467,shimul-01-block-1-trial-16-target-5,579.0,591.0,30.0,False,Pointer Move (Standard mouse)
1789742669.222336,690,480,shimul-01-block-1-trial-16-target-5,579.0,591.0,30.0,False,Pointer Move (Standard mouse)
1789742669.230211,678,488,shimul-01-block-1-trial-16-target-5,579.0,591.0,30.0,False,Pointer Move (Standard mouse)
1789742669.237689,672,494,shimul-01-block-1-trial-16-target-5,579.0,591.0,30.0,False,Pointer Move (Standard mouse)
1789742669.245684,663,502,shimul-01-block-1-trial-16-target-5,579.0,591.0,30.0,False,Pointer Move (Standard mouse)
1789742669.2756648,643,519,shimul-01-block-1-trial-16-target-5,579.0,591.0,30.0,False,Pointer Move (Standard mouse)
1789742669.2821069,639,523,shimul-01-block-1-trial-16-target-5,579.0,591.0,30.0,False,Pointer Move (Standard mouse)
1789742669.288685,633,527,shimul-01-block-1-trial-16-target-5,579.0,591.0,30.0,False,Pointer Move (Standard mouse)
1789742669.296669,629,530,shimul-01-block-1-trial-16-target-5,579.0,591.0,30.0,False,Pointer Move (Standard mouse)
1789742669.304439,628,531,shimul-01-block-1-trial-16-target-5,579.0,591.0,30.0,False,Pointer Move (Standard mouse)
1789742669.3130481,624,537,shimul-01-block-1-trial-16-target-5,579.0,591.0,30.0,False,Pointer Move (Standard mouse)
1789742669.319606,618,541,shimul-01-block-1-trial-16-target-5,579.0,591.0,30.0,False,Pointer Move (Standard mouse)
1789742669.327181,614,544,shimul-01-block-1-trial-16-target-5,579.0,591.0,30.0,False,Pointer Move (Standard mouse)
1789742669.334614,612,547,shimul-01-block-1-trial-16-target-5,579.0,591.0,30.0,False,Pointer Move (Standard mouse)
1789742669.3412979,611,548,shimul-01-block-1-trial-16-target-5,579.0,591.0,30.0,False,Pointer Move (Standard mouse)
1789742669.365437,608,550,shimul-01-block-1-trial-16-target-5,579.0,591.0,30.0,False,Pointer Move (Standard mouse)
1789742669.372288,606,553,shimul-01-block-1-trial-16-target-5,579.0,591.0,30.0,False,Pointer Move (Standard mouse)
1789742669.379112,599,559,shimul-01-block-1-trial-16-target-5,579.0,591.0,30.0,False,Pointer Move (Standard mouse)
1789742669.3863602,598,559,shimul-01-block-1-trial-16-target-5,579.0,591.0,30.0,False,Pointer Move (Standard mouse)
1789742669.394473,597,561,shimul-01-block-1-trial-16-target-5,579.0,591.0,30.0,False,Pointer Move (Standard mouse)
1789742669.401967,596,562,shimul-01-block-1-trial-16-target-5,579.0,591.0,30.0,False,Pointer Move (Standard mouse)
1789742669.40898,595,563,shimul-01-block-1-trial-16-target-5,579.0,591.0,30.0,False,Pointer Move (Standard mouse)
1789742669.4168289,594,564,shimul-01-block-1-trial-16-target-5,579.0,591.0,30.0,False,Pointer Move (Standard mouse)
1789742669.424253,594,564,shimul-01-block-1-trial-16-target-5,579.0,591.0,30.0,False,Pointer Move (Standard mouse)
1789742669.4316201,593,565,shimul-01-block-1-trial-16-target-5,579.0,591.0,30.0,False,Pointer Move (Standard mouse)
1789742669.43991,593,566,shimul-01-block-1-trial-16-target-5,579.0,591.0,30.0,False,Pointer Move (Standard mouse)
1789742669.447398,592,566,shimul-01-block-1-trial-16-target-5,579.0,591.0,30.0,False,Pointer Move (Standard mouse)
1789742669.454615,592,567,shimul-01-block-1-trial-16-target-5,579.0,591.0,30.0,False,Pointer Move (Standard mouse)
1789742669.462147,591,567,shimul-01-block-1-trial-16-target-5,579.0,591.0,30.0,False,Pointer Move (Standard mouse)
1789742669.468705,591,568,shimul-01-block-1-trial-16-target-5,579.0,591.0,30.0,False,Pointer Move (Standard mouse)
1789742669.4764318,590,569,shimul-01-block-1-trial-16-target-5,579.0,591.0,30.0,False,Pointer Move (Standard mouse)
1789742669.484143,590,569,shimul-01-block-1-trial-16-target-5,579.0,591.0,30.0,False,Pointer Move (Standard mouse)
1789742669.4916632,590,569,shimul-01-block-1-trial-16-target-5,579.0,591.0,30.0,False,Pointer Move (Standard mouse)
1789742669.500163,587,573,shimul-01-block-1-trial-16-target-5,579.0,591.0,30.0,False,Pointer Move (Standard mouse)
1789742669.506957,586,574,shimul-01-block-1-trial-16-target-5,579.0,591.0,30.0,False,Pointer Move (Standard mouse)
1789742669.514522,585,576,shimul-01-block-1-trial-16-target-5,579.0,591.0,30.0,False,Pointer Move (Standard mouse)
1789742669.5235121,583,577,shimul-01-block-1-trial-16-target-5,579.0,591.0,30.0,False,Pointer Move (Standard mouse)
1789742669.5305011,581,579,shimul-01-block-1-trial-16-target-5,579.0,591.0,30.0,False,Pointer Move (Standard mouse)
1789742669.53904,580,580,shimul-01-block-1-trial-16-target-5,579.0,591.0,30.0,False,Pointer Move (Standard mouse)
1789742669.5448651,580,580,shimul-01-block-1-trial-16-target-5,579.0,591.0,30.0,False,Pointer Move (Standard mouse)
1789742669.5524092,579,581,shimul-01-block-1-trial-16-target-5,579.0,591.0,30.0,False,Pointer Move (Standard mouse)
1789742669.5685499,579,581,shimul-01-block-1-trial-16-target-5,579.0,591.0,30.0,False,Pointer Move (Standard mouse)
1789742669.5740259,579,581,shimul-01-block-1-trial-16-target-5,579.0,591.0,30.0,False,Pointer Move (Standard mouse)
1789742669.59092,579,581,shimul-01-block-1-trial-16-target-5,579.0,591.0,30.0,False,Pointer Move (Standard mouse)
1789742669.606064,579,582,shimul-01-block-1-trial-16-target-5,579.0,591.0,30.0,False,Pointer Move (Standard mouse)
1789742669.612233,579,582,shimul-01-block-1-trial-16-target-5,579.0,591.0,30.0,False,Pointer Move (Standard mouse)
1789742669.619385,578,584,shimul-01-block-1-trial-16-target-5,579.0,591.0,30.0,False,Pointer Move (Standard mouse)
1789742669.627677,578,584,shimul-01-block-1-trial-16-target-5,579.0,591.0,30.0,False,Pointer Move (Standard mouse)
1789742669.6342568,577,585,shimul-01-block-1-trial-16-target-5,579.0,591.0,30.0,False,Pointer Move (Standard mouse)
1789742669.641492,577,585,shimul-01-block-1-trial-16-target-5,579.0,591.0,30.0,False,Pointer Move (Standard mouse)
1789742669.6501892,577,585,shimul-01-block-1-trial-16-target-5,579.0,591.0,30.0,False,Pointer Move (Standard mouse)
1789742669.656759,577,586,shimul-01-block-1-trial-16-target-5,579.0,591.0,30.0,False,Pointer Move (Standard mouse)
1789742669.664143,576,586,shimul-01-block-1-trial-16-target-5,579.0,591.0,30.0,False,Pointer Move (Standard mouse)
1789742669.680667,576,586,shimul-01-block-1-trial-16-target-5,579.0,591.0,30.0,False,Pointer Move (Standard mouse)
1789742669.7486231,576,586,shimul-01-block-1-trial-16-target-5,579.0,591.0,30.0,target_selected,target_selected
1789742669.837659,576,586,shimul-01-block-2-trial-1-target-6,570.0,450.0,37.5,False,Pointer Move (Standard mouse)
1789742669.8538082,576,586,shimul-01-block-2-trial-1-target-6,570.0,450.0,37.5,False,Pointer Move (Standard mouse)
1789742669.8607628,576,586,shimul-01-block-2-trial-1-target-6,570.0,450.0,37.5,False,Pointer Move (Standard mouse)
1789742669.890912,576,585,shimul-01-block-2-trial-1-target-6,570.0,450.0,37.5,False,Pointer Move (Standard mouse)
1789742669.896565,576,585,shimul-01-block-2-trial-1-target-6,570.0,450.0,37.5,False,Pointer Move (Standard mouse)
1789742669.904798,576,585,shimul-01-block-2-trial-1-target-6,570.0,450.0,37.5,False,Pointer Move (Standard mouse)
1789742669.911799,576,584,shimul-01-block-2-trial-1-target-6,570.0,450.0,37.5,False,Pointer Move (Standard mouse)
1789742669.919258,576,584,shimul-01-block-2-trial-1-target-6,570.0,450.0,37.5,False,Pointer Move (Standard mouse)
1789742669.927534,576,583,shimul-01-block-2-trial-1-target-6,570.0,450.0,37.5,False,Pointer Move (Standard mouse)
1789742669.9341068,579,580,shimul-01-block-2-trial-1-target-6,570.0,450.0,37.5,False,Pointer Move (Standard mouse)
1789742669.941761,580,579,shimul-01-block-2-trial-1-target-6,570.0,450.0,37.5,False,Pointer Move (Standard mouse)
1789742669.950353,584,575,shimul-01-block-2-trial-1-target-6,570.0,450.0,37.5,False,Pointer Move (Standard mouse)
1789742669.957601,585,574,shimul-01-block-2-trial-1-target-6,570.0,450.0,37.5,False,Pointer Move (Standard mouse)
1789742669.96386,592,568,shimul-01-block-2-trial-1-target-6,570.0,450.0,37.5,False,Pointer Move (Standard mouse)
1789742669.9715378,596,565,shimul-01-block-2-trial-1-target-6,570.0,450.0,37.5,False,Pointer Move (Standard mouse)
1789742669.979718,603,559,shimul-01-block-2-trial-1-target-6,570.0,450.0,37.5,False,Pointer Move (Standard mouse)
1789742669.9867961,609,553,shimul-01-block-2-trial-1-target-6,570.0,450.0,37.5,False,Pointer Move (Standard mouse)
1789742669.993875,615,548,shimul-01-block-2-trial-1-target-6,570.0,450.0,37.5,False,Pointer Move (Standard mouse)
1789742670.001554,621,543,shimul-01-block-2-trial-1-target-6,570.0,450.0,37.5,False,Pointer Move (Standard mouse)
1789742670.009813,627,537,shimul-01-block-2-trial-1-target-6,570.0,450.0,37.5,False,Pointer Move (Standard mouse)
1789742670.0170019,631,534,shimul-01-block-2-trial-1-target-6,570.0,450.0,37.5,False,Pointer Move (Standard mouse)
1789742670.024312,638,528,shimul-01-block-2-trial-1-target-6,570.0,450.0,37.5,False,Pointer Move (Standard mouse)
1789742670.032473,646,522,shimul-01-block-2-trial-1-target-6,570.0,450.0,37.5,False,Pointer Move (Standard mouse)
1789742670.039669,654,514,shimul-01-block-2-trial-1-target-6,570.0,450.0,37.5,False,Pointer Move (Standard mouse)
1789742670.04704,665,505,shimul-01-block-2-trial-1-target-6,570.0,450.0,37.5,False,Pointer Move (Standard mouse)
1789742670.0540318,670,500,shimul-01-block-2-trial-1-target-6,570.0,450.0,37.5,False,Pointer Move (Standard mouse)
1789742670.061687,681,490,shimul-01-block-2-trial-1-target-6,570.0,450.0,37.5,False,Pointer Move (Standard mouse)
1789742670.068753,690,484,shimul-01-block-2-trial-1-target-6,570.0,450.0,37.5,False,Pointer Move (Standard mouse)
1789742670.0774028,703,474,shimul-01-block-2-trial-1-target-6,570.0,450.0,37.5,False,Pointer Move (Standard mouse)
1789742670.084505,710,468,shimul-01-block-2-trial-1-target-6,570.0,450.0,37.5,False,Pointer Move (Standard mouse)
1789742670.0924768,723,458,shimul-01-block-2-trial-1-target-6,570.0,450.0,37.5,False,Pointer Move (Standard mouse)
1789742670.098946,734,448,shimul-01-block-2-trial-1-target-6,570.0,450.0,37.5,False,Pointer Move (Standard mouse)
1789742670.1068192,744,439,shimul-01-block-2-trial-1-target-6,570.0,450.0,37.5,False,Pointer Move (Standard mouse)
1789742670.114626,753,431,shimul-01-block-2-trial-1-target-6,570.0,450.0,37.5,False,Pointer Move (Standard mouse)
1789742670.121911,762,424,shimul-01-block-2-trial-1-target-6,570.0,450.0,37.5,False,Pointer Move (Standard mouse)
1789742670.130039,763,423,shimul-01-block-2-trial-1-target-6,570.0,450.0,37.5,False,Pointer Move (Standard mouse)
1789742670.1377091,771,417,shimul-01-block-2-trial-1-target-6,570.0,450.0,37.5,False,Pointer Move (Standard mouse)
1789742670.145993,773,414,shimul-01-block-2-trial-1-target-6,570.0,450.0,37.5,False,Pointer Move (Standard mouse)
1789742670.15285,777,410,shimul-01-block-2-trial-1-target-6,570.0,450.0,37.5,False,Pointer Move (Standard mouse)
1789742670.1601238,777,410,shimul-01-block-2-trial-1-target-6,570.0,450.0,37.5,False,Pointer Move (Standard mouse)
1789742670.166312,778,409,shimul-01-block-2-trial-1-target-6,570.0,450.0,37.5,False,Pointer Move (Standard mouse)
1789742670.174475,778,408,shimul-01-block-2-trial-1-target-6,570.0,450.0,37.5,False,Pointer Move (Standard mouse)
1789742670.181679,779,408,shimul-01-block-2-trial-1-target-6,570.0,450.0,37.5,False,Pointer Move (Standard mouse)
1789742670.189826,779,407,shimul-01-block-2-trial-1-target-6,570.0,450.0,37.5,False,Pointer Move (Standard mouse)
1789742670.1969512,780,407,shimul-01-block-2-trial-1-target-6,570.0,450.0,37.5,False,Pointer Move (Standard mouse)
1789742670.205291,780,406,shimul-01-block-2-trial-1-target-6,570.0,450.0,37.5,False,Pointer Move (Standard mouse)
1789742670.212103,780,405,shimul-01-block-2-trial-1-target-6,570.0,450.0,37.5,False,Pointer Move (Standard mouse)
1789742670.219361,781,405,shimul-01-block-2-trial-1-target-6,570.0,450.0,37.5,False,Pointer Move (Standard mouse)
1789742670.227388,781,404,shimul-01-block-2-trial-1-target-6,570.0,450.0,37.5,False,Pointer Move (Standard mouse)
1789742670.241705,781,404,shimul-01-block-2-trial-1-target-6,570.0,450.0,37.5,False,Pointer Move (Standard mouse)
1789742670.249258,781,404,shimul-01-block-2-trial-1-target-6,570.0,450.0,37.5,False,Pointer Move (Standard mouse)
1789742670.257361,780,404,shimul-01-block-2-trial-1-target-6,570.0,450.0,37.5,False,Pointer Move (Standard mouse)
1789742670.264881,777,404,shimul-01-block-2-trial-1-target-6,570.0,450.0,37.5,False,Pointer Move (Standard mouse)
1789742670.2726662,772,404,shimul-01-block-2-trial-1-target-6,570.0,450.0,37.5,False,Pointer Move (Standard mouse)
1789742670.2792802,770,404,shimul-01-block-2-trial-1-target-6,570.0,450.0,37.5,False,Pointer Move (Standard mouse)
1789742670.2871292,760,402,shimul-01-block-2-trial-1-target-6,570.0,450.0,37.5,False,Pointer Move (Standard mouse)
1789742670.294498,750,402,shimul-01-block-2-trial-1-target-6,570.0,450.0,37.5,False,Pointer Move (Standard mouse)
1789742670.301961,739,402,shimul-01-block-2-trial-1-target-6,570.0,450.0,37.5,False,Pointer Move (Standard mouse)
1789742670.309556,727,402,shimul-01-block-2-trial-1-target-6,570.0,450.0,37.5,False,Pointer Move (Standard mouse)
1789742670.316607,724,402,shimul-01-block-2-trial-1-target-6,570.0,450.0,37.5,False,Pointer Move (Standard mouse)
1789742670.324213,710,404,shimul-01-block-2-trial-1-target-6,570.0,450.0,37.5,False,Pointer Move (Standard mouse)
1789742670.331512,698,404,shimul-01-block-2-trial-1-target-6,570.0,450.0,37.5,False,Pointer Move (Standard mouse)
1789742670.339183,689,404,shimul-01-block-2-trial-1-target-6,570.0,450.0,37.5,False,Pointer Move (Standard mouse)
1789742670.346865,684,404,shimul-01-block-2-trial-1-target-6,570.0,450.0,37.5,False,Pointer Move (Standard mouse)
1789742670.3549309,676,405,shimul-01-block-2-trial-1-target-6,570.0,450.0,37.5,False,Pointer Move (Standard mouse)
1789742670.3623838,671,405,shimul-01-block-2-trial-1-target-6,570.0,450.0,37.5,False,Pointer Move (Standard mouse)
1789742670.3695,664,405,shimul-01-block-2-trial-1-target-6,570.0,450.0,37.5,False,Pointer Move (Standard mouse)
1789742670.3766541,659,406,shimul-01-block-2-trial-1-target-6,570.0,450.0,37.5,False,Pointer Move (Standard mouse)
1789742670.384498,657,406,shimul-01-block-2-trial-1-target-6,570.0,450.0,37.5,False,Pointer Move (Standard mouse)
1789742670.39226,650,408,shimul-01-block-2-trial-1-target-6,570.0,450.0,37.5,False,Pointer Move (Standard mouse)
1789742670.415009,645,410,shimul-01-block-2-trial-1-target-6,570.0,450.0,37.5,False,Pointer Move (Standard mouse)
1789742670.421946,640,412,shimul-01-block-2-trial-1-target-6,570.0,450.0,37.5,False,Pointer Move (Standard mouse)
1789742670.429752,626,419,shimul-01-block-2-trial-1-target-6,570.0,450.0,37.5,False,Pointer Move (Standard mouse)
1789742670.4377432,625,419,shimul-01-block-2-trial-1-target-6,570.0,450.0,37.5,False,Pointer Move (Standard mouse)
1789742670.4450219,621,422,shimul-01-block-2-trial-1-target-6,570.0,450.0,37.5,False,Pointer Move (Standard mouse)
1789742670.452063,620,423,shimul-01-block-2-trial-1-target-6,570.0,450.0,37.5,False,Pointer Move (Standard mouse)
1789742670.4603782,618,424,shimul-01-block-2-trial-1-target-6,570.0,450.0,37.5,False,Pointer Move (Standard mouse)
1789742670.4669042,617,425,shimul-01-block-2-trial-1-target-6,570.0,450.0,37.5,False,Pointer Move (Standard mouse)
1789742670.474446,615,426,shimul-01-block-2-trial-1-target-6,570.0,450.0,37.5,False,Pointer Move (Standard mouse)
1789742670.4822552,612,428,shimul-01-block-2-trial-1-target-6,570.0,450.0,37.5,False,Pointer Move (Standard mouse)
1789742670.489354,611,429,shimul-01-block-2-trial-1-target-6,570.0,450.0,37.5,False,Pointer Move (Standard mouse)
1789742670.497289,610,430,shimul-01-block-2-trial-1-target-6,570.0,450.0,37.5,False,Pointer Move (Standard mouse)
1789742670.504226,608,433,shimul-01-block-2-trial-1-target-6,570.0,450.0,37.5,False,Pointer Move (Standard mouse)
1789742670.512083,607,433,shimul-01-block-2-trial-1-target-6,570.0,450.0,37.5,False,Pointer Move (Standard mouse)
1789742670.519799,607,434,shimul-01-block-2-trial-1-target-6,570.0,450.0,37.5,False,Pointer Move (Standard mouse)
1789742670.527978,606,434,shimul-01-block-2-trial-1-target-6,570.0,450.0,37.5,False,Pointer Move (Standard mouse)
1789742670.534276,606,435,shimul-01-block-2-trial-1-target-6,570.0,450.0,37.5,False,Pointer Move (Standard mouse)
1789742670.542042,606,435,shimul-01-block-2-trial-1-target-6,570.0,450.0,37.5,False,Pointer Move (Standard mouse)
1789742670.549344,605,435,shimul-01-block-2-trial-1-target-6,570.0,450.0,37.5,False,Pointer Move (Standard mouse)
1789742670.556854,605,436,shimul-01-block-2-trial-1-target-6,570.0,450.0,37.5,False,Pointer Move (Standard mouse)
1789742670.5645928,604,437,shimul-01-block-2-trial-1-target-6,570.0,450.0,37.5,False,Pointer Move (Standard mouse)
1789742670.571407,604,437,shimul-01-block-2-trial-1-target-6,570.0,450.0,37.5,False,Pointer Move (Standard mouse)
1789742670.5795,604,437,shimul-01-block-2-trial-1-target-6,570.0,450.0,37.5,False,Pointer Move (Standard mouse)
1789742670.587509,604,438,shimul-01-block-2-trial-1-target-6,570.0,450.0,37.5,False,Pointer Move (Standard mouse)
1789742670.594837,603,438,shimul-01-block-2-trial-1-target-6,570.0,450.0,37.5,False,Pointer Move (Standard mouse)
1789742670.6013172,603,439,shimul-01-block-2-trial-1-target-6,570.0,450.0,37.5,False,Pointer Move (Standard mouse)
1789742670.60925,603,439,shimul-01-block-2-trial-1-target-6,570.0,450.0,37.5,False,Pointer Move (Standard mouse)
1789742670.616628,602,439,shimul-01-block-2-trial-1-target-6,570.0,450.0,37.5,False,Pointer Move (Standard mouse)
1789742670.65604,602,439,shimul-01-block-2-trial-1-target-6,570.0,450.0,37.5,False,Pointer Move (Standard mouse)
1789742670.679004,602,440,shimul-01-block-2-trial-1-target-6,570.0,450.0,37.5,False,Pointer Move (Standard mouse)
1789742670.686026,601,440,shimul-01-block-2-trial-1-target-6,570.0,450.0,37.5,False,Pointer Move (Standard mouse)
1789742670.6953359,599,441,shimul-01-block-2-trial-1-target-6,570.0,450.0,37.5,False,Pointer Move (Standard mouse)
1789742670.702952,598,442,shimul-01-block-2-trial-1-target-6,570.0,450.0,37.5,False,Pointer Move (Standard mouse)
1789742670.706783,596,443,shimul-01-block-2-trial-1-target-6,570.0,450.0,37.5,False,Pointer Move (Standard mouse)
1789742670.714553,593,444,shimul-01-block-2-trial-1-target-6,570.0,450.0,37.5,False,Pointer Move (Standard mouse)
1789742670.722631,592,444,shimul-01-block-2-trial-1-target-6,570.0,450.0,37.5,False,Pointer Move (Standard mouse)
1789742670.7293718,591,444,shimul-01-block-2-trial-1-target-6,570.0,450.0,37.5,False,Pointer Move (Standard mouse)
1789742670.7381601,591,444,shimul-01-block-2-trial-1-target-6,570.0,450.0,37.5,False,Pointer Move (Standard mouse)
1789742670.745496,591,444,shimul-01-block-2-trial-1-target-6,570.0,450.0,37.5,False,Pointer Move (Standard mouse)
1789742670.836611,591,444,shimul-01-block-2-trial-1-target-6,570.0,450.0,37.5,target_selected,target_selected
1789742670.939627,591,444,shimul-01-block-2-trial-2-target-2,870.0,450.0,37.5,False,Pointer Move (Standard mouse)
1789742670.954387,591,444,shimul-01-block-2-trial-2-target-2,870.0,450.0,37.5,False,Pointer Move (Standard mouse)
1789742670.9614651,592,444,shimul-01-block-2-trial-2-target-2,870.0,450.0,37.5,False,Pointer Move (Standard mouse)
1789742670.969131,592,444,shimul-01-block-2-trial-2-target-2,870.0,450.0,37.5,False,Pointer Move (Standard mouse)
1789742670.976037,596,444,shimul-01-block-2-trial-2-target-2,870.0,450.0,37.5,False,Pointer Move (Standard mouse)
1789742670.9834812,596,444,shimul-01-block-2-trial-2-target-2,870.0,450.0,37.5,False,Pointer Move (Standard mouse)
1789742670.9989078,599,444,shimul-01-block-2-trial-2-target-2,870.0,450.0,37.5,False,Pointer Move (Standard mouse)
1789742671.0064871,605,443,shimul-01-block-2-trial-2-target-2,870.0,450.0,37.5,False,Pointer Move (Standard mouse)
1789742671.013998,610,442,shimul-01-block-2-trial-2-target-2,870.0,450.0,37.5,False,Pointer Move (Standard mouse)
1789742671.025496,623,441,shimul-01-block-2-trial-2-target-2,870.0,450.0,37.5,False,Pointer Move (Standard mouse)
1789742671.0295901,629,440,shimul-01-block-2-trial-2-target-2,870.0,450.0,37.5,False,Pointer Move (Standard mouse)
1789742671.037326,649,435,shimul-01-block-2-trial-2-target-2,870.0,450.0,37.5,False,Pointer Move (Standard mouse)
1789742671.044823,665,433,shimul-01-block-2-trial-2-target-2,870.0,450.0,37.5,False,Pointer Move (Standard mouse)
1789742671.052746,691,429,shimul-01-block-2-trial-2-target-2,870.0,450.0,37.5,False,Pointer Move (Standard mouse)
1789742671.059393,717,425,shimul-01-block-2-trial-2-target-2,870.0,450.0,37.5,False,Pointer Move (Standard mouse)
1789742671.06723,733,423,shimul-01-block-2-trial-2-target-2,870.0,450.0,37.5,False,Pointer Move (Standard mouse)
1789742671.074425,762,420,shimul-01-block-2-trial-2-target-2,870.0,450.0,37.5,False,Pointer Move (Standard mouse)
1789742671.081727,790,419,shimul-01-block-2-trial-2-target-2,870.0,450.0,37.5,False,Pointer Move (Standard mouse)
1789742671.08957,818,417,shimul-01-block-2-trial-2-target-2,870.0,450.0,37.5,False,Pointer Move (Standard mouse)
1789742671.097725,834,416,shimul-01-block-2-trial-2-target-2,870.0,450.0,37.5,False,Pointer Move (Standard mouse)
1789742671.105209,853,416,shimul-01-block-2-trial-2-target-2,870.0,450.0,37.5,False,Pointer Move (Standard mouse)
1789742671.111694,860,416,shimul-01-block-2-trial-2-target-2,870.0,450.0,37.5,False,Pointer Move (Standard mouse)
1789742671.1189241,866,416,shimul-01-block-2-trial-2-target-2,870.0,450.0,37.5,False,Pointer Move (Standard mouse)
1789742671.12719,870,416,shimul-01-block-2-trial-2-target-2,870.0,450.0,37.5,False,Pointer Move (Standard mouse)
1789742671.13489,870,416,shimul-01-block-2-trial-2-target-2,870.0,450.0,37.5,False,Pointer Move (Standard mouse)
1789742671.141867,870,416,shimul-01-block-2-trial-2-target-2,870.0,450.0,37.5,False,Pointer Move (Standard mouse)
1789742671.18804,870,416,shimul-01-block-2-trial-2-target-2,870.0,450.0,37.5,False,Pointer Move (Standard mouse)
1789742671.225363,870,416,shimul-01-block-2-trial-2-target-2,870.0,450.0,37.5,False,Pointer Move (Standard mouse)
1789742671.2492101,870,417,shimul-01-block-2-trial-2-target-2,870.0,450.0,37.5,False,Pointer Move (Standard mouse)
1789742671.282986,869,418,shimul-01-block-2-trial-2-target-2,870.0,450.0,37.5,False,Pointer Move (Standard mouse)
1789742671.2897542,869,418,shimul-01-block-2-trial-2-target-2,870.0,450.0,37.5,False,Pointer Move (Standard mouse)
1789742671.2939498,868,419,shimul-01-block-2-trial-2-target-2,870.0,450.0,37.5,False,Pointer Move (Standard mouse)
1789742671.299958,866,420,shimul-01-block-2-trial-2-target-2,870.0,450.0,37.5,False,Pointer Move (Standard mouse)
1789742671.3072078,864,422,shimul-01-block-2-trial-2-target-2,870.0,450.0,37.5,False,Pointer Move (Standard mouse)
1789742671.314112,860,424,shimul-01-block-2-trial-2-target-2,870.0,450.0,37.5,False,Pointer Move (Standard mouse)
1789742671.3227892,857,425,shimul-01-block-2-trial-2-target-2,870.0,450.0,37.5,False,Pointer Move (Standard mouse)
1789742671.32988,856,427,shimul-01-block-2-trial-2-target-2,870.0,450.0,37.5,False,Pointer Move (Standard mouse)
1789742671.337185,855,428,shimul-01-block-2-trial-2-target-2,870.0,450.0,37.5,False,Pointer Move (Standard mouse)
1789742671.345078,855,428,shimul-01-block-2-trial-2-target-2,870.0,450.0,37.5,False,Pointer Move (Standard mouse)
1789742671.351834,854,428,shimul-01-block-2-trial-2-target-2,870.0,450.0,37.5,False,Pointer Move (Standard mouse)
1789742671.359576,854,429,shimul-01-block-2-trial-2-target-2,870.0,450.0,37.5,False,Pointer Move (Standard mouse)
1789742671.366168,854,430,shimul-01-block-2-trial-2-target-2,870.0,450.0,37.5,False,Pointer Move (Standard mouse)
1789742671.37379,854,430,shimul-01-block-2-trial-2-target-2,870.0,450.0,37.5,False,Pointer Move (Standard mouse)
1789742671.381643,854,430,shimul-01-block-2-trial-2-target-2,870.0,450.0,37.5,False,Pointer Move (Standard mouse)
1789742671.389152,854,430,shimul-01-block-2-trial-2-target-2,870.0,450.0,37.5,False,Pointer Move (Standard mouse)
1789742671.412458,854,431,shimul-01-block-2-trial-2-target-2,870.0,450.0,37.5,False,Pointer Move (Standard mouse)
1789742671.418907,854,431,shimul-01-block-2-trial-2-target-2,870.0,450.0,37.5,False,Pointer Move (Standard mouse)
1789742671.426373,854,431,shimul-01-block-2-trial-2-target-2,870.0,450.0,37.5,False,Pointer Move (Standard mouse)
1789742671.433131,854,432,shimul-01-block-2-trial-2-target-2,870.0,450.0,37.5,False,Pointer Move (Standard mouse)
1789742671.480989,854,432,shimul-01-block-2-trial-2-target-2,870.0,450.0,37.5,target_selected,target_selected
1789742671.5939898,854,432,shimul-01-block-2-trial-3-target-6,570.0,450.0,37.5,False,Pointer Move (Standard mouse)
1789742671.600534,854,432,shimul-01-block-2-trial-3-target-6,570.0,450.0,37.5,False,Pointer Move (Standard mouse)
1789742671.608305,854,433,shimul-01-block-2-trial-3-target-6,570.0,450.0,37.5,False,Pointer Move (Standard mouse)
1789742671.614003,853,433,shimul-01-block-2-trial-3-target-6,570.0,450.0,37.5,False,Pointer Move (Standard mouse)
1789742671.622826,850,436,shimul-01-block-2-trial-3-target-6,570.0,450.0,37.5,False,Pointer Move (Standard mouse)
1789742671.6301,849,436,shimul-01-block-2-trial-3-target-6,570.0,450.0,37.5,False,Pointer Move (Standard mouse)
1789742671.637354,845,437,shimul-01-block-2-trial-3-target-6,570.0,450.0,37.5,False,Pointer Move (Standard mouse)
1789742671.645369,844,437,shimul-01-block-2-trial-3-target-6,570.0,450.0,37.5,False,Pointer Move (Standard mouse)
1789742671.6521332,839,439,shimul-01-block-2-trial-3-target-6,570.0,450.0,37.5,False,Pointer Move (Standard mouse)
1789742671.660407,829,443,shimul-01-block-2-trial-3-target-6,570.0,450.0,37.5,False,Pointer Move (Standard mouse)
1789742671.667933,822,446,shimul-01-block-2-trial-3-target-6,570.0,450.0,37.5,False,Pointer Move (Standard mouse)
1789742671.6740422,808,447,shimul-01-block-2-trial-3-target-6,570.0,450.0,37.5,False,Pointer Move (Standard mouse)
1789742671.6812139,799,448,shimul-01-block-2-trial-3-target-6,570.0,450.0,37.5,False,Pointer Move (Standard mouse)
1789742671.6891332,782,448,shimul-01-block-2-trial-3-target-6,570.0,450.0,37.5,False,Pointer Move (Standard mouse)
1789742671.696717,766,448,shimul-01-block-2-trial-3-target-6,570.0,450.0,37.5,False,Pointer Move (Standard mouse)
1789742671.704117,756,448,shimul-01-block-2-trial-3-target-6,570.0,450.0,37.5,False,Pointer Move (Standard mouse)
1789742671.71199,737,448,shimul-01-block-2-trial-3-target-6,570.0,450.0,37.5,False,Pointer Move (Standard mouse)
1789742671.718935,720,447,shimul-01-block-2-trial-3-target-6,570.0,450.0,37.5,False,Pointer Move (Standard mouse)
1789742671.726868,713,447,shimul-01-block-2-trial-3-target-6,570.0,450.0,37.5,False,Pointer Move (Standard mouse)
1789742671.733779,692,445,shimul-01-block-2-trial-3-target-6,570.0,450.0,37.5,False,Pointer Move (Standard mouse)
1789742671.741706,675,444,shimul-01-block-2-trial-3-target-6,570.0,450.0,37.5,False,Pointer Move (Standard mouse)
1789742671.74929,657,442,shimul-01-block-2-trial-3-target-6,570.0,450.0,37.5,False,Pointer Move (Standard mouse)
1789742671.7619169,647,441,shimul-01-block-2-trial-3-target-6,570.0,450.0,37.5,False,Pointer Move (Standard mouse)
1789742671.764102,628,440,shimul-01-block-2-trial-3-target-6,570.0,450.0,37.5,False,Pointer Move (Standard mouse)
1789742671.772074,617,440,shimul-01-block-2-trial-3-target-6,570.0,450.0,37.5,False,Pointer Move (Standard mouse)
1789742671.779608,605,438,shimul-01-block-2-trial-3-target-6,570.0,450.0,37.5,False,Pointer Move (Standard mouse)
1789742671.7863731,599,438,shimul-01-block-2-trial-3-target-6,570.0,450.0,37.5,False,Pointer Move (Standard mouse)
1789742671.794817,595,438,shimul-01-block-2-trial-3-target-6,570.0,450.0,37.5,False,Pointer Move (Standard mouse)
1789742671.802254,594,438,shimul-01-block-2-trial-3-target-6,570.0,450.0,37.5,False,Pointer Move (Standard mouse)
1789742671.8181472,593,438,shimul-01-block-2-trial-3-target-6,570.0,450.0,37.5,False,Pointer Move (Standard mouse)
1789742671.886396,593,438,shimul-01-block-2-trial-3-target-6,570.0,450.0,37.5,False,Pointer Move (Standard mouse)
1789742671.9234781,593,438,shimul-01-block-2-trial-3-target-6,570.0,450.0,37.5,False,Pointer Move (Standard mouse)
1789742671.946928,592,438,shimul-01-block-2-trial-3-target-6,570.0,450.0,37.5,False,Pointer Move (Standard mouse)
1789742671.953109,592,438,shimul-01-block-2-trial-3-target-6,570.0,450.0,37.5,False,Pointer Move (Standard mouse)
1789742671.9597921,591,438,shimul-01-block-2-trial-3-target-6,570.0,450.0,37.5,False,Pointer Move (Standard mouse)
1789742671.990824,591,438,shimul-01-block-2-trial-3-target-6,570.0,450.0,37.5,False,Pointer Move (Standard mouse)
1789742671.99746,590,438,shimul-01-block-2-trial-3-target-6,570.0,450.0,37.5,False,Pointer Move (Standard mouse)
1789742672.004859,589,438,shimul-01-block-2-trial-3-target-6,570.0,450.0,37.5,False,Pointer Move (Standard mouse)
1789742672.012087,588,438,shimul-01-block-2-trial-3-target-6,570.0,450.0,37.5,False,Pointer Move (Standard mouse)
1789742672.019385,588,438,shimul-01-block-2-trial-3-target-6,570.0,450.0,37.5,False,Pointer Move (Standard mouse)
1789742672.02722,588,439,shimul-01-block-2-trial-3-target-6,570.0,450.0,37.5,False,Pointer Move (Standard mouse)
1789742672.058759,588,439,shimul-01-block-2-trial-3-target-6,570.0,450.0,37.5,False,Pointer Move (Standard mouse)
1789742672.0888839,588,439,shimul-01-block-2-trial-3-target-6,570.0,450.0,37.5,target_selected,target_selected
1789742672.163455,588,439,shimul-01-block-2-trial-4-target-2,870.0,450.0,37.5,False,Pointer Move (Standard mouse)
1789742672.1697311,588,439,shimul-01-block-2-trial-4-target-2,870.0,450.0,37.5,False,Pointer Move (Standard mouse)
1789742672.1771,590,439,shimul-01-block-2-trial-4-target-2,870.0,450.0,37.5,False,Pointer Move (Standard mouse)
1789742672.184561,590,438,shimul-01-block-2-trial-4-target-2,870.0,450.0,37.5,False,Pointer Move (Standard mouse)
1789742672.192107,592,438,shimul-01-block-2-trial-4-target-2,870.0,450.0,37.5,False,Pointer Move (Standard mouse)
1789742672.199531,594,438,shimul-01-block-2-trial-4-target-2,870.0,450.0,37.5,False,Pointer Move (Standard mouse)
1789742672.2065659,597,438,shimul-01-block-2-trial-4-target-2,870.0,450.0,37.5,False,Pointer Move (Standard mouse)
1789742672.2147148,600,438,shimul-01-block-2-trial-4-target-2,870.0,450.0,37.5,False,Pointer Move (Standard mouse)
1789742672.22269,607,438,shimul-01-block-2-trial-4-target-2,870.0,450.0,37.5,False,Pointer Move (Standard mouse)
1789742672.229483,616,438,shimul-01-block-2-trial-4-target-2,870.0,450.0,37.5,False,Pointer Move (Standard mouse)
1789742672.2370439,624,438,shimul-01-block-2-trial-4-target-2,870.0,450.0,37.5,False,Pointer Move (Standard mouse)
1789742672.244676,641,438,shimul-01-block-2-trial-4-target-2,870.0,450.0,37.5,False,Pointer Move (Standard mouse)
1789742672.252115,650,438,shimul-01-block-2-trial-4-target-2,870.0,450.0,37.5,False,Pointer Move (Standard mouse)
1789742672.2598689,669,438,shimul-01-block-2-trial-4-target-2,870.0,450.0,37.5,False,Pointer Move (Standard mouse)
1789742672.266948,679,438,shimul-01-block-2-trial-4-target-2,870.0,450.0,37.5,False,Pointer Move (Standard mouse)
1789742672.274024,699,438,shimul-01-block-2-trial-4-target-2,870.0,450.0,37.5,False,Pointer Move (Standard mouse)
1789742672.281308,718,440,shimul-01-block-2-trial-4-target-2,870.0,450.0,37.5,False,Pointer Move (Standard mouse)
1789742672.289066,731,440,shimul-01-block-2-trial-4-target-2,870.0,450.0,37.5,False,Pointer Move (Standard mouse)
1789742672.296575,744,440,shimul-01-block-2-trial-4-target-2,870.0,450.0,37.5,False,Pointer Move (Standard mouse)
1789742672.30412,759,440,shimul-01-block-2-trial-4-target-2,870.0,450.0,37.5,False,Pointer Move (Standard mouse)
1789742672.311536,773,440,shimul-01-block-2-trial-4-target-2,870.0,450.0,37.5,False,Pointer Move (Standard mouse)
1789742672.31904,787,440,shimul-01-block-2-trial-4-target-2,870.0,450.0,37.5,False,Pointer Move (Standard mouse)
1789742672.327187,795,440,shimul-01-block-2-trial-4-target-2,870.0,450.0,37.5,False,Pointer Move (Standard mouse)
1789742672.334236,811,440,shimul-01-block-2-trial-4-target-2,870.0,450.0,37.5,False,Pointer Move (Standard mouse)
1789742672.341944,814,440,shimul-01-block-2-trial-4-target-2,870.0,450.0,37.5,False,Pointer Move (Standard mouse)
1789742672.349109,823,440,shimul-01-block-2-trial-4-target-2,870.0,450.0,37.5,False,Pointer Move (Standard mouse)
1789742672.35634,831,440,shimul-01-block-2-trial-4-target-2,870.0,450.0,37.5,False,Pointer Move (Standard mouse)
1789742672.364234,832,440,shimul-01-block-2-trial-4-target-2,870.0,450.0,37.5,False,Pointer Move (Standard mouse)
1789742672.371666,834,440,shimul-01-block-2-trial-4-target-2,870.0,450.0,37.5,False,Pointer Move (Standard mouse)
1789742672.380007,834,440,shimul-01-block-2-trial-4-target-2,870.0,450.0,37.5,False,Pointer Move (Standard mouse)
1789742672.386827,835,440,shimul-01-block-2-trial-4-target-2,870.0,450.0,37.5,False,Pointer Move (Standard mouse)
1789742672.394181,835,440,shimul-01-block-2-trial-4-target-2,870.0,450.0,37.5,False,Pointer Move (Standard mouse)
1789742672.401698,836,440,shimul-01-block-2-trial-4-target-2,870.0,450.0,37.5,False,Pointer Move (Standard mouse)
1789742672.408972,837,439,shimul-01-block-2-trial-4-target-2,870.0,450.0,37.5,False,Pointer Move (Standard mouse)
1789742672.416615,839,439,shimul-01-block-2-trial-4-target-2,870.0,450.0,37.5,False,Pointer Move (Standard mouse)
1789742672.423737,839,439,shimul-01-block-2-trial-4-target-2,870.0,450.0,37.5,False,Pointer Move (Standard mouse)
1789742672.430938,843,439,shimul-01-block-2-trial-4-target-2,870.0,450.0,37.5,False,Pointer Move (Standard mouse)
1789742672.4383512,846,438,shimul-01-block-2-trial-4-target-2,870.0,450.0,37.5,False,Pointer Move (Standard mouse)
1789742672.446121,849,437,shimul-01-block-2-trial-4-target-2,870.0,450.0,37.5,False,Pointer Move (Standard mouse)
1789742672.4537349,851,437,shimul-01-block-2-trial-4-target-2,870.0,450.0,37.5,False,Pointer Move (Standard mouse)
1789742672.464112,851,437,shimul-01-block-2-trial-4-target-2,870.0,450.0,37.5,False,Pointer Move (Standard mouse)
1789742672.4681118,852,437,shimul-01-block-2-trial-4-target-2,870.0,450.0,37.5,False,Pointer Move (Standard mouse)
1789742672.5976388,852,437,shimul-01-block-2-trial-4-target-2,870.0,450.0,37.5,target_selected,target_selected
1789742672.694836,851,437,shimul-01-block-2-trial-5-target-6,570.0,450.0,37.5,False,Pointer Move (Standard mouse)
1789742672.7026849,851,438,shimul-01-block-2-trial-5-target-6,570.0,450.0,37.5,False,Pointer Move (Standard mouse)
1789742672.709588,849,438,shimul-01-block-2-trial-5-target-6,570.0,450.0,37.5,False,Pointer Move (Standard mouse)
1789742672.7163148,846,440,shimul-01-block-2-trial-5-target-6,570.0,450.0,37.5,False,Pointer Move (Standard mouse)
1789742672.724093,844,440,shimul-01-block-2-trial-5-target-6,570.0,450.0,37.5,False,Pointer Move (Standard mouse)
1789742672.733672,839,441,shimul-01-block-2-trial-5-target-6,570.0,450.0,37.5,False,Pointer Move (Standard mouse)
1789742672.739736,831,442,shimul-01-block-2-trial-5-target-6,570.0,450.0,37.5,False,Pointer Move (Standard mouse)
1789742672.746631,820,445,shimul-01-block-2-trial-5-target-6,570.0,450.0,37.5,False,Pointer Move (Standard mouse)
1789742672.7582521,810,445,shimul-01-block-2-trial-5-target-6,570.0,450.0,37.5,False,Pointer Move (Standard mouse)
1789742672.761638,798,446,shimul-01-block-2-trial-5-target-6,570.0,450.0,37.5,False,Pointer Move (Standard mouse)
1789742672.769569,789,448,shimul-01-block-2-trial-5-target-6,570.0,450.0,37.5,False,Pointer Move (Standard mouse)
1789742672.7766678,777,449,shimul-01-block-2-trial-5-target-6,570.0,450.0,37.5,False,Pointer Move (Standard mouse)
1789742672.784213,767,450,shimul-01-block-2-trial-5-target-6,570.0,450.0,37.5,False,Pointer Move (Standard mouse)
1789742672.7916758,757,452,shimul-01-block-2-trial-5-target-6,570.0,450.0,37.5,False,Pointer Move (Standard mouse)
1789742672.798827,745,453,shimul-01-block-2-trial-5-target-6,570.0,450.0,37.5,False,Pointer Move (Standard mouse)
1789742672.8073778,733,454,shimul-01-block-2-trial-5-target-6,570.0,450.0,37.5,False,Pointer Move (Standard mouse)
1789742672.815568,726,455,shimul-01-block-2-trial-5-target-6,570.0,450.0,37.5,False,Pointer Move (Standard mouse)
1789742672.821953,714,455,shimul-01-block-2-trial-5-target-6,570.0,450.0,37.5,False,Pointer Move (Standard mouse)
1789742672.828985,707,456,shimul-01-block-2-trial-5-target-6,570.0,450.0,37.5,False,Pointer Move (Standard mouse)
1789742672.8369348,700,458,shimul-01-block-2-trial-5-target-6,570.0,450.0,37.5,False,Pointer Move (Standard mouse)
1789742672.8442822,691,458,shimul-01-block-2-trial-5-target-6,570.0,450.0,37.5,False,Pointer Move (Standard mouse)
1789742672.852553,688,458,shimul-01-block-2-trial-5-target-6,570.0,450.0,37.5,False,Pointer Move (Standard mouse)
1789742672.859203,683,458,shimul-01-block-2-trial-5-target-6,570.0,450.0,37.5,False,Pointer Move (Standard mouse)
1789742672.866994,678,458,shimul-01-block-2-trial-5-target-6,570.0,450.0,37.5,False,Pointer Move (Standard mouse)
1789742672.874735,673,458,shimul-01-block-2-trial-5-target-6,570.0,450.0,37.5,False,Pointer Move (Standard mouse)
1789742672.8824,671,458,shimul-01-block-2-trial-5-target-6,570.0,450.0,37.5,False,Pointer Move (Standard mouse)
1789742672.891114,668,458,shimul-01-block-2-trial-5-target-6,570.0,450.0,37.5,False,Pointer Move (Standard mouse)
1789742672.897216,665,458,shimul-01-block-2-trial-5-target-6,570.0,450.0,37.5,False,Pointer Move (Standard mouse)
1789742672.903733,661,458,shimul-01-block-2-trial-5-target-6,570.0,450.0,37.5,False,Pointer Move (Standard mouse)
1789742672.911346,660,458,shimul-01-block-2-trial-5-target-6,570.0,450.0,37.5,False,Pointer Move (Standard mouse)
1789742672.9187799,659,458,shimul-01-block-2-trial-5-target-6,570.0,450.0,37.5,False,Pointer Move (Standard mouse)
1789742672.926571,658,458,shimul-01-block-2-trial-5-target-6,570.0,450.0,37.5,False,Pointer Move (Standard mouse)
1789742672.93452,658,458,shimul-01-block-2-trial-5-target-6,570.0,450.0,37.5,False,Pointer Move (Standard mouse)
1789742672.9420989,656,458,shimul-01-block-2-trial-5-target-6,570.0,450.0,37.5,False,Pointer Move (Standard mouse)
1789742672.949474,654,458,shimul-01-block-2-trial-5-target-6,570.0,450.0,37.5,False,Pointer Move (Standard mouse)
1789742672.9577138,653,458,shimul-01-block-2-trial-5-target-6,570.0,450.0,37.5,False,Pointer Move (Standard mouse)
1789742672.96451,650,459,shimul-01-block-2-trial-5-target-6,570.0,450.0,37.5,False,Pointer Move (Standard mouse)
1789742672.9709508,644,459,shimul-01-block-2-trial-5-target-6,570.0,450.0,37.5,False,Pointer Move (Standard mouse)
1789742672.9787211,641,459,shimul-01-block-2-trial-5-target-6,570.0,450.0,37.5,False,Pointer Move (Standard mouse)
1789742672.986064,640,459,shimul-01-block-2-trial-5-target-6,570.0,450.0,37.5,False,Pointer Move (Standard mouse)
1789742672.993782,634,459,shimul-01-block-2-trial-5-target-6,570.0,450.0,37.5,False,Pointer Move (Standard mouse)
1789742673.0019011,626,459,shimul-01-block-2-trial-5-target-6,570.0,450.0,37.5,False,Pointer Move (Standard mouse)
1789742673.009376,625,459,shimul-01-block-2-trial-5-target-6,570.0,450.0,37.5,False,Pointer Move (Standard mouse)
1789742673.0325692,620,459,shimul-01-block-2-trial-5-target-6,570.0,450.0,37.5,False,Pointer Move (Standard mouse)
1789742673.039561,617,459,shimul-01-block-2-trial-5-target-6,570.0,450.0,37.5,False,Pointer Move (Standard mouse)
1789742673.047471,591,461,shimul-01-block-2-trial-5-target-6,570.0,450.0,37.5,False,Pointer Move (Standard mouse)
1789742673.0542321,586,461,shimul-01-block-2-trial-5-target-6,570.0,450.0,37.5,False,Pointer Move (Standard mouse)
1789742673.062031,575,461,shimul-01-block-2-trial-5-target-6,570.0,450.0,37.5,False,Pointer Move (Standard mouse)
1789742673.069493,565,461,shimul-01-block-2-trial-5-target-6,570.0,450.0,37.5,False,Pointer Move (Standard mouse)
1789742673.076801,558,461,shimul-01-block-2-trial-5-target-6,570.0,450.0,37.5,False,Pointer Move (Standard mouse)
1789742673.084136,548,461,shimul-01-block-2-trial-5-target-6,570.0,450.0,37.5,False,Pointer Move (Standard mouse)
1789742673.091549,539,461,shimul-01-block-2-trial-5-target-6,570.0,450.0,37.5,False,Pointer Move (Standard mouse)
1789742673.0989382,538,461,shimul-01-block-2-trial-5-target-6,570.0,450.0,37.5,False,Pointer Move (Standard mouse)
1789742673.1074429,531,461,shimul-01-block-2-trial-5-target-6,570.0,450.0,37.5,False,Pointer Move (Standard mouse)
1789742673.115137,527,461,shimul-01-block-2-trial-5-target-6,570.0,450.0,37.5,False,Pointer Move (Standard mouse)
1789742673.1225312,526,461,shimul-01-block-2-trial-5-target-6,570.0,450.0,37.5,False,Pointer Move (Standard mouse)
1789742673.1302028,526,460,shimul-01-block-2-trial-5-target-6,570.0,450.0,37.5,False,Pointer Move (Standard mouse)
1789742673.1546931,526,460,shimul-01-block-2-trial-5-target-6,570.0,450.0,37.5,False,Pointer Move (Standard mouse)
1789742673.176328,525,460,shimul-01-block-2-trial-5-target-6,570.0,450.0,37.5,False,Pointer Move (Standard mouse)
1789742673.348709,526,459,shimul-01-block-2-trial-5-target-6,570.0,450.0,37.5,False,Pointer Move (Standard mouse)
1789742673.356263,526,459,shimul-01-block-2-trial-5-target-6,570.0,450.0,37.5,False,Pointer Move (Standard mouse)
1789742673.3625112,529,457,shimul-01-block-2-trial-5-target-6,570.0,450.0,37.5,False,Pointer Move (Standard mouse)
1789742673.370782,534,455,shimul-01-block-2-trial-5-target-6,570.0,450.0,37.5,False,Pointer Move (Standard mouse)
1789742673.376742,539,453,shimul-01-block-2-trial-5-target-6,570.0,450.0,37.5,False,Pointer Move (Standard mouse)
1789742673.384373,544,451,shimul-01-block-2-trial-5-target-6,570.0,450.0,37.5,False,Pointer Move (Standard mouse)
1789742673.3921568,549,451,shimul-01-block-2-trial-5-target-6,570.0,450.0,37.5,False,Pointer Move (Standard mouse)
1789742673.399335,551,451,shimul-01-block-2-trial-5-target-6,570.0,450.0,37.5,False,Pointer Move (Standard mouse)
1789742673.406694,551,451,shimul-01-block-2-trial-5-target-6,570.0,450.0,37.5,False,Pointer Move (Standard mouse)
1789742673.414342,552,451,shimul-01-block-2-trial-5-target-6,570.0,450.0,37.5,False,Pointer Move (Standard mouse)
1789742673.422456,552,450,shimul-01-block-2-trial-5-target-6,570.0,450.0,37.5,False,Pointer Move (Standard mouse)
1789742673.429903,553,450,shimul-01-block-2-trial-5-target-6,570.0,450.0,37.5,False,Pointer Move (Standard mouse)
1789742673.437695,553,450,shimul-01-block-2-trial-5-target-6,570.0,450.0,37.5,False,Pointer Move (Standard mouse)
1789742673.446419,554,450,shimul-01-block-2-trial-5-target-6,570.0,450.0,37.5,False,Pointer Move (Standard mouse)
1789742673.4517639,554,450,shimul-01-block-2-trial-5-target-6,570.0,450.0,37.5,False,Pointer Move (Standard mouse)
1789742673.460513,554,450,shimul-01-block-2-trial-5-target-6,570.0,450.0,37.5,False,Pointer Move (Standard mouse)
1789742673.466848,555,450,shimul-01-block-2-trial-5-target-6,570.0,450.0,37.5,False,Pointer Move (Standard mouse)
1789742673.52071,555,450,shimul-01-block-2-trial-5-target-6,570.0,450.0,37.5,False,Pointer Move (Standard mouse)
1789742673.566752,555,450,shimul-01-block-2-trial-5-target-6,570.0,450.0,37.5,target_selected,target_selected
1789742673.595584,555,450,shimul-01-block-2-trial-6-target-2,870.0,450.0,37.5,False,Pointer Move (Standard mouse)
1789742673.617315,556,451,shimul-01-block-2-trial-6-target-2,870.0,450.0,37.5,False,Pointer Move (Standard mouse)
1789742673.6621492,556,451,shimul-01-block-2-trial-6-target-2,870.0,450.0,37.5,False,Pointer Move (Standard mouse)
1789742673.6710882,556,451,shimul-01-block-2-trial-6-target-2,870.0,450.0,37.5,False,Pointer Move (Standard mouse)
1789742673.677054,556,451,shimul-01-block-2-trial-6-target-2,870.0,450.0,37.5,False,Pointer Move (Standard mouse)
1789742673.6840892,557,451,shimul-01-block-2-trial-6-target-2,870.0,450.0,37.5,False,Pointer Move (Standard mouse)
1789742673.69208,557,451,shimul-01-block-2-trial-6-target-2,870.0,450.0,37.5,False,Pointer Move (Standard mouse)
1789742673.698837,558,451,shimul-01-block-2-trial-6-target-2,870.0,450.0,37.5,False,Pointer Move (Standard mouse)
1789742673.7072582,558,451,shimul-01-block-2-trial-6-target-2,870.0,450.0,37.5,False,Pointer Move (Standard mouse)
1789742673.715425,560,451,shimul-01-block-2-trial-6-target-2,870.0,450.0,37.5,False,Pointer Move (Standard mouse)
1789742673.722625,565,451,shimul-01-block-2-trial-6-target-2,870.0,450.0,37.5,False,Pointer Move (Standard mouse)
1789742673.7297611,577,451,shimul-01-block-2-trial-6-target-2,870.0,450.0,37.5,False,Pointer Move (Standard mouse)
1789742673.737586,589,451,shimul-01-block-2-trial-6-target-2,870.0,450.0,37.5,False,Pointer Move (Standard mouse)
1789742673.745075,601,451,shimul-01-block-2-trial-6-target-2,870.0,450.0,37.5,False,Pointer Move (Standard mouse)
1789742673.7522151,620,451,shimul-01-block-2-trial-6-target-2,870.0,450.0,37.5,False,Pointer Move (Standard mouse)
1789742673.760587,632,451,shimul-01-block-2-trial-6-target-2,870.0,450.0,37.5,False,Pointer Move (Standard mouse)
1789742673.7666528,648,451,shimul-01-block-2-trial-6-target-2,870.0,450.0,37.5,False,Pointer Move (Standard mouse)
1789742673.775135,665,451,shimul-01-block-2-trial-6-target-2,870.0,450.0,37.5,False,Pointer Move (Standard mouse)
1789742673.782896,684,451,shimul-01-block-2-trial-6-target-2,870.0,450.0,37.5,False,Pointer Move (Standard mouse)
1789742673.789077,705,451,shimul-01-block-2-trial-6-target-2,870.0,450.0,37.5,False,Pointer Move (Standard mouse)
1789742673.796824,724,450,shimul-01-block-2-trial-6-target-2,870.0,450.0,37.5,False,Pointer Move (Standard mouse)
1789742673.804548,742,450,shimul-01-block-2-trial-6-target-2,870.0,450.0,37.5,False,Pointer Move (Standard mouse)
1789742673.811668,761,448,shimul-01-block-2-trial-6-target-2,870.0,450.0,37.5,False,Pointer Move (Standard mouse)
1789742673.819286,771,448,shimul-01-block-2-trial-6-target-2,870.0,450.0,37.5,False,Pointer Move (Standard mouse)
1789742673.827283,787,447,shimul-01-block-2-trial-6-target-2,870.0,450.0,37.5,False,Pointer Move (Standard mouse)
1789742673.834429,800,445,shimul-01-block-2-trial-6-target-2,870.0,450.0,37.5,False,Pointer Move (Standard mouse)
1789742673.842211,804,445,shimul-01-block-2-trial-6-target-2,870.0,450.0,37.5,False,Pointer Move (Standard mouse)
1789742673.848885,816,445,shimul-01-block-2-trial-6-target-2,870.0,450.0,37.5,False,Pointer Move (Standard mouse)
1789742673.856104,821,445,shimul-01-block-2-trial-6-target-2,870.0,450.0,37.5,False,Pointer Move (Standard mouse)
1789742673.864274,826,444,shimul-01-block-2-trial-6-target-2,870.0,450.0,37.5,False,Pointer Move (Standard mouse)
1789742673.872104,831,444,shimul-01-block-2-trial-6-target-2,870.0,450.0,37.5,False,Pointer Move (Standard mouse)
1789742673.879673,834,444,shimul-01-block-2-trial-6-target-2,870.0,450.0,37.5,False,Pointer Move (Standard mouse)
1789742673.886969,839,444,shimul-01-block-2-trial-6-target-2,870.0,450.0,37.5,False,Pointer Move (Standard mouse)
1789742673.894911,844,443,shimul-01-block-2-trial-6-target-2,870.0,450.0,37.5,False,Pointer Move (Standard mouse)
1789742673.9022138,851,441,shimul-01-block-2-trial-6-target-2,870.0,450.0,37.5,False,Pointer Move (Standard mouse)
1789742673.909268,853,441,shimul-01-block-2-trial-6-target-2,870.0,450.0,37.5,False,Pointer Move (Standard mouse)
1789742673.9168499,860,440,shimul-01-block-2-trial-6-target-2,870.0,450.0,37.5,False,Pointer Move (Standard mouse)
1789742673.924067,860,440,shimul-01-block-2-trial-6-target-2,870.0,450.0,37.5,False,Pointer Move (Standard mouse)
1789742673.931037,862,440,shimul-01-block-2-trial-6-target-2,870.0,450.0,37.5,False,Pointer Move (Standard mouse)
1789742673.939348,862,440,shimul-01-block-2-trial-6-target-2,870.0,450.0,37.5,False,Pointer Move (Standard mouse)
1789742673.947028,863,440,shimul-01-block-2-trial-6-target-2,870.0,450.0,37.5,False,Pointer Move (Standard mouse)
1789742673.9541938,863,440,shimul-01-block-2-trial-6-target-2,870.0,450.0,37.5,False,Pointer Move (Standard mouse)
1789742673.9615061,863,439,shimul-01-block-2-trial-6-target-2,870.0,450.0,37.5,False,Pointer Move (Standard mouse)
1789742674.081783,864,439,shimul-01-block-2-trial-6-target-2,870.0,450.0,37.5,False,Pointer Move (Standard mouse)
1789742674.092448,864,439,shimul-01-block-2-trial-6-target-2,870.0,450.0,37.5,False,Pointer Move (Standard mouse)
1789742674.135075,864,439,shimul-01-block-2-trial-6-target-2,870.0,450.0,37.5,target_selected,target_selected
1789742674.179069,864,439,shimul-01-block-2-trial-7-target-6,570.0,450.0,37.5,False,Pointer Move (Standard mouse)
1789742674.2397492,864,440,shimul-01-block-2-trial-7-target-6,570.0,450.0,37.5,False,Pointer Move (Standard mouse)
1789742674.247263,863,440,shimul-01-block-2-trial-7-target-6,570.0,450.0,37.5,False,Pointer Move (Standard mouse)
1789742674.254406,855,443,shimul-01-block-2-trial-7-target-6,570.0,450.0,37.5,False,Pointer Move (Standard mouse)
1789742674.261842,850,444,shimul-01-block-2-trial-7-target-6,570.0,450.0,37.5,False,Pointer Move (Standard mouse)
1789742674.269492,843,446,shimul-01-block-2-trial-7-target-6,570.0,450.0,37.5,False,Pointer Move (Standard mouse)
1789742674.276224,834,448,shimul-01-block-2-trial-7-target-6,570.0,450.0,37.5,False,Pointer Move (Standard mouse)
1789742674.2837481,826,449,shimul-01-block-2-trial-7-target-6,570.0,450.0,37.5,False,Pointer Move (Standard mouse)
1789742674.291382,815,451,shimul-01-block-2-trial-7-target-6,570.0,450.0,37.5,False,Pointer Move (Standard mouse)
1789742674.298648,805,452,shimul-01-block-2-trial-7-target-6,570.0,450.0,37.5,False,Pointer Move (Standard mouse)
1789742674.3072882,796,452,shimul-01-block-2-trial-7-target-6,570.0,450.0,37.5,False,Pointer Move (Standard mouse)
1789742674.31367,793,453,shimul-01-block-2-trial-7-target-6,570.0,450.0,37.5,False,Pointer Move (Standard mouse)
1789742674.3219771,785,453,shimul-01-block-2-trial-7-target-6,570.0,450.0,37.5,False,Pointer Move (Standard mouse)
1789742674.3293738,779,454,shimul-01-block-2-trial-7-target-6,570.0,450.0,37.5,False,Pointer Move (Standard mouse)
1789742674.337784,773,454,shimul-01-block-2-trial-7-target-6,570.0,450.0,37.5,False,Pointer Move (Standard mouse)
1789742674.344691,764,454,shimul-01-block-2-trial-7-target-6,570.0,450.0,37.5,False,Pointer Move (Standard mouse)
1789742674.351864,759,454,shimul-01-block-2-trial-7-target-6,570.0,450.0,37.5,False,Pointer Move (Standard mouse)
1789742674.3598862,752,454,shimul-01-block-2-trial-7-target-6,570.0,450.0,37.5,False,Pointer Move (Standard mouse)
1789742674.366019,745,454,shimul-01-block-2-trial-7-target-6,570.0,450.0,37.5,False,Pointer Move (Standard mouse)
1789742674.3746738,740,453,shimul-01-block-2-trial-7-target-6,570.0,450.0,37.5,False,Pointer Move (Standard mouse)
1789742674.381301,735,453,shimul-01-block-2-trial-7-target-6,570.0,450.0,37.5,False,Pointer Move (Standard mouse)
1789742674.389319,730,453,shimul-01-block-2-trial-7-target-6,570.0,450.0,37.5,False,Pointer Move (Standard mouse)
1789742674.3964171,727,452,shimul-01-block-2-trial-7-target-6,570.0,450.0,37.5,False,Pointer Move (Standard mouse)
1789742674.404342,723,452,shimul-01-block-2-trial-7-target-6,570.0,450.0,37.5,False,Pointer Move (Standard mouse)
1789742674.411922,720,452,shimul-01-block-2-trial-7-target-6,570.0,450.0,37.5,False,Pointer Move (Standard mouse)
1789742674.422378,715,452,shimul-01-block-2-trial-7-target-6,570.0,450.0,37.5,False,Pointer Move (Standard mouse)
1789742674.4261959,710,452,shimul-01-block-2-trial-7-target-6,570.0,450.0,37.5,False,Pointer Move (Standard mouse)
1789742674.4332511,707,452,shimul-01-block-2-trial-7-target-6,570.0,450.0,37.5,False,Pointer Move (Standard mouse)
1789742674.440511,706,452,shimul-01-block-2-trial-7-target-6,570.0,450.0,37.5,False,Pointer Move (Standard mouse)
1789742674.448468,703,452,shimul-01-block-2-trial-7-target-6,570.0,450.0,37.5,False,Pointer Move (Standard mouse)
1789742674.456136,702,452,shimul-01-block-2-trial-7-target-6,570.0,450.0,37.5,False,Pointer Move (Standard mouse)
1789742674.463543,701,452,shimul-01-block-2-trial-7-target-6,570.0,450.0,37.5,False,Pointer Move (Standard mouse)
1789742674.4714298,701,452,shimul-01-block-2-trial-7-target-6,570.0,450.0,37.5,False,Pointer Move (Standard mouse)
1789742674.4794629,700,452,shimul-01-block-2-trial-7-target-6,570.0,450.0,37.5,False,Pointer Move (Standard mouse)
1789742674.523932,700,452,shimul-01-block-2-trial-7-target-6,570.0,450.0,37.5,False,Pointer Move (Standard mouse)
1789742674.532371,700,452,shimul-01-block-2-trial-7-target-6,570.0,450.0,37.5,False,Pointer Move (Standard mouse)
1789742674.539328,699,452,shimul-01-block-2-trial-7-target-6,570.0,450.0,37.5,False,Pointer Move (Standard mouse)
1789742674.546912,698,452,shimul-01-block-2-trial-7-target-6,570.0,450.0,37.5,False,Pointer Move (Standard mouse)
1789742674.554844,697,452,shimul-01-block-2-trial-7-target-6,570.0,450.0,37.5,False,Pointer Move (Standard mouse)
1789742674.561768,689,454,shimul-01-block-2-trial-7-target-6,570.0,450.0,37.5,False,Pointer Move (Standard mouse)
1789742674.5699708,678,457,shimul-01-block-2-trial-7-target-6,570.0,450.0,37.5,False,Pointer Move (Standard mouse)
1789742674.577677,671,457,shimul-01-block-2-trial-7-target-6,570.0,450.0,37.5,False,Pointer Move (Standard mouse)
1789742674.583871,659,460,shimul-01-block-2-trial-7-target-6,570.0,450.0,37.5,False,Pointer Move (Standard mouse)
1789742674.607574,651,460,shimul-01-block-2-trial-7-target-6,570.0,450.0,37.5,False,Pointer Move (Standard mouse)
1789742674.6139882,639,461,shimul-01-block-2-trial-7-target-6,570.0,450.0,37.5,False,Pointer Move (Standard mouse)
1789742674.622112,616,463,shimul-01-block-2-trial-7-target-6,570.0,450.0,37.5,False,Pointer Move (Standard mouse)
1789742674.629417,607,464,shimul-01-block-2-trial-7-target-6,570.0,450.0,37.5,False,Pointer Move (Standard mouse)
1789742674.636618,601,464,shimul-01-block-2-trial-7-target-6,570.0,450.0,37.5,False,Pointer Move (Standard mouse)
1789742674.6442869,594,464,shimul-01-block-2-trial-7-target-6,570.0,450.0,37.5,False,Pointer Move (Standard mouse)
1789742674.651739,589,464,shimul-01-block-2-trial-7-target-6,570.0,450.0,37.5,False,Pointer Move (Standard mouse)
1789742674.660618,584,464,shimul-01-block-2-trial-7-target-6,570.0,450.0,37.5,False,Pointer Move (Standard mouse)
1789742674.6671638,579,464,shimul-01-block-2-trial-7-target-6,570.0,450.0,37.5,False,Pointer Move (Standard mouse)
1789742674.674318,575,464,shimul-01-block-2-trial-7-target-6,570.0,450.0,37.5,False,Pointer Move (Standard mouse)
1789742674.6815019,570,464,shimul-01-block-2-trial-7-target-6,570.0,450.0,37.5,False,Pointer Move (Standard mouse)
1789742674.688797,569,464,shimul-01-block-2-trial-7-target-6,570.0,450.0,37.5,False,Pointer Move (Standard mouse)
1789742674.696655,568,464,shimul-01-block-2-trial-7-target-6,570.0,450.0,37.5,False,Pointer Move (Standard mouse)
1789742674.727438,567,464,shimul-01-block-2-trial-7-target-6,570.0,450.0,37.5,False,Pointer Move (Standard mouse)
1789742674.765622,567,464,shimul-01-block-2-trial-7-target-6,570.0,450.0,37.5,False,Pointer Move (Standard mouse)
1789742674.772494,567,464,shimul-01-block-2-trial-7-target-6,570.0,450.0,37.5,False,Pointer Move (Standard mouse)
1789742674.779826,567,464,shimul-01-block-2-trial-7-target-6,570.0,450.0,37.5,False,Pointer Move (Standard mouse)
1789742674.7958279,567,463,shimul-01-block-2-trial-7-target-6,570.0,450.0,37.5,False,Pointer Move (Standard mouse)
1789742674.901613,567,463,shimul-01-block-2-trial-7-target-6,570.0,450.0,37.5,target_selected,target_selected
1789742675.014482,567,463,shimul-01-block-2-trial-8-target-2,870.0,450.0,37.5,False,Pointer Move (Standard mouse)
1789742675.020531,568,463,shimul-01-block-2-trial-8-target-2,870.0,450.0,37.5,False,Pointer Move (Standard mouse)
1789742675.027717,571,463,shimul-01-block-2-trial-8-target-2,870.0,450.0,37.5,False,Pointer Move (Standard mouse)
1789742675.0348108,573,463,shimul-01-block-2-trial-8-target-2,870.0,450.0,37.5,False,Pointer Move (Standard mouse)
1789742675.0443509,576,461,shimul-01-block-2-trial-8-target-2,870.0,450.0,37.5,False,Pointer Move (Standard mouse)
1789742675.050171,585,458,shimul-01-block-2-trial-8-target-2,870.0,450.0,37.5,False,Pointer Move (Standard mouse)
1789742675.058165,588,458,shimul-01-block-2-trial-8-target-2,870.0,450.0,37.5,False,Pointer Move (Standard mouse)
1789742675.064244,600,455,shimul-01-block-2-trial-8-target-2,870.0,450.0,37.5,False,Pointer Move (Standard mouse)
1789742675.0718138,616,451,shimul-01-block-2-trial-8-target-2,870.0,450.0,37.5,False,Pointer Move (Standard mouse)
1789742675.0796978,622,450,shimul-01-block-2-trial-8-target-2,870.0,450.0,37.5,False,Pointer Move (Standard mouse)
1789742675.0871491,643,445,shimul-01-block-2-trial-8-target-2,870.0,450.0,37.5,False,Pointer Move (Standard mouse)
1789742675.094743,659,442,shimul-01-block-2-trial-8-target-2,870.0,450.0,37.5,False,Pointer Move (Standard mouse)
1789742675.102266,681,438,shimul-01-block-2-trial-8-target-2,870.0,450.0,37.5,False,Pointer Move (Standard mouse)
1789742675.109748,701,435,shimul-01-block-2-trial-8-target-2,870.0,450.0,37.5,False,Pointer Move (Standard mouse)
1789742675.132873,737,430,shimul-01-block-2-trial-8-target-2,870.0,450.0,37.5,False,Pointer Move (Standard mouse)
1789742675.140418,758,429,shimul-01-block-2-trial-8-target-2,870.0,450.0,37.5,False,Pointer Move (Standard mouse)
1789742675.146615,899,426,shimul-01-block-2-trial-8-target-2,870.0,450.0,37.5,False,Pointer Move (Standard mouse)
1789742675.153684,909,426,shimul-01-block-2-trial-8-target-2,870.0,450.0,37.5,False,Pointer Move (Standard mouse)
1789742675.1619892,927,427,shimul-01-block-2-trial-8-target-2,870.0,450.0,37.5,False,Pointer Move (Standard mouse)
1789742675.169877,935,427,shimul-01-block-2-trial-8-target-2,870.0,450.0,37.5,False,Pointer Move (Standard mouse)
1789742675.177989,937,428,shimul-01-block-2-trial-8-target-2,870.0,450.0,37.5,False,Pointer Move (Standard mouse)
1789742675.1844668,937,428,shimul-01-block-2-trial-8-target-2,870.0,450.0,37.5,False,Pointer Move (Standard mouse)
1789742675.2306828,938,428,shimul-01-block-2-trial-8-target-2,870.0,450.0,37.5,False,Pointer Move (Standard mouse)
1789742675.271402,938,428,shimul-01-block-2-trial-8-target-2,870.0,450.0,37.5,False,Pointer Move (Standard mouse)
1789742675.3134,938,428,shimul-01-block-2-trial-8-target-2,870.0,450.0,37.5,False,Pointer Move (Standard mouse)
1789742675.336295,938,429,shimul-01-block-2-trial-8-target-2,870.0,450.0,37.5,False,Pointer Move (Standard mouse)
1789742675.342871,938,429,shimul-01-block-2-trial-8-target-2,870.0,450.0,37.5,False,Pointer Move (Standard mouse)
1789742675.351203,937,431,shimul-01-block-2-trial-8-target-2,870.0,450.0,37.5,False,Pointer Move (Standard mouse)
1789742675.357423,937,431,shimul-01-block-2-trial-8-target-2,870.0,450.0,37.5,False,Pointer Move (Standard mouse)
1789742675.365219,934,433,shimul-01-block-2-trial-8-target-2,870.0,450.0,37.5,False,Pointer Move (Standard mouse)
1789742675.372565,932,436,shimul-01-block-2-trial-8-target-2,870.0,450.0,37.5,False,Pointer Move (Standard mouse)
1789742675.3801658,930,437,shimul-01-block-2-trial-8-target-2,870.0,450.0,37.5,False,Pointer Move (Standard mouse)
1789742675.386675,927,439,shimul-01-block-2-trial-8-target-2,870.0,450.0,37.5,False,Pointer Move (Standard mouse)
1789742675.3938491,926,439,shimul-01-block-2-trial-8-target-2,870.0,450.0,37.5,False,Pointer Move (Standard mouse)
1789742675.401888,923,441,shimul-01-block-2-trial-8-target-2,870.0,450.0,37.5,False,Pointer Move (Standard mouse)
1789742675.413456,918,443,shimul-01-block-2-trial-8-target-2,870.0,450.0,37.5,False,Pointer Move (Standard mouse)
1789742675.4172301,913,446,shimul-01-block-2-trial-8-target-2,870.0,450.0,37.5,False,Pointer Move (Standard mouse)
1789742675.423939,907,447,shimul-01-block-2-trial-8-target-2,870.0,450.0,37.5,False,Pointer Move (Standard mouse)
1789742675.431798,901,449,shimul-01-block-2-trial-8-target-2,870.0,450.0,37.5,False,Pointer Move (Standard mouse)
1789742675.439444,896,450,shimul-01-block-2-trial-8-target-2,870.0,450.0,37.5,False,Pointer Move (Standard mouse)
1789742675.44662,891,450,shimul-01-block-2-trial-8-target-2,870.0,450.0,37.5,False,Pointer Move (Standard mouse)
1789742675.45492,889,450,shimul-01-block-2-trial-8-target-2,870.0,450.0,37.5,False,Pointer Move (Standard mouse)
1789742675.461219,888,450,shimul-01-block-2-trial-8-target-2,870.0,450.0,37.5,False,Pointer Move (Standard mouse)
1789742675.468638,888,450,shimul-01-block-2-trial-8-target-2,870.0,450.0,37.5,False,Pointer Move (Standard mouse)
1789742675.4766011,887,450,shimul-01-block-2-trial-8-target-2,870.0,450.0,37.5,False,Pointer Move (Standard mouse)
1789742675.5073311,887,450,shimul-01-block-2-trial-8-target-2,870.0,450.0,37.5,False,Pointer Move (Standard mouse)
1789742675.514121,886,450,shimul-01-block-2-trial-8-target-2,870.0,450.0,37.5,False,Pointer Move (Standard mouse)
1789742675.544297,886,450,shimul-01-block-2-trial-8-target-2,870.0,450.0,37.5,False,Pointer Move (Standard mouse)
1789742675.582824,886,450,shimul-01-block-2-trial-8-target-2,870.0,450.0,37.5,False,Pointer Move (Standard mouse)
1789742675.5903628,886,450,shimul-01-block-2-trial-8-target-2,870.0,450.0,37.5,False,Pointer Move (Standard mouse)
1789742675.628292,886,450,shimul-01-block-2-trial-8-target-2,870.0,450.0,37.5,target_selected,target_selected
1789742675.7577522,885,450,shimul-01-block-2-trial-9-target-6,570.0,450.0,37.5,False,Pointer Move (Standard mouse)
1789742675.761339,885,450,shimul-01-block-2-trial-9-target-6,570.0,450.0,37.5,False,Pointer Move (Standard mouse)
1789742675.769891,878,451,shimul-01-block-2-trial-9-target-6,570.0,450.0,37.5,False,Pointer Move (Standard mouse)
1789742675.7765691,877,451,shimul-01-block-2-trial-9-target-6,570.0,450.0,37.5,False,Pointer Move (Standard mouse)
1789742675.784031,870,452,shimul-01-block-2-trial-9-target-6,570.0,450.0,37.5,False,Pointer Move (Standard mouse)
1789742675.792447,861,452,shimul-01-block-2-trial-9-target-6,570.0,450.0,37.5,False,Pointer Move (Standard mouse)
1789742675.799384,844,455,shimul-01-block-2-trial-9-target-6,570.0,450.0,37.5,False,Pointer Move (Standard mouse)
1789742675.806779,830,455,shimul-01-block-2-trial-9-target-6,570.0,450.0,37.5,False,Pointer Move (Standard mouse)
1789742675.814695,821,455,shimul-01-block-2-trial-9-target-6,570.0,450.0,37.5,False,Pointer Move (Standard mouse)
1789742675.821592,808,455,shimul-01-block-2-trial-9-target-6,570.0,450.0,37.5,False,Pointer Move (Standard mouse)
1789742675.830014,799,455,shimul-01-block-2-trial-9-target-6,570.0,450.0,37.5,False,Pointer Move (Standard mouse)
1789742675.8368058,785,453,shimul-01-block-2-trial-9-target-6,570.0,450.0,37.5,False,Pointer Move (Standard mouse)
1789742675.844564,775,452,shimul-01-block-2-trial-9-target-6,570.0,450.0,37.5,False,Pointer Move (Standard mouse)
1789742675.856951,766,451,shimul-01-block-2-trial-9-target-6,570.0,450.0,37.5,False,Pointer Move (Standard mouse)
1789742675.859703,758,448,shimul-01-block-2-trial-9-target-6,570.0,450.0,37.5,False,Pointer Move (Standard mouse)
1789742675.8664908,753,448,shimul-01-block-2-trial-9-target-6,570.0,450.0,37.5,False,Pointer Move (Standard mouse)
1789742675.874617,748,447,shimul-01-block-2-trial-9-target-6,570.0,450.0,37.5,False,Pointer Move (Standard mouse)
1789742675.8825128,739,447,shimul-01-block-2-trial-9-target-6,570.0,450.0,37.5,False,Pointer Move (Standard mouse)
1789742675.889259,727,446,shimul-01-block-2-trial-9-target-6,570.0,450.0,37.5,False,Pointer Move (Standard mouse)
1789742675.89679,720,446,shimul-01-block-2-trial-9-target-6,570.0,450.0,37.5,False,Pointer Move (Standard mouse)
1789742675.904018,708,446,shimul-01-block-2-trial-9-target-6,570.0,450.0,37.5,False,Pointer Move (Standard mouse)
1789742675.911672,703,446,shimul-01-block-2-trial-9-target-6,570.0,450.0,37.5,False,Pointer Move (Standard mouse)
1789742675.919511,691,446,shimul-01-block-2-trial-9-target-6,570.0,450.0,37.5,False,Pointer Move (Standard mouse)
1789742675.9271748,675,448,shimul-01-block-2-trial-9-target-6,570.0,450.0,37.5,False,Pointer Move (Standard mouse)
1789742675.934576,674,448,shimul-01-block-2-trial-9-target-6,570.0,450.0,37.5,False,Pointer Move (Standard mouse)
1789742675.942892,667,448,shimul-01-block-2-trial-9-target-6,570.0,450.0,37.5,False,Pointer Move (Standard mouse)
1789742675.9504378,663,448,shimul-01-block-2-trial-9-target-6,570.0,450.0,37.5,False,Pointer Move (Standard mouse)
1789742675.9565032,662,448,shimul-01-block-2-trial-9-target-6,570.0,450.0,37.5,False,Pointer Move (Standard mouse)
1789742675.964462,661,448,shimul-01-block-2-trial-9-target-6,570.0,450.0,37.5,False,Pointer Move (Standard mouse)
1789742675.972805,660,448,shimul-01-block-2-trial-9-target-6,570.0,450.0,37.5,False,Pointer Move (Standard mouse)
1789742675.979232,660,448,shimul-01-block-2-trial-9-target-6,570.0,450.0,37.5,False,Pointer Move (Standard mouse)
1789742675.987038,660,448,shimul-01-block-2-trial-9-target-6,570.0,450.0,37.5,False,Pointer Move (Standard mouse)
1789742675.9938712,659,448,shimul-01-block-2-trial-9-target-6,570.0,450.0,37.5,False,Pointer Move (Standard mouse)
1789742676.001728,659,448,shimul-01-block-2-trial-9-target-6,570.0,450.0,37.5,False,Pointer Move (Standard mouse)
1789742676.009941,659,448,shimul-01-block-2-trial-9-target-6,570.0,450.0,37.5,False,Pointer Move (Standard mouse)
1789742676.024802,658,448,shimul-01-block-2-trial-9-target-6,570.0,450.0,37.5,False,Pointer Move (Standard mouse)
1789742676.032026,658,448,shimul-01-block-2-trial-9-target-6,570.0,450.0,37.5,False,Pointer Move (Standard mouse)
1789742676.0396008,657,448,shimul-01-block-2-trial-9-target-6,570.0,450.0,37.5,False,Pointer Move (Standard mouse)
1789742676.047976,657,448,shimul-01-block-2-trial-9-target-6,570.0,450.0,37.5,False,Pointer Move (Standard mouse)
1789742676.054935,656,448,shimul-01-block-2-trial-9-target-6,570.0,450.0,37.5,False,Pointer Move (Standard mouse)
1789742676.0625532,655,448,shimul-01-block-2-trial-9-target-6,570.0,450.0,37.5,False,Pointer Move (Standard mouse)
1789742676.0704918,655,448,shimul-01-block-2-trial-9-target-6,570.0,450.0,37.5,False,Pointer Move (Standard mouse)
1789742676.076525,654,448,shimul-01-block-2-trial-9-target-6,570.0,450.0,37.5,False,Pointer Move (Standard mouse)
1789742676.083884,653,448,shimul-01-block-2-trial-9-target-6,570.0,450.0,37.5,False,Pointer Move (Standard mouse)
1789742676.091897,653,449,shimul-01-block-2-trial-9-target-6,570.0,450.0,37.5,False,Pointer Move (Standard mouse)
1789742676.1067252,651,449,shimul-01-block-2-trial-9-target-6,570.0,450.0,37.5,False,Pointer Move (Standard mouse)
1789742676.116736,650,449,shimul-01-block-2-trial-9-target-6,570.0,450.0,37.5,False,Pointer Move (Standard mouse)
1789742676.1222332,647,449,shimul-01-block-2-trial-9-target-6,570.0,450.0,37.5,False,Pointer Move (Standard mouse)
1789742676.1294138,645,449,shimul-01-block-2-trial-9-target-6,570.0,450.0,37.5,False,Pointer Move (Standard mouse)
1789742676.13777,645,449,shimul-01-block-2-trial-9-target-6,570.0,450.0,37.5,False,Pointer Move (Standard mouse)
1789742676.1443892,644,449,shimul-01-block-2-trial-9-target-6,570.0,450.0,37.5,False,Pointer Move (Standard mouse)
1789742676.1516101,643,449,shimul-01-block-2-trial-9-target-6,570.0,450.0,37.5,False,Pointer Move (Standard mouse)
1789742676.158763,639,449,shimul-01-block-2-trial-9-target-6,570.0,450.0,37.5,False,Pointer Move (Standard mouse)
1789742676.182992,638,450,shimul-01-block-2-trial-9-target-6,570.0,450.0,37.5,False,Pointer Move (Standard mouse)
1789742676.1887958,637,450,shimul-01-block-2-trial-9-target-6,570.0,450.0,37.5,False,Pointer Move (Standard mouse)
1789742676.197495,636,450,shimul-01-block-2-trial-9-target-6,570.0,450.0,37.5,False,Pointer Move (Standard mouse)
1789742676.204608,635,450,shimul-01-block-2-trial-9-target-6,570.0,450.0,37.5,False,Pointer Move (Standard mouse)
1789742676.212436,634,450,shimul-01-block-2-trial-9-target-6,570.0,450.0,37.5,False,Pointer Move (Standard mouse)
1789742676.2198138,634,450,shimul-01-block-2-trial-9-target-6,570.0,450.0,37.5,False,Pointer Move (Standard mouse)
1789742676.227375,630,451,shimul-01-block-2-trial-9-target-6,570.0,450.0,37.5,False,Pointer Move (Standard mouse)
1789742676.234571,625,452,shimul-01-block-2-trial-9-target-6,570.0,450.0,37.5,False,Pointer Move (Standard mouse)
1789742676.242667,619,453,shimul-01-block-2-trial-9-target-6,570.0,450.0,37.5,False,Pointer Move (Standard mouse)
1789742676.250637,612,455,shimul-01-block-2-trial-9-target-6,570.0,450.0,37.5,False,Pointer Move (Standard mouse)
1789742676.2568939,605,455,shimul-01-block-2-trial-9-target-6,570.0,450.0,37.5,False,Pointer Move (Standard mouse)
1789742676.265228,600,455,shimul-01-block-2-trial-9-target-6,570.0,450.0,37.5,False,Pointer Move (Standard mouse)
1789742676.2719328,597,455,shimul-01-block-2-trial-9-target-6,570.0,450.0,37.5,False,Pointer Move (Standard mouse)
1789742676.279572,593,455,shimul-01-block-2-trial-9-target-6,570.0,450.0,37.5,False,Pointer Move (Standard mouse)
1789742676.286456,593,455,shimul-01-block-2-trial-9-target-6,570.0,450.0,37.5,False,Pointer Move (Standard mouse)
1789742676.2945,592,455,shimul-01-block-2-trial-9-target-6,570.0,450.0,37.5,False,Pointer Move (Standard mouse)
1789742676.32543,592,455,shimul-01-block-2-trial-9-target-6,570.0,450.0,37.5,False,Pointer Move (Standard mouse)
1789742676.364772,592,455,shimul-01-block-2-trial-9-target-6,570.0,450.0,37.5,False,Pointer Move (Standard mouse)
1789742676.385159,591,455,shimul-01-block-2-trial-9-target-6,570.0,450.0,37.5,False,Pointer Move (Standard mouse)
1789742676.392523,591,456,shimul-01-block-2-trial-9-target-6,570.0,450.0,37.5,False,Pointer Move (Standard mouse)
1789742676.399766,591,456,shimul-01-block-2-trial-9-target-6,570.0,450.0,37.5,False,Pointer Move (Standard mouse)
1789742676.4067981,591,456,shimul-01-block-2-trial-9-target-6,570.0,450.0,37.5,False,Pointer Move (Standard mouse)
1789742676.430615,590,456,shimul-01-block-2-trial-9-target-6,570.0,450.0,37.5,False,Pointer Move (Standard mouse)
1789742676.506785,590,456,shimul-01-block-2-trial-9-target-6,570.0,450.0,37.5,target_selected,target_selected
1789742676.619116,590,455,shimul-01-block-2-trial-10-target-2,870.0,450.0,37.5,False,Pointer Move (Standard mouse)
1789742676.6424818,591,455,shimul-01-block-2-trial-10-target-2,870.0,450.0,37.5,False,Pointer Move (Standard mouse)
1789742676.647758,591,455,shimul-01-block-2-trial-10-target-2,870.0,450.0,37.5,False,Pointer Move (Standard mouse)
1789742676.654995,594,454,shimul-01-block-2-trial-10-target-2,870.0,450.0,37.5,False,Pointer Move (Standard mouse)
1789742676.661969,598,452,shimul-01-block-2-trial-10-target-2,870.0,450.0,37.5,False,Pointer Move (Standard mouse)
1789742676.669303,603,452,shimul-01-block-2-trial-10-target-2,870.0,450.0,37.5,False,Pointer Move (Standard mouse)
1789742676.677313,613,449,shimul-01-block-2-trial-10-target-2,870.0,450.0,37.5,False,Pointer Move (Standard mouse)
1789742676.6849742,623,448,shimul-01-block-2-trial-10-target-2,870.0,450.0,37.5,False,Pointer Move (Standard mouse)
1789742676.70975,632,448,shimul-01-block-2-trial-10-target-2,870.0,450.0,37.5,False,Pointer Move (Standard mouse)
1789742676.71552,642,448,shimul-01-block-2-trial-10-target-2,870.0,450.0,37.5,False,Pointer Move (Standard mouse)
1789742676.7218409,670,450,shimul-01-block-2-trial-10-target-2,870.0,450.0,37.5,False,Pointer Move (Standard mouse)
1789742676.7299042,675,450,shimul-01-block-2-trial-10-target-2,870.0,450.0,37.5,False,Pointer Move (Standard mouse)
1789742676.736862,680,450,shimul-01-block-2-trial-10-target-2,870.0,450.0,37.5,False,Pointer Move (Standard mouse)
1789742676.744278,685,450,shimul-01-block-2-trial-10-target-2,870.0,450.0,37.5,False,Pointer Move (Standard mouse)
1789742676.7521589,694,450,shimul-01-block-2-trial-10-target-2,870.0,450.0,37.5,False,Pointer Move (Standard mouse)
1789742676.760106,697,450,shimul-01-block-2-trial-10-target-2,870.0,450.0,37.5,False,Pointer Move (Standard mouse)
1789742676.7665868,708,450,shimul-01-block-2-trial-10-target-2,870.0,450.0,37.5,False,Pointer Move (Standard mouse)
1789742676.775719,718,450,shimul-01-block-2-trial-10-target-2,870.0,450.0,37.5,False,Pointer Move (Standard mouse)
1789742676.7819278,730,450,shimul-01-block-2-trial-10-target-2,870.0,450.0,37.5,False,Pointer Move (Standard mouse)
1789742676.789406,744,450,shimul-01-block-2-trial-10-target-2,870.0,450.0,37.5,False,Pointer Move (Standard mouse)
1789742676.7964559,758,450,shimul-01-block-2-trial-10-target-2,870.0,450.0,37.5,False,Pointer Move (Standard mouse)
1789742676.804354,770,450,shimul-01-block-2-trial-10-target-2,870.0,450.0,37.5,False,Pointer Move (Standard mouse)
1789742676.8118389,778,450,shimul-01-block-2-trial-10-target-2,870.0,450.0,37.5,False,Pointer Move (Standard mouse)
1789742676.8199859,785,450,shimul-01-block-2-trial-10-target-2,870.0,450.0,37.5,False,Pointer Move (Standard mouse)
1789742676.8268108,787,450,shimul-01-block-2-trial-10-target-2,870.0,450.0,37.5,False,Pointer Move (Standard mouse)
1789742676.835118,790,450,shimul-01-block-2-trial-10-target-2,870.0,450.0,37.5,False,Pointer Move (Standard mouse)
1789742676.8431191,793,450,shimul-01-block-2-trial-10-target-2,870.0,450.0,37.5,False,Pointer Move (Standard mouse)
1789742676.849594,795,450,shimul-01-block-2-trial-10-target-2,870.0,450.0,37.5,False,Pointer Move (Standard mouse)
1789742676.856755,796,450,shimul-01-block-2-trial-10-target-2,870.0,450.0,37.5,False,Pointer Move (Standard mouse)
1789742676.864531,797,450,shimul-01-block-2-trial-10-target-2,870.0,450.0,37.5,False,Pointer Move (Standard mouse)
1789742676.8719811,801,450,shimul-01-block-2-trial-10-target-2,870.0,450.0,37.5,False,Pointer Move (Standard mouse)
1789742676.8792489,804,450,shimul-01-block-2-trial-10-target-2,870.0,450.0,37.5,False,Pointer Move (Standard mouse)
1789742676.8865972,807,450,shimul-01-block-2-trial-10-target-2,870.0,450.0,37.5,False,Pointer Move (Standard mouse)
1789742676.894896,808,450,shimul-01-block-2-trial-10-target-2,870.0,450.0,37.5,False,Pointer Move (Standard mouse)
1789742676.902737,808,450,shimul-01-block-2-trial-10-target-2,870.0,450.0,37.5,False,Pointer Move (Standard mouse)
1789742676.9099169,808,450,shimul-01-block-2-trial-10-target-2,870.0,450.0,37.5,False,Pointer Move (Standard mouse)
1789742676.932265,809,451,shimul-01-block-2-trial-10-target-2,870.0,450.0,37.5,False,Pointer Move (Standard mouse)
1789742676.9393122,809,451,shimul-01-block-2-trial-10-target-2,870.0,450.0,37.5,False,Pointer Move (Standard mouse)
1789742676.962837,809,451,shimul-01-block-2-trial-10-target-2,870.0,450.0,37.5,False,Pointer Move (Standard mouse)
1789742676.9721549,810,451,shimul-01-block-2-trial-10-target-2,870.0,450.0,37.5,False,Pointer Move (Standard mouse)
1789742676.977603,810,451,shimul-01-block-2-trial-10-target-2,870.0,450.0,37.5,False,Pointer Move (Standard mouse)
1789742676.9842649,811,450,shimul-01-block-2-trial-10-target-2,870.0,450.0,37.5,False,Pointer Move (Standard mouse)
1789742676.99188,811,450,shimul-01-block-2-trial-10-target-2,870.0,450.0,37.5,False,Pointer Move (Standard mouse)
1789742676.999126,812,450,shimul-01-block-2-trial-10-target-2,870.0,450.0,37.5,False,Pointer Move (Standard mouse)
1789742677.006955,814,449,shimul-01-block-2-trial-10-target-2,870.0,450.0,37.5,False,Pointer Move (Standard mouse)
1789742677.014175,814,449,shimul-01-block-2-trial-10-target-2,870.0,450.0,37.5,False,Pointer Move (Standard mouse)
1789742677.022211,815,449,shimul-01-block-2-trial-10-target-2,870.0,450.0,37.5,False,Pointer Move (Standard mouse)
1789742677.030407,816,448,shimul-01-block-2-trial-10-target-2,870.0,450.0,37.5,False,Pointer Move (Standard mouse)
1789742677.036669,817,448,shimul-01-block-2-trial-10-target-2,870.0,450.0,37.5,False,Pointer Move (Standard mouse)
1789742677.0446699,819,448,shimul-01-block-2-trial-10-target-2,870.0,450.0,37.5,False,Pointer Move (Standard mouse)
1789742677.051945,822,447,shimul-01-block-2-trial-10-target-2,870.0,450.0,37.5,False,Pointer Move (Standard mouse)
1789742677.0593688,824,447,shimul-01-block-2-trial-10-target-2,870.0,450.0,37.5,False,Pointer Move (Standard mouse)
1789742677.066494,825,447,shimul-01-block-2-trial-10-target-2,870.0,450.0,37.5,False,Pointer Move (Standard mouse)
1789742677.074541,827,447,shimul-01-block-2-trial-10-target-2,870.0,450.0,37.5,False,Pointer Move (Standard mouse)
1789742677.081666,827,446,shimul-01-block-2-trial-10-target-2,870.0,450.0,37.5,False,Pointer Move (Standard mouse)
1789742677.089252,828,446,shimul-01-block-2-trial-10-target-2,870.0,450.0,37.5,False,Pointer Move (Standard mouse)
1789742677.0976582,828,446,shimul-01-block-2-trial-10-target-2,870.0,450.0,37.5,False,Pointer Move (Standard mouse)
1789742677.104289,829,446,shimul-01-block-2-trial-10-target-2,870.0,450.0,37.5,False,Pointer Move (Standard mouse)
1789742677.120806,829,446,shimul-01-block-2-trial-10-target-2,870.0,450.0,37.5,False,Pointer Move (Standard mouse)
1789742677.1281111,829,446,shimul-01-block-2-trial-10-target-2,870.0,450.0,37.5,False,Pointer Move (Standard mouse)
1789742677.134517,830,446,shimul-01-block-2-trial-10-target-2,870.0,450.0,37.5,False,Pointer Move (Standard mouse)
1789742677.142465,830,446,shimul-01-block-2-trial-10-target-2,870.0,450.0,37.5,False,Pointer Move (Standard mouse)
1789742677.1501818,831,446,shimul-01-block-2-trial-10-target-2,870.0,450.0,37.5,False,Pointer Move (Standard mouse)
1789742677.1577432,832,446,shimul-01-block-2-trial-10-target-2,870.0,450.0,37.5,False,Pointer Move (Standard mouse)
1789742677.164063,836,446,shimul-01-block-2-trial-10-target-2,870.0,450.0,37.5,False,Pointer Move (Standard mouse)
1789742677.17165,837,446,shimul-01-block-2-trial-10-target-2,870.0,450.0,37.5,False,Pointer Move (Standard mouse)
1789742677.179876,840,446,shimul-01-block-2-trial-10-target-2,870.0,450.0,37.5,False,Pointer Move (Standard mouse)
1789742677.1869922,841,447,shimul-01-block-2-trial-10-target-2,870.0,450.0,37.5,False,Pointer Move (Standard mouse)
1789742677.1947289,842,447,shimul-01-block-2-trial-10-target-2,870.0,450.0,37.5,False,Pointer Move (Standard mouse)
1789742677.201588,843,447,shimul-01-block-2-trial-10-target-2,870.0,450.0,37.5,False,Pointer Move (Standard mouse)
1789742677.233237,843,447,shimul-01-block-2-trial-10-target-2,870.0,450.0,37.5,False,Pointer Move (Standard mouse)
1789742677.3049579,849,446,shimul-01-block-2-trial-10-target-2,870.0,450.0,37.5,False,Pointer Move (Standard mouse)
1789742677.3070421,851,446,shimul-01-block-2-trial-10-target-2,870.0,450.0,37.5,False,Pointer Move (Standard mouse)
1789742677.314023,852,446,shimul-01-block-2-trial-10-target-2,870.0,450.0,37.5,False,Pointer Move (Standard mouse)
1789742677.321575,852,446,shimul-01-block-2-trial-10-target-2,870.0,450.0,37.5,False,Pointer Move (Standard mouse)
1789742677.3294332,853,446,shimul-01-block-2-trial-10-target-2,870.0,450.0,37.5,False,Pointer Move (Standard mouse)
1789742677.33796,853,446,shimul-01-block-2-trial-10-target-2,870.0,450.0,37.5,False,Pointer Move (Standard mouse)
1789742677.346317,853,446,shimul-01-block-2-trial-10-target-2,870.0,450.0,37.5,False,Pointer Move (Standard mouse)
1789742677.391158,853,446,shimul-01-block-2-trial-10-target-2,870.0,450.0,37.5,target_selected,target_selected
1789742677.4118662,854,446,shimul-01-block-2-trial-11-target-6,570.0,450.0,37.5,False,Pointer Move (Standard mouse)
1789742677.495735,853,446,shimul-01-block-2-trial-11-target-6,570.0,450.0,37.5,False,Pointer Move (Standard mouse)
1789742677.50218,853,446,shimul-01-block-2-trial-11-target-6,570.0,450.0,37.5,False,Pointer Move (Standard mouse)
1789742677.509959,851,447,shimul-01-block-2-trial-11-target-6,570.0,450.0,37.5,False,Pointer Move (Standard mouse)
1789742677.5184472,850,447,shimul-01-block-2-trial-11-target-6,570.0,450.0,37.5,False,Pointer Move (Standard mouse)
1789742677.524739,850,447,shimul-01-block-2-trial-11-target-6,570.0,450.0,37.5,False,Pointer Move (Standard mouse)
1789742677.532164,846,448,shimul-01-block-2-trial-11-target-6,570.0,450.0,37.5,False,Pointer Move (Standard mouse)
1789742677.539403,845,449,shimul-01-block-2-trial-11-target-6,570.0,450.0,37.5,False,Pointer Move (Standard mouse)
1789742677.547606,840,451,shimul-01-block-2-trial-11-target-6,570.0,450.0,37.5,False,Pointer Move (Standard mouse)
1789742677.554525,833,453,shimul-01-block-2-trial-11-target-6,570.0,450.0,37.5,False,Pointer Move (Standard mouse)
1789742677.56202,831,454,shimul-01-block-2-trial-11-target-6,570.0,450.0,37.5,False,Pointer Move (Standard mouse)
1789742677.569372,817,456,shimul-01-block-2-trial-11-target-6,570.0,450.0,37.5,False,Pointer Move (Standard mouse)
1789742677.5768309,805,458,shimul-01-block-2-trial-11-target-6,570.0,450.0,37.5,False,Pointer Move (Standard mouse)
1789742677.584256,791,460,shimul-01-block-2-trial-11-target-6,570.0,450.0,37.5,False,Pointer Move (Standard mouse)
1789742677.5923252,778,460,shimul-01-block-2-trial-11-target-6,570.0,450.0,37.5,False,Pointer Move (Standard mouse)
1789742677.599835,762,460,shimul-01-block-2-trial-11-target-6,570.0,450.0,37.5,False,Pointer Move (Standard mouse)
1789742677.606074,746,462,shimul-01-block-2-trial-11-target-6,570.0,450.0,37.5,False,Pointer Move (Standard mouse)
1789742677.614503,736,462,shimul-01-block-2-trial-11-target-6,570.0,450.0,37.5,False,Pointer Move (Standard mouse)
1789742677.6216471,719,462,shimul-01-block-2-trial-11-target-6,570.0,450.0,37.5,False,Pointer Move (Standard mouse)
1789742677.629436,705,462,shimul-01-block-2-trial-11-target-6,570.0,450.0,37.5,False,Pointer Move (Standard mouse)
1789742677.636677,682,463,shimul-01-block-2-trial-11-target-6,570.0,450.0,37.5,False,Pointer Move (Standard mouse)
1789742677.644453,677,463,shimul-01-block-2-trial-11-target-6,570.0,450.0,37.5,False,Pointer Move (Standard mouse)
1789742677.651412,656,463,shimul-01-block-2-trial-11-target-6,570.0,450.0,37.5,False,Pointer Move (Standard mouse)
1789742677.6600451,651,463,shimul-01-block-2-trial-11-target-6,570.0,450.0,37.5,False,Pointer Move (Standard mouse)
1789742677.667259,634,463,shimul-01-block-2-trial-11-target-6,570.0,450.0,37.5,False,Pointer Move (Standard mouse)
1789742677.674291,622,463,shimul-01-block-2-trial-11-target-6,570.0,450.0,37.5,False,Pointer Move (Standard mouse)
1789742677.6816452,613,463,shimul-01-block-2-trial-11-target-6,570.0,450.0,37.5,False,Pointer Move (Standard mouse)
1789742677.689259,606,463,shimul-01-block-2-trial-11-target-6,570.0,450.0,37.5,False,Pointer Move (Standard mouse)
1789742677.6967309,601,463,shimul-01-block-2-trial-11-target-6,570.0,450.0,37.5,False,Pointer Move (Standard mouse)
1789742677.703588,601,463,shimul-01-block-2-trial-11-target-6,570.0,450.0,37.5,False,Pointer Move (Standard mouse)
1789742677.711918,600,463,shimul-01-block-2-trial-11-target-6,570.0,450.0,37.5,False,Pointer Move (Standard mouse)
1789742677.719967,600,463,shimul-01-block-2-trial-11-target-6,570.0,450.0,37.5,False,Pointer Move (Standard mouse)
1789742677.728043,600,463,shimul-01-block-2-trial-11-target-6,570.0,450.0,37.5,False,Pointer Move (Standard mouse)
1789742677.7575831,600,462,shimul-01-block-2-trial-11-target-6,570.0,450.0,37.5,False,Pointer Move (Standard mouse)
1789742677.764312,600,462,shimul-01-block-2-trial-11-target-6,570.0,450.0,37.5,False,Pointer Move (Standard mouse)
1789742677.795924,600,462,shimul-01-block-2-trial-11-target-6,570.0,450.0,37.5,False,Pointer Move (Standard mouse)
1789742677.802047,599,462,shimul-01-block-2-trial-11-target-6,570.0,450.0,37.5,False,Pointer Move (Standard mouse)
1789742677.8336189,599,462,shimul-01-block-2-trial-11-target-6,570.0,450.0,37.5,False,Pointer Move (Standard mouse)
1789742677.8545122,599,462,shimul-01-block-2-trial-11-target-6,570.0,450.0,37.5,False,Pointer Move (Standard mouse)
1789742677.86238,598,462,shimul-01-block-2-trial-11-target-6,570.0,450.0,37.5,False,Pointer Move (Standard mouse)
1789742677.878838,598,461,shimul-01-block-2-trial-11-target-6,570.0,450.0,37.5,False,Pointer Move (Standard mouse)
1789742677.89295,598,461,shimul-01-block-2-trial-11-target-6,570.0,450.0,37.5,False,Pointer Move (Standard mouse)
1789742677.899541,597,461,shimul-01-block-2-trial-11-target-6,570.0,450.0,37.5,False,Pointer Move (Standard mouse)
1789742677.907249,596,461,shimul-01-block-2-trial-11-target-6,570.0,450.0,37.5,False,Pointer Move (Standard mouse)
1789742677.914697,595,461,shimul-01-block-2-trial-11-target-6,570.0,450.0,37.5,False,Pointer Move (Standard mouse)
1789742677.921558,595,461,shimul-01-block-2-trial-11-target-6,570.0,450.0,37.5,False,Pointer Move (Standard mouse)
1789742677.9301262,594,461,shimul-01-block-2-trial-11-target-6,570.0,450.0,37.5,False,Pointer Move (Standard mouse)
1789742677.9372401,593,461,shimul-01-block-2-trial-11-target-6,570.0,450.0,37.5,False,Pointer Move (Standard mouse)
1789742677.9453871,593,461,shimul-01-block-2-trial-11-target-6,570.0,450.0,37.5,False,Pointer Move (Standard mouse)
1789742677.9519858,593,461,shimul-01-block-2-trial-11-target-6,570.0,450.0,37.5,False,Pointer Move (Standard mouse)
1789742677.959245,592,461,shimul-01-block-2-trial-11-target-6,570.0,450.0,37.5,False,Pointer Move (Standard mouse)
1789742678.065585,592,461,shimul-01-block-2-trial-11-target-6,570.0,450.0,37.5,target_selected,target_selected
1789742678.215809,593,461,shimul-01-block-2-trial-12-target-2,870.0,450.0,37.5,False,Pointer Move (Standard mouse)
1789742678.222652,595,461,shimul-01-block-2-trial-12-target-2,870.0,450.0,37.5,False,Pointer Move (Standard mouse)
1789742678.2296169,598,461,shimul-01-block-2-trial-12-target-2,870.0,450.0,37.5,False,Pointer Move (Standard mouse)
1789742678.23806,605,461,shimul-01-block-2-trial-12-target-2,870.0,450.0,37.5,False,Pointer Move (Standard mouse)
1789742678.244271,610,462,shimul-01-block-2-trial-12-target-2,870.0,450.0,37.5,False,Pointer Move (Standard mouse)
1789742678.251404,622,462,shimul-01-block-2-trial-12-target-2,870.0,450.0,37.5,False,Pointer Move (Standard mouse)
1789742678.275868,632,463,shimul-01-block-2-trial-12-target-2,870.0,450.0,37.5,False,Pointer Move (Standard mouse)
1789742678.282921,646,463,shimul-01-block-2-trial-12-target-2,870.0,450.0,37.5,False,Pointer Move (Standard mouse)
1789742678.291177,679,465,shimul-01-block-2-trial-12-target-2,870.0,450.0,37.5,False,Pointer Move (Standard mouse)
1789742678.297479,693,465,shimul-01-block-2-trial-12-target-2,870.0,450.0,37.5,False,Pointer Move (Standard mouse)
1789742678.304645,707,465,shimul-01-block-2-trial-12-target-2,870.0,450.0,37.5,False,Pointer Move (Standard mouse)
1789742678.3116732,724,465,shimul-01-block-2-trial-12-target-2,870.0,450.0,37.5,False,Pointer Move (Standard mouse)
1789742678.320351,734,465,shimul-01-block-2-trial-12-target-2,870.0,450.0,37.5,False,Pointer Move (Standard mouse)
1789742678.328348,752,465,shimul-01-block-2-trial-12-target-2,870.0,450.0,37.5,False,Pointer Move (Standard mouse)
1789742678.335348,767,465,shimul-01-block-2-trial-12-target-2,870.0,450.0,37.5,False,Pointer Move (Standard mouse)
1789742678.3431702,778,465,shimul-01-block-2-trial-12-target-2,870.0,450.0,37.5,False,Pointer Move (Standard mouse)
1789742678.3496351,795,465,shimul-01-block-2-trial-12-target-2,870.0,450.0,37.5,False,Pointer Move (Standard mouse)
1789742678.35651,807,465,shimul-01-block-2-trial-12-target-2,870.0,450.0,37.5,False,Pointer Move (Standard mouse)
1789742678.365848,819,465,shimul-01-block-2-trial-12-target-2,870.0,450.0,37.5,False,Pointer Move (Standard mouse)
1789742678.3716638,833,464,shimul-01-block-2-trial-12-target-2,870.0,450.0,37.5,False,Pointer Move (Standard mouse)
1789742678.380126,838,464,shimul-01-block-2-trial-12-target-2,870.0,450.0,37.5,False,Pointer Move (Standard mouse)
1789742678.386579,848,462,shimul-01-block-2-trial-12-target-2,870.0,450.0,37.5,False,Pointer Move (Standard mouse)
1789742678.394878,859,461,shimul-01-block-2-trial-12-target-2,870.0,450.0,37.5,False,Pointer Move (Standard mouse)
1789742678.40192,864,461,shimul-01-block-2-trial-12-target-2,870.0,450.0,37.5,False,Pointer Move (Standard mouse)
1789742678.409934,871,460,shimul-01-block-2-trial-12-target-2,870.0,450.0,37.5,False,Pointer Move (Standard mouse)
1789742678.416739,876,459,shimul-01-block-2-trial-12-target-2,870.0,450.0,37.5,False,Pointer Move (Standard mouse)
1789742678.424511,879,458,shimul-01-block-2-trial-12-target-2,870.0,450.0,37.5,False,Pointer Move (Standard mouse)
1789742678.432471,881,458,shimul-01-block-2-trial-12-target-2,870.0,450.0,37.5,False,Pointer Move (Standard mouse)
1789742678.439826,881,458,shimul-01-block-2-trial-12-target-2,870.0,450.0,37.5,False,Pointer Move (Standard mouse)
1789742678.447385,882,457,shimul-01-block-2-trial-12-target-2,870.0,450.0,37.5,False,Pointer Move (Standard mouse)
1789742678.6423502,882,457,shimul-01-block-2-trial-12-target-2,870.0,450.0,37.5,target_selected,target_selected
1789742678.7103791,881,458,shimul-01-block-2-trial-13-target-6,570.0,450.0,37.5,False,Pointer Move (Standard mouse)
1789742678.716704,881,458,shimul-01-block-2-trial-13-target-6,570.0,450.0,37.5,False,Pointer Move (Standard mouse)
1789742678.7237818,879,458,shimul-01-block-2-trial-13-target-6,570.0,450.0,37.5,False,Pointer Move (Standard mouse)
1789742678.732264,876,459,shimul-01-block-2-trial-13-target-6,570.0,450.0,37.5,False,Pointer Move (Standard mouse)
1789742678.741396,872,460,shimul-01-block-2-trial-13-target-6,570.0,450.0,37.5,False,Pointer Move (Standard mouse)
1789742678.746262,866,461,shimul-01-block-2-trial-13-target-6,570.0,450.0,37.5,False,Pointer Move (Standard mouse)
1789742678.753746,859,462,shimul-01-block-2-trial-13-target-6,570.0,450.0,37.5,False,Pointer Move (Standard mouse)
1789742678.762746,850,463,shimul-01-block-2-trial-13-target-6,570.0,450.0,37.5,False,Pointer Move (Standard mouse)
1789742678.7687979,838,465,shimul-01-block-2-trial-13-target-6,570.0,450.0,37.5,False,Pointer Move (Standard mouse)
1789742678.7761831,833,466,shimul-01-block-2-trial-13-target-6,570.0,450.0,37.5,False,Pointer Move (Standard mouse)
1789742678.8014941,810,467,shimul-01-block-2-trial-13-target-6,570.0,450.0,37.5,False,Pointer Move (Standard mouse)
1789742678.806773,805,467,shimul-01-block-2-trial-13-target-6,570.0,450.0,37.5,False,Pointer Move (Standard mouse)
1789742678.8147352,720,467,shimul-01-block-2-trial-13-target-6,570.0,450.0,37.5,False,Pointer Move (Standard mouse)
1789742678.822079,696,467,shimul-01-block-2-trial-13-target-6,570.0,450.0,37.5,False,Pointer Move (Standard mouse)
1789742678.830423,680,467,shimul-01-block-2-trial-13-target-6,570.0,450.0,37.5,False,Pointer Move (Standard mouse)
1789742678.836483,668,467,shimul-01-block-2-trial-13-target-6,570.0,450.0,37.5,False,Pointer Move (Standard mouse)
1789742678.8455691,656,467,shimul-01-block-2-trial-13-target-6,570.0,450.0,37.5,False,Pointer Move (Standard mouse)
1789742678.851975,647,467,shimul-01-block-2-trial-13-target-6,570.0,450.0,37.5,False,Pointer Move (Standard mouse)
1789742678.859461,637,465,shimul-01-block-2-trial-13-target-6,570.0,450.0,37.5,False,Pointer Move (Standard mouse)
1789742678.866715,634,465,shimul-01-block-2-trial-13-target-6,570.0,450.0,37.5,False,Pointer Move (Standard mouse)
1789742678.875051,623,463,shimul-01-block-2-trial-13-target-6,570.0,450.0,37.5,False,Pointer Move (Standard mouse)
1789742678.8823621,613,463,shimul-01-block-2-trial-13-target-6,570.0,450.0,37.5,False,Pointer Move (Standard mouse)
1789742678.8896089,604,462,shimul-01-block-2-trial-13-target-6,570.0,450.0,37.5,False,Pointer Move (Standard mouse)
1789742678.897463,592,462,shimul-01-block-2-trial-13-target-6,570.0,450.0,37.5,False,Pointer Move (Standard mouse)
1789742678.905248,582,462,shimul-01-block-2-trial-13-target-6,570.0,450.0,37.5,False,Pointer Move (Standard mouse)
1789742678.912446,573,462,shimul-01-block-2-trial-13-target-6,570.0,450.0,37.5,False,Pointer Move (Standard mouse)
1789742678.920653,565,462,shimul-01-block-2-trial-13-target-6,570.0,450.0,37.5,False,Pointer Move (Standard mouse)
1789742678.927524,560,462,shimul-01-block-2-trial-13-target-6,570.0,450.0,37.5,False,Pointer Move (Standard mouse)
1789742678.934696,559,462,shimul-01-block-2-trial-13-target-6,570.0,450.0,37.5,False,Pointer Move (Standard mouse)
1789742678.943229,559,462,shimul-01-block-2-trial-13-target-6,570.0,450.0,37.5,False,Pointer Move (Standard mouse)
1789742678.949915,558,462,shimul-01-block-2-trial-13-target-6,570.0,450.0,37.5,False,Pointer Move (Standard mouse)
1789742678.973408,558,462,shimul-01-block-2-trial-13-target-6,570.0,450.0,37.5,False,Pointer Move (Standard mouse)
1789742678.980266,557,462,shimul-01-block-2-trial-13-target-6,570.0,450.0,37.5,False,Pointer Move (Standard mouse)
1789742678.987294,557,462,shimul-01-block-2-trial-13-target-6,570.0,450.0,37.5,False,Pointer Move (Standard mouse)
1789742678.995441,556,462,shimul-01-block-2-trial-13-target-6,570.0,450.0,37.5,False,Pointer Move (Standard mouse)
1789742679.001909,556,462,shimul-01-block-2-trial-13-target-6,570.0,450.0,37.5,False,Pointer Move (Standard mouse)
1789742679.0092428,555,462,shimul-01-block-2-trial-13-target-6,570.0,450.0,37.5,False,Pointer Move (Standard mouse)
1789742679.016937,555,462,shimul-01-block-2-trial-13-target-6,570.0,450.0,37.5,False,Pointer Move (Standard mouse)
1789742679.024443,553,462,shimul-01-block-2-trial-13-target-6,570.0,450.0,37.5,False,Pointer Move (Standard mouse)
1789742679.031811,552,462,shimul-01-block-2-trial-13-target-6,570.0,450.0,37.5,False,Pointer Move (Standard mouse)
1789742679.039005,552,462,shimul-01-block-2-trial-13-target-6,570.0,450.0,37.5,False,Pointer Move (Standard mouse)
1789742679.0569348,551,462,shimul-01-block-2-trial-13-target-6,570.0,450.0,37.5,False,Pointer Move (Standard mouse)
1789742679.071729,551,462,shimul-01-block-2-trial-13-target-6,570.0,450.0,37.5,False,Pointer Move (Standard mouse)
1789742679.085539,551,462,shimul-01-block-2-trial-13-target-6,570.0,450.0,37.5,False,Pointer Move (Standard mouse)
1789742679.2142038,551,462,shimul-01-block-2-trial-13-target-6,570.0,450.0,37.5,target_selected,target_selected
1789742679.363198,551,462,shimul-01-block-2-trial-14-target-2,870.0,450.0,37.5,False,Pointer Move (Standard mouse)
1789742679.3712919,551,462,shimul-01-block-2-trial-14-target-2,870.0,450.0,37.5,False,Pointer Move (Standard mouse)
1789742679.377701,556,460,shimul-01-block-2-trial-14-target-2,870.0,450.0,37.5,False,Pointer Move (Standard mouse)
1789742679.3853729,561,460,shimul-01-block-2-trial-14-target-2,870.0,450.0,37.5,False,Pointer Move (Standard mouse)
1789742679.393045,568,459,shimul-01-block-2-trial-14-target-2,870.0,450.0,37.5,False,Pointer Move (Standard mouse)
1789742679.4001658,577,456,shimul-01-block-2-trial-14-target-2,870.0,450.0,37.5,False,Pointer Move (Standard mouse)
1789742679.40759,589,455,shimul-01-block-2-trial-14-target-2,870.0,450.0,37.5,False,Pointer Move (Standard mouse)
1789742679.4152708,599,455,shimul-01-block-2-trial-14-target-2,870.0,450.0,37.5,False,Pointer Move (Standard mouse)
1789742679.422389,615,453,shimul-01-block-2-trial-14-target-2,870.0,450.0,37.5,False,Pointer Move (Standard mouse)
1789742679.429482,625,453,shimul-01-block-2-trial-14-target-2,870.0,450.0,37.5,False,Pointer Move (Standard mouse)
1789742679.4366431,644,453,shimul-01-block-2-trial-14-target-2,870.0,450.0,37.5,False,Pointer Move (Standard mouse)
1789742679.4443488,660,453,shimul-01-block-2-trial-14-target-2,870.0,450.0,37.5,False,Pointer Move (Standard mouse)
1789742679.452609,679,453,shimul-01-block-2-trial-14-target-2,870.0,450.0,37.5,False,Pointer Move (Standard mouse)
1789742679.460027,687,453,shimul-01-block-2-trial-14-target-2,870.0,450.0,37.5,False,Pointer Move (Standard mouse)
1789742679.467066,707,453,shimul-01-block-2-trial-14-target-2,870.0,450.0,37.5,False,Pointer Move (Standard mouse)
1789742679.474624,740,453,shimul-01-block-2-trial-14-target-2,870.0,450.0,37.5,False,Pointer Move (Standard mouse)
1789742679.482545,759,453,shimul-01-block-2-trial-14-target-2,870.0,450.0,37.5,False,Pointer Move (Standard mouse)
1789742679.488857,780,453,shimul-01-block-2-trial-14-target-2,870.0,450.0,37.5,False,Pointer Move (Standard mouse)
1789742679.497534,799,453,shimul-01-block-2-trial-14-target-2,870.0,450.0,37.5,False,Pointer Move (Standard mouse)
1789742679.504858,818,453,shimul-01-block-2-trial-14-target-2,870.0,450.0,37.5,False,Pointer Move (Standard mouse)
1789742679.511986,839,453,shimul-01-block-2-trial-14-target-2,870.0,450.0,37.5,False,Pointer Move (Standard mouse)
1789742679.5209532,854,453,shimul-01-block-2-trial-14-target-2,870.0,450.0,37.5,False,Pointer Move (Standard mouse)
1789742679.527679,873,452,shimul-01-block-2-trial-14-target-2,870.0,450.0,37.5,False,Pointer Move (Standard mouse)
1789742679.535159,889,452,shimul-01-block-2-trial-14-target-2,870.0,450.0,37.5,False,Pointer Move (Standard mouse)
1789742679.542156,894,452,shimul-01-block-2-trial-14-target-2,870.0,450.0,37.5,False,Pointer Move (Standard mouse)
1789742679.549859,901,452,shimul-01-block-2-trial-14-target-2,870.0,450.0,37.5,False,Pointer Move (Standard mouse)
1789742679.55637,902,452,shimul-01-block-2-trial-14-target-2,870.0,450.0,37.5,False,Pointer Move (Standard mouse)
1789742679.594832,902,452,shimul-01-block-2-trial-14-target-2,870.0,450.0,37.5,False,Pointer Move (Standard mouse)
1789742679.6190872,902,452,shimul-01-block-2-trial-14-target-2,870.0,450.0,37.5,False,Pointer Move (Standard mouse)
1789742679.64093,901,452,shimul-01-block-2-trial-14-target-2,870.0,450.0,37.5,False,Pointer Move (Standard mouse)
1789742679.664234,901,452,shimul-01-block-2-trial-14-target-2,870.0,450.0,37.5,False,Pointer Move (Standard mouse)
1789742679.685837,901,453,shimul-01-block-2-trial-14-target-2,870.0,450.0,37.5,False,Pointer Move (Standard mouse)
1789742679.730041,901,453,shimul-01-block-2-trial-14-target-2,870.0,450.0,37.5,False,Pointer Move (Standard mouse)
1789742679.737041,900,453,shimul-01-block-2-trial-14-target-2,870.0,450.0,37.5,False,Pointer Move (Standard mouse)
1789742679.7524412,900,453,shimul-01-block-2-trial-14-target-2,870.0,450.0,37.5,False,Pointer Move (Standard mouse)
1789742679.759298,899,453,shimul-01-block-2-trial-14-target-2,870.0,450.0,37.5,False,Pointer Move (Standard mouse)
1789742679.774913,899,453,shimul-01-block-2-trial-14-target-2,870.0,450.0,37.5,False,Pointer Move (Standard mouse)
1789742679.813272,899,453,shimul-01-block-2-trial-14-target-2,870.0,450.0,37.5,False,Pointer Move (Standard mouse)
1789742679.820153,898,453,shimul-01-block-2-trial-14-target-2,870.0,450.0,37.5,False,Pointer Move (Standard mouse)
1789742679.827067,898,453,shimul-01-block-2-trial-14-target-2,870.0,450.0,37.5,False,Pointer Move (Standard mouse)
1789742679.851316,896,454,shimul-01-block-2-trial-14-target-2,870.0,450.0,37.5,False,Pointer Move (Standard mouse)
1789742679.857431,894,454,shimul-01-block-2-trial-14-target-2,870.0,450.0,37.5,False,Pointer Move (Standard mouse)
1789742679.8648498,888,454,shimul-01-block-2-trial-14-target-2,870.0,450.0,37.5,False,Pointer Move (Standard mouse)
1789742679.871893,887,454,shimul-01-block-2-trial-14-target-2,870.0,450.0,37.5,False,Pointer Move (Standard mouse)
1789742679.8795211,887,454,shimul-01-block-2-trial-14-target-2,870.0,450.0,37.5,False,Pointer Move (Standard mouse)
1789742679.887362,887,454,shimul-01-block-2-trial-14-target-2,870.0,450.0,37.5,False,Pointer Move (Standard mouse)
1789742679.978244,887,454,shimul-01-block-2-trial-14-target-2,870.0,450.0,37.5,target_selected,target_selected
1789742680.105719,886,454,shimul-01-block-2-trial-15-target-6,570.0,450.0,37.5,False,Pointer Move (Standard mouse)
1789742680.113836,886,454,shimul-01-block-2-trial-15-target-6,570.0,450.0,37.5,False,Pointer Move (Standard mouse)
1789742680.119988,879,454,shimul-01-block-2-trial-15-target-6,570.0,450.0,37.5,False,Pointer Move (Standard mouse)
1789742680.127315,874,455,shimul-01-block-2-trial-15-target-6,570.0,450.0,37.5,False,Pointer Move (Standard mouse)
1789742680.134051,869,456,shimul-01-block-2-trial-15-target-6,570.0,450.0,37.5,False,Pointer Move (Standard mouse)
1789742680.142324,855,458,shimul-01-block-2-trial-15-target-6,570.0,450.0,37.5,False,Pointer Move (Standard mouse)
1789742680.1498299,841,459,shimul-01-block-2-trial-15-target-6,570.0,450.0,37.5,False,Pointer Move (Standard mouse)
1789742680.157753,827,459,shimul-01-block-2-trial-15-target-6,570.0,450.0,37.5,False,Pointer Move (Standard mouse)
1789742680.17222,815,459,shimul-01-block-2-trial-15-target-6,570.0,450.0,37.5,False,Pointer Move (Standard mouse)
1789742680.179831,798,459,shimul-01-block-2-trial-15-target-6,570.0,450.0,37.5,False,Pointer Move (Standard mouse)
1789742680.1868958,764,459,shimul-01-block-2-trial-15-target-6,570.0,450.0,37.5,False,Pointer Move (Standard mouse)
1789742680.1942642,751,459,shimul-01-block-2-trial-15-target-6,570.0,450.0,37.5,False,Pointer Move (Standard mouse)
1789742680.2017121,740,459,shimul-01-block-2-trial-15-target-6,570.0,450.0,37.5,False,Pointer Move (Standard mouse)
1789742680.209748,732,459,shimul-01-block-2-trial-15-target-6,570.0,450.0,37.5,False,Pointer Move (Standard mouse)
1789742680.216596,723,459,shimul-01-block-2-trial-15-target-6,570.0,450.0,37.5,False,Pointer Move (Standard mouse)
1789742680.224254,718,460,shimul-01-block-2-trial-15-target-6,570.0,450.0,37.5,False,Pointer Move (Standard mouse)
1789742680.232192,713,460,shimul-01-block-2-trial-15-target-6,570.0,450.0,37.5,False,Pointer Move (Standard mouse)
1789742680.239077,708,460,shimul-01-block-2-trial-15-target-6,570.0,450.0,37.5,False,Pointer Move (Standard mouse)
1789742680.247025,703,460,shimul-01-block-2-trial-15-target-6,570.0,450.0,37.5,False,Pointer Move (Standard mouse)
1789742680.254336,701,460,shimul-01-block-2-trial-15-target-6,570.0,450.0,37.5,False,Pointer Move (Standard mouse)
1789742680.262002,698,460,shimul-01-block-2-trial-15-target-6,570.0,450.0,37.5,False,Pointer Move (Standard mouse)
1789742680.269156,693,460,shimul-01-block-2-trial-15-target-6,570.0,450.0,37.5,False,Pointer Move (Standard mouse)
1789742680.276532,688,460,shimul-01-block-2-trial-15-target-6,570.0,450.0,37.5,False,Pointer Move (Standard mouse)
1789742680.285248,684,459,shimul-01-block-2-trial-15-target-6,570.0,450.0,37.5,False,Pointer Move (Standard mouse)
1789742680.291316,683,459,shimul-01-block-2-trial-15-target-6,570.0,450.0,37.5,False,Pointer Move (Standard mouse)
1789742680.298985,680,459,shimul-01-block-2-trial-15-target-6,570.0,450.0,37.5,False,Pointer Move (Standard mouse)
1789742680.307105,678,459,shimul-01-block-2-trial-15-target-6,570.0,450.0,37.5,False,Pointer Move (Standard mouse)
1789742680.314464,677,458,shimul-01-block-2-trial-15-target-6,570.0,450.0,37.5,False,Pointer Move (Standard mouse)
1789742680.321949,677,458,shimul-01-block-2-trial-15-target-6,570.0,450.0,37.5,False,Pointer Move (Standard mouse)
1789742680.329637,677,458,shimul-01-block-2-trial-15-target-6,570.0,450.0,37.5,False,Pointer Move (Standard mouse)
1789742680.345768,676,458,shimul-01-block-2-trial-15-target-6,570.0,450.0,37.5,False,Pointer Move (Standard mouse)
1789742680.421592,676,458,shimul-01-block-2-trial-15-target-6,570.0,450.0,37.5,False,Pointer Move (Standard mouse)
1789742680.429151,676,458,shimul-01-block-2-trial-15-target-6,570.0,450.0,37.5,False,Pointer Move (Standard mouse)
1789742680.434936,674,458,shimul-01-block-2-trial-15-target-6,570.0,450.0,37.5,False,Pointer Move (Standard mouse)
1789742680.442801,671,458,shimul-01-block-2-trial-15-target-6,570.0,450.0,37.5,False,Pointer Move (Standard mouse)
1789742680.450619,667,458,shimul-01-block-2-trial-15-target-6,570.0,450.0,37.5,False,Pointer Move (Standard mouse)
1789742680.4564521,662,460,shimul-01-block-2-trial-15-target-6,570.0,450.0,37.5,False,Pointer Move (Standard mouse)
1789742680.464502,661,460,shimul-01-block-2-trial-15-target-6,570.0,450.0,37.5,False,Pointer Move (Standard mouse)
1789742680.471762,656,460,shimul-01-block-2-trial-15-target-6,570.0,450.0,37.5,False,Pointer Move (Standard mouse)
1789742680.480031,651,460,shimul-01-block-2-trial-15-target-6,570.0,450.0,37.5,False,Pointer Move (Standard mouse)
1789742680.4864519,645,460,shimul-01-block-2-trial-15-target-6,570.0,450.0,37.5,False,Pointer Move (Standard mouse)
1789742680.493873,642,460,shimul-01-block-2-trial-15-target-6,570.0,450.0,37.5,False,Pointer Move (Standard mouse)
1789742680.501386,639,460,shimul-01-block-2-trial-15-target-6,570.0,450.0,37.5,False,Pointer Move (Standard mouse)
1789742680.509683,638,460,shimul-01-block-2-trial-15-target-6,570.0,450.0,37.5,False,Pointer Move (Standard mouse)
1789742680.517565,633,460,shimul-01-block-2-trial-15-target-6,570.0,450.0,37.5,False,Pointer Move (Standard mouse)
1789742680.525218,630,460,shimul-01-block-2-trial-15-target-6,570.0,450.0,37.5,False,Pointer Move (Standard mouse)
1789742680.532601,625,460,shimul-01-block-2-trial-15-target-6,570.0,450.0,37.5,False,Pointer Move (Standard mouse)
1789742680.5397289,621,460,shimul-01-block-2-trial-15-target-6,570.0,450.0,37.5,False,Pointer Move (Standard mouse)
1789742680.547901,616,460,shimul-01-block-2-trial-15-target-6,570.0,450.0,37.5,False,Pointer Move (Standard mouse)
1789742680.5551062,613,460,shimul-01-block-2-trial-15-target-6,570.0,450.0,37.5,False,Pointer Move (Standard mouse)
1789742680.562389,610,460,shimul-01-block-2-trial-15-target-6,570.0,450.0,37.5,False,Pointer Move (Standard mouse)
1789742680.569699,604,460,shimul-01-block-2-trial-15-target-6,570.0,450.0,37.5,False,Pointer Move (Standard mouse)
1789742680.576627,604,460,shimul-01-block-2-trial-15-target-6,570.0,450.0,37.5,False,Pointer Move (Standard mouse)
1789742680.5842712,602,460,shimul-01-block-2-trial-15-target-6,570.0,450.0,37.5,False,Pointer Move (Standard mouse)
1789742680.592891,601,460,shimul-01-block-2-trial-15-target-6,570.0,450.0,37.5,False,Pointer Move (Standard mouse)
1789742680.600466,601,460,shimul-01-block-2-trial-15-target-6,570.0,450.0,37.5,False,Pointer Move (Standard mouse)
1789742680.607693,601,460,shimul-01-block-2-trial-15-target-6,570.0,450.0,37.5,False,Pointer Move (Standard mouse)
1789742680.645725,600,460,shimul-01-block-2-trial-15-target-6,570.0,450.0,37.5,False,Pointer Move (Standard mouse)
1789742680.669149,600,460,shimul-01-block-2-trial-15-target-6,570.0,450.0,37.5,False,Pointer Move (Standard mouse)
1789742680.675342,600,460,shimul-01-block-2-trial-15-target-6,570.0,450.0,37.5,False,Pointer Move (Standard mouse)
1789742680.69039,599,460,shimul-01-block-2-trial-15-target-6,570.0,450.0,37.5,False,Pointer Move (Standard mouse)
1789742680.697471,599,460,shimul-01-block-2-trial-15-target-6,570.0,450.0,37.5,False,Pointer Move (Standard mouse)
1789742680.704119,599,460,shimul-01-block-2-trial-15-target-6,570.0,450.0,37.5,False,Pointer Move (Standard mouse)
1789742680.7117262,598,460,shimul-01-block-2-trial-15-target-6,570.0,450.0,37.5,False,Pointer Move (Standard mouse)
1789742680.73721,598,460,shimul-01-block-2-trial-15-target-6,570.0,450.0,37.5,False,Pointer Move (Standard mouse)
1789742680.742053,598,460,shimul-01-block-2-trial-15-target-6,570.0,450.0,37.5,False,Pointer Move (Standard mouse)
1789742680.74968,597,460,shimul-01-block-2-trial-15-target-6,570.0,450.0,37.5,False,Pointer Move (Standard mouse)
1789742680.857097,597,460,shimul-01-block-2-trial-15-target-6,570.0,450.0,37.5,target_selected,target_selected
1789742680.9988081,598,460,shimul-01-block-2-trial-16-target-2,870.0,450.0,37.5,False,Pointer Move (Standard mouse)
1789742681.004964,598,460,shimul-01-block-2-trial-16-target-2,870.0,450.0,37.5,False,Pointer Move (Standard mouse)
1789742681.012795,602,460,shimul-01-block-2-trial-16-target-2,870.0,450.0,37.5,False,Pointer Move (Standard mouse)
1789742681.019916,605,460,shimul-01-block-2-trial-16-target-2,870.0,450.0,37.5,False,Pointer Move (Standard mouse)
1789742681.0278258,613,459,shimul-01-block-2-trial-16-target-2,870.0,450.0,37.5,False,Pointer Move (Standard mouse)
1789742681.034362,620,459,shimul-01-block-2-trial-16-target-2,870.0,450.0,37.5,False,Pointer Move (Standard mouse)
1789742681.042445,624,459,shimul-01-block-2-trial-16-target-2,870.0,450.0,37.5,False,Pointer Move (Standard mouse)
1789742681.050581,637,459,shimul-01-block-2-trial-16-target-2,870.0,450.0,37.5,False,Pointer Move (Standard mouse)
1789742681.058959,648,459,shimul-01-block-2-trial-16-target-2,870.0,450.0,37.5,False,Pointer Move (Standard mouse)
1789742681.0644858,662,459,shimul-01-block-2-trial-16-target-2,870.0,450.0,37.5,False,Pointer Move (Standard mouse)
1789742681.073407,672,459,shimul-01-block-2-trial-16-target-2,870.0,450.0,37.5,False,Pointer Move (Standard mouse)
1789742681.08029,688,459,shimul-01-block-2-trial-16-target-2,870.0,450.0,37.5,False,Pointer Move (Standard mouse)
1789742681.087005,693,459,shimul-01-block-2-trial-16-target-2,870.0,450.0,37.5,False,Pointer Move (Standard mouse)
1789742681.0950599,713,459,shimul-01-block-2-trial-16-target-2,870.0,450.0,37.5,False,Pointer Move (Standard mouse)
1789742681.1018722,731,459,shimul-01-block-2-trial-16-target-2,870.0,450.0,37.5,False,Pointer Move (Standard mouse)
1789742681.110024,748,459,shimul-01-block-2-trial-16-target-2,870.0,450.0,37.5,False,Pointer Move (Standard mouse)
1789742681.1183732,769,459,shimul-01-block-2-trial-16-target-2,870.0,450.0,37.5,False,Pointer Move (Standard mouse)
1789742681.1245928,788,459,shimul-01-block-2-trial-16-target-2,870.0,450.0,37.5,False,Pointer Move (Standard mouse)
1789742681.131836,805,457,shimul-01-block-2-trial-16-target-2,870.0,450.0,37.5,False,Pointer Move (Standard mouse)
1789742681.140432,824,457,shimul-01-block-2-trial-16-target-2,870.0,450.0,37.5,False,Pointer Move (Standard mouse)
1789742681.1467981,835,457,shimul-01-block-2-trial-16-target-2,870.0,450.0,37.5,False,Pointer Move (Standard mouse)
1789742681.1544588,849,457,shimul-01-block-2-trial-16-target-2,870.0,450.0,37.5,False,Pointer Move (Standard mouse)
1789742681.161904,864,457,shimul-01-block-2-trial-16-target-2,870.0,450.0,37.5,False,Pointer Move (Standard mouse)
1789742681.1691651,868,457,shimul-01-block-2-trial-16-target-2,870.0,450.0,37.5,False,Pointer Move (Standard mouse)
1789742681.177087,873,457,shimul-01-block-2-trial-16-target-2,870.0,450.0,37.5,False,Pointer Move (Standard mouse)
1789742681.184748,874,457,shimul-01-block-2-trial-16-target-2,870.0,450.0,37.5,False,Pointer Move (Standard mouse)
1789742681.191697,874,457,shimul-01-block-2-trial-16-target-2,870.0,450.0,37.5,False,Pointer Move (Standard mouse)
1789742681.199179,875,457,shimul-01-block-2-trial-16-target-2,870.0,450.0,37.5,False,Pointer Move (Standard mouse)
1789742681.206679,875,457,shimul-01-block-2-trial-16-target-2,870.0,450.0,37.5,False,Pointer Move (Standard mouse)
1789742681.403994,875,457,shimul-01-block-2-trial-16-target-2,870.0,450.0,37.5,target_selected,target_selected
1789742681.508904,875,457,shimul-01-block-3-trial-1-target-7,543.0,273.0,22.5,False,Pointer Move (Standard mouse)
1789742681.514938,874,457,shimul-01-block-3-trial-1-target-7,543.0,273.0,22.5,False,Pointer Move (Standard mouse)
1789742681.523741,874,457,shimul-01-block-3-trial-1-target-7,543.0,273.0,22.5,False,Pointer Move (Standard mouse)
1789742681.529807,870,458,shimul-01-block-3-trial-1-target-7,543.0,273.0,22.5,False,Pointer Move (Standard mouse)
1789742681.5362759,865,458,shimul-01-block-3-trial-1-target-7,543.0,273.0,22.5,False,Pointer Move (Standard mouse)
1789742681.5444071,855,461,shimul-01-block-3-trial-1-target-7,543.0,273.0,22.5,False,Pointer Move (Standard mouse)
1789742681.5521228,843,462,shimul-01-block-3-trial-1-target-7,543.0,273.0,22.5,False,Pointer Move (Standard mouse)
1789742681.559714,833,462,shimul-01-block-3-trial-1-target-7,543.0,273.0,22.5,False,Pointer Move (Standard mouse)
1789742681.567533,814,462,shimul-01-block-3-trial-1-target-7,543.0,273.0,22.5,False,Pointer Move (Standard mouse)
1789742681.574264,798,463,shimul-01-block-3-trial-1-target-7,543.0,273.0,22.5,False,Pointer Move (Standard mouse)
1789742681.5819001,786,463,shimul-01-block-3-trial-1-target-7,543.0,273.0,22.5,False,Pointer Move (Standard mouse)
1789742681.58905,760,463,shimul-01-block-3-trial-1-target-7,543.0,273.0,22.5,False,Pointer Move (Standard mouse)
1789742681.596877,753,463,shimul-01-block-3-trial-1-target-7,543.0,273.0,22.5,False,Pointer Move (Standard mouse)
1789742681.604223,725,462,shimul-01-block-3-trial-1-target-7,543.0,273.0,22.5,False,Pointer Move (Standard mouse)
1789742681.6122649,709,462,shimul-01-block-3-trial-1-target-7,543.0,273.0,22.5,False,Pointer Move (Standard mouse)
1789742681.6195688,692,459,shimul-01-block-3-trial-1-target-7,543.0,273.0,22.5,False,Pointer Move (Standard mouse)
1789742681.6279209,677,457,shimul-01-block-3-trial-1-target-7,543.0,273.0,22.5,False,Pointer Move (Standard mouse)
1789742681.634898,666,456,shimul-01-block-3-trial-1-target-7,543.0,273.0,22.5,False,Pointer Move (Standard mouse)
1789742681.642308,652,455,shimul-01-block-3-trial-1-target-7,543.0,273.0,22.5,False,Pointer Move (Standard mouse)
1789742681.6495612,639,452,shimul-01-block-3-trial-1-target-7,543.0,273.0,22.5,False,Pointer Move (Standard mouse)
1789742681.657582,630,452,shimul-01-block-3-trial-1-target-7,543.0,273.0,22.5,False,Pointer Move (Standard mouse)
1789742681.664126,620,451,shimul-01-block-3-trial-1-target-7,543.0,273.0,22.5,False,Pointer Move (Standard mouse)
1789742681.67206,609,449,shimul-01-block-3-trial-1-target-7,543.0,273.0,22.5,False,Pointer Move (Standard mouse)
1789742681.679188,602,449,shimul-01-block-3-trial-1-target-7,543.0,273.0,22.5,False,Pointer Move (Standard mouse)
1789742681.686422,596,449,shimul-01-block-3-trial-1-target-7,543.0,273.0,22.5,False,Pointer Move (Standard mouse)
1789742681.695839,595,449,shimul-01-block-3-trial-1-target-7,543.0,273.0,22.5,False,Pointer Move (Standard mouse)
1789742681.701751,593,449,shimul-01-block-3-trial-1-target-7,543.0,273.0,22.5,False,Pointer Move (Standard mouse)
1789742681.7095082,593,449,shimul-01-block-3-trial-1-target-7,543.0,273.0,22.5,False,Pointer Move (Standard mouse)
1789742681.717403,592,449,shimul-01-block-3-trial-1-target-7,543.0,273.0,22.5,False,Pointer Move (Standard mouse)
1789742681.724682,592,450,shimul-01-block-3-trial-1-target-7,543.0,273.0,22.5,False,Pointer Move (Standard mouse)
1789742681.732001,591,450,shimul-01-block-3-trial-1-target-7,543.0,273.0,22.5,False,Pointer Move (Standard mouse)
1789742681.739444,591,450,shimul-01-block-3-trial-1-target-7,543.0,273.0,22.5,False,Pointer Move (Standard mouse)
1789742681.747206,590,450,shimul-01-block-3-trial-1-target-7,543.0,273.0,22.5,False,Pointer Move (Standard mouse)
1789742681.7549849,590,450,shimul-01-block-3-trial-1-target-7,543.0,273.0,22.5,False,Pointer Move (Standard mouse)
1789742681.762594,589,450,shimul-01-block-3-trial-1-target-7,543.0,273.0,22.5,False,Pointer Move (Standard mouse)
1789742681.777196,589,451,shimul-01-block-3-trial-1-target-7,543.0,273.0,22.5,False,Pointer Move (Standard mouse)
1789742681.7843552,588,451,shimul-01-block-3-trial-1-target-7,543.0,273.0,22.5,False,Pointer Move (Standard mouse)
1789742681.799841,588,451,shimul-01-block-3-trial-1-target-7,543.0,273.0,22.5,False,Pointer Move (Standard mouse)
1789742681.806867,588,451,shimul-01-block-3-trial-1-target-7,543.0,273.0,22.5,False,Pointer Move (Standard mouse)
1789742681.846736,587,450,shimul-01-block-3-trial-1-target-7,543.0,273.0,22.5,False,Pointer Move (Standard mouse)
1789742681.8523939,587,449,shimul-01-block-3-trial-1-target-7,543.0,273.0,22.5,False,Pointer Move (Standard mouse)
1789742681.859541,587,448,shimul-01-block-3-trial-1-target-7,543.0,273.0,22.5,False,Pointer Move (Standard mouse)
1789742681.866465,587,445,shimul-01-block-3-trial-1-target-7,543.0,273.0,22.5,False,Pointer Move (Standard mouse)
1789742681.8747149,587,441,shimul-01-block-3-trial-1-target-7,543.0,273.0,22.5,False,Pointer Move (Standard mouse)
1789742681.8826308,587,438,shimul-01-block-3-trial-1-target-7,543.0,273.0,22.5,False,Pointer Move (Standard mouse)
1789742681.8894668,587,435,shimul-01-block-3-trial-1-target-7,543.0,273.0,22.5,False,Pointer Move (Standard mouse)
1789742681.896946,587,428,shimul-01-block-3-trial-1-target-7,543.0,273.0,22.5,False,Pointer Move (Standard mouse)
1789742681.904459,587,423,shimul-01-block-3-trial-1-target-7,543.0,273.0,22.5,False,Pointer Move (Standard mouse)
1789742681.912757,587,422,shimul-01-block-3-trial-1-target-7,543.0,273.0,22.5,False,Pointer Move (Standard mouse)
1789742681.9201589,586,415,shimul-01-block-3-trial-1-target-7,543.0,273.0,22.5,False,Pointer Move (Standard mouse)
1789742681.927774,586,414,shimul-01-block-3-trial-1-target-7,543.0,273.0,22.5,False,Pointer Move (Standard mouse)
1789742681.952306,586,408,shimul-01-block-3-trial-1-target-7,543.0,273.0,22.5,False,Pointer Move (Standard mouse)
1789742681.957847,586,401,shimul-01-block-3-trial-1-target-7,543.0,273.0,22.5,False,Pointer Move (Standard mouse)
1789742681.9642198,585,390,shimul-01-block-3-trial-1-target-7,543.0,273.0,22.5,False,Pointer Move (Standard mouse)
1789742681.9726012,584,385,shimul-01-block-3-trial-1-target-7,543.0,273.0,22.5,False,Pointer Move (Standard mouse)
1789742681.979359,582,379,shimul-01-block-3-trial-1-target-7,543.0,273.0,22.5,False,Pointer Move (Standard mouse)
1789742681.987328,578,372,shimul-01-block-3-trial-1-target-7,543.0,273.0,22.5,False,Pointer Move (Standard mouse)
1789742681.9944599,576,361,shimul-01-block-3-trial-1-target-7,543.0,273.0,22.5,False,Pointer Move (Standard mouse)
1789742682.001693,572,353,shimul-01-block-3-trial-1-target-7,543.0,273.0,22.5,False,Pointer Move (Standard mouse)
1789742682.0099862,568,342,shimul-01-block-3-trial-1-target-7,543.0,273.0,22.5,False,Pointer Move (Standard mouse)
1789742682.017389,564,332,shimul-01-block-3-trial-1-target-7,543.0,273.0,22.5,False,Pointer Move (Standard mouse)
1789742682.0242822,562,327,shimul-01-block-3-trial-1-target-7,543.0,273.0,22.5,False,Pointer Move (Standard mouse)
1789742682.031723,560,322,shimul-01-block-3-trial-1-target-7,543.0,273.0,22.5,False,Pointer Move (Standard mouse)
1789742682.038443,560,321,shimul-01-block-3-trial-1-target-7,543.0,273.0,22.5,False,Pointer Move (Standard mouse)
1789742682.046619,559,321,shimul-01-block-3-trial-1-target-7,543.0,273.0,22.5,False,Pointer Move (Standard mouse)
1789742682.054733,559,320,shimul-01-block-3-trial-1-target-7,543.0,273.0,22.5,False,Pointer Move (Standard mouse)
1789742682.062285,559,319,shimul-01-block-3-trial-1-target-7,543.0,273.0,22.5,False,Pointer Move (Standard mouse)
1789742682.069471,558,319,shimul-01-block-3-trial-1-target-7,543.0,273.0,22.5,False,Pointer Move (Standard mouse)
1789742682.077794,558,319,shimul-01-block-3-trial-1-target-7,543.0,273.0,22.5,False,Pointer Move (Standard mouse)
1789742682.0843441,558,318,shimul-01-block-3-trial-1-target-7,543.0,273.0,22.5,False,Pointer Move (Standard mouse)
1789742682.091841,558,318,shimul-01-block-3-trial-1-target-7,543.0,273.0,22.5,False,Pointer Move (Standard mouse)
1789742682.107114,557,317,shimul-01-block-3-trial-1-target-7,543.0,273.0,22.5,False,Pointer Move (Standard mouse)
1789742682.114474,557,317,shimul-01-block-3-trial-1-target-7,543.0,273.0,22.5,False,Pointer Move (Standard mouse)
1789742682.121759,557,316,shimul-01-block-3-trial-1-target-7,543.0,273.0,22.5,False,Pointer Move (Standard mouse)
1789742682.129459,557,316,shimul-01-block-3-trial-1-target-7,543.0,273.0,22.5,False,Pointer Move (Standard mouse)
1789742682.137414,557,314,shimul-01-block-3-trial-1-target-7,543.0,273.0,22.5,False,Pointer Move (Standard mouse)
1789742682.145139,557,314,shimul-01-block-3-trial-1-target-7,543.0,273.0,22.5,False,Pointer Move (Standard mouse)
1789742682.151428,557,314,shimul-01-block-3-trial-1-target-7,543.0,273.0,22.5,False,Pointer Move (Standard mouse)
1789742682.182265,557,313,shimul-01-block-3-trial-1-target-7,543.0,273.0,22.5,False,Pointer Move (Standard mouse)
1789742682.2208772,557,313,shimul-01-block-3-trial-1-target-7,543.0,273.0,22.5,False,Pointer Move (Standard mouse)
1789742682.244222,557,313,shimul-01-block-3-trial-1-target-7,543.0,273.0,22.5,False,Pointer Move (Standard mouse)
1789742682.25001,557,312,shimul-01-block-3-trial-1-target-7,543.0,273.0,22.5,False,Pointer Move (Standard mouse)
1789742682.257518,557,309,shimul-01-block-3-trial-1-target-7,543.0,273.0,22.5,False,Pointer Move (Standard mouse)
1789742682.264813,557,306,shimul-01-block-3-trial-1-target-7,543.0,273.0,22.5,False,Pointer Move (Standard mouse)
1789742682.2727208,556,302,shimul-01-block-3-trial-1-target-7,543.0,273.0,22.5,False,Pointer Move (Standard mouse)
1789742682.279279,556,299,shimul-01-block-3-trial-1-target-7,543.0,273.0,22.5,False,Pointer Move (Standard mouse)
1789742682.286902,556,298,shimul-01-block-3-trial-1-target-7,543.0,273.0,22.5,False,Pointer Move (Standard mouse)
1789742682.294797,556,297,shimul-01-block-3-trial-1-target-7,543.0,273.0,22.5,False,Pointer Move (Standard mouse)
1789742682.301776,556,295,shimul-01-block-3-trial-1-target-7,543.0,273.0,22.5,False,Pointer Move (Standard mouse)
1789742682.3094652,556,292,shimul-01-block-3-trial-1-target-7,543.0,273.0,22.5,False,Pointer Move (Standard mouse)
1789742682.316611,556,291,shimul-01-block-3-trial-1-target-7,543.0,273.0,22.5,False,Pointer Move (Standard mouse)
1789742682.324067,556,291,shimul-01-block-3-trial-1-target-7,543.0,273.0,22.5,False,Pointer Move (Standard mouse)
1789742682.332127,556,290,shimul-01-block-3-trial-1-target-7,543.0,273.0,22.5,False,Pointer Move (Standard mouse)
1789742682.3393369,556,290,shimul-01-block-3-trial-1-target-7,543.0,273.0,22.5,False,Pointer Move (Standard mouse)
1789742682.392864,556,289,shimul-01-block-3-trial-1-target-7,543.0,273.0,22.5,False,Pointer Move (Standard mouse)
1789742682.4160872,556,289,shimul-01-block-3-trial-1-target-7,543.0,273.0,22.5,False,Pointer Move (Standard mouse)
1789742682.4374,556,288,shimul-01-block-3-trial-1-target-7,543.0,273.0,22.5,False,Pointer Move (Standard mouse)
1789742682.5559838,556,288,shimul-01-block-3-trial-1-target-7,543.0,273.0,22.5,False,Pointer Move (Standard mouse)
1789742682.594848,556,288,shimul-01-block-3-trial-1-target-7,543.0,273.0,22.5,target_selected,target_selected
1789742682.598838,556,288,shimul-01-block-3-trial-2-target-3,897.0,627.0,22.5,False,Pointer Move (Standard mouse)
1789742682.730495,556,288,shimul-01-block-3-trial-2-target-3,897.0,627.0,22.5,False,Pointer Move (Standard mouse)
1789742682.737539,556,289,shimul-01-block-3-trial-2-target-3,897.0,627.0,22.5,False,Pointer Move (Standard mouse)
1789742682.7447832,556,291,shimul-01-block-3-trial-2-target-3,897.0,627.0,22.5,False,Pointer Move (Standard mouse)
1789742682.752409,556,294,shimul-01-block-3-trial-2-target-3,897.0,627.0,22.5,False,Pointer Move (Standard mouse)
1789742682.7600331,557,295,shimul-01-block-3-trial-2-target-3,897.0,627.0,22.5,False,Pointer Move (Standard mouse)
1789742682.767742,562,304,shimul-01-block-3-trial-2-target-3,897.0,627.0,22.5,False,Pointer Move (Standard mouse)
1789742682.7745888,567,316,shimul-01-block-3-trial-2-target-3,897.0,627.0,22.5,False,Pointer Move (Standard mouse)
1789742682.7819352,573,325,shimul-01-block-3-trial-2-target-3,897.0,627.0,22.5,False,Pointer Move (Standard mouse)
1789742682.789421,583,339,shimul-01-block-3-trial-2-target-3,897.0,627.0,22.5,False,Pointer Move (Standard mouse)
1789742682.797204,589,350,shimul-01-block-3-trial-2-target-3,897.0,627.0,22.5,False,Pointer Move (Standard mouse)
1789742682.80493,606,375,shimul-01-block-3-trial-2-target-3,897.0,627.0,22.5,False,Pointer Move (Standard mouse)
1789742682.811712,615,391,shimul-01-block-3-trial-2-target-3,897.0,627.0,22.5,False,Pointer Move (Standard mouse)
1789742682.820257,630,409,shimul-01-block-3-trial-2-target-3,897.0,627.0,22.5,False,Pointer Move (Standard mouse)
1789742682.827018,642,423,shimul-01-block-3-trial-2-target-3,897.0,627.0,22.5,False,Pointer Move (Standard mouse)
1789742682.8351622,658,442,shimul-01-block-3-trial-2-target-3,897.0,627.0,22.5,False,Pointer Move (Standard mouse)
1789742682.842976,673,458,shimul-01-block-3-trial-2-target-3,897.0,627.0,22.5,False,Pointer Move (Standard mouse)
1789742682.850125,693,475,shimul-01-block-3-trial-2-target-3,897.0,627.0,22.5,False,Pointer Move (Standard mouse)
1789742682.857281,710,492,shimul-01-block-3-trial-2-target-3,897.0,627.0,22.5,False,Pointer Move (Standard mouse)
1789742682.864583,723,503,shimul-01-block-3-trial-2-target-3,897.0,627.0,22.5,False,Pointer Move (Standard mouse)
1789742682.871488,730,509,shimul-01-block-3-trial-2-target-3,897.0,627.0,22.5,False,Pointer Move (Standard mouse)
1789742682.880223,741,519,shimul-01-block-3-trial-2-target-3,897.0,627.0,22.5,False,Pointer Move (Standard mouse)
1789742682.8865979,758,534,shimul-01-block-3-trial-2-target-3,897.0,627.0,22.5,False,Pointer Move (Standard mouse)
1789742682.894558,771,545,shimul-01-block-3-trial-2-target-3,897.0,627.0,22.5,False,Pointer Move (Standard mouse)
1789742682.902894,778,551,shimul-01-block-3-trial-2-target-3,897.0,627.0,22.5,False,Pointer Move (Standard mouse)
1789742682.909908,787,560,shimul-01-block-3-trial-2-target-3,897.0,627.0,22.5,False,Pointer Move (Standard mouse)
1789742682.918048,794,566,shimul-01-block-3-trial-2-target-3,897.0,627.0,22.5,False,Pointer Move (Standard mouse)
1789742682.924501,801,572,shimul-01-block-3-trial-2-target-3,897.0,627.0,22.5,False,Pointer Move (Standard mouse)
1789742682.934965,805,575,shimul-01-block-3-trial-2-target-3,897.0,627.0,22.5,False,Pointer Move (Standard mouse)
1789742682.939751,809,578,shimul-01-block-3-trial-2-target-3,897.0,627.0,22.5,False,Pointer Move (Standard mouse)
1789742682.9470232,812,582,shimul-01-block-3-trial-2-target-3,897.0,627.0,22.5,False,Pointer Move (Standard mouse)
1789742682.9556632,814,583,shimul-01-block-3-trial-2-target-3,897.0,627.0,22.5,False,Pointer Move (Standard mouse)
1789742682.962711,814,584,shimul-01-block-3-trial-2-target-3,897.0,627.0,22.5,False,Pointer Move (Standard mouse)
1789742682.9708002,814,584,shimul-01-block-3-trial-2-target-3,897.0,627.0,22.5,False,Pointer Move (Standard mouse)
1789742682.977686,815,585,shimul-01-block-3-trial-2-target-3,897.0,627.0,22.5,False,Pointer Move (Standard mouse)
1789742683.000034,815,585,shimul-01-block-3-trial-2-target-3,897.0,627.0,22.5,False,Pointer Move (Standard mouse)
1789742683.006814,815,586,shimul-01-block-3-trial-2-target-3,897.0,627.0,22.5,False,Pointer Move (Standard mouse)
1789742683.014202,819,590,shimul-01-block-3-trial-2-target-3,897.0,627.0,22.5,False,Pointer Move (Standard mouse)
1789742683.022282,820,591,shimul-01-block-3-trial-2-target-3,897.0,627.0,22.5,False,Pointer Move (Standard mouse)
1789742683.029336,821,592,shimul-01-block-3-trial-2-target-3,897.0,627.0,22.5,False,Pointer Move (Standard mouse)
1789742683.03773,823,594,shimul-01-block-3-trial-2-target-3,897.0,627.0,22.5,False,Pointer Move (Standard mouse)
1789742683.0444758,823,595,shimul-01-block-3-trial-2-target-3,897.0,627.0,22.5,False,Pointer Move (Standard mouse)
1789742683.05143,824,596,shimul-01-block-3-trial-2-target-3,897.0,627.0,22.5,False,Pointer Move (Standard mouse)
1789742683.059337,826,597,shimul-01-block-3-trial-2-target-3,897.0,627.0,22.5,False,Pointer Move (Standard mouse)
1789742683.0672572,826,597,shimul-01-block-3-trial-2-target-3,897.0,627.0,22.5,False,Pointer Move (Standard mouse)
1789742683.074564,827,597,shimul-01-block-3-trial-2-target-3,897.0,627.0,22.5,False,Pointer Move (Standard mouse)
1789742683.08213,827,597,shimul-01-block-3-trial-2-target-3,897.0,627.0,22.5,False,Pointer Move (Standard mouse)
1789742683.089688,828,597,shimul-01-block-3-trial-2-target-3,897.0,627.0,22.5,False,Pointer Move (Standard mouse)
1789742683.105729,828,597,shimul-01-block-3-trial-2-target-3,897.0,627.0,22.5,False,Pointer Move (Standard mouse)
1789742683.111996,829,597,shimul-01-block-3-trial-2-target-3,897.0,627.0,22.5,False,Pointer Move (Standard mouse)
1789742683.119561,829,597,shimul-01-block-3-trial-2-target-3,897.0,627.0,22.5,False,Pointer Move (Standard mouse)
1789742683.127347,830,598,shimul-01-block-3-trial-2-target-3,897.0,627.0,22.5,False,Pointer Move (Standard mouse)
1789742683.134903,832,598,shimul-01-block-3-trial-2-target-3,897.0,627.0,22.5,False,Pointer Move (Standard mouse)
1789742683.1423512,833,598,shimul-01-block-3-trial-2-target-3,897.0,627.0,22.5,False,Pointer Move (Standard mouse)
1789742683.150562,838,599,shimul-01-block-3-trial-2-target-3,897.0,627.0,22.5,False,Pointer Move (Standard mouse)
1789742683.157973,839,599,shimul-01-block-3-trial-2-target-3,897.0,627.0,22.5,False,Pointer Move (Standard mouse)
1789742683.164948,846,600,shimul-01-block-3-trial-2-target-3,897.0,627.0,22.5,False,Pointer Move (Standard mouse)
1789742683.171506,851,600,shimul-01-block-3-trial-2-target-3,897.0,627.0,22.5,False,Pointer Move (Standard mouse)
1789742683.178954,858,603,shimul-01-block-3-trial-2-target-3,897.0,627.0,22.5,False,Pointer Move (Standard mouse)
1789742683.187716,863,606,shimul-01-block-3-trial-2-target-3,897.0,627.0,22.5,False,Pointer Move (Standard mouse)
1789742683.194051,863,606,shimul-01-block-3-trial-2-target-3,897.0,627.0,22.5,False,Pointer Move (Standard mouse)
1789742683.201823,864,606,shimul-01-block-3-trial-2-target-3,897.0,627.0,22.5,False,Pointer Move (Standard mouse)
1789742683.209101,864,606,shimul-01-block-3-trial-2-target-3,897.0,627.0,22.5,False,Pointer Move (Standard mouse)
1789742683.225315,865,607,shimul-01-block-3-trial-2-target-3,897.0,627.0,22.5,False,Pointer Move (Standard mouse)
1789742683.232348,865,607,shimul-01-block-3-trial-2-target-3,897.0,627.0,22.5,False,Pointer Move (Standard mouse)
1789742683.2396429,865,607,shimul-01-block-3-trial-2-target-3,897.0,627.0,22.5,False,Pointer Move (Standard mouse)
1789742683.2468638,867,608,shimul-01-block-3-trial-2-target-3,897.0,627.0,22.5,False,Pointer Move (Standard mouse)
1789742683.277853,872,610,shimul-01-block-3-trial-2-target-3,897.0,627.0,22.5,False,Pointer Move (Standard mouse)
1789742683.284884,873,611,shimul-01-block-3-trial-2-target-3,897.0,627.0,22.5,False,Pointer Move (Standard mouse)
1789742683.29298,874,611,shimul-01-block-3-trial-2-target-3,897.0,627.0,22.5,False,Pointer Move (Standard mouse)
1789742683.3003259,874,611,shimul-01-block-3-trial-2-target-3,897.0,627.0,22.5,False,Pointer Move (Standard mouse)
1789742683.30729,875,611,shimul-01-block-3-trial-2-target-3,897.0,627.0,22.5,False,Pointer Move (Standard mouse)
1789742683.31511,875,611,shimul-01-block-3-trial-2-target-3,897.0,627.0,22.5,False,Pointer Move (Standard mouse)
1789742683.426868,875,611,shimul-01-block-3-trial-2-target-3,897.0,627.0,22.5,False,Pointer Move (Standard mouse)
1789742683.435723,875,612,shimul-01-block-3-trial-2-target-3,897.0,627.0,22.5,False,Pointer Move (Standard mouse)
1789742683.441806,876,612,shimul-01-block-3-trial-2-target-3,897.0,627.0,22.5,False,Pointer Move (Standard mouse)
1789742683.457322,876,612,shimul-01-block-3-trial-2-target-3,897.0,627.0,22.5,False,Pointer Move (Standard mouse)
1789742683.463596,876,612,shimul-01-block-3-trial-2-target-3,897.0,627.0,22.5,False,Pointer Move (Standard mouse)
1789742683.479268,877,612,shimul-01-block-3-trial-2-target-3,897.0,627.0,22.5,False,Pointer Move (Standard mouse)
1789742683.487324,877,612,shimul-01-block-3-trial-2-target-3,897.0,627.0,22.5,False,Pointer Move (Standard mouse)
1789742683.5243871,877,612,shimul-01-block-3-trial-2-target-3,897.0,627.0,22.5,False,Pointer Move (Standard mouse)
1789742683.532674,878,612,shimul-01-block-3-trial-2-target-3,897.0,627.0,22.5,False,Pointer Move (Standard mouse)
1789742683.53994,878,612,shimul-01-block-3-trial-2-target-3,897.0,627.0,22.5,False,Pointer Move (Standard mouse)
1789742683.547606,879,612,shimul-01-block-3-trial-2-target-3,897.0,627.0,22.5,False,Pointer Move (Standard mouse)
1789742683.553966,879,612,shimul-01-block-3-trial-2-target-3,897.0,627.0,22.5,False,Pointer Move (Standard mouse)
1789742683.5615098,879,612,shimul-01-block-3-trial-2-target-3,897.0,627.0,22.5,False,Pointer Move (Standard mouse)
1789742683.568773,880,612,shimul-01-block-3-trial-2-target-3,897.0,627.0,22.5,False,Pointer Move (Standard mouse)
1789742683.57682,880,613,shimul-01-block-3-trial-2-target-3,897.0,627.0,22.5,False,Pointer Move (Standard mouse)
1789742683.584086,881,613,shimul-01-block-3-trial-2-target-3,897.0,627.0,22.5,False,Pointer Move (Standard mouse)
1789742683.591807,882,613,shimul-01-block-3-trial-2-target-3,897.0,627.0,22.5,False,Pointer Move (Standard mouse)
1789742683.6002429,883,614,shimul-01-block-3-trial-2-target-3,897.0,627.0,22.5,False,Pointer Move (Standard mouse)
1789742683.606963,883,614,shimul-01-block-3-trial-2-target-3,897.0,627.0,22.5,False,Pointer Move (Standard mouse)
1789742683.614341,884,614,shimul-01-block-3-trial-2-target-3,897.0,627.0,22.5,False,Pointer Move (Standard mouse)
1789742683.622062,884,615,shimul-01-block-3-trial-2-target-3,897.0,627.0,22.5,False,Pointer Move (Standard mouse)
1789742683.629262,884,615,shimul-01-block-3-trial-2-target-3,897.0,627.0,22.5,False,Pointer Move (Standard mouse)
1789742683.636538,885,616,shimul-01-block-3-trial-2-target-3,897.0,627.0,22.5,False,Pointer Move (Standard mouse)
1789742683.6600058,885,616,shimul-01-block-3-trial-2-target-3,897.0,627.0,22.5,False,Pointer Move (Standard mouse)
1789742683.668,885,616,shimul-01-block-3-trial-2-target-3,897.0,627.0,22.5,False,Pointer Move (Standard mouse)
1789742683.6744971,885,616,shimul-01-block-3-trial-2-target-3,897.0,627.0,22.5,False,Pointer Move (Standard mouse)
1789742683.681667,886,617,shimul-01-block-3-trial-2-target-3,897.0,627.0,22.5,False,Pointer Move (Standard mouse)
1789742683.69764,886,617,shimul-01-block-3-trial-2-target-3,897.0,627.0,22.5,False,Pointer Move (Standard mouse)
1789742683.704767,886,617,shimul-01-block-3-trial-2-target-3,897.0,627.0,22.5,False,Pointer Move (Standard mouse)
1789742683.712696,886,617,shimul-01-block-3-trial-2-target-3,897.0,627.0,22.5,False,Pointer Move (Standard mouse)
1789742683.720167,887,617,shimul-01-block-3-trial-2-target-3,897.0,627.0,22.5,False,Pointer Move (Standard mouse)
1789742683.7361732,887,618,shimul-01-block-3-trial-2-target-3,897.0,627.0,22.5,False,Pointer Move (Standard mouse)
1789742683.758135,888,618,shimul-01-block-3-trial-2-target-3,897.0,627.0,22.5,False,Pointer Move (Standard mouse)
1789742683.796473,888,618,shimul-01-block-3-trial-2-target-3,897.0,627.0,22.5,False,Pointer Move (Standard mouse)
1789742683.8191192,888,618,shimul-01-block-3-trial-2-target-3,897.0,627.0,22.5,False,Pointer Move (Standard mouse)
1789742683.8332312,888,618,shimul-01-block-3-trial-2-target-3,897.0,627.0,22.5,False,Pointer Move (Standard mouse)
1789742683.840586,888,618,shimul-01-block-3-trial-2-target-3,897.0,627.0,22.5,target_selected,target_selected
1789742683.84728,889,618,shimul-01-block-3-trial-3-target-7,543.0,273.0,22.5,False,Pointer Move (Standard mouse)
1789742683.848067,889,618,shimul-01-block-3-trial-3-target-7,543.0,273.0,22.5,False,Pointer Move (Standard mouse)
1789742683.85358,889,618,shimul-01-block-3-trial-3-target-7,543.0,273.0,22.5,False,Pointer Move (Standard mouse)
1789742683.861325,889,619,shimul-01-block-3-trial-3-target-7,543.0,273.0,22.5,False,Pointer Move (Standard mouse)
1789742683.869028,890,619,shimul-01-block-3-trial-3-target-7,543.0,273.0,22.5,False,Pointer Move (Standard mouse)
1789742683.8762581,890,619,shimul-01-block-3-trial-3-target-7,543.0,273.0,22.5,False,Pointer Move (Standard mouse)
1789742683.968566,890,618,shimul-01-block-3-trial-3-target-7,543.0,273.0,22.5,False,Pointer Move (Standard mouse)
1789742683.974952,890,618,shimul-01-block-3-trial-3-target-7,543.0,273.0,22.5,False,Pointer Move (Standard mouse)
1789742683.982688,890,617,shimul-01-block-3-trial-3-target-7,543.0,273.0,22.5,False,Pointer Move (Standard mouse)
1789742683.9900029,890,617,shimul-01-block-3-trial-3-target-7,543.0,273.0,22.5,False,Pointer Move (Standard mouse)
1789742683.996223,889,616,shimul-01-block-3-trial-3-target-7,543.0,273.0,22.5,False,Pointer Move (Standard mouse)
1789742684.004388,889,615,shimul-01-block-3-trial-3-target-7,543.0,273.0,22.5,False,Pointer Move (Standard mouse)
1789742684.012278,889,614,shimul-01-block-3-trial-3-target-7,543.0,273.0,22.5,False,Pointer Move (Standard mouse)
1789742684.019562,888,609,shimul-01-block-3-trial-3-target-7,543.0,273.0,22.5,False,Pointer Move (Standard mouse)
1789742684.027918,885,602,shimul-01-block-3-trial-3-target-7,543.0,273.0,22.5,False,Pointer Move (Standard mouse)
1789742684.042858,884,600,shimul-01-block-3-trial-3-target-7,543.0,273.0,22.5,False,Pointer Move (Standard mouse)
1789742684.05076,883,599,shimul-01-block-3-trial-3-target-7,543.0,273.0,22.5,False,Pointer Move (Standard mouse)
1789742684.0567198,880,595,shimul-01-block-3-trial-3-target-7,543.0,273.0,22.5,False,Pointer Move (Standard mouse)
1789742684.0639858,876,591,shimul-01-block-3-trial-3-target-7,543.0,273.0,22.5,False,Pointer Move (Standard mouse)
1789742684.0723689,871,583,shimul-01-block-3-trial-3-target-7,543.0,273.0,22.5,False,Pointer Move (Standard mouse)
1789742684.079038,869,577,shimul-01-block-3-trial-3-target-7,543.0,273.0,22.5,False,Pointer Move (Standard mouse)
1789742684.08781,867,570,shimul-01-block-3-trial-3-target-7,543.0,273.0,22.5,False,Pointer Move (Standard mouse)
1789742684.09507,864,556,shimul-01-block-3-trial-3-target-7,543.0,273.0,22.5,False,Pointer Move (Standard mouse)
1789742684.102068,860,544,shimul-01-block-3-trial-3-target-7,543.0,273.0,22.5,False,Pointer Move (Standard mouse)
1789742684.110137,856,530,shimul-01-block-3-trial-3-target-7,543.0,273.0,22.5,False,Pointer Move (Standard mouse)
1789742684.117633,848,509,shimul-01-block-3-trial-3-target-7,543.0,273.0,22.5,False,Pointer Move (Standard mouse)
1789742684.1250958,841,492,shimul-01-block-3-trial-3-target-7,543.0,273.0,22.5,False,Pointer Move (Standard mouse)
1789742684.131426,829,465,shimul-01-block-3-trial-3-target-7,543.0,273.0,22.5,False,Pointer Move (Standard mouse)
1789742684.139468,818,446,shimul-01-block-3-trial-3-target-7,543.0,273.0,22.5,False,Pointer Move (Standard mouse)
1789742684.1475499,803,426,shimul-01-block-3-trial-3-target-7,543.0,273.0,22.5,False,Pointer Move (Standard mouse)
1789742684.154562,790,406,shimul-01-block-3-trial-3-target-7,543.0,273.0,22.5,False,Pointer Move (Standard mouse)
1789742684.161642,771,388,shimul-01-block-3-trial-3-target-7,543.0,273.0,22.5,False,Pointer Move (Standard mouse)
1789742684.1691341,746,365,shimul-01-block-3-trial-3-target-7,543.0,273.0,22.5,False,Pointer Move (Standard mouse)
1789742684.178302,724,344,shimul-01-block-3-trial-3-target-7,543.0,273.0,22.5,False,Pointer Move (Standard mouse)
1789742684.184331,711,331,shimul-01-block-3-trial-3-target-7,543.0,273.0,22.5,False,Pointer Move (Standard mouse)
1789742684.191968,700,318,shimul-01-block-3-trial-3-target-7,543.0,273.0,22.5,False,Pointer Move (Standard mouse)
1789742684.1994119,688,305,shimul-01-block-3-trial-3-target-7,543.0,273.0,22.5,False,Pointer Move (Standard mouse)
1789742684.2068748,680,293,shimul-01-block-3-trial-3-target-7,543.0,273.0,22.5,False,Pointer Move (Standard mouse)
1789742684.214839,674,285,shimul-01-block-3-trial-3-target-7,543.0,273.0,22.5,False,Pointer Move (Standard mouse)
1789742684.2218082,668,276,shimul-01-block-3-trial-3-target-7,543.0,273.0,22.5,False,Pointer Move (Standard mouse)
1789742684.229964,664,269,shimul-01-block-3-trial-3-target-7,543.0,273.0,22.5,False,Pointer Move (Standard mouse)
1789742684.23711,660,262,shimul-01-block-3-trial-3-target-7,543.0,273.0,22.5,False,Pointer Move (Standard mouse)
1789742684.2450528,657,255,shimul-01-block-3-trial-3-target-7,543.0,273.0,22.5,False,Pointer Move (Standard mouse)
1789742684.252338,656,254,shimul-01-block-3-trial-3-target-7,543.0,273.0,22.5,False,Pointer Move (Standard mouse)
1789742684.259435,654,249,shimul-01-block-3-trial-3-target-7,543.0,273.0,22.5,False,Pointer Move (Standard mouse)
1789742684.2669718,651,240,shimul-01-block-3-trial-3-target-7,543.0,273.0,22.5,False,Pointer Move (Standard mouse)
1789742684.2748811,649,232,shimul-01-block-3-trial-3-target-7,543.0,273.0,22.5,False,Pointer Move (Standard mouse)
1789742684.282339,646,225,shimul-01-block-3-trial-3-target-7,543.0,273.0,22.5,False,Pointer Move (Standard mouse)
1789742684.289835,645,218,shimul-01-block-3-trial-3-target-7,543.0,273.0,22.5,False,Pointer Move (Standard mouse)
1789742684.296932,644,216,shimul-01-block-3-trial-3-target-7,543.0,273.0,22.5,False,Pointer Move (Standard mouse)
1789742684.305444,644,216,shimul-01-block-3-trial-3-target-7,543.0,273.0,22.5,False,Pointer Move (Standard mouse)
1789742684.312314,644,216,shimul-01-block-3-trial-3-target-7,543.0,273.0,22.5,False,Pointer Move (Standard mouse)
1789742684.319531,643,216,shimul-01-block-3-trial-3-target-7,543.0,273.0,22.5,False,Pointer Move (Standard mouse)
1789742684.3277519,643,215,shimul-01-block-3-trial-3-target-7,543.0,273.0,22.5,False,Pointer Move (Standard mouse)
1789742684.334647,643,215,shimul-01-block-3-trial-3-target-7,543.0,273.0,22.5,False,Pointer Move (Standard mouse)
1789742684.342973,642,215,shimul-01-block-3-trial-3-target-7,543.0,273.0,22.5,False,Pointer Move (Standard mouse)
1789742684.350145,638,215,shimul-01-block-3-trial-3-target-7,543.0,273.0,22.5,False,Pointer Move (Standard mouse)
1789742684.356873,637,215,shimul-01-block-3-trial-3-target-7,543.0,273.0,22.5,False,Pointer Move (Standard mouse)
1789742684.364636,635,215,shimul-01-block-3-trial-3-target-7,543.0,273.0,22.5,False,Pointer Move (Standard mouse)
1789742684.373714,632,216,shimul-01-block-3-trial-3-target-7,543.0,273.0,22.5,False,Pointer Move (Standard mouse)
1789742684.37929,630,216,shimul-01-block-3-trial-3-target-7,543.0,273.0,22.5,False,Pointer Move (Standard mouse)
1789742684.387296,629,217,shimul-01-block-3-trial-3-target-7,543.0,273.0,22.5,False,Pointer Move (Standard mouse)
1789742684.394638,626,217,shimul-01-block-3-trial-3-target-7,543.0,273.0,22.5,False,Pointer Move (Standard mouse)
1789742684.403838,622,218,shimul-01-block-3-trial-3-target-7,543.0,273.0,22.5,False,Pointer Move (Standard mouse)
1789742684.409555,621,219,shimul-01-block-3-trial-3-target-7,543.0,273.0,22.5,False,Pointer Move (Standard mouse)
1789742684.417227,619,219,shimul-01-block-3-trial-3-target-7,543.0,273.0,22.5,False,Pointer Move (Standard mouse)
1789742684.4245088,618,220,shimul-01-block-3-trial-3-target-7,543.0,273.0,22.5,False,Pointer Move (Standard mouse)
1789742684.4328032,618,220,shimul-01-block-3-trial-3-target-7,543.0,273.0,22.5,False,Pointer Move (Standard mouse)
1789742684.439631,616,221,shimul-01-block-3-trial-3-target-7,543.0,273.0,22.5,False,Pointer Move (Standard mouse)
1789742684.459929,614,222,shimul-01-block-3-trial-3-target-7,543.0,273.0,22.5,False,Pointer Move (Standard mouse)
1789742684.461517,613,223,shimul-01-block-3-trial-3-target-7,543.0,273.0,22.5,False,Pointer Move (Standard mouse)
1789742684.4687612,611,224,shimul-01-block-3-trial-3-target-7,543.0,273.0,22.5,False,Pointer Move (Standard mouse)
1789742684.475893,609,227,shimul-01-block-3-trial-3-target-7,543.0,273.0,22.5,False,Pointer Move (Standard mouse)
1789742684.484452,608,227,shimul-01-block-3-trial-3-target-7,543.0,273.0,22.5,False,Pointer Move (Standard mouse)
1789742684.492397,607,228,shimul-01-block-3-trial-3-target-7,543.0,273.0,22.5,False,Pointer Move (Standard mouse)
1789742684.499572,605,230,shimul-01-block-3-trial-3-target-7,543.0,273.0,22.5,False,Pointer Move (Standard mouse)
1789742684.507047,602,233,shimul-01-block-3-trial-3-target-7,543.0,273.0,22.5,False,Pointer Move (Standard mouse)
1789742684.515109,601,233,shimul-01-block-3-trial-3-target-7,543.0,273.0,22.5,False,Pointer Move (Standard mouse)
1789742684.52197,599,235,shimul-01-block-3-trial-3-target-7,543.0,273.0,22.5,False,Pointer Move (Standard mouse)
1789742684.5309892,596,238,shimul-01-block-3-trial-3-target-7,543.0,273.0,22.5,False,Pointer Move (Standard mouse)
1789742684.537594,596,239,shimul-01-block-3-trial-3-target-7,543.0,273.0,22.5,False,Pointer Move (Standard mouse)
1789742684.5447521,595,239,shimul-01-block-3-trial-3-target-7,543.0,273.0,22.5,False,Pointer Move (Standard mouse)
1789742684.567271,594,241,shimul-01-block-3-trial-3-target-7,543.0,273.0,22.5,False,Pointer Move (Standard mouse)
1789742684.574055,591,245,shimul-01-block-3-trial-3-target-7,543.0,273.0,22.5,False,Pointer Move (Standard mouse)
1789742684.581907,584,261,shimul-01-block-3-trial-3-target-7,543.0,273.0,22.5,False,Pointer Move (Standard mouse)
1789742684.5902321,582,264,shimul-01-block-3-trial-3-target-7,543.0,273.0,22.5,False,Pointer Move (Standard mouse)
1789742684.596683,581,268,shimul-01-block-3-trial-3-target-7,543.0,273.0,22.5,False,Pointer Move (Standard mouse)
1789742684.6037009,580,268,shimul-01-block-3-trial-3-target-7,543.0,273.0,22.5,False,Pointer Move (Standard mouse)
1789742684.612013,579,271,shimul-01-block-3-trial-3-target-7,543.0,273.0,22.5,False,Pointer Move (Standard mouse)
1789742684.625199,578,275,shimul-01-block-3-trial-3-target-7,543.0,273.0,22.5,False,Pointer Move (Standard mouse)
1789742684.627635,577,276,shimul-01-block-3-trial-3-target-7,543.0,273.0,22.5,False,Pointer Move (Standard mouse)
1789742684.634497,577,277,shimul-01-block-3-trial-3-target-7,543.0,273.0,22.5,False,Pointer Move (Standard mouse)
1789742684.6413078,576,280,shimul-01-block-3-trial-3-target-7,543.0,273.0,22.5,False,Pointer Move (Standard mouse)
1789742684.648504,575,282,shimul-01-block-3-trial-3-target-7,543.0,273.0,22.5,False,Pointer Move (Standard mouse)
1789742684.656184,574,282,shimul-01-block-3-trial-3-target-7,543.0,273.0,22.5,False,Pointer Move (Standard mouse)
1789742684.663466,574,283,shimul-01-block-3-trial-3-target-7,543.0,273.0,22.5,False,Pointer Move (Standard mouse)
1789742684.670836,574,283,shimul-01-block-3-trial-3-target-7,543.0,273.0,22.5,False,Pointer Move (Standard mouse)
1789742684.679768,573,284,shimul-01-block-3-trial-3-target-7,543.0,273.0,22.5,False,Pointer Move (Standard mouse)
1789742684.6876092,573,284,shimul-01-block-3-trial-3-target-7,543.0,273.0,22.5,False,Pointer Move (Standard mouse)
1789742684.6951308,573,284,shimul-01-block-3-trial-3-target-7,543.0,273.0,22.5,False,Pointer Move (Standard mouse)
1789742684.710366,573,285,shimul-01-block-3-trial-3-target-7,543.0,273.0,22.5,False,Pointer Move (Standard mouse)
1789742684.74095,572,285,shimul-01-block-3-trial-3-target-7,543.0,273.0,22.5,False,Pointer Move (Standard mouse)
1789742684.800988,572,285,shimul-01-block-3-trial-3-target-7,543.0,273.0,22.5,False,Pointer Move (Standard mouse)
1789742684.807319,571,285,shimul-01-block-3-trial-3-target-7,543.0,273.0,22.5,False,Pointer Move (Standard mouse)
1789742684.823949,571,285,shimul-01-block-3-trial-3-target-7,543.0,273.0,22.5,False,Pointer Move (Standard mouse)
1789742684.82963,571,285,shimul-01-block-3-trial-3-target-7,543.0,273.0,22.5,False,Pointer Move (Standard mouse)
1789742684.837527,570,284,shimul-01-block-3-trial-3-target-7,543.0,273.0,22.5,False,Pointer Move (Standard mouse)
1789742684.845174,570,284,shimul-01-block-3-trial-3-target-7,543.0,273.0,22.5,False,Pointer Move (Standard mouse)
1789742684.8522828,569,283,shimul-01-block-3-trial-3-target-7,543.0,273.0,22.5,False,Pointer Move (Standard mouse)
1789742684.859561,568,282,shimul-01-block-3-trial-3-target-7,543.0,273.0,22.5,False,Pointer Move (Standard mouse)
1789742684.866721,567,281,shimul-01-block-3-trial-3-target-7,543.0,273.0,22.5,False,Pointer Move (Standard mouse)
1789742684.874196,565,278,shimul-01-block-3-trial-3-target-7,543.0,273.0,22.5,False,Pointer Move (Standard mouse)
1789742684.882147,564,278,shimul-01-block-3-trial-3-target-7,543.0,273.0,22.5,False,Pointer Move (Standard mouse)
1789742684.889395,563,277,shimul-01-block-3-trial-3-target-7,543.0,273.0,22.5,False,Pointer Move (Standard mouse)
1789742684.896703,562,277,shimul-01-block-3-trial-3-target-7,543.0,273.0,22.5,False,Pointer Move (Standard mouse)
1789742684.9048152,561,276,shimul-01-block-3-trial-3-target-7,543.0,273.0,22.5,False,Pointer Move (Standard mouse)
1789742684.9124851,561,276,shimul-01-block-3-trial-3-target-7,543.0,273.0,22.5,False,Pointer Move (Standard mouse)
1789742684.919286,560,276,shimul-01-block-3-trial-3-target-7,543.0,273.0,22.5,False,Pointer Move (Standard mouse)
1789742684.926837,560,275,shimul-01-block-3-trial-3-target-7,543.0,273.0,22.5,False,Pointer Move (Standard mouse)
1789742684.933558,560,275,shimul-01-block-3-trial-3-target-7,543.0,273.0,22.5,False,Pointer Move (Standard mouse)
1789742684.942338,559,275,shimul-01-block-3-trial-3-target-7,543.0,273.0,22.5,False,Pointer Move (Standard mouse)
1789742684.949986,559,275,shimul-01-block-3-trial-3-target-7,543.0,273.0,22.5,False,Pointer Move (Standard mouse)
1789742684.956842,559,275,shimul-01-block-3-trial-3-target-7,543.0,273.0,22.5,False,Pointer Move (Standard mouse)
1789742684.964441,558,275,shimul-01-block-3-trial-3-target-7,543.0,273.0,22.5,False,Pointer Move (Standard mouse)
1789742684.9719198,558,274,shimul-01-block-3-trial-3-target-7,543.0,273.0,22.5,False,Pointer Move (Standard mouse)
1789742684.979977,558,274,shimul-01-block-3-trial-3-target-7,543.0,273.0,22.5,False,Pointer Move (Standard mouse)
1789742684.987076,558,274,shimul-01-block-3-trial-3-target-7,543.0,273.0,22.5,False,Pointer Move (Standard mouse)
1789742684.994956,558,274,shimul-01-block-3-trial-3-target-7,543.0,273.0,22.5,False,Pointer Move (Standard mouse)
1789742685.139113,558,274,shimul-01-block-3-trial-3-target-7,543.0,273.0,22.5,target_selected,target_selected
1789742685.250956,558,274,shimul-01-block-3-trial-4-target-3,897.0,627.0,22.5,False,Pointer Move (Standard mouse)
1789742685.283455,558,275,shimul-01-block-3-trial-4-target-3,897.0,627.0,22.5,False,Pointer Move (Standard mouse)
1789742685.286889,558,275,shimul-01-block-3-trial-4-target-3,897.0,627.0,22.5,False,Pointer Move (Standard mouse)
1789742685.385887,558,276,shimul-01-block-3-trial-4-target-3,897.0,627.0,22.5,False,Pointer Move (Standard mouse)
1789742685.392756,558,277,shimul-01-block-3-trial-4-target-3,897.0,627.0,22.5,False,Pointer Move (Standard mouse)
1789742685.399905,561,293,shimul-01-block-3-trial-4-target-3,897.0,627.0,22.5,False,Pointer Move (Standard mouse)
1789742685.407569,568,314,shimul-01-block-3-trial-4-target-3,897.0,627.0,22.5,False,Pointer Move (Standard mouse)
1789742685.4152372,584,351,shimul-01-block-3-trial-4-target-3,897.0,627.0,22.5,False,Pointer Move (Standard mouse)
1789742685.422814,613,398,shimul-01-block-3-trial-4-target-3,897.0,627.0,22.5,False,Pointer Move (Standard mouse)
1789742685.430785,666,481,shimul-01-block-3-trial-4-target-3,897.0,627.0,22.5,False,Pointer Move (Standard mouse)
1789742685.436809,733,575,shimul-01-block-3-trial-4-target-3,897.0,627.0,22.5,False,Pointer Move (Standard mouse)
1789742685.444148,804,663,shimul-01-block-3-trial-4-target-3,897.0,627.0,22.5,False,Pointer Move (Standard mouse)
1789742685.4527109,905,781,shimul-01-block-3-trial-4-target-3,897.0,627.0,22.5,False,Pointer Move (Standard mouse)
1789742685.459541,962,845,shimul-01-block-3-trial-4-target-3,897.0,627.0,22.5,False,Pointer Move (Standard mouse)
1789742685.46669,1045,900,shimul-01-block-3-trial-4-target-3,897.0,627.0,22.5,False,Pointer Move (Standard mouse)
1789742685.476846,1086,900,shimul-01-block-3-trial-4-target-3,897.0,627.0,22.5,False,Pointer Move (Standard mouse)
1789742685.481218,1115,900,shimul-01-block-3-trial-4-target-3,897.0,627.0,22.5,False,Pointer Move (Standard mouse)
1789742685.488533,1130,900,shimul-01-block-3-trial-4-target-3,897.0,627.0,22.5,False,Pointer Move (Standard mouse)
1789742685.496943,1163,900,shimul-01-block-3-trial-4-target-3,897.0,627.0,22.5,False,Pointer Move (Standard mouse)
1789742685.504113,1180,900,shimul-01-block-3-trial-4-target-3,897.0,627.0,22.5,False,Pointer Move (Standard mouse)
1789742685.5113258,1206,900,shimul-01-block-3-trial-4-target-3,897.0,627.0,22.5,False,Pointer Move (Standard mouse)
1789742685.5199301,1216,900,shimul-01-block-3-trial-4-target-3,897.0,627.0,22.5,False,Pointer Move (Standard mouse)
1789742685.526412,1220,900,shimul-01-block-3-trial-4-target-3,897.0,627.0,22.5,False,Pointer Move (Standard mouse)
1789742685.534679,1221,900,shimul-01-block-3-trial-4-target-3,897.0,627.0,22.5,False,Pointer Move (Standard mouse)
1789742685.5496168,1221,900,shimul-01-block-3-trial-4-target-3,897.0,627.0,22.5,False,Pointer Move (Standard mouse)
1789742685.5785222,1222,900,shimul-01-block-3-trial-4-target-3,897.0,627.0,22.5,False,Pointer Move (Standard mouse)
1789742685.58697,1222,900,shimul-01-block-3-trial-4-target-3,897.0,627.0,22.5,False,Pointer Move (Standard mouse)
1789742685.616276,1222,899,shimul-01-block-3-trial-4-target-3,897.0,627.0,22.5,False,Pointer Move (Standard mouse)
1789742685.626689,1223,889,shimul-01-block-3-trial-4-target-3,897.0,627.0,22.5,False,Pointer Move (Standard mouse)
1789742685.632278,1223,829,shimul-01-block-3-trial-4-target-3,897.0,627.0,22.5,False,Pointer Move (Standard mouse)
1789742685.639966,1222,814,shimul-01-block-3-trial-4-target-3,897.0,627.0,22.5,False,Pointer Move (Standard mouse)
1789742685.647625,1217,795,shimul-01-block-3-trial-4-target-3,897.0,627.0,22.5,False,Pointer Move (Standard mouse)
1789742685.653887,1213,782,shimul-01-block-3-trial-4-target-3,897.0,627.0,22.5,False,Pointer Move (Standard mouse)
1789742685.661912,1199,756,shimul-01-block-3-trial-4-target-3,897.0,627.0,22.5,False,Pointer Move (Standard mouse)
1789742685.669166,1194,744,shimul-01-block-3-trial-4-target-3,897.0,627.0,22.5,False,Pointer Move (Standard mouse)
1789742685.676723,1182,728,shimul-01-block-3-trial-4-target-3,897.0,627.0,22.5,False,Pointer Move (Standard mouse)
1789742685.684553,1169,710,shimul-01-block-3-trial-4-target-3,897.0,627.0,22.5,False,Pointer Move (Standard mouse)
1789742685.692256,1154,695,shimul-01-block-3-trial-4-target-3,897.0,627.0,22.5,False,Pointer Move (Standard mouse)
1789742685.6992881,1139,682,shimul-01-block-3-trial-4-target-3,897.0,627.0,22.5,False,Pointer Move (Standard mouse)
1789742685.706966,1123,668,shimul-01-block-3-trial-4-target-3,897.0,627.0,22.5,False,Pointer Move (Standard mouse)
1789742685.7154381,1096,649,shimul-01-block-3-trial-4-target-3,897.0,627.0,22.5,False,Pointer Move (Standard mouse)
1789742685.721592,1080,638,shimul-01-block-3-trial-4-target-3,897.0,627.0,22.5,False,Pointer Move (Standard mouse)
1789742685.729399,1064,629,shimul-01-block-3-trial-4-target-3,897.0,627.0,22.5,False,Pointer Move (Standard mouse)
1789742685.737202,1044,617,shimul-01-block-3-trial-4-target-3,897.0,627.0,22.5,False,Pointer Move (Standard mouse)
1789742685.7443159,1037,612,shimul-01-block-3-trial-4-target-3,897.0,627.0,22.5,False,Pointer Move (Standard mouse)
1789742685.752053,1011,600,shimul-01-block-3-trial-4-target-3,897.0,627.0,22.5,False,Pointer Move (Standard mouse)
1789742685.759709,1000,596,shimul-01-block-3-trial-4-target-3,897.0,627.0,22.5,False,Pointer Move (Standard mouse)
1789742685.766724,986,589,shimul-01-block-3-trial-4-target-3,897.0,627.0,22.5,False,Pointer Move (Standard mouse)
1789742685.774814,971,583,shimul-01-block-3-trial-4-target-3,897.0,627.0,22.5,False,Pointer Move (Standard mouse)
1789742685.782242,964,579,shimul-01-block-3-trial-4-target-3,897.0,627.0,22.5,False,Pointer Move (Standard mouse)
1789742685.789674,957,577,shimul-01-block-3-trial-4-target-3,897.0,627.0,22.5,False,Pointer Move (Standard mouse)
1789742685.7969768,950,575,shimul-01-block-3-trial-4-target-3,897.0,627.0,22.5,False,Pointer Move (Standard mouse)
1789742685.805172,945,574,shimul-01-block-3-trial-4-target-3,897.0,627.0,22.5,False,Pointer Move (Standard mouse)
1789742685.8117619,944,574,shimul-01-block-3-trial-4-target-3,897.0,627.0,22.5,False,Pointer Move (Standard mouse)
1789742685.8189929,943,573,shimul-01-block-3-trial-4-target-3,897.0,627.0,22.5,False,Pointer Move (Standard mouse)
1789742685.826793,942,573,shimul-01-block-3-trial-4-target-3,897.0,627.0,22.5,False,Pointer Move (Standard mouse)
1789742685.83434,942,573,shimul-01-block-3-trial-4-target-3,897.0,627.0,22.5,False,Pointer Move (Standard mouse)
1789742685.8418932,942,572,shimul-01-block-3-trial-4-target-3,897.0,627.0,22.5,False,Pointer Move (Standard mouse)
1789742685.849704,941,572,shimul-01-block-3-trial-4-target-3,897.0,627.0,22.5,False,Pointer Move (Standard mouse)
1789742685.8568268,941,572,shimul-01-block-3-trial-4-target-3,897.0,627.0,22.5,False,Pointer Move (Standard mouse)
1789742685.8644218,941,572,shimul-01-block-3-trial-4-target-3,897.0,627.0,22.5,False,Pointer Move (Standard mouse)
1789742685.888127,940,572,shimul-01-block-3-trial-4-target-3,897.0,627.0,22.5,False,Pointer Move (Standard mouse)
1789742685.89446,940,572,shimul-01-block-3-trial-4-target-3,897.0,627.0,22.5,False,Pointer Move (Standard mouse)
1789742685.90256,939,572,shimul-01-block-3-trial-4-target-3,897.0,627.0,22.5,False,Pointer Move (Standard mouse)
1789742685.909695,939,572,shimul-01-block-3-trial-4-target-3,897.0,627.0,22.5,False,Pointer Move (Standard mouse)
1789742685.9161768,938,573,shimul-01-block-3-trial-4-target-3,897.0,627.0,22.5,False,Pointer Move (Standard mouse)
1789742685.924611,938,573,shimul-01-block-3-trial-4-target-3,897.0,627.0,22.5,False,Pointer Move (Standard mouse)
1789742685.9321642,937,574,shimul-01-block-3-trial-4-target-3,897.0,627.0,22.5,False,Pointer Move (Standard mouse)
1789742685.939554,936,576,shimul-01-block-3-trial-4-target-3,897.0,627.0,22.5,False,Pointer Move (Standard mouse)
1789742685.947265,935,577,shimul-01-block-3-trial-4-target-3,897.0,627.0,22.5,False,Pointer Move (Standard mouse)
1789742685.9558988,934,579,shimul-01-block-3-trial-4-target-3,897.0,627.0,22.5,False,Pointer Move (Standard mouse)
1789742685.962401,934,579,shimul-01-block-3-trial-4-target-3,897.0,627.0,22.5,False,Pointer Move (Standard mouse)
1789742685.970172,933,581,shimul-01-block-3-trial-4-target-3,897.0,627.0,22.5,False,Pointer Move (Standard mouse)
1789742685.9768572,933,582,shimul-01-block-3-trial-4-target-3,897.0,627.0,22.5,False,Pointer Move (Standard mouse)
1789742685.984184,933,582,shimul-01-block-3-trial-4-target-3,897.0,627.0,22.5,False,Pointer Move (Standard mouse)
1789742685.992028,933,583,shimul-01-block-3-trial-4-target-3,897.0,627.0,22.5,False,Pointer Move (Standard mouse)
1789742686.000043,933,585,shimul-01-block-3-trial-4-target-3,897.0,627.0,22.5,False,Pointer Move (Standard mouse)
1789742686.007311,932,585,shimul-01-block-3-trial-4-target-3,897.0,627.0,22.5,False,Pointer Move (Standard mouse)
1789742686.01472,932,587,shimul-01-block-3-trial-4-target-3,897.0,627.0,22.5,False,Pointer Move (Standard mouse)
1789742686.021782,931,588,shimul-01-block-3-trial-4-target-3,897.0,627.0,22.5,False,Pointer Move (Standard mouse)
1789742686.0299551,931,588,shimul-01-block-3-trial-4-target-3,897.0,627.0,22.5,False,Pointer Move (Standard mouse)
1789742686.037653,931,589,shimul-01-block-3-trial-4-target-3,897.0,627.0,22.5,False,Pointer Move (Standard mouse)
1789742686.044713,930,589,shimul-01-block-3-trial-4-target-3,897.0,627.0,22.5,False,Pointer Move (Standard mouse)
1789742686.051243,930,589,shimul-01-block-3-trial-4-target-3,897.0,627.0,22.5,False,Pointer Move (Standard mouse)
1789742686.0587368,930,590,shimul-01-block-3-trial-4-target-3,897.0,627.0,22.5,False,Pointer Move (Standard mouse)
1789742686.066645,929,590,shimul-01-block-3-trial-4-target-3,897.0,627.0,22.5,False,Pointer Move (Standard mouse)
1789742686.074091,929,590,shimul-01-block-3-trial-4-target-3,897.0,627.0,22.5,False,Pointer Move (Standard mouse)
1789742686.081619,929,591,shimul-01-block-3-trial-4-target-3,897.0,627.0,22.5,False,Pointer Move (Standard mouse)
1789742686.098155,928,591,shimul-01-block-3-trial-4-target-3,897.0,627.0,22.5,False,Pointer Move (Standard mouse)
1789742686.104257,928,592,shimul-01-block-3-trial-4-target-3,897.0,627.0,22.5,False,Pointer Move (Standard mouse)
1789742686.142509,928,592,shimul-01-block-3-trial-4-target-3,897.0,627.0,22.5,False,Pointer Move (Standard mouse)
1789742686.150506,928,592,shimul-01-block-3-trial-4-target-3,897.0,627.0,22.5,False,Pointer Move (Standard mouse)
1789742686.157482,927,592,shimul-01-block-3-trial-4-target-3,897.0,627.0,22.5,False,Pointer Move (Standard mouse)
1789742686.16575,927,593,shimul-01-block-3-trial-4-target-3,897.0,627.0,22.5,False,Pointer Move (Standard mouse)
1789742686.171663,926,594,shimul-01-block-3-trial-4-target-3,897.0,627.0,22.5,False,Pointer Move (Standard mouse)
1789742686.1799839,925,594,shimul-01-block-3-trial-4-target-3,897.0,627.0,22.5,False,Pointer Move (Standard mouse)
1789742686.1862059,924,595,shimul-01-block-3-trial-4-target-3,897.0,627.0,22.5,False,Pointer Move (Standard mouse)
1789742686.194263,922,599,shimul-01-block-3-trial-4-target-3,897.0,627.0,22.5,False,Pointer Move (Standard mouse)
1789742686.201797,921,599,shimul-01-block-3-trial-4-target-3,897.0,627.0,22.5,False,Pointer Move (Standard mouse)
1789742686.209632,920,601,shimul-01-block-3-trial-4-target-3,897.0,627.0,22.5,False,Pointer Move (Standard mouse)
1789742686.216703,920,601,shimul-01-block-3-trial-4-target-3,897.0,627.0,22.5,False,Pointer Move (Standard mouse)
1789742686.225655,919,603,shimul-01-block-3-trial-4-target-3,897.0,627.0,22.5,False,Pointer Move (Standard mouse)
1789742686.232019,918,603,shimul-01-block-3-trial-4-target-3,897.0,627.0,22.5,False,Pointer Move (Standard mouse)
1789742686.239726,918,604,shimul-01-block-3-trial-4-target-3,897.0,627.0,22.5,False,Pointer Move (Standard mouse)
1789742686.24701,918,604,shimul-01-block-3-trial-4-target-3,897.0,627.0,22.5,False,Pointer Move (Standard mouse)
1789742686.2543821,918,605,shimul-01-block-3-trial-4-target-3,897.0,627.0,22.5,False,Pointer Move (Standard mouse)
1789742686.26115,917,605,shimul-01-block-3-trial-4-target-3,897.0,627.0,22.5,False,Pointer Move (Standard mouse)
1789742686.2695181,917,607,shimul-01-block-3-trial-4-target-3,897.0,627.0,22.5,False,Pointer Move (Standard mouse)
1789742686.2768278,916,607,shimul-01-block-3-trial-4-target-3,897.0,627.0,22.5,False,Pointer Move (Standard mouse)
1789742686.2848582,915,608,shimul-01-block-3-trial-4-target-3,897.0,627.0,22.5,False,Pointer Move (Standard mouse)
1789742686.292316,915,609,shimul-01-block-3-trial-4-target-3,897.0,627.0,22.5,False,Pointer Move (Standard mouse)
1789742686.299341,915,609,shimul-01-block-3-trial-4-target-3,897.0,627.0,22.5,False,Pointer Move (Standard mouse)
1789742686.307034,914,609,shimul-01-block-3-trial-4-target-3,897.0,627.0,22.5,False,Pointer Move (Standard mouse)
1789742686.3139222,914,610,shimul-01-block-3-trial-4-target-3,897.0,627.0,22.5,False,Pointer Move (Standard mouse)
1789742686.3209012,914,611,shimul-01-block-3-trial-4-target-3,897.0,627.0,22.5,False,Pointer Move (Standard mouse)
1789742686.328983,914,611,shimul-01-block-3-trial-4-target-3,897.0,627.0,22.5,False,Pointer Move (Standard mouse)
1789742686.336201,913,612,shimul-01-block-3-trial-4-target-3,897.0,627.0,22.5,False,Pointer Move (Standard mouse)
1789742686.344797,913,612,shimul-01-block-3-trial-4-target-3,897.0,627.0,22.5,False,Pointer Move (Standard mouse)
1789742686.352654,912,613,shimul-01-block-3-trial-4-target-3,897.0,627.0,22.5,False,Pointer Move (Standard mouse)
1789742686.359561,912,613,shimul-01-block-3-trial-4-target-3,897.0,627.0,22.5,False,Pointer Move (Standard mouse)
1789742686.366453,912,614,shimul-01-block-3-trial-4-target-3,897.0,627.0,22.5,False,Pointer Move (Standard mouse)
1789742686.374347,912,614,shimul-01-block-3-trial-4-target-3,897.0,627.0,22.5,False,Pointer Move (Standard mouse)
1789742686.3825002,911,614,shimul-01-block-3-trial-4-target-3,897.0,627.0,22.5,False,Pointer Move (Standard mouse)
1789742686.473352,911,614,shimul-01-block-3-trial-4-target-3,897.0,627.0,22.5,target_selected,target_selected
1789742686.624249,911,614,shimul-01-block-3-trial-5-target-7,543.0,273.0,22.5,False,Pointer Move (Standard mouse)
1789742686.668583,911,614,shimul-01-block-3-trial-5-target-7,543.0,273.0,22.5,False,Pointer Move (Standard mouse)
1789742686.675379,910,613,shimul-01-block-3-trial-5-target-7,543.0,273.0,22.5,False,Pointer Move (Standard mouse)
1789742686.6827,904,607,shimul-01-block-3-trial-5-target-7,543.0,273.0,22.5,False,Pointer Move (Standard mouse)
1789742686.689307,900,604,shimul-01-block-3-trial-5-target-7,543.0,273.0,22.5,False,Pointer Move (Standard mouse)
1789742686.6970031,891,598,shimul-01-block-3-trial-5-target-7,543.0,273.0,22.5,False,Pointer Move (Standard mouse)
1789742686.704028,879,589,shimul-01-block-3-trial-5-target-7,543.0,273.0,22.5,False,Pointer Move (Standard mouse)
1789742686.711332,861,581,shimul-01-block-3-trial-5-target-7,543.0,273.0,22.5,False,Pointer Move (Standard mouse)
1789742686.719341,843,572,shimul-01-block-3-trial-5-target-7,543.0,273.0,22.5,False,Pointer Move (Standard mouse)
1789742686.7280488,817,558,shimul-01-block-3-trial-5-target-7,543.0,273.0,22.5,False,Pointer Move (Standard mouse)
1789742686.734213,794,549,shimul-01-block-3-trial-5-target-7,543.0,273.0,22.5,False,Pointer Move (Standard mouse)
1789742686.741719,777,541,shimul-01-block-3-trial-5-target-7,543.0,273.0,22.5,False,Pointer Move (Standard mouse)
1789742686.749464,748,529,shimul-01-block-3-trial-5-target-7,543.0,273.0,22.5,False,Pointer Move (Standard mouse)
1789742686.757767,724,518,shimul-01-block-3-trial-5-target-7,543.0,273.0,22.5,False,Pointer Move (Standard mouse)
1789742686.764361,699,506,shimul-01-block-3-trial-5-target-7,543.0,273.0,22.5,False,Pointer Move (Standard mouse)
1789742686.771755,680,497,shimul-01-block-3-trial-5-target-7,543.0,273.0,22.5,False,Pointer Move (Standard mouse)
1789742686.779878,668,489,shimul-01-block-3-trial-5-target-7,543.0,273.0,22.5,False,Pointer Move (Standard mouse)
1789742686.787216,650,477,shimul-01-block-3-trial-5-target-7,543.0,273.0,22.5,False,Pointer Move (Standard mouse)
1789742686.794525,638,465,shimul-01-block-3-trial-5-target-7,543.0,273.0,22.5,False,Pointer Move (Standard mouse)
1789742686.8020742,632,458,shimul-01-block-3-trial-5-target-7,543.0,273.0,22.5,False,Pointer Move (Standard mouse)
1789742686.8092859,627,444,shimul-01-block-3-trial-5-target-7,543.0,273.0,22.5,False,Pointer Move (Standard mouse)
1789742686.816902,624,436,shimul-01-block-3-trial-5-target-7,543.0,273.0,22.5,False,Pointer Move (Standard mouse)
1789742686.82494,621,422,shimul-01-block-3-trial-5-target-7,543.0,273.0,22.5,False,Pointer Move (Standard mouse)
1789742686.8322,621,408,shimul-01-block-3-trial-5-target-7,543.0,273.0,22.5,False,Pointer Move (Standard mouse)
1789742686.8394802,621,403,shimul-01-block-3-trial-5-target-7,543.0,273.0,22.5,False,Pointer Move (Standard mouse)
1789742686.848091,621,387,shimul-01-block-3-trial-5-target-7,543.0,273.0,22.5,False,Pointer Move (Standard mouse)
1789742686.855328,621,372,shimul-01-block-3-trial-5-target-7,543.0,273.0,22.5,False,Pointer Move (Standard mouse)
1789742686.8619049,620,361,shimul-01-block-3-trial-5-target-7,543.0,273.0,22.5,False,Pointer Move (Standard mouse)
1789742686.869168,619,349,shimul-01-block-3-trial-5-target-7,543.0,273.0,22.5,False,Pointer Move (Standard mouse)
1789742686.876968,618,339,shimul-01-block-3-trial-5-target-7,543.0,273.0,22.5,False,Pointer Move (Standard mouse)
1789742686.884535,616,334,shimul-01-block-3-trial-5-target-7,543.0,273.0,22.5,False,Pointer Move (Standard mouse)
1789742686.892013,614,325,shimul-01-block-3-trial-5-target-7,543.0,273.0,22.5,False,Pointer Move (Standard mouse)
1789742686.899322,612,320,shimul-01-block-3-trial-5-target-7,543.0,273.0,22.5,False,Pointer Move (Standard mouse)
1789742686.90726,610,315,shimul-01-block-3-trial-5-target-7,543.0,273.0,22.5,False,Pointer Move (Standard mouse)
1789742686.914479,609,312,shimul-01-block-3-trial-5-target-7,543.0,273.0,22.5,False,Pointer Move (Standard mouse)
1789742686.922674,608,308,shimul-01-block-3-trial-5-target-7,543.0,273.0,22.5,False,Pointer Move (Standard mouse)
1789742686.929913,608,307,shimul-01-block-3-trial-5-target-7,543.0,273.0,22.5,False,Pointer Move (Standard mouse)
1789742686.936856,607,306,shimul-01-block-3-trial-5-target-7,543.0,273.0,22.5,False,Pointer Move (Standard mouse)
1789742686.944888,607,306,shimul-01-block-3-trial-5-target-7,543.0,273.0,22.5,False,Pointer Move (Standard mouse)
1789742686.952097,607,305,shimul-01-block-3-trial-5-target-7,543.0,273.0,22.5,False,Pointer Move (Standard mouse)
1789742686.959636,607,305,shimul-01-block-3-trial-5-target-7,543.0,273.0,22.5,False,Pointer Move (Standard mouse)
1789742686.967145,607,304,shimul-01-block-3-trial-5-target-7,543.0,273.0,22.5,False,Pointer Move (Standard mouse)
1789742686.974205,607,304,shimul-01-block-3-trial-5-target-7,543.0,273.0,22.5,False,Pointer Move (Standard mouse)
1789742686.98226,607,303,shimul-01-block-3-trial-5-target-7,543.0,273.0,22.5,False,Pointer Move (Standard mouse)
1789742686.989845,607,302,shimul-01-block-3-trial-5-target-7,543.0,273.0,22.5,False,Pointer Move (Standard mouse)
1789742686.996427,607,301,shimul-01-block-3-trial-5-target-7,543.0,273.0,22.5,False,Pointer Move (Standard mouse)
1789742687.004085,606,301,shimul-01-block-3-trial-5-target-7,543.0,273.0,22.5,False,Pointer Move (Standard mouse)
1789742687.0117052,606,300,shimul-01-block-3-trial-5-target-7,543.0,273.0,22.5,False,Pointer Move (Standard mouse)
1789742687.018962,606,300,shimul-01-block-3-trial-5-target-7,543.0,273.0,22.5,False,Pointer Move (Standard mouse)
1789742687.026886,605,300,shimul-01-block-3-trial-5-target-7,543.0,273.0,22.5,False,Pointer Move (Standard mouse)
1789742687.034224,605,299,shimul-01-block-3-trial-5-target-7,543.0,273.0,22.5,False,Pointer Move (Standard mouse)
1789742687.04226,603,298,shimul-01-block-3-trial-5-target-7,543.0,273.0,22.5,False,Pointer Move (Standard mouse)
1789742687.050056,603,298,shimul-01-block-3-trial-5-target-7,543.0,273.0,22.5,False,Pointer Move (Standard mouse)
1789742687.0568728,602,298,shimul-01-block-3-trial-5-target-7,543.0,273.0,22.5,False,Pointer Move (Standard mouse)
1789742687.0650392,602,297,shimul-01-block-3-trial-5-target-7,543.0,273.0,22.5,False,Pointer Move (Standard mouse)
1789742687.0726159,601,297,shimul-01-block-3-trial-5-target-7,543.0,273.0,22.5,False,Pointer Move (Standard mouse)
1789742687.079742,601,297,shimul-01-block-3-trial-5-target-7,543.0,273.0,22.5,False,Pointer Move (Standard mouse)
1789742687.087102,601,296,shimul-01-block-3-trial-5-target-7,543.0,273.0,22.5,False,Pointer Move (Standard mouse)
1789742687.094387,600,296,shimul-01-block-3-trial-5-target-7,543.0,273.0,22.5,False,Pointer Move (Standard mouse)
1789742687.1019158,600,296,shimul-01-block-3-trial-5-target-7,543.0,273.0,22.5,False,Pointer Move (Standard mouse)
1789742687.109293,599,296,shimul-01-block-3-trial-5-target-7,543.0,273.0,22.5,False,Pointer Move (Standard mouse)
1789742687.117635,599,296,shimul-01-block-3-trial-5-target-7,543.0,273.0,22.5,False,Pointer Move (Standard mouse)
1789742687.12521,597,295,shimul-01-block-3-trial-5-target-7,543.0,273.0,22.5,False,Pointer Move (Standard mouse)
1789742687.132755,596,295,shimul-01-block-3-trial-5-target-7,543.0,273.0,22.5,False,Pointer Move (Standard mouse)
1789742687.139957,593,294,shimul-01-block-3-trial-5-target-7,543.0,273.0,22.5,False,Pointer Move (Standard mouse)
1789742687.148011,591,294,shimul-01-block-3-trial-5-target-7,543.0,273.0,22.5,False,Pointer Move (Standard mouse)
1789742687.1556501,588,293,shimul-01-block-3-trial-5-target-7,543.0,273.0,22.5,False,Pointer Move (Standard mouse)
1789742687.162991,586,292,shimul-01-block-3-trial-5-target-7,543.0,273.0,22.5,False,Pointer Move (Standard mouse)
1789742687.168718,585,292,shimul-01-block-3-trial-5-target-7,543.0,273.0,22.5,False,Pointer Move (Standard mouse)
1789742687.192482,585,292,shimul-01-block-3-trial-5-target-7,543.0,273.0,22.5,False,Pointer Move (Standard mouse)
1789742687.200855,584,291,shimul-01-block-3-trial-5-target-7,543.0,273.0,22.5,False,Pointer Move (Standard mouse)
1789742687.208077,579,288,shimul-01-block-3-trial-5-target-7,543.0,273.0,22.5,False,Pointer Move (Standard mouse)
1789742687.214844,576,286,shimul-01-block-3-trial-5-target-7,543.0,273.0,22.5,False,Pointer Move (Standard mouse)
1789742687.2228029,574,285,shimul-01-block-3-trial-5-target-7,543.0,273.0,22.5,False,Pointer Move (Standard mouse)
1789742687.229861,571,284,shimul-01-block-3-trial-5-target-7,543.0,273.0,22.5,False,Pointer Move (Standard mouse)
1789742687.2458858,568,282,shimul-01-block-3-trial-5-target-7,543.0,273.0,22.5,False,Pointer Move (Standard mouse)
1789742687.2726169,555,276,shimul-01-block-3-trial-5-target-7,543.0,273.0,22.5,False,Pointer Move (Standard mouse)
1789742687.274413,553,273,shimul-01-block-3-trial-5-target-7,543.0,273.0,22.5,False,Pointer Move (Standard mouse)
1789742687.282341,550,272,shimul-01-block-3-trial-5-target-7,543.0,273.0,22.5,False,Pointer Move (Standard mouse)
1789742687.2890902,549,272,shimul-01-block-3-trial-5-target-7,543.0,273.0,22.5,False,Pointer Move (Standard mouse)
1789742687.296465,547,271,shimul-01-block-3-trial-5-target-7,543.0,273.0,22.5,False,Pointer Move (Standard mouse)
1789742687.3050659,547,271,shimul-01-block-3-trial-5-target-7,543.0,273.0,22.5,False,Pointer Move (Standard mouse)
1789742687.312203,545,270,shimul-01-block-3-trial-5-target-7,543.0,273.0,22.5,False,Pointer Move (Standard mouse)
1789742687.32031,545,270,shimul-01-block-3-trial-5-target-7,543.0,273.0,22.5,False,Pointer Move (Standard mouse)
1789742687.326452,545,269,shimul-01-block-3-trial-5-target-7,543.0,273.0,22.5,False,Pointer Move (Standard mouse)
1789742687.334988,544,269,shimul-01-block-3-trial-5-target-7,543.0,273.0,22.5,False,Pointer Move (Standard mouse)
1789742687.342313,544,269,shimul-01-block-3-trial-5-target-7,543.0,273.0,22.5,False,Pointer Move (Standard mouse)
1789742687.350872,544,269,shimul-01-block-3-trial-5-target-7,543.0,273.0,22.5,False,Pointer Move (Standard mouse)
1789742687.356527,544,269,shimul-01-block-3-trial-5-target-7,543.0,273.0,22.5,False,Pointer Move (Standard mouse)
1789742687.3645911,544,268,shimul-01-block-3-trial-5-target-7,543.0,273.0,22.5,False,Pointer Move (Standard mouse)
1789742687.371181,543,268,shimul-01-block-3-trial-5-target-7,543.0,273.0,22.5,False,Pointer Move (Standard mouse)
1789742687.3792782,543,268,shimul-01-block-3-trial-5-target-7,543.0,273.0,22.5,False,Pointer Move (Standard mouse)
1789742687.387119,542,268,shimul-01-block-3-trial-5-target-7,543.0,273.0,22.5,False,Pointer Move (Standard mouse)
1789742687.3942552,542,268,shimul-01-block-3-trial-5-target-7,543.0,273.0,22.5,False,Pointer Move (Standard mouse)
1789742687.401431,541,268,shimul-01-block-3-trial-5-target-7,543.0,273.0,22.5,False,Pointer Move (Standard mouse)
1789742687.410058,541,268,shimul-01-block-3-trial-5-target-7,543.0,273.0,22.5,False,Pointer Move (Standard mouse)
1789742687.416669,541,268,shimul-01-block-3-trial-5-target-7,543.0,273.0,22.5,False,Pointer Move (Standard mouse)
1789742687.425618,540,267,shimul-01-block-3-trial-5-target-7,543.0,273.0,22.5,False,Pointer Move (Standard mouse)
1789742687.43346,540,267,shimul-01-block-3-trial-5-target-7,543.0,273.0,22.5,False,Pointer Move (Standard mouse)
1789742687.440924,540,267,shimul-01-block-3-trial-5-target-7,543.0,273.0,22.5,False,Pointer Move (Standard mouse)
1789742687.486021,540,267,shimul-01-block-3-trial-5-target-7,543.0,273.0,22.5,target_selected,target_selected
1789742687.58865,540,267,shimul-01-block-3-trial-6-target-3,897.0,627.0,22.5,False,Pointer Move (Standard mouse)
1789742687.612202,540,267,shimul-01-block-3-trial-6-target-3,897.0,627.0,22.5,False,Pointer Move (Standard mouse)
1789742687.619012,541,268,shimul-01-block-3-trial-6-target-3,897.0,627.0,22.5,False,Pointer Move (Standard mouse)
1789742687.6272871,544,272,shimul-01-block-3-trial-6-target-3,897.0,627.0,22.5,False,Pointer Move (Standard mouse)
1789742687.633427,547,277,shimul-01-block-3-trial-6-target-3,897.0,627.0,22.5,False,Pointer Move (Standard mouse)
1789742687.6411362,552,286,shimul-01-block-3-trial-6-target-3,897.0,627.0,22.5,False,Pointer Move (Standard mouse)
1789742687.648397,559,298,shimul-01-block-3-trial-6-target-3,897.0,627.0,22.5,False,Pointer Move (Standard mouse)
1789742687.6561239,568,314,shimul-01-block-3-trial-6-target-3,897.0,627.0,22.5,False,Pointer Move (Standard mouse)
1789742687.663879,576,330,shimul-01-block-3-trial-6-target-3,897.0,627.0,22.5,False,Pointer Move (Standard mouse)
1789742687.671273,583,341,shimul-01-block-3-trial-6-target-3,897.0,627.0,22.5,False,Pointer Move (Standard mouse)
1789742687.6793962,590,353,shimul-01-block-3-trial-6-target-3,897.0,627.0,22.5,False,Pointer Move (Standard mouse)
1789742687.68725,605,376,shimul-01-block-3-trial-6-target-3,897.0,627.0,22.5,False,Pointer Move (Standard mouse)
1789742687.693677,621,400,shimul-01-block-3-trial-6-target-3,897.0,627.0,22.5,False,Pointer Move (Standard mouse)
1789742687.7169862,632,416,shimul-01-block-3-trial-6-target-3,897.0,627.0,22.5,False,Pointer Move (Standard mouse)
1789742687.7252748,646,432,shimul-01-block-3-trial-6-target-3,897.0,627.0,22.5,False,Pointer Move (Standard mouse)
1789742687.732379,699,505,shimul-01-block-3-trial-6-target-3,897.0,627.0,22.5,False,Pointer Move (Standard mouse)
1789742687.7398121,708,516,shimul-01-block-3-trial-6-target-3,897.0,627.0,22.5,False,Pointer Move (Standard mouse)
1789742687.747936,724,536,shimul-01-block-3-trial-6-target-3,897.0,627.0,22.5,False,Pointer Move (Standard mouse)
1789742687.7546518,730,545,shimul-01-block-3-trial-6-target-3,897.0,627.0,22.5,False,Pointer Move (Standard mouse)
1789742687.7626328,740,559,shimul-01-block-3-trial-6-target-3,897.0,627.0,22.5,False,Pointer Move (Standard mouse)
1789742687.7691772,743,566,shimul-01-block-3-trial-6-target-3,897.0,627.0,22.5,False,Pointer Move (Standard mouse)
1789742687.7762618,749,574,shimul-01-block-3-trial-6-target-3,897.0,627.0,22.5,False,Pointer Move (Standard mouse)
1789742687.783946,752,576,shimul-01-block-3-trial-6-target-3,897.0,627.0,22.5,False,Pointer Move (Standard mouse)
1789742687.79159,753,578,shimul-01-block-3-trial-6-target-3,897.0,627.0,22.5,False,Pointer Move (Standard mouse)
1789742687.7993128,755,580,shimul-01-block-3-trial-6-target-3,897.0,627.0,22.5,False,Pointer Move (Standard mouse)
1789742687.806886,756,581,shimul-01-block-3-trial-6-target-3,897.0,627.0,22.5,False,Pointer Move (Standard mouse)
1789742687.815846,757,581,shimul-01-block-3-trial-6-target-3,897.0,627.0,22.5,False,Pointer Move (Standard mouse)
1789742687.821368,757,582,shimul-01-block-3-trial-6-target-3,897.0,627.0,22.5,False,Pointer Move (Standard mouse)
1789742687.8374772,760,584,shimul-01-block-3-trial-6-target-3,897.0,627.0,22.5,False,Pointer Move (Standard mouse)
1789742687.845005,761,585,shimul-01-block-3-trial-6-target-3,897.0,627.0,22.5,False,Pointer Move (Standard mouse)
1789742687.852135,763,585,shimul-01-block-3-trial-6-target-3,897.0,627.0,22.5,False,Pointer Move (Standard mouse)
1789742687.8591208,770,587,shimul-01-block-3-trial-6-target-3,897.0,627.0,22.5,False,Pointer Move (Standard mouse)
1789742687.866734,770,588,shimul-01-block-3-trial-6-target-3,897.0,627.0,22.5,False,Pointer Move (Standard mouse)
1789742687.874539,771,588,shimul-01-block-3-trial-6-target-3,897.0,627.0,22.5,False,Pointer Move (Standard mouse)
1789742687.8825479,771,588,shimul-01-block-3-trial-6-target-3,897.0,627.0,22.5,False,Pointer Move (Standard mouse)
1789742687.889128,772,589,shimul-01-block-3-trial-6-target-3,897.0,627.0,22.5,False,Pointer Move (Standard mouse)
1789742687.896689,772,589,shimul-01-block-3-trial-6-target-3,897.0,627.0,22.5,False,Pointer Move (Standard mouse)
1789742687.904093,773,590,shimul-01-block-3-trial-6-target-3,897.0,627.0,22.5,False,Pointer Move (Standard mouse)
1789742687.9123268,773,590,shimul-01-block-3-trial-6-target-3,897.0,627.0,22.5,False,Pointer Move (Standard mouse)
1789742687.919122,774,590,shimul-01-block-3-trial-6-target-3,897.0,627.0,22.5,False,Pointer Move (Standard mouse)
1789742687.926927,775,590,shimul-01-block-3-trial-6-target-3,897.0,627.0,22.5,False,Pointer Move (Standard mouse)
1789742687.934599,779,591,shimul-01-block-3-trial-6-target-3,897.0,627.0,22.5,False,Pointer Move (Standard mouse)
1789742687.9428868,784,592,shimul-01-block-3-trial-6-target-3,897.0,627.0,22.5,False,Pointer Move (Standard mouse)
1789742687.9493709,785,593,shimul-01-block-3-trial-6-target-3,897.0,627.0,22.5,False,Pointer Move (Standard mouse)
1789742687.95712,790,594,shimul-01-block-3-trial-6-target-3,897.0,627.0,22.5,False,Pointer Move (Standard mouse)
1789742687.964573,797,596,shimul-01-block-3-trial-6-target-3,897.0,627.0,22.5,False,Pointer Move (Standard mouse)
1789742687.972481,802,597,shimul-01-block-3-trial-6-target-3,897.0,627.0,22.5,False,Pointer Move (Standard mouse)
1789742687.979434,809,599,shimul-01-block-3-trial-6-target-3,897.0,627.0,22.5,False,Pointer Move (Standard mouse)
1789742687.98701,818,603,shimul-01-block-3-trial-6-target-3,897.0,627.0,22.5,False,Pointer Move (Standard mouse)
1789742687.994118,830,606,shimul-01-block-3-trial-6-target-3,897.0,627.0,22.5,False,Pointer Move (Standard mouse)
1789742688.001581,833,607,shimul-01-block-3-trial-6-target-3,897.0,627.0,22.5,False,Pointer Move (Standard mouse)
1789742688.010077,845,609,shimul-01-block-3-trial-6-target-3,897.0,627.0,22.5,False,Pointer Move (Standard mouse)
1789742688.016831,854,610,shimul-01-block-3-trial-6-target-3,897.0,627.0,22.5,False,Pointer Move (Standard mouse)
1789742688.0251122,864,613,shimul-01-block-3-trial-6-target-3,897.0,627.0,22.5,False,Pointer Move (Standard mouse)
1789742688.032056,873,614,shimul-01-block-3-trial-6-target-3,897.0,627.0,22.5,False,Pointer Move (Standard mouse)
1789742688.039669,883,616,shimul-01-block-3-trial-6-target-3,897.0,627.0,22.5,False,Pointer Move (Standard mouse)
1789742688.047481,886,617,shimul-01-block-3-trial-6-target-3,897.0,627.0,22.5,False,Pointer Move (Standard mouse)
1789742688.055551,891,618,shimul-01-block-3-trial-6-target-3,897.0,627.0,22.5,False,Pointer Move (Standard mouse)
1789742688.063049,892,619,shimul-01-block-3-trial-6-target-3,897.0,627.0,22.5,False,Pointer Move (Standard mouse)
1789742688.069729,893,619,shimul-01-block-3-trial-6-target-3,897.0,627.0,22.5,False,Pointer Move (Standard mouse)
1789742688.0778759,893,619,shimul-01-block-3-trial-6-target-3,897.0,627.0,22.5,False,Pointer Move (Standard mouse)
1789742688.0845141,893,619,shimul-01-block-3-trial-6-target-3,897.0,627.0,22.5,False,Pointer Move (Standard mouse)
1789742688.092596,894,619,shimul-01-block-3-trial-6-target-3,897.0,627.0,22.5,False,Pointer Move (Standard mouse)
1789742688.099298,894,619,shimul-01-block-3-trial-6-target-3,897.0,627.0,22.5,False,Pointer Move (Standard mouse)
1789742688.1074188,895,619,shimul-01-block-3-trial-6-target-3,897.0,627.0,22.5,False,Pointer Move (Standard mouse)
1789742688.122547,896,619,shimul-01-block-3-trial-6-target-3,897.0,627.0,22.5,False,Pointer Move (Standard mouse)
1789742688.138605,896,619,shimul-01-block-3-trial-6-target-3,897.0,627.0,22.5,False,Pointer Move (Standard mouse)
1789742688.152692,897,619,shimul-01-block-3-trial-6-target-3,897.0,627.0,22.5,False,Pointer Move (Standard mouse)
1789742688.167539,897,620,shimul-01-block-3-trial-6-target-3,897.0,627.0,22.5,False,Pointer Move (Standard mouse)
1789742688.1745632,897,620,shimul-01-block-3-trial-6-target-3,897.0,627.0,22.5,False,Pointer Move (Standard mouse)
1789742688.182177,898,620,shimul-01-block-3-trial-6-target-3,897.0,627.0,22.5,False,Pointer Move (Standard mouse)
1789742688.189856,898,620,shimul-01-block-3-trial-6-target-3,897.0,627.0,22.5,False,Pointer Move (Standard mouse)
1789742688.3113458,898,620,shimul-01-block-3-trial-6-target-3,897.0,627.0,22.5,target_selected,target_selected
1789742688.41595,897,620,shimul-01-block-3-trial-7-target-7,543.0,273.0,22.5,False,Pointer Move (Standard mouse)
1789742688.422873,897,619,shimul-01-block-3-trial-7-target-7,543.0,273.0,22.5,False,Pointer Move (Standard mouse)
1789742688.4311411,895,614,shimul-01-block-3-trial-7-target-7,543.0,273.0,22.5,False,Pointer Move (Standard mouse)
1789742688.437921,891,606,shimul-01-block-3-trial-7-target-7,543.0,273.0,22.5,False,Pointer Move (Standard mouse)
1789742688.4463491,890,604,shimul-01-block-3-trial-7-target-7,543.0,273.0,22.5,False,Pointer Move (Standard mouse)
1789742688.4527638,887,599,shimul-01-block-3-trial-7-target-7,543.0,273.0,22.5,False,Pointer Move (Standard mouse)
1789742688.4605272,882,590,shimul-01-block-3-trial-7-target-7,543.0,273.0,22.5,False,Pointer Move (Standard mouse)
1789742688.467679,872,577,shimul-01-block-3-trial-7-target-7,543.0,273.0,22.5,False,Pointer Move (Standard mouse)
1789742688.474369,862,563,shimul-01-block-3-trial-7-target-7,543.0,273.0,22.5,False,Pointer Move (Standard mouse)
1789742688.482168,854,553,shimul-01-block-3-trial-7-target-7,543.0,273.0,22.5,False,Pointer Move (Standard mouse)
1789742688.489525,845,539,shimul-01-block-3-trial-7-target-7,543.0,273.0,22.5,False,Pointer Move (Standard mouse)
1789742688.496116,832,518,shimul-01-block-3-trial-7-target-7,543.0,273.0,22.5,False,Pointer Move (Standard mouse)
1789742688.504839,820,502,shimul-01-block-3-trial-7-target-7,543.0,273.0,22.5,False,Pointer Move (Standard mouse)
1789742688.512695,815,494,shimul-01-block-3-trial-7-target-7,543.0,273.0,22.5,False,Pointer Move (Standard mouse)
1789742688.520292,797,474,shimul-01-block-3-trial-7-target-7,543.0,273.0,22.5,False,Pointer Move (Standard mouse)
1789742688.527915,784,461,shimul-01-block-3-trial-7-target-7,543.0,273.0,22.5,False,Pointer Move (Standard mouse)
1789742688.5353112,773,455,shimul-01-block-3-trial-7-target-7,543.0,273.0,22.5,False,Pointer Move (Standard mouse)
1789742688.542542,757,443,shimul-01-block-3-trial-7-target-7,543.0,273.0,22.5,False,Pointer Move (Standard mouse)
1789742688.5493581,752,440,shimul-01-block-3-trial-7-target-7,543.0,273.0,22.5,False,Pointer Move (Standard mouse)
1789742688.556858,736,430,shimul-01-block-3-trial-7-target-7,543.0,273.0,22.5,False,Pointer Move (Standard mouse)
1789742688.564158,723,423,shimul-01-block-3-trial-7-target-7,543.0,273.0,22.5,False,Pointer Move (Standard mouse)
1789742688.5723462,707,412,shimul-01-block-3-trial-7-target-7,543.0,273.0,22.5,False,Pointer Move (Standard mouse)
1789742688.580191,703,409,shimul-01-block-3-trial-7-target-7,543.0,273.0,22.5,False,Pointer Move (Standard mouse)
1789742688.587992,695,404,shimul-01-block-3-trial-7-target-7,543.0,273.0,22.5,False,Pointer Move (Standard mouse)
1789742688.59436,688,398,shimul-01-block-3-trial-7-target-7,543.0,273.0,22.5,False,Pointer Move (Standard mouse)
1789742688.602782,684,394,shimul-01-block-3-trial-7-target-7,543.0,273.0,22.5,False,Pointer Move (Standard mouse)
1789742688.609658,680,390,shimul-01-block-3-trial-7-target-7,543.0,273.0,22.5,False,Pointer Move (Standard mouse)
1789742688.616705,679,389,shimul-01-block-3-trial-7-target-7,543.0,273.0,22.5,False,Pointer Move (Standard mouse)
1789742688.625204,679,389,shimul-01-block-3-trial-7-target-7,543.0,273.0,22.5,False,Pointer Move (Standard mouse)
1789742688.632262,677,388,shimul-01-block-3-trial-7-target-7,543.0,273.0,22.5,False,Pointer Move (Standard mouse)
1789742688.639786,676,387,shimul-01-block-3-trial-7-target-7,543.0,273.0,22.5,False,Pointer Move (Standard mouse)
1789742688.648937,672,386,shimul-01-block-3-trial-7-target-7,543.0,273.0,22.5,False,Pointer Move (Standard mouse)
1789742688.654606,669,385,shimul-01-block-3-trial-7-target-7,543.0,273.0,22.5,False,Pointer Move (Standard mouse)
1789742688.662218,668,384,shimul-01-block-3-trial-7-target-7,543.0,273.0,22.5,False,Pointer Move (Standard mouse)
1789742688.668882,665,383,shimul-01-block-3-trial-7-target-7,543.0,273.0,22.5,False,Pointer Move (Standard mouse)
1789742688.676296,664,382,shimul-01-block-3-trial-7-target-7,543.0,273.0,22.5,False,Pointer Move (Standard mouse)
1789742688.684116,663,382,shimul-01-block-3-trial-7-target-7,543.0,273.0,22.5,False,Pointer Move (Standard mouse)
1789742688.6916852,662,381,shimul-01-block-3-trial-7-target-7,543.0,273.0,22.5,False,Pointer Move (Standard mouse)
1789742688.699051,661,381,shimul-01-block-3-trial-7-target-7,543.0,273.0,22.5,False,Pointer Move (Standard mouse)
1789742688.707555,660,380,shimul-01-block-3-trial-7-target-7,543.0,273.0,22.5,False,Pointer Move (Standard mouse)
1789742688.71513,658,379,shimul-01-block-3-trial-7-target-7,543.0,273.0,22.5,False,Pointer Move (Standard mouse)
1789742688.7218041,654,376,shimul-01-block-3-trial-7-target-7,543.0,273.0,22.5,False,Pointer Move (Standard mouse)
1789742688.729354,651,375,shimul-01-block-3-trial-7-target-7,543.0,273.0,22.5,False,Pointer Move (Standard mouse)
1789742688.7363799,646,372,shimul-01-block-3-trial-7-target-7,543.0,273.0,22.5,False,Pointer Move (Standard mouse)
1789742688.744388,640,367,shimul-01-block-3-trial-7-target-7,543.0,273.0,22.5,False,Pointer Move (Standard mouse)
1789742688.768469,639,366,shimul-01-block-3-trial-7-target-7,543.0,273.0,22.5,False,Pointer Move (Standard mouse)
1789742688.774994,630,360,shimul-01-block-3-trial-7-target-7,543.0,273.0,22.5,False,Pointer Move (Standard mouse)
1789742688.781909,609,343,shimul-01-block-3-trial-7-target-7,543.0,273.0,22.5,False,Pointer Move (Standard mouse)
1789742688.789959,607,342,shimul-01-block-3-trial-7-target-7,543.0,273.0,22.5,False,Pointer Move (Standard mouse)
1789742688.79697,598,335,shimul-01-block-3-trial-7-target-7,543.0,273.0,22.5,False,Pointer Move (Standard mouse)
1789742688.804425,589,327,shimul-01-block-3-trial-7-target-7,543.0,273.0,22.5,False,Pointer Move (Standard mouse)
1789742688.811945,579,319,shimul-01-block-3-trial-7-target-7,543.0,273.0,22.5,False,Pointer Move (Standard mouse)
1789742688.81892,573,313,shimul-01-block-3-trial-7-target-7,543.0,273.0,22.5,False,Pointer Move (Standard mouse)
1789742688.8266602,566,305,shimul-01-block-3-trial-7-target-7,543.0,273.0,22.5,False,Pointer Move (Standard mouse)
1789742688.83482,556,297,shimul-01-block-3-trial-7-target-7,543.0,273.0,22.5,False,Pointer Move (Standard mouse)
1789742688.842713,552,292,shimul-01-block-3-trial-7-target-7,543.0,273.0,22.5,False,Pointer Move (Standard mouse)
1789742688.849101,549,288,shimul-01-block-3-trial-7-target-7,543.0,273.0,22.5,False,Pointer Move (Standard mouse)
1789742688.8575191,542,279,shimul-01-block-3-trial-7-target-7,543.0,273.0,22.5,False,Pointer Move (Standard mouse)
1789742688.864608,540,275,shimul-01-block-3-trial-7-target-7,543.0,273.0,22.5,False,Pointer Move (Standard mouse)
1789742688.872301,539,274,shimul-01-block-3-trial-7-target-7,543.0,273.0,22.5,False,Pointer Move (Standard mouse)
1789742688.8794198,538,272,shimul-01-block-3-trial-7-target-7,543.0,273.0,22.5,False,Pointer Move (Standard mouse)
1789742688.8865228,538,270,shimul-01-block-3-trial-7-target-7,543.0,273.0,22.5,False,Pointer Move (Standard mouse)
1789742688.8944361,537,269,shimul-01-block-3-trial-7-target-7,543.0,273.0,22.5,False,Pointer Move (Standard mouse)
1789742688.9028149,536,266,shimul-01-block-3-trial-7-target-7,543.0,273.0,22.5,False,Pointer Move (Standard mouse)
1789742688.90912,535,265,shimul-01-block-3-trial-7-target-7,543.0,273.0,22.5,False,Pointer Move (Standard mouse)
1789742688.916894,533,262,shimul-01-block-3-trial-7-target-7,543.0,273.0,22.5,False,Pointer Move (Standard mouse)
1789742688.924775,530,257,shimul-01-block-3-trial-7-target-7,543.0,273.0,22.5,False,Pointer Move (Standard mouse)
1789742688.9320378,526,253,shimul-01-block-3-trial-7-target-7,543.0,273.0,22.5,False,Pointer Move (Standard mouse)
1789742688.939979,525,253,shimul-01-block-3-trial-7-target-7,543.0,273.0,22.5,False,Pointer Move (Standard mouse)
1789742688.947435,523,249,shimul-01-block-3-trial-7-target-7,543.0,273.0,22.5,False,Pointer Move (Standard mouse)
1789742688.954737,520,245,shimul-01-block-3-trial-7-target-7,543.0,273.0,22.5,False,Pointer Move (Standard mouse)
1789742688.963277,520,244,shimul-01-block-3-trial-7-target-7,543.0,273.0,22.5,False,Pointer Move (Standard mouse)
1789742688.970338,520,244,shimul-01-block-3-trial-7-target-7,543.0,273.0,22.5,False,Pointer Move (Standard mouse)
1789742688.976777,520,244,shimul-01-block-3-trial-7-target-7,543.0,273.0,22.5,False,Pointer Move (Standard mouse)
1789742689.001086,520,243,shimul-01-block-3-trial-7-target-7,543.0,273.0,22.5,False,Pointer Move (Standard mouse)
1789742689.0067892,520,243,shimul-01-block-3-trial-7-target-7,543.0,273.0,22.5,False,Pointer Move (Standard mouse)
1789742689.083377,520,244,shimul-01-block-3-trial-7-target-7,543.0,273.0,22.5,False,Pointer Move (Standard mouse)
1789742689.120797,520,244,shimul-01-block-3-trial-7-target-7,543.0,273.0,22.5,False,Pointer Move (Standard mouse)
1789742689.1276858,521,244,shimul-01-block-3-trial-7-target-7,543.0,273.0,22.5,False,Pointer Move (Standard mouse)
1789742689.134315,521,244,shimul-01-block-3-trial-7-target-7,543.0,273.0,22.5,False,Pointer Move (Standard mouse)
1789742689.142188,522,245,shimul-01-block-3-trial-7-target-7,543.0,273.0,22.5,False,Pointer Move (Standard mouse)
1789742689.149575,523,247,shimul-01-block-3-trial-7-target-7,543.0,273.0,22.5,False,Pointer Move (Standard mouse)
1789742689.157517,523,247,shimul-01-block-3-trial-7-target-7,543.0,273.0,22.5,False,Pointer Move (Standard mouse)
1789742689.164832,524,249,shimul-01-block-3-trial-7-target-7,543.0,273.0,22.5,False,Pointer Move (Standard mouse)
1789742689.171853,525,251,shimul-01-block-3-trial-7-target-7,543.0,273.0,22.5,False,Pointer Move (Standard mouse)
1789742689.179418,525,251,shimul-01-block-3-trial-7-target-7,543.0,273.0,22.5,False,Pointer Move (Standard mouse)
1789742689.186032,525,253,shimul-01-block-3-trial-7-target-7,543.0,273.0,22.5,False,Pointer Move (Standard mouse)
1789742689.194443,526,253,shimul-01-block-3-trial-7-target-7,543.0,273.0,22.5,False,Pointer Move (Standard mouse)
1789742689.201748,526,254,shimul-01-block-3-trial-7-target-7,543.0,273.0,22.5,False,Pointer Move (Standard mouse)
1789742689.2094579,526,254,shimul-01-block-3-trial-7-target-7,543.0,273.0,22.5,False,Pointer Move (Standard mouse)
1789742689.217026,527,255,shimul-01-block-3-trial-7-target-7,543.0,273.0,22.5,False,Pointer Move (Standard mouse)
1789742689.225845,527,255,shimul-01-block-3-trial-7-target-7,543.0,273.0,22.5,False,Pointer Move (Standard mouse)
1789742689.232301,527,256,shimul-01-block-3-trial-7-target-7,543.0,273.0,22.5,False,Pointer Move (Standard mouse)
1789742689.239753,527,256,shimul-01-block-3-trial-7-target-7,543.0,273.0,22.5,False,Pointer Move (Standard mouse)
1789742689.247661,528,256,shimul-01-block-3-trial-7-target-7,543.0,273.0,22.5,False,Pointer Move (Standard mouse)
1789742689.362033,530,259,shimul-01-block-3-trial-7-target-7,543.0,273.0,22.5,False,Pointer Move (Standard mouse)
1789742689.36726,530,259,shimul-01-block-3-trial-7-target-7,543.0,273.0,22.5,False,Pointer Move (Standard mouse)
1789742689.37409,530,259,shimul-01-block-3-trial-7-target-7,543.0,273.0,22.5,False,Pointer Move (Standard mouse)
1789742689.381716,531,260,shimul-01-block-3-trial-7-target-7,543.0,273.0,22.5,False,Pointer Move (Standard mouse)
1789742689.390118,531,260,shimul-01-block-3-trial-7-target-7,543.0,273.0,22.5,False,Pointer Move (Standard mouse)
1789742689.397085,531,260,shimul-01-block-3-trial-7-target-7,543.0,273.0,22.5,False,Pointer Move (Standard mouse)
1789742689.404397,532,260,shimul-01-block-3-trial-7-target-7,543.0,273.0,22.5,False,Pointer Move (Standard mouse)
1789742689.412967,532,260,shimul-01-block-3-trial-7-target-7,543.0,273.0,22.5,False,Pointer Move (Standard mouse)
1789742689.42011,532,260,shimul-01-block-3-trial-7-target-7,543.0,273.0,22.5,False,Pointer Move (Standard mouse)
1789742689.427236,532,261,shimul-01-block-3-trial-7-target-7,543.0,273.0,22.5,False,Pointer Move (Standard mouse)
1789742689.443021,532,261,shimul-01-block-3-trial-7-target-7,543.0,273.0,22.5,target_selected,target_selected
1789742689.450263,532,261,shimul-01-block-3-trial-8-target-3,897.0,627.0,22.5,False,Pointer Move (Standard mouse)
1789742689.464582,533,261,shimul-01-block-3-trial-8-target-3,897.0,627.0,22.5,False,Pointer Move (Standard mouse)
1789742689.5579321,533,261,shimul-01-block-3-trial-8-target-3,897.0,627.0,22.5,False,Pointer Move (Standard mouse)
1789742689.563704,533,261,shimul-01-block-3-trial-8-target-3,897.0,627.0,22.5,False,Pointer Move (Standard mouse)
1789742689.57886,533,262,shimul-01-block-3-trial-8-target-3,897.0,627.0,22.5,False,Pointer Move (Standard mouse)
1789742689.5855591,533,262,shimul-01-block-3-trial-8-target-3,897.0,627.0,22.5,False,Pointer Move (Standard mouse)
1789742689.5923939,533,263,shimul-01-block-3-trial-8-target-3,897.0,627.0,22.5,False,Pointer Move (Standard mouse)
1789742689.6004438,534,264,shimul-01-block-3-trial-8-target-3,897.0,627.0,22.5,False,Pointer Move (Standard mouse)
1789742689.606975,535,266,shimul-01-block-3-trial-8-target-3,897.0,627.0,22.5,False,Pointer Move (Standard mouse)
1789742689.6141021,538,270,shimul-01-block-3-trial-8-target-3,897.0,627.0,22.5,False,Pointer Move (Standard mouse)
1789742689.621975,542,274,shimul-01-block-3-trial-8-target-3,897.0,627.0,22.5,False,Pointer Move (Standard mouse)
1789742689.62972,548,280,shimul-01-block-3-trial-8-target-3,897.0,627.0,22.5,False,Pointer Move (Standard mouse)
1789742689.637258,550,281,shimul-01-block-3-trial-8-target-3,897.0,627.0,22.5,False,Pointer Move (Standard mouse)
1789742689.6446269,556,290,shimul-01-block-3-trial-8-target-3,897.0,627.0,22.5,False,Pointer Move (Standard mouse)
1789742689.65166,567,300,shimul-01-block-3-trial-8-target-3,897.0,627.0,22.5,False,Pointer Move (Standard mouse)
1789742689.660497,579,313,shimul-01-block-3-trial-8-target-3,897.0,627.0,22.5,False,Pointer Move (Standard mouse)
1789742689.666722,594,329,shimul-01-block-3-trial-8-target-3,897.0,627.0,22.5,False,Pointer Move (Standard mouse)
1789742689.6747122,605,341,shimul-01-block-3-trial-8-target-3,897.0,627.0,22.5,False,Pointer Move (Standard mouse)
1789742689.681961,620,356,shimul-01-block-3-trial-8-target-3,897.0,627.0,22.5,False,Pointer Move (Standard mouse)
1789742689.689974,626,362,shimul-01-block-3-trial-8-target-3,897.0,627.0,22.5,False,Pointer Move (Standard mouse)
1789742689.697056,641,375,shimul-01-block-3-trial-8-target-3,897.0,627.0,22.5,False,Pointer Move (Standard mouse)
1789742689.704789,659,392,shimul-01-block-3-trial-8-target-3,897.0,627.0,22.5,False,Pointer Move (Standard mouse)
1789742689.7125492,679,407,shimul-01-block-3-trial-8-target-3,897.0,627.0,22.5,False,Pointer Move (Standard mouse)
1789742689.7196648,692,418,shimul-01-block-3-trial-8-target-3,897.0,627.0,22.5,False,Pointer Move (Standard mouse)
1789742689.728169,708,433,shimul-01-block-3-trial-8-target-3,897.0,627.0,22.5,False,Pointer Move (Standard mouse)
1789742689.734377,727,450,shimul-01-block-3-trial-8-target-3,897.0,627.0,22.5,False,Pointer Move (Standard mouse)
1789742689.7423701,741,462,shimul-01-block-3-trial-8-target-3,897.0,627.0,22.5,False,Pointer Move (Standard mouse)
1789742689.749537,757,476,shimul-01-block-3-trial-8-target-3,897.0,627.0,22.5,False,Pointer Move (Standard mouse)
1789742689.758137,774,490,shimul-01-block-3-trial-8-target-3,897.0,627.0,22.5,False,Pointer Move (Standard mouse)
1789742689.7650108,785,500,shimul-01-block-3-trial-8-target-3,897.0,627.0,22.5,False,Pointer Move (Standard mouse)
1789742689.772605,794,508,shimul-01-block-3-trial-8-target-3,897.0,627.0,22.5,False,Pointer Move (Standard mouse)
1789742689.7796538,800,512,shimul-01-block-3-trial-8-target-3,897.0,627.0,22.5,False,Pointer Move (Standard mouse)
1789742689.788862,807,518,shimul-01-block-3-trial-8-target-3,897.0,627.0,22.5,False,Pointer Move (Standard mouse)
1789742689.810646,811,521,shimul-01-block-3-trial-8-target-3,897.0,627.0,22.5,False,Pointer Move (Standard mouse)
1789742689.817387,818,525,shimul-01-block-3-trial-8-target-3,897.0,627.0,22.5,False,Pointer Move (Standard mouse)
1789742689.824618,841,537,shimul-01-block-3-trial-8-target-3,897.0,627.0,22.5,False,Pointer Move (Standard mouse)
1789742689.832007,844,539,shimul-01-block-3-trial-8-target-3,897.0,627.0,22.5,False,Pointer Move (Standard mouse)
1789742689.839606,849,541,shimul-01-block-3-trial-8-target-3,897.0,627.0,22.5,False,Pointer Move (Standard mouse)
1789742689.8467681,851,541,shimul-01-block-3-trial-8-target-3,897.0,627.0,22.5,False,Pointer Move (Standard mouse)
1789742689.855586,854,542,shimul-01-block-3-trial-8-target-3,897.0,627.0,22.5,False,Pointer Move (Standard mouse)
1789742689.862323,855,542,shimul-01-block-3-trial-8-target-3,897.0,627.0,22.5,False,Pointer Move (Standard mouse)
1789742689.869229,855,543,shimul-01-block-3-trial-8-target-3,897.0,627.0,22.5,False,Pointer Move (Standard mouse)
1789742689.877235,856,543,shimul-01-block-3-trial-8-target-3,897.0,627.0,22.5,False,Pointer Move (Standard mouse)
1789742689.884382,857,544,shimul-01-block-3-trial-8-target-3,897.0,627.0,22.5,False,Pointer Move (Standard mouse)
1789742689.8916879,859,546,shimul-01-block-3-trial-8-target-3,897.0,627.0,22.5,False,Pointer Move (Standard mouse)
1789742689.899105,860,546,shimul-01-block-3-trial-8-target-3,897.0,627.0,22.5,False,Pointer Move (Standard mouse)
1789742689.9071019,863,548,shimul-01-block-3-trial-8-target-3,897.0,627.0,22.5,False,Pointer Move (Standard mouse)
1789742689.914933,867,550,shimul-01-block-3-trial-8-target-3,897.0,627.0,22.5,False,Pointer Move (Standard mouse)
1789742689.9220202,872,551,shimul-01-block-3-trial-8-target-3,897.0,627.0,22.5,False,Pointer Move (Standard mouse)
1789742689.9293492,873,552,shimul-01-block-3-trial-8-target-3,897.0,627.0,22.5,False,Pointer Move (Standard mouse)
1789742689.936683,877,555,shimul-01-block-3-trial-8-target-3,897.0,627.0,22.5,False,Pointer Move (Standard mouse)
1789742689.944868,878,555,shimul-01-block-3-trial-8-target-3,897.0,627.0,22.5,False,Pointer Move (Standard mouse)
1789742689.951967,880,556,shimul-01-block-3-trial-8-target-3,897.0,627.0,22.5,False,Pointer Move (Standard mouse)
1789742689.959433,881,557,shimul-01-block-3-trial-8-target-3,897.0,627.0,22.5,False,Pointer Move (Standard mouse)
1789742689.966649,882,558,shimul-01-block-3-trial-8-target-3,897.0,627.0,22.5,False,Pointer Move (Standard mouse)
1789742689.974587,882,558,shimul-01-block-3-trial-8-target-3,897.0,627.0,22.5,False,Pointer Move (Standard mouse)
1789742689.9820921,883,559,shimul-01-block-3-trial-8-target-3,897.0,627.0,22.5,False,Pointer Move (Standard mouse)
1789742689.989372,883,560,shimul-01-block-3-trial-8-target-3,897.0,627.0,22.5,False,Pointer Move (Standard mouse)
1789742689.996931,884,562,shimul-01-block-3-trial-8-target-3,897.0,627.0,22.5,False,Pointer Move (Standard mouse)
1789742690.00436,885,563,shimul-01-block-3-trial-8-target-3,897.0,627.0,22.5,False,Pointer Move (Standard mouse)
1789742690.012336,887,567,shimul-01-block-3-trial-8-target-3,897.0,627.0,22.5,False,Pointer Move (Standard mouse)
1789742690.019674,889,569,shimul-01-block-3-trial-8-target-3,897.0,627.0,22.5,False,Pointer Move (Standard mouse)
1789742690.026776,890,570,shimul-01-block-3-trial-8-target-3,897.0,627.0,22.5,False,Pointer Move (Standard mouse)
1789742690.033538,892,575,shimul-01-block-3-trial-8-target-3,897.0,627.0,22.5,False,Pointer Move (Standard mouse)
1789742690.042293,893,578,shimul-01-block-3-trial-8-target-3,897.0,627.0,22.5,False,Pointer Move (Standard mouse)
1789742690.0491111,896,581,shimul-01-block-3-trial-8-target-3,897.0,627.0,22.5,False,Pointer Move (Standard mouse)
1789742690.056652,898,584,shimul-01-block-3-trial-8-target-3,897.0,627.0,22.5,False,Pointer Move (Standard mouse)
1789742690.0643241,898,584,shimul-01-block-3-trial-8-target-3,897.0,627.0,22.5,False,Pointer Move (Standard mouse)
1789742690.071902,898,585,shimul-01-block-3-trial-8-target-3,897.0,627.0,22.5,False,Pointer Move (Standard mouse)
1789742690.0792692,898,585,shimul-01-block-3-trial-8-target-3,897.0,627.0,22.5,False,Pointer Move (Standard mouse)
1789742690.08778,899,585,shimul-01-block-3-trial-8-target-3,897.0,627.0,22.5,False,Pointer Move (Standard mouse)
1789742690.0959702,899,586,shimul-01-block-3-trial-8-target-3,897.0,627.0,22.5,False,Pointer Move (Standard mouse)
1789742690.103394,899,586,shimul-01-block-3-trial-8-target-3,897.0,627.0,22.5,False,Pointer Move (Standard mouse)
1789742690.110463,899,587,shimul-01-block-3-trial-8-target-3,897.0,627.0,22.5,False,Pointer Move (Standard mouse)
1789742690.1168158,899,588,shimul-01-block-3-trial-8-target-3,897.0,627.0,22.5,False,Pointer Move (Standard mouse)
1789742690.124816,899,588,shimul-01-block-3-trial-8-target-3,897.0,627.0,22.5,False,Pointer Move (Standard mouse)
1789742690.132118,900,589,shimul-01-block-3-trial-8-target-3,897.0,627.0,22.5,False,Pointer Move (Standard mouse)
1789742690.1396701,900,589,shimul-01-block-3-trial-8-target-3,897.0,627.0,22.5,False,Pointer Move (Standard mouse)
1789742690.1480598,900,590,shimul-01-block-3-trial-8-target-3,897.0,627.0,22.5,False,Pointer Move (Standard mouse)
1789742690.155168,900,590,shimul-01-block-3-trial-8-target-3,897.0,627.0,22.5,False,Pointer Move (Standard mouse)
1789742690.162323,900,591,shimul-01-block-3-trial-8-target-3,897.0,627.0,22.5,False,Pointer Move (Standard mouse)
1789742690.1858199,900,591,shimul-01-block-3-trial-8-target-3,897.0,627.0,22.5,False,Pointer Move (Standard mouse)
1789742690.1919968,900,591,shimul-01-block-3-trial-8-target-3,897.0,627.0,22.5,False,Pointer Move (Standard mouse)
1789742690.199818,900,592,shimul-01-block-3-trial-8-target-3,897.0,627.0,22.5,False,Pointer Move (Standard mouse)
1789742690.206859,900,593,shimul-01-block-3-trial-8-target-3,897.0,627.0,22.5,False,Pointer Move (Standard mouse)
1789742690.2140741,900,593,shimul-01-block-3-trial-8-target-3,897.0,627.0,22.5,False,Pointer Move (Standard mouse)
1789742690.221867,901,594,shimul-01-block-3-trial-8-target-3,897.0,627.0,22.5,False,Pointer Move (Standard mouse)
1789742690.2290041,901,595,shimul-01-block-3-trial-8-target-3,897.0,627.0,22.5,False,Pointer Move (Standard mouse)
1789742690.2369611,901,596,shimul-01-block-3-trial-8-target-3,897.0,627.0,22.5,False,Pointer Move (Standard mouse)
1789742690.2444139,901,597,shimul-01-block-3-trial-8-target-3,897.0,627.0,22.5,False,Pointer Move (Standard mouse)
1789742690.2516549,901,599,shimul-01-block-3-trial-8-target-3,897.0,627.0,22.5,False,Pointer Move (Standard mouse)
1789742690.25923,901,600,shimul-01-block-3-trial-8-target-3,897.0,627.0,22.5,False,Pointer Move (Standard mouse)
1789742690.267184,901,600,shimul-01-block-3-trial-8-target-3,897.0,627.0,22.5,False,Pointer Move (Standard mouse)
1789742690.27487,901,601,shimul-01-block-3-trial-8-target-3,897.0,627.0,22.5,False,Pointer Move (Standard mouse)
1789742690.28184,901,601,shimul-01-block-3-trial-8-target-3,897.0,627.0,22.5,False,Pointer Move (Standard mouse)
1789742690.290724,901,602,shimul-01-block-3-trial-8-target-3,897.0,627.0,22.5,False,Pointer Move (Standard mouse)
1789742690.29794,901,602,shimul-01-block-3-trial-8-target-3,897.0,627.0,22.5,False,Pointer Move (Standard mouse)
1789742690.3056262,901,603,shimul-01-block-3-trial-8-target-3,897.0,627.0,22.5,False,Pointer Move (Standard mouse)
1789742690.312351,902,604,shimul-01-block-3-trial-8-target-3,897.0,627.0,22.5,False,Pointer Move (Standard mouse)
1789742690.335296,902,604,shimul-01-block-3-trial-8-target-3,897.0,627.0,22.5,False,Pointer Move (Standard mouse)
1789742690.342256,902,605,shimul-01-block-3-trial-8-target-3,897.0,627.0,22.5,False,Pointer Move (Standard mouse)
1789742690.350297,902,608,shimul-01-block-3-trial-8-target-3,897.0,627.0,22.5,False,Pointer Move (Standard mouse)
1789742690.357237,902,609,shimul-01-block-3-trial-8-target-3,897.0,627.0,22.5,False,Pointer Move (Standard mouse)
1789742690.365289,903,610,shimul-01-block-3-trial-8-target-3,897.0,627.0,22.5,False,Pointer Move (Standard mouse)
1789742690.371299,903,612,shimul-01-block-3-trial-8-target-3,897.0,627.0,22.5,False,Pointer Move (Standard mouse)
1789742690.379015,903,612,shimul-01-block-3-trial-8-target-3,897.0,627.0,22.5,False,Pointer Move (Standard mouse)
1789742690.387101,904,613,shimul-01-block-3-trial-8-target-3,897.0,627.0,22.5,False,Pointer Move (Standard mouse)
1789742690.3949409,904,613,shimul-01-block-3-trial-8-target-3,897.0,627.0,22.5,False,Pointer Move (Standard mouse)
1789742690.4017558,904,614,shimul-01-block-3-trial-8-target-3,897.0,627.0,22.5,False,Pointer Move (Standard mouse)
1789742690.4094431,904,614,shimul-01-block-3-trial-8-target-3,897.0,627.0,22.5,False,Pointer Move (Standard mouse)
1789742690.416519,904,615,shimul-01-block-3-trial-8-target-3,897.0,627.0,22.5,False,Pointer Move (Standard mouse)
1789742690.425493,904,615,shimul-01-block-3-trial-8-target-3,897.0,627.0,22.5,False,Pointer Move (Standard mouse)
1789742690.432624,904,615,shimul-01-block-3-trial-8-target-3,897.0,627.0,22.5,False,Pointer Move (Standard mouse)
1789742690.439501,904,616,shimul-01-block-3-trial-8-target-3,897.0,627.0,22.5,False,Pointer Move (Standard mouse)
1789742690.447642,904,616,shimul-01-block-3-trial-8-target-3,897.0,627.0,22.5,False,Pointer Move (Standard mouse)
1789742690.462645,904,616,shimul-01-block-3-trial-8-target-3,897.0,627.0,22.5,False,Pointer Move (Standard mouse)
1789742690.4768279,904,616,shimul-01-block-3-trial-8-target-3,897.0,627.0,22.5,False,Pointer Move (Standard mouse)
1789742690.4936929,904,617,shimul-01-block-3-trial-8-target-3,897.0,627.0,22.5,False,Pointer Move (Standard mouse)
1789742690.4990761,905,617,shimul-01-block-3-trial-8-target-3,897.0,627.0,22.5,False,Pointer Move (Standard mouse)
1789742690.5065842,905,617,shimul-01-block-3-trial-8-target-3,897.0,627.0,22.5,False,Pointer Move (Standard mouse)
1789742690.5321789,905,617,shimul-01-block-3-trial-8-target-3,897.0,627.0,22.5,target_selected,target_selected
1789742690.539249,905,618,shimul-01-block-3-trial-9-target-7,543.0,273.0,22.5,False,Pointer Move (Standard mouse)
1789742690.5397,905,618,shimul-01-block-3-trial-9-target-7,543.0,273.0,22.5,False,Pointer Move (Standard mouse)
1789742690.552978,906,618,shimul-01-block-3-trial-9-target-7,543.0,273.0,22.5,False,Pointer Move (Standard mouse)
1789742690.5677812,906,618,shimul-01-block-3-trial-9-target-7,543.0,273.0,22.5,False,Pointer Move (Standard mouse)
1789742690.6353018,905,618,shimul-01-block-3-trial-9-target-7,543.0,273.0,22.5,False,Pointer Move (Standard mouse)
1789742690.642547,905,618,shimul-01-block-3-trial-9-target-7,543.0,273.0,22.5,False,Pointer Move (Standard mouse)
1789742690.6501708,904,618,shimul-01-block-3-trial-9-target-7,543.0,273.0,22.5,False,Pointer Move (Standard mouse)
1789742690.6576169,904,617,shimul-01-block-3-trial-9-target-7,543.0,273.0,22.5,False,Pointer Move (Standard mouse)
1789742690.6644611,903,616,shimul-01-block-3-trial-9-target-7,543.0,273.0,22.5,False,Pointer Move (Standard mouse)
1789742690.6726289,902,615,shimul-01-block-3-trial-9-target-7,543.0,273.0,22.5,False,Pointer Move (Standard mouse)
1789742690.680476,900,612,shimul-01-block-3-trial-9-target-7,543.0,273.0,22.5,False,Pointer Move (Standard mouse)
1789742690.687913,899,608,shimul-01-block-3-trial-9-target-7,543.0,273.0,22.5,False,Pointer Move (Standard mouse)
1789742690.694389,898,605,shimul-01-block-3-trial-9-target-7,543.0,273.0,22.5,False,Pointer Move (Standard mouse)
1789742690.702004,896,600,shimul-01-block-3-trial-9-target-7,543.0,273.0,22.5,False,Pointer Move (Standard mouse)
1789742690.709816,893,593,shimul-01-block-3-trial-9-target-7,543.0,273.0,22.5,False,Pointer Move (Standard mouse)
1789742690.717151,889,581,shimul-01-block-3-trial-9-target-7,543.0,273.0,22.5,False,Pointer Move (Standard mouse)
1789742690.725352,889,578,shimul-01-block-3-trial-9-target-7,543.0,273.0,22.5,False,Pointer Move (Standard mouse)
1789742690.7327528,883,566,shimul-01-block-3-trial-9-target-7,543.0,273.0,22.5,False,Pointer Move (Standard mouse)
1789742690.73981,878,555,shimul-01-block-3-trial-9-target-7,543.0,273.0,22.5,False,Pointer Move (Standard mouse)
1789742690.7483678,871,541,shimul-01-block-3-trial-9-target-7,543.0,273.0,22.5,False,Pointer Move (Standard mouse)
1789742690.755381,864,527,shimul-01-block-3-trial-9-target-7,543.0,273.0,22.5,False,Pointer Move (Standard mouse)
1789742690.762743,853,507,shimul-01-block-3-trial-9-target-7,543.0,273.0,22.5,False,Pointer Move (Standard mouse)
1789742690.7702038,846,492,shimul-01-block-3-trial-9-target-7,543.0,273.0,22.5,False,Pointer Move (Standard mouse)
1789742690.7767732,844,487,shimul-01-block-3-trial-9-target-7,543.0,273.0,22.5,False,Pointer Move (Standard mouse)
1789742690.783944,834,467,shimul-01-block-3-trial-9-target-7,543.0,273.0,22.5,False,Pointer Move (Standard mouse)
1789742690.792095,827,453,shimul-01-block-3-trial-9-target-7,543.0,273.0,22.5,False,Pointer Move (Standard mouse)
1789742690.799671,822,444,shimul-01-block-3-trial-9-target-7,543.0,273.0,22.5,False,Pointer Move (Standard mouse)
1789742690.807654,813,431,shimul-01-block-3-trial-9-target-7,543.0,273.0,22.5,False,Pointer Move (Standard mouse)
1789742690.816128,809,426,shimul-01-block-3-trial-9-target-7,543.0,273.0,22.5,False,Pointer Move (Standard mouse)
1789742690.82229,802,417,shimul-01-block-3-trial-9-target-7,543.0,273.0,22.5,False,Pointer Move (Standard mouse)
1789742690.8292842,793,406,shimul-01-block-3-trial-9-target-7,543.0,273.0,22.5,False,Pointer Move (Standard mouse)
1789742690.836632,790,403,shimul-01-block-3-trial-9-target-7,543.0,273.0,22.5,False,Pointer Move (Standard mouse)
1789742690.860824,782,394,shimul-01-block-3-trial-9-target-7,543.0,273.0,22.5,False,Pointer Move (Standard mouse)
1789742690.8665001,778,390,shimul-01-block-3-trial-9-target-7,543.0,273.0,22.5,False,Pointer Move (Standard mouse)
1789742690.8749819,763,378,shimul-01-block-3-trial-9-target-7,543.0,273.0,22.5,False,Pointer Move (Standard mouse)
1789742690.882504,761,376,shimul-01-block-3-trial-9-target-7,543.0,273.0,22.5,False,Pointer Move (Standard mouse)
1789742690.889122,759,373,shimul-01-block-3-trial-9-target-7,543.0,273.0,22.5,False,Pointer Move (Standard mouse)
1789742690.8966742,758,373,shimul-01-block-3-trial-9-target-7,543.0,273.0,22.5,False,Pointer Move (Standard mouse)
1789742690.904361,754,370,shimul-01-block-3-trial-9-target-7,543.0,273.0,22.5,False,Pointer Move (Standard mouse)
1789742690.911554,753,369,shimul-01-block-3-trial-9-target-7,543.0,273.0,22.5,False,Pointer Move (Standard mouse)
1789742690.919562,751,368,shimul-01-block-3-trial-9-target-7,543.0,273.0,22.5,False,Pointer Move (Standard mouse)
1789742690.92715,748,366,shimul-01-block-3-trial-9-target-7,543.0,273.0,22.5,False,Pointer Move (Standard mouse)
1789742690.93413,743,364,shimul-01-block-3-trial-9-target-7,543.0,273.0,22.5,False,Pointer Move (Standard mouse)
1789742690.9426491,736,361,shimul-01-block-3-trial-9-target-7,543.0,273.0,22.5,False,Pointer Move (Standard mouse)
1789742690.949385,729,357,shimul-01-block-3-trial-9-target-7,543.0,273.0,22.5,False,Pointer Move (Standard mouse)
1789742690.957103,720,352,shimul-01-block-3-trial-9-target-7,543.0,273.0,22.5,False,Pointer Move (Standard mouse)
1789742690.964191,713,349,shimul-01-block-3-trial-9-target-7,543.0,273.0,22.5,False,Pointer Move (Standard mouse)
1789742690.972919,706,346,shimul-01-block-3-trial-9-target-7,543.0,273.0,22.5,False,Pointer Move (Standard mouse)
1789742690.9787562,698,343,shimul-01-block-3-trial-9-target-7,543.0,273.0,22.5,False,Pointer Move (Standard mouse)
1789742690.987115,689,340,shimul-01-block-3-trial-9-target-7,543.0,273.0,22.5,False,Pointer Move (Standard mouse)
1789742690.994781,679,336,shimul-01-block-3-trial-9-target-7,543.0,273.0,22.5,False,Pointer Move (Standard mouse)
1789742691.0022788,667,331,shimul-01-block-3-trial-9-target-7,543.0,273.0,22.5,False,Pointer Move (Standard mouse)
1789742691.009598,660,328,shimul-01-block-3-trial-9-target-7,543.0,273.0,22.5,False,Pointer Move (Standard mouse)
1789742691.016439,647,321,shimul-01-block-3-trial-9-target-7,543.0,273.0,22.5,False,Pointer Move (Standard mouse)
1789742691.025132,637,314,shimul-01-block-3-trial-9-target-7,543.0,273.0,22.5,False,Pointer Move (Standard mouse)
1789742691.032067,626,309,shimul-01-block-3-trial-9-target-7,543.0,273.0,22.5,False,Pointer Move (Standard mouse)
1789742691.0399501,614,302,shimul-01-block-3-trial-9-target-7,543.0,273.0,22.5,False,Pointer Move (Standard mouse)
1789742691.047532,604,294,shimul-01-block-3-trial-9-target-7,543.0,273.0,22.5,False,Pointer Move (Standard mouse)
1789742691.0545762,593,285,shimul-01-block-3-trial-9-target-7,543.0,273.0,22.5,False,Pointer Move (Standard mouse)
1789742691.062172,592,284,shimul-01-block-3-trial-9-target-7,543.0,273.0,22.5,False,Pointer Move (Standard mouse)
1789742691.070295,583,278,shimul-01-block-3-trial-9-target-7,543.0,273.0,22.5,False,Pointer Move (Standard mouse)
1789742691.076551,572,270,shimul-01-block-3-trial-9-target-7,543.0,273.0,22.5,False,Pointer Move (Standard mouse)
1789742691.0837278,567,267,shimul-01-block-3-trial-9-target-7,543.0,273.0,22.5,False,Pointer Move (Standard mouse)
1789742691.091765,558,261,shimul-01-block-3-trial-9-target-7,543.0,273.0,22.5,False,Pointer Move (Standard mouse)
1789742691.099238,556,261,shimul-01-block-3-trial-9-target-7,543.0,273.0,22.5,False,Pointer Move (Standard mouse)
1789742691.106975,550,256,shimul-01-block-3-trial-9-target-7,543.0,273.0,22.5,False,Pointer Move (Standard mouse)
1789742691.1147761,547,256,shimul-01-block-3-trial-9-target-7,543.0,273.0,22.5,False,Pointer Move (Standard mouse)
1789742691.122315,544,254,shimul-01-block-3-trial-9-target-7,543.0,273.0,22.5,False,Pointer Move (Standard mouse)
1789742691.1306272,542,253,shimul-01-block-3-trial-9-target-7,543.0,273.0,22.5,False,Pointer Move (Standard mouse)
1789742691.1372669,542,252,shimul-01-block-3-trial-9-target-7,543.0,273.0,22.5,False,Pointer Move (Standard mouse)
1789742691.15222,541,252,shimul-01-block-3-trial-9-target-7,543.0,273.0,22.5,False,Pointer Move (Standard mouse)
1789742691.159713,541,252,shimul-01-block-3-trial-9-target-7,543.0,273.0,22.5,False,Pointer Move (Standard mouse)
1789742691.166906,541,252,shimul-01-block-3-trial-9-target-7,543.0,273.0,22.5,False,Pointer Move (Standard mouse)
1789742691.354835,541,252,shimul-01-block-3-trial-9-target-7,543.0,273.0,22.5,False,Pointer Move (Standard mouse)
1789742691.3863811,541,252,shimul-01-block-3-trial-9-target-7,543.0,273.0,22.5,False,Pointer Move (Standard mouse)
1789742691.39246,542,252,shimul-01-block-3-trial-9-target-7,543.0,273.0,22.5,False,Pointer Move (Standard mouse)
1789742691.4456692,542,252,shimul-01-block-3-trial-9-target-7,543.0,273.0,22.5,False,Pointer Move (Standard mouse)
1789742691.47644,542,252,shimul-01-block-3-trial-9-target-7,543.0,273.0,22.5,target_selected,target_selected
1789742691.588118,542,253,shimul-01-block-3-trial-10-target-3,897.0,627.0,22.5,False,Pointer Move (Standard mouse)
1789742691.595204,542,253,shimul-01-block-3-trial-10-target-3,897.0,627.0,22.5,False,Pointer Move (Standard mouse)
1789742691.6022458,543,255,shimul-01-block-3-trial-10-target-3,897.0,627.0,22.5,False,Pointer Move (Standard mouse)
1789742691.609786,544,256,shimul-01-block-3-trial-10-target-3,897.0,627.0,22.5,False,Pointer Move (Standard mouse)
1789742691.616781,544,257,shimul-01-block-3-trial-10-target-3,897.0,627.0,22.5,False,Pointer Move (Standard mouse)
1789742691.62508,546,262,shimul-01-block-3-trial-10-target-3,897.0,627.0,22.5,False,Pointer Move (Standard mouse)
1789742691.6322088,549,267,shimul-01-block-3-trial-10-target-3,897.0,627.0,22.5,False,Pointer Move (Standard mouse)
1789742691.640287,551,272,shimul-01-block-3-trial-10-target-3,897.0,627.0,22.5,False,Pointer Move (Standard mouse)
1789742691.647779,560,286,shimul-01-block-3-trial-10-target-3,897.0,627.0,22.5,False,Pointer Move (Standard mouse)
1789742691.6542442,565,295,shimul-01-block-3-trial-10-target-3,897.0,627.0,22.5,False,Pointer Move (Standard mouse)
1789742691.6624398,573,311,shimul-01-block-3-trial-10-target-3,897.0,627.0,22.5,False,Pointer Move (Standard mouse)
1789742691.669143,585,331,shimul-01-block-3-trial-10-target-3,897.0,627.0,22.5,False,Pointer Move (Standard mouse)
1789742691.676739,603,359,shimul-01-block-3-trial-10-target-3,897.0,627.0,22.5,False,Pointer Move (Standard mouse)
1789742691.684397,615,381,shimul-01-block-3-trial-10-target-3,897.0,627.0,22.5,False,Pointer Move (Standard mouse)
1789742691.692208,627,397,shimul-01-block-3-trial-10-target-3,897.0,627.0,22.5,False,Pointer Move (Standard mouse)
1789742691.699279,645,423,shimul-01-block-3-trial-10-target-3,897.0,627.0,22.5,False,Pointer Move (Standard mouse)
1789742691.706812,655,436,shimul-01-block-3-trial-10-target-3,897.0,627.0,22.5,False,Pointer Move (Standard mouse)
1789742691.7143989,671,456,shimul-01-block-3-trial-10-target-3,897.0,627.0,22.5,False,Pointer Move (Standard mouse)
1789742691.721677,692,478,shimul-01-block-3-trial-10-target-3,897.0,627.0,22.5,False,Pointer Move (Standard mouse)
1789742691.730348,711,498,shimul-01-block-3-trial-10-target-3,897.0,627.0,22.5,False,Pointer Move (Standard mouse)
1789742691.737254,720,507,shimul-01-block-3-trial-10-target-3,897.0,627.0,22.5,False,Pointer Move (Standard mouse)
1789742691.744676,742,527,shimul-01-block-3-trial-10-target-3,897.0,627.0,22.5,False,Pointer Move (Standard mouse)
1789742691.753005,750,538,shimul-01-block-3-trial-10-target-3,897.0,627.0,22.5,False,Pointer Move (Standard mouse)
1789742691.760523,772,555,shimul-01-block-3-trial-10-target-3,897.0,627.0,22.5,False,Pointer Move (Standard mouse)
1789742691.7674181,781,565,shimul-01-block-3-trial-10-target-3,897.0,627.0,22.5,False,Pointer Move (Standard mouse)
1789742691.7750762,792,574,shimul-01-block-3-trial-10-target-3,897.0,627.0,22.5,False,Pointer Move (Standard mouse)
1789742691.781852,802,582,shimul-01-block-3-trial-10-target-3,897.0,627.0,22.5,False,Pointer Move (Standard mouse)
1789742691.790671,811,590,shimul-01-block-3-trial-10-target-3,897.0,627.0,22.5,False,Pointer Move (Standard mouse)
1789742691.797306,817,595,shimul-01-block-3-trial-10-target-3,897.0,627.0,22.5,False,Pointer Move (Standard mouse)
1789742691.8049338,818,595,shimul-01-block-3-trial-10-target-3,897.0,627.0,22.5,False,Pointer Move (Standard mouse)
1789742691.812076,823,597,shimul-01-block-3-trial-10-target-3,897.0,627.0,22.5,False,Pointer Move (Standard mouse)
1789742691.819231,827,600,shimul-01-block-3-trial-10-target-3,897.0,627.0,22.5,False,Pointer Move (Standard mouse)
1789742691.827042,828,601,shimul-01-block-3-trial-10-target-3,897.0,627.0,22.5,False,Pointer Move (Standard mouse)
1789742691.835005,830,601,shimul-01-block-3-trial-10-target-3,897.0,627.0,22.5,False,Pointer Move (Standard mouse)
1789742691.842517,830,602,shimul-01-block-3-trial-10-target-3,897.0,627.0,22.5,False,Pointer Move (Standard mouse)
1789742691.849792,834,603,shimul-01-block-3-trial-10-target-3,897.0,627.0,22.5,False,Pointer Move (Standard mouse)
1789742691.856173,835,603,shimul-01-block-3-trial-10-target-3,897.0,627.0,22.5,False,Pointer Move (Standard mouse)
1789742691.863893,835,603,shimul-01-block-3-trial-10-target-3,897.0,627.0,22.5,False,Pointer Move (Standard mouse)
1789742691.871967,836,603,shimul-01-block-3-trial-10-target-3,897.0,627.0,22.5,False,Pointer Move (Standard mouse)
1789742691.88094,836,603,shimul-01-block-3-trial-10-target-3,897.0,627.0,22.5,False,Pointer Move (Standard mouse)
1789742691.8876019,836,603,shimul-01-block-3-trial-10-target-3,897.0,627.0,22.5,False,Pointer Move (Standard mouse)
1789742691.9109042,836,604,shimul-01-block-3-trial-10-target-3,897.0,627.0,22.5,False,Pointer Move (Standard mouse)
1789742691.916909,837,604,shimul-01-block-3-trial-10-target-3,897.0,627.0,22.5,False,Pointer Move (Standard mouse)
1789742691.9245281,837,604,shimul-01-block-3-trial-10-target-3,897.0,627.0,22.5,False,Pointer Move (Standard mouse)
1789742691.9321659,838,605,shimul-01-block-3-trial-10-target-3,897.0,627.0,22.5,False,Pointer Move (Standard mouse)
1789742691.939667,838,605,shimul-01-block-3-trial-10-target-3,897.0,627.0,22.5,False,Pointer Move (Standard mouse)
1789742691.9473338,839,605,shimul-01-block-3-trial-10-target-3,897.0,627.0,22.5,False,Pointer Move (Standard mouse)
1789742691.954512,842,606,shimul-01-block-3-trial-10-target-3,897.0,627.0,22.5,False,Pointer Move (Standard mouse)
1789742691.962155,842,607,shimul-01-block-3-trial-10-target-3,897.0,627.0,22.5,False,Pointer Move (Standard mouse)
1789742691.969419,846,607,shimul-01-block-3-trial-10-target-3,897.0,627.0,22.5,False,Pointer Move (Standard mouse)
1789742691.9770298,851,610,shimul-01-block-3-trial-10-target-3,897.0,627.0,22.5,False,Pointer Move (Standard mouse)
1789742691.984663,851,610,shimul-01-block-3-trial-10-target-3,897.0,627.0,22.5,False,Pointer Move (Standard mouse)
1789742691.9923,855,613,shimul-01-block-3-trial-10-target-3,897.0,627.0,22.5,False,Pointer Move (Standard mouse)
1789742692.000293,857,613,shimul-01-block-3-trial-10-target-3,897.0,627.0,22.5,False,Pointer Move (Standard mouse)
1789742692.007266,858,614,shimul-01-block-3-trial-10-target-3,897.0,627.0,22.5,False,Pointer Move (Standard mouse)
1789742692.014907,858,614,shimul-01-block-3-trial-10-target-3,897.0,627.0,22.5,False,Pointer Move (Standard mouse)
1789742692.0226262,858,614,shimul-01-block-3-trial-10-target-3,897.0,627.0,22.5,False,Pointer Move (Standard mouse)
1789742692.030538,859,615,shimul-01-block-3-trial-10-target-3,897.0,627.0,22.5,False,Pointer Move (Standard mouse)
1789742692.037576,860,615,shimul-01-block-3-trial-10-target-3,897.0,627.0,22.5,False,Pointer Move (Standard mouse)
1789742692.045374,861,615,shimul-01-block-3-trial-10-target-3,897.0,627.0,22.5,False,Pointer Move (Standard mouse)
1789742692.051967,862,615,shimul-01-block-3-trial-10-target-3,897.0,627.0,22.5,False,Pointer Move (Standard mouse)
1789742692.0605361,865,615,shimul-01-block-3-trial-10-target-3,897.0,627.0,22.5,False,Pointer Move (Standard mouse)
1789742692.066752,867,616,shimul-01-block-3-trial-10-target-3,897.0,627.0,22.5,False,Pointer Move (Standard mouse)
1789742692.074101,868,616,shimul-01-block-3-trial-10-target-3,897.0,627.0,22.5,False,Pointer Move (Standard mouse)
1789742692.082763,872,616,shimul-01-block-3-trial-10-target-3,897.0,627.0,22.5,False,Pointer Move (Standard mouse)
1789742692.0902889,872,616,shimul-01-block-3-trial-10-target-3,897.0,627.0,22.5,False,Pointer Move (Standard mouse)
1789742692.097408,873,616,shimul-01-block-3-trial-10-target-3,897.0,627.0,22.5,False,Pointer Move (Standard mouse)
1789742692.103828,874,616,shimul-01-block-3-trial-10-target-3,897.0,627.0,22.5,False,Pointer Move (Standard mouse)
1789742692.112677,874,617,shimul-01-block-3-trial-10-target-3,897.0,627.0,22.5,False,Pointer Move (Standard mouse)
1789742692.119175,875,617,shimul-01-block-3-trial-10-target-3,897.0,627.0,22.5,False,Pointer Move (Standard mouse)
1789742692.126666,875,617,shimul-01-block-3-trial-10-target-3,897.0,627.0,22.5,False,Pointer Move (Standard mouse)
1789742692.136522,875,617,shimul-01-block-3-trial-10-target-3,897.0,627.0,22.5,False,Pointer Move (Standard mouse)
1789742692.142261,876,617,shimul-01-block-3-trial-10-target-3,897.0,627.0,22.5,False,Pointer Move (Standard mouse)
1789742692.1493409,876,617,shimul-01-block-3-trial-10-target-3,897.0,627.0,22.5,False,Pointer Move (Standard mouse)
1789742692.157321,876,617,shimul-01-block-3-trial-10-target-3,897.0,627.0,22.5,False,Pointer Move (Standard mouse)
1789742692.164593,877,618,shimul-01-block-3-trial-10-target-3,897.0,627.0,22.5,False,Pointer Move (Standard mouse)
1789742692.1722398,877,618,shimul-01-block-3-trial-10-target-3,897.0,627.0,22.5,False,Pointer Move (Standard mouse)
1789742692.187159,877,618,shimul-01-block-3-trial-10-target-3,897.0,627.0,22.5,False,Pointer Move (Standard mouse)
1789742692.201628,878,618,shimul-01-block-3-trial-10-target-3,897.0,627.0,22.5,False,Pointer Move (Standard mouse)
1789742692.209245,878,618,shimul-01-block-3-trial-10-target-3,897.0,627.0,22.5,False,Pointer Move (Standard mouse)
1789742692.217241,880,619,shimul-01-block-3-trial-10-target-3,897.0,627.0,22.5,False,Pointer Move (Standard mouse)
1789742692.2245681,880,619,shimul-01-block-3-trial-10-target-3,897.0,627.0,22.5,False,Pointer Move (Standard mouse)
1789742692.232141,880,620,shimul-01-block-3-trial-10-target-3,897.0,627.0,22.5,False,Pointer Move (Standard mouse)
1789742692.239785,881,620,shimul-01-block-3-trial-10-target-3,897.0,627.0,22.5,False,Pointer Move (Standard mouse)
1789742692.247794,881,620,shimul-01-block-3-trial-10-target-3,897.0,627.0,22.5,False,Pointer Move (Standard mouse)
1789742692.255626,881,620,shimul-01-block-3-trial-10-target-3,897.0,627.0,22.5,False,Pointer Move (Standard mouse)
1789742692.262493,882,621,shimul-01-block-3-trial-10-target-3,897.0,627.0,22.5,False,Pointer Move (Standard mouse)
1789742692.3294568,882,621,shimul-01-block-3-trial-10-target-3,897.0,627.0,22.5,False,Pointer Move (Standard mouse)
1789742692.337672,883,621,shimul-01-block-3-trial-10-target-3,897.0,627.0,22.5,False,Pointer Move (Standard mouse)
1789742692.344629,883,621,shimul-01-block-3-trial-10-target-3,897.0,627.0,22.5,False,Pointer Move (Standard mouse)
1789742692.351754,883,621,shimul-01-block-3-trial-10-target-3,897.0,627.0,22.5,False,Pointer Move (Standard mouse)
1789742692.404713,883,621,shimul-01-block-3-trial-10-target-3,897.0,627.0,22.5,target_selected,target_selected
1789742692.433536,883,621,shimul-01-block-3-trial-11-target-7,543.0,273.0,22.5,False,Pointer Move (Standard mouse)
1789742692.53148,883,621,shimul-01-block-3-trial-11-target-7,543.0,273.0,22.5,False,Pointer Move (Standard mouse)
1789742692.540798,882,621,shimul-01-block-3-trial-11-target-7,543.0,273.0,22.5,False,Pointer Move (Standard mouse)
1789742692.5481112,881,621,shimul-01-block-3-trial-11-target-7,543.0,273.0,22.5,False,Pointer Move (Standard mouse)
1789742692.5548959,881,620,shimul-01-block-3-trial-11-target-7,543.0,273.0,22.5,False,Pointer Move (Standard mouse)
1789742692.562596,879,619,shimul-01-block-3-trial-11-target-7,543.0,273.0,22.5,False,Pointer Move (Standard mouse)
1789742692.5694232,877,617,shimul-01-block-3-trial-11-target-7,543.0,273.0,22.5,False,Pointer Move (Standard mouse)
1789742692.578625,872,611,shimul-01-block-3-trial-11-target-7,543.0,273.0,22.5,False,Pointer Move (Standard mouse)
1789742692.5838861,868,605,shimul-01-block-3-trial-11-target-7,543.0,273.0,22.5,False,Pointer Move (Standard mouse)
1789742692.5911942,861,599,shimul-01-block-3-trial-11-target-7,543.0,273.0,22.5,False,Pointer Move (Standard mouse)
1789742692.599492,853,588,shimul-01-block-3-trial-11-target-7,543.0,273.0,22.5,False,Pointer Move (Standard mouse)
1789742692.6062028,847,582,shimul-01-block-3-trial-11-target-7,543.0,273.0,22.5,False,Pointer Move (Standard mouse)
1789742692.613856,837,571,shimul-01-block-3-trial-11-target-7,543.0,273.0,22.5,False,Pointer Move (Standard mouse)
1789742692.621349,829,562,shimul-01-block-3-trial-11-target-7,543.0,273.0,22.5,False,Pointer Move (Standard mouse)
1789742692.6282802,818,550,shimul-01-block-3-trial-11-target-7,543.0,273.0,22.5,False,Pointer Move (Standard mouse)
1789742692.6358778,803,537,shimul-01-block-3-trial-11-target-7,543.0,273.0,22.5,False,Pointer Move (Standard mouse)
1789742692.6439419,780,517,shimul-01-block-3-trial-11-target-7,543.0,273.0,22.5,False,Pointer Move (Standard mouse)
1789742692.650916,770,509,shimul-01-block-3-trial-11-target-7,543.0,273.0,22.5,False,Pointer Move (Standard mouse)
1789742692.658653,747,493,shimul-01-block-3-trial-11-target-7,543.0,273.0,22.5,False,Pointer Move (Standard mouse)
1789742692.666614,733,483,shimul-01-block-3-trial-11-target-7,543.0,273.0,22.5,False,Pointer Move (Standard mouse)
1789742692.673772,713,471,shimul-01-block-3-trial-11-target-7,543.0,273.0,22.5,False,Pointer Move (Standard mouse)
1789742692.681247,699,463,shimul-01-block-3-trial-11-target-7,543.0,273.0,22.5,False,Pointer Move (Standard mouse)
1789742692.689309,679,449,shimul-01-block-3-trial-11-target-7,543.0,273.0,22.5,False,Pointer Move (Standard mouse)
1789742692.696936,664,440,shimul-01-block-3-trial-11-target-7,543.0,273.0,22.5,False,Pointer Move (Standard mouse)
1789742692.704257,644,428,shimul-01-block-3-trial-11-target-7,543.0,273.0,22.5,False,Pointer Move (Standard mouse)
1789742692.711935,630,418,shimul-01-block-3-trial-11-target-7,543.0,273.0,22.5,False,Pointer Move (Standard mouse)
1789742692.718583,607,404,shimul-01-block-3-trial-11-target-7,543.0,273.0,22.5,False,Pointer Move (Standard mouse)
1789742692.7267451,592,394,shimul-01-block-3-trial-11-target-7,543.0,273.0,22.5,False,Pointer Move (Standard mouse)
1789742692.734313,578,386,shimul-01-block-3-trial-11-target-7,543.0,273.0,22.5,False,Pointer Move (Standard mouse)
1789742692.741567,560,375,shimul-01-block-3-trial-11-target-7,543.0,273.0,22.5,False,Pointer Move (Standard mouse)
1789742692.7489028,551,367,shimul-01-block-3-trial-11-target-7,543.0,273.0,22.5,False,Pointer Move (Standard mouse)
1789742692.757069,545,363,shimul-01-block-3-trial-11-target-7,543.0,273.0,22.5,False,Pointer Move (Standard mouse)
1789742692.7645829,541,357,shimul-01-block-3-trial-11-target-7,543.0,273.0,22.5,False,Pointer Move (Standard mouse)
1789742692.771599,537,354,shimul-01-block-3-trial-11-target-7,543.0,273.0,22.5,False,Pointer Move (Standard mouse)
1789742692.778784,536,354,shimul-01-block-3-trial-11-target-7,543.0,273.0,22.5,False,Pointer Move (Standard mouse)
1789742692.7866628,533,350,shimul-01-block-3-trial-11-target-7,543.0,273.0,22.5,False,Pointer Move (Standard mouse)
1789742692.7955682,533,349,shimul-01-block-3-trial-11-target-7,543.0,273.0,22.5,False,Pointer Move (Standard mouse)
1789742692.8019478,532,349,shimul-01-block-3-trial-11-target-7,543.0,273.0,22.5,False,Pointer Move (Standard mouse)
1789742692.809282,532,348,shimul-01-block-3-trial-11-target-7,543.0,273.0,22.5,False,Pointer Move (Standard mouse)
1789742692.8170629,530,347,shimul-01-block-3-trial-11-target-7,543.0,273.0,22.5,False,Pointer Move (Standard mouse)
1789742692.825081,529,346,shimul-01-block-3-trial-11-target-7,543.0,273.0,22.5,False,Pointer Move (Standard mouse)
1789742692.8322382,529,346,shimul-01-block-3-trial-11-target-7,543.0,273.0,22.5,False,Pointer Move (Standard mouse)
1789742692.8399758,528,345,shimul-01-block-3-trial-11-target-7,543.0,273.0,22.5,False,Pointer Move (Standard mouse)
1789742692.8472269,528,344,shimul-01-block-3-trial-11-target-7,543.0,273.0,22.5,False,Pointer Move (Standard mouse)
1789742692.854555,527,344,shimul-01-block-3-trial-11-target-7,543.0,273.0,22.5,False,Pointer Move (Standard mouse)
1789742692.8633192,527,343,shimul-01-block-3-trial-11-target-7,543.0,273.0,22.5,False,Pointer Move (Standard mouse)
1789742692.869097,527,342,shimul-01-block-3-trial-11-target-7,543.0,273.0,22.5,False,Pointer Move (Standard mouse)
1789742692.876898,527,341,shimul-01-block-3-trial-11-target-7,543.0,273.0,22.5,False,Pointer Move (Standard mouse)
1789742692.884725,527,341,shimul-01-block-3-trial-11-target-7,543.0,273.0,22.5,False,Pointer Move (Standard mouse)
1789742692.8918269,527,340,shimul-01-block-3-trial-11-target-7,543.0,273.0,22.5,False,Pointer Move (Standard mouse)
1789742692.899276,526,340,shimul-01-block-3-trial-11-target-7,543.0,273.0,22.5,False,Pointer Move (Standard mouse)
1789742692.906804,526,339,shimul-01-block-3-trial-11-target-7,543.0,273.0,22.5,False,Pointer Move (Standard mouse)
1789742692.914065,526,338,shimul-01-block-3-trial-11-target-7,543.0,273.0,22.5,False,Pointer Move (Standard mouse)
1789742692.9219,526,338,shimul-01-block-3-trial-11-target-7,543.0,273.0,22.5,False,Pointer Move (Standard mouse)
1789742692.928992,527,337,shimul-01-block-3-trial-11-target-7,543.0,273.0,22.5,False,Pointer Move (Standard mouse)
1789742692.936809,527,335,shimul-01-block-3-trial-11-target-7,543.0,273.0,22.5,False,Pointer Move (Standard mouse)
1789742692.960146,528,334,shimul-01-block-3-trial-11-target-7,543.0,273.0,22.5,False,Pointer Move (Standard mouse)
1789742692.9686232,529,333,shimul-01-block-3-trial-11-target-7,543.0,273.0,22.5,False,Pointer Move (Standard mouse)
1789742692.974358,540,320,shimul-01-block-3-trial-11-target-7,543.0,273.0,22.5,False,Pointer Move (Standard mouse)
1789742692.981605,541,320,shimul-01-block-3-trial-11-target-7,543.0,273.0,22.5,False,Pointer Move (Standard mouse)
1789742692.990762,541,319,shimul-01-block-3-trial-11-target-7,543.0,273.0,22.5,False,Pointer Move (Standard mouse)
1789742692.996567,542,318,shimul-01-block-3-trial-11-target-7,543.0,273.0,22.5,False,Pointer Move (Standard mouse)
1789742693.0042582,542,317,shimul-01-block-3-trial-11-target-7,543.0,273.0,22.5,False,Pointer Move (Standard mouse)
1789742693.012466,542,316,shimul-01-block-3-trial-11-target-7,543.0,273.0,22.5,False,Pointer Move (Standard mouse)
1789742693.019372,542,314,shimul-01-block-3-trial-11-target-7,543.0,273.0,22.5,False,Pointer Move (Standard mouse)
1789742693.0271091,543,313,shimul-01-block-3-trial-11-target-7,543.0,273.0,22.5,False,Pointer Move (Standard mouse)
1789742693.03406,543,312,shimul-01-block-3-trial-11-target-7,543.0,273.0,22.5,False,Pointer Move (Standard mouse)
1789742693.042453,543,312,shimul-01-block-3-trial-11-target-7,543.0,273.0,22.5,False,Pointer Move (Standard mouse)
1789742693.0503309,545,308,shimul-01-block-3-trial-11-target-7,543.0,273.0,22.5,False,Pointer Move (Standard mouse)
1789742693.05772,545,307,shimul-01-block-3-trial-11-target-7,543.0,273.0,22.5,False,Pointer Move (Standard mouse)
1789742693.0639622,545,305,shimul-01-block-3-trial-11-target-7,543.0,273.0,22.5,False,Pointer Move (Standard mouse)
1789742693.071968,545,304,shimul-01-block-3-trial-11-target-7,543.0,273.0,22.5,False,Pointer Move (Standard mouse)
1789742693.079265,545,304,shimul-01-block-3-trial-11-target-7,543.0,273.0,22.5,False,Pointer Move (Standard mouse)
1789742693.086512,545,302,shimul-01-block-3-trial-11-target-7,543.0,273.0,22.5,False,Pointer Move (Standard mouse)
1789742693.093956,545,299,shimul-01-block-3-trial-11-target-7,543.0,273.0,22.5,False,Pointer Move (Standard mouse)
1789742693.10172,545,298,shimul-01-block-3-trial-11-target-7,543.0,273.0,22.5,False,Pointer Move (Standard mouse)
1789742693.1098082,545,296,shimul-01-block-3-trial-11-target-7,543.0,273.0,22.5,False,Pointer Move (Standard mouse)
1789742693.117804,545,296,shimul-01-block-3-trial-11-target-7,543.0,273.0,22.5,False,Pointer Move (Standard mouse)
1789742693.125153,545,295,shimul-01-block-3-trial-11-target-7,543.0,273.0,22.5,False,Pointer Move (Standard mouse)
1789742693.1324952,545,295,shimul-01-block-3-trial-11-target-7,543.0,273.0,22.5,False,Pointer Move (Standard mouse)
1789742693.139798,545,294,shimul-01-block-3-trial-11-target-7,543.0,273.0,22.5,False,Pointer Move (Standard mouse)
1789742693.147549,545,294,shimul-01-block-3-trial-11-target-7,543.0,273.0,22.5,False,Pointer Move (Standard mouse)
1789742693.1545181,545,293,shimul-01-block-3-trial-11-target-7,543.0,273.0,22.5,False,Pointer Move (Standard mouse)
1789742693.161647,544,293,shimul-01-block-3-trial-11-target-7,543.0,273.0,22.5,False,Pointer Move (Standard mouse)
1789742693.16959,544,292,shimul-01-block-3-trial-11-target-7,543.0,273.0,22.5,False,Pointer Move (Standard mouse)
1789742693.1776881,543,292,shimul-01-block-3-trial-11-target-7,543.0,273.0,22.5,False,Pointer Move (Standard mouse)
1789742693.1864169,543,291,shimul-01-block-3-trial-11-target-7,543.0,273.0,22.5,False,Pointer Move (Standard mouse)
1789742693.1924531,542,290,shimul-01-block-3-trial-11-target-7,543.0,273.0,22.5,False,Pointer Move (Standard mouse)
1789742693.1992772,542,290,shimul-01-block-3-trial-11-target-7,543.0,273.0,22.5,False,Pointer Move (Standard mouse)
1789742693.207472,542,289,shimul-01-block-3-trial-11-target-7,543.0,273.0,22.5,False,Pointer Move (Standard mouse)
1789742693.214816,541,289,shimul-01-block-3-trial-11-target-7,543.0,273.0,22.5,False,Pointer Move (Standard mouse)
1789742693.2225668,541,288,shimul-01-block-3-trial-11-target-7,543.0,273.0,22.5,False,Pointer Move (Standard mouse)
1789742693.2296681,541,288,shimul-01-block-3-trial-11-target-7,543.0,273.0,22.5,False,Pointer Move (Standard mouse)
1789742693.237851,541,288,shimul-01-block-3-trial-11-target-7,543.0,273.0,22.5,False,Pointer Move (Standard mouse)
1789742693.245717,541,287,shimul-01-block-3-trial-11-target-7,543.0,273.0,22.5,False,Pointer Move (Standard mouse)
1789742693.2824268,542,286,shimul-01-block-3-trial-11-target-7,543.0,273.0,22.5,False,Pointer Move (Standard mouse)
1789742693.30587,542,286,shimul-01-block-3-trial-11-target-7,543.0,273.0,22.5,False,Pointer Move (Standard mouse)
1789742693.3661718,542,286,shimul-01-block-3-trial-11-target-7,543.0,273.0,22.5,target_selected,target_selected
1789742693.48474,542,286,shimul-01-block-3-trial-12-target-3,897.0,627.0,22.5,False,Pointer Move (Standard mouse)
1789742693.493352,542,287,shimul-01-block-3-trial-12-target-3,897.0,627.0,22.5,False,Pointer Move (Standard mouse)
1789742693.50037,542,288,shimul-01-block-3-trial-12-target-3,897.0,627.0,22.5,False,Pointer Move (Standard mouse)
1789742693.507356,550,308,shimul-01-block-3-trial-12-target-3,897.0,627.0,22.5,False,Pointer Move (Standard mouse)
1789742693.5143812,553,317,shimul-01-block-3-trial-12-target-3,897.0,627.0,22.5,False,Pointer Move (Standard mouse)
1789742693.522526,560,333,shimul-01-block-3-trial-12-target-3,897.0,627.0,22.5,False,Pointer Move (Standard mouse)
1789742693.529789,563,338,shimul-01-block-3-trial-12-target-3,897.0,627.0,22.5,False,Pointer Move (Standard mouse)
1789742693.5372531,575,359,shimul-01-block-3-trial-12-target-3,897.0,627.0,22.5,False,Pointer Move (Standard mouse)
1789742693.544628,582,375,shimul-01-block-3-trial-12-target-3,897.0,627.0,22.5,False,Pointer Move (Standard mouse)
1789742693.5520298,589,388,shimul-01-block-3-trial-12-target-3,897.0,627.0,22.5,False,Pointer Move (Standard mouse)
1789742693.559805,597,400,shimul-01-block-3-trial-12-target-3,897.0,627.0,22.5,False,Pointer Move (Standard mouse)
1789742693.567431,611,421,shimul-01-block-3-trial-12-target-3,897.0,627.0,22.5,False,Pointer Move (Standard mouse)
1789742693.573782,614,426,shimul-01-block-3-trial-12-target-3,897.0,627.0,22.5,False,Pointer Move (Standard mouse)
1789742693.581898,628,448,shimul-01-block-3-trial-12-target-3,897.0,627.0,22.5,False,Pointer Move (Standard mouse)
1789742693.589887,636,460,shimul-01-block-3-trial-12-target-3,897.0,627.0,22.5,False,Pointer Move (Standard mouse)
1789742693.597373,644,474,shimul-01-block-3-trial-12-target-3,897.0,627.0,22.5,False,Pointer Move (Standard mouse)
1789742693.604762,656,492,shimul-01-block-3-trial-12-target-3,897.0,627.0,22.5,False,Pointer Move (Standard mouse)
1789742693.6122189,665,508,shimul-01-block-3-trial-12-target-3,897.0,627.0,22.5,False,Pointer Move (Standard mouse)
1789742693.619361,673,522,shimul-01-block-3-trial-12-target-3,897.0,627.0,22.5,False,Pointer Move (Standard mouse)
1789742693.627552,676,526,shimul-01-block-3-trial-12-target-3,897.0,627.0,22.5,False,Pointer Move (Standard mouse)
1789742693.634252,685,539,shimul-01-block-3-trial-12-target-3,897.0,627.0,22.5,False,Pointer Move (Standard mouse)
1789742693.641794,693,553,shimul-01-block-3-trial-12-target-3,897.0,627.0,22.5,False,Pointer Move (Standard mouse)
1789742693.650229,701,562,shimul-01-block-3-trial-12-target-3,897.0,627.0,22.5,False,Pointer Move (Standard mouse)
1789742693.656969,703,566,shimul-01-block-3-trial-12-target-3,897.0,627.0,22.5,False,Pointer Move (Standard mouse)
1789742693.6646998,709,572,shimul-01-block-3-trial-12-target-3,897.0,627.0,22.5,False,Pointer Move (Standard mouse)
1789742693.672169,714,579,shimul-01-block-3-trial-12-target-3,897.0,627.0,22.5,False,Pointer Move (Standard mouse)
1789742693.680313,721,585,shimul-01-block-3-trial-12-target-3,897.0,627.0,22.5,False,Pointer Move (Standard mouse)
1789742693.696349,722,586,shimul-01-block-3-trial-12-target-3,897.0,627.0,22.5,False,Pointer Move (Standard mouse)
1789742693.701934,726,590,shimul-01-block-3-trial-12-target-3,897.0,627.0,22.5,False,Pointer Move (Standard mouse)
1789742693.710253,732,594,shimul-01-block-3-trial-12-target-3,897.0,627.0,22.5,False,Pointer Move (Standard mouse)
1789742693.716725,745,606,shimul-01-block-3-trial-12-target-3,897.0,627.0,22.5,False,Pointer Move (Standard mouse)
1789742693.725334,746,607,shimul-01-block-3-trial-12-target-3,897.0,627.0,22.5,False,Pointer Move (Standard mouse)
1789742693.731785,748,608,shimul-01-block-3-trial-12-target-3,897.0,627.0,22.5,False,Pointer Move (Standard mouse)
1789742693.739574,751,609,shimul-01-block-3-trial-12-target-3,897.0,627.0,22.5,False,Pointer Move (Standard mouse)
1789742693.746847,755,612,shimul-01-block-3-trial-12-target-3,897.0,627.0,22.5,False,Pointer Move (Standard mouse)
1789742693.755915,759,613,shimul-01-block-3-trial-12-target-3,897.0,627.0,22.5,False,Pointer Move (Standard mouse)
1789742693.7618299,762,614,shimul-01-block-3-trial-12-target-3,897.0,627.0,22.5,False,Pointer Move (Standard mouse)
1789742693.7697349,762,615,shimul-01-block-3-trial-12-target-3,897.0,627.0,22.5,False,Pointer Move (Standard mouse)
1789742693.776434,767,616,shimul-01-block-3-trial-12-target-3,897.0,627.0,22.5,False,Pointer Move (Standard mouse)
1789742693.784236,768,616,shimul-01-block-3-trial-12-target-3,897.0,627.0,22.5,False,Pointer Move (Standard mouse)
1789742693.791771,771,617,shimul-01-block-3-trial-12-target-3,897.0,627.0,22.5,False,Pointer Move (Standard mouse)
1789742693.7990358,772,617,shimul-01-block-3-trial-12-target-3,897.0,627.0,22.5,False,Pointer Move (Standard mouse)
1789742693.8068118,773,618,shimul-01-block-3-trial-12-target-3,897.0,627.0,22.5,False,Pointer Move (Standard mouse)
1789742693.8139079,775,618,shimul-01-block-3-trial-12-target-3,897.0,627.0,22.5,False,Pointer Move (Standard mouse)
1789742693.8227499,776,619,shimul-01-block-3-trial-12-target-3,897.0,627.0,22.5,False,Pointer Move (Standard mouse)
1789742693.8291268,778,619,shimul-01-block-3-trial-12-target-3,897.0,627.0,22.5,False,Pointer Move (Standard mouse)
1789742693.837375,781,621,shimul-01-block-3-trial-12-target-3,897.0,627.0,22.5,False,Pointer Move (Standard mouse)
1789742693.844485,786,622,shimul-01-block-3-trial-12-target-3,897.0,627.0,22.5,False,Pointer Move (Standard mouse)
1789742693.85272,792,623,shimul-01-block-3-trial-12-target-3,897.0,627.0,22.5,False,Pointer Move (Standard mouse)
1789742693.859947,797,625,shimul-01-block-3-trial-12-target-3,897.0,627.0,22.5,False,Pointer Move (Standard mouse)
1789742693.867061,802,626,shimul-01-block-3-trial-12-target-3,897.0,627.0,22.5,False,Pointer Move (Standard mouse)
1789742693.8739798,810,627,shimul-01-block-3-trial-12-target-3,897.0,627.0,22.5,False,Pointer Move (Standard mouse)
1789742693.8822458,819,628,shimul-01-block-3-trial-12-target-3,897.0,627.0,22.5,False,Pointer Move (Standard mouse)
1789742693.889845,822,628,shimul-01-block-3-trial-12-target-3,897.0,627.0,22.5,False,Pointer Move (Standard mouse)
1789742693.8962471,831,628,shimul-01-block-3-trial-12-target-3,897.0,627.0,22.5,False,Pointer Move (Standard mouse)
1789742693.904133,834,628,shimul-01-block-3-trial-12-target-3,897.0,627.0,22.5,False,Pointer Move (Standard mouse)
1789742693.911368,839,628,shimul-01-block-3-trial-12-target-3,897.0,627.0,22.5,False,Pointer Move (Standard mouse)
1789742693.9191601,844,628,shimul-01-block-3-trial-12-target-3,897.0,627.0,22.5,False,Pointer Move (Standard mouse)
1789742693.927126,847,628,shimul-01-block-3-trial-12-target-3,897.0,627.0,22.5,False,Pointer Move (Standard mouse)
1789742693.934292,849,629,shimul-01-block-3-trial-12-target-3,897.0,627.0,22.5,False,Pointer Move (Standard mouse)
1789742693.941726,851,629,shimul-01-block-3-trial-12-target-3,897.0,627.0,22.5,False,Pointer Move (Standard mouse)
1789742693.950012,856,629,shimul-01-block-3-trial-12-target-3,897.0,627.0,22.5,False,Pointer Move (Standard mouse)
1789742693.956745,857,629,shimul-01-block-3-trial-12-target-3,897.0,627.0,22.5,False,Pointer Move (Standard mouse)
1789742693.964232,862,630,shimul-01-block-3-trial-12-target-3,897.0,627.0,22.5,False,Pointer Move (Standard mouse)
1789742693.9717638,866,630,shimul-01-block-3-trial-12-target-3,897.0,627.0,22.5,False,Pointer Move (Standard mouse)
1789742693.9793952,867,631,shimul-01-block-3-trial-12-target-3,897.0,627.0,22.5,False,Pointer Move (Standard mouse)
1789742694.009633,872,632,shimul-01-block-3-trial-12-target-3,897.0,627.0,22.5,False,Pointer Move (Standard mouse)
1789742694.017951,876,632,shimul-01-block-3-trial-12-target-3,897.0,627.0,22.5,False,Pointer Move (Standard mouse)
1789742694.025968,889,632,shimul-01-block-3-trial-12-target-3,897.0,627.0,22.5,False,Pointer Move (Standard mouse)
1789742694.032595,890,632,shimul-01-block-3-trial-12-target-3,897.0,627.0,22.5,False,Pointer Move (Standard mouse)
1789742694.039892,890,632,shimul-01-block-3-trial-12-target-3,897.0,627.0,22.5,False,Pointer Move (Standard mouse)
1789742694.055799,890,632,shimul-01-block-3-trial-12-target-3,897.0,627.0,22.5,False,Pointer Move (Standard mouse)
1789742694.079683,890,632,shimul-01-block-3-trial-12-target-3,897.0,627.0,22.5,False,Pointer Move (Standard mouse)
1789742694.084605,891,632,shimul-01-block-3-trial-12-target-3,897.0,627.0,22.5,False,Pointer Move (Standard mouse)
1789742694.092343,891,632,shimul-01-block-3-trial-12-target-3,897.0,627.0,22.5,False,Pointer Move (Standard mouse)
1789742694.0997481,891,632,shimul-01-block-3-trial-12-target-3,897.0,627.0,22.5,False,Pointer Move (Standard mouse)
1789742694.1072588,891,632,shimul-01-block-3-trial-12-target-3,897.0,627.0,22.5,False,Pointer Move (Standard mouse)
1789742694.122925,891,631,shimul-01-block-3-trial-12-target-3,897.0,627.0,22.5,False,Pointer Move (Standard mouse)
1789742694.1294599,892,631,shimul-01-block-3-trial-12-target-3,897.0,627.0,22.5,False,Pointer Move (Standard mouse)
1789742694.139209,892,631,shimul-01-block-3-trial-12-target-3,897.0,627.0,22.5,False,Pointer Move (Standard mouse)
1789742694.144602,892,631,shimul-01-block-3-trial-12-target-3,897.0,627.0,22.5,False,Pointer Move (Standard mouse)
1789742694.159997,892,630,shimul-01-block-3-trial-12-target-3,897.0,627.0,22.5,False,Pointer Move (Standard mouse)
1789742694.1743748,892,630,shimul-01-block-3-trial-12-target-3,897.0,627.0,22.5,False,Pointer Move (Standard mouse)
1789742694.2042701,892,630,shimul-01-block-3-trial-12-target-3,897.0,627.0,22.5,False,Pointer Move (Standard mouse)
1789742694.227711,892,630,shimul-01-block-3-trial-12-target-3,897.0,627.0,22.5,False,Pointer Move (Standard mouse)
1789742694.2658508,892,630,shimul-01-block-3-trial-12-target-3,897.0,627.0,22.5,target_selected,target_selected
1789742694.273791,893,630,shimul-01-block-3-trial-13-target-7,543.0,273.0,22.5,False,Pointer Move (Standard mouse)
1789742694.279435,893,630,shimul-01-block-3-trial-13-target-7,543.0,273.0,22.5,False,Pointer Move (Standard mouse)
1789742694.302359,893,630,shimul-01-block-3-trial-13-target-7,543.0,273.0,22.5,False,Pointer Move (Standard mouse)
1789742694.363699,893,630,shimul-01-block-3-trial-13-target-7,543.0,273.0,22.5,False,Pointer Move (Standard mouse)
1789742694.3705869,893,629,shimul-01-block-3-trial-13-target-7,543.0,273.0,22.5,False,Pointer Move (Standard mouse)
1789742694.3773062,890,625,shimul-01-block-3-trial-13-target-7,543.0,273.0,22.5,False,Pointer Move (Standard mouse)
1789742694.3846521,888,622,shimul-01-block-3-trial-13-target-7,543.0,273.0,22.5,False,Pointer Move (Standard mouse)
1789742694.392601,887,617,shimul-01-block-3-trial-13-target-7,543.0,273.0,22.5,False,Pointer Move (Standard mouse)
1789742694.399934,885,610,shimul-01-block-3-trial-13-target-7,543.0,273.0,22.5,False,Pointer Move (Standard mouse)
1789742694.406697,883,605,shimul-01-block-3-trial-13-target-7,543.0,273.0,22.5,False,Pointer Move (Standard mouse)
1789742694.414114,881,600,shimul-01-block-3-trial-13-target-7,543.0,273.0,22.5,False,Pointer Move (Standard mouse)
1789742694.421875,880,594,shimul-01-block-3-trial-13-target-7,543.0,273.0,22.5,False,Pointer Move (Standard mouse)
1789742694.430327,877,589,shimul-01-block-3-trial-13-target-7,543.0,273.0,22.5,False,Pointer Move (Standard mouse)
1789742694.436814,874,584,shimul-01-block-3-trial-13-target-7,543.0,273.0,22.5,False,Pointer Move (Standard mouse)
1789742694.444395,873,583,shimul-01-block-3-trial-13-target-7,543.0,273.0,22.5,False,Pointer Move (Standard mouse)
1789742694.451854,870,578,shimul-01-block-3-trial-13-target-7,543.0,273.0,22.5,False,Pointer Move (Standard mouse)
1789742694.460171,865,572,shimul-01-block-3-trial-13-target-7,543.0,273.0,22.5,False,Pointer Move (Standard mouse)
1789742694.4678311,864,571,shimul-01-block-3-trial-13-target-7,543.0,273.0,22.5,False,Pointer Move (Standard mouse)
1789742694.47458,860,566,shimul-01-block-3-trial-13-target-7,543.0,273.0,22.5,False,Pointer Move (Standard mouse)
1789742694.4817228,855,560,shimul-01-block-3-trial-13-target-7,543.0,273.0,22.5,False,Pointer Move (Standard mouse)
1789742694.4898372,854,558,shimul-01-block-3-trial-13-target-7,543.0,273.0,22.5,False,Pointer Move (Standard mouse)
1789742694.4962502,845,550,shimul-01-block-3-trial-13-target-7,543.0,273.0,22.5,False,Pointer Move (Standard mouse)
1789742694.50494,838,544,shimul-01-block-3-trial-13-target-7,543.0,273.0,22.5,False,Pointer Move (Standard mouse)
1789742694.512757,835,542,shimul-01-block-3-trial-13-target-7,543.0,273.0,22.5,False,Pointer Move (Standard mouse)
1789742694.5363991,824,530,shimul-01-block-3-trial-13-target-7,543.0,273.0,22.5,False,Pointer Move (Standard mouse)
1789742694.5421581,806,515,shimul-01-block-3-trial-13-target-7,543.0,273.0,22.5,False,Pointer Move (Standard mouse)
1789742694.549288,742,470,shimul-01-block-3-trial-13-target-7,543.0,273.0,22.5,False,Pointer Move (Standard mouse)
1789742694.556712,717,453,shimul-01-block-3-trial-13-target-7,543.0,273.0,22.5,False,Pointer Move (Standard mouse)
1789742694.5645819,708,446,shimul-01-block-3-trial-13-target-7,543.0,273.0,22.5,False,Pointer Move (Standard mouse)
1789742694.572178,685,431,shimul-01-block-3-trial-13-target-7,543.0,273.0,22.5,False,Pointer Move (Standard mouse)
1789742694.5794702,678,426,shimul-01-block-3-trial-13-target-7,543.0,273.0,22.5,False,Pointer Move (Standard mouse)
1789742694.588136,656,412,shimul-01-block-3-trial-13-target-7,543.0,273.0,22.5,False,Pointer Move (Standard mouse)
1789742694.5952141,642,404,shimul-01-block-3-trial-13-target-7,543.0,273.0,22.5,False,Pointer Move (Standard mouse)
1789742694.602645,630,394,shimul-01-block-3-trial-13-target-7,543.0,273.0,22.5,False,Pointer Move (Standard mouse)
1789742694.609695,622,389,shimul-01-block-3-trial-13-target-7,543.0,273.0,22.5,False,Pointer Move (Standard mouse)
1789742694.6168902,611,381,shimul-01-block-3-trial-13-target-7,543.0,273.0,22.5,False,Pointer Move (Standard mouse)
1789742694.625226,604,376,shimul-01-block-3-trial-13-target-7,543.0,273.0,22.5,False,Pointer Move (Standard mouse)
1789742694.631657,598,370,shimul-01-block-3-trial-13-target-7,543.0,273.0,22.5,False,Pointer Move (Standard mouse)
1789742694.639178,590,365,shimul-01-block-3-trial-13-target-7,543.0,273.0,22.5,False,Pointer Move (Standard mouse)
1789742694.6486678,586,362,shimul-01-block-3-trial-13-target-7,543.0,273.0,22.5,False,Pointer Move (Standard mouse)
1789742694.6551738,583,357,shimul-01-block-3-trial-13-target-7,543.0,273.0,22.5,False,Pointer Move (Standard mouse)
1789742694.661481,581,354,shimul-01-block-3-trial-13-target-7,543.0,273.0,22.5,False,Pointer Move (Standard mouse)
1789742694.6694431,580,354,shimul-01-block-3-trial-13-target-7,543.0,273.0,22.5,False,Pointer Move (Standard mouse)
1789742694.676669,579,351,shimul-01-block-3-trial-13-target-7,543.0,273.0,22.5,False,Pointer Move (Standard mouse)
1789742694.6843772,579,350,shimul-01-block-3-trial-13-target-7,543.0,273.0,22.5,False,Pointer Move (Standard mouse)
1789742694.691592,577,346,shimul-01-block-3-trial-13-target-7,543.0,273.0,22.5,False,Pointer Move (Standard mouse)
1789742694.698976,575,343,shimul-01-block-3-trial-13-target-7,543.0,273.0,22.5,False,Pointer Move (Standard mouse)
1789742694.707329,574,342,shimul-01-block-3-trial-13-target-7,543.0,273.0,22.5,False,Pointer Move (Standard mouse)
1789742694.715339,572,339,shimul-01-block-3-trial-13-target-7,543.0,273.0,22.5,False,Pointer Move (Standard mouse)
1789742694.722216,571,338,shimul-01-block-3-trial-13-target-7,543.0,273.0,22.5,False,Pointer Move (Standard mouse)
1789742694.7296672,567,334,shimul-01-block-3-trial-13-target-7,543.0,273.0,22.5,False,Pointer Move (Standard mouse)
1789742694.7369118,566,333,shimul-01-block-3-trial-13-target-7,543.0,273.0,22.5,False,Pointer Move (Standard mouse)
1789742694.7446349,565,332,shimul-01-block-3-trial-13-target-7,543.0,273.0,22.5,False,Pointer Move (Standard mouse)
1789742694.751795,562,328,shimul-01-block-3-trial-13-target-7,543.0,273.0,22.5,False,Pointer Move (Standard mouse)
1789742694.760472,561,327,shimul-01-block-3-trial-13-target-7,543.0,273.0,22.5,False,Pointer Move (Standard mouse)
1789742694.7668312,560,325,shimul-01-block-3-trial-13-target-7,543.0,273.0,22.5,False,Pointer Move (Standard mouse)
1789742694.774667,560,324,shimul-01-block-3-trial-13-target-7,543.0,273.0,22.5,False,Pointer Move (Standard mouse)
1789742694.782382,559,323,shimul-01-block-3-trial-13-target-7,543.0,273.0,22.5,False,Pointer Move (Standard mouse)
1789742694.789954,559,319,shimul-01-block-3-trial-13-target-7,543.0,273.0,22.5,False,Pointer Move (Standard mouse)
1789742694.796771,559,318,shimul-01-block-3-trial-13-target-7,543.0,273.0,22.5,False,Pointer Move (Standard mouse)
1789742694.80481,559,317,shimul-01-block-3-trial-13-target-7,543.0,273.0,22.5,False,Pointer Move (Standard mouse)
1789742694.812843,559,317,shimul-01-block-3-trial-13-target-7,543.0,273.0,22.5,False,Pointer Move (Standard mouse)
1789742694.819308,559,316,shimul-01-block-3-trial-13-target-7,543.0,273.0,22.5,False,Pointer Move (Standard mouse)
1789742694.826891,558,316,shimul-01-block-3-trial-13-target-7,543.0,273.0,22.5,False,Pointer Move (Standard mouse)
1789742694.834306,558,315,shimul-01-block-3-trial-13-target-7,543.0,273.0,22.5,False,Pointer Move (Standard mouse)
1789742694.8430998,557,314,shimul-01-block-3-trial-13-target-7,543.0,273.0,22.5,False,Pointer Move (Standard mouse)
1789742694.8488698,557,314,shimul-01-block-3-trial-13-target-7,543.0,273.0,22.5,False,Pointer Move (Standard mouse)
1789742694.856662,557,312,shimul-01-block-3-trial-13-target-7,543.0,273.0,22.5,False,Pointer Move (Standard mouse)
1789742694.8643599,556,310,shimul-01-block-3-trial-13-target-7,543.0,273.0,22.5,False,Pointer Move (Standard mouse)
1789742694.872164,556,309,shimul-01-block-3-trial-13-target-7,543.0,273.0,22.5,False,Pointer Move (Standard mouse)
1789742694.879392,556,308,shimul-01-block-3-trial-13-target-7,543.0,273.0,22.5,False,Pointer Move (Standard mouse)
1789742694.887615,555,305,shimul-01-block-3-trial-13-target-7,543.0,273.0,22.5,False,Pointer Move (Standard mouse)
1789742694.894537,555,303,shimul-01-block-3-trial-13-target-7,543.0,273.0,22.5,False,Pointer Move (Standard mouse)
1789742694.902019,554,303,shimul-01-block-3-trial-13-target-7,543.0,273.0,22.5,False,Pointer Move (Standard mouse)
1789742694.9105878,554,302,shimul-01-block-3-trial-13-target-7,543.0,273.0,22.5,False,Pointer Move (Standard mouse)
1789742694.917276,553,301,shimul-01-block-3-trial-13-target-7,543.0,273.0,22.5,False,Pointer Move (Standard mouse)
1789742694.924972,553,299,shimul-01-block-3-trial-13-target-7,543.0,273.0,22.5,False,Pointer Move (Standard mouse)
1789742694.932159,553,299,shimul-01-block-3-trial-13-target-7,543.0,273.0,22.5,False,Pointer Move (Standard mouse)
1789742694.939701,552,297,shimul-01-block-3-trial-13-target-7,543.0,273.0,22.5,False,Pointer Move (Standard mouse)
1789742694.947623,552,295,shimul-01-block-3-trial-13-target-7,543.0,273.0,22.5,False,Pointer Move (Standard mouse)
1789742694.9545212,551,294,shimul-01-block-3-trial-13-target-7,543.0,273.0,22.5,False,Pointer Move (Standard mouse)
1789742694.962066,551,293,shimul-01-block-3-trial-13-target-7,543.0,273.0,22.5,False,Pointer Move (Standard mouse)
1789742694.970644,550,292,shimul-01-block-3-trial-13-target-7,543.0,273.0,22.5,False,Pointer Move (Standard mouse)
1789742694.9773152,550,292,shimul-01-block-3-trial-13-target-7,543.0,273.0,22.5,False,Pointer Move (Standard mouse)
1789742694.983948,549,291,shimul-01-block-3-trial-13-target-7,543.0,273.0,22.5,False,Pointer Move (Standard mouse)
1789742694.991843,549,291,shimul-01-block-3-trial-13-target-7,543.0,273.0,22.5,False,Pointer Move (Standard mouse)
1789742694.999907,549,290,shimul-01-block-3-trial-13-target-7,543.0,273.0,22.5,False,Pointer Move (Standard mouse)
1789742695.007231,548,290,shimul-01-block-3-trial-13-target-7,543.0,273.0,22.5,False,Pointer Move (Standard mouse)
1789742695.014751,548,290,shimul-01-block-3-trial-13-target-7,543.0,273.0,22.5,False,Pointer Move (Standard mouse)
1789742695.022479,548,289,shimul-01-block-3-trial-13-target-7,543.0,273.0,22.5,False,Pointer Move (Standard mouse)
1789742695.030269,548,289,shimul-01-block-3-trial-13-target-7,543.0,273.0,22.5,False,Pointer Move (Standard mouse)
1789742695.05325,547,288,shimul-01-block-3-trial-13-target-7,543.0,273.0,22.5,False,Pointer Move (Standard mouse)
1789742695.0594618,547,287,shimul-01-block-3-trial-13-target-7,543.0,273.0,22.5,False,Pointer Move (Standard mouse)
1789742695.067013,547,286,shimul-01-block-3-trial-13-target-7,543.0,273.0,22.5,False,Pointer Move (Standard mouse)
1789742695.074452,547,286,shimul-01-block-3-trial-13-target-7,543.0,273.0,22.5,False,Pointer Move (Standard mouse)
1789742695.081998,547,285,shimul-01-block-3-trial-13-target-7,543.0,273.0,22.5,False,Pointer Move (Standard mouse)
1789742695.089473,547,285,shimul-01-block-3-trial-13-target-7,543.0,273.0,22.5,False,Pointer Move (Standard mouse)
1789742695.166502,547,285,shimul-01-block-3-trial-13-target-7,543.0,273.0,22.5,target_selected,target_selected
1789742695.301033,547,285,shimul-01-block-3-trial-14-target-3,897.0,627.0,22.5,False,Pointer Move (Standard mouse)
1789742695.3388312,547,286,shimul-01-block-3-trial-14-target-3,897.0,627.0,22.5,False,Pointer Move (Standard mouse)
1789742695.345935,547,287,shimul-01-block-3-trial-14-target-3,897.0,627.0,22.5,False,Pointer Move (Standard mouse)
1789742695.353288,547,289,shimul-01-block-3-trial-14-target-3,897.0,627.0,22.5,False,Pointer Move (Standard mouse)
1789742695.361561,548,294,shimul-01-block-3-trial-14-target-3,897.0,627.0,22.5,False,Pointer Move (Standard mouse)
1789742695.366733,549,297,shimul-01-block-3-trial-14-target-3,897.0,627.0,22.5,False,Pointer Move (Standard mouse)
1789742695.375129,549,300,shimul-01-block-3-trial-14-target-3,897.0,627.0,22.5,False,Pointer Move (Standard mouse)
1789742695.381999,550,305,shimul-01-block-3-trial-14-target-3,897.0,627.0,22.5,False,Pointer Move (Standard mouse)
1789742695.3898711,552,310,shimul-01-block-3-trial-14-target-3,897.0,627.0,22.5,False,Pointer Move (Standard mouse)
1789742695.396991,553,311,shimul-01-block-3-trial-14-target-3,897.0,627.0,22.5,False,Pointer Move (Standard mouse)
1789742695.404237,557,320,shimul-01-block-3-trial-14-target-3,897.0,627.0,22.5,False,Pointer Move (Standard mouse)
1789742695.41187,562,330,shimul-01-block-3-trial-14-target-3,897.0,627.0,22.5,False,Pointer Move (Standard mouse)
1789742695.420426,567,339,shimul-01-block-3-trial-14-target-3,897.0,627.0,22.5,False,Pointer Move (Standard mouse)
1789742695.42737,569,344,shimul-01-block-3-trial-14-target-3,897.0,627.0,22.5,False,Pointer Move (Standard mouse)
1789742695.4344451,578,358,shimul-01-block-3-trial-14-target-3,897.0,627.0,22.5,False,Pointer Move (Standard mouse)
1789742695.441674,585,371,shimul-01-block-3-trial-14-target-3,897.0,627.0,22.5,False,Pointer Move (Standard mouse)
1789742695.449513,588,375,shimul-01-block-3-trial-14-target-3,897.0,627.0,22.5,False,Pointer Move (Standard mouse)
1789742695.457101,601,394,shimul-01-block-3-trial-14-target-3,897.0,627.0,22.5,False,Pointer Move (Standard mouse)
1789742695.465075,604,399,shimul-01-block-3-trial-14-target-3,897.0,627.0,22.5,False,Pointer Move (Standard mouse)
1789742695.472147,613,410,shimul-01-block-3-trial-14-target-3,897.0,627.0,22.5,False,Pointer Move (Standard mouse)
1789742695.479784,620,417,shimul-01-block-3-trial-14-target-3,897.0,627.0,22.5,False,Pointer Move (Standard mouse)
1789742695.487623,628,422,shimul-01-block-3-trial-14-target-3,897.0,627.0,22.5,False,Pointer Move (Standard mouse)
1789742695.495286,629,423,shimul-01-block-3-trial-14-target-3,897.0,627.0,22.5,False,Pointer Move (Standard mouse)
1789742695.502251,634,425,shimul-01-block-3-trial-14-target-3,897.0,627.0,22.5,False,Pointer Move (Standard mouse)
1789742695.509027,643,428,shimul-01-block-3-trial-14-target-3,897.0,627.0,22.5,False,Pointer Move (Standard mouse)
1789742695.516272,644,428,shimul-01-block-3-trial-14-target-3,897.0,627.0,22.5,False,Pointer Move (Standard mouse)
1789742695.524568,649,431,shimul-01-block-3-trial-14-target-3,897.0,627.0,22.5,False,Pointer Move (Standard mouse)
1789742695.532554,655,434,shimul-01-block-3-trial-14-target-3,897.0,627.0,22.5,False,Pointer Move (Standard mouse)
1789742695.540079,656,435,shimul-01-block-3-trial-14-target-3,897.0,627.0,22.5,False,Pointer Move (Standard mouse)
1789742695.54776,661,438,shimul-01-block-3-trial-14-target-3,897.0,627.0,22.5,False,Pointer Move (Standard mouse)
1789742695.5546482,665,439,shimul-01-block-3-trial-14-target-3,897.0,627.0,22.5,False,Pointer Move (Standard mouse)
1789742695.562079,667,442,shimul-01-block-3-trial-14-target-3,897.0,627.0,22.5,False,Pointer Move (Standard mouse)
1789742695.5777879,671,446,shimul-01-block-3-trial-14-target-3,897.0,627.0,22.5,False,Pointer Move (Standard mouse)
1789742695.584167,675,449,shimul-01-block-3-trial-14-target-3,897.0,627.0,22.5,False,Pointer Move (Standard mouse)
1789742695.59213,681,453,shimul-01-block-3-trial-14-target-3,897.0,627.0,22.5,False,Pointer Move (Standard mouse)
1789742695.599859,685,457,shimul-01-block-3-trial-14-target-3,897.0,627.0,22.5,False,Pointer Move (Standard mouse)
1789742695.606934,691,463,shimul-01-block-3-trial-14-target-3,897.0,627.0,22.5,False,Pointer Move (Standard mouse)
1789742695.61461,701,467,shimul-01-block-3-trial-14-target-3,897.0,627.0,22.5,False,Pointer Move (Standard mouse)
1789742695.6223402,710,470,shimul-01-block-3-trial-14-target-3,897.0,627.0,22.5,False,Pointer Move (Standard mouse)
1789742695.630131,711,471,shimul-01-block-3-trial-14-target-3,897.0,627.0,22.5,False,Pointer Move (Standard mouse)
1789742695.637982,722,474,shimul-01-block-3-trial-14-target-3,897.0,627.0,22.5,False,Pointer Move (Standard mouse)
1789742695.645646,730,477,shimul-01-block-3-trial-14-target-3,897.0,627.0,22.5,False,Pointer Move (Standard mouse)
1789742695.6521258,739,483,shimul-01-block-3-trial-14-target-3,897.0,627.0,22.5,False,Pointer Move (Standard mouse)
1789742695.659733,741,484,shimul-01-block-3-trial-14-target-3,897.0,627.0,22.5,False,Pointer Move (Standard mouse)
1789742695.668045,747,488,shimul-01-block-3-trial-14-target-3,897.0,627.0,22.5,False,Pointer Move (Standard mouse)
1789742695.673706,751,492,shimul-01-block-3-trial-14-target-3,897.0,627.0,22.5,False,Pointer Move (Standard mouse)
1789742695.682104,756,497,shimul-01-block-3-trial-14-target-3,897.0,627.0,22.5,False,Pointer Move (Standard mouse)
1789742695.689467,763,503,shimul-01-block-3-trial-14-target-3,897.0,627.0,22.5,False,Pointer Move (Standard mouse)
1789742695.6980312,768,508,shimul-01-block-3-trial-14-target-3,897.0,627.0,22.5,False,Pointer Move (Standard mouse)
1789742695.70529,774,514,shimul-01-block-3-trial-14-target-3,897.0,627.0,22.5,False,Pointer Move (Standard mouse)
1789742695.711367,780,518,shimul-01-block-3-trial-14-target-3,897.0,627.0,22.5,False,Pointer Move (Standard mouse)
1789742695.7199109,784,522,shimul-01-block-3-trial-14-target-3,897.0,627.0,22.5,False,Pointer Move (Standard mouse)
1789742695.7274501,785,523,shimul-01-block-3-trial-14-target-3,897.0,627.0,22.5,False,Pointer Move (Standard mouse)
1789742695.735321,789,527,shimul-01-block-3-trial-14-target-3,897.0,627.0,22.5,False,Pointer Move (Standard mouse)
1789742695.741631,791,529,shimul-01-block-3-trial-14-target-3,897.0,627.0,22.5,False,Pointer Move (Standard mouse)
1789742695.7507782,795,533,shimul-01-block-3-trial-14-target-3,897.0,627.0,22.5,False,Pointer Move (Standard mouse)
1789742695.7578182,798,536,shimul-01-block-3-trial-14-target-3,897.0,627.0,22.5,False,Pointer Move (Standard mouse)
1789742695.7652302,799,537,shimul-01-block-3-trial-14-target-3,897.0,627.0,22.5,False,Pointer Move (Standard mouse)
1789742695.771882,801,540,shimul-01-block-3-trial-14-target-3,897.0,627.0,22.5,False,Pointer Move (Standard mouse)
1789742695.779406,803,541,shimul-01-block-3-trial-14-target-3,897.0,627.0,22.5,False,Pointer Move (Standard mouse)
1789742695.7878249,804,542,shimul-01-block-3-trial-14-target-3,897.0,627.0,22.5,False,Pointer Move (Standard mouse)
1789742695.795362,805,543,shimul-01-block-3-trial-14-target-3,897.0,627.0,22.5,False,Pointer Move (Standard mouse)
1789742695.801706,805,544,shimul-01-block-3-trial-14-target-3,897.0,627.0,22.5,False,Pointer Move (Standard mouse)
1789742695.809592,807,545,shimul-01-block-3-trial-14-target-3,897.0,627.0,22.5,False,Pointer Move (Standard mouse)
1789742695.8168802,809,546,shimul-01-block-3-trial-14-target-3,897.0,627.0,22.5,False,Pointer Move (Standard mouse)
1789742695.824501,812,548,shimul-01-block-3-trial-14-target-3,897.0,627.0,22.5,False,Pointer Move (Standard mouse)
1789742695.831743,813,548,shimul-01-block-3-trial-14-target-3,897.0,627.0,22.5,False,Pointer Move (Standard mouse)
1789742695.839595,814,549,shimul-01-block-3-trial-14-target-3,897.0,627.0,22.5,False,Pointer Move (Standard mouse)
1789742695.846588,818,551,shimul-01-block-3-trial-14-target-3,897.0,627.0,22.5,False,Pointer Move (Standard mouse)
1789742695.854571,823,556,shimul-01-block-3-trial-14-target-3,897.0,627.0,22.5,False,Pointer Move (Standard mouse)
1789742695.862462,824,556,shimul-01-block-3-trial-14-target-3,897.0,627.0,22.5,False,Pointer Move (Standard mouse)
1789742695.8693419,827,558,shimul-01-block-3-trial-14-target-3,897.0,627.0,22.5,False,Pointer Move (Standard mouse)
1789742695.877562,829,559,shimul-01-block-3-trial-14-target-3,897.0,627.0,22.5,False,Pointer Move (Standard mouse)
1789742695.8846269,830,560,shimul-01-block-3-trial-14-target-3,897.0,627.0,22.5,False,Pointer Move (Standard mouse)
1789742695.892056,833,562,shimul-01-block-3-trial-14-target-3,897.0,627.0,22.5,False,Pointer Move (Standard mouse)
1789742695.89939,837,567,shimul-01-block-3-trial-14-target-3,897.0,627.0,22.5,False,Pointer Move (Standard mouse)
1789742695.906914,837,567,shimul-01-block-3-trial-14-target-3,897.0,627.0,22.5,False,Pointer Move (Standard mouse)
1789742695.913882,841,569,shimul-01-block-3-trial-14-target-3,897.0,627.0,22.5,False,Pointer Move (Standard mouse)
1789742695.92288,844,573,shimul-01-block-3-trial-14-target-3,897.0,627.0,22.5,False,Pointer Move (Standard mouse)
1789742695.9294562,848,576,shimul-01-block-3-trial-14-target-3,897.0,627.0,22.5,False,Pointer Move (Standard mouse)
1789742695.937224,850,578,shimul-01-block-3-trial-14-target-3,897.0,627.0,22.5,False,Pointer Move (Standard mouse)
1789742695.94536,853,581,shimul-01-block-3-trial-14-target-3,897.0,627.0,22.5,False,Pointer Move (Standard mouse)
1789742695.95206,857,584,shimul-01-block-3-trial-14-target-3,897.0,627.0,22.5,False,Pointer Move (Standard mouse)
1789742695.959796,859,586,shimul-01-block-3-trial-14-target-3,897.0,627.0,22.5,False,Pointer Move (Standard mouse)
1789742695.966897,861,587,shimul-01-block-3-trial-14-target-3,897.0,627.0,22.5,False,Pointer Move (Standard mouse)
1789742695.9744089,863,589,shimul-01-block-3-trial-14-target-3,897.0,627.0,22.5,False,Pointer Move (Standard mouse)
1789742695.982443,866,592,shimul-01-block-3-trial-14-target-3,897.0,627.0,22.5,False,Pointer Move (Standard mouse)
1789742695.9903822,866,592,shimul-01-block-3-trial-14-target-3,897.0,627.0,22.5,False,Pointer Move (Standard mouse)
1789742695.9967842,868,594,shimul-01-block-3-trial-14-target-3,897.0,627.0,22.5,False,Pointer Move (Standard mouse)
1789742696.003833,868,594,shimul-01-block-3-trial-14-target-3,897.0,627.0,22.5,False,Pointer Move (Standard mouse)
1789742696.01221,871,598,shimul-01-block-3-trial-14-target-3,897.0,627.0,22.5,False,Pointer Move (Standard mouse)
1789742696.0187478,872,599,shimul-01-block-3-trial-14-target-3,897.0,627.0,22.5,False,Pointer Move (Standard mouse)
1789742696.026571,873,600,shimul-01-block-3-trial-14-target-3,897.0,627.0,22.5,False,Pointer Move (Standard mouse)
1789742696.034401,874,602,shimul-01-block-3-trial-14-target-3,897.0,627.0,22.5,False,Pointer Move (Standard mouse)
1789742696.041729,874,603,shimul-01-block-3-trial-14-target-3,897.0,627.0,22.5,False,Pointer Move (Standard mouse)
1789742696.050144,876,606,shimul-01-block-3-trial-14-target-3,897.0,627.0,22.5,False,Pointer Move (Standard mouse)
1789742696.056971,877,606,shimul-01-block-3-trial-14-target-3,897.0,627.0,22.5,False,Pointer Move (Standard mouse)
1789742696.0649621,880,610,shimul-01-block-3-trial-14-target-3,897.0,627.0,22.5,False,Pointer Move (Standard mouse)
1789742696.071912,884,614,shimul-01-block-3-trial-14-target-3,897.0,627.0,22.5,False,Pointer Move (Standard mouse)
1789742696.079294,888,618,shimul-01-block-3-trial-14-target-3,897.0,627.0,22.5,False,Pointer Move (Standard mouse)
1789742696.10321,891,622,shimul-01-block-3-trial-14-target-3,897.0,627.0,22.5,False,Pointer Move (Standard mouse)
1789742696.109349,895,625,shimul-01-block-3-trial-14-target-3,897.0,627.0,22.5,False,Pointer Move (Standard mouse)
1789742696.117465,901,632,shimul-01-block-3-trial-14-target-3,897.0,627.0,22.5,False,Pointer Move (Standard mouse)
1789742696.1244512,902,632,shimul-01-block-3-trial-14-target-3,897.0,627.0,22.5,False,Pointer Move (Standard mouse)
1789742696.1316512,902,632,shimul-01-block-3-trial-14-target-3,897.0,627.0,22.5,False,Pointer Move (Standard mouse)
1789742696.139804,902,633,shimul-01-block-3-trial-14-target-3,897.0,627.0,22.5,False,Pointer Move (Standard mouse)
1789742696.1468291,903,633,shimul-01-block-3-trial-14-target-3,897.0,627.0,22.5,False,Pointer Move (Standard mouse)
1789742696.154114,903,633,shimul-01-block-3-trial-14-target-3,897.0,627.0,22.5,False,Pointer Move (Standard mouse)
1789742696.169313,903,633,shimul-01-block-3-trial-14-target-3,897.0,627.0,22.5,False,Pointer Move (Standard mouse)
1789742696.20633,903,633,shimul-01-block-3-trial-14-target-3,897.0,627.0,22.5,False,Pointer Move (Standard mouse)
1789742696.214017,903,633,shimul-01-block-3-trial-14-target-3,897.0,627.0,22.5,False,Pointer Move (Standard mouse)
1789742696.222197,904,634,shimul-01-block-3-trial-14-target-3,897.0,627.0,22.5,False,Pointer Move (Standard mouse)
1789742696.2374258,904,634,shimul-01-block-3-trial-14-target-3,897.0,627.0,22.5,False,Pointer Move (Standard mouse)
1789742696.244839,904,634,shimul-01-block-3-trial-14-target-3,897.0,627.0,22.5,False,Pointer Move (Standard mouse)
1789742696.259222,904,635,shimul-01-block-3-trial-14-target-3,897.0,627.0,22.5,False,Pointer Move (Standard mouse)
1789742696.265868,904,635,shimul-01-block-3-trial-14-target-3,897.0,627.0,22.5,False,Pointer Move (Standard mouse)
1789742696.2889879,905,635,shimul-01-block-3-trial-14-target-3,897.0,627.0,22.5,False,Pointer Move (Standard mouse)
1789742696.3426318,905,635,shimul-01-block-3-trial-14-target-3,897.0,627.0,22.5,target_selected,target_selected
1789742696.4107552,905,634,shimul-01-block-3-trial-15-target-7,543.0,273.0,22.5,False,Pointer Move (Standard mouse)
1789742696.4177868,905,634,shimul-01-block-3-trial-15-target-7,543.0,273.0,22.5,False,Pointer Move (Standard mouse)
1789742696.424405,904,634,shimul-01-block-3-trial-15-target-7,543.0,273.0,22.5,False,Pointer Move (Standard mouse)
1789742696.432836,904,633,shimul-01-block-3-trial-15-target-7,543.0,273.0,22.5,False,Pointer Move (Standard mouse)
1789742696.440416,904,633,shimul-01-block-3-trial-15-target-7,543.0,273.0,22.5,False,Pointer Move (Standard mouse)
1789742696.4472792,904,633,shimul-01-block-3-trial-15-target-7,543.0,273.0,22.5,False,Pointer Move (Standard mouse)
1789742696.471045,904,632,shimul-01-block-3-trial-15-target-7,543.0,273.0,22.5,False,Pointer Move (Standard mouse)
1789742696.531418,904,632,shimul-01-block-3-trial-15-target-7,543.0,273.0,22.5,False,Pointer Move (Standard mouse)
1789742696.538103,903,632,shimul-01-block-3-trial-15-target-7,543.0,273.0,22.5,False,Pointer Move (Standard mouse)
1789742696.545372,902,631,shimul-01-block-3-trial-15-target-7,543.0,273.0,22.5,False,Pointer Move (Standard mouse)
1789742696.5525062,901,631,shimul-01-block-3-trial-15-target-7,543.0,273.0,22.5,False,Pointer Move (Standard mouse)
1789742696.561755,901,630,shimul-01-block-3-trial-15-target-7,543.0,273.0,22.5,False,Pointer Move (Standard mouse)
1789742696.5671082,897,628,shimul-01-block-3-trial-15-target-7,543.0,273.0,22.5,False,Pointer Move (Standard mouse)
1789742696.5743701,895,626,shimul-01-block-3-trial-15-target-7,543.0,273.0,22.5,False,Pointer Move (Standard mouse)
1789742696.5816672,893,625,shimul-01-block-3-trial-15-target-7,543.0,273.0,22.5,False,Pointer Move (Standard mouse)
1789742696.590301,889,621,shimul-01-block-3-trial-15-target-7,543.0,273.0,22.5,False,Pointer Move (Standard mouse)
1789742696.5969841,885,617,shimul-01-block-3-trial-15-target-7,543.0,273.0,22.5,False,Pointer Move (Standard mouse)
1789742696.6059258,884,617,shimul-01-block-3-trial-15-target-7,543.0,273.0,22.5,False,Pointer Move (Standard mouse)
1789742696.629301,879,614,shimul-01-block-3-trial-15-target-7,543.0,273.0,22.5,False,Pointer Move (Standard mouse)
1789742696.635046,874,611,shimul-01-block-3-trial-15-target-7,543.0,273.0,22.5,False,Pointer Move (Standard mouse)
1789742696.642592,856,597,shimul-01-block-3-trial-15-target-7,543.0,273.0,22.5,False,Pointer Move (Standard mouse)
1789742696.654102,845,589,shimul-01-block-3-trial-15-target-7,543.0,273.0,22.5,False,Pointer Move (Standard mouse)
1789742696.6567879,839,583,shimul-01-block-3-trial-15-target-7,543.0,273.0,22.5,False,Pointer Move (Standard mouse)
1789742696.664326,826,571,shimul-01-block-3-trial-15-target-7,543.0,273.0,22.5,False,Pointer Move (Standard mouse)
1789742696.671607,820,565,shimul-01-block-3-trial-15-target-7,543.0,273.0,22.5,False,Pointer Move (Standard mouse)
1789742696.67926,809,554,shimul-01-block-3-trial-15-target-7,543.0,273.0,22.5,False,Pointer Move (Standard mouse)
1789742696.686856,802,547,shimul-01-block-3-trial-15-target-7,543.0,273.0,22.5,False,Pointer Move (Standard mouse)
1789742696.6944351,789,534,shimul-01-block-3-trial-15-target-7,543.0,273.0,22.5,False,Pointer Move (Standard mouse)
1789742696.701918,778,522,shimul-01-block-3-trial-15-target-7,543.0,273.0,22.5,False,Pointer Move (Standard mouse)
1789742696.709208,769,513,shimul-01-block-3-trial-15-target-7,543.0,273.0,22.5,False,Pointer Move (Standard mouse)
1789742696.716567,761,505,shimul-01-block-3-trial-15-target-7,543.0,273.0,22.5,False,Pointer Move (Standard mouse)
1789742696.7234602,743,487,shimul-01-block-3-trial-15-target-7,543.0,273.0,22.5,False,Pointer Move (Standard mouse)
1789742696.731303,730,474,shimul-01-block-3-trial-15-target-7,543.0,273.0,22.5,False,Pointer Move (Standard mouse)
1789742696.73935,715,459,shimul-01-block-3-trial-15-target-7,543.0,273.0,22.5,False,Pointer Move (Standard mouse)
1789742696.746523,703,448,shimul-01-block-3-trial-15-target-7,543.0,273.0,22.5,False,Pointer Move (Standard mouse)
1789742696.75403,692,438,shimul-01-block-3-trial-15-target-7,543.0,273.0,22.5,False,Pointer Move (Standard mouse)
1789742696.761272,689,434,shimul-01-block-3-trial-15-target-7,543.0,273.0,22.5,False,Pointer Move (Standard mouse)
1789742696.7689679,680,425,shimul-01-block-3-trial-15-target-7,543.0,273.0,22.5,False,Pointer Move (Standard mouse)
1789742696.776403,674,417,shimul-01-block-3-trial-15-target-7,543.0,273.0,22.5,False,Pointer Move (Standard mouse)
1789742696.7840362,673,416,shimul-01-block-3-trial-15-target-7,543.0,273.0,22.5,False,Pointer Move (Standard mouse)
1789742696.7920709,670,412,shimul-01-block-3-trial-15-target-7,543.0,273.0,22.5,False,Pointer Move (Standard mouse)
1789742696.7993019,667,408,shimul-01-block-3-trial-15-target-7,543.0,273.0,22.5,False,Pointer Move (Standard mouse)
1789742696.806713,663,405,shimul-01-block-3-trial-15-target-7,543.0,273.0,22.5,False,Pointer Move (Standard mouse)
1789742696.814626,661,402,shimul-01-block-3-trial-15-target-7,543.0,273.0,22.5,False,Pointer Move (Standard mouse)
1789742696.8225338,661,402,shimul-01-block-3-trial-15-target-7,543.0,273.0,22.5,False,Pointer Move (Standard mouse)
1789742696.82975,659,398,shimul-01-block-3-trial-15-target-7,543.0,273.0,22.5,False,Pointer Move (Standard mouse)
1789742696.8370612,656,396,shimul-01-block-3-trial-15-target-7,543.0,273.0,22.5,False,Pointer Move (Standard mouse)
1789742696.844244,654,393,shimul-01-block-3-trial-15-target-7,543.0,273.0,22.5,False,Pointer Move (Standard mouse)
1789742696.851743,651,392,shimul-01-block-3-trial-15-target-7,543.0,273.0,22.5,False,Pointer Move (Standard mouse)
1789742696.8594,649,391,shimul-01-block-3-trial-15-target-7,543.0,273.0,22.5,False,Pointer Move (Standard mouse)
1789742696.866412,649,391,shimul-01-block-3-trial-15-target-7,543.0,273.0,22.5,False,Pointer Move (Standard mouse)
1789742696.874123,645,389,shimul-01-block-3-trial-15-target-7,543.0,273.0,22.5,False,Pointer Move (Standard mouse)
1789742696.8820438,640,387,shimul-01-block-3-trial-15-target-7,543.0,273.0,22.5,False,Pointer Move (Standard mouse)
1789742696.889504,635,385,shimul-01-block-3-trial-15-target-7,543.0,273.0,22.5,False,Pointer Move (Standard mouse)
1789742696.89698,634,385,shimul-01-block-3-trial-15-target-7,543.0,273.0,22.5,False,Pointer Move (Standard mouse)
1789742696.9042099,622,381,shimul-01-block-3-trial-15-target-7,543.0,273.0,22.5,False,Pointer Move (Standard mouse)
1789742696.9116411,611,377,shimul-01-block-3-trial-15-target-7,543.0,273.0,22.5,False,Pointer Move (Standard mouse)
1789742696.918921,604,376,shimul-01-block-3-trial-15-target-7,543.0,273.0,22.5,False,Pointer Move (Standard mouse)
1789742696.9269068,594,372,shimul-01-block-3-trial-15-target-7,543.0,273.0,22.5,False,Pointer Move (Standard mouse)
1789742696.934943,582,368,shimul-01-block-3-trial-15-target-7,543.0,273.0,22.5,False,Pointer Move (Standard mouse)
1789742696.9423602,573,363,shimul-01-block-3-trial-15-target-7,543.0,273.0,22.5,False,Pointer Move (Standard mouse)
1789742696.949034,568,360,shimul-01-block-3-trial-15-target-7,543.0,273.0,22.5,False,Pointer Move (Standard mouse)
1789742696.956505,564,356,shimul-01-block-3-trial-15-target-7,543.0,273.0,22.5,False,Pointer Move (Standard mouse)
1789742696.963945,556,350,shimul-01-block-3-trial-15-target-7,543.0,273.0,22.5,False,Pointer Move (Standard mouse)
1789742696.9712372,545,340,shimul-01-block-3-trial-15-target-7,543.0,273.0,22.5,False,Pointer Move (Standard mouse)
1789742696.978762,543,337,shimul-01-block-3-trial-15-target-7,543.0,273.0,22.5,False,Pointer Move (Standard mouse)
1789742696.985993,540,333,shimul-01-block-3-trial-15-target-7,543.0,273.0,22.5,False,Pointer Move (Standard mouse)
1789742696.9935591,534,329,shimul-01-block-3-trial-15-target-7,543.0,273.0,22.5,False,Pointer Move (Standard mouse)
1789742697.001612,532,326,shimul-01-block-3-trial-15-target-7,543.0,273.0,22.5,False,Pointer Move (Standard mouse)
1789742697.0092301,528,320,shimul-01-block-3-trial-15-target-7,543.0,273.0,22.5,False,Pointer Move (Standard mouse)
1789742697.016625,527,315,shimul-01-block-3-trial-15-target-7,543.0,273.0,22.5,False,Pointer Move (Standard mouse)
1789742697.0247831,526,314,shimul-01-block-3-trial-15-target-7,543.0,273.0,22.5,False,Pointer Move (Standard mouse)
1789742697.032167,526,307,shimul-01-block-3-trial-15-target-7,543.0,273.0,22.5,False,Pointer Move (Standard mouse)
1789742697.039843,526,306,shimul-01-block-3-trial-15-target-7,543.0,273.0,22.5,False,Pointer Move (Standard mouse)
1789742697.047474,526,304,shimul-01-block-3-trial-15-target-7,543.0,273.0,22.5,False,Pointer Move (Standard mouse)
1789742697.054183,526,301,shimul-01-block-3-trial-15-target-7,543.0,273.0,22.5,False,Pointer Move (Standard mouse)
1789742697.061592,526,299,shimul-01-block-3-trial-15-target-7,543.0,273.0,22.5,False,Pointer Move (Standard mouse)
1789742697.0693812,526,298,shimul-01-block-3-trial-15-target-7,543.0,273.0,22.5,False,Pointer Move (Standard mouse)
1789742697.0772989,526,296,shimul-01-block-3-trial-15-target-7,543.0,273.0,22.5,False,Pointer Move (Standard mouse)
1789742697.084357,526,295,shimul-01-block-3-trial-15-target-7,543.0,273.0,22.5,False,Pointer Move (Standard mouse)
1789742697.091894,526,295,shimul-01-block-3-trial-15-target-7,543.0,273.0,22.5,False,Pointer Move (Standard mouse)
1789742697.099524,526,293,shimul-01-block-3-trial-15-target-7,543.0,273.0,22.5,False,Pointer Move (Standard mouse)
1789742697.106684,526,293,shimul-01-block-3-trial-15-target-7,543.0,273.0,22.5,False,Pointer Move (Standard mouse)
1789742697.114857,526,291,shimul-01-block-3-trial-15-target-7,543.0,273.0,22.5,False,Pointer Move (Standard mouse)
1789742697.122114,526,290,shimul-01-block-3-trial-15-target-7,543.0,273.0,22.5,False,Pointer Move (Standard mouse)
1789742697.1298282,526,290,shimul-01-block-3-trial-15-target-7,543.0,273.0,22.5,False,Pointer Move (Standard mouse)
1789742697.15277,526,289,shimul-01-block-3-trial-15-target-7,543.0,273.0,22.5,False,Pointer Move (Standard mouse)
1789742697.159273,526,289,shimul-01-block-3-trial-15-target-7,543.0,273.0,22.5,False,Pointer Move (Standard mouse)
1789742697.16649,526,288,shimul-01-block-3-trial-15-target-7,543.0,273.0,22.5,False,Pointer Move (Standard mouse)
1789742697.174054,526,288,shimul-01-block-3-trial-15-target-7,543.0,273.0,22.5,False,Pointer Move (Standard mouse)
1789742697.1817338,526,288,shimul-01-block-3-trial-15-target-7,543.0,273.0,22.5,False,Pointer Move (Standard mouse)
1789742697.1984158,526,287,shimul-01-block-3-trial-15-target-7,543.0,273.0,22.5,False,Pointer Move (Standard mouse)
1789742697.205128,526,287,shimul-01-block-3-trial-15-target-7,543.0,273.0,22.5,False,Pointer Move (Standard mouse)
1789742697.211812,527,287,shimul-01-block-3-trial-15-target-7,543.0,273.0,22.5,False,Pointer Move (Standard mouse)
1789742697.242282,527,287,shimul-01-block-3-trial-15-target-7,543.0,273.0,22.5,False,Pointer Move (Standard mouse)
1789742697.249151,527,286,shimul-01-block-3-trial-15-target-7,543.0,273.0,22.5,False,Pointer Move (Standard mouse)
1789742697.275981,528,286,shimul-01-block-3-trial-15-target-7,543.0,273.0,22.5,False,Pointer Move (Standard mouse)
1789742697.279125,528,286,shimul-01-block-3-trial-15-target-7,543.0,273.0,22.5,False,Pointer Move (Standard mouse)
1789742697.294795,528,286,shimul-01-block-3-trial-15-target-7,543.0,273.0,22.5,False,Pointer Move (Standard mouse)
1789742697.325532,528,285,shimul-01-block-3-trial-15-target-7,543.0,273.0,22.5,False,Pointer Move (Standard mouse)
1789742697.3335521,529,285,shimul-01-block-3-trial-15-target-7,543.0,273.0,22.5,False,Pointer Move (Standard mouse)
1789742697.340645,529,285,shimul-01-block-3-trial-15-target-7,543.0,273.0,22.5,False,Pointer Move (Standard mouse)
1789742697.355446,529,285,shimul-01-block-3-trial-15-target-7,543.0,273.0,22.5,False,Pointer Move (Standard mouse)
1789742697.3708951,529,285,shimul-01-block-3-trial-15-target-7,543.0,273.0,22.5,False,Pointer Move (Standard mouse)
1789742697.39459,529,285,shimul-01-block-3-trial-15-target-7,543.0,273.0,22.5,target_selected,target_selected
1789742697.514229,529,285,shimul-01-block-3-trial-16-target-3,897.0,627.0,22.5,False,Pointer Move (Standard mouse)
1789742697.520349,529,286,shimul-01-block-3-trial-16-target-3,897.0,627.0,22.5,False,Pointer Move (Standard mouse)
1789742697.5275662,529,286,shimul-01-block-3-trial-16-target-3,897.0,627.0,22.5,False,Pointer Move (Standard mouse)
1789742697.535347,529,286,shimul-01-block-3-trial-16-target-3,897.0,627.0,22.5,False,Pointer Move (Standard mouse)
1789742697.541452,529,287,shimul-01-block-3-trial-16-target-3,897.0,627.0,22.5,False,Pointer Move (Standard mouse)
1789742697.549525,529,288,shimul-01-block-3-trial-16-target-3,897.0,627.0,22.5,False,Pointer Move (Standard mouse)
1789742697.55654,529,291,shimul-01-block-3-trial-16-target-3,897.0,627.0,22.5,False,Pointer Move (Standard mouse)
1789742697.564805,530,295,shimul-01-block-3-trial-16-target-3,897.0,627.0,22.5,False,Pointer Move (Standard mouse)
1789742697.571923,531,298,shimul-01-block-3-trial-16-target-3,897.0,627.0,22.5,False,Pointer Move (Standard mouse)
1789742697.5801861,534,305,shimul-01-block-3-trial-16-target-3,897.0,627.0,22.5,False,Pointer Move (Standard mouse)
1789742697.588476,542,321,shimul-01-block-3-trial-16-target-3,897.0,627.0,22.5,False,Pointer Move (Standard mouse)
1789742697.593937,545,331,shimul-01-block-3-trial-16-target-3,897.0,627.0,22.5,False,Pointer Move (Standard mouse)
1789742697.601704,554,349,shimul-01-block-3-trial-16-target-3,897.0,627.0,22.5,False,Pointer Move (Standard mouse)
1789742697.610316,563,366,shimul-01-block-3-trial-16-target-3,897.0,627.0,22.5,False,Pointer Move (Standard mouse)
1789742697.616678,574,385,shimul-01-block-3-trial-16-target-3,897.0,627.0,22.5,False,Pointer Move (Standard mouse)
1789742697.624927,596,417,shimul-01-block-3-trial-16-target-3,897.0,627.0,22.5,False,Pointer Move (Standard mouse)
1789742697.632235,608,437,shimul-01-block-3-trial-16-target-3,897.0,627.0,22.5,False,Pointer Move (Standard mouse)
1789742697.639167,627,460,shimul-01-block-3-trial-16-target-3,897.0,627.0,22.5,False,Pointer Move (Standard mouse)
1789742697.646834,649,484,shimul-01-block-3-trial-16-target-3,897.0,627.0,22.5,False,Pointer Move (Standard mouse)
1789742697.6542459,669,506,shimul-01-block-3-trial-16-target-3,897.0,627.0,22.5,False,Pointer Move (Standard mouse)
1789742697.6775942,684,519,shimul-01-block-3-trial-16-target-3,897.0,627.0,22.5,False,Pointer Move (Standard mouse)
1789742697.684364,705,541,shimul-01-block-3-trial-16-target-3,897.0,627.0,22.5,False,Pointer Move (Standard mouse)
1789742697.691478,753,584,shimul-01-block-3-trial-16-target-3,897.0,627.0,22.5,False,Pointer Move (Standard mouse)
1789742697.699175,771,601,shimul-01-block-3-trial-16-target-3,897.0,627.0,22.5,False,Pointer Move (Standard mouse)
1789742697.706322,782,612,shimul-01-block-3-trial-16-target-3,897.0,627.0,22.5,False,Pointer Move (Standard mouse)
1789742697.714396,799,630,shimul-01-block-3-trial-16-target-3,897.0,627.0,22.5,False,Pointer Move (Standard mouse)
1789742697.7222002,803,634,shimul-01-block-3-trial-16-target-3,897.0,627.0,22.5,False,Pointer Move (Standard mouse)
1789742697.730643,817,651,shimul-01-block-3-trial-16-target-3,897.0,627.0,22.5,False,Pointer Move (Standard mouse)
1789742697.737597,823,657,shimul-01-block-3-trial-16-target-3,897.0,627.0,22.5,False,Pointer Move (Standard mouse)
1789742697.74446,832,668,shimul-01-block-3-trial-16-target-3,897.0,627.0,22.5,False,Pointer Move (Standard mouse)
1789742697.752214,833,670,shimul-01-block-3-trial-16-target-3,897.0,627.0,22.5,False,Pointer Move (Standard mouse)
1789742697.759994,840,677,shimul-01-block-3-trial-16-target-3,897.0,627.0,22.5,False,Pointer Move (Standard mouse)
1789742697.7662332,846,684,shimul-01-block-3-trial-16-target-3,897.0,627.0,22.5,False,Pointer Move (Standard mouse)
1789742697.774188,849,688,shimul-01-block-3-trial-16-target-3,897.0,627.0,22.5,False,Pointer Move (Standard mouse)
1789742697.78225,853,692,shimul-01-block-3-trial-16-target-3,897.0,627.0,22.5,False,Pointer Move (Standard mouse)
1789742697.789907,859,697,shimul-01-block-3-trial-16-target-3,897.0,627.0,22.5,False,Pointer Move (Standard mouse)
1789742697.7975712,859,697,shimul-01-block-3-trial-16-target-3,897.0,627.0,22.5,False,Pointer Move (Standard mouse)
1789742697.8049102,860,698,shimul-01-block-3-trial-16-target-3,897.0,627.0,22.5,False,Pointer Move (Standard mouse)
1789742697.81301,861,699,shimul-01-block-3-trial-16-target-3,897.0,627.0,22.5,False,Pointer Move (Standard mouse)
1789742697.8205152,862,699,shimul-01-block-3-trial-16-target-3,897.0,627.0,22.5,False,Pointer Move (Standard mouse)
1789742697.827612,863,700,shimul-01-block-3-trial-16-target-3,897.0,627.0,22.5,False,Pointer Move (Standard mouse)
1789742697.834934,864,700,shimul-01-block-3-trial-16-target-3,897.0,627.0,22.5,False,Pointer Move (Standard mouse)
1789742697.842651,864,701,shimul-01-block-3-trial-16-target-3,897.0,627.0,22.5,False,Pointer Move (Standard mouse)
1789742697.850465,865,701,shimul-01-block-3-trial-16-target-3,897.0,627.0,22.5,False,Pointer Move (Standard mouse)
1789742697.857541,866,701,shimul-01-block-3-trial-16-target-3,897.0,627.0,22.5,False,Pointer Move (Standard mouse)
1789742697.8650408,866,701,shimul-01-block-3-trial-16-target-3,897.0,627.0,22.5,False,Pointer Move (Standard mouse)
1789742697.8721962,867,702,shimul-01-block-3-trial-16-target-3,897.0,627.0,22.5,False,Pointer Move (Standard mouse)
1789742697.880095,867,702,shimul-01-block-3-trial-16-target-3,897.0,627.0,22.5,False,Pointer Move (Standard mouse)
1789742697.887893,869,703,shimul-01-block-3-trial-16-target-3,897.0,627.0,22.5,False,Pointer Move (Standard mouse)
1789742697.895773,870,703,shimul-01-block-3-trial-16-target-3,897.0,627.0,22.5,False,Pointer Move (Standard mouse)
1789742697.902119,870,703,shimul-01-block-3-trial-16-target-3,897.0,627.0,22.5,False,Pointer Move (Standard mouse)
1789742697.910333,872,703,shimul-01-block-3-trial-16-target-3,897.0,627.0,22.5,False,Pointer Move (Standard mouse)
1789742697.917661,873,703,shimul-01-block-3-trial-16-target-3,897.0,627.0,22.5,False,Pointer Move (Standard mouse)
1789742697.9250638,875,703,shimul-01-block-3-trial-16-target-3,897.0,627.0,22.5,False,Pointer Move (Standard mouse)
1789742697.9324899,877,703,shimul-01-block-3-trial-16-target-3,897.0,627.0,22.5,False,Pointer Move (Standard mouse)
1789742697.939855,878,703,shimul-01-block-3-trial-16-target-3,897.0,627.0,22.5,False,Pointer Move (Standard mouse)
1789742697.958792,878,702,shimul-01-block-3-trial-16-target-3,897.0,627.0,22.5,False,Pointer Move (Standard mouse)
1789742697.959185,879,702,shimul-01-block-3-trial-16-target-3,897.0,627.0,22.5,False,Pointer Move (Standard mouse)
1789742697.96157,879,701,shimul-01-block-3-trial-16-target-3,897.0,627.0,22.5,False,Pointer Move (Standard mouse)
1789742697.969548,880,700,shimul-01-block-3-trial-16-target-3,897.0,627.0,22.5,False,Pointer Move (Standard mouse)
1789742697.976327,884,691,shimul-01-block-3-trial-16-target-3,897.0,627.0,22.5,False,Pointer Move (Standard mouse)
1789742697.983744,884,691,shimul-01-block-3-trial-16-target-3,897.0,627.0,22.5,False,Pointer Move (Standard mouse)
1789742697.991914,885,682,shimul-01-block-3-trial-16-target-3,897.0,627.0,22.5,False,Pointer Move (Standard mouse)
1789742697.999416,889,666,shimul-01-block-3-trial-16-target-3,897.0,627.0,22.5,False,Pointer Move (Standard mouse)
1789742698.007489,891,656,shimul-01-block-3-trial-16-target-3,897.0,627.0,22.5,False,Pointer Move (Standard mouse)
1789742698.015674,893,649,shimul-01-block-3-trial-16-target-3,897.0,627.0,22.5,False,Pointer Move (Standard mouse)
1789742698.0238929,894,641,shimul-01-block-3-trial-16-target-3,897.0,627.0,22.5,False,Pointer Move (Standard mouse)
1789742698.0310788,895,634,shimul-01-block-3-trial-16-target-3,897.0,627.0,22.5,False,Pointer Move (Standard mouse)
1789742698.038406,896,629,shimul-01-block-3-trial-16-target-3,897.0,627.0,22.5,False,Pointer Move (Standard mouse)
1789742698.045581,896,628,shimul-01-block-3-trial-16-target-3,897.0,627.0,22.5,False,Pointer Move (Standard mouse)
1789742698.0530381,896,626,shimul-01-block-3-trial-16-target-3,897.0,627.0,22.5,False,Pointer Move (Standard mouse)
1789742698.06053,896,626,shimul-01-block-3-trial-16-target-3,897.0,627.0,22.5,False,Pointer Move (Standard mouse)
1789742698.0680351,896,625,shimul-01-block-3-trial-16-target-3,897.0,627.0,22.5,False,Pointer Move (Standard mouse)
1789742698.075178,896,625,shimul-01-block-3-trial-16-target-3,897.0,627.0,22.5,False,Pointer Move (Standard mouse)
1789742698.082933,896,625,shimul-01-block-3-trial-16-target-3,897.0,627.0,22.5,False,Pointer Move (Standard mouse)
1789742698.0898821,896,624,shimul-01-block-3-trial-16-target-3,897.0,627.0,22.5,False,Pointer Move (Standard mouse)
1789742698.098342,896,624,shimul-01-block-3-trial-16-target-3,897.0,627.0,22.5,False,Pointer Move (Standard mouse)
1789742698.104535,896,623,shimul-01-block-3-trial-16-target-3,897.0,627.0,22.5,False,Pointer Move (Standard mouse)
1789742698.113277,896,623,shimul-01-block-3-trial-16-target-3,897.0,627.0,22.5,False,Pointer Move (Standard mouse)
1789742698.1195478,896,622,shimul-01-block-3-trial-16-target-3,897.0,627.0,22.5,False,Pointer Move (Standard mouse)
1789742698.127466,896,622,shimul-01-block-3-trial-16-target-3,897.0,627.0,22.5,False,Pointer Move (Standard mouse)
1789742698.1349251,896,622,shimul-01-block-3-trial-16-target-3,897.0,627.0,22.5,False,Pointer Move (Standard mouse)
1789742698.142632,896,621,shimul-01-block-3-trial-16-target-3,897.0,627.0,22.5,False,Pointer Move (Standard mouse)
1789742698.157633,896,621,shimul-01-block-3-trial-16-target-3,897.0,627.0,22.5,False,Pointer Move (Standard mouse)
1789742698.2715971,896,621,shimul-01-block-3-trial-16-target-3,897.0,627.0,22.5,target_selected,target_selected
